[stage3] arm=cnn_vmim_/n1_jitter/seed_s2  nle=/gscratch/ddehiwalage-don/sbi_master/cnn_vmim_/n1_jitter/seed_s2/nle
[NLE] scope=standard_t family=nsf loaded from /gscratch/ddehiwalage-don/sbi_master/cnn_vmim_/n1_jitter/seed_s2/nle/standard_t/nsf
targets this task: 151 | family=standard_t_nsf | chains -> /gscratch/ddehiwalage-don/sbi_master/cnn_vmim_/n1_jitter/seed_s2/chains/standard_t_nsf
  step 0/1999 best -26.285
  step 50/1999 best 4.991
  step 100/1999 best 9.707
  step 150/1999 best 12.122
  step 200/1999 best 12.974
  step 250/1999 best 12.825
  step 300/1999 best 12.954
  step 350/1999 best 12.833
  step 400/1999 best 12.894
  step 450/1999 best 12.810
  step 500/1999 best 12.850
  step 550/1999 best 12.857
  step 600/1999 best 12.965
  step 650/1999 best 12.727
  step 700/1999 best 12.981
  step 750/1999 best 12.887
  step 800/1999 best 12.930
  step 850/1999 best 12.990
  step 900/1999 best 12.956
  step 950/1999 best 12.919
  step 1000/1999 best 12.909
  step 1050/1999 best 12.954
  step 1100/1999 best 12.918
  step 1150/1999 best 12.981
  step 1200/1999 best 13.012
  step 1250/1999 best 12.989
  step 1300/1999 best 12.839
  step 1350/1999 best 12.957
  step 1400/1999 best 13.007
  step 1450/1999 best 12.945
  step 1500/1999 best 12.994
  step 1550/1999 best 12.987
  step 1600/1999 best 13.019
  step 1650/1999 best 12.878
  step 1700/1999 best 12.970
  step 1750/1999 best 12.863
  step 1800/1999 best 12.916
  step 1850/1999 best 12.988
  step 1900/1999 best 12.968
  step 1950/1999 best 13.040
saved SBC_CHAINS_cnn_vmim__n1_jitter_seed_s2_sim2432_row2031451_noise4935_5114_5293 (240000, 4) acc=0.339
  step 0/1999 best -22.597
  step 50/1999 best 10.013
  step 100/1999 best 11.261
  step 150/1999 best 13.177
  step 200/1999 best 13.722
  step 250/1999 best 14.118
  step 300/1999 best 13.731
  step 350/1999 best 14.382
  step 400/1999 best 14.157
  step 450/1999 best 14.294
  step 500/1999 best 14.233
  step 550/1999 best 14.257
  step 600/1999 best 14.291
  step 650/1999 best 14.353
  step 700/1999 best 14.232
  step 750/1999 best 14.229
  step 800/1999 best 14.303
  step 850/1999 best 14.224
  step 900/1999 best 14.386
  step 950/1999 best 14.338
  step 1000/1999 best 14.255
  step 1050/1999 best 14.362
  step 1100/1999 best 14.219
  step 1150/1999 best 14.243
  step 1200/1999 best 14.282
  step 1250/1999 best 14.234
  step 1300/1999 best 14.230
  step 1350/1999 best 14.139
  step 1400/1999 best 14.353
  step 1450/1999 best 14.149
  step 1500/1999 best 14.305
  step 1550/1999 best 14.325
  step 1600/1999 best 14.300
  step 1650/1999 best 14.330
  step 1700/1999 best 14.298
  step 1750/1999 best 14.383
  step 1800/1999 best 14.331
  step 1850/1999 best 14.294
  step 1900/1999 best 14.126
  step 1950/1999 best 14.364
saved SBC_CHAINS_cnn_vmim__n1_jitter_seed_s2_sim2914_row2509790_noise5702_5881_6060 (240000, 4) acc=0.254
  step 0/1999 best -24.744
  step 50/1999 best -7.957
  step 100/1999 best 3.944
  step 150/1999 best 8.967
  step 200/1999 best 8.343
  step 250/1999 best 9.619
  step 300/1999 best 9.861
  step 350/1999 best 9.715
  step 400/1999 best 10.450
  step 450/1999 best 10.554
  step 500/1999 best 10.637
  step 550/1999 best 10.640
  step 600/1999 best 10.506
  step 650/1999 best 10.686
  step 700/1999 best 10.588
  step 750/1999 best 10.567
  step 800/1999 best 10.837
  step 850/1999 best 10.919
  step 900/1999 best 10.601
  step 950/1999 best 10.833
  step 1000/1999 best 10.818
  step 1050/1999 best 10.562
  step 1100/1999 best 10.609
  step 1150/1999 best 10.818
  step 1200/1999 best 10.800
  step 1250/1999 best 10.579
  step 1300/1999 best 10.902
  step 1350/1999 best 10.853
  step 1400/1999 best 10.578
  step 1450/1999 best 10.735
  step 1500/1999 best 10.807
  step 1550/1999 best 10.801
  step 1600/1999 best 10.695
  step 1650/1999 best 10.694
  step 1700/1999 best 10.921
  step 1750/1999 best 10.806
  step 1800/1999 best 10.862
  step 1850/1999 best 10.837
  step 1900/1999 best 10.678
  step 1950/1999 best 10.822
saved SBC_CHAINS_cnn_vmim__n1_jitter_seed_s2_sim2402_row2001217_noise4185_4364_4543 (240000, 4) acc=0.162
  step 0/1999 best -13.917
  step 50/1999 best 3.310
  step 100/1999 best 12.322
  step 150/1999 best 13.191
  step 200/1999 best 12.978
  step 250/1999 best 13.209
  step 300/1999 best 13.297
  step 350/1999 best 12.959
  step 400/1999 best 13.258
  step 450/1999 best 13.329
  step 500/1999 best 13.392
  step 550/1999 best 13.290
  step 600/1999 best 13.267
  step 650/1999 best 13.335
  step 700/1999 best 13.324
  step 750/1999 best 13.264
  step 800/1999 best 13.375
  step 850/1999 best 13.262
  step 900/1999 best 13.399
  step 950/1999 best 13.345
  step 1000/1999 best 13.410
  step 1050/1999 best 13.330
  step 1100/1999 best 13.358
  step 1150/1999 best 13.204
  step 1200/1999 best 13.192
  step 1250/1999 best 13.350
  step 1300/1999 best 13.388
  step 1350/1999 best 13.376
  step 1400/1999 best 13.351
  step 1450/1999 best 13.402
  step 1500/1999 best 13.386
  step 1550/1999 best 13.289
  step 1600/1999 best 13.246
  step 1650/1999 best 13.230
  step 1700/1999 best 13.392
  step 1750/1999 best 13.232
  step 1800/1999 best 13.244
  step 1850/1999 best 13.398
  step 1900/1999 best 13.302
  step 1950/1999 best 13.251
saved SBC_CHAINS_cnn_vmim__n1_jitter_seed_s2_sim2989_row2584459_noise1747_1926_2105 (240000, 4) acc=0.331
  step 0/1999 best -14.817
  step 50/1999 best -1.298
  step 100/1999 best 3.125
  step 150/1999 best 8.478
  step 200/1999 best 10.693
  step 250/1999 best 11.009
  step 300/1999 best 11.162
  step 350/1999 best 11.042
  step 400/1999 best 10.829
  step 450/1999 best 11.224
  step 500/1999 best 11.194
  step 550/1999 best 10.943
  step 600/1999 best 11.016
  step 650/1999 best 11.118
  step 700/1999 best 11.061
  step 750/1999 best 11.115
  step 800/1999 best 11.215
  step 850/1999 best 11.143
  step 900/1999 best 10.972
  step 950/1999 best 11.185
  step 1000/1999 best 11.146
  step 1050/1999 best 11.163
  step 1100/1999 best 11.060
  step 1150/1999 best 11.109
  step 1200/1999 best 10.875
  step 1250/1999 best 11.226
  step 1300/1999 best 10.919
  step 1350/1999 best 11.287
  step 1400/1999 best 11.179
  step 1450/1999 best 11.083
  step 1500/1999 best 10.993
  step 1550/1999 best 11.231
  step 1600/1999 best 11.225
  step 1650/1999 best 10.958
  step 1700/1999 best 11.251
  step 1750/1999 best 11.079
  step 1800/1999 best 11.082
  step 1850/1999 best 11.277
  step 1900/1999 best 11.131
  step 1950/1999 best 11.152
saved SBC_CHAINS_cnn_vmim__n1_jitter_seed_s2_sim2605_row2204417_noise997_1176_1355 (240000, 4) acc=0.205
  step 0/1999 best -18.339
  step 50/1999 best -0.963
  step 100/1999 best 4.620
  step 150/1999 best 15.764
  step 200/1999 best 16.867
  step 250/1999 best 16.917
  step 300/1999 best 17.564
  step 350/1999 best 17.321
  step 400/1999 best 17.208
  step 450/1999 best 16.934
  step 500/1999 best 17.254
  step 550/1999 best 17.337
  step 600/1999 best 17.175
  step 650/1999 best 17.377
  step 700/1999 best 17.355
  step 750/1999 best 17.403
  step 800/1999 best 17.340
  step 850/1999 best 17.375
  step 900/1999 best 17.356
  step 950/1999 best 17.183
  step 1000/1999 best 17.530
  step 1050/1999 best 17.258
  step 1100/1999 best 17.477
  step 1150/1999 best 17.291
  step 1200/1999 best 17.593
  step 1250/1999 best 17.453
  step 1300/1999 best 17.383
  step 1350/1999 best 17.314
  step 1400/1999 best 17.434
  step 1450/1999 best 17.412
  step 1500/1999 best 17.437
  step 1550/1999 best 17.444
  step 1600/1999 best 17.502
  step 1650/1999 best 17.428
  step 1700/1999 best 17.483
  step 1750/1999 best 17.533
  step 1800/1999 best 17.334
  step 1850/1999 best 17.422
  step 1900/1999 best 17.441
  step 1950/1999 best 17.179
saved SBC_CHAINS_cnn_vmim__n1_jitter_seed_s2_sim1372_row1180712_noise6620_6799_6978 (240000, 4) acc=0.139
  step 0/1999 best -16.016
  step 50/1999 best 0.758
  step 100/1999 best 3.137
  step 150/1999 best 6.115
  step 200/1999 best 14.653
  step 250/1999 best 14.663
  step 300/1999 best 15.173
  step 350/1999 best 15.098
  step 400/1999 best 15.693
  step 450/1999 best 15.808
  step 500/1999 best 15.693
  step 550/1999 best 15.700
  step 600/1999 best 15.747
  step 650/1999 best 15.679
  step 700/1999 best 15.865
  step 750/1999 best 15.816
  step 800/1999 best 15.907
  step 850/1999 best 15.755
  step 900/1999 best 15.839
  step 950/1999 best 15.929
  step 1000/1999 best 15.820
  step 1050/1999 best 15.737
  step 1100/1999 best 15.892
  step 1150/1999 best 15.789
  step 1200/1999 best 15.810
  step 1250/1999 best 15.928
  step 1300/1999 best 15.883
  step 1350/1999 best 15.690
  step 1400/1999 best 15.699
  step 1450/1999 best 15.885
  step 1500/1999 best 15.853
  step 1550/1999 best 15.897
  step 1600/1999 best 15.886
  step 1650/1999 best 15.676
  step 1700/1999 best 15.913
  step 1750/1999 best 15.827
  step 1800/1999 best 15.720
  step 1850/1999 best 15.827
  step 1900/1999 best 15.745
  step 1950/1999 best 15.884
saved SBC_CHAINS_cnn_vmim__n1_jitter_seed_s2_sim1447_row1229505_noise2789_2968_3147 (240000, 4) acc=0.224
  step 0/1999 best -18.726
  step 50/1999 best 5.906
  step 100/1999 best 11.308
  step 150/1999 best 11.653
  step 200/1999 best 13.238
  step 250/1999 best 15.250
  step 300/1999 best 15.201
  step 350/1999 best 15.367
  step 400/1999 best 15.309
  step 450/1999 best 15.498
  step 500/1999 best 15.394
  step 550/1999 best 15.423
  step 600/1999 best 15.434
  step 650/1999 best 15.405
  step 700/1999 best 15.428
  step 750/1999 best 15.425
  step 800/1999 best 15.397
  step 850/1999 best 15.405
  step 900/1999 best 15.384
  step 950/1999 best 15.522
  step 1000/1999 best 15.428
  step 1050/1999 best 15.286
  step 1100/1999 best 15.493
  step 1150/1999 best 15.481
  step 1200/1999 best 15.516
  step 1250/1999 best 15.278
  step 1300/1999 best 15.495
  step 1350/1999 best 15.487
  step 1400/1999 best 15.456
  step 1450/1999 best 15.509
  step 1500/1999 best 15.431
  step 1550/1999 best 15.421
  step 1600/1999 best 15.433
  step 1650/1999 best 15.507
  step 1700/1999 best 15.395
  step 1750/1999 best 15.504
  step 1800/1999 best 15.527
  step 1850/1999 best 15.490
  step 1900/1999 best 15.388
  step 1950/1999 best 15.514
saved SBC_CHAINS_cnn_vmim__n1_jitter_seed_s2_sim355_row341343_noise1535_1714_1893 (240000, 4) acc=0.301
  step 0/1999 best -20.309
  step 50/1999 best 14.743
  step 100/1999 best 14.809
  step 150/1999 best 15.186
  step 200/1999 best 15.610
  step 250/1999 best 15.802
  step 300/1999 best 15.835
  step 350/1999 best 15.664
  step 400/1999 best 15.846
  step 450/1999 best 15.743
  step 500/1999 best 15.722
  step 550/1999 best 15.774
  step 600/1999 best 15.778
  step 650/1999 best 15.761
  step 700/1999 best 15.684
  step 750/1999 best 15.656
  step 800/1999 best 15.706
  step 850/1999 best 15.759
  step 900/1999 best 15.706
  step 950/1999 best 15.782
  step 1000/1999 best 15.729
  step 1050/1999 best 15.814
  step 1100/1999 best 15.702
  step 1150/1999 best 15.736
  step 1200/1999 best 15.756
  step 1250/1999 best 15.748
  step 1300/1999 best 15.797
  step 1350/1999 best 15.555
  step 1400/1999 best 15.511
  step 1450/1999 best 15.809
  step 1500/1999 best 15.717
  step 1550/1999 best 15.706
  step 1600/1999 best 15.802
  step 1650/1999 best 15.706
  step 1700/1999 best 15.666
  step 1750/1999 best 15.624
  step 1800/1999 best 15.725
  step 1850/1999 best 15.826
  step 1900/1999 best 15.769
  step 1950/1999 best 15.735
saved SBC_CHAINS_cnn_vmim__n1_jitter_seed_s2_sim716_row665465_noise8849_9028_9207 (240000, 4) acc=0.306
  step 0/1999 best -24.069
  step 50/1999 best -0.756
  step 100/1999 best 8.537
  step 150/1999 best 14.649
  step 200/1999 best 13.331
  step 250/1999 best 14.871
  step 300/1999 best 14.399
  step 350/1999 best 15.055
  step 400/1999 best 14.941
  step 450/1999 best 15.151
  step 500/1999 best 15.296
  step 550/1999 best 15.381
  step 600/1999 best 15.211
  step 650/1999 best 15.227
  step 700/1999 best 15.180
  step 750/1999 best 15.168
  step 800/1999 best 15.132
  step 850/1999 best 15.147
  step 900/1999 best 15.304
  step 950/1999 best 15.302
  step 1000/1999 best 15.363
  step 1050/1999 best 15.326
  step 1100/1999 best 15.355
  step 1150/1999 best 15.318
  step 1200/1999 best 15.300
  step 1250/1999 best 15.416
  step 1300/1999 best 15.365
  step 1350/1999 best 15.250
  step 1400/1999 best 15.341
  step 1450/1999 best 15.256
  step 1500/1999 best 15.330
  step 1550/1999 best 15.318
  step 1600/1999 best 15.339
  step 1650/1999 best 15.191
  step 1700/1999 best 15.303
  step 1750/1999 best 15.306
  step 1800/1999 best 15.178
  step 1850/1999 best 15.402
  step 1900/1999 best 15.424
  step 1950/1999 best 15.324
saved SBC_CHAINS_cnn_vmim__n1_jitter_seed_s2_sim1460_row1242191_noise5647_5826_6005 (240000, 4) acc=0.159
  step 0/1999 best -21.498
  step 50/1999 best 0.667
  step 100/1999 best 13.014
  step 150/1999 best 15.411
  step 200/1999 best 15.510
  step 250/1999 best 15.530
  step 300/1999 best 15.659
  step 350/1999 best 15.842
  step 400/1999 best 15.824
  step 450/1999 best 15.921
  step 500/1999 best 15.900
  step 550/1999 best 15.895
  step 600/1999 best 15.820
  step 650/1999 best 15.918
  step 700/1999 best 15.928
  step 750/1999 best 15.876
  step 800/1999 best 15.920
  step 850/1999 best 15.929
  step 900/1999 best 15.858
  step 950/1999 best 15.895
  step 1000/1999 best 15.898
  step 1050/1999 best 15.779
  step 1100/1999 best 15.758
  step 1150/1999 best 15.850
  step 1200/1999 best 15.741
  step 1250/1999 best 15.804
  step 1300/1999 best 15.880
  step 1350/1999 best 15.817
  step 1400/1999 best 15.902
  step 1450/1999 best 15.959
  step 1500/1999 best 15.877
  step 1550/1999 best 15.832
  step 1600/1999 best 15.684
  step 1650/1999 best 15.838
  step 1700/1999 best 15.800
  step 1750/1999 best 15.914
  step 1800/1999 best 15.901
  step 1850/1999 best 15.695
  step 1900/1999 best 15.856
  step 1950/1999 best 15.856
saved SBC_CHAINS_cnn_vmim__n1_jitter_seed_s2_sim333_row319930_noise9606_9785_136 (240000, 4) acc=0.276
  step 0/1999 best -11.361
  step 50/1999 best 5.517
  step 100/1999 best 11.711
  step 150/1999 best 12.761
  step 200/1999 best 13.813
  step 250/1999 best 13.757
  step 300/1999 best 13.983
  step 350/1999 best 13.895
  step 400/1999 best 13.799
  step 450/1999 best 13.779
  step 500/1999 best 14.016
  step 550/1999 best 13.776
  step 600/1999 best 14.037
  step 650/1999 best 14.060
  step 700/1999 best 13.934
  step 750/1999 best 13.918
  step 800/1999 best 13.870
  step 850/1999 best 13.871
  step 900/1999 best 14.037
  step 950/1999 best 13.955
  step 1000/1999 best 13.874
  step 1050/1999 best 13.676
  step 1100/1999 best 14.046
  step 1150/1999 best 13.968
  step 1200/1999 best 13.867
  step 1250/1999 best 13.876
  step 1300/1999 best 13.924
  step 1350/1999 best 13.913
  step 1400/1999 best 14.041
  step 1450/1999 best 13.662
  step 1500/1999 best 14.006
  step 1550/1999 best 13.859
  step 1600/1999 best 14.004
  step 1650/1999 best 13.730
  step 1700/1999 best 14.034
  step 1750/1999 best 14.048
  step 1800/1999 best 14.047
  step 1850/1999 best 13.883
  step 1900/1999 best 14.069
  step 1950/1999 best 13.980
saved SBC_CHAINS_cnn_vmim__n1_jitter_seed_s2_sim2366_row1965864_noise8144_8323_8502 (240000, 4) acc=0.283
  step 0/1999 best -20.994
  step 50/1999 best 12.340
  step 100/1999 best 12.866
  step 150/1999 best 16.119
  step 200/1999 best 16.678
  step 250/1999 best 16.749
  step 300/1999 best 16.697
  step 350/1999 best 16.775
  step 400/1999 best 16.794
  step 450/1999 best 16.690
  step 500/1999 best 16.780
  step 550/1999 best 16.534
  step 600/1999 best 16.706
  step 650/1999 best 16.706
  step 700/1999 best 16.791
  step 750/1999 best 16.839
  step 800/1999 best 16.799
  step 850/1999 best 16.682
  step 900/1999 best 16.836
  step 950/1999 best 16.710
  step 1000/1999 best 16.756
  step 1050/1999 best 16.839
  step 1100/1999 best 16.670
  step 1150/1999 best 16.772
  step 1200/1999 best 16.751
  step 1250/1999 best 16.764
  step 1300/1999 best 16.811
  step 1350/1999 best 16.708
  step 1400/1999 best 16.832
  step 1450/1999 best 16.783
  step 1500/1999 best 16.808
  step 1550/1999 best 16.847
  step 1600/1999 best 16.844
  step 1650/1999 best 16.748
  step 1700/1999 best 16.732
  step 1750/1999 best 16.736
  step 1800/1999 best 16.723
  step 1850/1999 best 16.852
  step 1900/1999 best 16.755
  step 1950/1999 best 16.747
saved SBC_CHAINS_cnn_vmim__n1_jitter_seed_s2_sim741_row690167_noise4067_4246_4425 (240000, 4) acc=0.319
  step 0/1999 best -12.480
  step 50/1999 best -5.053
  step 100/1999 best 4.202
  step 150/1999 best 11.080
  step 200/1999 best 12.258
  step 250/1999 best 12.131
  step 300/1999 best 12.212
  step 350/1999 best 12.174
  step 400/1999 best 12.229
  step 450/1999 best 11.974
  step 500/1999 best 12.275
  step 550/1999 best 12.102
  step 600/1999 best 12.233
  step 650/1999 best 12.173
  step 700/1999 best 12.110
  step 750/1999 best 12.243
  step 800/1999 best 12.227
  step 850/1999 best 12.138
  step 900/1999 best 12.295
  step 950/1999 best 12.103
  step 1000/1999 best 12.264
  step 1050/1999 best 12.248
  step 1100/1999 best 12.269
  step 1150/1999 best 12.171
  step 1200/1999 best 12.158
  step 1250/1999 best 12.243
  step 1300/1999 best 12.161
  step 1350/1999 best 12.140
  step 1400/1999 best 12.174
  step 1450/1999 best 12.244
  step 1500/1999 best 12.162
  step 1550/1999 best 12.242
  step 1600/1999 best 12.179
  step 1650/1999 best 12.084
  step 1700/1999 best 12.095
  step 1750/1999 best 12.174
  step 1800/1999 best 12.164
  step 1850/1999 best 12.243
  step 1900/1999 best 12.164
  step 1950/1999 best 12.244
saved SBC_CHAINS_cnn_vmim__n1_jitter_seed_s2_sim2510_row2109524_noise4384_4563_4742 (240000, 4) acc=0.298
  step 0/1999 best -22.437
  step 50/1999 best 1.958
  step 100/1999 best 5.088
  step 150/1999 best 12.105
  step 200/1999 best 13.446
  step 250/1999 best 13.385
  step 300/1999 best 13.682
  step 350/1999 best 13.469
  step 400/1999 best 13.688
  step 450/1999 best 13.789
  step 500/1999 best 13.750
  step 550/1999 best 13.740
  step 600/1999 best 13.650
  step 650/1999 best 13.577
  step 700/1999 best 13.463
  step 750/1999 best 13.632
  step 800/1999 best 13.761
  step 850/1999 best 13.765
  step 900/1999 best 13.647
  step 950/1999 best 13.736
  step 1000/1999 best 13.693
  step 1050/1999 best 13.560
  step 1100/1999 best 13.665
  step 1150/1999 best 13.750
  step 1200/1999 best 13.773
  step 1250/1999 best 13.691
  step 1300/1999 best 13.672
  step 1350/1999 best 13.673
  step 1400/1999 best 13.743
  step 1450/1999 best 13.791
  step 1500/1999 best 13.714
  step 1550/1999 best 13.729
  step 1600/1999 best 13.734
  step 1650/1999 best 13.678
  step 1700/1999 best 13.597
  step 1750/1999 best 13.622
  step 1800/1999 best 13.669
  step 1850/1999 best 13.649
  step 1900/1999 best 13.696
  step 1950/1999 best 13.731
saved SBC_CHAINS_cnn_vmim__n1_jitter_seed_s2_sim2439_row2038247_noise1903_2082_2261 (240000, 4) acc=0.286
  step 0/1999 best -21.883
  step 50/1999 best -6.831
  step 100/1999 best 4.582
  step 150/1999 best 4.582
  step 200/1999 best 4.582
  step 250/1999 best 6.306
  step 300/1999 best 13.126
  step 350/1999 best 13.824
  step 400/1999 best 13.507
  step 450/1999 best 13.632
  step 500/1999 best 13.890
  step 550/1999 best 13.738
  step 600/1999 best 14.261
  step 650/1999 best 14.250
  step 700/1999 best 14.229
  step 750/1999 best 14.140
  step 800/1999 best 14.117
  step 850/1999 best 14.095
  step 900/1999 best 14.126
  step 950/1999 best 14.054
  step 1000/1999 best 14.151
  step 1050/1999 best 14.150
  step 1100/1999 best 14.081
  step 1150/1999 best 14.115
  step 1200/1999 best 14.191
  step 1250/1999 best 14.135
  step 1300/1999 best 14.119
  step 1350/1999 best 14.179
  step 1400/1999 best 14.107
  step 1450/1999 best 14.245
  step 1500/1999 best 14.283
  step 1550/1999 best 14.181
  step 1600/1999 best 14.090
  step 1650/1999 best 14.224
  step 1700/1999 best 14.170
  step 1750/1999 best 14.193
  step 1800/1999 best 14.192
  step 1850/1999 best 14.083
  step 1900/1999 best 14.105
  step 1950/1999 best 14.180
saved SBC_CHAINS_cnn_vmim__n1_jitter_seed_s2_sim439_row417748_noise7316_7495_7674 (240000, 4) acc=0.230
  step 0/1999 best -13.033
  step 50/1999 best -1.862
  step 100/1999 best 9.345
  step 150/1999 best 10.429
  step 200/1999 best 9.842
  step 250/1999 best 7.758
  step 300/1999 best 10.154
  step 350/1999 best 11.741
  step 400/1999 best 10.938
  step 450/1999 best 9.741
  step 500/1999 best 11.808
  step 550/1999 best 11.975
  step 600/1999 best 11.993
  step 650/1999 best 12.037
  step 700/1999 best 12.054
  step 750/1999 best 11.860
  step 800/1999 best 12.008
  step 850/1999 best 11.864
  step 900/1999 best 11.918
  step 950/1999 best 11.983
  step 1000/1999 best 12.012
  step 1050/1999 best 11.749
  step 1100/1999 best 11.824
  step 1150/1999 best 11.842
  step 1200/1999 best 11.720
  step 1250/1999 best 12.012
  step 1300/1999 best 11.949
  step 1350/1999 best 12.052
  step 1400/1999 best 12.082
  step 1450/1999 best 11.914
  step 1500/1999 best 12.029
  step 1550/1999 best 11.965
  step 1600/1999 best 12.071
  step 1650/1999 best 11.969
  step 1700/1999 best 12.008
  step 1750/1999 best 11.919
  step 1800/1999 best 12.067
  step 1850/1999 best 11.939
  step 1900/1999 best 11.993
  step 1950/1999 best 12.117
saved SBC_CHAINS_cnn_vmim__n1_jitter_seed_s2_sim919_row868303_noise5299_5478_5657 (240000, 4) acc=0.154
  step 0/1999 best -15.959
  step 50/1999 best -2.710
  step 100/1999 best -3.516
  step 150/1999 best 3.301
  step 200/1999 best 7.029
  step 250/1999 best 8.875
  step 300/1999 best 10.641
  step 350/1999 best 9.428
  step 400/1999 best 12.511
  step 450/1999 best 13.679
  step 500/1999 best 13.292
  step 550/1999 best 13.571
  step 600/1999 best 13.711
  step 650/1999 best 13.813
  step 700/1999 best 13.776
  step 750/1999 best 13.865
  step 800/1999 best 13.966
  step 850/1999 best 13.753
  step 900/1999 best 13.665
  step 950/1999 best 13.680
  step 1000/1999 best 13.963
  step 1050/1999 best 13.913
  step 1100/1999 best 13.751
  step 1150/1999 best 13.961
  step 1200/1999 best 13.768
  step 1250/1999 best 13.748
  step 1300/1999 best 13.980
  step 1350/1999 best 13.910
  step 1400/1999 best 13.843
  step 1450/1999 best 13.967
  step 1500/1999 best 13.980
  step 1550/1999 best 13.847
  step 1600/1999 best 14.045
  step 1650/1999 best 13.999
  step 1700/1999 best 13.674
  step 1750/1999 best 13.922
  step 1800/1999 best 13.720
  step 1850/1999 best 13.931
  step 1900/1999 best 13.928
  step 1950/1999 best 13.961
saved SBC_CHAINS_cnn_vmim__n1_jitter_seed_s2_sim1000_row946749_noise8121_8300_8479 (240000, 4) acc=0.154
  step 0/1999 best -22.009
  step 50/1999 best -0.461
  step 100/1999 best 6.654
  step 150/1999 best 7.977
  step 200/1999 best 8.856
  step 250/1999 best 11.732
  step 300/1999 best 11.747
  step 350/1999 best 11.731
  step 400/1999 best 11.723
  step 450/1999 best 11.520
  step 500/1999 best 12.100
  step 550/1999 best 11.935
  step 600/1999 best 12.087
  step 650/1999 best 11.973
  step 700/1999 best 12.052
  step 750/1999 best 11.861
  step 800/1999 best 11.943
  step 850/1999 best 12.043
  step 900/1999 best 12.020
  step 950/1999 best 12.137
  step 1000/1999 best 12.102
  step 1050/1999 best 12.049
  step 1100/1999 best 12.071
  step 1150/1999 best 11.913
  step 1200/1999 best 11.992
  step 1250/1999 best 12.058
  step 1300/1999 best 12.015
  step 1350/1999 best 12.106
  step 1400/1999 best 12.067
  step 1450/1999 best 12.035
  step 1500/1999 best 12.128
  step 1550/1999 best 12.078
  step 1600/1999 best 12.043
  step 1650/1999 best 11.948
  step 1700/1999 best 12.089
  step 1750/1999 best 12.061
  step 1800/1999 best 12.014
  step 1850/1999 best 12.096
  step 1900/1999 best 12.099
  step 1950/1999 best 12.083
saved SBC_CHAINS_cnn_vmim__n1_jitter_seed_s2_sim2545_row2144004_noise9380_9559_9738 (240000, 4) acc=0.201
  step 0/1999 best -16.217
  step 50/1999 best -5.817
  step 100/1999 best 9.041
  step 150/1999 best 12.731
  step 200/1999 best 11.607
  step 250/1999 best 13.280
  step 300/1999 best 13.151
  step 350/1999 best 13.532
  step 400/1999 best 13.608
  step 450/1999 best 13.497
  step 500/1999 best 13.286
  step 550/1999 best 12.907
  step 600/1999 best 13.958
  step 650/1999 best 13.739
  step 700/1999 best 13.892
  step 750/1999 best 13.734
  step 800/1999 best 13.724
  step 850/1999 best 13.480
  step 900/1999 best 13.988
  step 950/1999 best 13.380
  step 1000/1999 best 13.884
  step 1050/1999 best 13.876
  step 1100/1999 best 13.890
  step 1150/1999 best 13.603
  step 1200/1999 best 13.873
  step 1250/1999 best 13.751
  step 1300/1999 best 13.618
  step 1350/1999 best 13.935
  step 1400/1999 best 13.769
  step 1450/1999 best 13.676
  step 1500/1999 best 13.900
  step 1550/1999 best 13.807
  step 1600/1999 best 13.896
  step 1650/1999 best 13.909
  step 1700/1999 best 13.882
  step 1750/1999 best 13.819
  step 1800/1999 best 13.635
  step 1850/1999 best 13.818
  step 1900/1999 best 13.897
  step 1950/1999 best 13.889
saved SBC_CHAINS_cnn_vmim__n1_jitter_seed_s2_sim2446_row2045877_noise9533_9712_63 (240000, 4) acc=0.274
  step 0/1999 best -15.506
  step 50/1999 best 3.372
  step 100/1999 best 7.580
  step 150/1999 best 7.716
  step 200/1999 best 7.716
  step 250/1999 best 7.740
  step 300/1999 best 7.870
  step 350/1999 best 7.870
  step 400/1999 best 11.744
  step 450/1999 best 11.384
  step 500/1999 best 10.276
  step 550/1999 best 11.706
  step 600/1999 best 11.715
  step 650/1999 best 13.078
  step 700/1999 best 13.378
  step 750/1999 best 13.155
  step 800/1999 best 14.112
  step 850/1999 best 13.695
  step 900/1999 best 13.243
  step 950/1999 best 13.755
  step 1000/1999 best 14.143
  step 1050/1999 best 13.463
  step 1100/1999 best 13.889
  step 1150/1999 best 13.885
  step 1200/1999 best 14.258
  step 1250/1999 best 13.952
  step 1300/1999 best 13.604
  step 1350/1999 best 14.044
  step 1400/1999 best 14.200
  step 1450/1999 best 14.029
  step 1500/1999 best 13.803
  step 1550/1999 best 13.964
  step 1600/1999 best 13.596
  step 1650/1999 best 14.020
  step 1700/1999 best 13.551
  step 1750/1999 best 13.923
  step 1800/1999 best 14.113
  step 1850/1999 best 13.934
  step 1900/1999 best 13.931
  step 1950/1999 best 13.562
saved SBC_CHAINS_cnn_vmim__n1_jitter_seed_s2_sim2386_row1985845_noise8469_8648_8827 (240000, 4) acc=0.257
  step 0/1999 best -18.583
  step 50/1999 best -0.251
  step 100/1999 best 7.344
  step 150/1999 best 10.457
  step 200/1999 best 12.352
  step 250/1999 best 13.244
  step 300/1999 best 13.744
  step 350/1999 best 14.016
  step 400/1999 best 14.101
  step 450/1999 best 14.065
  step 500/1999 best 14.345
  step 550/1999 best 14.163
  step 600/1999 best 14.339
  step 650/1999 best 14.264
  step 700/1999 best 14.003
  step 750/1999 best 14.294
  step 800/1999 best 13.944
  step 850/1999 best 14.287
  step 900/1999 best 13.910
  step 950/1999 best 14.337
  step 1000/1999 best 14.345
  step 1050/1999 best 14.013
  step 1100/1999 best 14.123
  step 1150/1999 best 13.931
  step 1200/1999 best 14.279
  step 1250/1999 best 14.314
  step 1300/1999 best 14.365
  step 1350/1999 best 13.975
  step 1400/1999 best 14.148
  step 1450/1999 best 14.320
  step 1500/1999 best 14.359
  step 1550/1999 best 14.110
  step 1600/1999 best 14.123
  step 1650/1999 best 13.860
  step 1700/1999 best 14.091
  step 1750/1999 best 14.294
  step 1800/1999 best 14.134
  step 1850/1999 best 14.137
  step 1900/1999 best 14.105
  step 1950/1999 best 14.288
saved SBC_CHAINS_cnn_vmim__n1_jitter_seed_s2_sim2385_row1984016_noise6640_6819_6998 (240000, 4) acc=0.336
  step 0/1999 best -14.261
  step 50/1999 best -6.866
  step 100/1999 best 7.922
  step 150/1999 best 13.157
  step 200/1999 best 13.421
  step 250/1999 best 13.362
  step 300/1999 best 13.721
  step 350/1999 best 13.698
  step 400/1999 best 13.449
  step 450/1999 best 13.729
  step 500/1999 best 13.771
  step 550/1999 best 13.553
  step 600/1999 best 13.737
  step 650/1999 best 13.706
  step 700/1999 best 13.737
  step 750/1999 best 13.731
  step 800/1999 best 13.759
  step 850/1999 best 13.701
  step 900/1999 best 13.581
  step 950/1999 best 13.687
  step 1000/1999 best 13.736
  step 1050/1999 best 13.678
  step 1100/1999 best 13.686
  step 1150/1999 best 13.709
  step 1200/1999 best 13.735
  step 1250/1999 best 13.778
  step 1300/1999 best 13.726
  step 1350/1999 best 13.769
  step 1400/1999 best 13.626
  step 1450/1999 best 13.797
  step 1500/1999 best 13.647
  step 1550/1999 best 13.703
  step 1600/1999 best 13.734
  step 1650/1999 best 13.757
  step 1700/1999 best 13.722
  step 1750/1999 best 13.716
  step 1800/1999 best 13.707
  step 1850/1999 best 13.758
  step 1900/1999 best 13.727
  step 1950/1999 best 13.796
saved SBC_CHAINS_cnn_vmim__n1_jitter_seed_s2_sim2906_row2501227_noise6967_7146_7325 (240000, 4) acc=0.309
  step 0/1999 best -23.040
  step 50/1999 best -6.150
  step 100/1999 best 10.480
  step 150/1999 best 15.333
  step 200/1999 best 15.760
  step 250/1999 best 16.061
  step 300/1999 best 16.248
  step 350/1999 best 16.257
  step 400/1999 best 16.311
  step 450/1999 best 16.171
  step 500/1999 best 16.315
  step 550/1999 best 16.181
  step 600/1999 best 16.140
  step 650/1999 best 16.273
  step 700/1999 best 16.189
  step 750/1999 best 16.190
  step 800/1999 best 16.253
  step 850/1999 best 16.233
  step 900/1999 best 16.127
  step 950/1999 best 16.222
  step 1000/1999 best 16.211
  step 1050/1999 best 16.337
  step 1100/1999 best 16.185
  step 1150/1999 best 16.214
  step 1200/1999 best 16.247
  step 1250/1999 best 16.347
  step 1300/1999 best 16.308
  step 1350/1999 best 16.215
  step 1400/1999 best 16.197
  step 1450/1999 best 16.144
  step 1500/1999 best 15.995
  step 1550/1999 best 16.224
  step 1600/1999 best 16.318
  step 1650/1999 best 16.162
  step 1700/1999 best 16.183
  step 1750/1999 best 16.151
  step 1800/1999 best 16.146
  step 1850/1999 best 16.300
  step 1900/1999 best 16.210
  step 1950/1999 best 16.029
saved SBC_CHAINS_cnn_vmim__n1_jitter_seed_s2_sim717_row666868_noise424_603_782 (240000, 4) acc=0.259
  step 0/1999 best -11.600
  step 50/1999 best 7.369
  step 100/1999 best 14.768
  step 150/1999 best 15.320
  step 200/1999 best 15.404
  step 250/1999 best 15.880
  step 300/1999 best 15.678
  step 350/1999 best 15.866
  step 400/1999 best 15.955
  step 450/1999 best 15.619
  step 500/1999 best 15.737
  step 550/1999 best 15.868
  step 600/1999 best 15.669
  step 650/1999 best 15.837
  step 700/1999 best 15.870
  step 750/1999 best 15.996
  step 800/1999 best 15.897
  step 850/1999 best 15.947
  step 900/1999 best 15.985
  step 950/1999 best 15.945
  step 1000/1999 best 15.941
  step 1050/1999 best 15.890
  step 1100/1999 best 15.826
  step 1150/1999 best 15.914
  step 1200/1999 best 15.859
  step 1250/1999 best 15.880
  step 1300/1999 best 15.902
  step 1350/1999 best 15.925
  step 1400/1999 best 15.901
  step 1450/1999 best 15.820
  step 1500/1999 best 15.822
  step 1550/1999 best 15.913
  step 1600/1999 best 15.938
  step 1650/1999 best 15.958
  step 1700/1999 best 15.904
  step 1750/1999 best 15.928
  step 1800/1999 best 15.819
  step 1850/1999 best 15.879
  step 1900/1999 best 15.829
  step 1950/1999 best 15.818
saved SBC_CHAINS_cnn_vmim__n1_jitter_seed_s2_sim2060_row1670556_noise6504_6683_6862 (240000, 4) acc=0.248
  step 0/1999 best -22.616
  step 50/1999 best 1.759
  step 100/1999 best 13.965
  step 150/1999 best 15.007
  step 200/1999 best 15.204
  step 250/1999 best 15.511
  step 300/1999 best 15.619
  step 350/1999 best 15.590
  step 400/1999 best 15.573
  step 450/1999 best 15.652
  step 500/1999 best 15.657
  step 550/1999 best 15.610
  step 600/1999 best 15.489
  step 650/1999 best 15.629
  step 700/1999 best 15.590
  step 750/1999 best 15.710
  step 800/1999 best 15.619
  step 850/1999 best 15.697
  step 900/1999 best 15.680
  step 950/1999 best 15.632
  step 1000/1999 best 15.490
  step 1050/1999 best 15.666
  step 1100/1999 best 15.509
  step 1150/1999 best 15.677
  step 1200/1999 best 15.361
  step 1250/1999 best 15.572
  step 1300/1999 best 15.621
  step 1350/1999 best 15.481
  step 1400/1999 best 15.513
  step 1450/1999 best 15.593
  step 1500/1999 best 15.520
  step 1550/1999 best 15.551
  step 1600/1999 best 15.541
  step 1650/1999 best 15.580
  step 1700/1999 best 15.658
  step 1750/1999 best 15.614
  step 1800/1999 best 15.642
  step 1850/1999 best 15.569
  step 1900/1999 best 15.636
  step 1950/1999 best 15.653
saved SBC_CHAINS_cnn_vmim__n1_jitter_seed_s2_sim957_row906839_noise4523_4702_4881 (240000, 4) acc=0.298
  step 0/1999 best -25.047
  step 50/1999 best -4.692
  step 100/1999 best -3.834
  step 150/1999 best 8.332
  step 200/1999 best 15.315
  step 250/1999 best 15.304
  step 300/1999 best 16.476
  step 350/1999 best 16.476
  step 400/1999 best 16.287
  step 450/1999 best 16.732
  step 500/1999 best 16.735
  step 550/1999 best 16.108
  step 600/1999 best 16.660
  step 650/1999 best 16.626
  step 700/1999 best 16.725
  step 750/1999 best 16.640
  step 800/1999 best 16.587
  step 850/1999 best 16.725
  step 900/1999 best 16.711
  step 950/1999 best 16.835
  step 1000/1999 best 16.907
  step 1050/1999 best 16.896
  step 1100/1999 best 16.583
  step 1150/1999 best 16.655
  step 1200/1999 best 16.799
  step 1250/1999 best 16.562
  step 1300/1999 best 16.669
  step 1350/1999 best 16.831
  step 1400/1999 best 16.824
  step 1450/1999 best 16.692
  step 1500/1999 best 16.518
  step 1550/1999 best 16.833
  step 1600/1999 best 16.614
  step 1650/1999 best 16.847
  step 1700/1999 best 16.848
  step 1750/1999 best 16.760
  step 1800/1999 best 16.724
  step 1850/1999 best 16.761
  step 1900/1999 best 16.803
  step 1950/1999 best 16.802
saved SBC_CHAINS_cnn_vmim__n1_jitter_seed_s2_sim1738_row1491692_noise8964_9143_9322 (240000, 4) acc=0.124
  step 0/1999 best -33.597
  step 50/1999 best -4.607
  step 100/1999 best 0.618
  step 150/1999 best 12.559
  step 200/1999 best 12.312
  step 250/1999 best 12.540
  step 300/1999 best 12.803
  step 350/1999 best 13.033
  step 400/1999 best 13.050
  step 450/1999 best 13.017
  step 500/1999 best 13.160
  step 550/1999 best 12.994
  step 600/1999 best 13.103
  step 650/1999 best 12.939
  step 700/1999 best 13.008
  step 750/1999 best 12.975
  step 800/1999 best 13.104
  step 850/1999 best 13.091
  step 900/1999 best 13.124
  step 950/1999 best 13.038
  step 1000/1999 best 13.082
  step 1050/1999 best 13.004
  step 1100/1999 best 13.121
  step 1150/1999 best 13.100
  step 1200/1999 best 13.110
  step 1250/1999 best 13.098
  step 1300/1999 best 13.079
  step 1350/1999 best 13.167
  step 1400/1999 best 13.172
  step 1450/1999 best 13.120
  step 1500/1999 best 13.090
  step 1550/1999 best 13.117
  step 1600/1999 best 13.117
  step 1650/1999 best 13.056
  step 1700/1999 best 13.090
  step 1750/1999 best 13.115
  step 1800/1999 best 13.073
  step 1850/1999 best 13.066
  step 1900/1999 best 13.150
  step 1950/1999 best 12.934
saved SBC_CHAINS_cnn_vmim__n1_jitter_seed_s2_sim2977_row2572242_noise9186_9365_9544 (240000, 4) acc=0.328
  step 0/1999 best -20.177
  step 50/1999 best 12.205
  step 100/1999 best 13.875
  step 150/1999 best 14.875
  step 200/1999 best 14.847
  step 250/1999 best 14.703
  step 300/1999 best 15.157
  step 350/1999 best 15.198
  step 400/1999 best 15.142
  step 450/1999 best 15.245
  step 500/1999 best 15.136
  step 550/1999 best 15.257
  step 600/1999 best 15.169
  step 650/1999 best 15.017
  step 700/1999 best 15.163
  step 750/1999 best 15.241
  step 800/1999 best 15.100
  step 850/1999 best 15.168
  step 900/1999 best 15.222
  step 950/1999 best 15.250
  step 1000/1999 best 15.081
  step 1050/1999 best 15.099
  step 1100/1999 best 15.236
  step 1150/1999 best 15.067
  step 1200/1999 best 15.206
  step 1250/1999 best 15.097
  step 1300/1999 best 15.156
  step 1350/1999 best 15.193
  step 1400/1999 best 15.159
  step 1450/1999 best 15.262
  step 1500/1999 best 15.200
  step 1550/1999 best 15.182
  step 1600/1999 best 15.024
  step 1650/1999 best 15.191
  step 1700/1999 best 15.199
  step 1750/1999 best 15.212
  step 1800/1999 best 15.203
  step 1850/1999 best 15.222
  step 1900/1999 best 14.954
  step 1950/1999 best 15.141
saved SBC_CHAINS_cnn_vmim__n1_jitter_seed_s2_sim2047_row1657428_noise3204_3383_3562 (240000, 4) acc=0.270
  step 0/1999 best -26.723
  step 50/1999 best 11.431
  step 100/1999 best 13.535
  step 150/1999 best 16.136
  step 200/1999 best 16.107
  step 250/1999 best 15.892
  step 300/1999 best 16.173
  step 350/1999 best 16.324
  step 400/1999 best 16.255
  step 450/1999 best 16.211
  step 500/1999 best 16.364
  step 550/1999 best 16.173
  step 600/1999 best 16.262
  step 650/1999 best 16.201
  step 700/1999 best 16.257
  step 750/1999 best 16.063
  step 800/1999 best 16.331
  step 850/1999 best 16.300
  step 900/1999 best 16.264
  step 950/1999 best 16.175
  step 1000/1999 best 16.290
  step 1050/1999 best 16.334
  step 1100/1999 best 16.309
  step 1150/1999 best 16.196
  step 1200/1999 best 16.258
  step 1250/1999 best 16.208
  step 1300/1999 best 16.318
  step 1350/1999 best 16.363
  step 1400/1999 best 16.100
  step 1450/1999 best 16.253
  step 1500/1999 best 16.295
  step 1550/1999 best 16.351
  step 1600/1999 best 16.279
  step 1650/1999 best 16.346
  step 1700/1999 best 16.223
  step 1750/1999 best 16.239
  step 1800/1999 best 16.285
  step 1850/1999 best 16.311
  step 1900/1999 best 16.208
  step 1950/1999 best 16.374
saved SBC_CHAINS_cnn_vmim__n1_jitter_seed_s2_sim890_row839550_noise6030_6209_6388 (240000, 4) acc=0.343
  step 0/1999 best -28.750
  step 50/1999 best -2.764
  step 100/1999 best 12.767
  step 150/1999 best 16.162
  step 200/1999 best 16.447
  step 250/1999 best 16.572
  step 300/1999 best 16.947
  step 350/1999 best 16.929
  step 400/1999 best 16.934
  step 450/1999 best 16.814
  step 500/1999 best 16.850
  step 550/1999 best 16.994
  step 600/1999 best 16.954
  step 650/1999 best 16.804
  step 700/1999 best 16.907
  step 750/1999 best 16.864
  step 800/1999 best 16.845
  step 850/1999 best 16.766
  step 900/1999 best 16.982
  step 950/1999 best 16.905
  step 1000/1999 best 16.875
  step 1050/1999 best 16.910
  step 1100/1999 best 16.940
  step 1150/1999 best 16.887
  step 1200/1999 best 16.692
  step 1250/1999 best 16.964
  step 1300/1999 best 16.957
  step 1350/1999 best 16.771
  step 1400/1999 best 16.982
  step 1450/1999 best 16.903
  step 1500/1999 best 16.848
  step 1550/1999 best 16.818
  step 1600/1999 best 16.777
  step 1650/1999 best 16.851
  step 1700/1999 best 16.902
  step 1750/1999 best 16.923
  step 1800/1999 best 16.762
  step 1850/1999 best 16.889
  step 1900/1999 best 16.838
  step 1950/1999 best 16.848
saved SBC_CHAINS_cnn_vmim__n1_jitter_seed_s2_sim729_row678272_noise2000_2179_2358 (240000, 4) acc=0.291
  step 0/1999 best -13.620
  step 50/1999 best -2.811
  step 100/1999 best 9.051
  step 150/1999 best 8.014
  step 200/1999 best 12.428
  step 250/1999 best 12.377
  step 300/1999 best 11.896
  step 350/1999 best 12.105
  step 400/1999 best 12.179
  step 450/1999 best 12.574
  step 500/1999 best 12.183
  step 550/1999 best 12.464
  step 600/1999 best 12.384
  step 650/1999 best 12.444
  step 700/1999 best 12.566
  step 750/1999 best 12.643
  step 800/1999 best 12.474
  step 850/1999 best 12.400
  step 900/1999 best 12.390
  step 950/1999 best 12.401
  step 1000/1999 best 12.570
  step 1050/1999 best 12.557
  step 1100/1999 best 12.571
  step 1150/1999 best 12.638
  step 1200/1999 best 12.581
  step 1250/1999 best 12.475
  step 1300/1999 best 12.593
  step 1350/1999 best 12.559
  step 1400/1999 best 12.470
  step 1450/1999 best 12.620
  step 1500/1999 best 12.619
  step 1550/1999 best 12.628
  step 1600/1999 best 12.654
  step 1650/1999 best 12.632
  step 1700/1999 best 12.675
  step 1750/1999 best 12.484
  step 1800/1999 best 12.675
  step 1850/1999 best 12.503
  step 1900/1999 best 12.507
  step 1950/1999 best 12.516
saved SBC_CHAINS_cnn_vmim__n1_jitter_seed_s2_sim2389_row1988391_noise1187_1366_1545 (240000, 4) acc=0.268
  step 0/1999 best -20.813
  step 50/1999 best 0.071
  step 100/1999 best 9.174
  step 150/1999 best 10.789
  step 200/1999 best 10.142
  step 250/1999 best 11.522
  step 300/1999 best 11.825
  step 350/1999 best 11.712
  step 400/1999 best 11.920
  step 450/1999 best 11.910
  step 500/1999 best 11.455
  step 550/1999 best 11.828
  step 600/1999 best 11.801
  step 650/1999 best 11.845
  step 700/1999 best 11.839
  step 750/1999 best 11.720
  step 800/1999 best 11.865
  step 850/1999 best 11.804
  step 900/1999 best 11.820
  step 950/1999 best 11.727
  step 1000/1999 best 11.870
  step 1050/1999 best 11.635
  step 1100/1999 best 11.659
  step 1150/1999 best 11.842
  step 1200/1999 best 11.611
  step 1250/1999 best 11.683
  step 1300/1999 best 11.800
  step 1350/1999 best 11.883
  step 1400/1999 best 11.896
  step 1450/1999 best 11.702
  step 1500/1999 best 11.879
  step 1550/1999 best 11.627
  step 1600/1999 best 11.910
  step 1650/1999 best 11.832
  step 1700/1999 best 11.828
  step 1750/1999 best 11.892
  step 1800/1999 best 11.873
  step 1850/1999 best 11.932
  step 1900/1999 best 11.909
  step 1950/1999 best 11.730
saved SBC_CHAINS_cnn_vmim__n1_jitter_seed_s2_sim2606_row2205823_noise2403_2582_2761 (240000, 4) acc=0.155
  step 0/1999 best -13.778
  step 50/1999 best 12.968
  step 100/1999 best 15.698
  step 150/1999 best 16.393
  step 200/1999 best 16.432
  step 250/1999 best 16.569
  step 300/1999 best 16.666
  step 350/1999 best 16.518
  step 400/1999 best 16.622
  step 450/1999 best 16.716
  step 500/1999 best 16.549
  step 550/1999 best 16.587
  step 600/1999 best 16.578
  step 650/1999 best 16.569
  step 700/1999 best 16.590
  step 750/1999 best 16.673
  step 800/1999 best 16.671
  step 850/1999 best 16.591
  step 900/1999 best 16.649
  step 950/1999 best 16.740
  step 1000/1999 best 16.632
  step 1050/1999 best 16.597
  step 1100/1999 best 16.730
  step 1150/1999 best 16.539
  step 1200/1999 best 16.536
  step 1250/1999 best 16.632
  step 1300/1999 best 16.616
  step 1350/1999 best 16.705
  step 1400/1999 best 16.718
  step 1450/1999 best 16.625
  step 1500/1999 best 16.625
  step 1550/1999 best 16.616
  step 1600/1999 best 16.721
  step 1650/1999 best 16.671
  step 1700/1999 best 16.625
  step 1750/1999 best 16.670
  step 1800/1999 best 16.674
  step 1850/1999 best 16.704
  step 1900/1999 best 16.603
  step 1950/1999 best 16.676
saved SBC_CHAINS_cnn_vmim__n1_jitter_seed_s2_sim1976_row1587530_noise1102_1281_1460 (240000, 4) acc=0.317
  step 0/1999 best -15.756
  step 50/1999 best -5.449
  step 100/1999 best -0.186
  step 150/1999 best 14.734
  step 200/1999 best 13.677
  step 250/1999 best 15.865
  step 300/1999 best 16.037
  step 350/1999 best 16.008
  step 400/1999 best 15.983
  step 450/1999 best 16.050
  step 500/1999 best 15.882
  step 550/1999 best 16.021
  step 600/1999 best 15.871
  step 650/1999 best 15.915
  step 700/1999 best 15.954
  step 750/1999 best 15.905
  step 800/1999 best 15.961
  step 850/1999 best 15.896
  step 900/1999 best 15.981
  step 950/1999 best 15.991
  step 1000/1999 best 15.937
  step 1050/1999 best 15.935
  step 1100/1999 best 15.940
  step 1150/1999 best 15.977
  step 1200/1999 best 15.886
  step 1250/1999 best 16.086
  step 1300/1999 best 16.036
  step 1350/1999 best 15.944
  step 1400/1999 best 15.992
  step 1450/1999 best 15.983
  step 1500/1999 best 16.018
  step 1550/1999 best 15.869
  step 1600/1999 best 16.068
  step 1650/1999 best 15.913
  step 1700/1999 best 15.820
  step 1750/1999 best 15.977
  step 1800/1999 best 16.051
  step 1850/1999 best 15.995
  step 1900/1999 best 15.978
  step 1950/1999 best 16.029
saved SBC_CHAINS_cnn_vmim__n1_jitter_seed_s2_sim880_row829089_noise5397_5576_5755 (240000, 4) acc=0.296
  step 0/1999 best -18.377
  step 50/1999 best 9.822
  step 100/1999 best 14.267
  step 150/1999 best 16.287
  step 200/1999 best 16.384
  step 250/1999 best 16.621
  step 300/1999 best 16.367
  step 350/1999 best 16.599
  step 400/1999 best 16.572
  step 450/1999 best 16.480
  step 500/1999 best 16.554
  step 550/1999 best 16.522
  step 600/1999 best 16.457
  step 650/1999 best 16.650
  step 700/1999 best 16.435
  step 750/1999 best 16.614
  step 800/1999 best 16.470
  step 850/1999 best 16.573
  step 900/1999 best 16.639
  step 950/1999 best 16.485
  step 1000/1999 best 16.628
  step 1050/1999 best 16.556
  step 1100/1999 best 16.579
  step 1150/1999 best 16.552
  step 1200/1999 best 16.511
  step 1250/1999 best 16.552
  step 1300/1999 best 16.497
  step 1350/1999 best 16.564
  step 1400/1999 best 16.552
  step 1450/1999 best 16.435
  step 1500/1999 best 16.583
  step 1550/1999 best 16.621
  step 1600/1999 best 16.562
  step 1650/1999 best 16.475
  step 1700/1999 best 16.444
  step 1750/1999 best 16.566
  step 1800/1999 best 16.496
  step 1850/1999 best 16.640
  step 1900/1999 best 16.427
  step 1950/1999 best 16.572
saved SBC_CHAINS_cnn_vmim__n1_jitter_seed_s2_sim176_row167331_noise9255_9434_9613 (240000, 4) acc=0.306
  step 0/1999 best -19.735
  step 50/1999 best -0.198
  step 100/1999 best 8.497
  step 150/1999 best 14.850
  step 200/1999 best 16.973
  step 250/1999 best 16.788
  step 300/1999 best 16.997
  step 350/1999 best 16.863
  step 400/1999 best 16.749
  step 450/1999 best 16.877
  step 500/1999 best 17.080
  step 550/1999 best 17.140
  step 600/1999 best 17.164
  step 650/1999 best 17.217
  step 700/1999 best 17.149
  step 750/1999 best 17.307
  step 800/1999 best 17.335
  step 850/1999 best 17.248
  step 900/1999 best 17.150
  step 950/1999 best 17.088
  step 1000/1999 best 16.922
  step 1050/1999 best 17.217
  step 1100/1999 best 17.079
  step 1150/1999 best 17.255
  step 1200/1999 best 17.075
  step 1250/1999 best 17.181
  step 1300/1999 best 17.154
  step 1350/1999 best 17.288
  step 1400/1999 best 17.196
  step 1450/1999 best 17.158
  step 1500/1999 best 17.038
  step 1550/1999 best 17.121
  step 1600/1999 best 17.125
  step 1650/1999 best 17.176
  step 1700/1999 best 17.138
  step 1750/1999 best 16.856
  step 1800/1999 best 16.623
  step 1850/1999 best 17.200
  step 1900/1999 best 17.164
  step 1950/1999 best 17.261
saved SBC_CHAINS_cnn_vmim__n1_jitter_seed_s2_sim1210_row1028457_noise1613_1792_1971 (240000, 4) acc=0.200
  step 0/1999 best -17.770
  step 50/1999 best 12.999
  step 100/1999 best 14.148
  step 150/1999 best 14.802
  step 200/1999 best 16.119
  step 250/1999 best 16.368
  step 300/1999 best 16.744
  step 350/1999 best 16.784
  step 400/1999 best 16.838
  step 450/1999 best 16.792
  step 500/1999 best 16.759
  step 550/1999 best 16.540
  step 600/1999 best 16.736
  step 650/1999 best 16.718
  step 700/1999 best 16.793
  step 750/1999 best 16.819
  step 800/1999 best 16.771
  step 850/1999 best 16.798
  step 900/1999 best 16.689
  step 950/1999 best 16.795
  step 1000/1999 best 16.848
  step 1050/1999 best 16.769
  step 1100/1999 best 16.839
  step 1150/1999 best 16.846
  step 1200/1999 best 16.839
  step 1250/1999 best 16.840
  step 1300/1999 best 16.791
  step 1350/1999 best 16.826
  step 1400/1999 best 16.772
  step 1450/1999 best 16.829
  step 1500/1999 best 16.781
  step 1550/1999 best 16.851
  step 1600/1999 best 16.828
  step 1650/1999 best 16.626
  step 1700/1999 best 16.757
  step 1750/1999 best 16.820
  step 1800/1999 best 16.647
  step 1850/1999 best 16.659
  step 1900/1999 best 16.831
  step 1950/1999 best 16.815
saved SBC_CHAINS_cnn_vmim__n1_jitter_seed_s2_sim892_row841893_noise8373_8552_8731 (240000, 4) acc=0.263
  step 0/1999 best -14.007
  step 50/1999 best 2.322
  step 100/1999 best 9.167
  step 150/1999 best 10.728
  step 200/1999 best 14.550
  step 250/1999 best 14.441
  step 300/1999 best 15.075
  step 350/1999 best 14.845
  step 400/1999 best 14.977
  step 450/1999 best 14.887
  step 500/1999 best 14.924
  step 550/1999 best 14.928
  step 600/1999 best 15.080
  step 650/1999 best 15.057
  step 700/1999 best 14.937
  step 750/1999 best 15.025
  step 800/1999 best 15.047
  step 850/1999 best 15.025
  step 900/1999 best 15.070
  step 950/1999 best 15.084
  step 1000/1999 best 14.915
  step 1050/1999 best 15.011
  step 1100/1999 best 15.035
  step 1150/1999 best 15.010
  step 1200/1999 best 15.099
  step 1250/1999 best 14.940
  step 1300/1999 best 15.024
  step 1350/1999 best 15.049
  step 1400/1999 best 15.001
  step 1450/1999 best 15.085
  step 1500/1999 best 15.094
  step 1550/1999 best 14.991
  step 1600/1999 best 14.941
  step 1650/1999 best 15.068
  step 1700/1999 best 15.027
  step 1750/1999 best 14.986
  step 1800/1999 best 15.028
  step 1850/1999 best 14.859
  step 1900/1999 best 15.070
  step 1950/1999 best 14.972
saved SBC_CHAINS_cnn_vmim__n1_jitter_seed_s2_sim823_row772704_noise7980_8159_8338 (240000, 4) acc=0.289
  step 0/1999 best -19.853
  step 50/1999 best 1.755
  step 100/1999 best 10.709
  step 150/1999 best 11.847
  step 200/1999 best 12.994
  step 250/1999 best 13.534
  step 300/1999 best 13.918
  step 350/1999 best 14.204
  step 400/1999 best 14.238
  step 450/1999 best 13.930
  step 500/1999 best 13.976
  step 550/1999 best 14.135
  step 600/1999 best 14.300
  step 650/1999 best 14.061
  step 700/1999 best 14.087
  step 750/1999 best 14.248
  step 800/1999 best 14.014
  step 850/1999 best 14.112
  step 900/1999 best 14.295
  step 950/1999 best 14.148
  step 1000/1999 best 14.214
  step 1050/1999 best 14.289
  step 1100/1999 best 14.267
  step 1150/1999 best 14.224
  step 1200/1999 best 14.040
  step 1250/1999 best 14.133
  step 1300/1999 best 14.193
  step 1350/1999 best 14.076
  step 1400/1999 best 14.238
  step 1450/1999 best 14.288
  step 1500/1999 best 14.101
  step 1550/1999 best 14.001
  step 1600/1999 best 14.134
  step 1650/1999 best 14.322
  step 1700/1999 best 14.243
  step 1750/1999 best 14.317
  step 1800/1999 best 14.129
  step 1850/1999 best 14.115
  step 1900/1999 best 14.271
  step 1950/1999 best 14.119
saved SBC_CHAINS_cnn_vmim__n1_jitter_seed_s2_sim979_row928550_noise6578_6757_6936 (240000, 4) acc=0.224
  step 0/1999 best -18.649
  step 50/1999 best -2.080
  step 100/1999 best 3.477
  step 150/1999 best 12.197
  step 200/1999 best 12.267
  step 250/1999 best 13.414
  step 300/1999 best 13.787
  step 350/1999 best 14.326
  step 400/1999 best 14.278
  step 450/1999 best 14.219
  step 500/1999 best 14.284
  step 550/1999 best 14.369
  step 600/1999 best 14.374
  step 650/1999 best 14.214
  step 700/1999 best 14.404
  step 750/1999 best 14.183
  step 800/1999 best 14.205
  step 850/1999 best 14.393
  step 900/1999 best 14.223
  step 950/1999 best 14.288
  step 1000/1999 best 14.318
  step 1050/1999 best 14.358
  step 1100/1999 best 14.405
  step 1150/1999 best 14.413
  step 1200/1999 best 14.267
  step 1250/1999 best 14.246
  step 1300/1999 best 14.354
  step 1350/1999 best 14.321
  step 1400/1999 best 14.250
  step 1450/1999 best 14.401
  step 1500/1999 best 14.277
  step 1550/1999 best 14.411
  step 1600/1999 best 14.314
  step 1650/1999 best 14.373
  step 1700/1999 best 14.267
  step 1750/1999 best 14.232
  step 1800/1999 best 14.288
  step 1850/1999 best 14.298
  step 1900/1999 best 14.201
  step 1950/1999 best 14.320
saved SBC_CHAINS_cnn_vmim__n1_jitter_seed_s2_sim446_row424544_noise4284_4463_4642 (240000, 4) acc=0.231
  step 0/1999 best -17.747
  step 50/1999 best 6.773
  step 100/1999 best 7.083
  step 150/1999 best 8.566
  step 200/1999 best 9.393
  step 250/1999 best 9.829
  step 300/1999 best 9.821
  step 350/1999 best 9.948
  step 400/1999 best 10.148
  step 450/1999 best 10.258
  step 500/1999 best 10.200
  step 550/1999 best 10.362
  step 600/1999 best 10.082
  step 650/1999 best 10.232
  step 700/1999 best 10.175
  step 750/1999 best 10.116
  step 800/1999 best 10.295
  step 850/1999 best 10.265
  step 900/1999 best 10.185
  step 950/1999 best 10.145
  step 1000/1999 best 10.274
  step 1050/1999 best 10.278
  step 1100/1999 best 10.328
  step 1150/1999 best 10.071
  step 1200/1999 best 10.163
  step 1250/1999 best 10.226
  step 1300/1999 best 10.159
  step 1350/1999 best 10.277
  step 1400/1999 best 10.078
  step 1450/1999 best 10.211
  step 1500/1999 best 10.304
  step 1550/1999 best 10.183
  step 1600/1999 best 10.315
  step 1650/1999 best 10.261
  step 1700/1999 best 10.086
  step 1750/1999 best 10.336
  step 1800/1999 best 10.245
  step 1850/1999 best 10.128
  step 1900/1999 best 10.135
  step 1950/1999 best 10.162
saved SBC_CHAINS_cnn_vmim__n1_jitter_seed_s2_sim2858_row2453048_noise7928_8107_8286 (240000, 4) acc=0.217
  step 0/1999 best -19.400
  step 50/1999 best 5.080
  step 100/1999 best 10.039
  step 150/1999 best 9.585
  step 200/1999 best 11.772
  step 250/1999 best 11.756
  step 300/1999 best 11.908
  step 350/1999 best 12.097
  step 400/1999 best 12.235
  step 450/1999 best 12.092
  step 500/1999 best 11.992
  step 550/1999 best 12.129
  step 600/1999 best 12.173
  step 650/1999 best 12.070
  step 700/1999 best 12.095
  step 750/1999 best 12.213
  step 800/1999 best 12.274
  step 850/1999 best 12.086
  step 900/1999 best 12.149
  step 950/1999 best 12.149
  step 1000/1999 best 12.203
  step 1050/1999 best 12.104
  step 1100/1999 best 12.206
  step 1150/1999 best 12.106
  step 1200/1999 best 12.131
  step 1250/1999 best 12.120
  step 1300/1999 best 12.202
  step 1350/1999 best 12.132
  step 1400/1999 best 12.188
  step 1450/1999 best 12.071
  step 1500/1999 best 11.987
  step 1550/1999 best 12.028
  step 1600/1999 best 12.162
  step 1650/1999 best 12.108
  step 1700/1999 best 12.029
  step 1750/1999 best 12.084
  step 1800/1999 best 12.156
  step 1850/1999 best 12.175
  step 1900/1999 best 12.204
  step 1950/1999 best 12.153
saved SBC_CHAINS_cnn_vmim__n1_jitter_seed_s2_sim1933_row1544050_noise6762_6941_7120 (240000, 4) acc=0.183
  step 0/1999 best -18.977
  step 50/1999 best 6.828
  step 100/1999 best 15.924
  step 150/1999 best 16.642
  step 200/1999 best 16.310
  step 250/1999 best 17.287
  step 300/1999 best 17.445
  step 350/1999 best 17.301
  step 400/1999 best 17.245
  step 450/1999 best 17.106
  step 500/1999 best 17.590
  step 550/1999 best 17.148
  step 600/1999 best 17.219
  step 650/1999 best 17.423
  step 700/1999 best 17.509
  step 750/1999 best 17.335
  step 800/1999 best 17.553
  step 850/1999 best 17.604
  step 900/1999 best 17.520
  step 950/1999 best 17.553
  step 1000/1999 best 17.534
  step 1050/1999 best 17.558
  step 1100/1999 best 17.544
  step 1150/1999 best 17.421
  step 1200/1999 best 17.197
  step 1250/1999 best 17.510
  step 1300/1999 best 17.574
  step 1350/1999 best 17.464
  step 1400/1999 best 17.449
  step 1450/1999 best 17.553
  step 1500/1999 best 17.328
  step 1550/1999 best 17.550
  step 1600/1999 best 17.444
  step 1650/1999 best 17.488
  step 1700/1999 best 17.613
  step 1750/1999 best 17.431
  step 1800/1999 best 17.406
  step 1850/1999 best 17.599
  step 1900/1999 best 17.544
  step 1950/1999 best 17.466
saved SBC_CHAINS_cnn_vmim__n1_jitter_seed_s2_sim1371_row1179179_noise5087_5266_5445 (240000, 4) acc=0.201
  step 0/1999 best -15.475
  step 50/1999 best -2.288
  step 100/1999 best 7.315
  step 150/1999 best 13.013
  step 200/1999 best 12.322
  step 250/1999 best 14.131
  step 300/1999 best 14.097
  step 350/1999 best 13.901
  step 400/1999 best 14.132
  step 450/1999 best 14.128
  step 500/1999 best 14.143
  step 550/1999 best 14.112
  step 600/1999 best 14.069
  step 650/1999 best 14.024
  step 700/1999 best 13.978
  step 750/1999 best 14.075
  step 800/1999 best 14.048
  step 850/1999 best 14.163
  step 900/1999 best 14.144
  step 950/1999 best 14.078
  step 1000/1999 best 14.163
  step 1050/1999 best 14.091
  step 1100/1999 best 14.149
  step 1150/1999 best 14.089
  step 1200/1999 best 14.132
  step 1250/1999 best 14.045
  step 1300/1999 best 14.132
  step 1350/1999 best 14.132
  step 1400/1999 best 14.181
  step 1450/1999 best 14.084
  step 1500/1999 best 14.006
  step 1550/1999 best 14.146
  step 1600/1999 best 14.184
  step 1650/1999 best 14.219
  step 1700/1999 best 14.101
  step 1750/1999 best 14.185
  step 1800/1999 best 14.222
  step 1850/1999 best 14.151
  step 1900/1999 best 14.211
  step 1950/1999 best 14.122
saved SBC_CHAINS_cnn_vmim__n1_jitter_seed_s2_sim949_row898273_noise5785_5964_6143 (240000, 4) acc=0.338
  step 0/1999 best -23.989
  step 50/1999 best -5.070
  step 100/1999 best -1.040
  step 150/1999 best 11.403
  step 200/1999 best 12.656
  step 250/1999 best 13.305
  step 300/1999 best 14.611
  step 350/1999 best 14.575
  step 400/1999 best 14.661
  step 450/1999 best 14.704
  step 500/1999 best 14.623
  step 550/1999 best 14.470
  step 600/1999 best 14.601
  step 650/1999 best 14.569
  step 700/1999 best 14.672
  step 750/1999 best 14.656
  step 800/1999 best 14.706
  step 850/1999 best 14.673
  step 900/1999 best 14.654
  step 950/1999 best 14.552
  step 1000/1999 best 14.736
  step 1050/1999 best 14.757
  step 1100/1999 best 14.605
  step 1150/1999 best 14.660
  step 1200/1999 best 14.506
  step 1250/1999 best 14.598
  step 1300/1999 best 14.666
  step 1350/1999 best 14.738
  step 1400/1999 best 14.660
  step 1450/1999 best 14.771
  step 1500/1999 best 14.627
  step 1550/1999 best 14.694
  step 1600/1999 best 14.475
  step 1650/1999 best 14.721
  step 1700/1999 best 14.645
  step 1750/1999 best 14.599
  step 1800/1999 best 14.603
  step 1850/1999 best 14.711
  step 1900/1999 best 14.755
  step 1950/1999 best 14.691
saved SBC_CHAINS_cnn_vmim__n1_jitter_seed_s2_sim2992_row2587476_noise4764_4943_5122 (240000, 4) acc=0.299
  step 0/1999 best -16.674
  step 50/1999 best -3.552
  step 100/1999 best 2.009
  step 150/1999 best 4.919
  step 200/1999 best 5.190
  step 250/1999 best 9.422
  step 300/1999 best 9.351
  step 350/1999 best 10.284
  step 400/1999 best 11.125
  step 450/1999 best 10.806
  step 500/1999 best 11.338
  step 550/1999 best 10.972
  step 600/1999 best 11.525
  step 650/1999 best 11.382
  step 700/1999 best 11.885
  step 750/1999 best 11.608
  step 800/1999 best 11.759
  step 850/1999 best 11.624
  step 900/1999 best 11.735
  step 950/1999 best 11.840
  step 1000/1999 best 11.873
  step 1050/1999 best 11.575
  step 1100/1999 best 11.777
  step 1150/1999 best 11.536
  step 1200/1999 best 11.886
  step 1250/1999 best 11.782
  step 1300/1999 best 11.849
  step 1350/1999 best 11.759
  step 1400/1999 best 11.750
  step 1450/1999 best 11.730
  step 1500/1999 best 11.688
  step 1550/1999 best 11.645
  step 1600/1999 best 11.641
  step 1650/1999 best 11.670
  step 1700/1999 best 11.796
  step 1750/1999 best 11.801
  step 1800/1999 best 11.892
  step 1850/1999 best 11.767
  step 1900/1999 best 11.821
  step 1950/1999 best 11.822
saved SBC_CHAINS_cnn_vmim__n1_jitter_seed_s2_sim2618_row2217410_noise4162_4341_4520 (240000, 4) acc=0.183
  step 0/1999 best -12.027
  step 50/1999 best 7.098
  step 100/1999 best 8.985
  step 150/1999 best 15.632
  step 200/1999 best 15.865
  step 250/1999 best 16.508
  step 300/1999 best 17.001
  step 350/1999 best 16.690
  step 400/1999 best 17.215
  step 450/1999 best 17.122
  step 500/1999 best 17.122
  step 550/1999 best 17.223
  step 600/1999 best 17.259
  step 650/1999 best 17.157
  step 700/1999 best 17.043
  step 750/1999 best 17.121
  step 800/1999 best 17.171
  step 850/1999 best 17.103
  step 900/1999 best 17.228
  step 950/1999 best 17.216
  step 1000/1999 best 17.171
  step 1050/1999 best 17.334
  step 1100/1999 best 17.240
  step 1150/1999 best 17.293
  step 1200/1999 best 17.274
  step 1250/1999 best 17.290
  step 1300/1999 best 17.137
  step 1350/1999 best 17.236
  step 1400/1999 best 17.101
  step 1450/1999 best 17.294
  step 1500/1999 best 17.185
  step 1550/1999 best 17.215
  step 1600/1999 best 17.258
  step 1650/1999 best 17.205
  step 1700/1999 best 17.088
  step 1750/1999 best 17.012
  step 1800/1999 best 16.932
  step 1850/1999 best 17.048
  step 1900/1999 best 17.018
  step 1950/1999 best 17.253
saved SBC_CHAINS_cnn_vmim__n1_jitter_seed_s2_sim1444_row1226849_noise133_312_491 (240000, 4) acc=0.182
  step 0/1999 best -15.761
  step 50/1999 best -1.097
  step 100/1999 best 5.276
  step 150/1999 best 7.021
  step 200/1999 best 13.749
  step 250/1999 best 14.410
  step 300/1999 best 14.714
  step 350/1999 best 14.554
  step 400/1999 best 14.497
  step 450/1999 best 14.597
  step 500/1999 best 14.546
  step 550/1999 best 14.675
  step 600/1999 best 14.552
  step 650/1999 best 14.506
  step 700/1999 best 14.668
  step 750/1999 best 14.664
  step 800/1999 best 14.645
  step 850/1999 best 14.658
  step 900/1999 best 14.585
  step 950/1999 best 14.569
  step 1000/1999 best 14.486
  step 1050/1999 best 14.735
  step 1100/1999 best 14.628
  step 1150/1999 best 14.580
  step 1200/1999 best 14.615
  step 1250/1999 best 14.611
  step 1300/1999 best 14.626
  step 1350/1999 best 14.586
  step 1400/1999 best 14.725
  step 1450/1999 best 14.602
  step 1500/1999 best 14.569
  step 1550/1999 best 14.622
  step 1600/1999 best 14.556
  step 1650/1999 best 14.591
  step 1700/1999 best 14.613
  step 1750/1999 best 14.683
  step 1800/1999 best 14.697
  step 1850/1999 best 14.580
  step 1900/1999 best 14.659
  step 1950/1999 best 14.450
saved SBC_CHAINS_cnn_vmim__n1_jitter_seed_s2_sim871_row820934_noise7070_7249_7428 (240000, 4) acc=0.362
  step 0/1999 best -6.393
  step 50/1999 best 5.356
  step 100/1999 best 12.045
  step 150/1999 best 11.657
  step 200/1999 best 12.151
  step 250/1999 best 12.311
  step 300/1999 best 12.339
  step 350/1999 best 12.379
  step 400/1999 best 12.177
  step 450/1999 best 12.385
  step 500/1999 best 12.207
  step 550/1999 best 12.516
  step 600/1999 best 12.336
  step 650/1999 best 12.323
  step 700/1999 best 12.432
  step 750/1999 best 12.227
  step 800/1999 best 12.383
  step 850/1999 best 12.478
  step 900/1999 best 12.159
  step 950/1999 best 12.470
  step 1000/1999 best 12.380
  step 1050/1999 best 12.305
  step 1100/1999 best 12.486
  step 1150/1999 best 12.220
  step 1200/1999 best 12.340
  step 1250/1999 best 12.365
  step 1300/1999 best 12.358
  step 1350/1999 best 12.447
  step 1400/1999 best 12.281
  step 1450/1999 best 12.376
  step 1500/1999 best 12.413
  step 1550/1999 best 12.543
  step 1600/1999 best 12.509
  step 1650/1999 best 12.298
  step 1700/1999 best 12.413
  step 1750/1999 best 12.342
  step 1800/1999 best 12.352
  step 1850/1999 best 12.314
  step 1900/1999 best 12.458
  step 1950/1999 best 12.461
saved SBC_CHAINS_cnn_vmim__n1_jitter_seed_s2_sim842_row791640_noise7260_7439_7618 (240000, 4) acc=0.168
  step 0/1999 best -9.643
  step 50/1999 best 13.933
  step 100/1999 best 15.026
  step 150/1999 best 13.974
  step 200/1999 best 15.084
  step 250/1999 best 15.207
  step 300/1999 best 15.367
  step 350/1999 best 15.396
  step 400/1999 best 15.063
  step 450/1999 best 15.375
  step 500/1999 best 15.375
  step 550/1999 best 15.143
  step 600/1999 best 15.348
  step 650/1999 best 15.398
  step 700/1999 best 15.386
  step 750/1999 best 15.202
  step 800/1999 best 15.366
  step 850/1999 best 15.356
  step 900/1999 best 15.326
  step 950/1999 best 15.309
  step 1000/1999 best 15.435
  step 1050/1999 best 15.265
  step 1100/1999 best 15.328
  step 1150/1999 best 15.293
  step 1200/1999 best 15.407
  step 1250/1999 best 15.375
  step 1300/1999 best 15.409
  step 1350/1999 best 15.434
  step 1400/1999 best 15.475
  step 1450/1999 best 15.458
  step 1500/1999 best 15.352
  step 1550/1999 best 15.273
  step 1600/1999 best 15.491
  step 1650/1999 best 15.267
  step 1700/1999 best 15.436
  step 1750/1999 best 15.348
  step 1800/1999 best 15.419
  step 1850/1999 best 15.380
  step 1900/1999 best 15.385
  step 1950/1999 best 15.175
saved SBC_CHAINS_cnn_vmim__n1_jitter_seed_s2_sim817_row766189_noise1465_1644_1823 (240000, 4) acc=0.349
  step 0/1999 best -26.666
  step 50/1999 best 9.878
  step 100/1999 best 11.939
  step 150/1999 best 13.699
  step 200/1999 best 14.147
  step 250/1999 best 14.340
  step 300/1999 best 14.266
  step 350/1999 best 14.452
  step 400/1999 best 14.477
  step 450/1999 best 14.501
  step 500/1999 best 14.458
  step 550/1999 best 14.518
  step 600/1999 best 14.389
  step 650/1999 best 14.504
  step 700/1999 best 14.408
  step 750/1999 best 14.529
  step 800/1999 best 14.394
  step 850/1999 best 14.428
  step 900/1999 best 14.529
  step 950/1999 best 14.375
  step 1000/1999 best 14.530
  step 1050/1999 best 14.382
  step 1100/1999 best 14.441
  step 1150/1999 best 14.548
  step 1200/1999 best 14.482
  step 1250/1999 best 14.502
  step 1300/1999 best 14.474
  step 1350/1999 best 14.431
  step 1400/1999 best 14.491
  step 1450/1999 best 14.479
  step 1500/1999 best 14.406
  step 1550/1999 best 14.363
  step 1600/1999 best 14.464
  step 1650/1999 best 14.440
  step 1700/1999 best 14.518
  step 1750/1999 best 14.572
  step 1800/1999 best 14.473
  step 1850/1999 best 14.500
  step 1900/1999 best 14.444
  step 1950/1999 best 14.376
saved SBC_CHAINS_cnn_vmim__n1_jitter_seed_s2_sim961_row910947_noise8631_8810_8989 (240000, 4) acc=0.371
  step 0/1999 best -11.270
  step 50/1999 best 1.621
  step 100/1999 best 9.781
  step 150/1999 best 15.417
  step 200/1999 best 15.149
  step 250/1999 best 15.113
  step 300/1999 best 15.483
  step 350/1999 best 15.547
  step 400/1999 best 15.718
  step 450/1999 best 15.567
  step 500/1999 best 15.611
  step 550/1999 best 15.590
  step 600/1999 best 15.524
  step 650/1999 best 15.627
  step 700/1999 best 15.664
  step 750/1999 best 15.625
  step 800/1999 best 15.678
  step 850/1999 best 15.683
  step 900/1999 best 15.677
  step 950/1999 best 15.532
  step 1000/1999 best 15.567
  step 1050/1999 best 15.686
  step 1100/1999 best 15.715
  step 1150/1999 best 15.659
  step 1200/1999 best 15.718
  step 1250/1999 best 15.695
  step 1300/1999 best 15.666
  step 1350/1999 best 15.624
  step 1400/1999 best 15.762
  step 1450/1999 best 15.691
  step 1500/1999 best 15.619
  step 1550/1999 best 15.625
  step 1600/1999 best 15.682
  step 1650/1999 best 15.659
  step 1700/1999 best 15.616
  step 1750/1999 best 15.729
  step 1800/1999 best 15.711
  step 1850/1999 best 15.608
  step 1900/1999 best 15.507
  step 1950/1999 best 15.729
saved SBC_CHAINS_cnn_vmim__n1_jitter_seed_s2_sim1291_row1108736_noise4268_4447_4626 (240000, 4) acc=0.249
  step 0/1999 best -16.211
  step 50/1999 best 6.608
  step 100/1999 best 13.088
  step 150/1999 best 15.595
  step 200/1999 best 15.562
  step 250/1999 best 15.626
  step 300/1999 best 15.530
  step 350/1999 best 15.723
  step 400/1999 best 15.530
  step 450/1999 best 15.580
  step 500/1999 best 15.687
  step 550/1999 best 15.692
  step 600/1999 best 15.607
  step 650/1999 best 15.698
  step 700/1999 best 15.701
  step 750/1999 best 15.484
  step 800/1999 best 15.647
  step 850/1999 best 15.686
  step 900/1999 best 15.655
  step 950/1999 best 15.563
  step 1000/1999 best 15.617
  step 1050/1999 best 15.718
  step 1100/1999 best 15.686
  step 1150/1999 best 15.675
  step 1200/1999 best 15.716
  step 1250/1999 best 15.482
  step 1300/1999 best 15.735
  step 1350/1999 best 15.644
  step 1400/1999 best 15.680
  step 1450/1999 best 15.637
  step 1500/1999 best 15.541
  step 1550/1999 best 15.707
  step 1600/1999 best 15.630
  step 1650/1999 best 15.498
  step 1700/1999 best 15.677
  step 1750/1999 best 15.682
  step 1800/1999 best 15.670
  step 1850/1999 best 15.695
  step 1900/1999 best 15.714
  step 1950/1999 best 15.711
saved SBC_CHAINS_cnn_vmim__n1_jitter_seed_s2_sim794_row743195_noise7955_8134_8313 (240000, 4) acc=0.297
  step 0/1999 best -15.400
  step 50/1999 best -4.061
  step 100/1999 best 0.356
  step 150/1999 best 10.771
  step 200/1999 best 14.908
  step 250/1999 best 13.596
  step 300/1999 best 14.631
  step 350/1999 best 14.310
  step 400/1999 best 14.895
  step 450/1999 best 14.932
  step 500/1999 best 15.130
  step 550/1999 best 14.882
  step 600/1999 best 15.046
  step 650/1999 best 15.006
  step 700/1999 best 14.928
  step 750/1999 best 14.975
  step 800/1999 best 15.097
  step 850/1999 best 15.105
  step 900/1999 best 15.061
  step 950/1999 best 14.947
  step 1000/1999 best 14.915
  step 1050/1999 best 14.937
  step 1100/1999 best 14.998
  step 1150/1999 best 15.103
  step 1200/1999 best 15.012
  step 1250/1999 best 14.997
  step 1300/1999 best 14.952
  step 1350/1999 best 15.066
  step 1400/1999 best 15.090
  step 1450/1999 best 15.004
  step 1500/1999 best 15.084
  step 1550/1999 best 14.946
  step 1600/1999 best 14.995
  step 1650/1999 best 15.017
  step 1700/1999 best 15.127
  step 1750/1999 best 15.003
  step 1800/1999 best 15.103
  step 1850/1999 best 15.089
  step 1900/1999 best 15.089
  step 1950/1999 best 15.018
saved SBC_CHAINS_cnn_vmim__n1_jitter_seed_s2_sim715_row664258_noise7642_7821_8000 (240000, 4) acc=0.285
  step 0/1999 best -24.314
  step 50/1999 best -1.566
  step 100/1999 best -1.697
  step 150/1999 best -1.508
  step 200/1999 best 6.170
  step 250/1999 best 6.170
  step 300/1999 best 6.170
  step 350/1999 best 6.339
  step 400/1999 best 5.479
  step 450/1999 best 8.240
  step 500/1999 best 8.584
  step 550/1999 best 6.498
  step 600/1999 best 12.979
  step 650/1999 best 13.117
  step 700/1999 best 13.117
  step 750/1999 best 13.898
  step 800/1999 best 12.874
  step 850/1999 best 14.108
  step 900/1999 best 14.125
  step 950/1999 best 13.034
  step 1000/1999 best 14.149
  step 1050/1999 best 13.507
  step 1100/1999 best 13.717
  step 1150/1999 best 14.407
  step 1200/1999 best 14.003
  step 1250/1999 best 14.300
  step 1300/1999 best 14.350
  step 1350/1999 best 14.282
  step 1400/1999 best 13.958
  step 1450/1999 best 13.944
  step 1500/1999 best 13.993
  step 1550/1999 best 14.466
  step 1600/1999 best 14.443
  step 1650/1999 best 14.323
  step 1700/1999 best 14.401
  step 1750/1999 best 14.424
  step 1800/1999 best 14.376
  step 1850/1999 best 14.200
  step 1900/1999 best 14.504
  step 1950/1999 best 14.241
saved SBC_CHAINS_cnn_vmim__n1_jitter_seed_s2_sim2379_row1978828_noise1452_1631_1810 (240000, 4) acc=0.382
  step 0/1999 best -30.057
  step 50/1999 best -7.768
  step 100/1999 best -2.806
  step 150/1999 best 9.686
  step 200/1999 best 12.175
  step 250/1999 best 12.826
  step 300/1999 best 15.725
  step 350/1999 best 15.822
  step 400/1999 best 16.705
  step 450/1999 best 16.445
  step 500/1999 best 16.608
  step 550/1999 best 16.734
  step 600/1999 best 16.690
  step 650/1999 best 16.610
  step 700/1999 best 16.649
  step 750/1999 best 16.695
  step 800/1999 best 16.677
  step 850/1999 best 16.765
  step 900/1999 best 16.730
  step 950/1999 best 16.823
  step 1000/1999 best 16.614
  step 1050/1999 best 16.625
  step 1100/1999 best 16.579
  step 1150/1999 best 16.572
  step 1200/1999 best 16.631
  step 1250/1999 best 16.539
  step 1300/1999 best 16.795
  step 1350/1999 best 16.787
  step 1400/1999 best 16.786
  step 1450/1999 best 16.651
  step 1500/1999 best 16.638
  step 1550/1999 best 16.682
  step 1600/1999 best 16.692
  step 1650/1999 best 16.731
  step 1700/1999 best 16.727
  step 1750/1999 best 16.829
  step 1800/1999 best 16.615
  step 1850/1999 best 16.787
  step 1900/1999 best 16.652
  step 1950/1999 best 16.740
saved SBC_CHAINS_cnn_vmim__n1_jitter_seed_s2_sim1185_row1003588_noise6228_6407_6586 (240000, 4) acc=0.154
  step 0/1999 best -20.575
  step 50/1999 best -6.011
  step 100/1999 best -1.013
  step 150/1999 best 11.531
  step 200/1999 best 11.043
  step 250/1999 best 12.066
  step 300/1999 best 12.695
  step 350/1999 best 12.653
  step 400/1999 best 12.744
  step 450/1999 best 13.127
  step 500/1999 best 13.027
  step 550/1999 best 13.053
  step 600/1999 best 13.146
  step 650/1999 best 13.074
  step 700/1999 best 13.112
  step 750/1999 best 13.035
  step 800/1999 best 13.041
  step 850/1999 best 13.166
  step 900/1999 best 13.170
  step 950/1999 best 13.160
  step 1000/1999 best 13.232
  step 1050/1999 best 13.143
  step 1100/1999 best 13.224
  step 1150/1999 best 13.178
  step 1200/1999 best 13.138
  step 1250/1999 best 13.034
  step 1300/1999 best 13.117
  step 1350/1999 best 13.180
  step 1400/1999 best 13.274
  step 1450/1999 best 13.246
  step 1500/1999 best 13.173
  step 1550/1999 best 13.250
  step 1600/1999 best 13.127
  step 1650/1999 best 13.059
  step 1700/1999 best 13.226
  step 1750/1999 best 13.230
  step 1800/1999 best 13.093
  step 1850/1999 best 13.022
  step 1900/1999 best 13.112
  step 1950/1999 best 13.052
saved SBC_CHAINS_cnn_vmim__n1_jitter_seed_s2_sim3021_row2616016_noise3820_3999_4178 (240000, 4) acc=0.225
  step 0/1999 best -21.919
  step 50/1999 best 11.961
  step 100/1999 best 12.176
  step 150/1999 best 13.017
  step 200/1999 best 13.753
  step 250/1999 best 15.528
  step 300/1999 best 16.517
  step 350/1999 best 16.202
  step 400/1999 best 16.673
  step 450/1999 best 16.811
  step 500/1999 best 16.740
  step 550/1999 best 16.701
  step 600/1999 best 16.628
  step 650/1999 best 16.780
  step 700/1999 best 16.722
  step 750/1999 best 16.332
  step 800/1999 best 16.891
  step 850/1999 best 16.649
  step 900/1999 best 16.346
  step 950/1999 best 16.613
  step 1000/1999 best 16.723
  step 1050/1999 best 16.595
  step 1100/1999 best 16.624
  step 1150/1999 best 16.476
  step 1200/1999 best 16.806
  step 1250/1999 best 16.786
  step 1300/1999 best 16.856
  step 1350/1999 best 16.764
  step 1400/1999 best 16.750
  step 1450/1999 best 16.734
  step 1500/1999 best 16.743
  step 1550/1999 best 16.752
  step 1600/1999 best 16.964
  step 1650/1999 best 16.689
  step 1700/1999 best 16.857
  step 1750/1999 best 16.825
  step 1800/1999 best 16.610
  step 1850/1999 best 16.826
  step 1900/1999 best 16.911
  step 1950/1999 best 17.032
saved SBC_CHAINS_cnn_vmim__n1_jitter_seed_s2_sim286_row272438_noise1426_1605_1784 (240000, 4) acc=0.138
  step 0/1999 best -21.824
  step 50/1999 best 10.990
  step 100/1999 best 13.708
  step 150/1999 best 14.597
  step 200/1999 best 14.630
  step 250/1999 best 14.554
  step 300/1999 best 14.218
  step 350/1999 best 14.531
  step 400/1999 best 14.534
  step 450/1999 best 14.567
  step 500/1999 best 14.564
  step 550/1999 best 14.467
  step 600/1999 best 14.491
  step 650/1999 best 14.620
  step 700/1999 best 14.656
  step 750/1999 best 14.613
  step 800/1999 best 14.570
  step 850/1999 best 14.616
  step 900/1999 best 14.701
  step 950/1999 best 14.700
  step 1000/1999 best 14.565
  step 1050/1999 best 14.641
  step 1100/1999 best 14.670
  step 1150/1999 best 14.675
  step 1200/1999 best 14.656
  step 1250/1999 best 14.635
  step 1300/1999 best 14.722
  step 1350/1999 best 14.589
  step 1400/1999 best 14.594
  step 1450/1999 best 14.684
  step 1500/1999 best 14.636
  step 1550/1999 best 14.409
  step 1600/1999 best 14.598
  step 1650/1999 best 14.602
  step 1700/1999 best 14.629
  step 1750/1999 best 14.730
  step 1800/1999 best 14.636
  step 1850/1999 best 14.669
  step 1900/1999 best 14.601
  step 1950/1999 best 14.635
saved SBC_CHAINS_cnn_vmim__n1_jitter_seed_s2_sim973_row922413_noise441_620_799 (240000, 4) acc=0.337
  step 0/1999 best -5.167
  step 50/1999 best 3.123
  step 100/1999 best 8.232
  step 150/1999 best 12.356
  step 200/1999 best 12.552
  step 250/1999 best 13.174
  step 300/1999 best 13.560
  step 350/1999 best 13.279
  step 400/1999 best 13.106
  step 450/1999 best 13.284
  step 500/1999 best 13.437
  step 550/1999 best 13.261
  step 600/1999 best 13.465
  step 650/1999 best 13.425
  step 700/1999 best 13.430
  step 750/1999 best 13.367
  step 800/1999 best 13.418
  step 850/1999 best 13.436
  step 900/1999 best 13.454
  step 950/1999 best 13.388
  step 1000/1999 best 13.427
  step 1050/1999 best 13.373
  step 1100/1999 best 13.383
  step 1150/1999 best 13.445
  step 1200/1999 best 13.369
  step 1250/1999 best 13.362
  step 1300/1999 best 13.456
  step 1350/1999 best 13.551
  step 1400/1999 best 13.474
  step 1450/1999 best 13.331
  step 1500/1999 best 13.285
  step 1550/1999 best 13.479
  step 1600/1999 best 13.229
  step 1650/1999 best 13.518
  step 1700/1999 best 13.378
  step 1750/1999 best 13.374
  step 1800/1999 best 13.505
  step 1850/1999 best 13.458
  step 1900/1999 best 13.422
  step 1950/1999 best 13.392
saved SBC_CHAINS_cnn_vmim__n1_jitter_seed_s2_sim2371_row1970162_noise2614_2793_2972 (240000, 4) acc=0.305
  step 0/1999 best -14.263
  step 50/1999 best 3.140
  step 100/1999 best 14.891
  step 150/1999 best 16.307
  step 200/1999 best 16.552
  step 250/1999 best 16.122
  step 300/1999 best 16.538
  step 350/1999 best 16.600
  step 400/1999 best 16.429
  step 450/1999 best 16.563
  step 500/1999 best 16.473
  step 550/1999 best 16.591
  step 600/1999 best 16.521
  step 650/1999 best 16.512
  step 700/1999 best 16.339
  step 750/1999 best 16.622
  step 800/1999 best 16.609
  step 850/1999 best 16.593
  step 900/1999 best 16.524
  step 950/1999 best 16.667
  step 1000/1999 best 16.675
  step 1050/1999 best 16.612
  step 1100/1999 best 16.609
  step 1150/1999 best 16.522
  step 1200/1999 best 16.654
  step 1250/1999 best 16.507
  step 1300/1999 best 16.612
  step 1350/1999 best 16.696
  step 1400/1999 best 16.503
  step 1450/1999 best 16.631
  step 1500/1999 best 16.696
  step 1550/1999 best 16.684
  step 1600/1999 best 16.646
  step 1650/1999 best 16.616
  step 1700/1999 best 16.631
  step 1750/1999 best 16.692
  step 1800/1999 best 16.679
  step 1850/1999 best 16.691
  step 1900/1999 best 16.608
  step 1950/1999 best 16.605
saved SBC_CHAINS_cnn_vmim__n1_jitter_seed_s2_sim266_row252453_noise1097_1276_1455 (240000, 4) acc=0.307
  step 0/1999 best -24.760
  step 50/1999 best -1.849
  step 100/1999 best 10.439
  step 150/1999 best 10.004
  step 200/1999 best 15.256
  step 250/1999 best 16.871
  step 300/1999 best 16.895
  step 350/1999 best 16.599
  step 400/1999 best 17.458
  step 450/1999 best 17.507
  step 500/1999 best 17.510
  step 550/1999 best 17.240
  step 600/1999 best 16.873
  step 650/1999 best 17.403
  step 700/1999 best 17.270
  step 750/1999 best 17.538
  step 800/1999 best 17.521
  step 850/1999 best 17.482
  step 900/1999 best 17.368
  step 950/1999 best 17.381
  step 1000/1999 best 17.380
  step 1050/1999 best 17.204
  step 1100/1999 best 17.340
  step 1150/1999 best 17.231
  step 1200/1999 best 17.428
  step 1250/1999 best 17.031
  step 1300/1999 best 17.412
  step 1350/1999 best 17.373
  step 1400/1999 best 17.258
  step 1450/1999 best 17.309
  step 1500/1999 best 17.449
  step 1550/1999 best 17.404
  step 1600/1999 best 17.423
  step 1650/1999 best 17.469
  step 1700/1999 best 17.155
  step 1750/1999 best 16.978
  step 1800/1999 best 17.525
  step 1850/1999 best 17.244
  step 1900/1999 best 17.451
  step 1950/1999 best 17.444
saved SBC_CHAINS_cnn_vmim__n1_jitter_seed_s2_sim183_row174066_noise6162_6341_6520 (240000, 4) acc=0.256
  step 0/1999 best -20.228
  step 50/1999 best -0.302
  step 100/1999 best 0.796
  step 150/1999 best 9.364
  step 200/1999 best 9.507
  step 250/1999 best 10.875
  step 300/1999 best 11.517
  step 350/1999 best 11.548
  step 400/1999 best 11.408
  step 450/1999 best 11.404
  step 500/1999 best 11.561
  step 550/1999 best 11.573
  step 600/1999 best 11.772
  step 650/1999 best 11.502
  step 700/1999 best 11.455
  step 750/1999 best 11.768
  step 800/1999 best 11.731
  step 850/1999 best 11.716
  step 900/1999 best 11.647
  step 950/1999 best 11.743
  step 1000/1999 best 11.689
  step 1050/1999 best 11.658
  step 1100/1999 best 11.770
  step 1150/1999 best 11.703
  step 1200/1999 best 11.688
  step 1250/1999 best 11.741
  step 1300/1999 best 11.577
  step 1350/1999 best 11.653
  step 1400/1999 best 11.544
  step 1450/1999 best 11.734
  step 1500/1999 best 11.615
  step 1550/1999 best 11.635
  step 1600/1999 best 11.682
  step 1650/1999 best 11.629
  step 1700/1999 best 11.531
  step 1750/1999 best 11.608
  step 1800/1999 best 11.634
  step 1850/1999 best 11.622
  step 1900/1999 best 11.700
  step 1950/1999 best 11.526
saved SBC_CHAINS_cnn_vmim__n1_jitter_seed_s2_sim139_row130114_noise1522_1701_1880 (240000, 4) acc=0.179
  step 0/1999 best -14.967
  step 50/1999 best 0.338
  step 100/1999 best 5.299
  step 150/1999 best 9.165
  step 200/1999 best 12.127
  step 250/1999 best 12.728
  step 300/1999 best 12.851
  step 350/1999 best 12.890
  step 400/1999 best 12.928
  step 450/1999 best 13.185
  step 500/1999 best 13.092
  step 550/1999 best 13.271
  step 600/1999 best 13.274
  step 650/1999 best 13.229
  step 700/1999 best 13.244
  step 750/1999 best 13.208
  step 800/1999 best 13.085
  step 850/1999 best 12.969
  step 900/1999 best 12.876
  step 950/1999 best 13.168
  step 1000/1999 best 13.300
  step 1050/1999 best 13.215
  step 1100/1999 best 13.146
  step 1150/1999 best 13.107
  step 1200/1999 best 13.260
  step 1250/1999 best 13.135
  step 1300/1999 best 13.179
  step 1350/1999 best 12.911
  step 1400/1999 best 13.169
  step 1450/1999 best 13.335
  step 1500/1999 best 13.269
  step 1550/1999 best 13.223
  step 1600/1999 best 13.186
  step 1650/1999 best 13.169
  step 1700/1999 best 13.279
  step 1750/1999 best 13.320
  step 1800/1999 best 13.309
  step 1850/1999 best 13.021
  step 1900/1999 best 13.212
  step 1950/1999 best 13.287
saved SBC_CHAINS_cnn_vmim__n1_jitter_seed_s2_sim2355_row1955015_noise6123_6302_6481 (240000, 4) acc=0.202
  step 0/1999 best -16.564
  step 50/1999 best 1.638
  step 100/1999 best 2.971
  step 150/1999 best 9.491
  step 200/1999 best 10.344
  step 250/1999 best 10.414
  step 300/1999 best 10.099
  step 350/1999 best 10.170
  step 400/1999 best 10.144
  step 450/1999 best 10.447
  step 500/1999 best 10.445
  step 550/1999 best 10.392
  step 600/1999 best 10.119
  step 650/1999 best 10.185
  step 700/1999 best 10.273
  step 750/1999 best 10.431
  step 800/1999 best 10.271
  step 850/1999 best 10.241
  step 900/1999 best 10.462
  step 950/1999 best 10.515
  step 1000/1999 best 10.464
  step 1050/1999 best 10.261
  step 1100/1999 best 10.471
  step 1150/1999 best 10.564
  step 1200/1999 best 10.416
  step 1250/1999 best 10.513
  step 1300/1999 best 10.388
  step 1350/1999 best 10.278
  step 1400/1999 best 10.206
  step 1450/1999 best 10.406
  step 1500/1999 best 10.536
  step 1550/1999 best 10.416
  step 1600/1999 best 10.489
  step 1650/1999 best 10.241
  step 1700/1999 best 10.339
  step 1750/1999 best 10.323
  step 1800/1999 best 10.397
  step 1850/1999 best 10.409
  step 1900/1999 best 10.420
  step 1950/1999 best 10.336
saved SBC_CHAINS_cnn_vmim__n1_jitter_seed_s2_sim2587_row2186988_noise3224_3403_3582 (240000, 4) acc=0.154
  step 0/1999 best -17.172
  step 50/1999 best 10.162
  step 100/1999 best 14.338
  step 150/1999 best 14.731
  step 200/1999 best 14.664
  step 250/1999 best 15.182
  step 300/1999 best 15.302
  step 350/1999 best 15.144
  step 400/1999 best 15.437
  step 450/1999 best 15.338
  step 500/1999 best 15.406
  step 550/1999 best 15.351
  step 600/1999 best 15.427
  step 650/1999 best 15.412
  step 700/1999 best 15.446
  step 750/1999 best 15.426
  step 800/1999 best 15.500
  step 850/1999 best 15.426
  step 900/1999 best 15.302
  step 950/1999 best 15.504
  step 1000/1999 best 15.475
  step 1050/1999 best 15.409
  step 1100/1999 best 15.488
  step 1150/1999 best 15.384
  step 1200/1999 best 15.460
  step 1250/1999 best 15.368
  step 1300/1999 best 15.462
  step 1350/1999 best 15.330
  step 1400/1999 best 15.463
  step 1450/1999 best 15.429
  step 1500/1999 best 15.535
  step 1550/1999 best 15.491
  step 1600/1999 best 15.431
  step 1650/1999 best 15.456
  step 1700/1999 best 15.470
  step 1750/1999 best 15.306
  step 1800/1999 best 15.448
  step 1850/1999 best 15.511
  step 1900/1999 best 15.414
  step 1950/1999 best 15.483
saved SBC_CHAINS_cnn_vmim__n1_jitter_seed_s2_sim727_row676730_noise458_637_816 (240000, 4) acc=0.289
  step 0/1999 best -16.024
  step 50/1999 best -4.203
  step 100/1999 best 4.694
  step 150/1999 best 6.237
  step 200/1999 best 11.006
  step 250/1999 best 12.362
  step 300/1999 best 13.189
  step 350/1999 best 13.189
  step 400/1999 best 13.660
  step 450/1999 best 14.072
  step 500/1999 best 13.742
  step 550/1999 best 13.857
  step 600/1999 best 14.070
  step 650/1999 best 13.724
  step 700/1999 best 13.907
  step 750/1999 best 13.942
  step 800/1999 best 13.958
  step 850/1999 best 14.049
  step 900/1999 best 13.947
  step 950/1999 best 14.054
  step 1000/1999 best 14.074
  step 1050/1999 best 14.206
  step 1100/1999 best 14.046
  step 1150/1999 best 14.008
  step 1200/1999 best 13.652
  step 1250/1999 best 13.798
  step 1300/1999 best 13.838
  step 1350/1999 best 13.844
  step 1400/1999 best 13.911
  step 1450/1999 best 14.123
  step 1500/1999 best 14.206
  step 1550/1999 best 14.176
  step 1600/1999 best 13.993
  step 1650/1999 best 14.083
  step 1700/1999 best 14.045
  step 1750/1999 best 14.136
  step 1800/1999 best 14.076
  step 1850/1999 best 13.911
  step 1900/1999 best 14.089
  step 1950/1999 best 13.878
saved SBC_CHAINS_cnn_vmim__n1_jitter_seed_s2_sim2464_row2063762_noise7762_7941_8120 (240000, 4) acc=0.182
  step 0/1999 best -14.756
  step 50/1999 best -0.953
  step 100/1999 best 4.863
  step 150/1999 best 12.025
  step 200/1999 best 12.293
  step 250/1999 best 14.890
  step 300/1999 best 14.922
  step 350/1999 best 14.933
  step 400/1999 best 15.156
  step 450/1999 best 15.143
  step 500/1999 best 15.153
  step 550/1999 best 15.185
  step 600/1999 best 15.278
  step 650/1999 best 15.158
  step 700/1999 best 15.170
  step 750/1999 best 15.147
  step 800/1999 best 15.176
  step 850/1999 best 15.205
  step 900/1999 best 15.117
  step 950/1999 best 15.298
  step 1000/1999 best 15.204
  step 1050/1999 best 15.289
  step 1100/1999 best 15.228
  step 1150/1999 best 15.210
  step 1200/1999 best 15.264
  step 1250/1999 best 15.294
  step 1300/1999 best 15.243
  step 1350/1999 best 15.305
  step 1400/1999 best 15.216
  step 1450/1999 best 15.238
  step 1500/1999 best 14.869
  step 1550/1999 best 15.192
  step 1600/1999 best 15.246
  step 1650/1999 best 15.207
  step 1700/1999 best 15.153
  step 1750/1999 best 15.259
  step 1800/1999 best 15.097
  step 1850/1999 best 15.167
  step 1900/1999 best 15.274
  step 1950/1999 best 15.199
saved SBC_CHAINS_cnn_vmim__n1_jitter_seed_s2_sim1525_row1302336_noise1996_2175_2354 (240000, 4) acc=0.236
  step 0/1999 best -14.915
  step 50/1999 best 10.407
  step 100/1999 best 12.942
  step 150/1999 best 16.424
  step 200/1999 best 16.766
  step 250/1999 best 16.707
  step 300/1999 best 16.847
  step 350/1999 best 16.876
  step 400/1999 best 16.829
  step 450/1999 best 16.623
  step 500/1999 best 16.740
  step 550/1999 best 16.682
  step 600/1999 best 16.543
  step 650/1999 best 16.785
  step 700/1999 best 16.705
  step 750/1999 best 16.788
  step 800/1999 best 16.871
  step 850/1999 best 16.753
  step 900/1999 best 16.773
  step 950/1999 best 16.771
  step 1000/1999 best 16.794
  step 1050/1999 best 16.809
  step 1100/1999 best 16.713
  step 1150/1999 best 16.861
  step 1200/1999 best 16.583
  step 1250/1999 best 16.746
  step 1300/1999 best 16.789
  step 1350/1999 best 16.815
  step 1400/1999 best 16.872
  step 1450/1999 best 16.870
  step 1500/1999 best 16.820
  step 1550/1999 best 16.858
  step 1600/1999 best 16.748
  step 1650/1999 best 16.685
  step 1700/1999 best 16.615
  step 1750/1999 best 16.890
  step 1800/1999 best 16.826
  step 1850/1999 best 16.750
  step 1900/1999 best 16.751
  step 1950/1999 best 16.908
saved SBC_CHAINS_cnn_vmim__n1_jitter_seed_s2_sim897_row846547_noise3199_3378_3557 (240000, 4) acc=0.312
  step 0/1999 best -21.968
  step 50/1999 best 5.714
  step 100/1999 best 5.714
  step 150/1999 best 12.965
  step 200/1999 best 13.674
  step 250/1999 best 15.239
  step 300/1999 best 16.174
  step 350/1999 best 15.456
  step 400/1999 best 16.203
  step 450/1999 best 15.905
  step 500/1999 best 16.180
  step 550/1999 best 16.072
  step 600/1999 best 16.195
  step 650/1999 best 16.114
  step 700/1999 best 16.263
  step 750/1999 best 16.367
  step 800/1999 best 16.347
  step 850/1999 best 16.161
  step 900/1999 best 16.288
  step 950/1999 best 16.273
  step 1000/1999 best 15.853
  step 1050/1999 best 16.204
  step 1100/1999 best 16.249
  step 1150/1999 best 16.018
  step 1200/1999 best 16.167
  step 1250/1999 best 16.233
  step 1300/1999 best 16.118
  step 1350/1999 best 16.251
  step 1400/1999 best 16.245
  step 1450/1999 best 16.247
  step 1500/1999 best 16.331
  step 1550/1999 best 16.243
  step 1600/1999 best 16.223
  step 1650/1999 best 16.222
  step 1700/1999 best 16.137
  step 1750/1999 best 16.082
  step 1800/1999 best 16.198
  step 1850/1999 best 16.219
  step 1900/1999 best 15.972
  step 1950/1999 best 16.069
saved SBC_CHAINS_cnn_vmim__n1_jitter_seed_s2_sim1221_row1039708_noise3036_3215_3394 (240000, 4) acc=0.261
  step 0/1999 best -19.569
  step 50/1999 best -0.222
  step 100/1999 best 14.263
  step 150/1999 best 16.622
  step 200/1999 best 17.406
  step 250/1999 best 17.475
  step 300/1999 best 17.260
  step 350/1999 best 15.995
  step 400/1999 best 17.009
  step 450/1999 best 17.486
  step 500/1999 best 17.809
  step 550/1999 best 16.574
  step 600/1999 best 16.945
  step 650/1999 best 17.286
  step 700/1999 best 17.545
  step 750/1999 best 17.500
  step 800/1999 best 17.626
  step 850/1999 best 17.252
  step 900/1999 best 17.473
  step 950/1999 best 17.643
  step 1000/1999 best 17.573
  step 1050/1999 best 17.663
  step 1100/1999 best 17.813
  step 1150/1999 best 17.481
  step 1200/1999 best 17.772
  step 1250/1999 best 17.721
  step 1300/1999 best 17.668
  step 1350/1999 best 17.710
  step 1400/1999 best 17.741
  step 1450/1999 best 17.765
  step 1500/1999 best 17.423
  step 1550/1999 best 17.720
  step 1600/1999 best 17.627
  step 1650/1999 best 17.649
  step 1700/1999 best 17.656
  step 1750/1999 best 17.572
  step 1800/1999 best 17.712
  step 1850/1999 best 17.656
  step 1900/1999 best 17.709
  step 1950/1999 best 17.588
saved SBC_CHAINS_cnn_vmim__n1_jitter_seed_s2_sim1282_row1099851_noise5211_5390_5569 (240000, 4) acc=0.204
  step 0/1999 best -26.720
  step 50/1999 best -2.571
  step 100/1999 best 4.287
  step 150/1999 best 4.313
  step 200/1999 best 10.352
  step 250/1999 best 14.661
  step 300/1999 best 16.151
  step 350/1999 best 16.151
  step 400/1999 best 16.623
  step 450/1999 best 16.486
  step 500/1999 best 16.780
  step 550/1999 best 17.571
  step 600/1999 best 17.248
  step 650/1999 best 17.186
  step 700/1999 best 17.136
  step 750/1999 best 17.144
  step 800/1999 best 16.520
  step 850/1999 best 17.449
  step 900/1999 best 17.516
  step 950/1999 best 17.367
  step 1000/1999 best 17.293
  step 1050/1999 best 16.858
  step 1100/1999 best 17.282
  step 1150/1999 best 17.469
  step 1200/1999 best 17.564
  step 1250/1999 best 17.537
  step 1300/1999 best 17.213
  step 1350/1999 best 17.462
  step 1400/1999 best 17.242
  step 1450/1999 best 17.278
  step 1500/1999 best 17.622
  step 1550/1999 best 17.311
  step 1600/1999 best 17.486
  step 1650/1999 best 17.345
  step 1700/1999 best 17.138
  step 1750/1999 best 17.605
  step 1800/1999 best 17.431
  step 1850/1999 best 17.592
  step 1900/1999 best 17.473
  step 1950/1999 best 17.529
saved SBC_CHAINS_cnn_vmim__n1_jitter_seed_s2_sim1198_row1016344_noise9156_9335_9514 (240000, 4) acc=0.183
  step 0/1999 best -6.036
  step 50/1999 best 4.494
  step 100/1999 best 9.704
  step 150/1999 best 11.586
  step 200/1999 best 13.695
  step 250/1999 best 14.696
  step 300/1999 best 14.405
  step 350/1999 best 14.351
  step 400/1999 best 14.578
  step 450/1999 best 14.468
  step 500/1999 best 14.726
  step 550/1999 best 14.607
  step 600/1999 best 14.516
  step 650/1999 best 14.632
  step 700/1999 best 14.572
  step 750/1999 best 14.631
  step 800/1999 best 14.630
  step 850/1999 best 14.446
  step 900/1999 best 14.645
  step 950/1999 best 14.644
  step 1000/1999 best 14.557
  step 1050/1999 best 14.670
  step 1100/1999 best 14.653
  step 1150/1999 best 14.608
  step 1200/1999 best 14.679
  step 1250/1999 best 14.589
  step 1300/1999 best 14.571
  step 1350/1999 best 14.531
  step 1400/1999 best 14.520
  step 1450/1999 best 14.697
  step 1500/1999 best 14.606
  step 1550/1999 best 14.719
  step 1600/1999 best 14.610
  step 1650/1999 best 14.613
  step 1700/1999 best 14.602
  step 1750/1999 best 14.612
  step 1800/1999 best 14.624
  step 1850/1999 best 14.725
  step 1900/1999 best 14.732
  step 1950/1999 best 14.528
saved SBC_CHAINS_cnn_vmim__n1_jitter_seed_s2_sim421_row399961_noise9185_9364_9543 (240000, 4) acc=0.288
  step 0/1999 best -10.180
  step 50/1999 best 15.065
  step 100/1999 best 15.475
  step 150/1999 best 16.460
  step 200/1999 best 16.457
  step 250/1999 best 16.417
  step 300/1999 best 16.477
  step 350/1999 best 16.424
  step 400/1999 best 16.543
  step 450/1999 best 16.497
  step 500/1999 best 16.509
  step 550/1999 best 16.415
  step 600/1999 best 16.536
  step 650/1999 best 16.447
  step 700/1999 best 16.521
  step 750/1999 best 16.476
  step 800/1999 best 16.510
  step 850/1999 best 16.580
  step 900/1999 best 16.555
  step 950/1999 best 16.558
  step 1000/1999 best 16.407
  step 1050/1999 best 16.443
  step 1100/1999 best 16.565
  step 1150/1999 best 16.476
  step 1200/1999 best 16.347
  step 1250/1999 best 16.359
  step 1300/1999 best 16.464
  step 1350/1999 best 16.540
  step 1400/1999 best 16.430
  step 1450/1999 best 16.494
  step 1500/1999 best 16.465
  step 1550/1999 best 16.607
  step 1600/1999 best 16.395
  step 1650/1999 best 16.524
  step 1700/1999 best 16.513
  step 1750/1999 best 16.488
  step 1800/1999 best 16.527
  step 1850/1999 best 16.576
  step 1900/1999 best 16.504
  step 1950/1999 best 16.457
saved SBC_CHAINS_cnn_vmim__n1_jitter_seed_s2_sim812_row761364_noise6468_6647_6826 (240000, 4) acc=0.359
  step 0/1999 best -15.905
  step 50/1999 best 2.104
  step 100/1999 best 14.333
  step 150/1999 best 15.160
  step 200/1999 best 14.126
  step 250/1999 best 15.021
  step 300/1999 best 15.152
  step 350/1999 best 15.255
  step 400/1999 best 15.458
  step 450/1999 best 15.417
  step 500/1999 best 15.473
  step 550/1999 best 15.435
  step 600/1999 best 15.509
  step 650/1999 best 15.475
  step 700/1999 best 15.478
  step 750/1999 best 15.291
  step 800/1999 best 15.517
  step 850/1999 best 15.460
  step 900/1999 best 15.614
  step 950/1999 best 15.592
  step 1000/1999 best 15.449
  step 1050/1999 best 15.498
  step 1100/1999 best 15.561
  step 1150/1999 best 15.532
  step 1200/1999 best 15.459
  step 1250/1999 best 15.433
  step 1300/1999 best 15.431
  step 1350/1999 best 15.592
  step 1400/1999 best 15.413
  step 1450/1999 best 15.410
  step 1500/1999 best 15.431
  step 1550/1999 best 15.544
  step 1600/1999 best 15.547
  step 1650/1999 best 15.577
  step 1700/1999 best 15.549
  step 1750/1999 best 15.466
  step 1800/1999 best 15.506
  step 1850/1999 best 15.568
  step 1900/1999 best 15.370
  step 1950/1999 best 15.552
saved SBC_CHAINS_cnn_vmim__n1_jitter_seed_s2_sim1741_row1494753_noise2197_2376_2555 (240000, 4) acc=0.269
  step 0/1999 best -17.825
  step 50/1999 best 0.883
  step 100/1999 best 14.078
  step 150/1999 best 14.795
  step 200/1999 best 15.662
  step 250/1999 best 15.682
  step 300/1999 best 15.964
  step 350/1999 best 15.629
  step 400/1999 best 16.027
  step 450/1999 best 15.942
  step 500/1999 best 16.108
  step 550/1999 best 16.004
  step 600/1999 best 15.992
  step 650/1999 best 15.928
  step 700/1999 best 16.082
  step 750/1999 best 16.055
  step 800/1999 best 16.072
  step 850/1999 best 16.119
  step 900/1999 best 16.079
  step 950/1999 best 16.015
  step 1000/1999 best 16.056
  step 1050/1999 best 16.056
  step 1100/1999 best 16.078
  step 1150/1999 best 16.100
  step 1200/1999 best 16.158
  step 1250/1999 best 16.137
  step 1300/1999 best 16.165
  step 1350/1999 best 16.200
  step 1400/1999 best 16.137
  step 1450/1999 best 16.132
  step 1500/1999 best 16.114
  step 1550/1999 best 16.153
  step 1600/1999 best 16.121
  step 1650/1999 best 16.165
  step 1700/1999 best 16.019
  step 1750/1999 best 16.107
  step 1800/1999 best 16.023
  step 1850/1999 best 16.043
  step 1900/1999 best 16.155
  step 1950/1999 best 16.066
saved SBC_CHAINS_cnn_vmim__n1_jitter_seed_s2_sim187_row178275_noise543_722_901 (240000, 4) acc=0.281
  step 0/1999 best -17.457
  step 50/1999 best 2.032
  step 100/1999 best 13.736
  step 150/1999 best 13.736
  step 200/1999 best 15.719
  step 250/1999 best 15.622
  step 300/1999 best 15.576
  step 350/1999 best 15.687
  step 400/1999 best 15.758
  step 450/1999 best 15.759
  step 500/1999 best 15.315
  step 550/1999 best 15.502
  step 600/1999 best 15.708
  step 650/1999 best 15.433
  step 700/1999 best 15.591
  step 750/1999 best 15.620
  step 800/1999 best 15.728
  step 850/1999 best 15.709
  step 900/1999 best 15.792
  step 950/1999 best 15.618
  step 1000/1999 best 15.743
  step 1050/1999 best 15.758
  step 1100/1999 best 15.758
  step 1150/1999 best 15.641
  step 1200/1999 best 15.682
  step 1250/1999 best 15.754
  step 1300/1999 best 15.428
  step 1350/1999 best 15.764
  step 1400/1999 best 15.769
  step 1450/1999 best 15.601
  step 1500/1999 best 15.615
  step 1550/1999 best 15.675
  step 1600/1999 best 15.757
  step 1650/1999 best 15.722
  step 1700/1999 best 15.756
  step 1750/1999 best 15.672
  step 1800/1999 best 15.695
  step 1850/1999 best 15.793
  step 1900/1999 best 15.775
  step 1950/1999 best 15.662
saved SBC_CHAINS_cnn_vmim__n1_jitter_seed_s2_sim2048_row1658506_noise4282_4461_4640 (240000, 4) acc=0.268
  step 0/1999 best -11.677
  step 50/1999 best -4.008
  step 100/1999 best 14.332
  step 150/1999 best 15.330
  step 200/1999 best 16.752
  step 250/1999 best 16.011
  step 300/1999 best 16.769
  step 350/1999 best 16.885
  step 400/1999 best 16.702
  step 450/1999 best 16.629
  step 500/1999 best 16.717
  step 550/1999 best 16.554
  step 600/1999 best 16.969
  step 650/1999 best 16.999
  step 700/1999 best 16.876
  step 750/1999 best 16.830
  step 800/1999 best 16.814
  step 850/1999 best 16.736
  step 900/1999 best 16.829
  step 950/1999 best 16.961
  step 1000/1999 best 16.684
  step 1050/1999 best 16.940
  step 1100/1999 best 16.965
  step 1150/1999 best 16.744
  step 1200/1999 best 16.777
  step 1250/1999 best 16.970
  step 1300/1999 best 16.988
  step 1350/1999 best 16.888
  step 1400/1999 best 16.909
  step 1450/1999 best 17.033
  step 1500/1999 best 16.690
  step 1550/1999 best 17.062
  step 1600/1999 best 16.990
  step 1650/1999 best 16.956
  step 1700/1999 best 16.963
  step 1750/1999 best 16.984
  step 1800/1999 best 16.844
  step 1850/1999 best 17.081
  step 1900/1999 best 17.020
  step 1950/1999 best 16.977
saved SBC_CHAINS_cnn_vmim__n1_jitter_seed_s2_sim202_row188970_noise6410_6589_6768 (240000, 4) acc=0.215
  step 0/1999 best -12.700
  step 50/1999 best 7.118
  step 100/1999 best 12.241
  step 150/1999 best 14.057
  step 200/1999 best 15.254
  step 250/1999 best 15.352
  step 300/1999 best 15.583
  step 350/1999 best 15.631
  step 400/1999 best 16.026
  step 450/1999 best 15.827
  step 500/1999 best 15.865
  step 550/1999 best 15.721
  step 600/1999 best 15.697
  step 650/1999 best 15.884
  step 700/1999 best 15.930
  step 750/1999 best 15.977
  step 800/1999 best 15.803
  step 850/1999 best 15.761
  step 900/1999 best 15.910
  step 950/1999 best 15.998
  step 1000/1999 best 15.958
  step 1050/1999 best 15.893
  step 1100/1999 best 15.937
  step 1150/1999 best 15.921
  step 1200/1999 best 15.880
  step 1250/1999 best 15.915
  step 1300/1999 best 16.035
  step 1350/1999 best 15.927
  step 1400/1999 best 16.029
  step 1450/1999 best 16.007
  step 1500/1999 best 15.871
  step 1550/1999 best 15.899
  step 1600/1999 best 16.008
  step 1650/1999 best 15.942
  step 1700/1999 best 15.893
  step 1750/1999 best 16.049
  step 1800/1999 best 15.971
  step 1850/1999 best 15.890
  step 1900/1999 best 15.866
  step 1950/1999 best 16.013
saved SBC_CHAINS_cnn_vmim__n1_jitter_seed_s2_sim1261_row1079560_noise3576_3755_3934 (240000, 4) acc=0.328
  step 0/1999 best -16.754
  step 50/1999 best 2.400
  step 100/1999 best 14.612
  step 150/1999 best 14.532
  step 200/1999 best 15.034
  step 250/1999 best 14.875
  step 300/1999 best 14.878
  step 350/1999 best 15.068
  step 400/1999 best 14.860
  step 450/1999 best 15.093
  step 500/1999 best 15.315
  step 550/1999 best 15.348
  step 600/1999 best 15.256
  step 650/1999 best 15.189
  step 700/1999 best 15.119
  step 750/1999 best 15.219
  step 800/1999 best 15.230
  step 850/1999 best 15.226
  step 900/1999 best 15.253
  step 950/1999 best 15.331
  step 1000/1999 best 15.276
  step 1050/1999 best 15.292
  step 1100/1999 best 15.327
  step 1150/1999 best 15.371
  step 1200/1999 best 15.318
  step 1250/1999 best 15.283
  step 1300/1999 best 15.227
  step 1350/1999 best 15.266
  step 1400/1999 best 15.321
  step 1450/1999 best 15.086
  step 1500/1999 best 15.147
  step 1550/1999 best 15.215
  step 1600/1999 best 15.262
  step 1650/1999 best 15.348
  step 1700/1999 best 15.311
  step 1750/1999 best 15.379
  step 1800/1999 best 15.227
  step 1850/1999 best 15.101
  step 1900/1999 best 15.282
  step 1950/1999 best 15.193
saved SBC_CHAINS_cnn_vmim__n1_jitter_seed_s2_sim676_row627180_noise7876_8055_8234 (240000, 4) acc=0.235
  step 0/1999 best -12.595
  step 50/1999 best 4.861
  step 100/1999 best 6.149
  step 150/1999 best 10.628
  step 200/1999 best 10.795
  step 250/1999 best 12.967
  step 300/1999 best 13.285
  step 350/1999 best 14.404
  step 400/1999 best 14.047
  step 450/1999 best 14.206
  step 500/1999 best 14.451
  step 550/1999 best 14.396
  step 600/1999 best 14.544
  step 650/1999 best 14.419
  step 700/1999 best 14.575
  step 750/1999 best 14.460
  step 800/1999 best 14.554
  step 850/1999 best 14.473
  step 900/1999 best 14.407
  step 950/1999 best 14.467
  step 1000/1999 best 14.055
  step 1050/1999 best 14.225
  step 1100/1999 best 14.242
  step 1150/1999 best 14.360
  step 1200/1999 best 14.467
  step 1250/1999 best 14.351
  step 1300/1999 best 14.390
  step 1350/1999 best 14.257
  step 1400/1999 best 14.469
  step 1450/1999 best 14.305
  step 1500/1999 best 14.546
  step 1550/1999 best 14.389
  step 1600/1999 best 14.599
  step 1650/1999 best 14.253
  step 1700/1999 best 14.468
  step 1750/1999 best 14.520
  step 1800/1999 best 14.424
  step 1850/1999 best 14.353
  step 1900/1999 best 14.664
  step 1950/1999 best 14.511
saved SBC_CHAINS_cnn_vmim__n1_jitter_seed_s2_sim219_row205889_noise3673_3852_4031 (240000, 4) acc=0.181
  step 0/1999 best -8.297
  step 50/1999 best 8.373
  step 100/1999 best 11.760
  step 150/1999 best 10.858
  step 200/1999 best 11.539
  step 250/1999 best 13.212
  step 300/1999 best 12.392
  step 350/1999 best 13.673
  step 400/1999 best 13.533
  step 450/1999 best 13.533
  step 500/1999 best 13.577
  step 550/1999 best 13.642
  step 600/1999 best 13.860
  step 650/1999 best 13.692
  step 700/1999 best 13.897
  step 750/1999 best 13.800
  step 800/1999 best 13.716
  step 850/1999 best 13.734
  step 900/1999 best 13.632
  step 950/1999 best 13.662
  step 1000/1999 best 13.747
  step 1050/1999 best 13.923
  step 1100/1999 best 13.825
  step 1150/1999 best 13.679
  step 1200/1999 best 13.698
  step 1250/1999 best 13.593
  step 1300/1999 best 13.775
  step 1350/1999 best 13.882
  step 1400/1999 best 13.766
  step 1450/1999 best 13.878
  step 1500/1999 best 13.887
  step 1550/1999 best 13.588
  step 1600/1999 best 13.724
  step 1650/1999 best 13.856
  step 1700/1999 best 13.830
  step 1750/1999 best 13.552
  step 1800/1999 best 13.758
  step 1850/1999 best 13.806
  step 1900/1999 best 13.947
  step 1950/1999 best 13.811
saved SBC_CHAINS_cnn_vmim__n1_jitter_seed_s2_sim2384_row1983604_noise6228_6407_6586 (240000, 4) acc=0.309
  step 0/1999 best -11.285
  step 50/1999 best 2.683
  step 100/1999 best 16.032
  step 150/1999 best 15.800
  step 200/1999 best 17.272
  step 250/1999 best 17.433
  step 300/1999 best 17.273
  step 350/1999 best 17.180
  step 400/1999 best 17.172
  step 450/1999 best 17.430
  step 500/1999 best 17.287
  step 550/1999 best 17.314
  step 600/1999 best 17.277
  step 650/1999 best 17.463
  step 700/1999 best 17.397
  step 750/1999 best 17.466
  step 800/1999 best 17.416
  step 850/1999 best 17.312
  step 900/1999 best 17.360
  step 950/1999 best 17.126
  step 1000/1999 best 17.128
  step 1050/1999 best 17.440
  step 1100/1999 best 17.275
  step 1150/1999 best 17.406
  step 1200/1999 best 17.343
  step 1250/1999 best 17.395
  step 1300/1999 best 17.415
  step 1350/1999 best 17.558
  step 1400/1999 best 17.448
  step 1450/1999 best 17.303
  step 1500/1999 best 17.044
  step 1550/1999 best 17.584
  step 1600/1999 best 17.028
  step 1650/1999 best 17.431
  step 1700/1999 best 17.392
  step 1750/1999 best 17.466
  step 1800/1999 best 17.458
  step 1850/1999 best 17.514
  step 1900/1999 best 17.382
  step 1950/1999 best 17.402
saved SBC_CHAINS_cnn_vmim__n1_jitter_seed_s2_sim189_row180378_noise2646_2825_3004 (240000, 4) acc=0.243
  step 0/1999 best -12.327
  step 50/1999 best 12.600
  step 100/1999 best 14.770
  step 150/1999 best 14.732
  step 200/1999 best 15.756
  step 250/1999 best 15.440
  step 300/1999 best 15.661
  step 350/1999 best 15.539
  step 400/1999 best 15.533
  step 450/1999 best 15.637
  step 500/1999 best 15.482
  step 550/1999 best 15.685
  step 600/1999 best 15.588
  step 650/1999 best 15.701
  step 700/1999 best 15.629
  step 750/1999 best 15.687
  step 800/1999 best 15.684
  step 850/1999 best 15.696
  step 900/1999 best 15.744
  step 950/1999 best 15.573
  step 1000/1999 best 15.670
  step 1050/1999 best 15.634
  step 1100/1999 best 15.522
  step 1150/1999 best 15.630
  step 1200/1999 best 15.645
  step 1250/1999 best 15.621
  step 1300/1999 best 15.758
  step 1350/1999 best 15.825
  step 1400/1999 best 15.796
  step 1450/1999 best 15.691
  step 1500/1999 best 15.649
  step 1550/1999 best 15.571
  step 1600/1999 best 15.736
  step 1650/1999 best 15.488
  step 1700/1999 best 15.787
  step 1750/1999 best 15.753
  step 1800/1999 best 15.597
  step 1850/1999 best 15.818
  step 1900/1999 best 15.627
  step 1950/1999 best 15.576
saved SBC_CHAINS_cnn_vmim__n1_jitter_seed_s2_sim2072_row1682566_noise8686_8865_9044 (240000, 4) acc=0.201
  step 0/1999 best -14.639
  step 50/1999 best 9.120
  step 100/1999 best 11.301
  step 150/1999 best 13.482
  step 200/1999 best 14.553
  step 250/1999 best 14.489
  step 300/1999 best 14.551
  step 350/1999 best 14.321
  step 400/1999 best 14.618
  step 450/1999 best 14.532
  step 500/1999 best 14.628
  step 550/1999 best 14.460
  step 600/1999 best 14.645
  step 650/1999 best 14.623
  step 700/1999 best 14.612
  step 750/1999 best 14.642
  step 800/1999 best 14.603
  step 850/1999 best 14.505
  step 900/1999 best 14.618
  step 950/1999 best 14.481
  step 1000/1999 best 14.613
  step 1050/1999 best 14.508
  step 1100/1999 best 14.558
  step 1150/1999 best 14.567
  step 1200/1999 best 14.684
  step 1250/1999 best 14.463
  step 1300/1999 best 14.620
  step 1350/1999 best 14.485
  step 1400/1999 best 14.607
  step 1450/1999 best 14.599
  step 1500/1999 best 14.682
  step 1550/1999 best 14.556
  step 1600/1999 best 14.670
  step 1650/1999 best 14.677
  step 1700/1999 best 14.566
  step 1750/1999 best 14.656
  step 1800/1999 best 14.650
  step 1850/1999 best 14.621
  step 1900/1999 best 14.530
  step 1950/1999 best 14.535
saved SBC_CHAINS_cnn_vmim__n1_jitter_seed_s2_sim745_row694702_noise8602_8781_8960 (240000, 4) acc=0.297
  step 0/1999 best -8.685
  step 50/1999 best 1.480
  step 100/1999 best 11.258
  step 150/1999 best 12.818
  step 200/1999 best 13.194
  step 250/1999 best 13.900
  step 300/1999 best 13.968
  step 350/1999 best 13.863
  step 400/1999 best 13.921
  step 450/1999 best 13.888
  step 500/1999 best 13.775
  step 550/1999 best 13.938
  step 600/1999 best 13.811
  step 650/1999 best 13.967
  step 700/1999 best 13.808
  step 750/1999 best 13.883
  step 800/1999 best 13.911
  step 850/1999 best 14.019
  step 900/1999 best 13.938
  step 950/1999 best 14.023
  step 1000/1999 best 13.863
  step 1050/1999 best 13.835
  step 1100/1999 best 13.978
  step 1150/1999 best 13.940
  step 1200/1999 best 14.066
  step 1250/1999 best 13.901
  step 1300/1999 best 13.957
  step 1350/1999 best 13.895
  step 1400/1999 best 13.900
  step 1450/1999 best 13.956
  step 1500/1999 best 14.032
  step 1550/1999 best 13.881
  step 1600/1999 best 13.948
  step 1650/1999 best 13.970
  step 1700/1999 best 13.959
  step 1750/1999 best 13.880
  step 1800/1999 best 13.975
  step 1850/1999 best 13.893
  step 1900/1999 best 13.750
  step 1950/1999 best 13.977
saved SBC_CHAINS_cnn_vmim__n1_jitter_seed_s2_sim2450_row2049290_noise3118_3297_3476 (240000, 4) acc=0.280
  step 0/1999 best -11.111
  step 50/1999 best -4.869
  step 100/1999 best 4.677
  step 150/1999 best 9.062
  step 200/1999 best 11.216
  step 250/1999 best 11.955
  step 300/1999 best 13.034
  step 350/1999 best 12.577
  step 400/1999 best 12.823
  step 450/1999 best 12.911
  step 500/1999 best 13.111
  step 550/1999 best 13.125
  step 600/1999 best 13.088
  step 650/1999 best 13.106
  step 700/1999 best 12.987
  step 750/1999 best 13.039
  step 800/1999 best 12.980
  step 850/1999 best 13.097
  step 900/1999 best 13.074
  step 950/1999 best 13.123
  step 1000/1999 best 13.101
  step 1050/1999 best 13.079
  step 1100/1999 best 13.086
  step 1150/1999 best 12.892
  step 1200/1999 best 13.155
  step 1250/1999 best 13.061
  step 1300/1999 best 13.056
  step 1350/1999 best 12.923
  step 1400/1999 best 12.783
  step 1450/1999 best 13.128
  step 1500/1999 best 12.869
  step 1550/1999 best 13.009
  step 1600/1999 best 13.042
  step 1650/1999 best 13.027
  step 1700/1999 best 12.984
  step 1750/1999 best 13.062
  step 1800/1999 best 13.027
  step 1850/1999 best 13.015
  step 1900/1999 best 13.079
  step 1950/1999 best 12.885
saved SBC_CHAINS_cnn_vmim__n1_jitter_seed_s2_sim2540_row2139055_noise4431_4610_4789 (240000, 4) acc=0.202
  step 0/1999 best -7.695
  step 50/1999 best 6.173
  step 100/1999 best 12.333
  step 150/1999 best 16.692
  step 200/1999 best 16.126
  step 250/1999 best 16.676
  step 300/1999 best 16.575
  step 350/1999 best 16.725
  step 400/1999 best 16.642
  step 450/1999 best 16.648
  step 500/1999 best 16.793
  step 550/1999 best 16.562
  step 600/1999 best 16.427
  step 650/1999 best 16.594
  step 700/1999 best 16.574
  step 750/1999 best 16.620
  step 800/1999 best 16.506
  step 850/1999 best 16.735
  step 900/1999 best 16.684
  step 950/1999 best 16.704
  step 1000/1999 best 16.689
  step 1050/1999 best 16.721
  step 1100/1999 best 16.740
  step 1150/1999 best 16.477
  step 1200/1999 best 16.663
  step 1250/1999 best 16.841
  step 1300/1999 best 16.668
  step 1350/1999 best 16.678
  step 1400/1999 best 16.800
  step 1450/1999 best 16.726
  step 1500/1999 best 16.781
  step 1550/1999 best 16.728
  step 1600/1999 best 16.550
  step 1650/1999 best 16.611
  step 1700/1999 best 16.834
  step 1750/1999 best 16.648
  step 1800/1999 best 16.696
  step 1850/1999 best 16.737
  step 1900/1999 best 16.537
  step 1950/1999 best 16.723
saved SBC_CHAINS_cnn_vmim__n1_jitter_seed_s2_sim1755_row1508914_noise6530_6709_6888 (240000, 4) acc=0.209
  step 0/1999 best -20.816
  step 50/1999 best -3.369
  step 100/1999 best 3.251
  step 150/1999 best 12.755
  step 200/1999 best 14.230
  step 250/1999 best 14.336
  step 300/1999 best 14.596
  step 350/1999 best 14.550
  step 400/1999 best 14.488
  step 450/1999 best 14.481
  step 500/1999 best 14.573
  step 550/1999 best 14.473
  step 600/1999 best 14.651
  step 650/1999 best 14.582
  step 700/1999 best 14.653
  step 750/1999 best 14.556
  step 800/1999 best 14.655
  step 850/1999 best 14.585
  step 900/1999 best 14.581
  step 950/1999 best 14.447
  step 1000/1999 best 14.644
  step 1050/1999 best 14.569
  step 1100/1999 best 14.645
  step 1150/1999 best 14.499
  step 1200/1999 best 14.522
  step 1250/1999 best 14.468
  step 1300/1999 best 14.615
  step 1350/1999 best 14.644
  step 1400/1999 best 14.566
  step 1450/1999 best 14.559
  step 1500/1999 best 14.534
  step 1550/1999 best 14.538
  step 1600/1999 best 14.464
  step 1650/1999 best 14.411
  step 1700/1999 best 14.571
  step 1750/1999 best 14.433
  step 1800/1999 best 14.485
  step 1850/1999 best 14.514
  step 1900/1999 best 14.622
  step 1950/1999 best 14.578
saved SBC_CHAINS_cnn_vmim__n1_jitter_seed_s2_sim3003_row2598459_noise5919_6098_6277 (240000, 4) acc=0.419
  step 0/1999 best -11.882
  step 50/1999 best 4.376
  step 100/1999 best 9.304
  step 150/1999 best 10.621
  step 200/1999 best 11.312
  step 250/1999 best 11.187
  step 300/1999 best 11.129
  step 350/1999 best 11.265
  step 400/1999 best 11.331
  step 450/1999 best 11.216
  step 500/1999 best 11.452
  step 550/1999 best 11.180
  step 600/1999 best 11.322
  step 650/1999 best 11.375
  step 700/1999 best 11.417
  step 750/1999 best 11.458
  step 800/1999 best 11.392
  step 850/1999 best 11.360
  step 900/1999 best 11.432
  step 950/1999 best 11.500
  step 1000/1999 best 11.409
  step 1050/1999 best 11.389
  step 1100/1999 best 11.348
  step 1150/1999 best 11.479
  step 1200/1999 best 11.422
  step 1250/1999 best 11.316
  step 1300/1999 best 11.388
  step 1350/1999 best 11.377
  step 1400/1999 best 11.393
  step 1450/1999 best 11.393
  step 1500/1999 best 11.366
  step 1550/1999 best 11.324
  step 1600/1999 best 11.437
  step 1650/1999 best 11.357
  step 1700/1999 best 11.386
  step 1750/1999 best 11.428
  step 1800/1999 best 11.464
  step 1850/1999 best 11.369
  step 1900/1999 best 11.418
  step 1950/1999 best 11.421
saved SBC_CHAINS_cnn_vmim__n1_jitter_seed_s2_sim2942_row2537811_noise4239_4418_4597 (240000, 4) acc=0.282
  step 0/1999 best -17.404
  step 50/1999 best -2.291
  step 100/1999 best -0.728
  step 150/1999 best 3.585
  step 200/1999 best 6.732
  step 250/1999 best 6.828
  step 300/1999 best 6.828
  step 350/1999 best 7.505
  step 400/1999 best 7.505
  step 450/1999 best 10.679
  step 500/1999 best 11.082
  step 550/1999 best 10.528
  step 600/1999 best 11.578
  step 650/1999 best 10.695
  step 700/1999 best 10.547
  step 750/1999 best 11.123
  step 800/1999 best 10.802
  step 850/1999 best 10.802
  step 900/1999 best 11.420
  step 950/1999 best 11.207
  step 1000/1999 best 11.786
  step 1050/1999 best 11.905
  step 1100/1999 best 11.905
  step 1150/1999 best 11.920
  step 1200/1999 best 11.590
  step 1250/1999 best 11.580
  step 1300/1999 best 11.795
  step 1350/1999 best 12.282
  step 1400/1999 best 12.081
  step 1450/1999 best 12.143
  step 1500/1999 best 12.200
  step 1550/1999 best 11.310
  step 1600/1999 best 12.155
  step 1650/1999 best 12.323
  step 1700/1999 best 12.272
  step 1750/1999 best 12.345
  step 1800/1999 best 11.945
  step 1850/1999 best 12.261
  step 1900/1999 best 12.310
  step 1950/1999 best 12.059
saved SBC_CHAINS_cnn_vmim__n1_jitter_seed_s2_sim2404_row2003844_noise6812_6991_7170 (240000, 4) acc=0.166
  step 0/1999 best -21.526
  step 50/1999 best 2.648
  step 100/1999 best 6.185
  step 150/1999 best 11.559
  step 200/1999 best 11.541
  step 250/1999 best 10.938
  step 300/1999 best 11.659
  step 350/1999 best 12.050
  step 400/1999 best 11.739
  step 450/1999 best 12.415
  step 500/1999 best 12.365
  step 550/1999 best 12.137
  step 600/1999 best 12.517
  step 650/1999 best 12.263
  step 700/1999 best 12.398
  step 750/1999 best 12.528
  step 800/1999 best 12.796
  step 850/1999 best 12.627
  step 900/1999 best 12.581
  step 950/1999 best 12.678
  step 1000/1999 best 12.568
  step 1050/1999 best 12.648
  step 1100/1999 best 12.743
  step 1150/1999 best 12.654
  step 1200/1999 best 12.692
  step 1250/1999 best 12.463
  step 1300/1999 best 12.663
  step 1350/1999 best 12.744
  step 1400/1999 best 12.760
  step 1450/1999 best 12.725
  step 1500/1999 best 12.666
  step 1550/1999 best 12.634
  step 1600/1999 best 12.750
  step 1650/1999 best 12.737
  step 1700/1999 best 12.707
  step 1750/1999 best 12.680
  step 1800/1999 best 12.627
  step 1850/1999 best 12.726
  step 1900/1999 best 12.693
  step 1950/1999 best 12.686
saved SBC_CHAINS_cnn_vmim__n1_jitter_seed_s2_sim2467_row2066632_noise804_983_1162 (240000, 4) acc=0.234
  step 0/1999 best -19.928
  step 50/1999 best 4.189
  step 100/1999 best 12.849
  step 150/1999 best 13.115
  step 200/1999 best 13.399
  step 250/1999 best 13.480
  step 300/1999 best 13.505
  step 350/1999 best 13.578
  step 400/1999 best 13.421
  step 450/1999 best 13.536
  step 500/1999 best 13.610
  step 550/1999 best 13.535
  step 600/1999 best 13.459
  step 650/1999 best 13.376
  step 700/1999 best 13.540
  step 750/1999 best 13.440
  step 800/1999 best 13.556
  step 850/1999 best 13.605
  step 900/1999 best 13.549
  step 950/1999 best 13.622
  step 1000/1999 best 13.482
  step 1050/1999 best 13.481
  step 1100/1999 best 13.426
  step 1150/1999 best 13.607
  step 1200/1999 best 13.585
  step 1250/1999 best 13.443
  step 1300/1999 best 13.416
  step 1350/1999 best 13.448
  step 1400/1999 best 13.464
  step 1450/1999 best 13.547
  step 1500/1999 best 13.571
  step 1550/1999 best 13.487
  step 1600/1999 best 13.543
  step 1650/1999 best 13.554
  step 1700/1999 best 13.506
  step 1750/1999 best 13.487
  step 1800/1999 best 13.467
  step 1850/1999 best 13.520
  step 1900/1999 best 13.633
  step 1950/1999 best 13.586
saved SBC_CHAINS_cnn_vmim__n1_jitter_seed_s2_sim2978_row2573848_noise964_1143_1322 (240000, 4) acc=0.347
  step 0/1999 best -9.132
  step 50/1999 best -2.205
  step 100/1999 best 13.452
  step 150/1999 best 13.717
  step 200/1999 best 14.931
  step 250/1999 best 15.977
  step 300/1999 best 16.541
  step 350/1999 best 16.486
  step 400/1999 best 16.435
  step 450/1999 best 16.602
  step 500/1999 best 16.324
  step 550/1999 best 16.467
  step 600/1999 best 16.659
  step 650/1999 best 16.481
  step 700/1999 best 16.463
  step 750/1999 best 16.689
  step 800/1999 best 16.300
  step 850/1999 best 16.360
  step 900/1999 best 16.690
  step 950/1999 best 16.540
  step 1000/1999 best 16.472
  step 1050/1999 best 16.595
  step 1100/1999 best 16.629
  step 1150/1999 best 16.623
  step 1200/1999 best 16.471
  step 1250/1999 best 16.516
  step 1300/1999 best 16.639
  step 1350/1999 best 16.346
  step 1400/1999 best 16.513
  step 1450/1999 best 16.602
  step 1500/1999 best 16.653
  step 1550/1999 best 16.657
  step 1600/1999 best 16.572
  step 1650/1999 best 16.562
  step 1700/1999 best 16.531
  step 1750/1999 best 16.625
  step 1800/1999 best 16.414
  step 1850/1999 best 16.628
  step 1900/1999 best 16.532
  step 1950/1999 best 16.606
saved SBC_CHAINS_cnn_vmim__n1_jitter_seed_s2_sim1448_row1230688_noise3972_4151_4330 (240000, 4) acc=0.178
  step 0/1999 best -17.703
  step 50/1999 best -5.780
  step 100/1999 best -5.769
  step 150/1999 best -1.873
  step 200/1999 best 1.711
  step 250/1999 best 3.068
  step 300/1999 best 4.750
  step 350/1999 best 6.691
  step 400/1999 best 10.002
  step 450/1999 best 11.232
  step 500/1999 best 11.542
  step 550/1999 best 11.449
  step 600/1999 best 11.652
  step 650/1999 best 11.475
  step 700/1999 best 11.602
  step 750/1999 best 11.558
  step 800/1999 best 11.616
  step 850/1999 best 11.600
  step 900/1999 best 11.560
  step 950/1999 best 11.569
  step 1000/1999 best 11.551
  step 1050/1999 best 11.449
  step 1100/1999 best 11.342
  step 1150/1999 best 11.652
  step 1200/1999 best 11.535
  step 1250/1999 best 11.712
  step 1300/1999 best 11.493
  step 1350/1999 best 11.714
  step 1400/1999 best 11.661
  step 1450/1999 best 11.653
  step 1500/1999 best 11.691
  step 1550/1999 best 11.498
  step 1600/1999 best 11.482
  step 1650/1999 best 11.687
  step 1700/1999 best 11.663
  step 1750/1999 best 11.461
  step 1800/1999 best 11.690
  step 1850/1999 best 11.528
  step 1900/1999 best 11.555
  step 1950/1999 best 11.610
saved SBC_CHAINS_cnn_vmim__n1_jitter_seed_s2_sim2480_row2079936_noise4280_4459_4638 (240000, 4) acc=0.170
  step 0/1999 best -14.517
  step 50/1999 best 8.610
  step 100/1999 best 10.188
  step 150/1999 best 11.525
  step 200/1999 best 11.750
  step 250/1999 best 11.806
  step 300/1999 best 11.838
  step 350/1999 best 11.903
  step 400/1999 best 11.804
  step 450/1999 best 11.867
  step 500/1999 best 11.762
  step 550/1999 best 11.844
  step 600/1999 best 11.822
  step 650/1999 best 11.953
  step 700/1999 best 11.949
  step 750/1999 best 11.745
  step 800/1999 best 11.979
  step 850/1999 best 11.883
  step 900/1999 best 11.854
  step 950/1999 best 11.856
  step 1000/1999 best 11.776
  step 1050/1999 best 11.850
  step 1100/1999 best 11.848
  step 1150/1999 best 11.929
  step 1200/1999 best 11.717
  step 1250/1999 best 11.948
  step 1300/1999 best 11.894
  step 1350/1999 best 11.868
  step 1400/1999 best 11.768
  step 1450/1999 best 11.939
  step 1500/1999 best 11.795
  step 1550/1999 best 11.876
  step 1600/1999 best 11.879
  step 1650/1999 best 11.832
  step 1700/1999 best 11.943
  step 1750/1999 best 11.931
  step 1800/1999 best 11.807
  step 1850/1999 best 11.889
  step 1900/1999 best 11.924
  step 1950/1999 best 11.870
saved SBC_CHAINS_cnn_vmim__n1_jitter_seed_s2_sim2846_row2441655_noise6363_6542_6721 (240000, 4) acc=0.280
  step 0/1999 best -11.763
  step 50/1999 best 4.591
  step 100/1999 best 9.755
  step 150/1999 best 14.900
  step 200/1999 best 14.750
  step 250/1999 best 15.393
  step 300/1999 best 15.281
  step 350/1999 best 15.391
  step 400/1999 best 15.416
  step 450/1999 best 15.245
  step 500/1999 best 15.187
  step 550/1999 best 15.424
  step 600/1999 best 15.356
  step 650/1999 best 15.424
  step 700/1999 best 15.342
  step 750/1999 best 15.442
  step 800/1999 best 15.433
  step 850/1999 best 15.147
  step 900/1999 best 15.364
  step 950/1999 best 15.276
  step 1000/1999 best 15.303
  step 1050/1999 best 15.385
  step 1100/1999 best 15.365
  step 1150/1999 best 15.409
  step 1200/1999 best 15.373
  step 1250/1999 best 15.410
  step 1300/1999 best 15.360
  step 1350/1999 best 15.432
  step 1400/1999 best 15.387
  step 1450/1999 best 15.328
  step 1500/1999 best 15.231
  step 1550/1999 best 15.348
  step 1600/1999 best 15.304
  step 1650/1999 best 15.222
  step 1700/1999 best 15.307
  step 1750/1999 best 15.345
  step 1800/1999 best 15.438
  step 1850/1999 best 15.431
  step 1900/1999 best 15.502
  step 1950/1999 best 15.360
saved SBC_CHAINS_cnn_vmim__n1_jitter_seed_s2_sim1220_row1038387_noise1715_1894_2073 (240000, 4) acc=0.242
  step 0/1999 best -13.417
  step 50/1999 best -3.616
  step 100/1999 best 9.650
  step 150/1999 best 9.139
  step 200/1999 best 10.645
  step 250/1999 best 12.253
  step 300/1999 best 12.099
  step 350/1999 best 12.220
  step 400/1999 best 11.795
  step 450/1999 best 12.145
  step 500/1999 best 12.213
  step 550/1999 best 12.273
  step 600/1999 best 12.204
  step 650/1999 best 12.070
  step 700/1999 best 12.145
  step 750/1999 best 12.255
  step 800/1999 best 12.218
  step 850/1999 best 12.164
  step 900/1999 best 12.250
  step 950/1999 best 12.045
  step 1000/1999 best 12.198
  step 1050/1999 best 12.175
  step 1100/1999 best 12.111
  step 1150/1999 best 12.271
  step 1200/1999 best 12.234
  step 1250/1999 best 12.297
  step 1300/1999 best 12.308
  step 1350/1999 best 12.145
  step 1400/1999 best 12.291
  step 1450/1999 best 12.157
  step 1500/1999 best 12.059
  step 1550/1999 best 12.257
  step 1600/1999 best 12.182
  step 1650/1999 best 12.177
  step 1700/1999 best 12.213
  step 1750/1999 best 12.202
  step 1800/1999 best 12.138
  step 1850/1999 best 12.195
  step 1900/1999 best 12.234
  step 1950/1999 best 12.277
saved SBC_CHAINS_cnn_vmim__n1_jitter_seed_s2_sim1543_row1320408_noise412_591_770 (240000, 4) acc=0.221
  step 0/1999 best -12.083
  step 50/1999 best 12.444
  step 100/1999 best 14.651
  step 150/1999 best 15.333
  step 200/1999 best 15.913
  step 250/1999 best 15.858
  step 300/1999 best 15.829
  step 350/1999 best 15.860
  step 400/1999 best 15.883
  step 450/1999 best 15.946
  step 500/1999 best 15.922
  step 550/1999 best 15.940
  step 600/1999 best 15.891
  step 650/1999 best 15.863
  step 700/1999 best 15.963
  step 750/1999 best 15.965
  step 800/1999 best 15.949
  step 850/1999 best 15.911
  step 900/1999 best 15.660
  step 950/1999 best 15.836
  step 1000/1999 best 15.850
  step 1050/1999 best 15.857
  step 1100/1999 best 15.947
  step 1150/1999 best 15.917
  step 1200/1999 best 15.897
  step 1250/1999 best 15.877
  step 1300/1999 best 15.937
  step 1350/1999 best 15.895
  step 1400/1999 best 15.998
  step 1450/1999 best 15.837
  step 1500/1999 best 15.977
  step 1550/1999 best 15.978
  step 1600/1999 best 15.963
  step 1650/1999 best 15.795
  step 1700/1999 best 15.897
  step 1750/1999 best 15.845
  step 1800/1999 best 15.969
  step 1850/1999 best 15.931
  step 1900/1999 best 15.912
  step 1950/1999 best 15.977
saved SBC_CHAINS_cnn_vmim__n1_jitter_seed_s2_sim969_row918291_noise6147_6326_6505 (240000, 4) acc=0.315
  step 0/1999 best -15.233
  step 50/1999 best -5.250
  step 100/1999 best 9.386
  step 150/1999 best 15.677
  step 200/1999 best 16.009
  step 250/1999 best 15.996
  step 300/1999 best 16.493
  step 350/1999 best 16.541
  step 400/1999 best 16.560
  step 450/1999 best 16.550
  step 500/1999 best 16.460
  step 550/1999 best 16.572
  step 600/1999 best 16.608
  step 650/1999 best 16.565
  step 700/1999 best 16.607
  step 750/1999 best 16.602
  step 800/1999 best 16.391
  step 850/1999 best 16.649
  step 900/1999 best 16.600
  step 950/1999 best 16.607
  step 1000/1999 best 16.614
  step 1050/1999 best 16.612
  step 1100/1999 best 16.558
  step 1150/1999 best 16.496
  step 1200/1999 best 16.499
  step 1250/1999 best 16.364
  step 1300/1999 best 16.555
  step 1350/1999 best 16.638
  step 1400/1999 best 16.473
  step 1450/1999 best 16.456
  step 1500/1999 best 16.578
  step 1550/1999 best 16.678
  step 1600/1999 best 16.596
  step 1650/1999 best 16.550
  step 1700/1999 best 16.595
  step 1750/1999 best 16.663
  step 1800/1999 best 16.490
  step 1850/1999 best 16.536
  step 1900/1999 best 16.519
  step 1950/1999 best 16.624
saved SBC_CHAINS_cnn_vmim__n1_jitter_seed_s2_sim345_row331207_noise1227_1406_1585 (240000, 4) acc=0.287
  step 0/1999 best -18.652
  step 50/1999 best -0.676
  step 100/1999 best 13.082
  step 150/1999 best 13.129
  step 200/1999 best 13.129
  step 250/1999 best 13.232
  step 300/1999 best 13.042
  step 350/1999 best 13.376
  step 400/1999 best 13.301
  step 450/1999 best 13.319
  step 500/1999 best 13.346
  step 550/1999 best 13.423
  step 600/1999 best 13.386
  step 650/1999 best 13.362
  step 700/1999 best 13.366
  step 750/1999 best 13.313
  step 800/1999 best 13.399
  step 850/1999 best 13.379
  step 900/1999 best 13.459
  step 950/1999 best 13.259
  step 1000/1999 best 13.427
  step 1050/1999 best 13.349
  step 1100/1999 best 13.354
  step 1150/1999 best 13.389
  step 1200/1999 best 13.372
  step 1250/1999 best 13.372
  step 1300/1999 best 13.190
  step 1350/1999 best 13.410
  step 1400/1999 best 13.334
  step 1450/1999 best 13.398
  step 1500/1999 best 13.291
  step 1550/1999 best 13.320
  step 1600/1999 best 13.332
  step 1650/1999 best 13.422
  step 1700/1999 best 13.399
  step 1750/1999 best 13.298
  step 1800/1999 best 13.408
  step 1850/1999 best 13.390
  step 1900/1999 best 13.399
  step 1950/1999 best 13.335
saved SBC_CHAINS_cnn_vmim__n1_jitter_seed_s2_sim3092_row2687675_noise6683_6862_7041 (240000, 4) acc=0.270
  step 0/1999 best -21.195
  step 50/1999 best -6.698
  step 100/1999 best 0.292
  step 150/1999 best 0.771
  step 200/1999 best 8.216
  step 250/1999 best 9.551
  step 300/1999 best 9.763
  step 350/1999 best 9.712
  step 400/1999 best 10.000
  step 450/1999 best 10.353
  step 500/1999 best 10.139
  step 550/1999 best 10.314
  step 600/1999 best 10.360
  step 650/1999 best 10.373
  step 700/1999 best 10.216
  step 750/1999 best 10.123
  step 800/1999 best 10.302
  step 850/1999 best 10.347
  step 900/1999 best 10.207
  step 950/1999 best 10.299
  step 1000/1999 best 10.407
  step 1050/1999 best 10.228
  step 1100/1999 best 10.392
  step 1150/1999 best 10.291
  step 1200/1999 best 10.395
  step 1250/1999 best 10.354
  step 1300/1999 best 10.146
  step 1350/1999 best 10.190
  step 1400/1999 best 10.433
  step 1450/1999 best 10.271
  step 1500/1999 best 10.270
  step 1550/1999 best 10.326
  step 1600/1999 best 10.416
  step 1650/1999 best 10.407
  step 1700/1999 best 10.260
  step 1750/1999 best 10.221
  step 1800/1999 best 10.298
  step 1850/1999 best 10.174
  step 1900/1999 best 10.167
  step 1950/1999 best 10.115
saved SBC_CHAINS_cnn_vmim__n1_jitter_seed_s2_sim2479_row2078505_noise2849_3028_3207 (240000, 4) acc=0.186
  step 0/1999 best -25.682
  step 50/1999 best 3.212
  step 100/1999 best 10.987
  step 150/1999 best 13.577
  step 200/1999 best 14.113
  step 250/1999 best 15.917
  step 300/1999 best 15.804
  step 350/1999 best 15.972
  step 400/1999 best 15.763
  step 450/1999 best 16.290
  step 500/1999 best 16.436
  step 550/1999 best 16.089
  step 600/1999 best 16.136
  step 650/1999 best 16.350
  step 700/1999 best 16.480
  step 750/1999 best 16.478
  step 800/1999 best 16.368
  step 850/1999 best 16.350
  step 900/1999 best 16.250
  step 950/1999 best 16.312
  step 1000/1999 best 16.391
  step 1050/1999 best 16.423
  step 1100/1999 best 16.314
  step 1150/1999 best 16.455
  step 1200/1999 best 16.360
  step 1250/1999 best 16.357
  step 1300/1999 best 16.409
  step 1350/1999 best 16.453
  step 1400/1999 best 16.355
  step 1450/1999 best 16.338
  step 1500/1999 best 16.175
  step 1550/1999 best 16.223
  step 1600/1999 best 16.263
  step 1650/1999 best 16.364
  step 1700/1999 best 16.329
  step 1750/1999 best 16.320
  step 1800/1999 best 16.420
  step 1850/1999 best 16.320
  step 1900/1999 best 16.188
  step 1950/1999 best 16.225
saved SBC_CHAINS_cnn_vmim__n1_jitter_seed_s2_sim658_row611662_noise186_365_544 (240000, 4) acc=0.167
  step 0/1999 best -21.120
  step 50/1999 best 1.721
  step 100/1999 best 8.817
  step 150/1999 best 13.673
  step 200/1999 best 13.288
  step 250/1999 best 13.429
  step 300/1999 best 13.678
  step 350/1999 best 13.646
  step 400/1999 best 13.697
  step 450/1999 best 13.649
  step 500/1999 best 13.684
  step 550/1999 best 13.671
  step 600/1999 best 13.739
  step 650/1999 best 13.682
  step 700/1999 best 13.686
  step 750/1999 best 13.731
  step 800/1999 best 13.651
  step 850/1999 best 13.776
  step 900/1999 best 13.610
  step 950/1999 best 13.647
  step 1000/1999 best 13.786
  step 1050/1999 best 13.749
  step 1100/1999 best 13.694
  step 1150/1999 best 13.597
  step 1200/1999 best 13.718
  step 1250/1999 best 13.617
  step 1300/1999 best 13.591
  step 1350/1999 best 13.787
  step 1400/1999 best 13.672
  step 1450/1999 best 13.549
  step 1500/1999 best 13.628
  step 1550/1999 best 13.657
  step 1600/1999 best 13.638
  step 1650/1999 best 13.760
  step 1700/1999 best 13.772
  step 1750/1999 best 13.737
  step 1800/1999 best 13.741
  step 1850/1999 best 13.574
  step 1900/1999 best 13.733
  step 1950/1999 best 13.681
saved SBC_CHAINS_cnn_vmim__n1_jitter_seed_s2_sim211_row197647_noise5259_5438_5617 (240000, 4) acc=0.227
  step 0/1999 best -9.684
  step 50/1999 best -5.032
  step 100/1999 best 7.375
  step 150/1999 best 9.803
  step 200/1999 best 9.582
  step 250/1999 best 11.226
  step 300/1999 best 13.508
  step 350/1999 best 13.508
  step 400/1999 best 13.745
  step 450/1999 best 13.526
  step 500/1999 best 14.001
  step 550/1999 best 14.329
  step 600/1999 best 13.950
  step 650/1999 best 14.369
  step 700/1999 best 14.373
  step 750/1999 best 14.489
  step 800/1999 best 14.418
  step 850/1999 best 14.535
  step 900/1999 best 14.055
  step 950/1999 best 14.293
  step 1000/1999 best 14.577
  step 1050/1999 best 14.503
  step 1100/1999 best 14.376
  step 1150/1999 best 14.403
  step 1200/1999 best 14.364
  step 1250/1999 best 14.402
  step 1300/1999 best 14.315
  step 1350/1999 best 14.394
  step 1400/1999 best 14.298
  step 1450/1999 best 14.452
  step 1500/1999 best 14.252
  step 1550/1999 best 14.462
  step 1600/1999 best 14.441
  step 1650/1999 best 14.560
  step 1700/1999 best 14.270
  step 1750/1999 best 14.371
  step 1800/1999 best 14.403
  step 1850/1999 best 14.608
  step 1900/1999 best 14.432
  step 1950/1999 best 14.412
saved SBC_CHAINS_cnn_vmim__n1_jitter_seed_s2_sim2092_row1702479_noise8943_9122_9301 (240000, 4) acc=0.142
  step 0/1999 best -21.516
  step 50/1999 best -4.463
  step 100/1999 best 4.143
  step 150/1999 best 5.560
  step 200/1999 best 10.179
  step 250/1999 best 12.486
  step 300/1999 best 12.165
  step 350/1999 best 13.829
  step 400/1999 best 13.128
  step 450/1999 best 14.157
  step 500/1999 best 13.936
  step 550/1999 best 13.745
  step 600/1999 best 13.916
  step 650/1999 best 14.045
  step 700/1999 best 14.319
  step 750/1999 best 14.137
  step 800/1999 best 14.197
  step 850/1999 best 13.862
  step 900/1999 best 14.041
  step 950/1999 best 14.099
  step 1000/1999 best 14.115
  step 1050/1999 best 14.342
  step 1100/1999 best 14.329
  step 1150/1999 best 14.289
  step 1200/1999 best 14.107
  step 1250/1999 best 14.275
  step 1300/1999 best 14.136
  step 1350/1999 best 14.022
  step 1400/1999 best 14.319
  step 1450/1999 best 14.207
  step 1500/1999 best 14.241
  step 1550/1999 best 14.191
  step 1600/1999 best 14.341
  step 1650/1999 best 14.247
  step 1700/1999 best 14.200
  step 1750/1999 best 14.351
  step 1800/1999 best 14.369
  step 1850/1999 best 14.346
  step 1900/1999 best 14.196
  step 1950/1999 best 14.185
saved SBC_CHAINS_cnn_vmim__n1_jitter_seed_s2_sim2091_row1701511_noise7975_8154_8333 (240000, 4) acc=0.142
  step 0/1999 best -25.818
  step 50/1999 best 12.627
  step 100/1999 best 14.788
  step 150/1999 best 16.462
  step 200/1999 best 16.154
  step 250/1999 best 15.910
  step 300/1999 best 16.768
  step 350/1999 best 17.033
  step 400/1999 best 16.741
  step 450/1999 best 17.068
  step 500/1999 best 17.063
  step 550/1999 best 16.923
  step 600/1999 best 16.993
  step 650/1999 best 17.089
  step 700/1999 best 17.042
  step 750/1999 best 16.875
  step 800/1999 best 16.929
  step 850/1999 best 16.817
  step 900/1999 best 16.904
  step 950/1999 best 16.635
  step 1000/1999 best 16.878
  step 1050/1999 best 16.989
  step 1100/1999 best 16.990
  step 1150/1999 best 16.911
  step 1200/1999 best 17.078
  step 1250/1999 best 17.185
  step 1300/1999 best 17.006
  step 1350/1999 best 17.042
  step 1400/1999 best 17.117
  step 1450/1999 best 16.975
  step 1500/1999 best 17.018
  step 1550/1999 best 16.882
  step 1600/1999 best 16.875
  step 1650/1999 best 17.003
  step 1700/1999 best 16.902
  step 1750/1999 best 17.060
  step 1800/1999 best 17.092
  step 1850/1999 best 16.863
  step 1900/1999 best 17.100
  step 1950/1999 best 17.001
saved SBC_CHAINS_cnn_vmim__n1_jitter_seed_s2_sim1750_row1503032_noise648_827_1006 (240000, 4) acc=0.167
  step 0/1999 best -23.847
  step 50/1999 best -4.659
  step 100/1999 best -0.341
  step 150/1999 best 7.747
  step 200/1999 best 13.377
  step 250/1999 best 13.833
  step 300/1999 best 14.381
  step 350/1999 best 14.729
  step 400/1999 best 14.482
  step 450/1999 best 14.622
  step 500/1999 best 14.658
  step 550/1999 best 14.537
  step 600/1999 best 14.619
  step 650/1999 best 14.694
  step 700/1999 best 14.636
  step 750/1999 best 14.587
  step 800/1999 best 14.612
  step 850/1999 best 14.709
  step 900/1999 best 14.556
  step 950/1999 best 14.775
  step 1000/1999 best 14.625
  step 1050/1999 best 14.540
  step 1100/1999 best 14.611
  step 1150/1999 best 14.708
  step 1200/1999 best 14.476
  step 1250/1999 best 14.719
  step 1300/1999 best 14.717
  step 1350/1999 best 14.696
  step 1400/1999 best 14.703
  step 1450/1999 best 14.638
  step 1500/1999 best 14.695
  step 1550/1999 best 14.631
  step 1600/1999 best 14.605
  step 1650/1999 best 14.515
  step 1700/1999 best 14.698
  step 1750/1999 best 14.669
  step 1800/1999 best 14.616
  step 1850/1999 best 14.686
  step 1900/1999 best 14.581
  step 1950/1999 best 14.705
saved SBC_CHAINS_cnn_vmim__n1_jitter_seed_s2_sim3076_row2671273_noise109_288_467 (240000, 4) acc=0.338
  step 0/1999 best -16.731
  step 50/1999 best -11.090
  step 100/1999 best 0.046
  step 150/1999 best 12.416
  step 200/1999 best 12.613
  step 250/1999 best 12.867
  step 300/1999 best 12.985
  step 350/1999 best 12.495
  step 400/1999 best 13.062
  step 450/1999 best 13.040
  step 500/1999 best 13.213
  step 550/1999 best 12.916
  step 600/1999 best 13.079
  step 650/1999 best 13.250
  step 700/1999 best 13.115
  step 750/1999 best 13.006
  step 800/1999 best 13.092
  step 850/1999 best 13.100
  step 900/1999 best 13.093
  step 950/1999 best 13.108
  step 1000/1999 best 13.171
  step 1050/1999 best 13.070
  step 1100/1999 best 12.994
  step 1150/1999 best 13.175
  step 1200/1999 best 13.035
  step 1250/1999 best 13.214
  step 1300/1999 best 12.997
  step 1350/1999 best 13.097
  step 1400/1999 best 13.124
  step 1450/1999 best 13.235
  step 1500/1999 best 13.155
  step 1550/1999 best 13.174
  step 1600/1999 best 13.044
  step 1650/1999 best 13.148
  step 1700/1999 best 13.206
  step 1750/1999 best 13.188
  step 1800/1999 best 13.048
  step 1850/1999 best 13.245
  step 1900/1999 best 13.087
  step 1950/1999 best 13.203
saved SBC_CHAINS_cnn_vmim__n1_jitter_seed_s2_sim2524_row2123265_noise8297_8476_8655 (240000, 4) acc=0.228
  step 0/1999 best -9.868
  step 50/1999 best -2.139
  step 100/1999 best 0.953
  step 150/1999 best 9.794
  step 200/1999 best 12.039
  step 250/1999 best 11.858
  step 300/1999 best 11.947
  step 350/1999 best 12.723
  step 400/1999 best 12.259
  step 450/1999 best 12.346
  step 500/1999 best 12.389
  step 550/1999 best 12.676
  step 600/1999 best 12.593
  step 650/1999 best 12.724
  step 700/1999 best 12.581
  step 750/1999 best 12.677
  step 800/1999 best 12.537
  step 850/1999 best 12.564
  step 900/1999 best 12.582
  step 950/1999 best 12.653
  step 1000/1999 best 12.538
  step 1050/1999 best 12.773
  step 1100/1999 best 12.546
  step 1150/1999 best 12.656
  step 1200/1999 best 12.723
  step 1250/1999 best 12.687
  step 1300/1999 best 12.550
  step 1350/1999 best 12.577
  step 1400/1999 best 12.418
  step 1450/1999 best 12.521
  step 1500/1999 best 12.646
  step 1550/1999 best 12.691
  step 1600/1999 best 12.699
  step 1650/1999 best 12.635
  step 1700/1999 best 12.641
  step 1750/1999 best 12.604
  step 1800/1999 best 12.628
  step 1850/1999 best 12.747
  step 1900/1999 best 12.715
  step 1950/1999 best 12.679
saved SBC_CHAINS_cnn_vmim__n1_jitter_seed_s2_sim920_row869783_noise6779_6958_7137 (240000, 4) acc=0.164
  step 0/1999 best -19.212
  step 50/1999 best -9.236
  step 100/1999 best -4.170
  step 150/1999 best 12.390
  step 200/1999 best 15.022
  step 250/1999 best 15.022
  step 300/1999 best 15.513
  step 350/1999 best 15.568
  step 400/1999 best 15.100
  step 450/1999 best 15.340
  step 500/1999 best 15.421
  step 550/1999 best 15.427
  step 600/1999 best 15.536
  step 650/1999 best 15.515
  step 700/1999 best 15.662
  step 750/1999 best 15.766
  step 800/1999 best 15.725
  step 850/1999 best 15.694
  step 900/1999 best 15.752
  step 950/1999 best 15.641
  step 1000/1999 best 15.628
  step 1050/1999 best 15.541
  step 1100/1999 best 15.592
  step 1150/1999 best 15.668
  step 1200/1999 best 15.606
  step 1250/1999 best 15.615
  step 1300/1999 best 15.588
  step 1350/1999 best 15.575
  step 1400/1999 best 15.646
  step 1450/1999 best 15.732
  step 1500/1999 best 15.665
  step 1550/1999 best 15.463
  step 1600/1999 best 15.708
  step 1650/1999 best 15.658
  step 1700/1999 best 15.649
  step 1750/1999 best 15.715
  step 1800/1999 best 15.751
  step 1850/1999 best 15.488
  step 1900/1999 best 15.700
  step 1950/1999 best 15.738
saved SBC_CHAINS_cnn_vmim__n1_jitter_seed_s2_sim334_row320027_noise9703_54_233 (240000, 4) acc=0.206
  step 0/1999 best -15.211
  step 50/1999 best 6.436
  step 100/1999 best 13.975
  step 150/1999 best 14.602
  step 200/1999 best 15.862
  step 250/1999 best 15.594
  step 300/1999 best 16.025
  step 350/1999 best 15.989
  step 400/1999 best 15.850
  step 450/1999 best 16.071
  step 500/1999 best 16.032
  step 550/1999 best 15.969
  step 600/1999 best 16.007
  step 650/1999 best 16.056
  step 700/1999 best 16.078
  step 750/1999 best 15.888
  step 800/1999 best 15.944
  step 850/1999 best 15.900
  step 900/1999 best 16.038
  step 950/1999 best 15.941
  step 1000/1999 best 16.131
  step 1050/1999 best 16.050
  step 1100/1999 best 15.849
  step 1150/1999 best 16.119
  step 1200/1999 best 16.023
  step 1250/1999 best 15.950
  step 1300/1999 best 16.132
  step 1350/1999 best 16.028
  step 1400/1999 best 16.144
  step 1450/1999 best 15.878
  step 1500/1999 best 16.044
  step 1550/1999 best 16.038
  step 1600/1999 best 16.100
  step 1650/1999 best 16.080
  step 1700/1999 best 15.943
  step 1750/1999 best 16.068
  step 1800/1999 best 15.946
  step 1850/1999 best 16.077
  step 1900/1999 best 16.079
  step 1950/1999 best 16.092
saved SBC_CHAINS_cnn_vmim__n1_jitter_seed_s2_sim344_row330917_noise937_1116_1295 (240000, 4) acc=0.324
  step 0/1999 best -15.696
  step 50/1999 best -0.137
  step 100/1999 best 10.861
  step 150/1999 best 9.697
  step 200/1999 best 10.614
  step 250/1999 best 11.079
  step 300/1999 best 10.846
  step 350/1999 best 11.227
  step 400/1999 best 10.662
  step 450/1999 best 11.087
  step 500/1999 best 11.055
  step 550/1999 best 11.193
  step 600/1999 best 11.251
  step 650/1999 best 11.158
  step 700/1999 best 11.232
  step 750/1999 best 11.075
  step 800/1999 best 10.899
  step 850/1999 best 11.055
  step 900/1999 best 11.254
  step 950/1999 best 11.205
  step 1000/1999 best 11.193
  step 1050/1999 best 11.182
  step 1100/1999 best 11.090
  step 1150/1999 best 10.967
  step 1200/1999 best 11.156
  step 1250/1999 best 11.210
  step 1300/1999 best 11.267
  step 1350/1999 best 11.116
  step 1400/1999 best 11.089
  step 1450/1999 best 11.161
  step 1500/1999 best 11.091
  step 1550/1999 best 11.164
  step 1600/1999 best 11.228
  step 1650/1999 best 11.034
  step 1700/1999 best 11.114
  step 1750/1999 best 11.192
  step 1800/1999 best 11.099
  step 1850/1999 best 11.111
  step 1900/1999 best 11.107
  step 1950/1999 best 11.120
saved SBC_CHAINS_cnn_vmim__n1_jitter_seed_s2_sim2593_row2192324_noise8560_8739_8918 (240000, 4) acc=0.192
  step 0/1999 best -18.227
  step 50/1999 best 0.191
  step 100/1999 best 11.615
  step 150/1999 best 15.025
  step 200/1999 best 14.205
  step 250/1999 best 14.898
  step 300/1999 best 15.091
  step 350/1999 best 15.915
  step 400/1999 best 15.837
  step 450/1999 best 15.876
  step 500/1999 best 16.006
  step 550/1999 best 15.835
  step 600/1999 best 16.037
  step 650/1999 best 15.729
  step 700/1999 best 15.886
  step 750/1999 best 15.859
  step 800/1999 best 15.999
  step 850/1999 best 15.789
  step 900/1999 best 15.977
  step 950/1999 best 15.923
  step 1000/1999 best 15.999
  step 1050/1999 best 15.810
  step 1100/1999 best 15.726
  step 1150/1999 best 15.843
  step 1200/1999 best 16.048
  step 1250/1999 best 15.974
  step 1300/1999 best 15.994
  step 1350/1999 best 15.951
  step 1400/1999 best 15.932
  step 1450/1999 best 15.857
  step 1500/1999 best 15.904
  step 1550/1999 best 15.855
  step 1600/1999 best 16.048
  step 1650/1999 best 16.013
  step 1700/1999 best 15.718
  step 1750/1999 best 15.814
  step 1800/1999 best 15.877
  step 1850/1999 best 15.922
  step 1900/1999 best 15.682
  step 1950/1999 best 15.970
saved SBC_CHAINS_cnn_vmim__n1_jitter_seed_s2_sim1214_row1032154_noise5310_5489_5668 (240000, 4) acc=0.227
  step 0/1999 best -19.447
  step 50/1999 best 6.670
  step 100/1999 best 7.865
  step 150/1999 best 7.729
  step 200/1999 best 9.359
  step 250/1999 best 9.970
  step 300/1999 best 10.234
  step 350/1999 best 10.257
  step 400/1999 best 10.646
  step 450/1999 best 11.017
  step 500/1999 best 11.003
  step 550/1999 best 10.799
  step 600/1999 best 10.848
  step 650/1999 best 11.101
  step 700/1999 best 11.057
  step 750/1999 best 11.068
  step 800/1999 best 10.915
  step 850/1999 best 11.060
  step 900/1999 best 11.049
  step 950/1999 best 11.166
  step 1000/1999 best 11.084
  step 1050/1999 best 11.034
  step 1100/1999 best 11.048
  step 1150/1999 best 11.066
  step 1200/1999 best 10.956
  step 1250/1999 best 11.049
  step 1300/1999 best 11.163
  step 1350/1999 best 11.085
  step 1400/1999 best 11.036
  step 1450/1999 best 11.160
  step 1500/1999 best 11.070
  step 1550/1999 best 10.967
  step 1600/1999 best 11.045
  step 1650/1999 best 11.101
  step 1700/1999 best 11.060
  step 1750/1999 best 10.923
  step 1800/1999 best 10.818
  step 1850/1999 best 11.173
  step 1900/1999 best 11.143
  step 1950/1999 best 10.969
saved SBC_CHAINS_cnn_vmim__n1_jitter_seed_s2_sim3104_row2699789_noise8969_9148_9327 (240000, 4) acc=0.182
  step 0/1999 best -14.050
  step 50/1999 best -6.859
  step 100/1999 best 2.697
  step 150/1999 best 9.571
  step 200/1999 best 11.199
  step 250/1999 best 10.520
  step 300/1999 best 11.379
  step 350/1999 best 11.395
  step 400/1999 best 11.612
  step 450/1999 best 11.471
  step 500/1999 best 11.359
  step 550/1999 best 11.231
  step 600/1999 best 11.550
  step 650/1999 best 11.372
  step 700/1999 best 11.592
  step 750/1999 best 11.473
  step 800/1999 best 11.490
  step 850/1999 best 11.629
  step 900/1999 best 11.503
  step 950/1999 best 11.580
  step 1000/1999 best 11.563
  step 1050/1999 best 11.474
  step 1100/1999 best 11.502
  step 1150/1999 best 11.414
  step 1200/1999 best 11.519
  step 1250/1999 best 11.614
  step 1300/1999 best 11.070
  step 1350/1999 best 11.568
  step 1400/1999 best 11.540
  step 1450/1999 best 11.470
  step 1500/1999 best 11.569
  step 1550/1999 best 11.439
  step 1600/1999 best 11.417
  step 1650/1999 best 11.638
  step 1700/1999 best 11.537
  step 1750/1999 best 11.557
  step 1800/1999 best 11.470
  step 1850/1999 best 11.328
  step 1900/1999 best 11.638
  step 1950/1999 best 11.409
saved SBC_CHAINS_cnn_vmim__n1_jitter_seed_s2_sim2599_row2198405_noise4813_4992_5171 (240000, 4) acc=0.186
  step 0/1999 best -25.913
  step 50/1999 best 9.155
  step 100/1999 best 13.928
  step 150/1999 best 14.665
  step 200/1999 best 15.912
  step 250/1999 best 16.082
  step 300/1999 best 16.296
  step 350/1999 best 16.084
  step 400/1999 best 16.147
  step 450/1999 best 16.228
  step 500/1999 best 16.000
  step 550/1999 best 16.255
  step 600/1999 best 16.136
  step 650/1999 best 16.204
  step 700/1999 best 16.215
  step 750/1999 best 16.280
  step 800/1999 best 16.166
  step 850/1999 best 16.118
  step 900/1999 best 16.220
  step 950/1999 best 16.091
  step 1000/1999 best 16.088
  step 1050/1999 best 16.208
  step 1100/1999 best 16.188
  step 1150/1999 best 16.220
  step 1200/1999 best 16.326
  step 1250/1999 best 16.068
  step 1300/1999 best 16.175
  step 1350/1999 best 15.975
  step 1400/1999 best 16.095
  step 1450/1999 best 16.199
  step 1500/1999 best 16.172
  step 1550/1999 best 16.187
  step 1600/1999 best 16.120
  step 1650/1999 best 16.230
  step 1700/1999 best 16.298
  step 1750/1999 best 16.124
  step 1800/1999 best 16.283
  step 1850/1999 best 16.161
  step 1900/1999 best 16.184
  step 1950/1999 best 16.077
saved SBC_CHAINS_cnn_vmim__n1_jitter_seed_s2_sim657_row610764_noise9116_9295_9474 (240000, 4) acc=0.235
  step 0/1999 best -8.646
  step 50/1999 best 11.609
  step 100/1999 best 11.566
  step 150/1999 best 16.119
  step 200/1999 best 16.020
  step 250/1999 best 15.859
  step 300/1999 best 15.677
  step 350/1999 best 16.200
  step 400/1999 best 16.265
  step 450/1999 best 16.196
  step 500/1999 best 16.264
  step 550/1999 best 16.344
  step 600/1999 best 16.044
  step 650/1999 best 16.200
  step 700/1999 best 16.244
  step 750/1999 best 16.219
  step 800/1999 best 16.153
  step 850/1999 best 16.225
  step 900/1999 best 16.290
  step 950/1999 best 16.198
  step 1000/1999 best 16.142
  step 1050/1999 best 16.114
  step 1100/1999 best 16.064
  step 1150/1999 best 16.147
  step 1200/1999 best 16.174
  step 1250/1999 best 16.193
  step 1300/1999 best 16.222
  step 1350/1999 best 16.218
  step 1400/1999 best 16.244
  step 1450/1999 best 16.232
  step 1500/1999 best 16.179
  step 1550/1999 best 16.271
  step 1600/1999 best 16.257
  step 1650/1999 best 16.237
  step 1700/1999 best 16.168
  step 1750/1999 best 16.173
  step 1800/1999 best 16.183
  step 1850/1999 best 16.181
  step 1900/1999 best 16.273
  step 1950/1999 best 16.177
saved SBC_CHAINS_cnn_vmim__n1_jitter_seed_s2_sim181_row172550_noise4646_4825_5004 (240000, 4) acc=0.298
  step 0/1999 best -17.120
  step 50/1999 best -2.726
  step 100/1999 best -2.891
  step 150/1999 best 4.701
  step 200/1999 best 4.701
  step 250/1999 best 8.729
  step 300/1999 best 8.729
  step 350/1999 best 8.175
  step 400/1999 best 8.936
  step 450/1999 best 9.988
  step 500/1999 best 10.177
  step 550/1999 best 9.844
  step 600/1999 best 9.941
  step 650/1999 best 10.185
  step 700/1999 best 10.179
  step 750/1999 best 10.138
  step 800/1999 best 10.173
  step 850/1999 best 9.909
  step 900/1999 best 10.109
  step 950/1999 best 9.979
  step 1000/1999 best 9.900
  step 1050/1999 best 10.127
  step 1100/1999 best 10.153
  step 1150/1999 best 10.163
  step 1200/1999 best 10.104
  step 1250/1999 best 10.171
  step 1300/1999 best 10.058
  step 1350/1999 best 10.107
  step 1400/1999 best 10.120
  step 1450/1999 best 10.058
  step 1500/1999 best 10.203
  step 1550/1999 best 10.089
  step 1600/1999 best 10.163
  step 1650/1999 best 9.974
  step 1700/1999 best 10.168
  step 1750/1999 best 10.094
  step 1800/1999 best 10.069
  step 1850/1999 best 10.186
  step 1900/1999 best 10.060
  step 1950/1999 best 10.042
saved SBC_CHAINS_cnn_vmim__n1_jitter_seed_s2_sim2401_row2000918_noise3886_4065_4244 (240000, 4) acc=0.199
  step 0/1999 best -17.731
  step 50/1999 best -6.451
  step 100/1999 best 7.985
  step 150/1999 best 9.093
  step 200/1999 best 9.251
  step 250/1999 best 9.385
  step 300/1999 best 11.005
  step 350/1999 best 11.776
  step 400/1999 best 12.084
  step 450/1999 best 12.085
  step 500/1999 best 12.160
  step 550/1999 best 12.066
  step 600/1999 best 11.929
  step 650/1999 best 12.047
  step 700/1999 best 12.134
  step 750/1999 best 12.159
  step 800/1999 best 11.984
  step 850/1999 best 11.710
  step 900/1999 best 12.125
  step 950/1999 best 12.230
  step 1000/1999 best 12.223
  step 1050/1999 best 12.055
  step 1100/1999 best 11.959
  step 1150/1999 best 12.192
  step 1200/1999 best 12.236
  step 1250/1999 best 12.066
  step 1300/1999 best 12.183
  step 1350/1999 best 12.150
  step 1400/1999 best 12.036
  step 1450/1999 best 12.183
  step 1500/1999 best 12.052
  step 1550/1999 best 12.101
  step 1600/1999 best 12.134
  step 1650/1999 best 12.185
  step 1700/1999 best 12.197
  step 1750/1999 best 12.069
  step 1800/1999 best 12.139
  step 1850/1999 best 12.028
  step 1900/1999 best 12.248
  step 1950/1999 best 12.164
saved SBC_CHAINS_cnn_vmim__n1_jitter_seed_s2_sim1309_row1118565_noise2441_2620_2799 (240000, 4) acc=0.207
  step 0/1999 best -12.256
  step 50/1999 best 0.793
  step 100/1999 best 9.127
  step 150/1999 best 13.532
  step 200/1999 best 13.749
  step 250/1999 best 14.950
  step 300/1999 best 14.703
  step 350/1999 best 15.091
  step 400/1999 best 15.104
  step 450/1999 best 14.993
  step 500/1999 best 15.170
  step 550/1999 best 14.696
  step 600/1999 best 15.005
  step 650/1999 best 15.018
  step 700/1999 best 14.853
  step 750/1999 best 15.050
  step 800/1999 best 14.991
  step 850/1999 best 14.971
  step 900/1999 best 14.996
  step 950/1999 best 15.108
  step 1000/1999 best 15.029
  step 1050/1999 best 15.069
  step 1100/1999 best 15.020
  step 1150/1999 best 15.085
  step 1200/1999 best 14.842
  step 1250/1999 best 14.960
  step 1300/1999 best 15.164
  step 1350/1999 best 14.993
  step 1400/1999 best 15.106
  step 1450/1999 best 14.911
  step 1500/1999 best 14.907
  step 1550/1999 best 15.110
  step 1600/1999 best 15.071
  step 1650/1999 best 14.967
  step 1700/1999 best 15.066
  step 1750/1999 best 14.976
  step 1800/1999 best 15.119
  step 1850/1999 best 15.125
  step 1900/1999 best 15.017
  step 1950/1999 best 15.000
saved SBC_CHAINS_cnn_vmim__n1_jitter_seed_s2_sim212_row198339_noise5951_6130_6309 (240000, 4) acc=0.216
  step 0/1999 best -13.662
  step 50/1999 best -4.684
  step 100/1999 best 0.193
  step 150/1999 best 0.193
  step 200/1999 best 0.419
  step 250/1999 best 1.471
  step 300/1999 best 1.548
  step 350/1999 best 2.437
  step 400/1999 best 3.630
  step 450/1999 best 4.710
  step 500/1999 best 9.369
  step 550/1999 best 14.217
  step 600/1999 best 13.932
  step 650/1999 best 14.954
  step 700/1999 best 15.372
  step 750/1999 best 15.330
  step 800/1999 best 15.066
  step 850/1999 best 15.073
  step 900/1999 best 15.277
  step 950/1999 best 14.989
  step 1000/1999 best 15.200
  step 1050/1999 best 15.170
  step 1100/1999 best 15.281
  step 1150/1999 best 15.389
  step 1200/1999 best 15.365
  step 1250/1999 best 14.904
  step 1300/1999 best 15.113
  step 1350/1999 best 15.301
  step 1400/1999 best 15.359
  step 1450/1999 best 15.299
  step 1500/1999 best 15.308
  step 1550/1999 best 15.197
  step 1600/1999 best 15.290
  step 1650/1999 best 15.378
  step 1700/1999 best 15.248
  step 1750/1999 best 15.272
  step 1800/1999 best 15.226
  step 1850/1999 best 15.361
  step 1900/1999 best 15.297
  step 1950/1999 best 15.387
saved SBC_CHAINS_cnn_vmim__n1_jitter_seed_s2_sim760_row709928_noise4172_4351_4530 (240000, 4) acc=0.143
  step 0/1999 best -23.668
  step 50/1999 best 10.181
  step 100/1999 best 9.303
  step 150/1999 best 10.174
  step 200/1999 best 9.210
  step 250/1999 best 10.288
  step 300/1999 best 11.242
  step 350/1999 best 11.090
  step 400/1999 best 11.289
  step 450/1999 best 11.408
  step 500/1999 best 11.098
  step 550/1999 best 11.293
  step 600/1999 best 11.307
  step 650/1999 best 11.356
  step 700/1999 best 11.249
  step 750/1999 best 11.337
  step 800/1999 best 11.424
  step 850/1999 best 11.264
  step 900/1999 best 11.376
  step 950/1999 best 11.225
  step 1000/1999 best 11.303
  step 1050/1999 best 11.355
  step 1100/1999 best 11.329
  step 1150/1999 best 11.323
  step 1200/1999 best 11.337
  step 1250/1999 best 11.257
  step 1300/1999 best 11.357
  step 1350/1999 best 11.335
  step 1400/1999 best 11.449
  step 1450/1999 best 11.237
  step 1500/1999 best 11.283
  step 1550/1999 best 11.137
  step 1600/1999 best 11.365
  step 1650/1999 best 11.408
  step 1700/1999 best 11.367
  step 1750/1999 best 11.366
  step 1800/1999 best 11.314
  step 1850/1999 best 11.440
  step 1900/1999 best 11.379
  step 1950/1999 best 11.359
saved SBC_CHAINS_cnn_vmim__n1_jitter_seed_s2_sim2512_row2111506_noise6366_6545_6724 (240000, 4) acc=0.221
  step 0/1999 best -25.219
  step 50/1999 best 3.184
  step 100/1999 best 14.969
  step 150/1999 best 15.419
  step 200/1999 best 14.792
  step 250/1999 best 15.730
  step 300/1999 best 15.781
  step 350/1999 best 16.462
  step 400/1999 best 16.305
  step 450/1999 best 16.357
  step 500/1999 best 16.312
  step 550/1999 best 16.442
  step 600/1999 best 16.534
  step 650/1999 best 16.371
  step 700/1999 best 16.559
  step 750/1999 best 16.614
  step 800/1999 best 16.329
  step 850/1999 best 16.617
  step 900/1999 best 16.488
  step 950/1999 best 16.389
  step 1000/1999 best 16.412
  step 1050/1999 best 16.410
  step 1100/1999 best 16.352
  step 1150/1999 best 16.543
  step 1200/1999 best 16.292
  step 1250/1999 best 16.466
  step 1300/1999 best 16.386
  step 1350/1999 best 16.351
  step 1400/1999 best 16.480
  step 1450/1999 best 16.512
  step 1500/1999 best 16.381
  step 1550/1999 best 16.340
  step 1600/1999 best 16.374
  step 1650/1999 best 16.576
  step 1700/1999 best 16.415
  step 1750/1999 best 16.360
  step 1800/1999 best 16.454
  step 1850/1999 best 16.592
  step 1900/1999 best 16.427
  step 1950/1999 best 16.620
saved SBC_CHAINS_cnn_vmim__n1_jitter_seed_s2_sim1762_row1515589_noise3377_3556_3735 (240000, 4) acc=0.156
  step 0/1999 best -19.367
  step 50/1999 best -3.127
  step 100/1999 best -0.410
  step 150/1999 best 10.120
  step 200/1999 best 13.148
  step 250/1999 best 14.014
  step 300/1999 best 14.118
  step 350/1999 best 14.028
  step 400/1999 best 14.345
  step 450/1999 best 14.173
  step 500/1999 best 14.204
  step 550/1999 best 14.040
  step 600/1999 best 14.092
  step 650/1999 best 14.358
  step 700/1999 best 14.233
  step 750/1999 best 14.133
  step 800/1999 best 14.095
  step 850/1999 best 14.065
  step 900/1999 best 14.187
  step 950/1999 best 14.221
  step 1000/1999 best 14.313
  step 1050/1999 best 14.161
  step 1100/1999 best 14.173
  step 1150/1999 best 14.159
  step 1200/1999 best 14.235
  step 1250/1999 best 14.274
  step 1300/1999 best 14.267
  step 1350/1999 best 14.294
  step 1400/1999 best 14.041
  step 1450/1999 best 14.053
  step 1500/1999 best 14.343
  step 1550/1999 best 14.318
  step 1600/1999 best 14.363
  step 1650/1999 best 14.298
  step 1700/1999 best 14.257
  step 1750/1999 best 14.321
  step 1800/1999 best 14.213
  step 1850/1999 best 14.208
  step 1900/1999 best 14.349
  step 1950/1999 best 14.340
saved SBC_CHAINS_cnn_vmim__n1_jitter_seed_s2_sim2451_row2050222_noise4050_4229_4408 (240000, 4) acc=0.248
  step 0/1999 best -10.793
  step 50/1999 best -6.142
  step 100/1999 best -4.078
  step 150/1999 best -0.533
  step 200/1999 best 4.822
  step 250/1999 best 7.621
  step 300/1999 best 13.282
  step 350/1999 best 13.069
  step 400/1999 best 12.619
  step 450/1999 best 14.653
  step 500/1999 best 14.835
  step 550/1999 best 14.795
  step 600/1999 best 14.581
  step 650/1999 best 14.761
  step 700/1999 best 14.739
  step 750/1999 best 14.602
  step 800/1999 best 14.855
  step 850/1999 best 14.722
  step 900/1999 best 14.734
  step 950/1999 best 14.751
  step 1000/1999 best 14.764
  step 1050/1999 best 14.885
  step 1100/1999 best 14.800
  step 1150/1999 best 14.850
  step 1200/1999 best 14.750
  step 1250/1999 best 14.811
  step 1300/1999 best 14.749
  step 1350/1999 best 14.779
  step 1400/1999 best 14.836
  step 1450/1999 best 14.921
  step 1500/1999 best 14.806
  step 1550/1999 best 14.854
  step 1600/1999 best 14.853
  step 1650/1999 best 14.833
  step 1700/1999 best 14.878
  step 1750/1999 best 14.742
  step 1800/1999 best 14.818
  step 1850/1999 best 14.916
  step 1900/1999 best 14.876
  step 1950/1999 best 14.688
saved SBC_CHAINS_cnn_vmim__n1_jitter_seed_s2_sim994_row943068_noise1440_1619_1798 (240000, 4) acc=0.193
  step 0/1999 best -20.223
  step 50/1999 best 6.299
  step 100/1999 best 6.141
  step 150/1999 best 8.814
  step 200/1999 best 12.925
  step 250/1999 best 14.063
  step 300/1999 best 14.678
  step 350/1999 best 14.627
  step 400/1999 best 14.554
  step 450/1999 best 14.497
  step 500/1999 best 14.612
  step 550/1999 best 14.411
  step 600/1999 best 14.738
  step 650/1999 best 14.635
  step 700/1999 best 14.668
  step 750/1999 best 14.596
  step 800/1999 best 14.778
  step 850/1999 best 14.656
  step 900/1999 best 14.480
  step 950/1999 best 14.653
  step 1000/1999 best 14.579
  step 1050/1999 best 14.593
  step 1100/1999 best 14.735
  step 1150/1999 best 14.464
  step 1200/1999 best 14.575
  step 1250/1999 best 14.351
  step 1300/1999 best 14.794
  step 1350/1999 best 14.489
  step 1400/1999 best 14.662
  step 1450/1999 best 14.653
  step 1500/1999 best 14.591
  step 1550/1999 best 14.714
  step 1600/1999 best 14.631
  step 1650/1999 best 14.694
  step 1700/1999 best 14.742
  step 1750/1999 best 14.750
  step 1800/1999 best 14.645
  step 1850/1999 best 14.709
  step 1900/1999 best 14.519
  step 1950/1999 best 14.475
saved SBC_CHAINS_cnn_vmim__n1_jitter_seed_s2_sim1546_row1323775_noise3779_3958_4137 (240000, 4) acc=0.145
  step 0/1999 best -18.961
  step 50/1999 best -0.598
  step 100/1999 best 9.290
  step 150/1999 best 13.444
  step 200/1999 best 14.297
  step 250/1999 best 14.601
  step 300/1999 best 14.482
  step 350/1999 best 14.548
  step 400/1999 best 14.396
  step 450/1999 best 14.530
  step 500/1999 best 14.399
  step 550/1999 best 14.669
  step 600/1999 best 14.683
  step 650/1999 best 14.564
  step 700/1999 best 14.621
  step 750/1999 best 14.512
  step 800/1999 best 14.548
  step 850/1999 best 14.570
  step 900/1999 best 14.592
  step 950/1999 best 14.677
  step 1000/1999 best 14.695
  step 1050/1999 best 14.549
  step 1100/1999 best 14.307
  step 1150/1999 best 14.681
  step 1200/1999 best 14.701
  step 1250/1999 best 14.583
  step 1300/1999 best 14.574
  step 1350/1999 best 14.651
  step 1400/1999 best 14.609
  step 1450/1999 best 14.641
  step 1500/1999 best 14.648
  step 1550/1999 best 14.680
  step 1600/1999 best 14.518
  step 1650/1999 best 14.589
  step 1700/1999 best 14.634
  step 1750/1999 best 14.586
  step 1800/1999 best 14.556
  step 1850/1999 best 14.672
  step 1900/1999 best 14.496
  step 1950/1999 best 14.627
saved SBC_CHAINS_cnn_vmim__n1_jitter_seed_s2_sim3075_row2670479_noise9143_9322_9501 (240000, 4) acc=0.445
  step 0/1999 best -16.993
  step 50/1999 best 15.139
  step 100/1999 best 13.846
  step 150/1999 best 15.566
  step 200/1999 best 15.640
  step 250/1999 best 15.739
  step 300/1999 best 15.978
  step 350/1999 best 15.796
  step 400/1999 best 16.130
  step 450/1999 best 15.727
  step 500/1999 best 16.023
  step 550/1999 best 16.111
  step 600/1999 best 15.921
  step 650/1999 best 16.019
  step 700/1999 best 15.914
  step 750/1999 best 15.993
  step 800/1999 best 16.004
  step 850/1999 best 15.987
  step 900/1999 best 16.177
  step 950/1999 best 16.069
  step 1000/1999 best 16.123
  step 1050/1999 best 16.048
  step 1100/1999 best 16.090
  step 1150/1999 best 16.018
  step 1200/1999 best 16.035
  step 1250/1999 best 15.991
  step 1300/1999 best 16.195
  step 1350/1999 best 16.065
  step 1400/1999 best 15.920
  step 1450/1999 best 16.046
  step 1500/1999 best 16.110
  step 1550/1999 best 15.991
  step 1600/1999 best 16.182
  step 1650/1999 best 16.114
  step 1700/1999 best 16.219
  step 1750/1999 best 16.109
  step 1800/1999 best 16.112
  step 1850/1999 best 16.186
  step 1900/1999 best 15.906
  step 1950/1999 best 16.192
saved SBC_CHAINS_cnn_vmim__n1_jitter_seed_s2_sim2079_row1689313_noise5605_5784_5963 (240000, 4) acc=0.201
  step 0/1999 best -19.972
  step 50/1999 best 3.424
  step 100/1999 best 5.420
  step 150/1999 best 7.553
  step 200/1999 best 10.281
  step 250/1999 best 10.708
  step 300/1999 best 11.497
  step 350/1999 best 11.299
  step 400/1999 best 11.466
  step 450/1999 best 11.359
  step 500/1999 best 11.554
  step 550/1999 best 11.508
  step 600/1999 best 11.351
  step 650/1999 best 11.517
  step 700/1999 best 11.295
  step 750/1999 best 11.497
  step 800/1999 best 11.234
  step 850/1999 best 11.376
  step 900/1999 best 11.215
  step 950/1999 best 11.408
  step 1000/1999 best 11.334
  step 1050/1999 best 11.400
  step 1100/1999 best 11.453
  step 1150/1999 best 11.466
  step 1200/1999 best 11.483
  step 1250/1999 best 11.571
  step 1300/1999 best 11.457
  step 1350/1999 best 11.508
  step 1400/1999 best 11.553
  step 1450/1999 best 11.487
  step 1500/1999 best 11.475
  step 1550/1999 best 11.183
  step 1600/1999 best 11.585
  step 1650/1999 best 11.413
  step 1700/1999 best 11.451
  step 1750/1999 best 11.527
  step 1800/1999 best 11.446
  step 1850/1999 best 11.534
  step 1900/1999 best 11.519
  step 1950/1999 best 11.528
saved SBC_CHAINS_cnn_vmim__n1_jitter_seed_s2_sim2624_row2223634_noise558_737_916 (240000, 4) acc=0.180
  step 0/1999 best -19.408
  step 50/1999 best -2.266
  step 100/1999 best 13.334
  step 150/1999 best 16.217
  step 200/1999 best 16.835
  step 250/1999 best 17.543
  step 300/1999 best 16.879
  step 350/1999 best 17.560
  step 400/1999 best 17.266
  step 450/1999 best 17.539
  step 500/1999 best 17.386
  step 550/1999 best 17.502
  step 600/1999 best 17.649
  step 650/1999 best 17.501
  step 700/1999 best 17.636
  step 750/1999 best 17.665
  step 800/1999 best 17.712
  step 850/1999 best 17.601
  step 900/1999 best 17.551
  step 950/1999 best 17.438
  step 1000/1999 best 17.700
  step 1050/1999 best 17.303
  step 1100/1999 best 17.618
  step 1150/1999 best 17.403
  step 1200/1999 best 17.452
  step 1250/1999 best 17.633
  step 1300/1999 best 17.511
  step 1350/1999 best 17.588
  step 1400/1999 best 17.442
  step 1450/1999 best 17.639
  step 1500/1999 best 17.594
  step 1550/1999 best 17.507
  step 1600/1999 best 17.720
  step 1650/1999 best 17.639
  step 1700/1999 best 17.565
  step 1750/1999 best 17.473
  step 1800/1999 best 17.665
  step 1850/1999 best 17.448
  step 1900/1999 best 17.681
  step 1950/1999 best 17.436
saved SBC_CHAINS_cnn_vmim__n1_jitter_seed_s2_sim1366_row1174264_noise172_351_530 (240000, 4) acc=0.151
  step 0/1999 best -31.049
  step 50/1999 best 11.605
  step 100/1999 best 15.602
  step 150/1999 best 16.258
  step 200/1999 best 16.694
  step 250/1999 best 16.840
  step 300/1999 best 16.605
  step 350/1999 best 16.645
  step 400/1999 best 16.580
  step 450/1999 best 16.766
  step 500/1999 best 16.686
  step 550/1999 best 16.776
  step 600/1999 best 16.756
  step 650/1999 best 16.802
  step 700/1999 best 16.730
  step 750/1999 best 16.854
  step 800/1999 best 16.830
  step 850/1999 best 16.879
  step 900/1999 best 16.816
  step 950/1999 best 16.850
  step 1000/1999 best 16.805
  step 1050/1999 best 16.713
  step 1100/1999 best 16.822
  step 1150/1999 best 16.737
  step 1200/1999 best 16.706
  step 1250/1999 best 16.721
  step 1300/1999 best 16.694
  step 1350/1999 best 16.897
  step 1400/1999 best 16.825
  step 1450/1999 best 16.870
  step 1500/1999 best 16.835
  step 1550/1999 best 16.906
  step 1600/1999 best 16.834
  step 1650/1999 best 16.798
  step 1700/1999 best 16.890
  step 1750/1999 best 16.684
  step 1800/1999 best 16.746
  step 1850/1999 best 16.858
  step 1900/1999 best 16.754
  step 1950/1999 best 16.855
saved SBC_CHAINS_cnn_vmim__n1_jitter_seed_s2_sim1971_row1582829_noise6229_6408_6587 (240000, 4) acc=0.301
  step 0/1999 best -20.530
  step 50/1999 best -6.549
  step 100/1999 best -5.802
  step 150/1999 best -5.695
  step 200/1999 best -2.014
  step 250/1999 best 2.753
  step 300/1999 best 3.662
  step 350/1999 best 7.300
  step 400/1999 best 14.545
  step 450/1999 best 15.865
  step 500/1999 best 16.015
  step 550/1999 best 15.763
  step 600/1999 best 15.785
  step 650/1999 best 15.697
  step 700/1999 best 16.312
  step 750/1999 best 16.141
  step 800/1999 best 16.400
  step 850/1999 best 16.218
  step 900/1999 best 16.040
  step 950/1999 best 16.043
  step 1000/1999 best 16.291
  step 1050/1999 best 16.108
  step 1100/1999 best 15.908
  step 1150/1999 best 16.160
  step 1200/1999 best 16.083
  step 1250/1999 best 16.380
  step 1300/1999 best 16.344
  step 1350/1999 best 15.951
  step 1400/1999 best 15.874
  step 1450/1999 best 15.791
  step 1500/1999 best 16.310
  step 1550/1999 best 16.131
  step 1600/1999 best 15.950
  step 1650/1999 best 16.294
  step 1700/1999 best 16.201
  step 1750/1999 best 16.092
  step 1800/1999 best 16.291
  step 1850/1999 best 16.073
  step 1900/1999 best 16.041
  step 1950/1999 best 16.240
saved SBC_CHAINS_cnn_vmim__n1_jitter_seed_s2_sim1186_row1004481_noise7121_7300_7479 (240000, 4) acc=0.128
  step 0/1999 best -7.931
  step 50/1999 best 0.098
  step 100/1999 best 1.893
  step 150/1999 best 15.635
  step 200/1999 best 15.648
  step 250/1999 best 16.868
  step 300/1999 best 16.741
  step 350/1999 best 16.802
  step 400/1999 best 16.937
  step 450/1999 best 16.941
  step 500/1999 best 16.753
  step 550/1999 best 16.795
  step 600/1999 best 16.576
  step 650/1999 best 16.680
  step 700/1999 best 16.577
  step 750/1999 best 16.970
  step 800/1999 best 16.844
  step 850/1999 best 16.860
  step 900/1999 best 16.681
  step 950/1999 best 16.905
  step 1000/1999 best 16.735
  step 1050/1999 best 16.853
  step 1100/1999 best 16.957
  step 1150/1999 best 16.891
  step 1200/1999 best 16.925
  step 1250/1999 best 16.852
  step 1300/1999 best 16.915
  step 1350/1999 best 16.904
  step 1400/1999 best 16.945
  step 1450/1999 best 17.005
  step 1500/1999 best 17.008
  step 1550/1999 best 16.750
  step 1600/1999 best 16.932
  step 1650/1999 best 16.778
  step 1700/1999 best 17.026
  step 1750/1999 best 16.741
  step 1800/1999 best 16.889
  step 1850/1999 best 16.956
  step 1900/1999 best 16.960
  step 1950/1999 best 16.683
saved SBC_CHAINS_cnn_vmim__n1_jitter_seed_s2_sim1924_row1535613_noise8153_8332_8511 (240000, 4) acc=0.141
  step 0/1999 best -17.622
  step 50/1999 best -7.868
  step 100/1999 best -5.802
  step 150/1999 best -0.358
  step 200/1999 best 7.538
  step 250/1999 best 8.279
  step 300/1999 best 8.343
  step 350/1999 best 10.482
  step 400/1999 best 9.519
  step 450/1999 best 11.398
  step 500/1999 best 10.721
  step 550/1999 best 11.746
  step 600/1999 best 11.447
  step 650/1999 best 11.176
  step 700/1999 best 11.333
  step 750/1999 best 11.333
  step 800/1999 best 11.733
  step 850/1999 best 11.427
  step 900/1999 best 11.942
  step 950/1999 best 11.706
  step 1000/1999 best 11.559
  step 1050/1999 best 11.731
  step 1100/1999 best 11.707
  step 1150/1999 best 11.925
  step 1200/1999 best 11.829
  step 1250/1999 best 11.973
  step 1300/1999 best 11.867
  step 1350/1999 best 11.714
  step 1400/1999 best 11.652
  step 1450/1999 best 11.816
  step 1500/1999 best 11.786
  step 1550/1999 best 11.923
  step 1600/1999 best 11.907
  step 1650/1999 best 12.017
  step 1700/1999 best 11.863
  step 1750/1999 best 11.893
  step 1800/1999 best 11.790
  step 1850/1999 best 11.873
  step 1900/1999 best 11.921
  step 1950/1999 best 11.791
saved SBC_CHAINS_cnn_vmim__n1_jitter_seed_s2_sim2625_row2224307_noise1231_1410_1589 (240000, 4) acc=0.189
  step 0/1999 best -5.097
  step 50/1999 best -1.043
  step 100/1999 best 5.445
  step 150/1999 best 10.270
  step 200/1999 best 11.927
  step 250/1999 best 12.046
  step 300/1999 best 12.295
  step 350/1999 best 12.145
  step 400/1999 best 12.384
  step 450/1999 best 12.216
  step 500/1999 best 12.429
  step 550/1999 best 12.212
  step 600/1999 best 12.293
  step 650/1999 best 12.240
  step 700/1999 best 12.136
  step 750/1999 best 12.366
  step 800/1999 best 12.296
  step 850/1999 best 12.353
  step 900/1999 best 12.375
  step 950/1999 best 12.365
  step 1000/1999 best 12.189
  step 1050/1999 best 12.230
  step 1100/1999 best 12.196
  step 1150/1999 best 12.325
  step 1200/1999 best 12.351
  step 1250/1999 best 12.312
  step 1300/1999 best 12.275
  step 1350/1999 best 12.166
  step 1400/1999 best 12.420
  step 1450/1999 best 12.343
  step 1500/1999 best 12.422
  step 1550/1999 best 12.342
  step 1600/1999 best 12.410
  step 1650/1999 best 12.383
  step 1700/1999 best 12.338
  step 1750/1999 best 12.371
  step 1800/1999 best 12.406
  step 1850/1999 best 12.188
  step 1900/1999 best 12.392
  step 1950/1999 best 12.357
saved SBC_CHAINS_cnn_vmim__n1_jitter_seed_s2_sim2936_row2531086_noise7342_7521_7700 (240000, 4) acc=0.264
  step 0/1999 best -19.791
  step 50/1999 best -8.143
  step 100/1999 best -5.716
  step 150/1999 best 1.682
  step 200/1999 best 9.017
  step 250/1999 best 10.590
  step 300/1999 best 11.982
  step 350/1999 best 11.832
  step 400/1999 best 12.332
  step 450/1999 best 12.104
  step 500/1999 best 12.351
  step 550/1999 best 12.485
  step 600/1999 best 12.396
  step 650/1999 best 12.402
  step 700/1999 best 12.412
  step 750/1999 best 12.447
  step 800/1999 best 12.485
  step 850/1999 best 12.495
  step 900/1999 best 12.465
  step 950/1999 best 12.503
  step 1000/1999 best 12.399
  step 1050/1999 best 12.480
  step 1100/1999 best 12.443
  step 1150/1999 best 12.508
  step 1200/1999 best 12.303
  step 1250/1999 best 12.468
  step 1300/1999 best 12.306
  step 1350/1999 best 12.476
  step 1400/1999 best 12.367
  step 1450/1999 best 12.469
  step 1500/1999 best 12.435
  step 1550/1999 best 12.389
  step 1600/1999 best 12.488
  step 1650/1999 best 12.444
  step 1700/1999 best 12.383
  step 1750/1999 best 12.474
  step 1800/1999 best 12.342
  step 1850/1999 best 12.402
  step 1900/1999 best 12.438
  step 1950/1999 best 12.463
saved SBC_CHAINS_cnn_vmim__n1_jitter_seed_s2_sim2539_row2138312_noise3688_3867_4046 (240000, 4) acc=0.298
  step 0/1999 best -24.512
  step 50/1999 best -10.262
  step 100/1999 best -0.708
  step 150/1999 best 13.454
  step 200/1999 best 14.384
  step 250/1999 best 15.008
  step 300/1999 best 14.083
  step 350/1999 best 16.076
  step 400/1999 best 15.403
  step 450/1999 best 15.980
  step 500/1999 best 15.757
  step 550/1999 best 15.906
  step 600/1999 best 15.968
  step 650/1999 best 15.891
  step 700/1999 best 15.918
  step 750/1999 best 16.128
  step 800/1999 best 16.072
  step 850/1999 best 15.993
  step 900/1999 best 16.218
  step 950/1999 best 15.993
  step 1000/1999 best 16.024
  step 1050/1999 best 16.144
  step 1100/1999 best 16.095
  step 1150/1999 best 16.199
  step 1200/1999 best 16.171
  step 1250/1999 best 16.045
  step 1300/1999 best 15.934
  step 1350/1999 best 16.209
  step 1400/1999 best 16.144
  step 1450/1999 best 16.094
  step 1500/1999 best 15.943
  step 1550/1999 best 15.871
  step 1600/1999 best 16.078
  step 1650/1999 best 16.110
  step 1700/1999 best 16.185
  step 1750/1999 best 16.035
  step 1800/1999 best 16.149
  step 1850/1999 best 16.024
  step 1900/1999 best 16.120
  step 1950/1999 best 16.132
saved SBC_CHAINS_cnn_vmim__n1_jitter_seed_s2_sim664_row617977_noise6501_6680_6859 (240000, 4) acc=0.138
  step 0/1999 best -18.786
  step 50/1999 best 1.476
  step 100/1999 best 3.360
  step 150/1999 best 11.692
  step 200/1999 best 16.328
  step 250/1999 best 16.065
  step 300/1999 best 16.363
  step 350/1999 best 16.475
  step 400/1999 best 16.607
  step 450/1999 best 16.512
  step 500/1999 best 16.618
  step 550/1999 best 16.440
  step 600/1999 best 16.478
  step 650/1999 best 16.626
  step 700/1999 best 16.398
  step 750/1999 best 16.267
  step 800/1999 best 16.453
  step 850/1999 best 16.634
  step 900/1999 best 16.520
  step 950/1999 best 16.575
  step 1000/1999 best 16.544
  step 1050/1999 best 16.516
  step 1100/1999 best 16.520
  step 1150/1999 best 16.572
  step 1200/1999 best 16.513
  step 1250/1999 best 16.360
  step 1300/1999 best 16.565
  step 1350/1999 best 16.432
  step 1400/1999 best 16.598
  step 1450/1999 best 16.358
  step 1500/1999 best 16.604
  step 1550/1999 best 16.582
  step 1600/1999 best 16.574
  step 1650/1999 best 16.622
  step 1700/1999 best 16.526
  step 1750/1999 best 16.454
  step 1800/1999 best 16.520
  step 1850/1999 best 16.306
  step 1900/1999 best 16.503
  step 1950/1999 best 16.509
saved SBC_CHAINS_cnn_vmim__n1_jitter_seed_s2_sim904_row853481_noise305_484_663 (240000, 4) acc=0.304
  step 0/1999 best -24.389
  step 50/1999 best -5.687
  step 100/1999 best 1.922
  step 150/1999 best 15.181
  step 200/1999 best 15.087
  step 250/1999 best 14.061
  step 300/1999 best 16.083
  step 350/1999 best 16.041
  step 400/1999 best 16.227
  step 450/1999 best 16.281
  step 500/1999 best 16.091
  step 550/1999 best 16.023
  step 600/1999 best 16.263
  step 650/1999 best 16.056
  step 700/1999 best 16.326
  step 750/1999 best 16.357
  step 800/1999 best 16.214
  step 850/1999 best 16.363
  step 900/1999 best 16.179
  step 950/1999 best 16.189
  step 1000/1999 best 16.118
  step 1050/1999 best 16.247
  step 1100/1999 best 16.166
  step 1150/1999 best 16.307
  step 1200/1999 best 15.968
  step 1250/1999 best 16.320
  step 1300/1999 best 16.231
  step 1350/1999 best 16.368
  step 1400/1999 best 16.278
  step 1450/1999 best 16.203
  step 1500/1999 best 16.225
  step 1550/1999 best 16.058
  step 1600/1999 best 16.129
  step 1650/1999 best 16.259
  step 1700/1999 best 16.337
  step 1750/1999 best 16.389
  step 1800/1999 best 16.299
  step 1850/1999 best 16.161
  step 1900/1999 best 16.259
  step 1950/1999 best 16.227
saved SBC_CHAINS_cnn_vmim__n1_jitter_seed_s2_sim256_row242258_noise730_909_1088 (240000, 4) acc=0.183
  step 0/1999 best -24.875
  step 50/1999 best 5.775
  step 100/1999 best 13.218
  step 150/1999 best 14.272
  step 200/1999 best 15.849
  step 250/1999 best 16.291
  step 300/1999 best 16.810
  step 350/1999 best 16.844
  step 400/1999 best 16.836
  step 450/1999 best 16.905
  step 500/1999 best 17.021
  step 550/1999 best 17.096
  step 600/1999 best 16.860
  step 650/1999 best 17.151
  step 700/1999 best 16.985
  step 750/1999 best 17.116
  step 800/1999 best 17.001
  step 850/1999 best 17.028
  step 900/1999 best 16.694
  step 950/1999 best 16.995
  step 1000/1999 best 17.018
  step 1050/1999 best 17.049
  step 1100/1999 best 16.914
  step 1150/1999 best 17.047
  step 1200/1999 best 17.039
  step 1250/1999 best 17.025
  step 1300/1999 best 16.821
  step 1350/1999 best 17.043
  step 1400/1999 best 16.993
  step 1450/1999 best 17.022
  step 1500/1999 best 17.132
  step 1550/1999 best 17.013
  step 1600/1999 best 16.802
  step 1650/1999 best 17.106
  step 1700/1999 best 17.036
  step 1750/1999 best 17.086
  step 1800/1999 best 16.987
  step 1850/1999 best 16.863
  step 1900/1999 best 16.845
  step 1950/1999 best 17.000
saved SBC_CHAINS_cnn_vmim__n1_jitter_seed_s2_sim105_row104945_noise7665_7844_8023 (240000, 4) acc=0.196
  step 0/1999 best -21.241
  step 50/1999 best -0.224
  step 100/1999 best 3.824
  step 150/1999 best 14.851
  step 200/1999 best 15.076
  step 250/1999 best 15.426
  step 300/1999 best 15.705
  step 350/1999 best 15.806
  step 400/1999 best 15.841
  step 450/1999 best 15.742
  step 500/1999 best 15.911
  step 550/1999 best 15.678
  step 600/1999 best 15.795
  step 650/1999 best 15.851
  step 700/1999 best 15.812
  step 750/1999 best 15.706
  step 800/1999 best 15.809
  step 850/1999 best 15.944
  step 900/1999 best 15.659
  step 950/1999 best 15.716
  step 1000/1999 best 15.724
  step 1050/1999 best 15.781
  step 1100/1999 best 15.823
  step 1150/1999 best 15.918
  step 1200/1999 best 15.923
  step 1250/1999 best 15.891
  step 1300/1999 best 15.871
  step 1350/1999 best 15.838
  step 1400/1999 best 15.779
  step 1450/1999 best 15.828
  step 1500/1999 best 15.759
  step 1550/1999 best 15.847
  step 1600/1999 best 15.866
  step 1650/1999 best 15.794
  step 1700/1999 best 15.794
  step 1750/1999 best 15.901
  step 1800/1999 best 15.729
  step 1850/1999 best 15.860
  step 1900/1999 best 15.786
  step 1950/1999 best 15.817
saved SBC_CHAINS_cnn_vmim__n1_jitter_seed_s2_sim1369_row1177022_noise2930_3109_3288 (240000, 4) acc=0.260
  step 0/1999 best -34.775
  step 50/1999 best 6.236
  step 100/1999 best 6.236
  step 150/1999 best 11.954
  step 200/1999 best 11.332
  step 250/1999 best 14.485
  step 300/1999 best 15.207
  step 350/1999 best 15.489
  step 400/1999 best 15.276
  step 450/1999 best 15.364
  step 500/1999 best 15.530
  step 550/1999 best 15.664
  step 600/1999 best 15.724
  step 650/1999 best 15.707
  step 700/1999 best 15.330
  step 750/1999 best 15.558
  step 800/1999 best 15.630
  step 850/1999 best 15.644
  step 900/1999 best 15.548
  step 950/1999 best 15.660
  step 1000/1999 best 15.561
  step 1050/1999 best 15.674
  step 1100/1999 best 15.712
  step 1150/1999 best 15.591
  step 1200/1999 best 15.478
  step 1250/1999 best 15.713
  step 1300/1999 best 15.691
  step 1350/1999 best 15.674
  step 1400/1999 best 15.512
  step 1450/1999 best 15.579
  step 1500/1999 best 15.662
  step 1550/1999 best 15.558
  step 1600/1999 best 15.630
  step 1650/1999 best 15.539
  step 1700/1999 best 15.560
  step 1750/1999 best 15.620
  step 1800/1999 best 15.615
  step 1850/1999 best 15.652
  step 1900/1999 best 15.664
  step 1950/1999 best 15.712
saved SBC_CHAINS_cnn_vmim__n1_jitter_seed_s2_sim639_row592229_noise409_588_767 (240000, 4) acc=0.194
  step 0/1999 best -18.129
  step 50/1999 best -5.013
  step 100/1999 best -0.482
  step 150/1999 best -1.118
  step 200/1999 best 7.338
  step 250/1999 best 11.170
  step 300/1999 best 11.889
  step 350/1999 best 12.565
  step 400/1999 best 12.111
  step 450/1999 best 12.419
  step 500/1999 best 12.542
  step 550/1999 best 12.482
  step 600/1999 best 12.533
  step 650/1999 best 12.584
  step 700/1999 best 12.519
  step 750/1999 best 12.599
  step 800/1999 best 12.496
  step 850/1999 best 12.631
  step 900/1999 best 12.605
  step 950/1999 best 12.494
  step 1000/1999 best 12.391
  step 1050/1999 best 12.483
  step 1100/1999 best 12.579
  step 1150/1999 best 12.553
  step 1200/1999 best 12.527
  step 1250/1999 best 12.475
  step 1300/1999 best 12.560
  step 1350/1999 best 12.532
  step 1400/1999 best 12.575
  step 1450/1999 best 12.623
  step 1500/1999 best 12.556
  step 1550/1999 best 12.568
  step 1600/1999 best 12.633
  step 1650/1999 best 12.549
  step 1700/1999 best 12.552
  step 1750/1999 best 12.505
  step 1800/1999 best 12.590
  step 1850/1999 best 12.547
  step 1900/1999 best 12.528
  step 1950/1999 best 12.571
saved SBC_CHAINS_cnn_vmim__n1_jitter_seed_s2_sim3091_row2686657_noise5665_5844_6023 (240000, 4) acc=0.252
  step 0/1999 best -22.631
  step 50/1999 best 16.244
  step 100/1999 best 17.425
  step 150/1999 best 17.600
  step 200/1999 best 17.648
  step 250/1999 best 17.622
  step 300/1999 best 17.579
  step 350/1999 best 17.752
  step 400/1999 best 17.677
  step 450/1999 best 17.645
  step 500/1999 best 17.558
  step 550/1999 best 17.700
  step 600/1999 best 17.747
  step 650/1999 best 17.692
  step 700/1999 best 17.578
  step 750/1999 best 17.648
  step 800/1999 best 17.774
  step 850/1999 best 17.689
  step 900/1999 best 17.721
  step 950/1999 best 17.535
  step 1000/1999 best 17.491
  step 1050/1999 best 17.500
  step 1100/1999 best 17.738
  step 1150/1999 best 17.649
  step 1200/1999 best 17.425
  step 1250/1999 best 17.753
  step 1300/1999 best 17.745
  step 1350/1999 best 17.697
  step 1400/1999 best 17.689
  step 1450/1999 best 17.686
  step 1500/1999 best 17.765
  step 1550/1999 best 17.510
  step 1600/1999 best 17.689
  step 1650/1999 best 17.499
  step 1700/1999 best 17.596
  step 1750/1999 best 17.812
  step 1800/1999 best 17.755
  step 1850/1999 best 17.566
  step 1900/1999 best 17.643
  step 1950/1999 best 17.514
saved SBC_CHAINS_cnn_vmim__n1_jitter_seed_s2_sim1365_row1173296_noise9032_9211_9390 (240000, 4) acc=0.229
  step 0/1999 best -12.677
  step 50/1999 best -10.273
  step 100/1999 best -1.718
  step 150/1999 best 9.900
  step 200/1999 best 10.816
  step 250/1999 best 13.088
  step 300/1999 best 15.221
  step 350/1999 best 15.765
  step 400/1999 best 15.369
  step 450/1999 best 15.697
  step 500/1999 best 15.940
  step 550/1999 best 15.696
  step 600/1999 best 15.870
  step 650/1999 best 16.070
  step 700/1999 best 15.931
  step 750/1999 best 15.981
  step 800/1999 best 15.861
  step 850/1999 best 16.127
  step 900/1999 best 15.960
  step 950/1999 best 15.844
  step 1000/1999 best 16.041
  step 1050/1999 best 16.098
  step 1100/1999 best 15.974
  step 1150/1999 best 15.973
  step 1200/1999 best 16.120
  step 1250/1999 best 15.890
  step 1300/1999 best 16.032
  step 1350/1999 best 15.902
  step 1400/1999 best 15.949
  step 1450/1999 best 15.864
  step 1500/1999 best 15.969
  step 1550/1999 best 15.883
  step 1600/1999 best 16.117
  step 1650/1999 best 16.116
  step 1700/1999 best 15.913
  step 1750/1999 best 15.946
  step 1800/1999 best 16.013
  step 1850/1999 best 16.159
  step 1900/1999 best 16.044
  step 1950/1999 best 16.086
saved SBC_CHAINS_cnn_vmim__n1_jitter_seed_s2_sim93_row92817_noise5365_5544_5723 (240000, 4) acc=0.154
  step 0/1999 best -29.050
  step 50/1999 best 0.463
  step 100/1999 best 11.972
  step 150/1999 best 11.972
  step 200/1999 best 12.831
  step 250/1999 best 12.898
  step 300/1999 best 12.946
  step 350/1999 best 12.967
  step 400/1999 best 12.880
  step 450/1999 best 13.036
  step 500/1999 best 12.922
  step 550/1999 best 12.877
  step 600/1999 best 12.906
  step 650/1999 best 12.962
  step 700/1999 best 12.830
  step 750/1999 best 12.804
  step 800/1999 best 12.780
  step 850/1999 best 12.927
  step 900/1999 best 12.958
  step 950/1999 best 12.911
  step 1000/1999 best 12.890
  step 1050/1999 best 12.876
  step 1100/1999 best 12.842
  step 1150/1999 best 12.850
  step 1200/1999 best 12.978
  step 1250/1999 best 12.968
  step 1300/1999 best 12.997
  step 1350/1999 best 12.917
  step 1400/1999 best 12.936
  step 1450/1999 best 12.939
  step 1500/1999 best 13.001
  step 1550/1999 best 12.979
  step 1600/1999 best 12.911
  step 1650/1999 best 12.968
  step 1700/1999 best 12.932
  step 1750/1999 best 13.022
  step 1800/1999 best 12.975
  step 1850/1999 best 12.991
  step 1900/1999 best 12.895
  step 1950/1999 best 12.945
saved SBC_CHAINS_cnn_vmim__n1_jitter_seed_s2_sim2834_row2429643_noise4179_4358_4537 (240000, 4) acc=0.335
  step 0/1999 best -14.245
  step 50/1999 best -7.865
  step 100/1999 best -2.366
  step 150/1999 best 1.940
  step 200/1999 best 2.718
  step 250/1999 best 8.726
  step 300/1999 best 8.434
  step 350/1999 best 12.651
  step 400/1999 best 13.870
  step 450/1999 best 13.861
  step 500/1999 best 13.796
  step 550/1999 best 15.131
  step 600/1999 best 15.030
  step 650/1999 best 15.090
  step 700/1999 best 15.227
  step 750/1999 best 14.922
  step 800/1999 best 15.703
  step 850/1999 best 15.609
  step 900/1999 best 15.177
  step 950/1999 best 15.557
  step 1000/1999 best 15.579
  step 1050/1999 best 15.347
  step 1100/1999 best 15.482
  step 1150/1999 best 15.657
  step 1200/1999 best 15.787
  step 1250/1999 best 15.683
  step 1300/1999 best 15.842
  step 1350/1999 best 15.761
  step 1400/1999 best 15.604
  step 1450/1999 best 15.631
  step 1500/1999 best 15.577
  step 1550/1999 best 15.720
  step 1600/1999 best 15.852
  step 1650/1999 best 15.850
  step 1700/1999 best 15.832
  step 1750/1999 best 15.637
  step 1800/1999 best 15.916
  step 1850/1999 best 15.745
  step 1900/1999 best 15.799
  step 1950/1999 best 15.891
saved SBC_CHAINS_cnn_vmim__n1_jitter_seed_s2_sim436_row414441_noise4009_4188_4367 (240000, 4) acc=0.197
  step 0/1999 best -15.723
  step 50/1999 best 6.724
  step 100/1999 best 12.731
  step 150/1999 best 15.394
  step 200/1999 best 15.856
  step 250/1999 best 15.923
  step 300/1999 best 15.649
  step 350/1999 best 15.874
  step 400/1999 best 15.847
  step 450/1999 best 15.958
  step 500/1999 best 15.828
  step 550/1999 best 15.922
  step 600/1999 best 15.845
  step 650/1999 best 15.949
  step 700/1999 best 15.857
  step 750/1999 best 16.025
  step 800/1999 best 15.773
  step 850/1999 best 15.991
  step 900/1999 best 15.962
  step 950/1999 best 15.877
  step 1000/1999 best 15.866
  step 1050/1999 best 15.857
  step 1100/1999 best 16.039
  step 1150/1999 best 16.034
  step 1200/1999 best 15.849
  step 1250/1999 best 15.897
  step 1300/1999 best 15.992
  step 1350/1999 best 15.976
  step 1400/1999 best 15.786
  step 1450/1999 best 15.908
  step 1500/1999 best 15.792
  step 1550/1999 best 16.022
  step 1600/1999 best 15.880
  step 1650/1999 best 15.989
  step 1700/1999 best 15.957
  step 1750/1999 best 15.951
  step 1800/1999 best 15.968
  step 1850/1999 best 16.029
  step 1900/1999 best 16.005
  step 1950/1999 best 16.015
saved SBC_CHAINS_cnn_vmim__n1_jitter_seed_s2_sim663_row616123_noise4647_4826_5005 (240000, 4) acc=0.261
  step 0/1999 best -18.522
  step 50/1999 best -5.734
  step 100/1999 best 7.870
  step 150/1999 best 10.462
  step 200/1999 best 12.178
  step 250/1999 best 13.026
  step 300/1999 best 13.347
  step 350/1999 best 13.402
  step 400/1999 best 13.383
  step 450/1999 best 13.412
  step 500/1999 best 13.288
  step 550/1999 best 13.240
  step 600/1999 best 13.257
  step 650/1999 best 13.369
  step 700/1999 best 13.337
  step 750/1999 best 13.445
  step 800/1999 best 13.264
  step 850/1999 best 13.412
  step 900/1999 best 13.371
  step 950/1999 best 13.371
  step 1000/1999 best 13.406
  step 1050/1999 best 13.311
  step 1100/1999 best 13.332
  step 1150/1999 best 13.323
  step 1200/1999 best 13.371
  step 1250/1999 best 13.190
  step 1300/1999 best 13.424
  step 1350/1999 best 13.379
  step 1400/1999 best 13.284
  step 1450/1999 best 13.363
  step 1500/1999 best 13.239
  step 1550/1999 best 13.430
  step 1600/1999 best 13.351
  step 1650/1999 best 13.216
  step 1700/1999 best 13.336
  step 1750/1999 best 13.395
  step 1800/1999 best 13.353
  step 1850/1999 best 13.360
  step 1900/1999 best 13.401
  step 1950/1999 best 13.328
saved SBC_CHAINS_cnn_vmim__n1_jitter_seed_s2_sim2523_row2122485_noise7517_7696_7875 (240000, 4) acc=0.304
