[stage3] arm=cnn_vmim_/n1_jitter/seed_s4  nle=/gscratch/ddehiwalage-don/sbi_master/cnn_vmim_/n1_jitter/seed_s4/nle
[NLE] scope=standard_t family=nsf loaded from /gscratch/ddehiwalage-don/sbi_master/cnn_vmim_/n1_jitter/seed_s4/nle/standard_t/nsf
targets this task: 151 | family=standard_t_nsf | chains -> /gscratch/ddehiwalage-don/sbi_master/cnn_vmim_/n1_jitter/seed_s4/chains/standard_t_nsf
  step 0/1999 best -10.635
  step 50/1999 best -0.351
  step 100/1999 best 12.069
  step 150/1999 best 11.760
  step 200/1999 best 14.172
  step 250/1999 best 13.351
  step 300/1999 best 14.223
  step 350/1999 best 14.117
  step 400/1999 best 14.029
  step 450/1999 best 14.321
  step 500/1999 best 14.213
  step 550/1999 best 13.929
  step 600/1999 best 14.306
  step 650/1999 best 14.183
  step 700/1999 best 14.256
  step 750/1999 best 14.161
  step 800/1999 best 14.093
  step 850/1999 best 14.125
  step 900/1999 best 14.151
  step 950/1999 best 14.217
  step 1000/1999 best 14.344
  step 1050/1999 best 14.276
  step 1100/1999 best 14.155
  step 1150/1999 best 14.255
  step 1200/1999 best 14.275
  step 1250/1999 best 14.138
  step 1300/1999 best 14.183
  step 1350/1999 best 14.269
  step 1400/1999 best 14.325
  step 1450/1999 best 14.207
  step 1500/1999 best 14.349
  step 1550/1999 best 14.394
  step 1600/1999 best 14.231
  step 1650/1999 best 14.261
  step 1700/1999 best 14.266
  step 1750/1999 best 14.255
  step 1800/1999 best 14.351
  step 1850/1999 best 14.202
  step 1900/1999 best 14.081
  step 1950/1999 best 14.248
saved SBC_CHAINS_cnn_vmim__n1_jitter_seed_s4_sim1921_row1532106_noise4646_4825_5004 (240000, 4) acc=0.208
  step 0/1999 best -17.340
  step 50/1999 best -4.135
  step 100/1999 best -0.424
  step 150/1999 best 3.356
  step 200/1999 best 4.972
  step 250/1999 best 9.477
  step 300/1999 best 10.786
  step 350/1999 best 11.072
  step 400/1999 best 11.370
  step 450/1999 best 11.329
  step 500/1999 best 11.238
  step 550/1999 best 11.488
  step 600/1999 best 11.293
  step 650/1999 best 11.448
  step 700/1999 best 11.519
  step 750/1999 best 11.255
  step 800/1999 best 11.401
  step 850/1999 best 11.312
  step 900/1999 best 11.484
  step 950/1999 best 11.565
  step 1000/1999 best 11.361
  step 1050/1999 best 11.324
  step 1100/1999 best 11.385
  step 1150/1999 best 11.353
  step 1200/1999 best 11.348
  step 1250/1999 best 11.480
  step 1300/1999 best 11.294
  step 1350/1999 best 11.495
  step 1400/1999 best 11.408
  step 1450/1999 best 11.261
  step 1500/1999 best 11.279
  step 1550/1999 best 11.398
  step 1600/1999 best 11.312
  step 1650/1999 best 11.476
  step 1700/1999 best 11.409
  step 1750/1999 best 11.514
  step 1800/1999 best 11.398
  step 1850/1999 best 11.565
  step 1900/1999 best 11.423
  step 1950/1999 best 11.378
saved SBC_CHAINS_cnn_vmim__n1_jitter_seed_s4_sim2859_row2454550_noise9430_9609_9788 (240000, 4) acc=0.304
  step 0/1999 best -16.990
  step 50/1999 best -3.229
  step 100/1999 best 6.044
  step 150/1999 best 10.444
  step 200/1999 best 12.331
  step 250/1999 best 12.958
  step 300/1999 best 13.554
  step 350/1999 best 13.611
  step 400/1999 best 13.311
  step 450/1999 best 13.562
  step 500/1999 best 13.657
  step 550/1999 best 13.447
  step 600/1999 best 13.445
  step 650/1999 best 13.551
  step 700/1999 best 13.670
  step 750/1999 best 13.658
  step 800/1999 best 13.605
  step 850/1999 best 13.535
  step 900/1999 best 13.688
  step 950/1999 best 13.608
  step 1000/1999 best 13.678
  step 1050/1999 best 13.599
  step 1100/1999 best 13.623
  step 1150/1999 best 13.609
  step 1200/1999 best 13.589
  step 1250/1999 best 13.456
  step 1300/1999 best 13.569
  step 1350/1999 best 13.586
  step 1400/1999 best 13.527
  step 1450/1999 best 13.664
  step 1500/1999 best 13.536
  step 1550/1999 best 13.602
  step 1600/1999 best 13.656
  step 1650/1999 best 13.487
  step 1700/1999 best 13.632
  step 1750/1999 best 13.558
  step 1800/1999 best 13.644
  step 1850/1999 best 13.535
  step 1900/1999 best 13.603
  step 1950/1999 best 13.679
saved SBC_CHAINS_cnn_vmim__n1_jitter_seed_s4_sim2907_row2502394_noise8134_8313_8492 (240000, 4) acc=0.341
  step 0/1999 best -10.068
  step 50/1999 best -0.220
  step 100/1999 best 4.826
  step 150/1999 best 8.746
  step 200/1999 best 12.187
  step 250/1999 best 16.059
  step 300/1999 best 15.954
  step 350/1999 best 15.980
  step 400/1999 best 16.046
  step 450/1999 best 16.202
  step 500/1999 best 16.152
  step 550/1999 best 16.172
  step 600/1999 best 16.203
  step 650/1999 best 16.126
  step 700/1999 best 16.270
  step 750/1999 best 16.136
  step 800/1999 best 16.014
  step 850/1999 best 16.136
  step 900/1999 best 15.941
  step 950/1999 best 16.090
  step 1000/1999 best 16.185
  step 1050/1999 best 16.126
  step 1100/1999 best 16.265
  step 1150/1999 best 15.975
  step 1200/1999 best 16.210
  step 1250/1999 best 16.065
  step 1300/1999 best 16.088
  step 1350/1999 best 16.193
  step 1400/1999 best 16.214
  step 1450/1999 best 16.248
  step 1500/1999 best 16.095
  step 1550/1999 best 16.038
  step 1600/1999 best 16.280
  step 1650/1999 best 16.247
  step 1700/1999 best 16.295
  step 1750/1999 best 16.240
  step 1800/1999 best 16.176
  step 1850/1999 best 16.203
  step 1900/1999 best 16.119
  step 1950/1999 best 16.100
saved SBC_CHAINS_cnn_vmim__n1_jitter_seed_s4_sim1978_row1589578_noise3150_3329_3508 (240000, 4) acc=0.264
  step 0/1999 best -16.281
  step 50/1999 best -5.806
  step 100/1999 best 8.223
  step 150/1999 best 10.873
  step 200/1999 best 12.321
  step 250/1999 best 13.522
  step 300/1999 best 13.364
  step 350/1999 best 13.883
  step 400/1999 best 13.701
  step 450/1999 best 13.760
  step 500/1999 best 13.699
  step 550/1999 best 13.673
  step 600/1999 best 13.771
  step 650/1999 best 13.885
  step 700/1999 best 13.766
  step 750/1999 best 13.803
  step 800/1999 best 13.826
  step 850/1999 best 13.785
  step 900/1999 best 13.674
  step 950/1999 best 13.704
  step 1000/1999 best 13.656
  step 1050/1999 best 13.713
  step 1100/1999 best 13.707
  step 1150/1999 best 13.785
  step 1200/1999 best 13.827
  step 1250/1999 best 13.736
  step 1300/1999 best 13.799
  step 1350/1999 best 13.772
  step 1400/1999 best 13.856
  step 1450/1999 best 13.693
  step 1500/1999 best 13.789
  step 1550/1999 best 13.902
  step 1600/1999 best 13.857
  step 1650/1999 best 13.738
  step 1700/1999 best 13.826
  step 1750/1999 best 13.892
  step 1800/1999 best 13.732
  step 1850/1999 best 13.788
  step 1900/1999 best 13.882
  step 1950/1999 best 13.791
saved SBC_CHAINS_cnn_vmim__n1_jitter_seed_s4_sim2463_row2062311_noise6311_6490_6669 (240000, 4) acc=0.257
  step 0/1999 best -16.103
  step 50/1999 best -2.062
  step 100/1999 best 2.227
  step 150/1999 best 9.817
  step 200/1999 best 11.545
  step 250/1999 best 13.850
  step 300/1999 best 13.721
  step 350/1999 best 13.950
  step 400/1999 best 13.860
  step 450/1999 best 13.952
  step 500/1999 best 13.925
  step 550/1999 best 14.062
  step 600/1999 best 14.119
  step 650/1999 best 13.818
  step 700/1999 best 13.896
  step 750/1999 best 14.028
  step 800/1999 best 13.836
  step 850/1999 best 14.015
  step 900/1999 best 13.844
  step 950/1999 best 13.954
  step 1000/1999 best 14.023
  step 1050/1999 best 13.993
  step 1100/1999 best 13.997
  step 1150/1999 best 14.041
  step 1200/1999 best 13.969
  step 1250/1999 best 14.008
  step 1300/1999 best 14.031
  step 1350/1999 best 14.074
  step 1400/1999 best 14.029
  step 1450/1999 best 14.086
  step 1500/1999 best 14.078
  step 1550/1999 best 13.926
  step 1600/1999 best 14.107
  step 1650/1999 best 13.938
  step 1700/1999 best 14.109
  step 1750/1999 best 13.956
  step 1800/1999 best 14.126
  step 1850/1999 best 13.975
  step 1900/1999 best 14.060
  step 1950/1999 best 13.761
saved SBC_CHAINS_cnn_vmim__n1_jitter_seed_s4_sim951_row900776_noise8288_8467_8646 (240000, 4) acc=0.248
  step 0/1999 best -17.272
  step 50/1999 best -0.239
  step 100/1999 best 0.568
  step 150/1999 best 11.615
  step 200/1999 best 13.114
  step 250/1999 best 13.441
  step 300/1999 best 13.373
  step 350/1999 best 13.490
  step 400/1999 best 12.897
  step 450/1999 best 13.488
  step 500/1999 best 13.804
  step 550/1999 best 13.914
  step 600/1999 best 14.066
  step 650/1999 best 13.886
  step 700/1999 best 13.847
  step 750/1999 best 13.894
  step 800/1999 best 13.949
  step 850/1999 best 14.041
  step 900/1999 best 13.944
  step 950/1999 best 14.041
  step 1000/1999 best 13.906
  step 1050/1999 best 13.825
  step 1100/1999 best 13.950
  step 1150/1999 best 14.085
  step 1200/1999 best 13.940
  step 1250/1999 best 14.006
  step 1300/1999 best 13.949
  step 1350/1999 best 14.041
  step 1400/1999 best 13.975
  step 1450/1999 best 14.031
  step 1500/1999 best 13.796
  step 1550/1999 best 14.013
  step 1600/1999 best 13.905
  step 1650/1999 best 14.038
  step 1700/1999 best 13.951
  step 1750/1999 best 14.041
  step 1800/1999 best 14.004
  step 1850/1999 best 13.884
  step 1900/1999 best 13.922
  step 1950/1999 best 13.960
saved SBC_CHAINS_cnn_vmim__n1_jitter_seed_s4_sim682_row633814_noise4682_4861_5040 (240000, 4) acc=0.291
  step 0/1999 best -7.489
  step 50/1999 best -0.947
  step 100/1999 best -0.947
  step 150/1999 best 2.263
  step 200/1999 best 3.173
  step 250/1999 best 6.328
  step 300/1999 best 8.920
  step 350/1999 best 8.920
  step 400/1999 best 12.108
  step 450/1999 best 12.280
  step 500/1999 best 14.564
  step 550/1999 best 15.489
  step 600/1999 best 15.411
  step 650/1999 best 15.316
  step 700/1999 best 15.223
  step 750/1999 best 15.762
  step 800/1999 best 15.414
  step 850/1999 best 15.689
  step 900/1999 best 15.737
  step 950/1999 best 15.684
  step 1000/1999 best 15.561
  step 1050/1999 best 15.575
  step 1100/1999 best 15.793
  step 1150/1999 best 15.397
  step 1200/1999 best 15.823
  step 1250/1999 best 15.784
  step 1300/1999 best 15.686
  step 1350/1999 best 15.605
  step 1400/1999 best 15.717
  step 1450/1999 best 15.782
  step 1500/1999 best 15.838
  step 1550/1999 best 15.665
  step 1600/1999 best 15.348
  step 1650/1999 best 15.725
  step 1700/1999 best 15.670
  step 1750/1999 best 15.774
  step 1800/1999 best 15.597
  step 1850/1999 best 15.599
  step 1900/1999 best 15.598
  step 1950/1999 best 15.692
saved SBC_CHAINS_cnn_vmim__n1_jitter_seed_s4_sim1189_row1007200_noise12_191_370 (240000, 4) acc=0.149
  step 0/1999 best -14.387
  step 50/1999 best 0.103
  step 100/1999 best 6.159
  step 150/1999 best 8.935
  step 200/1999 best 10.738
  step 250/1999 best 11.326
  step 300/1999 best 11.194
  step 350/1999 best 11.598
  step 400/1999 best 11.227
  step 450/1999 best 11.360
  step 500/1999 best 11.424
  step 550/1999 best 11.541
  step 600/1999 best 11.442
  step 650/1999 best 11.571
  step 700/1999 best 11.434
  step 750/1999 best 11.416
  step 800/1999 best 11.439
  step 850/1999 best 11.427
  step 900/1999 best 11.507
  step 950/1999 best 11.481
  step 1000/1999 best 11.553
  step 1050/1999 best 11.508
  step 1100/1999 best 11.588
  step 1150/1999 best 11.417
  step 1200/1999 best 11.531
  step 1250/1999 best 11.425
  step 1300/1999 best 11.578
  step 1350/1999 best 11.456
  step 1400/1999 best 11.462
  step 1450/1999 best 11.541
  step 1500/1999 best 11.588
  step 1550/1999 best 11.540
  step 1600/1999 best 11.416
  step 1650/1999 best 11.426
  step 1700/1999 best 11.609
  step 1750/1999 best 11.465
  step 1800/1999 best 11.441
  step 1850/1999 best 11.588
  step 1900/1999 best 11.330
  step 1950/1999 best 11.422
saved SBC_CHAINS_cnn_vmim__n1_jitter_seed_s4_sim2943_row2538268_noise4696_4875_5054 (240000, 4) acc=0.361
  step 0/1999 best -20.791
  step 50/1999 best -4.028
  step 100/1999 best 2.277
  step 150/1999 best 10.117
  step 200/1999 best 14.511
  step 250/1999 best 14.494
  step 300/1999 best 14.483
  step 350/1999 best 14.381
  step 400/1999 best 14.520
  step 450/1999 best 14.421
  step 500/1999 best 14.510
  step 550/1999 best 14.546
  step 600/1999 best 14.635
  step 650/1999 best 14.489
  step 700/1999 best 14.652
  step 750/1999 best 14.578
  step 800/1999 best 14.574
  step 850/1999 best 14.577
  step 900/1999 best 14.609
  step 950/1999 best 14.632
  step 1000/1999 best 14.538
  step 1050/1999 best 14.463
  step 1100/1999 best 14.535
  step 1150/1999 best 14.567
  step 1200/1999 best 14.538
  step 1250/1999 best 14.624
  step 1300/1999 best 14.644
  step 1350/1999 best 14.554
  step 1400/1999 best 14.556
  step 1450/1999 best 14.523
  step 1500/1999 best 14.583
  step 1550/1999 best 14.622
  step 1600/1999 best 14.615
  step 1650/1999 best 14.520
  step 1700/1999 best 14.584
  step 1750/1999 best 14.543
  step 1800/1999 best 14.587
  step 1850/1999 best 14.625
  step 1900/1999 best 14.556
  step 1950/1999 best 14.577
saved SBC_CHAINS_cnn_vmim__n1_jitter_seed_s4_sim873_row822256_noise8392_8571_8750 (240000, 4) acc=0.335
  step 0/1999 best -6.243
  step 50/1999 best 5.738
  step 100/1999 best 7.067
  step 150/1999 best 12.476
  step 200/1999 best 14.896
  step 250/1999 best 15.344
  step 300/1999 best 15.422
  step 350/1999 best 15.381
  step 400/1999 best 15.289
  step 450/1999 best 15.370
  step 500/1999 best 15.464
  step 550/1999 best 15.528
  step 600/1999 best 15.433
  step 650/1999 best 15.611
  step 700/1999 best 15.581
  step 750/1999 best 15.584
  step 800/1999 best 15.523
  step 850/1999 best 15.533
  step 900/1999 best 15.393
  step 950/1999 best 15.546
  step 1000/1999 best 15.335
  step 1050/1999 best 15.475
  step 1100/1999 best 15.464
  step 1150/1999 best 15.590
  step 1200/1999 best 15.423
  step 1250/1999 best 15.488
  step 1300/1999 best 15.605
  step 1350/1999 best 15.422
  step 1400/1999 best 15.561
  step 1450/1999 best 15.554
  step 1500/1999 best 15.390
  step 1550/1999 best 15.401
  step 1600/1999 best 15.482
  step 1650/1999 best 15.538
  step 1700/1999 best 15.495
  step 1750/1999 best 15.468
  step 1800/1999 best 15.397
  step 1850/1999 best 15.603
  step 1900/1999 best 15.550
  step 1950/1999 best 15.446
saved SBC_CHAINS_cnn_vmim__n1_jitter_seed_s4_sim884_row833666_noise146_325_504 (240000, 4) acc=0.268
  step 0/1999 best -10.701
  step 50/1999 best 4.153
  step 100/1999 best 9.880
  step 150/1999 best 9.591
  step 200/1999 best 14.460
  step 250/1999 best 15.221
  step 300/1999 best 15.534
  step 350/1999 best 15.527
  step 400/1999 best 15.583
  step 450/1999 best 15.120
  step 500/1999 best 15.588
  step 550/1999 best 15.624
  step 600/1999 best 15.470
  step 650/1999 best 15.420
  step 700/1999 best 15.620
  step 750/1999 best 15.307
  step 800/1999 best 15.563
  step 850/1999 best 15.641
  step 900/1999 best 15.443
  step 950/1999 best 15.343
  step 1000/1999 best 15.604
  step 1050/1999 best 15.511
  step 1100/1999 best 15.507
  step 1150/1999 best 15.432
  step 1200/1999 best 15.667
  step 1250/1999 best 15.649
  step 1300/1999 best 15.593
  step 1350/1999 best 15.588
  step 1400/1999 best 15.530
  step 1450/1999 best 15.552
  step 1500/1999 best 15.642
  step 1550/1999 best 15.545
  step 1600/1999 best 15.586
  step 1650/1999 best 15.508
  step 1700/1999 best 15.509
  step 1750/1999 best 15.526
  step 1800/1999 best 15.545
  step 1850/1999 best 15.665
  step 1900/1999 best 15.605
  step 1950/1999 best 15.458
saved SBC_CHAINS_cnn_vmim__n1_jitter_seed_s4_sim1419_row1201936_noise4704_4883_5062 (240000, 4) acc=0.246
  step 0/1999 best -9.355
  step 50/1999 best -0.340
  step 100/1999 best 6.779
  step 150/1999 best 12.612
  step 200/1999 best 15.493
  step 250/1999 best 15.889
  step 300/1999 best 16.019
  step 350/1999 best 16.091
  step 400/1999 best 16.110
  step 450/1999 best 15.799
  step 500/1999 best 16.132
  step 550/1999 best 16.207
  step 600/1999 best 15.990
  step 650/1999 best 16.055
  step 700/1999 best 16.243
  step 750/1999 best 16.211
  step 800/1999 best 16.007
  step 850/1999 best 16.079
  step 900/1999 best 15.934
  step 950/1999 best 15.957
  step 1000/1999 best 16.114
  step 1050/1999 best 16.012
  step 1100/1999 best 15.833
  step 1150/1999 best 16.163
  step 1200/1999 best 16.092
  step 1250/1999 best 15.976
  step 1300/1999 best 16.052
  step 1350/1999 best 16.156
  step 1400/1999 best 15.972
  step 1450/1999 best 15.866
  step 1500/1999 best 16.168
  step 1550/1999 best 16.061
  step 1600/1999 best 16.061
  step 1650/1999 best 16.160
  step 1700/1999 best 16.131
  step 1750/1999 best 16.128
  step 1800/1999 best 16.159
  step 1850/1999 best 16.204
  step 1900/1999 best 16.008
  step 1950/1999 best 16.007
saved SBC_CHAINS_cnn_vmim__n1_jitter_seed_s4_sim1424_row1206426_noise9194_9373_9552 (240000, 4) acc=0.184
  step 0/1999 best -13.512
  step 50/1999 best -0.709
  step 100/1999 best 0.915
  step 150/1999 best 6.885
  step 200/1999 best 11.433
  step 250/1999 best 15.322
  step 300/1999 best 14.657
  step 350/1999 best 15.304
  step 400/1999 best 15.364
  step 450/1999 best 15.634
  step 500/1999 best 16.017
  step 550/1999 best 15.939
  step 600/1999 best 15.682
  step 650/1999 best 16.104
  step 700/1999 best 16.196
  step 750/1999 best 16.051
  step 800/1999 best 16.005
  step 850/1999 best 16.188
  step 900/1999 best 16.217
  step 950/1999 best 16.067
  step 1000/1999 best 15.974
  step 1050/1999 best 15.976
  step 1100/1999 best 16.274
  step 1150/1999 best 15.755
  step 1200/1999 best 15.990
  step 1250/1999 best 15.903
  step 1300/1999 best 16.288
  step 1350/1999 best 16.369
  step 1400/1999 best 15.830
  step 1450/1999 best 16.344
  step 1500/1999 best 16.079
  step 1550/1999 best 16.212
  step 1600/1999 best 16.001
  step 1650/1999 best 16.366
  step 1700/1999 best 16.211
  step 1750/1999 best 16.125
  step 1800/1999 best 16.230
  step 1850/1999 best 16.159
  step 1900/1999 best 16.342
  step 1950/1999 best 16.229
saved SBC_CHAINS_cnn_vmim__n1_jitter_seed_s4_sim110_row109891_noise2783_2962_3141 (240000, 4) acc=0.139
  step 0/1999 best -11.404
  step 50/1999 best -6.660
  step 100/1999 best -2.512
  step 150/1999 best 0.042
  step 200/1999 best 2.305
  step 250/1999 best 12.363
  step 300/1999 best 13.064
  step 350/1999 best 13.713
  step 400/1999 best 13.540
  step 450/1999 best 13.478
  step 500/1999 best 13.720
  step 550/1999 best 13.716
  step 600/1999 best 13.468
  step 650/1999 best 13.808
  step 700/1999 best 13.579
  step 750/1999 best 13.430
  step 800/1999 best 13.777
  step 850/1999 best 13.629
  step 900/1999 best 13.782
  step 950/1999 best 13.613
  step 1000/1999 best 13.621
  step 1050/1999 best 13.639
  step 1100/1999 best 13.591
  step 1150/1999 best 13.451
  step 1200/1999 best 13.621
  step 1250/1999 best 13.701
  step 1300/1999 best 13.795
  step 1350/1999 best 13.712
  step 1400/1999 best 13.698
  step 1450/1999 best 13.731
  step 1500/1999 best 13.760
  step 1550/1999 best 13.755
  step 1600/1999 best 13.607
  step 1650/1999 best 13.787
  step 1700/1999 best 13.695
  step 1750/1999 best 13.670
  step 1800/1999 best 13.812
  step 1850/1999 best 13.791
  step 1900/1999 best 13.743
  step 1950/1999 best 13.481
saved SBC_CHAINS_cnn_vmim__n1_jitter_seed_s4_sim952_row901437_noise8949_9128_9307 (240000, 4) acc=0.206
  step 0/1999 best -12.483
  step 50/1999 best -1.204
  step 100/1999 best 5.368
  step 150/1999 best 9.811
  step 200/1999 best 7.270
  step 250/1999 best 10.771
  step 300/1999 best 10.931
  step 350/1999 best 11.030
  step 400/1999 best 11.788
  step 450/1999 best 12.187
  step 500/1999 best 11.935
  step 550/1999 best 12.188
  step 600/1999 best 12.187
  step 650/1999 best 12.058
  step 700/1999 best 12.141
  step 750/1999 best 12.192
  step 800/1999 best 12.219
  step 850/1999 best 12.122
  step 900/1999 best 11.986
  step 950/1999 best 12.065
  step 1000/1999 best 12.153
  step 1050/1999 best 12.007
  step 1100/1999 best 12.129
  step 1150/1999 best 12.121
  step 1200/1999 best 12.103
  step 1250/1999 best 12.090
  step 1300/1999 best 12.081
  step 1350/1999 best 12.102
  step 1400/1999 best 12.102
  step 1450/1999 best 12.187
  step 1500/1999 best 12.021
  step 1550/1999 best 12.130
  step 1600/1999 best 12.098
  step 1650/1999 best 12.055
  step 1700/1999 best 12.215
  step 1750/1999 best 12.155
  step 1800/1999 best 12.041
  step 1850/1999 best 12.131
  step 1900/1999 best 12.226
  step 1950/1999 best 12.130
saved SBC_CHAINS_cnn_vmim__n1_jitter_seed_s4_sim2944_row2539211_noise5639_5818_5997 (240000, 4) acc=0.368
  step 0/1999 best -11.947
  step 50/1999 best -2.924
  step 100/1999 best 13.240
  step 150/1999 best 13.124
  step 200/1999 best 12.356
  step 250/1999 best 13.008
  step 300/1999 best 13.475
  step 350/1999 best 13.818
  step 400/1999 best 13.622
  step 450/1999 best 13.503
  step 500/1999 best 13.839
  step 550/1999 best 13.778
  step 600/1999 best 13.525
  step 650/1999 best 13.872
  step 700/1999 best 13.875
  step 750/1999 best 13.788
  step 800/1999 best 13.804
  step 850/1999 best 13.752
  step 900/1999 best 13.633
  step 950/1999 best 13.791
  step 1000/1999 best 13.658
  step 1050/1999 best 13.743
  step 1100/1999 best 13.664
  step 1150/1999 best 13.749
  step 1200/1999 best 13.739
  step 1250/1999 best 13.771
  step 1300/1999 best 13.848
  step 1350/1999 best 13.811
  step 1400/1999 best 13.829
  step 1450/1999 best 13.780
  step 1500/1999 best 13.695
  step 1550/1999 best 13.764
  step 1600/1999 best 13.714
  step 1650/1999 best 13.751
  step 1700/1999 best 13.812
  step 1750/1999 best 13.818
  step 1800/1999 best 13.767
  step 1850/1999 best 13.659
  step 1900/1999 best 13.751
  step 1950/1999 best 13.543
saved SBC_CHAINS_cnn_vmim__n1_jitter_seed_s4_sim836_row785525_noise1145_1324_1503 (240000, 4) acc=0.327
  step 0/1999 best -17.652
  step 50/1999 best -0.539
  step 100/1999 best 6.779
  step 150/1999 best 10.491
  step 200/1999 best 12.747
  step 250/1999 best 13.046
  step 300/1999 best 14.131
  step 350/1999 best 14.122
  step 400/1999 best 14.285
  step 450/1999 best 13.715
  step 500/1999 best 13.593
  step 550/1999 best 13.970
  step 600/1999 best 14.386
  step 650/1999 best 14.275
  step 700/1999 best 13.894
  step 750/1999 best 14.452
  step 800/1999 best 14.202
  step 850/1999 best 14.240
  step 900/1999 best 14.295
  step 950/1999 best 14.516
  step 1000/1999 best 14.572
  step 1050/1999 best 14.619
  step 1100/1999 best 14.558
  step 1150/1999 best 14.609
  step 1200/1999 best 14.505
  step 1250/1999 best 14.518
  step 1300/1999 best 14.466
  step 1350/1999 best 14.631
  step 1400/1999 best 13.996
  step 1450/1999 best 14.444
  step 1500/1999 best 14.487
  step 1550/1999 best 14.605
  step 1600/1999 best 14.569
  step 1650/1999 best 14.358
  step 1700/1999 best 14.558
  step 1750/1999 best 14.564
  step 1800/1999 best 14.471
  step 1850/1999 best 14.546
  step 1900/1999 best 14.509
  step 1950/1999 best 14.532
saved SBC_CHAINS_cnn_vmim__n1_jitter_seed_s4_sim1531_row1308647_noise8307_8486_8665 (240000, 4) acc=0.134
  step 0/1999 best -7.994
  step 50/1999 best 0.839
  step 100/1999 best 0.467
  step 150/1999 best 7.221
  step 200/1999 best 13.238
  step 250/1999 best 13.844
  step 300/1999 best 14.630
  step 350/1999 best 13.788
  step 400/1999 best 14.825
  step 450/1999 best 14.603
  step 500/1999 best 14.789
  step 550/1999 best 14.436
  step 600/1999 best 14.767
  step 650/1999 best 14.157
  step 700/1999 best 14.551
  step 750/1999 best 14.457
  step 800/1999 best 14.450
  step 850/1999 best 14.649
  step 900/1999 best 14.572
  step 950/1999 best 14.699
  step 1000/1999 best 14.822
  step 1050/1999 best 14.801
  step 1100/1999 best 14.702
  step 1150/1999 best 14.192
  step 1200/1999 best 14.760
  step 1250/1999 best 14.568
  step 1300/1999 best 14.814
  step 1350/1999 best 14.485
  step 1400/1999 best 14.666
  step 1450/1999 best 14.604
  step 1500/1999 best 14.787
  step 1550/1999 best 14.750
  step 1600/1999 best 14.836
  step 1650/1999 best 14.778
  step 1700/1999 best 14.900
  step 1750/1999 best 14.714
  step 1800/1999 best 14.346
  step 1850/1999 best 14.685
  step 1900/1999 best 14.701
  step 1950/1999 best 14.710
saved SBC_CHAINS_cnn_vmim__n1_jitter_seed_s4_sim135_row126316_noise7552_7731_7910 (240000, 4) acc=0.196
  step 0/1999 best -7.853
  step 50/1999 best 0.384
  step 100/1999 best 2.643
  step 150/1999 best 9.212
  step 200/1999 best 11.763
  step 250/1999 best 13.047
  step 300/1999 best 13.194
  step 350/1999 best 13.707
  step 400/1999 best 13.854
  step 450/1999 best 13.682
  step 500/1999 best 13.636
  step 550/1999 best 13.817
  step 600/1999 best 13.810
  step 650/1999 best 13.712
  step 700/1999 best 13.836
  step 750/1999 best 13.848
  step 800/1999 best 13.738
  step 850/1999 best 13.718
  step 900/1999 best 13.652
  step 950/1999 best 13.665
  step 1000/1999 best 13.866
  step 1050/1999 best 13.635
  step 1100/1999 best 13.540
  step 1150/1999 best 13.779
  step 1200/1999 best 13.670
  step 1250/1999 best 13.826
  step 1300/1999 best 13.781
  step 1350/1999 best 13.843
  step 1400/1999 best 13.828
  step 1450/1999 best 13.780
  step 1500/1999 best 13.627
  step 1550/1999 best 13.785
  step 1600/1999 best 13.752
  step 1650/1999 best 13.747
  step 1700/1999 best 13.815
  step 1750/1999 best 13.800
  step 1800/1999 best 13.744
  step 1850/1999 best 13.733
  step 1900/1999 best 13.804
  step 1950/1999 best 13.803
saved SBC_CHAINS_cnn_vmim__n1_jitter_seed_s4_sim3081_row2676400_noise5236_5415_5594 (240000, 4) acc=0.358
  step 0/1999 best -15.565
  step 50/1999 best 4.088
  step 100/1999 best 11.637
  step 150/1999 best 12.244
  step 200/1999 best 11.568
  step 250/1999 best 12.447
  step 300/1999 best 12.324
  step 350/1999 best 12.324
  step 400/1999 best 12.443
  step 450/1999 best 12.494
  step 500/1999 best 12.539
  step 550/1999 best 12.489
  step 600/1999 best 12.648
  step 650/1999 best 12.636
  step 700/1999 best 12.539
  step 750/1999 best 12.328
  step 800/1999 best 12.567
  step 850/1999 best 12.591
  step 900/1999 best 12.566
  step 950/1999 best 12.654
  step 1000/1999 best 12.557
  step 1050/1999 best 12.471
  step 1100/1999 best 12.539
  step 1150/1999 best 12.527
  step 1200/1999 best 12.446
  step 1250/1999 best 12.627
  step 1300/1999 best 12.532
  step 1350/1999 best 12.650
  step 1400/1999 best 12.559
  step 1450/1999 best 12.561
  step 1500/1999 best 12.604
  step 1550/1999 best 12.542
  step 1600/1999 best 12.534
  step 1650/1999 best 12.535
  step 1700/1999 best 12.517
  step 1750/1999 best 12.546
  step 1800/1999 best 12.583
  step 1850/1999 best 12.606
  step 1900/1999 best 12.530
  step 1950/1999 best 12.458
saved SBC_CHAINS_cnn_vmim__n1_jitter_seed_s4_sim2901_row2496488_noise2228_2407_2586 (240000, 4) acc=0.333
  step 0/1999 best -13.110
  step 50/1999 best 3.474
  step 100/1999 best 11.408
  step 150/1999 best 11.408
  step 200/1999 best 11.408
  step 250/1999 best 12.467
  step 300/1999 best 14.423
  step 350/1999 best 15.812
  step 400/1999 best 15.208
  step 450/1999 best 16.023
  step 500/1999 best 15.954
  step 550/1999 best 15.995
  step 600/1999 best 15.786
  step 650/1999 best 15.854
  step 700/1999 best 16.387
  step 750/1999 best 16.091
  step 800/1999 best 16.253
  step 850/1999 best 16.352
  step 900/1999 best 16.064
  step 950/1999 best 16.463
  step 1000/1999 best 16.532
  step 1050/1999 best 16.159
  step 1100/1999 best 16.512
  step 1150/1999 best 16.548
  step 1200/1999 best 16.353
  step 1250/1999 best 16.400
  step 1300/1999 best 16.359
  step 1350/1999 best 16.504
  step 1400/1999 best 16.526
  step 1450/1999 best 16.350
  step 1500/1999 best 16.498
  step 1550/1999 best 16.278
  step 1600/1999 best 16.309
  step 1650/1999 best 16.473
  step 1700/1999 best 16.345
  step 1750/1999 best 16.319
  step 1800/1999 best 16.487
  step 1850/1999 best 16.538
  step 1900/1999 best 16.340
  step 1950/1999 best 16.222
saved SBC_CHAINS_cnn_vmim__n1_jitter_seed_s4_sim214_row200506_noise8118_8297_8476 (240000, 4) acc=0.164
  step 0/1999 best -12.124
  step 50/1999 best 15.046
  step 100/1999 best 15.057
  step 150/1999 best 16.498
  step 200/1999 best 16.080
  step 250/1999 best 16.072
  step 300/1999 best 16.792
  step 350/1999 best 16.727
  step 400/1999 best 16.563
  step 450/1999 best 16.500
  step 500/1999 best 16.764
  step 550/1999 best 16.748
  step 600/1999 best 16.544
  step 650/1999 best 16.710
  step 700/1999 best 16.676
  step 750/1999 best 16.822
  step 800/1999 best 16.774
  step 850/1999 best 16.749
  step 900/1999 best 16.711
  step 950/1999 best 16.674
  step 1000/1999 best 16.859
  step 1050/1999 best 16.865
  step 1100/1999 best 16.775
  step 1150/1999 best 16.803
  step 1200/1999 best 16.652
  step 1250/1999 best 16.697
  step 1300/1999 best 16.794
  step 1350/1999 best 16.862
  step 1400/1999 best 16.741
  step 1450/1999 best 16.846
  step 1500/1999 best 16.858
  step 1550/1999 best 16.785
  step 1600/1999 best 16.715
  step 1650/1999 best 16.654
  step 1700/1999 best 16.873
  step 1750/1999 best 16.697
  step 1800/1999 best 16.807
  step 1850/1999 best 16.782
  step 1900/1999 best 16.702
  step 1950/1999 best 16.658
saved SBC_CHAINS_cnn_vmim__n1_jitter_seed_s4_sim1996_row1607999_noise1915_2094_2273 (240000, 4) acc=0.303
  step 0/1999 best -15.922
  step 50/1999 best -1.464
  step 100/1999 best 7.826
  step 150/1999 best 10.537
  step 200/1999 best 15.202
  step 250/1999 best 16.335
  step 300/1999 best 15.930
  step 350/1999 best 16.446
  step 400/1999 best 16.152
  step 450/1999 best 16.299
  step 500/1999 best 16.475
  step 550/1999 best 16.271
  step 600/1999 best 16.256
  step 650/1999 best 16.310
  step 700/1999 best 16.327
  step 750/1999 best 16.436
  step 800/1999 best 16.462
  step 850/1999 best 16.385
  step 900/1999 best 16.457
  step 950/1999 best 16.227
  step 1000/1999 best 16.456
  step 1050/1999 best 16.355
  step 1100/1999 best 16.378
  step 1150/1999 best 16.422
  step 1200/1999 best 16.338
  step 1250/1999 best 16.365
  step 1300/1999 best 16.372
  step 1350/1999 best 16.221
  step 1400/1999 best 16.441
  step 1450/1999 best 16.358
  step 1500/1999 best 16.349
  step 1550/1999 best 16.286
  step 1600/1999 best 16.274
  step 1650/1999 best 16.258
  step 1700/1999 best 16.173
  step 1750/1999 best 16.386
  step 1800/1999 best 16.339
  step 1850/1999 best 16.345
  step 1900/1999 best 16.375
  step 1950/1999 best 16.421
saved SBC_CHAINS_cnn_vmim__n1_jitter_seed_s4_sim820_row769936_noise5212_5391_5570 (240000, 4) acc=0.322
  step 0/1999 best -13.128
  step 50/1999 best 5.251
  step 100/1999 best 10.961
  step 150/1999 best 13.128
  step 200/1999 best 14.323
  step 250/1999 best 13.727
  step 300/1999 best 14.170
  step 350/1999 best 14.373
  step 400/1999 best 14.305
  step 450/1999 best 14.190
  step 500/1999 best 14.390
  step 550/1999 best 14.193
  step 600/1999 best 14.049
  step 650/1999 best 14.097
  step 700/1999 best 14.147
  step 750/1999 best 14.302
  step 800/1999 best 14.184
  step 850/1999 best 14.251
  step 900/1999 best 14.168
  step 950/1999 best 14.149
  step 1000/1999 best 14.105
  step 1050/1999 best 14.312
  step 1100/1999 best 14.241
  step 1150/1999 best 14.149
  step 1200/1999 best 14.085
  step 1250/1999 best 14.334
  step 1300/1999 best 14.322
  step 1350/1999 best 14.383
  step 1400/1999 best 14.202
  step 1450/1999 best 14.239
  step 1500/1999 best 14.289
  step 1550/1999 best 14.268
  step 1600/1999 best 14.328
  step 1650/1999 best 14.314
  step 1700/1999 best 14.245
  step 1750/1999 best 14.313
  step 1800/1999 best 14.264
  step 1850/1999 best 14.280
  step 1900/1999 best 14.321
  step 1950/1999 best 14.267
saved SBC_CHAINS_cnn_vmim__n1_jitter_seed_s4_sim739_row688581_noise2481_2660_2839 (240000, 4) acc=0.263
  step 0/1999 best -16.125
  step 50/1999 best 7.924
  step 100/1999 best 11.245
  step 150/1999 best 14.602
  step 200/1999 best 14.592
  step 250/1999 best 14.441
  step 300/1999 best 15.032
  step 350/1999 best 15.244
  step 400/1999 best 15.180
  step 450/1999 best 15.172
  step 500/1999 best 15.194
  step 550/1999 best 15.195
  step 600/1999 best 15.222
  step 650/1999 best 15.024
  step 700/1999 best 15.058
  step 750/1999 best 15.191
  step 800/1999 best 15.263
  step 850/1999 best 15.330
  step 900/1999 best 15.222
  step 950/1999 best 15.286
  step 1000/1999 best 15.205
  step 1050/1999 best 15.190
  step 1100/1999 best 14.998
  step 1150/1999 best 15.184
  step 1200/1999 best 15.183
  step 1250/1999 best 15.137
  step 1300/1999 best 15.145
  step 1350/1999 best 15.164
  step 1400/1999 best 15.230
  step 1450/1999 best 15.069
  step 1500/1999 best 15.279
  step 1550/1999 best 15.197
  step 1600/1999 best 15.283
  step 1650/1999 best 15.153
  step 1700/1999 best 15.127
  step 1750/1999 best 15.204
  step 1800/1999 best 15.178
  step 1850/1999 best 15.185
  step 1900/1999 best 15.131
  step 1950/1999 best 15.117
saved SBC_CHAINS_cnn_vmim__n1_jitter_seed_s4_sim878_row827901_noise4209_4388_4567 (240000, 4) acc=0.237
  step 0/1999 best -17.739
  step 50/1999 best -2.427
  step 100/1999 best 5.797
  step 150/1999 best 9.562
  step 200/1999 best 11.257
  step 250/1999 best 11.203
  step 300/1999 best 11.464
  step 350/1999 best 11.636
  step 400/1999 best 11.544
  step 450/1999 best 11.474
  step 500/1999 best 11.693
  step 550/1999 best 11.701
  step 600/1999 best 11.594
  step 650/1999 best 11.723
  step 700/1999 best 11.682
  step 750/1999 best 11.362
  step 800/1999 best 11.744
  step 850/1999 best 11.617
  step 900/1999 best 11.533
  step 950/1999 best 11.560
  step 1000/1999 best 11.725
  step 1050/1999 best 11.746
  step 1100/1999 best 11.331
  step 1150/1999 best 11.686
  step 1200/1999 best 11.656
  step 1250/1999 best 11.730
  step 1300/1999 best 11.660
  step 1350/1999 best 11.625
  step 1400/1999 best 11.675
  step 1450/1999 best 11.738
  step 1500/1999 best 11.698
  step 1550/1999 best 11.744
  step 1600/1999 best 11.683
  step 1650/1999 best 11.633
  step 1700/1999 best 11.511
  step 1750/1999 best 11.572
  step 1800/1999 best 11.636
  step 1850/1999 best 11.697
  step 1900/1999 best 11.726
  step 1950/1999 best 11.592
saved SBC_CHAINS_cnn_vmim__n1_jitter_seed_s4_sim2552_row2151519_noise7067_7246_7425 (240000, 4) acc=0.208
  step 0/1999 best -14.736
  step 50/1999 best 7.129
  step 100/1999 best 7.414
  step 150/1999 best 9.643
  step 200/1999 best 9.643
  step 250/1999 best 12.724
  step 300/1999 best 13.727
  step 350/1999 best 13.677
  step 400/1999 best 13.383
  step 450/1999 best 13.717
  step 500/1999 best 13.642
  step 550/1999 best 13.667
  step 600/1999 best 13.645
  step 650/1999 best 13.508
  step 700/1999 best 13.722
  step 750/1999 best 13.691
  step 800/1999 best 13.776
  step 850/1999 best 13.524
  step 900/1999 best 13.766
  step 950/1999 best 13.574
  step 1000/1999 best 13.696
  step 1050/1999 best 13.630
  step 1100/1999 best 13.618
  step 1150/1999 best 13.689
  step 1200/1999 best 13.792
  step 1250/1999 best 13.622
  step 1300/1999 best 13.702
  step 1350/1999 best 13.646
  step 1400/1999 best 13.742
  step 1450/1999 best 13.659
  step 1500/1999 best 13.773
  step 1550/1999 best 13.710
  step 1600/1999 best 13.642
  step 1650/1999 best 13.581
  step 1700/1999 best 13.619
  step 1750/1999 best 13.674
  step 1800/1999 best 13.820
  step 1850/1999 best 13.675
  step 1900/1999 best 13.771
  step 1950/1999 best 13.667
saved SBC_CHAINS_cnn_vmim__n1_jitter_seed_s4_sim3093_row2688026_noise7034_7213_7392 (240000, 4) acc=0.334
  step 0/1999 best -16.554
  step 50/1999 best 0.001
  step 100/1999 best 1.014
  step 150/1999 best 5.519
  step 200/1999 best 10.072
  step 250/1999 best 11.624
  step 300/1999 best 11.467
  step 350/1999 best 12.301
  step 400/1999 best 12.723
  step 450/1999 best 12.792
  step 500/1999 best 12.788
  step 550/1999 best 12.773
  step 600/1999 best 12.654
  step 650/1999 best 12.733
  step 700/1999 best 12.828
  step 750/1999 best 12.869
  step 800/1999 best 12.893
  step 850/1999 best 12.841
  step 900/1999 best 12.741
  step 950/1999 best 12.839
  step 1000/1999 best 12.730
  step 1050/1999 best 12.776
  step 1100/1999 best 12.756
  step 1150/1999 best 12.745
  step 1200/1999 best 12.721
  step 1250/1999 best 12.705
  step 1300/1999 best 12.791
  step 1350/1999 best 12.740
  step 1400/1999 best 12.766
  step 1450/1999 best 12.876
  step 1500/1999 best 12.875
  step 1550/1999 best 12.887
  step 1600/1999 best 12.598
  step 1650/1999 best 12.782
  step 1700/1999 best 12.825
  step 1750/1999 best 12.879
  step 1800/1999 best 12.762
  step 1850/1999 best 12.924
  step 1900/1999 best 12.736
  step 1950/1999 best 12.799
saved SBC_CHAINS_cnn_vmim__n1_jitter_seed_s4_sim2455_row2054153_noise7981_8160_8339 (240000, 4) acc=0.223
  step 0/1999 best -10.501
  step 50/1999 best 1.899
  step 100/1999 best 1.899
  step 150/1999 best 9.938
  step 200/1999 best 10.543
  step 250/1999 best 11.940
  step 300/1999 best 13.570
  step 350/1999 best 13.426
  step 400/1999 best 13.542
  step 450/1999 best 13.546
  step 500/1999 best 13.403
  step 550/1999 best 13.441
  step 600/1999 best 13.478
  step 650/1999 best 13.573
  step 700/1999 best 13.436
  step 750/1999 best 13.507
  step 800/1999 best 13.340
  step 850/1999 best 13.418
  step 900/1999 best 13.477
  step 950/1999 best 13.429
  step 1000/1999 best 13.531
  step 1050/1999 best 13.586
  step 1100/1999 best 13.529
  step 1150/1999 best 13.590
  step 1200/1999 best 13.489
  step 1250/1999 best 13.544
  step 1300/1999 best 13.549
  step 1350/1999 best 13.587
  step 1400/1999 best 13.547
  step 1450/1999 best 13.367
  step 1500/1999 best 13.486
  step 1550/1999 best 13.513
  step 1600/1999 best 13.545
  step 1650/1999 best 13.508
  step 1700/1999 best 13.613
  step 1750/1999 best 13.503
  step 1800/1999 best 13.498
  step 1850/1999 best 13.604
  step 1900/1999 best 13.571
  step 1950/1999 best 13.583
saved SBC_CHAINS_cnn_vmim__n1_jitter_seed_s4_sim950_row899914_noise7426_7605_7784 (240000, 4) acc=0.279
  step 0/1999 best -14.889
  step 50/1999 best -0.015
  step 100/1999 best 4.802
  step 150/1999 best 11.909
  step 200/1999 best 12.195
  step 250/1999 best 12.653
  step 300/1999 best 13.143
  step 350/1999 best 13.069
  step 400/1999 best 13.291
  step 450/1999 best 13.389
  step 500/1999 best 13.173
  step 550/1999 best 13.323
  step 600/1999 best 13.108
  step 650/1999 best 13.356
  step 700/1999 best 13.151
  step 750/1999 best 13.264
  step 800/1999 best 13.283
  step 850/1999 best 13.231
  step 900/1999 best 13.312
  step 950/1999 best 13.391
  step 1000/1999 best 13.293
  step 1050/1999 best 13.318
  step 1100/1999 best 13.319
  step 1150/1999 best 13.363
  step 1200/1999 best 13.245
  step 1250/1999 best 13.335
  step 1300/1999 best 13.355
  step 1350/1999 best 13.370
  step 1400/1999 best 13.272
  step 1450/1999 best 13.361
  step 1500/1999 best 13.316
  step 1550/1999 best 13.173
  step 1600/1999 best 13.172
  step 1650/1999 best 13.307
  step 1700/1999 best 13.213
  step 1750/1999 best 13.286
  step 1800/1999 best 13.305
  step 1850/1999 best 13.340
  step 1900/1999 best 13.267
  step 1950/1999 best 13.120
saved SBC_CHAINS_cnn_vmim__n1_jitter_seed_s4_sim2984_row2579299_noise6415_6594_6773 (240000, 4) acc=0.312
  step 0/1999 best -12.256
  step 50/1999 best -4.582
  step 100/1999 best -3.049
  step 150/1999 best 6.187
  step 200/1999 best 8.961
  step 250/1999 best 8.690
  step 300/1999 best 8.871
  step 350/1999 best 8.610
  step 400/1999 best 9.073
  step 450/1999 best 9.577
  step 500/1999 best 9.438
  step 550/1999 best 8.993
  step 600/1999 best 9.579
  step 650/1999 best 9.449
  step 700/1999 best 9.557
  step 750/1999 best 9.702
  step 800/1999 best 9.680
  step 850/1999 best 9.544
  step 900/1999 best 9.616
  step 950/1999 best 9.695
  step 1000/1999 best 9.512
  step 1050/1999 best 9.552
  step 1100/1999 best 9.598
  step 1150/1999 best 9.614
  step 1200/1999 best 9.525
  step 1250/1999 best 9.507
  step 1300/1999 best 9.650
  step 1350/1999 best 9.610
  step 1400/1999 best 9.552
  step 1450/1999 best 9.532
  step 1500/1999 best 9.622
  step 1550/1999 best 9.625
  step 1600/1999 best 9.460
  step 1650/1999 best 9.659
  step 1700/1999 best 9.629
  step 1750/1999 best 9.522
  step 1800/1999 best 9.607
  step 1850/1999 best 9.599
  step 1900/1999 best 9.523
  step 1950/1999 best 9.557
saved SBC_CHAINS_cnn_vmim__n1_jitter_seed_s4_sim2872_row2467754_noise2978_3157_3336 (240000, 4) acc=0.301
  step 0/1999 best -14.785
  step 50/1999 best 5.339
  step 100/1999 best 12.320
  step 150/1999 best 14.352
  step 200/1999 best 12.889
  step 250/1999 best 14.692
  step 300/1999 best 14.852
  step 350/1999 best 14.792
  step 400/1999 best 14.810
  step 450/1999 best 14.804
  step 500/1999 best 15.001
  step 550/1999 best 15.024
  step 600/1999 best 14.993
  step 650/1999 best 14.585
  step 700/1999 best 14.941
  step 750/1999 best 14.878
  step 800/1999 best 14.882
  step 850/1999 best 14.872
  step 900/1999 best 14.677
  step 950/1999 best 14.961
  step 1000/1999 best 14.891
  step 1050/1999 best 14.969
  step 1100/1999 best 14.936
  step 1150/1999 best 14.839
  step 1200/1999 best 14.818
  step 1250/1999 best 14.777
  step 1300/1999 best 14.935
  step 1350/1999 best 14.984
  step 1400/1999 best 15.020
  step 1450/1999 best 14.942
  step 1500/1999 best 14.856
  step 1550/1999 best 15.045
  step 1600/1999 best 14.950
  step 1650/1999 best 14.811
  step 1700/1999 best 14.955
  step 1750/1999 best 15.050
  step 1800/1999 best 14.920
  step 1850/1999 best 14.997
  step 1900/1999 best 14.959
  step 1950/1999 best 15.032
saved SBC_CHAINS_cnn_vmim__n1_jitter_seed_s4_sim1993_row1604277_noise8021_8200_8379 (240000, 4) acc=0.210
  step 0/1999 best 4.775
  step 50/1999 best 6.917
  step 100/1999 best 6.841
  step 150/1999 best 7.060
  step 200/1999 best 6.828
  step 250/1999 best 7.114
  step 300/1999 best 6.897
  step 350/1999 best 6.904
  step 400/1999 best 6.812
  step 450/1999 best 6.658
  step 500/1999 best 7.351
  step 550/1999 best 6.994
  step 600/1999 best 7.023
  step 650/1999 best 7.296
  step 700/1999 best 7.328
  step 750/1999 best 7.365
  step 800/1999 best 7.085
  step 850/1999 best 6.717
  step 900/1999 best 6.862
  step 950/1999 best 7.075
  step 1000/1999 best 7.098
  step 1050/1999 best 6.986
  step 1100/1999 best 6.777
  step 1150/1999 best 7.215
  step 1200/1999 best 7.217
  step 1250/1999 best 7.125
  step 1300/1999 best 7.242
  step 1350/1999 best 6.926
  step 1400/1999 best 7.100
  step 1450/1999 best 7.361
  step 1500/1999 best 6.702
  step 1550/1999 best 6.694
  step 1600/1999 best 6.716
  step 1650/1999 best 6.721
  step 1700/1999 best 6.531
  step 1750/1999 best 6.697
  step 1800/1999 best 7.153
  step 1850/1999 best 6.611
  step 1900/1999 best 6.479
  step 1950/1999 best 7.294
saved SBC_CHAINS_cnn_vmim__n1_jitter_seed_s4_sim199_row185427_noise2867_3046_3225 (240000, 4) acc=0.302
  step 0/1999 best -16.348
  step 50/1999 best 0.281
  step 100/1999 best 8.877
  step 150/1999 best 10.595
  step 200/1999 best 14.975
  step 250/1999 best 15.844
  step 300/1999 best 15.866
  step 350/1999 best 15.823
  step 400/1999 best 15.960
  step 450/1999 best 15.984
  step 500/1999 best 15.723
  step 550/1999 best 15.921
  step 600/1999 best 15.963
  step 650/1999 best 15.953
  step 700/1999 best 15.912
  step 750/1999 best 15.858
  step 800/1999 best 15.897
  step 850/1999 best 15.810
  step 900/1999 best 15.975
  step 950/1999 best 15.997
  step 1000/1999 best 15.885
  step 1050/1999 best 15.929
  step 1100/1999 best 16.003
  step 1150/1999 best 15.942
  step 1200/1999 best 15.785
  step 1250/1999 best 15.999
  step 1300/1999 best 15.917
  step 1350/1999 best 15.757
  step 1400/1999 best 15.911
  step 1450/1999 best 15.945
  step 1500/1999 best 15.914
  step 1550/1999 best 15.927
  step 1600/1999 best 15.747
  step 1650/1999 best 15.836
  step 1700/1999 best 15.905
  step 1750/1999 best 15.925
  step 1800/1999 best 15.651
  step 1850/1999 best 15.952
  step 1900/1999 best 15.911
  step 1950/1999 best 15.834
saved SBC_CHAINS_cnn_vmim__n1_jitter_seed_s4_sim885_row834312_noise792_971_1150 (240000, 4) acc=0.304
  step 0/1999 best -10.040
  step 50/1999 best 1.456
  step 100/1999 best 9.067
  step 150/1999 best 9.067
  step 200/1999 best 10.899
  step 250/1999 best 10.329
  step 300/1999 best 12.510
  step 350/1999 best 12.510
  step 400/1999 best 14.143
  step 450/1999 best 12.134
  step 500/1999 best 14.397
  step 550/1999 best 14.397
  step 600/1999 best 15.937
  step 650/1999 best 15.476
  step 700/1999 best 15.793
  step 750/1999 best 16.294
  step 800/1999 best 16.324
  step 850/1999 best 16.224
  step 900/1999 best 16.224
  step 950/1999 best 16.308
  step 1000/1999 best 16.548
  step 1050/1999 best 16.177
  step 1100/1999 best 16.120
  step 1150/1999 best 16.155
  step 1200/1999 best 16.461
  step 1250/1999 best 16.350
  step 1300/1999 best 16.299
  step 1350/1999 best 16.506
  step 1400/1999 best 16.727
  step 1450/1999 best 16.476
  step 1500/1999 best 16.424
  step 1550/1999 best 16.463
  step 1600/1999 best 16.592
  step 1650/1999 best 16.585
  step 1700/1999 best 16.560
  step 1750/1999 best 16.708
  step 1800/1999 best 16.270
  step 1850/1999 best 16.291
  step 1900/1999 best 16.551
  step 1950/1999 best 16.741
saved SBC_CHAINS_cnn_vmim__n1_jitter_seed_s4_sim346_row332956_noise2976_3155_3334 (240000, 4) acc=0.100
  step 0/1999 best -18.729
  step 50/1999 best -4.907
  step 100/1999 best 1.490
  step 150/1999 best 3.387
  step 200/1999 best 6.622
  step 250/1999 best 11.018
  step 300/1999 best 13.154
  step 350/1999 best 12.586
  step 400/1999 best 13.112
  step 450/1999 best 13.972
  step 500/1999 best 14.191
  step 550/1999 best 13.352
  step 600/1999 best 13.640
  step 650/1999 best 13.727
  step 700/1999 best 14.019
  step 750/1999 best 14.107
  step 800/1999 best 14.147
  step 850/1999 best 14.029
  step 900/1999 best 14.006
  step 950/1999 best 14.143
  step 1000/1999 best 13.803
  step 1050/1999 best 13.909
  step 1100/1999 best 14.248
  step 1150/1999 best 13.940
  step 1200/1999 best 13.755
  step 1250/1999 best 14.066
  step 1300/1999 best 14.117
  step 1350/1999 best 14.127
  step 1400/1999 best 14.259
  step 1450/1999 best 14.221
  step 1500/1999 best 14.109
  step 1550/1999 best 14.068
  step 1600/1999 best 13.664
  step 1650/1999 best 14.002
  step 1700/1999 best 14.244
  step 1750/1999 best 14.172
  step 1800/1999 best 14.055
  step 1850/1999 best 14.223
  step 1900/1999 best 14.189
  step 1950/1999 best 14.208
saved SBC_CHAINS_cnn_vmim__n1_jitter_seed_s4_sim2458_row2057485_noise1485_1664_1843 (240000, 4) acc=0.136
  step 0/1999 best -11.910
  step 50/1999 best 8.402
  step 100/1999 best 7.764
  step 150/1999 best 10.002
  step 200/1999 best 10.813
  step 250/1999 best 11.378
  step 300/1999 best 11.143
  step 350/1999 best 12.984
  step 400/1999 best 13.785
  step 450/1999 best 13.842
  step 500/1999 best 14.491
  step 550/1999 best 15.007
  step 600/1999 best 14.495
  step 650/1999 best 15.231
  step 700/1999 best 15.043
  step 750/1999 best 14.787
  step 800/1999 best 14.912
  step 850/1999 best 14.762
  step 900/1999 best 14.974
  step 950/1999 best 15.028
  step 1000/1999 best 14.927
  step 1050/1999 best 15.135
  step 1100/1999 best 15.170
  step 1150/1999 best 15.330
  step 1200/1999 best 14.744
  step 1250/1999 best 15.181
  step 1300/1999 best 15.331
  step 1350/1999 best 15.086
  step 1400/1999 best 15.361
  step 1450/1999 best 15.389
  step 1500/1999 best 15.095
  step 1550/1999 best 15.081
  step 1600/1999 best 15.305
  step 1650/1999 best 15.120
  step 1700/1999 best 14.808
  step 1750/1999 best 14.693
  step 1800/1999 best 15.084
  step 1850/1999 best 15.179
  step 1900/1999 best 14.717
  step 1950/1999 best 15.265
saved SBC_CHAINS_cnn_vmim__n1_jitter_seed_s4_sim343_row329637_noise9485_9664_15 (240000, 4) acc=0.136
  step 0/1999 best -15.130
  step 50/1999 best -1.167
  step 100/1999 best 11.290
  step 150/1999 best 10.080
  step 200/1999 best 15.027
  step 250/1999 best 14.216
  step 300/1999 best 15.676
  step 350/1999 best 15.086
  step 400/1999 best 15.645
  step 450/1999 best 15.601
  step 500/1999 best 15.048
  step 550/1999 best 15.715
  step 600/1999 best 15.673
  step 650/1999 best 15.804
  step 700/1999 best 15.816
  step 750/1999 best 15.711
  step 800/1999 best 15.650
  step 850/1999 best 15.784
  step 900/1999 best 15.804
  step 950/1999 best 15.857
  step 1000/1999 best 15.810
  step 1050/1999 best 15.671
  step 1100/1999 best 15.765
  step 1150/1999 best 15.755
  step 1200/1999 best 15.705
  step 1250/1999 best 15.842
  step 1300/1999 best 15.896
  step 1350/1999 best 15.626
  step 1400/1999 best 15.870
  step 1450/1999 best 15.677
  step 1500/1999 best 15.778
  step 1550/1999 best 15.682
  step 1600/1999 best 15.594
  step 1650/1999 best 15.585
  step 1700/1999 best 15.696
  step 1750/1999 best 15.845
  step 1800/1999 best 15.734
  step 1850/1999 best 15.585
  step 1900/1999 best 15.895
  step 1950/1999 best 15.755
saved SBC_CHAINS_cnn_vmim__n1_jitter_seed_s4_sim1195_row1013358_noise6170_6349_6528 (240000, 4) acc=0.186
  step 0/1999 best -9.312
  step 50/1999 best 2.536
  step 100/1999 best 15.660
  step 150/1999 best 15.771
  step 200/1999 best 15.744
  step 250/1999 best 15.464
  step 300/1999 best 15.586
  step 350/1999 best 16.335
  step 400/1999 best 16.326
  step 450/1999 best 16.091
  step 500/1999 best 16.383
  step 550/1999 best 15.867
  step 600/1999 best 16.390
  step 650/1999 best 16.426
  step 700/1999 best 16.455
  step 750/1999 best 16.401
  step 800/1999 best 16.091
  step 850/1999 best 16.392
  step 900/1999 best 16.393
  step 950/1999 best 16.084
  step 1000/1999 best 16.050
  step 1050/1999 best 16.500
  step 1100/1999 best 16.522
  step 1150/1999 best 16.131
  step 1200/1999 best 15.936
  step 1250/1999 best 16.365
  step 1300/1999 best 16.263
  step 1350/1999 best 16.559
  step 1400/1999 best 16.427
  step 1450/1999 best 16.363
  step 1500/1999 best 16.495
  step 1550/1999 best 16.494
  step 1600/1999 best 16.423
  step 1650/1999 best 16.412
  step 1700/1999 best 16.516
  step 1750/1999 best 16.460
  step 1800/1999 best 16.468
  step 1850/1999 best 16.277
  step 1900/1999 best 16.073
  step 1950/1999 best 16.205
saved SBC_CHAINS_cnn_vmim__n1_jitter_seed_s4_sim207_row193414_noise1026_1205_1384 (240000, 4) acc=0.154
  step 0/1999 best -10.987
  step 50/1999 best 2.125
  step 100/1999 best 11.010
  step 150/1999 best 13.021
  step 200/1999 best 13.624
  step 250/1999 best 13.624
  step 300/1999 best 13.697
  step 350/1999 best 13.960
  step 400/1999 best 15.029
  step 450/1999 best 14.933
  step 500/1999 best 15.211
  step 550/1999 best 15.247
  step 600/1999 best 15.368
  step 650/1999 best 15.358
  step 700/1999 best 15.444
  step 750/1999 best 15.440
  step 800/1999 best 15.308
  step 850/1999 best 15.590
  step 900/1999 best 15.533
  step 950/1999 best 15.227
  step 1000/1999 best 15.408
  step 1050/1999 best 15.427
  step 1100/1999 best 15.516
  step 1150/1999 best 15.539
  step 1200/1999 best 15.546
  step 1250/1999 best 15.509
  step 1300/1999 best 15.260
  step 1350/1999 best 15.338
  step 1400/1999 best 15.329
  step 1450/1999 best 15.643
  step 1500/1999 best 15.528
  step 1550/1999 best 15.439
  step 1600/1999 best 15.427
  step 1650/1999 best 15.286
  step 1700/1999 best 15.494
  step 1750/1999 best 15.611
  step 1800/1999 best 15.450
  step 1850/1999 best 15.355
  step 1900/1999 best 15.325
  step 1950/1999 best 15.419
saved SBC_CHAINS_cnn_vmim__n1_jitter_seed_s4_sim1312_row1121189_noise5065_5244_5423 (240000, 4) acc=0.215
  step 0/1999 best -13.360
  step 50/1999 best 3.976
  step 100/1999 best 9.203
  step 150/1999 best 9.400
  step 200/1999 best 10.294
  step 250/1999 best 10.697
  step 300/1999 best 11.204
  step 350/1999 best 10.432
  step 400/1999 best 11.384
  step 450/1999 best 11.455
  step 500/1999 best 11.523
  step 550/1999 best 11.365
  step 600/1999 best 11.464
  step 650/1999 best 11.281
  step 700/1999 best 11.495
  step 750/1999 best 11.449
  step 800/1999 best 11.516
  step 850/1999 best 11.156
  step 900/1999 best 11.410
  step 950/1999 best 11.557
  step 1000/1999 best 11.451
  step 1050/1999 best 11.473
  step 1100/1999 best 11.583
  step 1150/1999 best 11.504
  step 1200/1999 best 11.541
  step 1250/1999 best 11.430
  step 1300/1999 best 11.421
  step 1350/1999 best 11.414
  step 1400/1999 best 11.541
  step 1450/1999 best 11.504
  step 1500/1999 best 11.340
  step 1550/1999 best 11.443
  step 1600/1999 best 11.420
  step 1650/1999 best 11.512
  step 1700/1999 best 11.359
  step 1750/1999 best 11.429
  step 1800/1999 best 11.297
  step 1850/1999 best 11.364
  step 1900/1999 best 11.363
  step 1950/1999 best 11.455
saved SBC_CHAINS_cnn_vmim__n1_jitter_seed_s4_sim2611_row2210532_noise7112_7291_7470 (240000, 4) acc=0.204
  step 0/1999 best -20.985
  step 50/1999 best -0.728
  step 100/1999 best 0.485
  step 150/1999 best 11.622
  step 200/1999 best 11.622
  step 250/1999 best 11.622
  step 300/1999 best 12.577
  step 350/1999 best 11.642
  step 400/1999 best 12.964
  step 450/1999 best 13.078
  step 500/1999 best 12.871
  step 550/1999 best 12.949
  step 600/1999 best 13.223
  step 650/1999 best 13.011
  step 700/1999 best 13.079
  step 750/1999 best 12.843
  step 800/1999 best 13.098
  step 850/1999 best 13.167
  step 900/1999 best 13.263
  step 950/1999 best 13.001
  step 1000/1999 best 13.084
  step 1050/1999 best 13.150
  step 1100/1999 best 13.110
  step 1150/1999 best 13.209
  step 1200/1999 best 12.992
  step 1250/1999 best 13.047
  step 1300/1999 best 13.089
  step 1350/1999 best 13.207
  step 1400/1999 best 13.194
  step 1450/1999 best 13.177
  step 1500/1999 best 12.992
  step 1550/1999 best 13.029
  step 1600/1999 best 13.071
  step 1650/1999 best 13.106
  step 1700/1999 best 13.114
  step 1750/1999 best 13.130
  step 1800/1999 best 13.258
  step 1850/1999 best 13.176
  step 1900/1999 best 13.236
  step 1950/1999 best 13.088
saved SBC_CHAINS_cnn_vmim__n1_jitter_seed_s4_sim2476_row2075973_noise317_496_675 (240000, 4) acc=0.157
  step 0/1999 best -12.401
  step 50/1999 best -0.058
  step 100/1999 best 7.699
  step 150/1999 best 13.944
  step 200/1999 best 13.648
  step 250/1999 best 13.902
  step 300/1999 best 15.022
  step 350/1999 best 15.587
  step 400/1999 best 16.364
  step 450/1999 best 15.855
  step 500/1999 best 16.481
  step 550/1999 best 15.928
  step 600/1999 best 16.270
  step 650/1999 best 16.425
  step 700/1999 best 16.373
  step 750/1999 best 16.358
  step 800/1999 best 16.558
  step 850/1999 best 16.252
  step 900/1999 best 16.534
  step 950/1999 best 16.502
  step 1000/1999 best 16.348
  step 1050/1999 best 16.499
  step 1100/1999 best 16.454
  step 1150/1999 best 16.347
  step 1200/1999 best 16.387
  step 1250/1999 best 16.455
  step 1300/1999 best 16.505
  step 1350/1999 best 16.399
  step 1400/1999 best 16.363
  step 1450/1999 best 16.453
  step 1500/1999 best 16.497
  step 1550/1999 best 16.381
  step 1600/1999 best 16.488
  step 1650/1999 best 16.473
  step 1700/1999 best 16.457
  step 1750/1999 best 16.498
  step 1800/1999 best 16.365
  step 1850/1999 best 16.426
  step 1900/1999 best 16.383
  step 1950/1999 best 16.494
saved SBC_CHAINS_cnn_vmim__n1_jitter_seed_s4_sim1432_row1214123_noise7063_7242_7421 (240000, 4) acc=0.168
  step 0/1999 best -14.461
  step 50/1999 best 0.193
  step 100/1999 best 4.961
  step 150/1999 best 9.160
  step 200/1999 best 11.997
  step 250/1999 best 11.993
  step 300/1999 best 12.072
  step 350/1999 best 12.361
  step 400/1999 best 11.967
  step 450/1999 best 12.448
  step 500/1999 best 12.014
  step 550/1999 best 12.407
  step 600/1999 best 12.356
  step 650/1999 best 12.410
  step 700/1999 best 12.366
  step 750/1999 best 12.395
  step 800/1999 best 12.457
  step 850/1999 best 12.458
  step 900/1999 best 12.385
  step 950/1999 best 12.244
  step 1000/1999 best 12.312
  step 1050/1999 best 12.389
  step 1100/1999 best 12.423
  step 1150/1999 best 12.318
  step 1200/1999 best 12.383
  step 1250/1999 best 12.322
  step 1300/1999 best 12.461
  step 1350/1999 best 12.403
  step 1400/1999 best 12.415
  step 1450/1999 best 12.468
  step 1500/1999 best 12.333
  step 1550/1999 best 12.436
  step 1600/1999 best 12.365
  step 1650/1999 best 12.441
  step 1700/1999 best 12.360
  step 1750/1999 best 12.349
  step 1800/1999 best 12.369
  step 1850/1999 best 12.410
  step 1900/1999 best 12.100
  step 1950/1999 best 12.321
saved SBC_CHAINS_cnn_vmim__n1_jitter_seed_s4_sim2854_row2449441_noise4321_4500_4679 (240000, 4) acc=0.371
  step 0/1999 best -20.447
  step 50/1999 best -4.805
  step 100/1999 best -3.509
  step 150/1999 best 1.844
  step 200/1999 best 3.059
  step 250/1999 best 10.615
  step 300/1999 best 12.063
  step 350/1999 best 11.815
  step 400/1999 best 12.805
  step 450/1999 best 12.538
  step 500/1999 best 12.814
  step 550/1999 best 12.887
  step 600/1999 best 12.823
  step 650/1999 best 12.859
  step 700/1999 best 13.132
  step 750/1999 best 12.860
  step 800/1999 best 13.101
  step 850/1999 best 13.035
  step 900/1999 best 13.110
  step 950/1999 best 12.779
  step 1000/1999 best 13.060
  step 1050/1999 best 13.087
  step 1100/1999 best 12.946
  step 1150/1999 best 13.040
  step 1200/1999 best 12.933
  step 1250/1999 best 12.923
  step 1300/1999 best 13.105
  step 1350/1999 best 12.902
  step 1400/1999 best 13.068
  step 1450/1999 best 12.922
  step 1500/1999 best 12.994
  step 1550/1999 best 12.816
  step 1600/1999 best 13.113
  step 1650/1999 best 13.125
  step 1700/1999 best 13.019
  step 1750/1999 best 12.919
  step 1800/1999 best 13.021
  step 1850/1999 best 13.071
  step 1900/1999 best 13.130
  step 1950/1999 best 13.124
saved SBC_CHAINS_cnn_vmim__n1_jitter_seed_s4_sim2620_row2219961_noise6713_6892_7071 (240000, 4) acc=0.143
  step 0/1999 best -18.864
  step 50/1999 best -2.326
  step 100/1999 best -2.468
  step 150/1999 best 9.648
  step 200/1999 best 12.248
  step 250/1999 best 12.476
  step 300/1999 best 12.824
  step 350/1999 best 12.978
  step 400/1999 best 13.417
  step 450/1999 best 13.159
  step 500/1999 best 13.144
  step 550/1999 best 13.264
  step 600/1999 best 13.342
  step 650/1999 best 13.398
  step 700/1999 best 13.436
  step 750/1999 best 13.450
  step 800/1999 best 13.324
  step 850/1999 best 13.353
  step 900/1999 best 13.113
  step 950/1999 best 13.354
  step 1000/1999 best 13.352
  step 1050/1999 best 13.221
  step 1100/1999 best 13.442
  step 1150/1999 best 13.475
  step 1200/1999 best 13.480
  step 1250/1999 best 13.465
  step 1300/1999 best 13.340
  step 1350/1999 best 13.450
  step 1400/1999 best 13.341
  step 1450/1999 best 13.317
  step 1500/1999 best 13.257
  step 1550/1999 best 13.338
  step 1600/1999 best 13.450
  step 1650/1999 best 13.352
  step 1700/1999 best 13.410
  step 1750/1999 best 13.426
  step 1800/1999 best 13.288
  step 1850/1999 best 13.357
  step 1900/1999 best 13.384
  step 1950/1999 best 13.280
saved SBC_CHAINS_cnn_vmim__n1_jitter_seed_s4_sim2541_row2140805_noise6181_6360_6539 (240000, 4) acc=0.219
  step 0/1999 best -14.832
  step 50/1999 best 8.519
  step 100/1999 best 8.519
  step 150/1999 best 12.070
  step 200/1999 best 12.972
  step 250/1999 best 12.764
  step 300/1999 best 16.023
  step 350/1999 best 14.798
  step 400/1999 best 16.069
  step 450/1999 best 16.407
  step 500/1999 best 15.947
  step 550/1999 best 16.469
  step 600/1999 best 16.059
  step 650/1999 best 16.581
  step 700/1999 best 16.264
  step 750/1999 best 16.636
  step 800/1999 best 16.506
  step 850/1999 best 16.552
  step 900/1999 best 16.626
  step 950/1999 best 16.418
  step 1000/1999 best 16.543
  step 1050/1999 best 16.531
  step 1100/1999 best 16.450
  step 1150/1999 best 16.382
  step 1200/1999 best 16.575
  step 1250/1999 best 16.458
  step 1300/1999 best 16.376
  step 1350/1999 best 16.382
  step 1400/1999 best 16.363
  step 1450/1999 best 16.610
  step 1500/1999 best 16.430
  step 1550/1999 best 16.503
  step 1600/1999 best 16.506
  step 1650/1999 best 16.544
  step 1700/1999 best 16.644
  step 1750/1999 best 16.631
  step 1800/1999 best 16.331
  step 1850/1999 best 16.543
  step 1900/1999 best 16.637
  step 1950/1999 best 16.456
saved SBC_CHAINS_cnn_vmim__n1_jitter_seed_s4_sim1756_row1509799_noise7415_7594_7773 (240000, 4) acc=0.195
  step 0/1999 best -17.156
  step 50/1999 best 7.872
  step 100/1999 best 11.069
  step 150/1999 best 10.915
  step 200/1999 best 10.977
  step 250/1999 best 11.364
  step 300/1999 best 11.078
  step 350/1999 best 11.121
  step 400/1999 best 11.429
  step 450/1999 best 11.246
  step 500/1999 best 11.492
  step 550/1999 best 11.311
  step 600/1999 best 11.336
  step 650/1999 best 11.359
  step 700/1999 best 11.497
  step 750/1999 best 11.433
  step 800/1999 best 11.331
  step 850/1999 best 11.478
  step 900/1999 best 11.334
  step 950/1999 best 11.476
  step 1000/1999 best 11.397
  step 1050/1999 best 11.358
  step 1100/1999 best 11.321
  step 1150/1999 best 11.476
  step 1200/1999 best 11.438
  step 1250/1999 best 11.386
  step 1300/1999 best 11.320
  step 1350/1999 best 11.468
  step 1400/1999 best 11.360
  step 1450/1999 best 11.418
  step 1500/1999 best 11.266
  step 1550/1999 best 11.366
  step 1600/1999 best 11.331
  step 1650/1999 best 11.323
  step 1700/1999 best 11.478
  step 1750/1999 best 11.149
  step 1800/1999 best 11.483
  step 1850/1999 best 11.328
  step 1900/1999 best 11.266
  step 1950/1999 best 11.400
saved SBC_CHAINS_cnn_vmim__n1_jitter_seed_s4_sim1231_row1049524_noise3024_3203_3382 (240000, 4) acc=0.183
  step 0/1999 best -13.537
  step 50/1999 best 6.206
  step 100/1999 best 9.126
  step 150/1999 best 11.489
  step 200/1999 best 11.489
  step 250/1999 best 14.106
  step 300/1999 best 13.987
  step 350/1999 best 14.311
  step 400/1999 best 14.205
  step 450/1999 best 14.656
  step 500/1999 best 14.378
  step 550/1999 best 14.447
  step 600/1999 best 14.692
  step 650/1999 best 14.492
  step 700/1999 best 14.741
  step 750/1999 best 14.552
  step 800/1999 best 14.699
  step 850/1999 best 14.335
  step 900/1999 best 14.163
  step 950/1999 best 14.549
  step 1000/1999 best 14.526
  step 1050/1999 best 14.589
  step 1100/1999 best 14.043
  step 1150/1999 best 14.718
  step 1200/1999 best 14.735
  step 1250/1999 best 14.808
  step 1300/1999 best 14.573
  step 1350/1999 best 14.463
  step 1400/1999 best 14.439
  step 1450/1999 best 14.530
  step 1500/1999 best 14.691
  step 1550/1999 best 14.680
  step 1600/1999 best 14.593
  step 1650/1999 best 14.738
  step 1700/1999 best 14.779
  step 1750/1999 best 14.595
  step 1800/1999 best 14.549
  step 1850/1999 best 14.613
  step 1900/1999 best 14.739
  step 1950/1999 best 14.612
saved SBC_CHAINS_cnn_vmim__n1_jitter_seed_s4_sim1453_row1235411_noise8695_8874_9053 (240000, 4) acc=0.137
  step 0/1999 best -14.511
  step 50/1999 best 0.634
  step 100/1999 best 3.615
  step 150/1999 best 4.047
  step 200/1999 best 12.022
  step 250/1999 best 12.571
  step 300/1999 best 12.968
  step 350/1999 best 12.986
  step 400/1999 best 13.018
  step 450/1999 best 12.861
  step 500/1999 best 12.957
  step 550/1999 best 13.121
  step 600/1999 best 13.163
  step 650/1999 best 13.198
  step 700/1999 best 13.032
  step 750/1999 best 13.208
  step 800/1999 best 13.241
  step 850/1999 best 13.001
  step 900/1999 best 13.094
  step 950/1999 best 13.237
  step 1000/1999 best 13.100
  step 1050/1999 best 13.117
  step 1100/1999 best 13.145
  step 1150/1999 best 13.112
  step 1200/1999 best 13.247
  step 1250/1999 best 13.194
  step 1300/1999 best 13.234
  step 1350/1999 best 13.204
  step 1400/1999 best 13.247
  step 1450/1999 best 13.175
  step 1500/1999 best 13.018
  step 1550/1999 best 13.110
  step 1600/1999 best 13.234
  step 1650/1999 best 13.102
  step 1700/1999 best 13.185
  step 1750/1999 best 13.149
  step 1800/1999 best 13.142
  step 1850/1999 best 13.147
  step 1900/1999 best 13.199
  step 1950/1999 best 13.207
saved SBC_CHAINS_cnn_vmim__n1_jitter_seed_s4_sim2398_row1997831_noise799_978_1157 (240000, 4) acc=0.168
  step 0/1999 best -12.765
  step 50/1999 best 1.405
  step 100/1999 best 13.804
  step 150/1999 best 13.812
  step 200/1999 best 14.977
  step 250/1999 best 14.631
  step 300/1999 best 15.210
  step 350/1999 best 14.203
  step 400/1999 best 14.761
  step 450/1999 best 15.528
  step 500/1999 best 15.036
  step 550/1999 best 15.631
  step 600/1999 best 15.608
  step 650/1999 best 15.282
  step 700/1999 best 15.473
  step 750/1999 best 15.723
  step 800/1999 best 15.564
  step 850/1999 best 15.325
  step 900/1999 best 15.580
  step 950/1999 best 15.701
  step 1000/1999 best 15.500
  step 1050/1999 best 15.587
  step 1100/1999 best 15.680
  step 1150/1999 best 15.520
  step 1200/1999 best 15.607
  step 1250/1999 best 15.683
  step 1300/1999 best 15.653
  step 1350/1999 best 15.567
  step 1400/1999 best 15.440
  step 1450/1999 best 15.500
  step 1500/1999 best 15.353
  step 1550/1999 best 15.533
  step 1600/1999 best 15.367
  step 1650/1999 best 15.614
  step 1700/1999 best 15.555
  step 1750/1999 best 15.488
  step 1800/1999 best 15.566
  step 1850/1999 best 15.394
  step 1900/1999 best 15.404
  step 1950/1999 best 15.534
saved SBC_CHAINS_cnn_vmim__n1_jitter_seed_s4_sim2055_row1665265_noise1213_1392_1571 (240000, 4) acc=0.161
  step 0/1999 best -14.741
  step 50/1999 best -1.701
  step 100/1999 best 6.502
  step 150/1999 best 6.502
  step 200/1999 best 11.547
  step 250/1999 best 7.111
  step 300/1999 best 12.818
  step 350/1999 best 10.488
  step 400/1999 best 14.681
  step 450/1999 best 14.683
  step 500/1999 best 14.718
  step 550/1999 best 14.827
  step 600/1999 best 14.224
  step 650/1999 best 14.908
  step 700/1999 best 15.013
  step 750/1999 best 15.151
  step 800/1999 best 15.465
  step 850/1999 best 15.247
  step 900/1999 best 15.375
  step 950/1999 best 15.467
  step 1000/1999 best 15.271
  step 1050/1999 best 15.275
  step 1100/1999 best 15.526
  step 1150/1999 best 15.456
  step 1200/1999 best 15.236
  step 1250/1999 best 15.389
  step 1300/1999 best 15.369
  step 1350/1999 best 15.239
  step 1400/1999 best 15.493
  step 1450/1999 best 15.428
  step 1500/1999 best 15.349
  step 1550/1999 best 15.398
  step 1600/1999 best 15.444
  step 1650/1999 best 15.341
  step 1700/1999 best 15.510
  step 1750/1999 best 15.480
  step 1800/1999 best 15.389
  step 1850/1999 best 15.374
  step 1900/1999 best 15.409
  step 1950/1999 best 15.401
saved SBC_CHAINS_cnn_vmim__n1_jitter_seed_s4_sim652_row605737_noise4089_4268_4447 (240000, 4) acc=0.168
  step 0/1999 best -15.868
  step 50/1999 best 1.310
  step 100/1999 best 6.844
  step 150/1999 best 10.533
  step 200/1999 best 13.353
  step 250/1999 best 13.167
  step 300/1999 best 13.667
  step 350/1999 best 13.948
  step 400/1999 best 13.507
  step 450/1999 best 13.667
  step 500/1999 best 13.560
  step 550/1999 best 14.037
  step 600/1999 best 14.141
  step 650/1999 best 13.929
  step 700/1999 best 14.129
  step 750/1999 best 13.802
  step 800/1999 best 13.920
  step 850/1999 best 14.108
  step 900/1999 best 13.986
  step 950/1999 best 14.142
  step 1000/1999 best 13.983
  step 1050/1999 best 14.146
  step 1100/1999 best 14.045
  step 1150/1999 best 13.929
  step 1200/1999 best 14.002
  step 1250/1999 best 14.056
  step 1300/1999 best 14.096
  step 1350/1999 best 13.963
  step 1400/1999 best 14.101
  step 1450/1999 best 14.085
  step 1500/1999 best 14.036
  step 1550/1999 best 14.129
  step 1600/1999 best 14.050
  step 1650/1999 best 13.964
  step 1700/1999 best 14.038
  step 1750/1999 best 14.054
  step 1800/1999 best 14.065
  step 1850/1999 best 14.029
  step 1900/1999 best 14.101
  step 1950/1999 best 13.944
saved SBC_CHAINS_cnn_vmim__n1_jitter_seed_s4_sim3094_row2689117_noise8125_8304_8483 (240000, 4) acc=0.305
  step 0/1999 best -18.001
  step 50/1999 best -1.782
  step 100/1999 best 0.002
  step 150/1999 best 8.197
  step 200/1999 best 10.909
  step 250/1999 best 10.909
  step 300/1999 best 13.857
  step 350/1999 best 13.991
  step 400/1999 best 13.989
  step 450/1999 best 14.140
  step 500/1999 best 14.083
  step 550/1999 best 14.311
  step 600/1999 best 13.690
  step 650/1999 best 14.301
  step 700/1999 best 14.442
  step 750/1999 best 14.204
  step 800/1999 best 14.394
  step 850/1999 best 14.283
  step 900/1999 best 14.372
  step 950/1999 best 14.387
  step 1000/1999 best 14.404
  step 1050/1999 best 14.177
  step 1100/1999 best 14.496
  step 1150/1999 best 14.460
  step 1200/1999 best 14.359
  step 1250/1999 best 14.522
  step 1300/1999 best 14.508
  step 1350/1999 best 14.371
  step 1400/1999 best 14.555
  step 1450/1999 best 14.410
  step 1500/1999 best 14.283
  step 1550/1999 best 14.396
  step 1600/1999 best 14.540
  step 1650/1999 best 14.521
  step 1700/1999 best 14.398
  step 1750/1999 best 14.563
  step 1800/1999 best 14.323
  step 1850/1999 best 14.421
  step 1900/1999 best 14.476
  step 1950/1999 best 14.483
saved SBC_CHAINS_cnn_vmim__n1_jitter_seed_s4_sim2374_row1973204_noise5656_5835_6014 (240000, 4) acc=0.119
  step 0/1999 best -12.125
  step 50/1999 best -4.164
  step 100/1999 best -1.333
  step 150/1999 best 0.145
  step 200/1999 best 2.962
  step 250/1999 best 5.506
  step 300/1999 best 5.506
  step 350/1999 best 11.293
  step 400/1999 best 13.206
  step 450/1999 best 13.671
  step 500/1999 best 13.581
  step 550/1999 best 12.100
  step 600/1999 best 13.519
  step 650/1999 best 13.456
  step 700/1999 best 13.184
  step 750/1999 best 13.184
  step 800/1999 best 12.461
  step 850/1999 best 12.773
  step 900/1999 best 13.852
  step 950/1999 best 13.431
  step 1000/1999 best 13.431
  step 1050/1999 best 13.415
  step 1100/1999 best 14.016
  step 1150/1999 best 14.063
  step 1200/1999 best 14.007
  step 1250/1999 best 13.606
  step 1300/1999 best 13.147
  step 1350/1999 best 14.198
  step 1400/1999 best 14.279
  step 1450/1999 best 14.086
  step 1500/1999 best 13.741
  step 1550/1999 best 13.999
  step 1600/1999 best 13.821
  step 1650/1999 best 14.391
  step 1700/1999 best 13.681
  step 1750/1999 best 13.395
  step 1800/1999 best 13.954
  step 1850/1999 best 13.813
  step 1900/1999 best 14.249
  step 1950/1999 best 14.418
saved SBC_CHAINS_cnn_vmim__n1_jitter_seed_s4_sim325_row311710_noise1386_1565_1744 (240000, 4) acc=0.199
  step 0/1999 best -18.662
  step 50/1999 best 15.217
  step 100/1999 best 14.614
  step 150/1999 best 12.715
  step 200/1999 best 13.381
  step 250/1999 best 14.237
  step 300/1999 best 13.728
  step 350/1999 best 14.849
  step 400/1999 best 15.047
  step 450/1999 best 15.133
  step 500/1999 best 15.172
  step 550/1999 best 15.269
  step 600/1999 best 15.150
  step 650/1999 best 15.347
  step 700/1999 best 15.417
  step 750/1999 best 15.071
  step 800/1999 best 15.241
  step 850/1999 best 15.315
  step 900/1999 best 15.232
  step 950/1999 best 15.391
  step 1000/1999 best 15.464
  step 1050/1999 best 15.084
  step 1100/1999 best 15.423
  step 1150/1999 best 15.458
  step 1200/1999 best 15.184
  step 1250/1999 best 15.453
  step 1300/1999 best 14.962
  step 1350/1999 best 15.335
  step 1400/1999 best 15.304
  step 1450/1999 best 15.401
  step 1500/1999 best 15.386
  step 1550/1999 best 15.436
  step 1600/1999 best 15.300
  step 1650/1999 best 15.398
  step 1700/1999 best 15.349
  step 1750/1999 best 15.449
  step 1800/1999 best 15.347
  step 1850/1999 best 15.394
  step 1900/1999 best 15.234
  step 1950/1999 best 15.435
saved SBC_CHAINS_cnn_vmim__n1_jitter_seed_s4_sim970_row919448_noise7304_7483_7662 (240000, 4) acc=0.190
  step 0/1999 best -5.910
  step 50/1999 best 1.172
  step 100/1999 best 3.768
  step 150/1999 best 10.848
  step 200/1999 best 13.849
  step 250/1999 best 15.379
  step 300/1999 best 15.248
  step 350/1999 best 15.556
  step 400/1999 best 15.556
  step 450/1999 best 15.524
  step 500/1999 best 15.672
  step 550/1999 best 15.645
  step 600/1999 best 15.544
  step 650/1999 best 15.466
  step 700/1999 best 15.646
  step 750/1999 best 15.506
  step 800/1999 best 15.678
  step 850/1999 best 15.483
  step 900/1999 best 15.534
  step 950/1999 best 15.697
  step 1000/1999 best 15.647
  step 1050/1999 best 15.586
  step 1100/1999 best 15.612
  step 1150/1999 best 15.460
  step 1200/1999 best 15.634
  step 1250/1999 best 15.621
  step 1300/1999 best 15.662
  step 1350/1999 best 15.598
  step 1400/1999 best 15.517
  step 1450/1999 best 15.532
  step 1500/1999 best 15.613
  step 1550/1999 best 15.583
  step 1600/1999 best 15.619
  step 1650/1999 best 15.420
  step 1700/1999 best 15.551
  step 1750/1999 best 15.694
  step 1800/1999 best 15.672
  step 1850/1999 best 15.305
  step 1900/1999 best 15.549
  step 1950/1999 best 15.620
saved SBC_CHAINS_cnn_vmim__n1_jitter_seed_s4_sim1731_row1484028_noise1300_1479_1658 (240000, 4) acc=0.230
  step 0/1999 best -15.923
  step 50/1999 best 0.338
  step 100/1999 best 2.450
  step 150/1999 best 7.255
  step 200/1999 best 11.519
  step 250/1999 best 11.662
  step 300/1999 best 15.222
  step 350/1999 best 16.611
  step 400/1999 best 16.417
  step 450/1999 best 15.827
  step 500/1999 best 16.818
  step 550/1999 best 17.146
  step 600/1999 best 17.230
  step 650/1999 best 16.874
  step 700/1999 best 17.243
  step 750/1999 best 17.161
  step 800/1999 best 17.298
  step 850/1999 best 16.937
  step 900/1999 best 17.109
  step 950/1999 best 17.130
  step 1000/1999 best 17.254
  step 1050/1999 best 17.000
  step 1100/1999 best 17.181
  step 1150/1999 best 17.025
  step 1200/1999 best 17.025
  step 1250/1999 best 17.256
  step 1300/1999 best 17.181
  step 1350/1999 best 17.210
  step 1400/1999 best 17.133
  step 1450/1999 best 17.166
  step 1500/1999 best 16.813
  step 1550/1999 best 17.039
  step 1600/1999 best 17.316
  step 1650/1999 best 17.243
  step 1700/1999 best 17.177
  step 1750/1999 best 17.181
  step 1800/1999 best 17.259
  step 1850/1999 best 17.204
  step 1900/1999 best 16.915
  step 1950/1999 best 17.160
saved SBC_CHAINS_cnn_vmim__n1_jitter_seed_s4_sim274_row260056_noise8700_8879_9058 (240000, 4) acc=0.102
  step 0/1999 best -7.170
  step 50/1999 best 2.786
  step 100/1999 best 5.248
  step 150/1999 best 13.016
  step 200/1999 best 13.451
  step 250/1999 best 12.985
  step 300/1999 best 13.175
  step 350/1999 best 13.477
  step 400/1999 best 13.811
  step 450/1999 best 13.655
  step 500/1999 best 13.894
  step 550/1999 best 13.789
  step 600/1999 best 13.603
  step 650/1999 best 13.862
  step 700/1999 best 13.917
  step 750/1999 best 13.779
  step 800/1999 best 13.814
  step 850/1999 best 13.876
  step 900/1999 best 13.660
  step 950/1999 best 13.735
  step 1000/1999 best 13.734
  step 1050/1999 best 13.888
  step 1100/1999 best 13.772
  step 1150/1999 best 13.923
  step 1200/1999 best 13.832
  step 1250/1999 best 13.797
  step 1300/1999 best 13.840
  step 1350/1999 best 13.877
  step 1400/1999 best 13.860
  step 1450/1999 best 13.839
  step 1500/1999 best 13.821
  step 1550/1999 best 13.772
  step 1600/1999 best 13.827
  step 1650/1999 best 13.776
  step 1700/1999 best 13.810
  step 1750/1999 best 13.850
  step 1800/1999 best 13.813
  step 1850/1999 best 13.910
  step 1900/1999 best 13.730
  step 1950/1999 best 13.895
saved SBC_CHAINS_cnn_vmim__n1_jitter_seed_s4_sim3004_row2599459_noise6919_7098_7277 (240000, 4) acc=0.409
  step 0/1999 best -13.435
  step 50/1999 best 7.231
  step 100/1999 best 11.808
  step 150/1999 best 11.808
  step 200/1999 best 11.808
  step 250/1999 best 11.808
  step 300/1999 best 12.786
  step 350/1999 best 13.359
  step 400/1999 best 14.980
  step 450/1999 best 14.904
  step 500/1999 best 14.383
  step 550/1999 best 14.201
  step 600/1999 best 14.478
  step 650/1999 best 13.764
  step 700/1999 best 15.312
  step 750/1999 best 15.093
  step 800/1999 best 15.854
  step 850/1999 best 15.626
  step 900/1999 best 15.701
  step 950/1999 best 15.862
  step 1000/1999 best 15.522
  step 1050/1999 best 15.873
  step 1100/1999 best 15.687
  step 1150/1999 best 15.656
  step 1200/1999 best 15.734
  step 1250/1999 best 15.693
  step 1300/1999 best 15.733
  step 1350/1999 best 15.837
  step 1400/1999 best 15.848
  step 1450/1999 best 15.844
  step 1500/1999 best 15.761
  step 1550/1999 best 15.740
  step 1600/1999 best 15.420
  step 1650/1999 best 15.762
  step 1700/1999 best 15.707
  step 1750/1999 best 15.717
  step 1800/1999 best 15.884
  step 1850/1999 best 15.862
  step 1900/1999 best 15.917
  step 1950/1999 best 15.618
saved SBC_CHAINS_cnn_vmim__n1_jitter_seed_s4_sim271_row257310_noise5954_6133_6312 (240000, 4) acc=0.151
  step 0/1999 best -11.791
  step 50/1999 best 6.986
  step 100/1999 best 10.788
  step 150/1999 best 11.971
  step 200/1999 best 12.483
  step 250/1999 best 12.518
  step 300/1999 best 12.480
  step 350/1999 best 12.620
  step 400/1999 best 12.626
  step 450/1999 best 12.210
  step 500/1999 best 12.675
  step 550/1999 best 12.509
  step 600/1999 best 12.828
  step 650/1999 best 12.558
  step 700/1999 best 12.579
  step 750/1999 best 12.617
  step 800/1999 best 12.715
  step 850/1999 best 12.547
  step 900/1999 best 12.830
  step 950/1999 best 12.583
  step 1000/1999 best 12.773
  step 1050/1999 best 12.804
  step 1100/1999 best 12.782
  step 1150/1999 best 12.616
  step 1200/1999 best 12.713
  step 1250/1999 best 12.602
  step 1300/1999 best 12.748
  step 1350/1999 best 12.407
  step 1400/1999 best 12.571
  step 1450/1999 best 12.611
  step 1500/1999 best 12.754
  step 1550/1999 best 12.827
  step 1600/1999 best 12.443
  step 1650/1999 best 12.628
  step 1700/1999 best 12.739
  step 1750/1999 best 12.680
  step 1800/1999 best 12.554
  step 1850/1999 best 12.765
  step 1900/1999 best 12.616
  step 1950/1999 best 12.768
saved SBC_CHAINS_cnn_vmim__n1_jitter_seed_s4_sim1232_row1050307_noise3807_3986_4165 (240000, 4) acc=0.250
  step 0/1999 best -13.516
  step 50/1999 best -0.849
  step 100/1999 best 4.496
  step 150/1999 best 11.529
  step 200/1999 best 13.508
  step 250/1999 best 15.523
  step 300/1999 best 15.753
  step 350/1999 best 15.750
  step 400/1999 best 15.935
  step 450/1999 best 15.975
  step 500/1999 best 15.744
  step 550/1999 best 15.778
  step 600/1999 best 15.980
  step 650/1999 best 16.029
  step 700/1999 best 15.965
  step 750/1999 best 16.011
  step 800/1999 best 16.107
  step 850/1999 best 16.001
  step 900/1999 best 16.154
  step 950/1999 best 16.088
  step 1000/1999 best 16.062
  step 1050/1999 best 16.091
  step 1100/1999 best 16.021
  step 1150/1999 best 16.136
  step 1200/1999 best 16.135
  step 1250/1999 best 15.987
  step 1300/1999 best 15.985
  step 1350/1999 best 15.945
  step 1400/1999 best 16.117
  step 1450/1999 best 15.985
  step 1500/1999 best 16.001
  step 1550/1999 best 15.901
  step 1600/1999 best 16.004
  step 1650/1999 best 16.031
  step 1700/1999 best 16.086
  step 1750/1999 best 16.125
  step 1800/1999 best 16.133
  step 1850/1999 best 16.161
  step 1900/1999 best 16.181
  step 1950/1999 best 16.034
saved SBC_CHAINS_cnn_vmim__n1_jitter_seed_s4_sim742_row691140_noise5040_5219_5398 (240000, 4) acc=0.281
  step 0/1999 best -17.511
  step 50/1999 best -6.040
  step 100/1999 best -3.595
  step 150/1999 best 10.444
  step 200/1999 best 11.665
  step 250/1999 best 13.585
  step 300/1999 best 13.198
  step 350/1999 best 13.395
  step 400/1999 best 13.390
  step 450/1999 best 13.891
  step 500/1999 best 13.563
  step 550/1999 best 13.837
  step 600/1999 best 13.376
  step 650/1999 best 13.886
  step 700/1999 best 13.546
  step 750/1999 best 13.394
  step 800/1999 best 13.857
  step 850/1999 best 13.811
  step 900/1999 best 13.719
  step 950/1999 best 13.480
  step 1000/1999 best 13.715
  step 1050/1999 best 13.748
  step 1100/1999 best 13.786
  step 1150/1999 best 13.871
  step 1200/1999 best 13.887
  step 1250/1999 best 13.860
  step 1300/1999 best 13.690
  step 1350/1999 best 13.908
  step 1400/1999 best 13.532
  step 1450/1999 best 13.725
  step 1500/1999 best 13.879
  step 1550/1999 best 13.596
  step 1600/1999 best 13.730
  step 1650/1999 best 13.879
  step 1700/1999 best 13.861
  step 1750/1999 best 13.643
  step 1800/1999 best 13.755
  step 1850/1999 best 13.839
  step 1900/1999 best 13.751
  step 1950/1999 best 13.564
saved SBC_CHAINS_cnn_vmim__n1_jitter_seed_s4_sim2367_row1966342_noise8622_8801_8980 (240000, 4) acc=0.182
  step 0/1999 best -16.747
  step 50/1999 best 5.002
  step 100/1999 best 2.694
  step 150/1999 best 3.651
  step 200/1999 best 8.100
  step 250/1999 best 9.379
  step 300/1999 best 10.846
  step 350/1999 best 13.697
  step 400/1999 best 14.856
  step 450/1999 best 15.524
  step 500/1999 best 15.499
  step 550/1999 best 15.925
  step 600/1999 best 15.767
  step 650/1999 best 15.663
  step 700/1999 best 15.964
  step 750/1999 best 16.219
  step 800/1999 best 16.103
  step 850/1999 best 16.058
  step 900/1999 best 15.985
  step 950/1999 best 16.111
  step 1000/1999 best 15.747
  step 1050/1999 best 15.635
  step 1100/1999 best 16.158
  step 1150/1999 best 15.991
  step 1200/1999 best 15.928
  step 1250/1999 best 16.092
  step 1300/1999 best 16.086
  step 1350/1999 best 15.983
  step 1400/1999 best 16.032
  step 1450/1999 best 16.171
  step 1500/1999 best 16.074
  step 1550/1999 best 16.148
  step 1600/1999 best 16.164
  step 1650/1999 best 16.131
  step 1700/1999 best 16.105
  step 1750/1999 best 15.879
  step 1800/1999 best 16.123
  step 1850/1999 best 16.010
  step 1900/1999 best 15.709
  step 1950/1999 best 15.936
saved SBC_CHAINS_cnn_vmim__n1_jitter_seed_s4_sim1533_row1310693_noise525_704_883 (240000, 4) acc=0.139
  step 0/1999 best -11.469
  step 50/1999 best 8.836
  step 100/1999 best 15.612
  step 150/1999 best 15.509
  step 200/1999 best 15.550
  step 250/1999 best 15.626
  step 300/1999 best 15.912
  step 350/1999 best 15.848
  step 400/1999 best 15.815
  step 450/1999 best 15.708
  step 500/1999 best 15.854
  step 550/1999 best 15.573
  step 600/1999 best 15.952
  step 650/1999 best 15.786
  step 700/1999 best 15.880
  step 750/1999 best 15.687
  step 800/1999 best 15.835
  step 850/1999 best 15.822
  step 900/1999 best 15.874
  step 950/1999 best 15.693
  step 1000/1999 best 15.636
  step 1050/1999 best 15.795
  step 1100/1999 best 15.834
  step 1150/1999 best 15.699
  step 1200/1999 best 15.926
  step 1250/1999 best 15.860
  step 1300/1999 best 15.910
  step 1350/1999 best 15.840
  step 1400/1999 best 15.672
  step 1450/1999 best 15.817
  step 1500/1999 best 15.734
  step 1550/1999 best 15.875
  step 1600/1999 best 15.789
  step 1650/1999 best 15.918
  step 1700/1999 best 15.891
  step 1750/1999 best 15.737
  step 1800/1999 best 15.828
  step 1850/1999 best 15.658
  step 1900/1999 best 15.796
  step 1950/1999 best 15.793
saved SBC_CHAINS_cnn_vmim__n1_jitter_seed_s4_sim1994_row1605056_noise8800_8979_9158 (240000, 4) acc=0.214
  step 0/1999 best -10.856
  step 50/1999 best 2.995
  step 100/1999 best 5.536
  step 150/1999 best 10.561
  step 200/1999 best 11.089
  step 250/1999 best 14.717
  step 300/1999 best 14.867
  step 350/1999 best 15.358
  step 400/1999 best 15.218
  step 450/1999 best 15.112
  step 500/1999 best 15.024
  step 550/1999 best 15.040
  step 600/1999 best 15.122
  step 650/1999 best 15.104
  step 700/1999 best 15.305
  step 750/1999 best 15.384
  step 800/1999 best 15.249
  step 850/1999 best 15.227
  step 900/1999 best 15.293
  step 950/1999 best 15.243
  step 1000/1999 best 15.247
  step 1050/1999 best 15.336
  step 1100/1999 best 15.285
  step 1150/1999 best 15.284
  step 1200/1999 best 15.199
  step 1250/1999 best 15.302
  step 1300/1999 best 15.387
  step 1350/1999 best 15.314
  step 1400/1999 best 15.279
  step 1450/1999 best 15.393
  step 1500/1999 best 15.155
  step 1550/1999 best 15.180
  step 1600/1999 best 15.392
  step 1650/1999 best 15.366
  step 1700/1999 best 15.269
  step 1750/1999 best 15.176
  step 1800/1999 best 15.428
  step 1850/1999 best 15.410
  step 1900/1999 best 15.273
  step 1950/1999 best 15.460
saved SBC_CHAINS_cnn_vmim__n1_jitter_seed_s4_sim975_row924811_noise2839_3018_3197 (240000, 4) acc=0.188
  step 0/1999 best -11.999
  step 50/1999 best 0.339
  step 100/1999 best 11.258
  step 150/1999 best 9.793
  step 200/1999 best 11.788
  step 250/1999 best 11.178
  step 300/1999 best 11.658
  step 350/1999 best 11.877
  step 400/1999 best 11.870
  step 450/1999 best 12.015
  step 500/1999 best 11.916
  step 550/1999 best 12.003
  step 600/1999 best 11.951
  step 650/1999 best 11.858
  step 700/1999 best 11.874
  step 750/1999 best 11.822
  step 800/1999 best 11.830
  step 850/1999 best 11.977
  step 900/1999 best 11.832
  step 950/1999 best 11.874
  step 1000/1999 best 11.980
  step 1050/1999 best 11.922
  step 1100/1999 best 12.022
  step 1150/1999 best 12.040
  step 1200/1999 best 11.730
  step 1250/1999 best 11.963
  step 1300/1999 best 11.962
  step 1350/1999 best 11.931
  step 1400/1999 best 11.953
  step 1450/1999 best 11.769
  step 1500/1999 best 11.971
  step 1550/1999 best 11.935
  step 1600/1999 best 11.957
  step 1650/1999 best 11.887
  step 1700/1999 best 11.938
  step 1750/1999 best 11.932
  step 1800/1999 best 11.907
  step 1850/1999 best 11.912
  step 1900/1999 best 12.035
  step 1950/1999 best 12.038
saved SBC_CHAINS_cnn_vmim__n1_jitter_seed_s4_sim2902_row2497351_noise3091_3270_3449 (240000, 4) acc=0.327
  step 0/1999 best -17.393
  step 50/1999 best 7.173
  step 100/1999 best 11.912
  step 150/1999 best 12.771
  step 200/1999 best 12.317
  step 250/1999 best 12.133
  step 300/1999 best 12.593
  step 350/1999 best 12.585
  step 400/1999 best 12.820
  step 450/1999 best 12.700
  step 500/1999 best 12.610
  step 550/1999 best 12.585
  step 600/1999 best 12.655
  step 650/1999 best 12.632
  step 700/1999 best 12.657
  step 750/1999 best 12.725
  step 800/1999 best 12.724
  step 850/1999 best 12.758
  step 900/1999 best 12.624
  step 950/1999 best 12.522
  step 1000/1999 best 12.686
  step 1050/1999 best 12.828
  step 1100/1999 best 12.737
  step 1150/1999 best 12.767
  step 1200/1999 best 12.686
  step 1250/1999 best 12.605
  step 1300/1999 best 12.812
  step 1350/1999 best 12.746
  step 1400/1999 best 12.752
  step 1450/1999 best 12.782
  step 1500/1999 best 12.808
  step 1550/1999 best 12.821
  step 1600/1999 best 12.738
  step 1650/1999 best 12.776
  step 1700/1999 best 12.713
  step 1750/1999 best 12.648
  step 1800/1999 best 12.727
  step 1850/1999 best 12.744
  step 1900/1999 best 12.691
  step 1950/1999 best 12.759
saved SBC_CHAINS_cnn_vmim__n1_jitter_seed_s4_sim2011_row1622397_noise6485_6664_6843 (240000, 4) acc=0.248
  step 0/1999 best -1.272
  step 50/1999 best -1.272
  step 100/1999 best 7.845
  step 150/1999 best 7.579
  step 200/1999 best 10.785
  step 250/1999 best 12.544
  step 300/1999 best 12.466
  step 350/1999 best 13.158
  step 400/1999 best 13.238
  step 450/1999 best 13.266
  step 500/1999 best 13.289
  step 550/1999 best 13.407
  step 600/1999 best 13.414
  step 650/1999 best 13.511
  step 700/1999 best 13.238
  step 750/1999 best 13.402
  step 800/1999 best 13.294
  step 850/1999 best 13.405
  step 900/1999 best 13.104
  step 950/1999 best 13.403
  step 1000/1999 best 13.196
  step 1050/1999 best 13.280
  step 1100/1999 best 13.619
  step 1150/1999 best 13.498
  step 1200/1999 best 13.618
  step 1250/1999 best 13.497
  step 1300/1999 best 13.469
  step 1350/1999 best 13.390
  step 1400/1999 best 13.543
  step 1450/1999 best 13.496
  step 1500/1999 best 13.466
  step 1550/1999 best 13.540
  step 1600/1999 best 13.450
  step 1650/1999 best 13.173
  step 1700/1999 best 13.413
  step 1750/1999 best 13.474
  step 1800/1999 best 13.389
  step 1850/1999 best 13.305
  step 1900/1999 best 13.495
  step 1950/1999 best 13.468
saved SBC_CHAINS_cnn_vmim__n1_jitter_seed_s4_sim452_row430321_noise233_412_591 (240000, 4) acc=0.125
  step 0/1999 best -10.362
  step 50/1999 best 8.823
  step 100/1999 best 8.334
  step 150/1999 best 9.829
  step 200/1999 best 8.795
  step 250/1999 best 9.590
  step 300/1999 best 9.898
  step 350/1999 best 10.887
  step 400/1999 best 11.169
  step 450/1999 best 10.891
  step 500/1999 best 10.875
  step 550/1999 best 11.188
  step 600/1999 best 11.329
  step 650/1999 best 11.203
  step 700/1999 best 11.305
  step 750/1999 best 11.192
  step 800/1999 best 11.061
  step 850/1999 best 11.103
  step 900/1999 best 11.329
  step 950/1999 best 11.334
  step 1000/1999 best 11.337
  step 1050/1999 best 11.037
  step 1100/1999 best 11.325
  step 1150/1999 best 11.296
  step 1200/1999 best 11.353
  step 1250/1999 best 11.336
  step 1300/1999 best 11.071
  step 1350/1999 best 11.353
  step 1400/1999 best 11.249
  step 1450/1999 best 11.274
  step 1500/1999 best 11.300
  step 1550/1999 best 11.238
  step 1600/1999 best 11.239
  step 1650/1999 best 11.094
  step 1700/1999 best 11.165
  step 1750/1999 best 11.372
  step 1800/1999 best 11.182
  step 1850/1999 best 11.180
  step 1900/1999 best 11.280
  step 1950/1999 best 11.160
saved SBC_CHAINS_cnn_vmim__n1_jitter_seed_s4_sim2853_row2448375_noise3255_3434_3613 (240000, 4) acc=0.279
  step 0/1999 best -11.118
  step 50/1999 best -2.880
  step 100/1999 best 2.614
  step 150/1999 best 4.846
  step 200/1999 best 8.780
  step 250/1999 best 11.409
  step 300/1999 best 12.162
  step 350/1999 best 12.298
  step 400/1999 best 12.566
  step 450/1999 best 12.623
  step 500/1999 best 12.748
  step 550/1999 best 12.788
  step 600/1999 best 12.726
  step 650/1999 best 12.747
  step 700/1999 best 12.820
  step 750/1999 best 12.885
  step 800/1999 best 12.845
  step 850/1999 best 12.569
  step 900/1999 best 12.686
  step 950/1999 best 12.693
  step 1000/1999 best 12.689
  step 1050/1999 best 12.890
  step 1100/1999 best 12.736
  step 1150/1999 best 12.677
  step 1200/1999 best 12.855
  step 1250/1999 best 12.849
  step 1300/1999 best 12.729
  step 1350/1999 best 12.772
  step 1400/1999 best 12.698
  step 1450/1999 best 12.900
  step 1500/1999 best 12.735
  step 1550/1999 best 12.782
  step 1600/1999 best 12.868
  step 1650/1999 best 12.842
  step 1700/1999 best 12.884
  step 1750/1999 best 12.738
  step 1800/1999 best 12.726
  step 1850/1999 best 12.847
  step 1900/1999 best 12.739
  step 1950/1999 best 12.646
saved SBC_CHAINS_cnn_vmim__n1_jitter_seed_s4_sim2995_row2590054_noise7342_7521_7700 (240000, 4) acc=0.257
  step 0/1999 best -4.579
  step 50/1999 best 1.926
  step 100/1999 best 11.883
  step 150/1999 best 13.205
  step 200/1999 best 13.288
  step 250/1999 best 13.732
  step 300/1999 best 14.004
  step 350/1999 best 14.255
  step 400/1999 best 14.203
  step 450/1999 best 14.128
  step 500/1999 best 14.159
  step 550/1999 best 14.207
  step 600/1999 best 14.316
  step 650/1999 best 14.258
  step 700/1999 best 14.071
  step 750/1999 best 14.298
  step 800/1999 best 14.166
  step 850/1999 best 14.074
  step 900/1999 best 14.155
  step 950/1999 best 14.226
  step 1000/1999 best 14.296
  step 1050/1999 best 14.182
  step 1100/1999 best 14.185
  step 1150/1999 best 14.283
  step 1200/1999 best 14.126
  step 1250/1999 best 14.277
  step 1300/1999 best 14.108
  step 1350/1999 best 14.318
  step 1400/1999 best 14.178
  step 1450/1999 best 14.212
  step 1500/1999 best 14.293
  step 1550/1999 best 14.194
  step 1600/1999 best 14.283
  step 1650/1999 best 14.313
  step 1700/1999 best 14.140
  step 1750/1999 best 14.202
  step 1800/1999 best 14.150
  step 1850/1999 best 14.268
  step 1900/1999 best 14.224
  step 1950/1999 best 14.225
saved SBC_CHAINS_cnn_vmim__n1_jitter_seed_s4_sim921_row870549_noise7545_7724_7903 (240000, 4) acc=0.369
  step 0/1999 best -18.838
  step 50/1999 best -4.252
  step 100/1999 best -0.694
  step 150/1999 best 6.556
  step 200/1999 best 7.846
  step 250/1999 best 7.788
  step 300/1999 best 7.788
  step 350/1999 best 7.941
  step 400/1999 best 6.811
  step 450/1999 best 12.544
  step 500/1999 best 11.492
  step 550/1999 best 16.033
  step 600/1999 best 16.210
  step 650/1999 best 14.930
  step 700/1999 best 14.621
  step 750/1999 best 15.467
  step 800/1999 best 15.750
  step 850/1999 best 16.220
  step 900/1999 best 15.970
  step 950/1999 best 15.655
  step 1000/1999 best 16.109
  step 1050/1999 best 16.368
  step 1100/1999 best 16.214
  step 1150/1999 best 15.890
  step 1200/1999 best 16.062
  step 1250/1999 best 15.485
  step 1300/1999 best 16.374
  step 1350/1999 best 16.122
  step 1400/1999 best 16.122
  step 1450/1999 best 16.089
  step 1500/1999 best 16.145
  step 1550/1999 best 16.161
  step 1600/1999 best 16.280
  step 1650/1999 best 16.178
  step 1700/1999 best 16.132
  step 1750/1999 best 15.888
  step 1800/1999 best 15.925
  step 1850/1999 best 16.201
  step 1900/1999 best 16.217
  step 1950/1999 best 15.745
saved SBC_CHAINS_cnn_vmim__n1_jitter_seed_s4_sim178_row169670_noise1766_1945_2124 (240000, 4) acc=0.100
  step 0/1999 best -17.347
  step 50/1999 best 0.631
  step 100/1999 best 4.587
  step 150/1999 best 9.752
  step 200/1999 best 12.534
  step 250/1999 best 12.228
  step 300/1999 best 13.035
  step 350/1999 best 14.338
  step 400/1999 best 14.797
  step 450/1999 best 14.628
  step 500/1999 best 14.644
  step 550/1999 best 14.874
  step 600/1999 best 14.846
  step 650/1999 best 14.723
  step 700/1999 best 14.758
  step 750/1999 best 14.606
  step 800/1999 best 14.646
  step 850/1999 best 14.694
  step 900/1999 best 14.950
  step 950/1999 best 14.807
  step 1000/1999 best 14.815
  step 1050/1999 best 14.756
  step 1100/1999 best 14.751
  step 1150/1999 best 14.754
  step 1200/1999 best 14.863
  step 1250/1999 best 14.692
  step 1300/1999 best 14.727
  step 1350/1999 best 14.922
  step 1400/1999 best 14.909
  step 1450/1999 best 14.790
  step 1500/1999 best 14.800
  step 1550/1999 best 14.939
  step 1600/1999 best 14.871
  step 1650/1999 best 14.814
  step 1700/1999 best 14.736
  step 1750/1999 best 14.702
  step 1800/1999 best 14.929
  step 1850/1999 best 14.794
  step 1900/1999 best 14.914
  step 1950/1999 best 14.647
saved SBC_CHAINS_cnn_vmim__n1_jitter_seed_s4_sim962_row911270_noise8954_9133_9312 (240000, 4) acc=0.210
  step 0/1999 best -10.216
  step 50/1999 best -1.398
  step 100/1999 best -1.398
  step 150/1999 best 8.737
  step 200/1999 best 10.729
  step 250/1999 best 10.729
  step 300/1999 best 11.445
  step 350/1999 best 10.834
  step 400/1999 best 11.845
  step 450/1999 best 11.595
  step 500/1999 best 11.542
  step 550/1999 best 11.764
  step 600/1999 best 12.004
  step 650/1999 best 12.022
  step 700/1999 best 11.947
  step 750/1999 best 11.944
  step 800/1999 best 11.987
  step 850/1999 best 11.732
  step 900/1999 best 11.669
  step 950/1999 best 12.024
  step 1000/1999 best 11.998
  step 1050/1999 best 12.011
  step 1100/1999 best 11.931
  step 1150/1999 best 11.928
  step 1200/1999 best 11.973
  step 1250/1999 best 12.009
  step 1300/1999 best 11.976
  step 1350/1999 best 11.941
  step 1400/1999 best 12.032
  step 1450/1999 best 11.877
  step 1500/1999 best 11.977
  step 1550/1999 best 11.800
  step 1600/1999 best 11.944
  step 1650/1999 best 11.991
  step 1700/1999 best 11.877
  step 1750/1999 best 11.784
  step 1800/1999 best 12.055
  step 1850/1999 best 12.008
  step 1900/1999 best 11.774
  step 1950/1999 best 11.877
saved SBC_CHAINS_cnn_vmim__n1_jitter_seed_s4_sim673_row624627_noise5323_5502_5681 (240000, 4) acc=0.179
  step 0/1999 best -21.979
  step 50/1999 best -1.504
  step 100/1999 best -1.393
  step 150/1999 best 1.346
  step 200/1999 best 9.816
  step 250/1999 best 12.177
  step 300/1999 best 12.326
  step 350/1999 best 12.544
  step 400/1999 best 12.643
  step 450/1999 best 12.791
  step 500/1999 best 12.323
  step 550/1999 best 12.789
  step 600/1999 best 13.002
  step 650/1999 best 12.797
  step 700/1999 best 12.823
  step 750/1999 best 12.891
  step 800/1999 best 12.861
  step 850/1999 best 12.858
  step 900/1999 best 12.983
  step 950/1999 best 13.029
  step 1000/1999 best 13.029
  step 1050/1999 best 12.646
  step 1100/1999 best 12.918
  step 1150/1999 best 13.101
  step 1200/1999 best 12.830
  step 1250/1999 best 12.823
  step 1300/1999 best 12.708
  step 1350/1999 best 12.907
  step 1400/1999 best 12.756
  step 1450/1999 best 12.977
  step 1500/1999 best 12.926
  step 1550/1999 best 12.977
  step 1600/1999 best 13.015
  step 1650/1999 best 12.952
  step 1700/1999 best 12.897
  step 1750/1999 best 13.074
  step 1800/1999 best 12.960
  step 1850/1999 best 12.953
  step 1900/1999 best 13.001
  step 1950/1999 best 12.905
saved SBC_CHAINS_cnn_vmim__n1_jitter_seed_s4_sim2528_row2127459_noise2663_2842_3021 (240000, 4) acc=0.183
  step 0/1999 best -7.403
  step 50/1999 best -4.592
  step 100/1999 best -2.513
  step 150/1999 best 0.644
  step 200/1999 best 2.585
  step 250/1999 best 6.277
  step 300/1999 best 6.277
  step 350/1999 best 8.944
  step 400/1999 best 9.540
  step 450/1999 best 12.015
  step 500/1999 best 12.654
  step 550/1999 best 12.923
  step 600/1999 best 12.586
  step 650/1999 best 12.709
  step 700/1999 best 13.009
  step 750/1999 best 12.660
  step 800/1999 best 12.754
  step 850/1999 best 12.657
  step 900/1999 best 12.853
  step 950/1999 best 13.127
  step 1000/1999 best 12.951
  step 1050/1999 best 12.885
  step 1100/1999 best 13.026
  step 1150/1999 best 13.073
  step 1200/1999 best 13.164
  step 1250/1999 best 12.898
  step 1300/1999 best 13.120
  step 1350/1999 best 12.857
  step 1400/1999 best 12.993
  step 1450/1999 best 13.053
  step 1500/1999 best 13.049
  step 1550/1999 best 13.044
  step 1600/1999 best 12.660
  step 1650/1999 best 12.981
  step 1700/1999 best 13.153
  step 1750/1999 best 12.990
  step 1800/1999 best 12.812
  step 1850/1999 best 13.127
  step 1900/1999 best 12.991
  step 1950/1999 best 13.082
saved SBC_CHAINS_cnn_vmim__n1_jitter_seed_s4_sim2365_row1964408_noise6688_6867_7046 (240000, 4) acc=0.174
  step 0/1999 best -14.071
  step 50/1999 best 0.883
  step 100/1999 best 13.784
  step 150/1999 best 13.784
  step 200/1999 best 13.885
  step 250/1999 best 15.620
  step 300/1999 best 15.769
  step 350/1999 best 15.921
  step 400/1999 best 15.801
  step 450/1999 best 15.696
  step 500/1999 best 15.981
  step 550/1999 best 15.944
  step 600/1999 best 15.941
  step 650/1999 best 15.842
  step 700/1999 best 15.958
  step 750/1999 best 15.983
  step 800/1999 best 15.938
  step 850/1999 best 15.868
  step 900/1999 best 15.956
  step 950/1999 best 15.851
  step 1000/1999 best 15.901
  step 1050/1999 best 15.899
  step 1100/1999 best 15.687
  step 1150/1999 best 15.913
  step 1200/1999 best 15.956
  step 1250/1999 best 15.915
  step 1300/1999 best 15.720
  step 1350/1999 best 15.942
  step 1400/1999 best 15.961
  step 1450/1999 best 15.938
  step 1500/1999 best 15.835
  step 1550/1999 best 15.773
  step 1600/1999 best 15.933
  step 1650/1999 best 15.805
  step 1700/1999 best 15.859
  step 1750/1999 best 15.851
  step 1800/1999 best 15.886
  step 1850/1999 best 15.819
  step 1900/1999 best 15.855
  step 1950/1999 best 15.958
saved SBC_CHAINS_cnn_vmim__n1_jitter_seed_s4_sim910_row859642_noise6466_6645_6824 (240000, 4) acc=0.346
  step 0/1999 best -18.775
  step 50/1999 best -1.289
  step 100/1999 best 12.463
  step 150/1999 best 14.538
  step 200/1999 best 14.301
  step 250/1999 best 13.867
  step 300/1999 best 14.843
  step 350/1999 best 15.095
  step 400/1999 best 14.731
  step 450/1999 best 14.982
  step 500/1999 best 14.734
  step 550/1999 best 15.021
  step 600/1999 best 15.358
  step 650/1999 best 15.289
  step 700/1999 best 15.504
  step 750/1999 best 15.365
  step 800/1999 best 15.237
  step 850/1999 best 15.475
  step 900/1999 best 15.185
  step 950/1999 best 15.213
  step 1000/1999 best 15.155
  step 1050/1999 best 15.196
  step 1100/1999 best 15.319
  step 1150/1999 best 15.389
  step 1200/1999 best 15.247
  step 1250/1999 best 15.259
  step 1300/1999 best 15.309
  step 1350/1999 best 15.348
  step 1400/1999 best 15.489
  step 1450/1999 best 15.275
  step 1500/1999 best 15.255
  step 1550/1999 best 15.507
  step 1600/1999 best 15.408
  step 1650/1999 best 15.278
  step 1700/1999 best 15.325
  step 1750/1999 best 15.549
  step 1800/1999 best 15.433
  step 1850/1999 best 15.304
  step 1900/1999 best 15.343
  step 1950/1999 best 15.356
saved SBC_CHAINS_cnn_vmim__n1_jitter_seed_s4_sim428_row406915_noise6311_6490_6669 (240000, 4) acc=0.149
  step 0/1999 best -12.854
  step 50/1999 best 0.977
  step 100/1999 best 1.272
  step 150/1999 best 8.403
  step 200/1999 best 13.551
  step 250/1999 best 14.718
  step 300/1999 best 16.254
  step 350/1999 best 16.346
  step 400/1999 best 16.870
  step 450/1999 best 16.822
  step 500/1999 best 16.236
  step 550/1999 best 16.013
  step 600/1999 best 16.691
  step 650/1999 best 16.528
  step 700/1999 best 16.840
  step 750/1999 best 16.544
  step 800/1999 best 16.754
  step 850/1999 best 16.552
  step 900/1999 best 16.824
  step 950/1999 best 16.683
  step 1000/1999 best 16.818
  step 1050/1999 best 16.777
  step 1100/1999 best 16.854
  step 1150/1999 best 16.409
  step 1200/1999 best 16.554
  step 1250/1999 best 16.703
  step 1300/1999 best 16.712
  step 1350/1999 best 16.847
  step 1400/1999 best 16.671
  step 1450/1999 best 16.712
  step 1500/1999 best 16.770
  step 1550/1999 best 16.938
  step 1600/1999 best 16.670
  step 1650/1999 best 16.772
  step 1700/1999 best 16.914
  step 1750/1999 best 16.774
  step 1800/1999 best 16.761
  step 1850/1999 best 16.740
  step 1900/1999 best 16.844
  step 1950/1999 best 16.683
saved SBC_CHAINS_cnn_vmim__n1_jitter_seed_s4_sim1216_row1034406_noise7562_7741_7920 (240000, 4) acc=0.164
  step 0/1999 best -12.599
  step 50/1999 best 6.768
  step 100/1999 best 4.852
  step 150/1999 best 9.385
  step 200/1999 best 13.039
  step 250/1999 best 13.422
  step 300/1999 best 13.040
  step 350/1999 best 12.264
  step 400/1999 best 13.762
  step 450/1999 best 13.255
  step 500/1999 best 13.740
  step 550/1999 best 13.853
  step 600/1999 best 13.491
  step 650/1999 best 13.978
  step 700/1999 best 14.070
  step 750/1999 best 14.142
  step 800/1999 best 13.947
  step 850/1999 best 13.747
  step 900/1999 best 13.655
  step 950/1999 best 13.943
  step 1000/1999 best 13.914
  step 1050/1999 best 13.650
  step 1100/1999 best 14.024
  step 1150/1999 best 13.583
  step 1200/1999 best 14.028
  step 1250/1999 best 14.071
  step 1300/1999 best 14.071
  step 1350/1999 best 14.071
  step 1400/1999 best 13.907
  step 1450/1999 best 13.842
  step 1500/1999 best 13.865
  step 1550/1999 best 13.733
  step 1600/1999 best 14.042
  step 1650/1999 best 13.888
  step 1700/1999 best 13.933
  step 1750/1999 best 13.939
  step 1800/1999 best 14.034
  step 1850/1999 best 14.112
  step 1900/1999 best 13.937
  step 1950/1999 best 13.931
saved SBC_CHAINS_cnn_vmim__n1_jitter_seed_s4_sim289_row275122_noise4110_4289_4468 (240000, 4) acc=0.139
  step 0/1999 best -15.087
  step 50/1999 best -5.690
  step 100/1999 best 1.638
  step 150/1999 best 5.540
  step 200/1999 best 8.497
  step 250/1999 best 8.497
  step 300/1999 best 10.987
  step 350/1999 best 10.304
  step 400/1999 best 10.754
  step 450/1999 best 11.054
  step 500/1999 best 11.231
  step 550/1999 best 11.477
  step 600/1999 best 11.102
  step 650/1999 best 11.262
  step 700/1999 best 11.360
  step 750/1999 best 11.300
  step 800/1999 best 11.320
  step 850/1999 best 11.538
  step 900/1999 best 11.537
  step 950/1999 best 11.497
  step 1000/1999 best 11.313
  step 1050/1999 best 11.364
  step 1100/1999 best 11.418
  step 1150/1999 best 11.549
  step 1200/1999 best 11.433
  step 1250/1999 best 11.362
  step 1300/1999 best 11.452
  step 1350/1999 best 11.490
  step 1400/1999 best 11.552
  step 1450/1999 best 11.449
  step 1500/1999 best 11.445
  step 1550/1999 best 11.371
  step 1600/1999 best 11.476
  step 1650/1999 best 11.447
  step 1700/1999 best 11.446
  step 1750/1999 best 11.440
  step 1800/1999 best 11.585
  step 1850/1999 best 11.464
  step 1900/1999 best 11.491
  step 1950/1999 best 11.558
saved SBC_CHAINS_cnn_vmim__n1_jitter_seed_s4_sim2839_row2434295_noise8831_9010_9189 (240000, 4) acc=0.230
  step 0/1999 best -15.666
  step 50/1999 best -3.217
  step 100/1999 best 1.123
  step 150/1999 best 12.800
  step 200/1999 best 12.320
  step 250/1999 best 13.203
  step 300/1999 best 13.128
  step 350/1999 best 13.168
  step 400/1999 best 13.204
  step 450/1999 best 13.498
  step 500/1999 best 13.411
  step 550/1999 best 13.589
  step 600/1999 best 13.465
  step 650/1999 best 13.343
  step 700/1999 best 13.385
  step 750/1999 best 13.423
  step 800/1999 best 13.514
  step 850/1999 best 13.612
  step 900/1999 best 13.433
  step 950/1999 best 13.227
  step 1000/1999 best 13.522
  step 1050/1999 best 13.569
  step 1100/1999 best 13.465
  step 1150/1999 best 13.529
  step 1200/1999 best 13.598
  step 1250/1999 best 13.517
  step 1300/1999 best 13.425
  step 1350/1999 best 13.524
  step 1400/1999 best 13.470
  step 1450/1999 best 13.459
  step 1500/1999 best 13.467
  step 1550/1999 best 13.555
  step 1600/1999 best 13.424
  step 1650/1999 best 13.526
  step 1700/1999 best 13.540
  step 1750/1999 best 13.483
  step 1800/1999 best 13.466
  step 1850/1999 best 13.457
  step 1900/1999 best 13.504
  step 1950/1999 best 13.519
saved SBC_CHAINS_cnn_vmim__n1_jitter_seed_s4_sim3074_row2669123_noise7787_7966_8145 (240000, 4) acc=0.293
  step 0/1999 best -11.683
  step 50/1999 best 6.534
  step 100/1999 best 14.539
  step 150/1999 best 15.335
  step 200/1999 best 15.630
  step 250/1999 best 15.821
  step 300/1999 best 15.791
  step 350/1999 best 16.003
  step 400/1999 best 16.164
  step 450/1999 best 16.024
  step 500/1999 best 16.142
  step 550/1999 best 15.933
  step 600/1999 best 16.158
  step 650/1999 best 16.086
  step 700/1999 best 16.006
  step 750/1999 best 16.137
  step 800/1999 best 16.089
  step 850/1999 best 16.190
  step 900/1999 best 16.207
  step 950/1999 best 16.155
  step 1000/1999 best 16.162
  step 1050/1999 best 16.180
  step 1100/1999 best 16.185
  step 1150/1999 best 16.212
  step 1200/1999 best 16.135
  step 1250/1999 best 16.025
  step 1300/1999 best 16.104
  step 1350/1999 best 16.112
  step 1400/1999 best 16.098
  step 1450/1999 best 16.166
  step 1500/1999 best 16.010
  step 1550/1999 best 16.133
  step 1600/1999 best 16.195
  step 1650/1999 best 16.168
  step 1700/1999 best 16.176
  step 1750/1999 best 16.036
  step 1800/1999 best 16.220
  step 1850/1999 best 16.057
  step 1900/1999 best 16.178
  step 1950/1999 best 16.082
saved SBC_CHAINS_cnn_vmim__n1_jitter_seed_s4_sim826_row775349_noise797_976_1155 (240000, 4) acc=0.373
  step 0/1999 best -16.867
  step 50/1999 best 11.919
  step 100/1999 best 11.626
  step 150/1999 best 15.121
  step 200/1999 best 13.451
  step 250/1999 best 14.429
  step 300/1999 best 15.468
  step 350/1999 best 15.512
  step 400/1999 best 15.470
  step 450/1999 best 15.409
  step 500/1999 best 15.673
  step 550/1999 best 15.807
  step 600/1999 best 15.820
  step 650/1999 best 15.412
  step 700/1999 best 15.777
  step 750/1999 best 15.817
  step 800/1999 best 15.774
  step 850/1999 best 15.650
  step 900/1999 best 15.769
  step 950/1999 best 15.800
  step 1000/1999 best 15.808
  step 1050/1999 best 15.833
  step 1100/1999 best 15.758
  step 1150/1999 best 15.724
  step 1200/1999 best 15.690
  step 1250/1999 best 15.704
  step 1300/1999 best 15.808
  step 1350/1999 best 15.792
  step 1400/1999 best 15.836
  step 1450/1999 best 15.828
  step 1500/1999 best 15.753
  step 1550/1999 best 15.847
  step 1600/1999 best 15.815
  step 1650/1999 best 15.849
  step 1700/1999 best 15.801
  step 1750/1999 best 15.745
  step 1800/1999 best 15.812
  step 1850/1999 best 15.710
  step 1900/1999 best 15.778
  step 1950/1999 best 15.816
saved SBC_CHAINS_cnn_vmim__n1_jitter_seed_s4_sim886_row835795_noise2275_2454_2633 (240000, 4) acc=0.261
  step 0/1999 best -8.969
  step 50/1999 best -1.873
  step 100/1999 best 5.820
  step 150/1999 best 12.725
  step 200/1999 best 12.850
  step 250/1999 best 12.376
  step 300/1999 best 12.514
  step 350/1999 best 12.670
  step 400/1999 best 12.938
  step 450/1999 best 12.939
  step 500/1999 best 12.814
  step 550/1999 best 12.814
  step 600/1999 best 12.925
  step 650/1999 best 12.958
  step 700/1999 best 12.802
  step 750/1999 best 12.916
  step 800/1999 best 12.929
  step 850/1999 best 12.957
  step 900/1999 best 12.959
  step 950/1999 best 12.804
  step 1000/1999 best 12.991
  step 1050/1999 best 12.878
  step 1100/1999 best 12.948
  step 1150/1999 best 12.922
  step 1200/1999 best 12.856
  step 1250/1999 best 12.889
  step 1300/1999 best 12.946
  step 1350/1999 best 12.828
  step 1400/1999 best 12.917
  step 1450/1999 best 12.926
  step 1500/1999 best 12.945
  step 1550/1999 best 13.000
  step 1600/1999 best 12.926
  step 1650/1999 best 12.929
  step 1700/1999 best 13.009
  step 1750/1999 best 12.963
  step 1800/1999 best 12.919
  step 1850/1999 best 12.790
  step 1900/1999 best 12.818
  step 1950/1999 best 13.016
saved SBC_CHAINS_cnn_vmim__n1_jitter_seed_s4_sim3022_row2617953_noise5757_5936_6115 (240000, 4) acc=0.403
  step 0/1999 best -21.298
  step 50/1999 best -4.061
  step 100/1999 best -0.039
  step 150/1999 best 7.675
  step 200/1999 best 10.453
  step 250/1999 best 11.439
  step 300/1999 best 12.146
  step 350/1999 best 12.253
  step 400/1999 best 12.071
  step 450/1999 best 12.111
  step 500/1999 best 12.343
  step 550/1999 best 12.250
  step 600/1999 best 12.070
  step 650/1999 best 12.260
  step 700/1999 best 12.217
  step 750/1999 best 12.299
  step 800/1999 best 12.416
  step 850/1999 best 12.172
  step 900/1999 best 12.317
  step 950/1999 best 12.257
  step 1000/1999 best 12.254
  step 1050/1999 best 12.374
  step 1100/1999 best 12.217
  step 1150/1999 best 12.191
  step 1200/1999 best 12.149
  step 1250/1999 best 12.314
  step 1300/1999 best 12.283
  step 1350/1999 best 12.314
  step 1400/1999 best 12.295
  step 1450/1999 best 12.296
  step 1500/1999 best 12.211
  step 1550/1999 best 12.361
  step 1600/1999 best 12.172
  step 1650/1999 best 12.207
  step 1700/1999 best 12.262
  step 1750/1999 best 12.370
  step 1800/1999 best 12.333
  step 1850/1999 best 12.028
  step 1900/1999 best 12.259
  step 1950/1999 best 12.213
saved SBC_CHAINS_cnn_vmim__n1_jitter_seed_s4_sim2474_row2073468_noise7640_7819_7998 (240000, 4) acc=0.192
  step 0/1999 best -22.218
  step 50/1999 best -5.060
  step 100/1999 best 1.935
  step 150/1999 best 5.315
  step 200/1999 best 8.200
  step 250/1999 best 9.445
  step 300/1999 best 9.363
  step 350/1999 best 8.756
  step 400/1999 best 9.466
  step 450/1999 best 10.004
  step 500/1999 best 10.175
  step 550/1999 best 10.261
  step 600/1999 best 10.079
  step 650/1999 best 10.277
  step 700/1999 best 10.295
  step 750/1999 best 10.047
  step 800/1999 best 10.198
  step 850/1999 best 10.054
  step 900/1999 best 9.715
  step 950/1999 best 10.116
  step 1000/1999 best 10.282
  step 1050/1999 best 10.280
  step 1100/1999 best 10.343
  step 1150/1999 best 10.197
  step 1200/1999 best 10.314
  step 1250/1999 best 10.186
  step 1300/1999 best 9.969
  step 1350/1999 best 10.285
  step 1400/1999 best 10.285
  step 1450/1999 best 10.171
  step 1500/1999 best 10.064
  step 1550/1999 best 10.318
  step 1600/1999 best 10.187
  step 1650/1999 best 10.272
  step 1700/1999 best 10.144
  step 1750/1999 best 10.235
  step 1800/1999 best 10.240
  step 1850/1999 best 10.349
  step 1900/1999 best 10.226
  step 1950/1999 best 10.365
saved SBC_CHAINS_cnn_vmim__n1_jitter_seed_s4_sim2588_row2187658_noise3894_4073_4252 (240000, 4) acc=0.198
  step 0/1999 best -11.841
  step 50/1999 best -4.392
  step 100/1999 best 0.587
  step 150/1999 best 4.131
  step 200/1999 best 6.406
  step 250/1999 best 6.628
  step 300/1999 best 6.746
  step 350/1999 best 5.079
  step 400/1999 best 6.487
  step 450/1999 best 6.687
  step 500/1999 best 7.363
  step 550/1999 best 8.034
  step 600/1999 best 8.545
  step 650/1999 best 7.673
  step 700/1999 best 8.352
  step 750/1999 best 8.279
  step 800/1999 best 8.556
  step 850/1999 best 8.646
  step 900/1999 best 8.444
  step 950/1999 best 8.617
  step 1000/1999 best 8.427
  step 1050/1999 best 8.806
  step 1100/1999 best 8.486
  step 1150/1999 best 8.688
  step 1200/1999 best 8.473
  step 1250/1999 best 8.514
  step 1300/1999 best 8.784
  step 1350/1999 best 8.596
  step 1400/1999 best 8.793
  step 1450/1999 best 8.398
  step 1500/1999 best 8.667
  step 1550/1999 best 8.646
  step 1600/1999 best 8.367
  step 1650/1999 best 8.402
  step 1700/1999 best 8.589
  step 1750/1999 best 8.592
  step 1800/1999 best 8.626
  step 1850/1999 best 8.548
  step 1900/1999 best 8.616
  step 1950/1999 best 8.502
saved SBC_CHAINS_cnn_vmim__n1_jitter_seed_s4_sim685_row636543_noise7411_7590_7769 (240000, 4) acc=0.189
  step 0/1999 best -11.318
  step 50/1999 best 8.479
  step 100/1999 best 7.077
  step 150/1999 best 7.706
  step 200/1999 best 9.873
  step 250/1999 best 10.958
  step 300/1999 best 10.958
  step 350/1999 best 11.999
  step 400/1999 best 11.332
  step 450/1999 best 11.827
  step 500/1999 best 12.303
  step 550/1999 best 11.542
  step 600/1999 best 12.378
  step 650/1999 best 12.401
  step 700/1999 best 12.378
  step 750/1999 best 12.129
  step 800/1999 best 12.637
  step 850/1999 best 12.547
  step 900/1999 best 12.377
  step 950/1999 best 12.661
  step 1000/1999 best 12.500
  step 1050/1999 best 12.731
  step 1100/1999 best 12.537
  step 1150/1999 best 12.839
  step 1200/1999 best 12.805
  step 1250/1999 best 12.794
  step 1300/1999 best 12.697
  step 1350/1999 best 12.492
  step 1400/1999 best 12.696
  step 1450/1999 best 12.800
  step 1500/1999 best 12.852
  step 1550/1999 best 12.687
  step 1600/1999 best 12.429
  step 1650/1999 best 12.587
  step 1700/1999 best 12.735
  step 1750/1999 best 12.666
  step 1800/1999 best 12.459
  step 1850/1999 best 12.704
  step 1900/1999 best 12.769
  step 1950/1999 best 12.734
saved SBC_CHAINS_cnn_vmim__n1_jitter_seed_s4_sim3085_row2680362_noise9198_9377_9556 (240000, 4) acc=0.189
  step 0/1999 best -19.779
  step 50/1999 best -8.135
  step 100/1999 best 10.123
  step 150/1999 best 10.611
  step 200/1999 best 10.611
  step 250/1999 best 10.542
  step 300/1999 best 10.205
  step 350/1999 best 11.856
  step 400/1999 best 11.987
  step 450/1999 best 13.004
  step 500/1999 best 13.378
  step 550/1999 best 13.090
  step 600/1999 best 13.546
  step 650/1999 best 13.119
  step 700/1999 best 13.271
  step 750/1999 best 13.220
  step 800/1999 best 13.060
  step 850/1999 best 13.639
  step 900/1999 best 13.393
  step 950/1999 best 13.475
  step 1000/1999 best 13.526
  step 1050/1999 best 13.188
  step 1100/1999 best 13.679
  step 1150/1999 best 13.380
  step 1200/1999 best 13.419
  step 1250/1999 best 13.448
  step 1300/1999 best 13.569
  step 1350/1999 best 13.601
  step 1400/1999 best 13.601
  step 1450/1999 best 13.582
  step 1500/1999 best 13.539
  step 1550/1999 best 13.543
  step 1600/1999 best 13.520
  step 1650/1999 best 13.600
  step 1700/1999 best 13.458
  step 1750/1999 best 13.472
  step 1800/1999 best 13.454
  step 1850/1999 best 13.663
  step 1900/1999 best 13.373
  step 1950/1999 best 13.552
saved SBC_CHAINS_cnn_vmim__n1_jitter_seed_s4_sim2542_row2141145_noise6521_6700_6879 (240000, 4) acc=0.126
  step 0/1999 best -16.278
  step 50/1999 best -6.275
  step 100/1999 best 0.661
  step 150/1999 best 12.296
  step 200/1999 best 14.034
  step 250/1999 best 14.034
  step 300/1999 best 14.203
  step 350/1999 best 14.229
  step 400/1999 best 14.141
  step 450/1999 best 14.269
  step 500/1999 best 14.185
  step 550/1999 best 14.254
  step 600/1999 best 14.403
  step 650/1999 best 14.242
  step 700/1999 best 14.110
  step 750/1999 best 14.333
  step 800/1999 best 14.313
  step 850/1999 best 14.332
  step 900/1999 best 14.393
  step 950/1999 best 14.377
  step 1000/1999 best 14.305
  step 1050/1999 best 14.305
  step 1100/1999 best 14.318
  step 1150/1999 best 14.357
  step 1200/1999 best 14.363
  step 1250/1999 best 14.352
  step 1300/1999 best 14.426
  step 1350/1999 best 14.289
  step 1400/1999 best 14.388
  step 1450/1999 best 14.292
  step 1500/1999 best 14.292
  step 1550/1999 best 14.380
  step 1600/1999 best 14.050
  step 1650/1999 best 14.378
  step 1700/1999 best 14.410
  step 1750/1999 best 14.351
  step 1800/1999 best 14.287
  step 1850/1999 best 14.404
  step 1900/1999 best 14.344
  step 1950/1999 best 14.315
saved SBC_CHAINS_cnn_vmim__n1_jitter_seed_s4_sim640_row593102_noise1282_1461_1640 (240000, 4) acc=0.226
  step 0/1999 best -0.531
  step 50/1999 best 11.557
  step 100/1999 best 12.808
  step 150/1999 best 12.699
  step 200/1999 best 13.052
  step 250/1999 best 13.730
  step 300/1999 best 13.279
  step 350/1999 best 13.427
  step 400/1999 best 13.893
  step 450/1999 best 13.893
  step 500/1999 best 13.795
  step 550/1999 best 13.795
  step 600/1999 best 13.776
  step 650/1999 best 13.983
  step 700/1999 best 13.989
  step 750/1999 best 14.027
  step 800/1999 best 13.856
  step 850/1999 best 13.887
  step 900/1999 best 13.788
  step 950/1999 best 13.805
  step 1000/1999 best 14.030
  step 1050/1999 best 14.032
  step 1100/1999 best 13.833
  step 1150/1999 best 13.909
  step 1200/1999 best 14.000
  step 1250/1999 best 13.998
  step 1300/1999 best 14.005
  step 1350/1999 best 13.842
  step 1400/1999 best 13.888
  step 1450/1999 best 14.002
  step 1500/1999 best 13.830
  step 1550/1999 best 13.869
  step 1600/1999 best 14.008
  step 1650/1999 best 13.915
  step 1700/1999 best 13.965
  step 1750/1999 best 13.834
  step 1800/1999 best 13.906
  step 1850/1999 best 13.901
  step 1900/1999 best 14.011
  step 1950/1999 best 14.000
saved SBC_CHAINS_cnn_vmim__n1_jitter_seed_s4_sim3082_row2677109_noise5945_6124_6303 (240000, 4) acc=0.332
  step 0/1999 best -14.865
  step 50/1999 best -9.033
  step 100/1999 best 2.324
  step 150/1999 best 7.156
  step 200/1999 best 6.570
  step 250/1999 best 7.567
  step 300/1999 best 8.565
  step 350/1999 best 8.415
  step 400/1999 best 8.613
  step 450/1999 best 8.296
  step 500/1999 best 8.498
  step 550/1999 best 8.115
  step 600/1999 best 8.594
  step 650/1999 best 8.768
  step 700/1999 best 8.694
  step 750/1999 best 8.667
  step 800/1999 best 8.482
  step 850/1999 best 8.660
  step 900/1999 best 8.789
  step 950/1999 best 8.707
  step 1000/1999 best 8.608
  step 1050/1999 best 8.712
  step 1100/1999 best 8.652
  step 1150/1999 best 8.711
  step 1200/1999 best 8.621
  step 1250/1999 best 8.668
  step 1300/1999 best 8.663
  step 1350/1999 best 8.727
  step 1400/1999 best 8.606
  step 1450/1999 best 8.648
  step 1500/1999 best 8.660
  step 1550/1999 best 8.681
  step 1600/1999 best 8.609
  step 1650/1999 best 8.793
  step 1700/1999 best 8.639
  step 1750/1999 best 8.805
  step 1800/1999 best 8.646
  step 1850/1999 best 8.722
  step 1900/1999 best 8.807
  step 1950/1999 best 8.498
saved SBC_CHAINS_cnn_vmim__n1_jitter_seed_s4_sim2871_row2466823_noise2047_2226_2405 (240000, 4) acc=0.308
  step 0/1999 best -13.163
  step 50/1999 best 2.772
  step 100/1999 best 8.294
  step 150/1999 best 12.930
  step 200/1999 best 12.548
  step 250/1999 best 13.353
  step 300/1999 best 13.508
  step 350/1999 best 13.552
  step 400/1999 best 13.589
  step 450/1999 best 13.368
  step 500/1999 best 13.624
  step 550/1999 best 13.445
  step 600/1999 best 13.497
  step 650/1999 best 13.502
  step 700/1999 best 13.500
  step 750/1999 best 13.576
  step 800/1999 best 13.607
  step 850/1999 best 13.471
  step 900/1999 best 13.644
  step 950/1999 best 13.581
  step 1000/1999 best 13.607
  step 1050/1999 best 13.597
  step 1100/1999 best 13.527
  step 1150/1999 best 13.352
  step 1200/1999 best 13.604
  step 1250/1999 best 13.513
  step 1300/1999 best 13.609
  step 1350/1999 best 13.639
  step 1400/1999 best 13.525
  step 1450/1999 best 13.455
  step 1500/1999 best 13.587
  step 1550/1999 best 13.636
  step 1600/1999 best 13.527
  step 1650/1999 best 13.529
  step 1700/1999 best 13.456
  step 1750/1999 best 13.325
  step 1800/1999 best 13.582
  step 1850/1999 best 13.610
  step 1900/1999 best 13.513
  step 1950/1999 best 13.619
saved SBC_CHAINS_cnn_vmim__n1_jitter_seed_s4_sim2990_row2585572_noise2860_3039_3218 (240000, 4) acc=0.316
  step 0/1999 best -21.073
  step 50/1999 best 4.380
  step 100/1999 best 6.201
  step 150/1999 best 7.623
  step 200/1999 best 9.325
  step 250/1999 best 11.917
  step 300/1999 best 11.916
  step 350/1999 best 12.151
  step 400/1999 best 12.040
  step 450/1999 best 12.150
  step 500/1999 best 12.252
  step 550/1999 best 12.052
  step 600/1999 best 12.260
  step 650/1999 best 12.151
  step 700/1999 best 12.204
  step 750/1999 best 12.122
  step 800/1999 best 12.181
  step 850/1999 best 11.969
  step 900/1999 best 12.172
  step 950/1999 best 12.279
  step 1000/1999 best 12.220
  step 1050/1999 best 12.206
  step 1100/1999 best 12.259
  step 1150/1999 best 12.197
  step 1200/1999 best 12.271
  step 1250/1999 best 12.133
  step 1300/1999 best 12.170
  step 1350/1999 best 12.190
  step 1400/1999 best 12.176
  step 1450/1999 best 12.226
  step 1500/1999 best 12.133
  step 1550/1999 best 12.140
  step 1600/1999 best 12.189
  step 1650/1999 best 12.300
  step 1700/1999 best 12.148
  step 1750/1999 best 12.205
  step 1800/1999 best 12.204
  step 1850/1999 best 12.204
  step 1900/1999 best 12.167
  step 1950/1999 best 12.258
saved SBC_CHAINS_cnn_vmim__n1_jitter_seed_s4_sim2823_row2418855_noise3219_3398_3577 (240000, 4) acc=0.294
  step 0/1999 best -16.296
  step 50/1999 best -0.494
  step 100/1999 best 4.444
  step 150/1999 best 15.239
  step 200/1999 best 14.091
  step 250/1999 best 15.041
  step 300/1999 best 15.453
  step 350/1999 best 15.266
  step 400/1999 best 15.288
  step 450/1999 best 15.500
  step 500/1999 best 15.410
  step 550/1999 best 15.472
  step 600/1999 best 15.431
  step 650/1999 best 15.381
  step 700/1999 best 15.431
  step 750/1999 best 15.454
  step 800/1999 best 15.329
  step 850/1999 best 15.496
  step 900/1999 best 15.469
  step 950/1999 best 15.405
  step 1000/1999 best 15.496
  step 1050/1999 best 15.475
  step 1100/1999 best 15.507
  step 1150/1999 best 15.423
  step 1200/1999 best 15.544
  step 1250/1999 best 15.471
  step 1300/1999 best 15.551
  step 1350/1999 best 15.528
  step 1400/1999 best 15.555
  step 1450/1999 best 15.409
  step 1500/1999 best 15.373
  step 1550/1999 best 15.432
  step 1600/1999 best 15.537
  step 1650/1999 best 15.480
  step 1700/1999 best 15.310
  step 1750/1999 best 15.338
  step 1800/1999 best 15.393
  step 1850/1999 best 15.460
  step 1900/1999 best 15.504
  step 1950/1999 best 15.544
saved SBC_CHAINS_cnn_vmim__n1_jitter_seed_s4_sim754_row703535_noise7607_7786_7965 (240000, 4) acc=0.346
  step 0/1999 best -19.318
  step 50/1999 best -0.855
  step 100/1999 best 2.396
  step 150/1999 best 12.565
  step 200/1999 best 15.067
  step 250/1999 best 15.658
  step 300/1999 best 16.609
  step 350/1999 best 16.452
  step 400/1999 best 17.394
  step 450/1999 best 17.072
  step 500/1999 best 16.954
  step 550/1999 best 17.330
  step 600/1999 best 17.473
  step 650/1999 best 17.151
  step 700/1999 best 17.533
  step 750/1999 best 17.512
  step 800/1999 best 17.408
  step 850/1999 best 17.301
  step 900/1999 best 17.458
  step 950/1999 best 17.255
  step 1000/1999 best 17.168
  step 1050/1999 best 17.427
  step 1100/1999 best 17.426
  step 1150/1999 best 17.551
  step 1200/1999 best 17.445
  step 1250/1999 best 17.459
  step 1300/1999 best 17.508
  step 1350/1999 best 17.507
  step 1400/1999 best 17.552
  step 1450/1999 best 17.548
  step 1500/1999 best 17.437
  step 1550/1999 best 17.380
  step 1600/1999 best 17.455
  step 1650/1999 best 17.465
  step 1700/1999 best 17.574
  step 1750/1999 best 17.617
  step 1800/1999 best 17.547
  step 1850/1999 best 17.362
  step 1900/1999 best 17.541
  step 1950/1999 best 17.573
saved SBC_CHAINS_cnn_vmim__n1_jitter_seed_s4_sim1288_row1105153_noise685_864_1043 (240000, 4) acc=0.148
  step 0/1999 best -9.676
  step 50/1999 best -0.687
  step 100/1999 best 5.346
  step 150/1999 best 11.223
  step 200/1999 best 13.939
  step 250/1999 best 14.523
  step 300/1999 best 13.114
  step 350/1999 best 15.498
  step 400/1999 best 15.597
  step 450/1999 best 16.086
  step 500/1999 best 15.383
  step 550/1999 best 15.527
  step 600/1999 best 15.453
  step 650/1999 best 15.534
  step 700/1999 best 15.953
  step 750/1999 best 15.943
  step 800/1999 best 16.002
  step 850/1999 best 15.741
  step 900/1999 best 15.857
  step 950/1999 best 16.036
  step 1000/1999 best 15.720
  step 1050/1999 best 15.649
  step 1100/1999 best 15.729
  step 1150/1999 best 15.665
  step 1200/1999 best 15.959
  step 1250/1999 best 15.838
  step 1300/1999 best 15.691
  step 1350/1999 best 15.811
  step 1400/1999 best 15.827
  step 1450/1999 best 15.985
  step 1500/1999 best 15.970
  step 1550/1999 best 15.893
  step 1600/1999 best 15.936
  step 1650/1999 best 15.621
  step 1700/1999 best 15.753
  step 1750/1999 best 15.894
  step 1800/1999 best 15.789
  step 1850/1999 best 15.909
  step 1900/1999 best 15.989
  step 1950/1999 best 15.880
saved SBC_CHAINS_cnn_vmim__n1_jitter_seed_s4_sim116_row115960_noise8852_9031_9210 (240000, 4) acc=0.150
  step 0/1999 best -11.621
  step 50/1999 best 2.126
  step 100/1999 best 2.073
  step 150/1999 best 3.326
  step 200/1999 best 3.326
  step 250/1999 best 3.734
  step 300/1999 best 7.963
  step 350/1999 best 8.536
  step 400/1999 best 5.971
  step 450/1999 best 8.487
  step 500/1999 best 15.676
  step 550/1999 best 14.551
  step 600/1999 best 15.616
  step 650/1999 best 16.454
  step 700/1999 best 16.454
  step 750/1999 best 16.365
  step 800/1999 best 16.460
  step 850/1999 best 16.419
  step 900/1999 best 16.488
  step 950/1999 best 16.112
  step 1000/1999 best 16.134
  step 1050/1999 best 15.978
  step 1100/1999 best 15.855
  step 1150/1999 best 16.041
  step 1200/1999 best 16.272
  step 1250/1999 best 16.426
  step 1300/1999 best 16.181
  step 1350/1999 best 16.209
  step 1400/1999 best 16.051
  step 1450/1999 best 16.432
  step 1500/1999 best 16.271
  step 1550/1999 best 16.271
  step 1600/1999 best 16.064
  step 1650/1999 best 16.351
  step 1700/1999 best 16.254
  step 1750/1999 best 16.369
  step 1800/1999 best 16.280
  step 1850/1999 best 16.423
  step 1900/1999 best 16.252
  step 1950/1999 best 16.363
saved SBC_CHAINS_cnn_vmim__n1_jitter_seed_s4_sim364_row350166_noise530_709_888 (240000, 4) acc=0.114
  step 0/1999 best -16.316
  step 50/1999 best 5.027
  step 100/1999 best 15.524
  step 150/1999 best 16.006
  step 200/1999 best 15.924
  step 250/1999 best 15.720
  step 300/1999 best 15.697
  step 350/1999 best 15.778
  step 400/1999 best 15.838
  step 450/1999 best 15.974
  step 500/1999 best 15.830
  step 550/1999 best 15.944
  step 600/1999 best 15.986
  step 650/1999 best 15.864
  step 700/1999 best 15.912
  step 750/1999 best 15.979
  step 800/1999 best 16.027
  step 850/1999 best 15.895
  step 900/1999 best 15.802
  step 950/1999 best 15.791
  step 1000/1999 best 15.864
  step 1050/1999 best 16.015
  step 1100/1999 best 15.988
  step 1150/1999 best 15.963
  step 1200/1999 best 15.919
  step 1250/1999 best 16.046
  step 1300/1999 best 16.024
  step 1350/1999 best 16.017
  step 1400/1999 best 15.813
  step 1450/1999 best 15.990
  step 1500/1999 best 16.043
  step 1550/1999 best 15.995
  step 1600/1999 best 15.959
  step 1650/1999 best 16.042
  step 1700/1999 best 15.926
  step 1750/1999 best 15.868
  step 1800/1999 best 16.043
  step 1850/1999 best 16.070
  step 1900/1999 best 16.020
  step 1950/1999 best 16.085
saved SBC_CHAINS_cnn_vmim__n1_jitter_seed_s4_sim1761_row1514685_noise2473_2652_2831 (240000, 4) acc=0.236
  step 0/1999 best -17.128
  step 50/1999 best 8.561
  step 100/1999 best 11.122
  step 150/1999 best 11.647
  step 200/1999 best 11.188
  step 250/1999 best 10.110
  step 300/1999 best 12.160
  step 350/1999 best 14.281
  step 400/1999 best 14.202
  step 450/1999 best 15.122
  step 500/1999 best 14.555
  step 550/1999 best 14.533
  step 600/1999 best 15.261
  step 650/1999 best 14.910
  step 700/1999 best 15.130
  step 750/1999 best 15.156
  step 800/1999 best 15.120
  step 850/1999 best 15.121
  step 900/1999 best 15.037
  step 950/1999 best 15.107
  step 1000/1999 best 15.071
  step 1050/1999 best 15.243
  step 1100/1999 best 15.128
  step 1150/1999 best 15.150
  step 1200/1999 best 15.229
  step 1250/1999 best 15.089
  step 1300/1999 best 15.143
  step 1350/1999 best 15.154
  step 1400/1999 best 15.232
  step 1450/1999 best 15.039
  step 1500/1999 best 15.174
  step 1550/1999 best 15.278
  step 1600/1999 best 15.087
  step 1650/1999 best 15.135
  step 1700/1999 best 15.163
  step 1750/1999 best 15.244
  step 1800/1999 best 14.981
  step 1850/1999 best 15.137
  step 1900/1999 best 15.175
  step 1950/1999 best 15.206
saved SBC_CHAINS_cnn_vmim__n1_jitter_seed_s4_sim1502_row1279399_noise8543_8722_8901 (240000, 4) acc=0.168
  step 0/1999 best -11.598
  step 50/1999 best 3.342
  step 100/1999 best 4.983
  step 150/1999 best 4.427
  step 200/1999 best 13.169
  step 250/1999 best 13.169
  step 300/1999 best 15.756
  step 350/1999 best 15.499
  step 400/1999 best 15.547
  step 450/1999 best 15.118
  step 500/1999 best 15.600
  step 550/1999 best 15.459
  step 600/1999 best 15.510
  step 650/1999 best 15.680
  step 700/1999 best 16.054
  step 750/1999 best 15.794
  step 800/1999 best 16.221
  step 850/1999 best 15.989
  step 900/1999 best 15.919
  step 950/1999 best 16.174
  step 1000/1999 best 15.964
  step 1050/1999 best 16.154
  step 1100/1999 best 15.939
  step 1150/1999 best 16.165
  step 1200/1999 best 15.906
  step 1250/1999 best 15.988
  step 1300/1999 best 16.034
  step 1350/1999 best 15.861
  step 1400/1999 best 16.035
  step 1450/1999 best 15.850
  step 1500/1999 best 16.029
  step 1550/1999 best 16.158
  step 1600/1999 best 16.213
  step 1650/1999 best 16.285
  step 1700/1999 best 16.107
  step 1750/1999 best 15.916
  step 1800/1999 best 16.016
  step 1850/1999 best 15.649
  step 1900/1999 best 16.075
  step 1950/1999 best 16.183
saved SBC_CHAINS_cnn_vmim__n1_jitter_seed_s4_sim339_row325834_noise5682_5861_6040 (240000, 4) acc=0.113
  step 0/1999 best -14.420
  step 50/1999 best 6.990
  step 100/1999 best 9.852
  step 150/1999 best 9.964
  step 200/1999 best 8.998
  step 250/1999 best 11.769
  step 300/1999 best 11.617
  step 350/1999 best 12.108
  step 400/1999 best 11.676
  step 450/1999 best 12.254
  step 500/1999 best 12.221
  step 550/1999 best 12.391
  step 600/1999 best 12.293
  step 650/1999 best 12.056
  step 700/1999 best 12.170
  step 750/1999 best 12.285
  step 800/1999 best 12.338
  step 850/1999 best 12.256
  step 900/1999 best 12.313
  step 950/1999 best 12.353
  step 1000/1999 best 12.283
  step 1050/1999 best 12.401
  step 1100/1999 best 12.156
  step 1150/1999 best 12.286
  step 1200/1999 best 12.245
  step 1250/1999 best 12.212
  step 1300/1999 best 12.155
  step 1350/1999 best 12.417
  step 1400/1999 best 12.411
  step 1450/1999 best 12.346
  step 1500/1999 best 12.340
  step 1550/1999 best 12.337
  step 1600/1999 best 12.213
  step 1650/1999 best 12.402
  step 1700/1999 best 12.409
  step 1750/1999 best 12.376
  step 1800/1999 best 12.356
  step 1850/1999 best 12.364
  step 1900/1999 best 12.381
  step 1950/1999 best 12.382
saved SBC_CHAINS_cnn_vmim__n1_jitter_seed_s4_sim2461_row2060014_noise4014_4193_4372 (240000, 4) acc=0.210
  step 0/1999 best -16.369
  step 50/1999 best 0.391
  step 100/1999 best 1.496
  step 150/1999 best 2.034
  step 200/1999 best 6.651
  step 250/1999 best 6.191
  step 300/1999 best 9.705
  step 350/1999 best 8.635
  step 400/1999 best 8.374
  step 450/1999 best 10.062
  step 500/1999 best 11.279
  step 550/1999 best 11.127
  step 600/1999 best 11.127
  step 650/1999 best 11.999
  step 700/1999 best 13.907
  step 750/1999 best 15.256
  step 800/1999 best 15.363
  step 850/1999 best 14.853
  step 900/1999 best 14.869
  step 950/1999 best 15.883
  step 1000/1999 best 15.394
  step 1050/1999 best 15.355
  step 1100/1999 best 15.752
  step 1150/1999 best 15.739
  step 1200/1999 best 15.399
  step 1250/1999 best 15.634
  step 1300/1999 best 15.700
  step 1350/1999 best 15.799
  step 1400/1999 best 15.662
  step 1450/1999 best 15.800
  step 1500/1999 best 15.245
  step 1550/1999 best 15.854
  step 1600/1999 best 15.821
  step 1650/1999 best 15.816
  step 1700/1999 best 15.931
  step 1750/1999 best 15.954
  step 1800/1999 best 15.505
  step 1850/1999 best 15.731
  step 1900/1999 best 15.881
  step 1950/1999 best 15.514
saved SBC_CHAINS_cnn_vmim__n1_jitter_seed_s4_sim259_row245178_noise3650_3829_4008 (240000, 4) acc=0.172
  step 0/1999 best -11.848
  step 50/1999 best -3.098
  step 100/1999 best -1.416
  step 150/1999 best -1.416
  step 200/1999 best 6.501
  step 250/1999 best 12.232
  step 300/1999 best 13.476
  step 350/1999 best 14.794
  step 400/1999 best 14.193
  step 450/1999 best 13.586
  step 500/1999 best 14.563
  step 550/1999 best 14.960
  step 600/1999 best 14.775
  step 650/1999 best 14.910
  step 700/1999 best 14.986
  step 750/1999 best 15.053
  step 800/1999 best 14.865
  step 850/1999 best 14.806
  step 900/1999 best 14.969
  step 950/1999 best 14.898
  step 1000/1999 best 14.966
  step 1050/1999 best 15.063
  step 1100/1999 best 14.943
  step 1150/1999 best 14.892
  step 1200/1999 best 14.922
  step 1250/1999 best 15.030
  step 1300/1999 best 14.937
  step 1350/1999 best 15.010
  step 1400/1999 best 15.041
  step 1450/1999 best 14.782
  step 1500/1999 best 14.979
  step 1550/1999 best 15.014
  step 1600/1999 best 14.959
  step 1650/1999 best 14.863
  step 1700/1999 best 14.884
  step 1750/1999 best 14.837
  step 1800/1999 best 15.012
  step 1850/1999 best 14.983
  step 1900/1999 best 14.993
  step 1950/1999 best 14.951
saved SBC_CHAINS_cnn_vmim__n1_jitter_seed_s4_sim1207_row1025711_noise8695_8874_9053 (240000, 4) acc=0.194
  step 0/1999 best -14.252
  step 50/1999 best 2.046
  step 100/1999 best 11.897
  step 150/1999 best 15.409
  step 200/1999 best 13.877
  step 250/1999 best 15.080
  step 300/1999 best 14.698
  step 350/1999 best 15.637
  step 400/1999 best 15.849
  step 450/1999 best 15.964
  step 500/1999 best 16.260
  step 550/1999 best 16.225
  step 600/1999 best 16.501
  step 650/1999 best 16.388
  step 700/1999 best 16.385
  step 750/1999 best 16.239
  step 800/1999 best 16.348
  step 850/1999 best 16.346
  step 900/1999 best 16.386
  step 950/1999 best 16.431
  step 1000/1999 best 16.282
  step 1050/1999 best 16.323
  step 1100/1999 best 16.201
  step 1150/1999 best 16.203
  step 1200/1999 best 16.107
  step 1250/1999 best 16.352
  step 1300/1999 best 16.207
  step 1350/1999 best 16.499
  step 1400/1999 best 16.396
  step 1450/1999 best 16.569
  step 1500/1999 best 16.440
  step 1550/1999 best 16.511
  step 1600/1999 best 16.529
  step 1650/1999 best 16.366
  step 1700/1999 best 16.466
  step 1750/1999 best 16.465
  step 1800/1999 best 16.328
  step 1850/1999 best 16.307
  step 1900/1999 best 16.422
  step 1950/1999 best 16.382
saved SBC_CHAINS_cnn_vmim__n1_jitter_seed_s4_sim285_row271384_noise372_551_730 (240000, 4) acc=0.139
  step 0/1999 best -9.660
  step 50/1999 best -1.214
  step 100/1999 best 0.024
  step 150/1999 best 3.633
  step 200/1999 best 12.082
  step 250/1999 best 14.036
  step 300/1999 best 13.760
  step 350/1999 best 13.660
  step 400/1999 best 14.308
  step 450/1999 best 14.308
  step 500/1999 best 14.609
  step 550/1999 best 14.856
  step 600/1999 best 14.096
  step 650/1999 best 14.303
  step 700/1999 best 14.545
  step 750/1999 best 14.716
  step 800/1999 best 14.789
  step 850/1999 best 14.602
  step 900/1999 best 14.806
  step 950/1999 best 14.605
  step 1000/1999 best 14.792
  step 1050/1999 best 14.575
  step 1100/1999 best 14.812
  step 1150/1999 best 14.810
  step 1200/1999 best 14.891
  step 1250/1999 best 14.595
  step 1300/1999 best 14.630
  step 1350/1999 best 14.669
  step 1400/1999 best 14.811
  step 1450/1999 best 14.955
  step 1500/1999 best 14.885
  step 1550/1999 best 14.648
  step 1600/1999 best 14.924
  step 1650/1999 best 14.775
  step 1700/1999 best 14.711
  step 1750/1999 best 14.516
  step 1800/1999 best 14.931
  step 1850/1999 best 14.888
  step 1900/1999 best 14.636
  step 1950/1999 best 14.884
saved SBC_CHAINS_cnn_vmim__n1_jitter_seed_s4_sim440_row418505_noise8073_8252_8431 (240000, 4) acc=0.117
  step 0/1999 best -18.238
  step 50/1999 best -7.750
  step 100/1999 best 5.197
  step 150/1999 best 11.597
  step 200/1999 best 12.461
  step 250/1999 best 12.123
  step 300/1999 best 12.217
  step 350/1999 best 12.670
  step 400/1999 best 12.517
  step 450/1999 best 12.770
  step 500/1999 best 12.749
  step 550/1999 best 12.828
  step 600/1999 best 12.753
  step 650/1999 best 12.904
  step 700/1999 best 12.536
  step 750/1999 best 12.827
  step 800/1999 best 12.845
  step 850/1999 best 12.681
  step 900/1999 best 12.773
  step 950/1999 best 12.570
  step 1000/1999 best 12.733
  step 1050/1999 best 12.792
  step 1100/1999 best 12.717
  step 1150/1999 best 12.915
  step 1200/1999 best 12.831
  step 1250/1999 best 12.724
  step 1300/1999 best 12.877
  step 1350/1999 best 12.761
  step 1400/1999 best 12.881
  step 1450/1999 best 12.850
  step 1500/1999 best 12.882
  step 1550/1999 best 12.757
  step 1600/1999 best 12.756
  step 1650/1999 best 12.852
  step 1700/1999 best 12.802
  step 1750/1999 best 12.838
  step 1800/1999 best 12.860
  step 1850/1999 best 12.784
  step 1900/1999 best 12.907
  step 1950/1999 best 12.857
saved SBC_CHAINS_cnn_vmim__n1_jitter_seed_s4_sim2836_row2431968_noise6504_6683_6862 (240000, 4) acc=0.276
  step 0/1999 best -16.636
  step 50/1999 best -3.778
  step 100/1999 best -2.116
  step 150/1999 best -0.786
  step 200/1999 best 4.376
  step 250/1999 best 5.185
  step 300/1999 best 10.351
  step 350/1999 best 11.056
  step 400/1999 best 11.426
  step 450/1999 best 11.353
  step 500/1999 best 11.118
  step 550/1999 best 11.604
  step 600/1999 best 11.369
  step 650/1999 best 11.490
  step 700/1999 best 11.721
  step 750/1999 best 11.594
  step 800/1999 best 11.292
  step 850/1999 best 11.666
  step 900/1999 best 11.627
  step 950/1999 best 11.435
  step 1000/1999 best 11.511
  step 1050/1999 best 11.571
  step 1100/1999 best 11.512
  step 1150/1999 best 11.252
  step 1200/1999 best 11.410
  step 1250/1999 best 11.561
  step 1300/1999 best 11.445
  step 1350/1999 best 11.112
  step 1400/1999 best 11.507
  step 1450/1999 best 11.236
  step 1500/1999 best 11.559
  step 1550/1999 best 11.341
  step 1600/1999 best 11.362
  step 1650/1999 best 11.504
  step 1700/1999 best 11.608
  step 1750/1999 best 11.650
  step 1800/1999 best 11.570
  step 1850/1999 best 11.647
  step 1900/1999 best 11.572
  step 1950/1999 best 11.603
saved SBC_CHAINS_cnn_vmim__n1_jitter_seed_s4_sim2515_row2114111_noise8971_9150_9329 (240000, 4) acc=0.251
  step 0/1999 best -28.556
  step 50/1999 best -4.736
  step 100/1999 best -2.410
  step 150/1999 best -2.395
  step 200/1999 best 6.918
  step 250/1999 best 7.326
  step 300/1999 best 8.577
  step 350/1999 best 10.820
  step 400/1999 best 10.494
  step 450/1999 best 10.617
  step 500/1999 best 11.137
  step 550/1999 best 11.987
  step 600/1999 best 11.531
  step 650/1999 best 11.612
  step 700/1999 best 11.662
  step 750/1999 best 11.800
  step 800/1999 best 11.599
  step 850/1999 best 11.935
  step 900/1999 best 11.682
  step 950/1999 best 11.939
  step 1000/1999 best 11.835
  step 1050/1999 best 11.762
  step 1100/1999 best 12.050
  step 1150/1999 best 12.003
  step 1200/1999 best 11.931
  step 1250/1999 best 11.775
  step 1300/1999 best 11.923
  step 1350/1999 best 12.040
  step 1400/1999 best 11.840
  step 1450/1999 best 11.854
  step 1500/1999 best 11.918
  step 1550/1999 best 11.740
  step 1600/1999 best 11.919
  step 1650/1999 best 11.933
  step 1700/1999 best 11.895
  step 1750/1999 best 11.951
  step 1800/1999 best 11.977
  step 1850/1999 best 11.971
  step 1900/1999 best 11.963
  step 1950/1999 best 11.993
saved SBC_CHAINS_cnn_vmim__n1_jitter_seed_s4_sim2602_row2201353_noise7761_7940_8119 (240000, 4) acc=0.159
  step 0/1999 best -21.912
  step 50/1999 best 2.180
  step 100/1999 best 4.380
  step 150/1999 best 10.577
  step 200/1999 best 12.785
  step 250/1999 best 12.889
  step 300/1999 best 13.035
  step 350/1999 best 13.252
  step 400/1999 best 13.349
  step 450/1999 best 13.260
  step 500/1999 best 13.430
  step 550/1999 best 13.516
  step 600/1999 best 13.441
  step 650/1999 best 13.486
  step 700/1999 best 13.434
  step 750/1999 best 13.413
  step 800/1999 best 13.333
  step 850/1999 best 13.366
  step 900/1999 best 13.313
  step 950/1999 best 13.390
  step 1000/1999 best 13.415
  step 1050/1999 best 13.305
  step 1100/1999 best 13.359
  step 1150/1999 best 13.352
  step 1200/1999 best 13.482
  step 1250/1999 best 13.293
  step 1300/1999 best 13.394
  step 1350/1999 best 13.369
  step 1400/1999 best 13.485
  step 1450/1999 best 13.489
  step 1500/1999 best 13.328
  step 1550/1999 best 13.351
  step 1600/1999 best 13.352
  step 1650/1999 best 13.342
  step 1700/1999 best 13.241
  step 1750/1999 best 13.384
  step 1800/1999 best 13.470
  step 1850/1999 best 13.443
  step 1900/1999 best 13.391
  step 1950/1999 best 13.446
saved SBC_CHAINS_cnn_vmim__n1_jitter_seed_s4_sim2535_row2134052_noise9256_9435_9614 (240000, 4) acc=0.231
  step 0/1999 best -18.411
  step 50/1999 best -3.666
  step 100/1999 best 2.276
  step 150/1999 best 5.071
  step 200/1999 best 5.397
  step 250/1999 best 6.237
  step 300/1999 best 11.499
  step 350/1999 best 11.337
  step 400/1999 best 12.318
  step 450/1999 best 11.723
  step 500/1999 best 13.241
  step 550/1999 best 14.104
  step 600/1999 best 14.294
  step 650/1999 best 13.806
  step 700/1999 best 14.524
  step 750/1999 best 14.619
  step 800/1999 best 14.525
  step 850/1999 best 15.010
  step 900/1999 best 15.071
  step 950/1999 best 14.714
  step 1000/1999 best 14.906
  step 1050/1999 best 15.142
  step 1100/1999 best 15.037
  step 1150/1999 best 15.196
  step 1200/1999 best 15.062
  step 1250/1999 best 15.021
  step 1300/1999 best 15.235
  step 1350/1999 best 15.132
  step 1400/1999 best 14.952
  step 1450/1999 best 15.148
  step 1500/1999 best 14.912
  step 1550/1999 best 15.137
  step 1600/1999 best 14.841
  step 1650/1999 best 14.962
  step 1700/1999 best 14.919
  step 1750/1999 best 15.043
  step 1800/1999 best 15.164
  step 1850/1999 best 15.128
  step 1900/1999 best 15.063
  step 1950/1999 best 15.183
saved SBC_CHAINS_cnn_vmim__n1_jitter_seed_s4_sim1513_row1290294_noise9610_9789_140 (240000, 4) acc=0.143
  step 0/1999 best -11.424
  step 50/1999 best -0.819
  step 100/1999 best -1.074
  step 150/1999 best 8.077
  step 200/1999 best 9.507
  step 250/1999 best 11.341
  step 300/1999 best 11.262
  step 350/1999 best 11.218
  step 400/1999 best 11.059
  step 450/1999 best 11.424
  step 500/1999 best 11.490
  step 550/1999 best 11.504
  step 600/1999 best 11.375
  step 650/1999 best 11.421
  step 700/1999 best 11.301
  step 750/1999 best 11.413
  step 800/1999 best 11.316
  step 850/1999 best 11.571
  step 900/1999 best 11.308
  step 950/1999 best 11.418
  step 1000/1999 best 11.467
  step 1050/1999 best 11.627
  step 1100/1999 best 11.627
  step 1150/1999 best 11.350
  step 1200/1999 best 11.518
  step 1250/1999 best 11.519
  step 1300/1999 best 11.534
  step 1350/1999 best 11.641
  step 1400/1999 best 11.552
  step 1450/1999 best 11.480
  step 1500/1999 best 11.527
  step 1550/1999 best 11.544
  step 1600/1999 best 11.400
  step 1650/1999 best 11.620
  step 1700/1999 best 11.544
  step 1750/1999 best 11.585
  step 1800/1999 best 11.487
  step 1850/1999 best 11.609
  step 1900/1999 best 11.594
  step 1950/1999 best 11.526
saved SBC_CHAINS_cnn_vmim__n1_jitter_seed_s4_sim2637_row2236978_noise4074_4253_4432 (240000, 4) acc=0.176
  step 0/1999 best -13.926
  step 50/1999 best 2.177
  step 100/1999 best 8.031
  step 150/1999 best 12.146
  step 200/1999 best 14.270
  step 250/1999 best 14.204
  step 300/1999 best 15.318
  step 350/1999 best 15.904
  step 400/1999 best 16.501
  step 450/1999 best 16.429
  step 500/1999 best 15.726
  step 550/1999 best 16.512
  step 600/1999 best 16.260
  step 650/1999 best 15.909
  step 700/1999 best 16.492
  step 750/1999 best 16.414
  step 800/1999 best 16.073
  step 850/1999 best 16.432
  step 900/1999 best 16.048
  step 950/1999 best 16.388
  step 1000/1999 best 16.302
  step 1050/1999 best 16.183
  step 1100/1999 best 16.094
  step 1150/1999 best 16.286
  step 1200/1999 best 16.443
  step 1250/1999 best 16.131
  step 1300/1999 best 16.184
  step 1350/1999 best 16.456
  step 1400/1999 best 16.176
  step 1450/1999 best 16.165
  step 1500/1999 best 16.228
  step 1550/1999 best 16.394
  step 1600/1999 best 16.204
  step 1650/1999 best 16.070
  step 1700/1999 best 16.487
  step 1750/1999 best 16.379
  step 1800/1999 best 16.557
  step 1850/1999 best 16.347
  step 1900/1999 best 16.543
  step 1950/1999 best 16.367
saved SBC_CHAINS_cnn_vmim__n1_jitter_seed_s4_sim1527_row1304078_noise3738_3917_4096 (240000, 4) acc=0.126
  step 0/1999 best -8.740
  step 50/1999 best 9.884
  step 100/1999 best 15.558
  step 150/1999 best 15.541
  step 200/1999 best 15.460
  step 250/1999 best 15.554
  step 300/1999 best 15.581
  step 350/1999 best 15.375
  step 400/1999 best 15.683
  step 450/1999 best 15.834
  step 500/1999 best 15.677
  step 550/1999 best 15.718
  step 600/1999 best 15.660
  step 650/1999 best 15.760
  step 700/1999 best 15.674
  step 750/1999 best 15.656
  step 800/1999 best 15.769
  step 850/1999 best 15.778
  step 900/1999 best 15.624
  step 950/1999 best 15.823
  step 1000/1999 best 15.779
  step 1050/1999 best 15.670
  step 1100/1999 best 15.698
  step 1150/1999 best 15.787
  step 1200/1999 best 15.662
  step 1250/1999 best 15.717
  step 1300/1999 best 15.797
  step 1350/1999 best 15.816
  step 1400/1999 best 15.778
  step 1450/1999 best 15.756
  step 1500/1999 best 15.611
  step 1550/1999 best 15.762
  step 1600/1999 best 15.861
  step 1650/1999 best 15.813
  step 1700/1999 best 15.767
  step 1750/1999 best 15.809
  step 1800/1999 best 15.683
  step 1850/1999 best 15.737
  step 1900/1999 best 15.808
  step 1950/1999 best 15.481
saved SBC_CHAINS_cnn_vmim__n1_jitter_seed_s4_sim903_row852003_noise8655_8834_9013 (240000, 4) acc=0.286
  step 0/1999 best -12.858
  step 50/1999 best -5.423
  step 100/1999 best 1.721
  step 150/1999 best 3.931
  step 200/1999 best 8.697
  step 250/1999 best 11.617
  step 300/1999 best 12.935
  step 350/1999 best 13.731
  step 400/1999 best 13.679
  step 450/1999 best 13.868
  step 500/1999 best 14.066
  step 550/1999 best 14.115
  step 600/1999 best 14.074
  step 650/1999 best 14.105
  step 700/1999 best 13.980
  step 750/1999 best 14.036
  step 800/1999 best 13.833
  step 850/1999 best 14.100
  step 900/1999 best 13.867
  step 950/1999 best 13.953
  step 1000/1999 best 14.113
  step 1050/1999 best 13.995
  step 1100/1999 best 14.088
  step 1150/1999 best 13.996
  step 1200/1999 best 13.976
  step 1250/1999 best 14.120
  step 1300/1999 best 13.816
  step 1350/1999 best 13.926
  step 1400/1999 best 13.972
  step 1450/1999 best 14.026
  step 1500/1999 best 14.030
  step 1550/1999 best 14.151
  step 1600/1999 best 14.099
  step 1650/1999 best 14.029
  step 1700/1999 best 14.108
  step 1750/1999 best 14.081
  step 1800/1999 best 14.157
  step 1850/1999 best 14.080
  step 1900/1999 best 14.105
  step 1950/1999 best 14.073
saved SBC_CHAINS_cnn_vmim__n1_jitter_seed_s4_sim992_row941802_noise174_353_532 (240000, 4) acc=0.245
  step 0/1999 best -16.836
  step 50/1999 best 7.571
  step 100/1999 best 9.554
  step 150/1999 best 10.830
  step 200/1999 best 12.900
  step 250/1999 best 13.000
  step 300/1999 best 13.317
  step 350/1999 best 12.957
  step 400/1999 best 13.426
  step 450/1999 best 13.323
  step 500/1999 best 13.384
  step 550/1999 best 13.303
  step 600/1999 best 13.333
  step 650/1999 best 13.316
  step 700/1999 best 13.275
  step 750/1999 best 13.394
  step 800/1999 best 13.218
  step 850/1999 best 13.322
  step 900/1999 best 13.390
  step 950/1999 best 13.369
  step 1000/1999 best 13.390
  step 1050/1999 best 13.244
  step 1100/1999 best 13.414
  step 1150/1999 best 13.360
  step 1200/1999 best 13.328
  step 1250/1999 best 13.346
  step 1300/1999 best 13.297
  step 1350/1999 best 13.336
  step 1400/1999 best 13.434
  step 1450/1999 best 13.246
  step 1500/1999 best 13.283
  step 1550/1999 best 13.409
  step 1600/1999 best 13.327
  step 1650/1999 best 13.377
  step 1700/1999 best 13.387
  step 1750/1999 best 13.321
  step 1800/1999 best 13.350
  step 1850/1999 best 13.232
  step 1900/1999 best 13.382
  step 1950/1999 best 13.415
saved SBC_CHAINS_cnn_vmim__n1_jitter_seed_s4_sim2462_row2061324_noise5324_5503_5682 (240000, 4) acc=0.248
  step 0/1999 best -14.750
  step 50/1999 best 2.673
  step 100/1999 best 13.976
  step 150/1999 best 15.203
  step 200/1999 best 15.799
  step 250/1999 best 16.391
  step 300/1999 best 16.860
  step 350/1999 best 16.902
  step 400/1999 best 16.633
  step 450/1999 best 16.922
  step 500/1999 best 16.827
  step 550/1999 best 17.068
  step 600/1999 best 17.108
  step 650/1999 best 17.098
  step 700/1999 best 16.902
  step 750/1999 best 17.071
  step 800/1999 best 17.127
  step 850/1999 best 17.088
  step 900/1999 best 17.084
  step 950/1999 best 17.041
  step 1000/1999 best 16.946
  step 1050/1999 best 16.743
  step 1100/1999 best 17.015
  step 1150/1999 best 17.033
  step 1200/1999 best 17.098
  step 1250/1999 best 16.954
  step 1300/1999 best 17.095
  step 1350/1999 best 16.902
  step 1400/1999 best 16.841
  step 1450/1999 best 17.060
  step 1500/1999 best 17.007
  step 1550/1999 best 17.081
  step 1600/1999 best 17.063
  step 1650/1999 best 17.044
  step 1700/1999 best 17.084
  step 1750/1999 best 17.097
  step 1800/1999 best 17.083
  step 1850/1999 best 17.006
  step 1900/1999 best 16.971
  step 1950/1999 best 17.065
saved SBC_CHAINS_cnn_vmim__n1_jitter_seed_s4_sim1437_row1219102_noise2214_2393_2572 (240000, 4) acc=0.174
  step 0/1999 best -11.203
  step 50/1999 best 8.779
  step 100/1999 best 11.228
  step 150/1999 best 15.986
  step 200/1999 best 16.051
  step 250/1999 best 16.584
  step 300/1999 best 16.712
  step 350/1999 best 16.766
  step 400/1999 best 16.787
  step 450/1999 best 16.809
  step 500/1999 best 16.719
  step 550/1999 best 16.709
  step 600/1999 best 16.805
  step 650/1999 best 16.851
  step 700/1999 best 16.861
  step 750/1999 best 16.708
  step 800/1999 best 16.669
  step 850/1999 best 16.732
  step 900/1999 best 16.837
  step 950/1999 best 16.769
  step 1000/1999 best 16.775
  step 1050/1999 best 16.737
  step 1100/1999 best 16.872
  step 1150/1999 best 16.654
  step 1200/1999 best 16.894
  step 1250/1999 best 16.729
  step 1300/1999 best 16.787
  step 1350/1999 best 16.652
  step 1400/1999 best 16.965
  step 1450/1999 best 16.833
  step 1500/1999 best 16.872
  step 1550/1999 best 16.750
  step 1600/1999 best 16.902
  step 1650/1999 best 16.624
  step 1700/1999 best 16.532
  step 1750/1999 best 16.728
  step 1800/1999 best 16.729
  step 1850/1999 best 16.903
  step 1900/1999 best 16.690
  step 1950/1999 best 16.778
saved SBC_CHAINS_cnn_vmim__n1_jitter_seed_s4_sim1286_row1103713_noise9073_9252_9431 (240000, 4) acc=0.187
  step 0/1999 best -17.008
  step 50/1999 best -0.819
  step 100/1999 best 9.847
  step 150/1999 best 10.980
  step 200/1999 best 11.154
  step 250/1999 best 11.101
  step 300/1999 best 12.062
  step 350/1999 best 12.587
  step 400/1999 best 12.825
  step 450/1999 best 12.802
  step 500/1999 best 12.918
  step 550/1999 best 12.466
  step 600/1999 best 12.933
  step 650/1999 best 12.991
  step 700/1999 best 12.941
  step 750/1999 best 12.786
  step 800/1999 best 12.701
  step 850/1999 best 12.991
  step 900/1999 best 12.921
  step 950/1999 best 12.976
  step 1000/1999 best 12.960
  step 1050/1999 best 12.840
  step 1100/1999 best 12.882
  step 1150/1999 best 12.933
  step 1200/1999 best 12.829
  step 1250/1999 best 12.944
  step 1300/1999 best 12.693
  step 1350/1999 best 12.958
  step 1400/1999 best 12.857
  step 1450/1999 best 12.707
  step 1500/1999 best 12.831
  step 1550/1999 best 12.928
  step 1600/1999 best 12.923
  step 1650/1999 best 12.973
  step 1700/1999 best 12.845
  step 1750/1999 best 12.825
  step 1800/1999 best 12.612
  step 1850/1999 best 12.905
  step 1900/1999 best 12.853
  step 1950/1999 best 12.960
saved SBC_CHAINS_cnn_vmim__n1_jitter_seed_s4_sim2449_row2048779_noise2607_2786_2965 (240000, 4) acc=0.223
  step 0/1999 best -16.346
  step 50/1999 best 11.179
  step 100/1999 best 15.504
  step 150/1999 best 16.103
  step 200/1999 best 16.495
  step 250/1999 best 17.271
  step 300/1999 best 17.274
  step 350/1999 best 16.956
  step 400/1999 best 17.186
  step 450/1999 best 17.192
  step 500/1999 best 17.367
  step 550/1999 best 17.317
  step 600/1999 best 17.409
  step 650/1999 best 17.398
  step 700/1999 best 17.281
  step 750/1999 best 17.150
  step 800/1999 best 17.371
  step 850/1999 best 17.323
  step 900/1999 best 17.257
  step 950/1999 best 17.361
  step 1000/1999 best 17.283
  step 1050/1999 best 17.289
  step 1100/1999 best 17.043
  step 1150/1999 best 17.049
  step 1200/1999 best 17.241
  step 1250/1999 best 17.253
  step 1300/1999 best 17.386
  step 1350/1999 best 17.301
  step 1400/1999 best 17.278
  step 1450/1999 best 17.172
  step 1500/1999 best 17.223
  step 1550/1999 best 17.052
  step 1600/1999 best 17.280
  step 1650/1999 best 17.257
  step 1700/1999 best 17.285
  step 1750/1999 best 17.334
  step 1800/1999 best 17.333
  step 1850/1999 best 17.311
  step 1900/1999 best 17.296
  step 1950/1999 best 17.123
saved SBC_CHAINS_cnn_vmim__n1_jitter_seed_s4_sim1287_row1104531_noise63_242_421 (240000, 4) acc=0.197
  step 0/1999 best -13.964
  step 50/1999 best 12.870
  step 100/1999 best 14.686
  step 150/1999 best 15.622
  step 200/1999 best 15.150
  step 250/1999 best 15.931
  step 300/1999 best 16.429
  step 350/1999 best 16.225
  step 400/1999 best 16.197
  step 450/1999 best 15.982
  step 500/1999 best 16.110
  step 550/1999 best 16.203
  step 600/1999 best 16.350
  step 650/1999 best 16.145
  step 700/1999 best 16.267
  step 750/1999 best 16.313
  step 800/1999 best 16.172
  step 850/1999 best 16.205
  step 900/1999 best 16.295
  step 950/1999 best 16.228
  step 1000/1999 best 16.061
  step 1050/1999 best 16.302
  step 1100/1999 best 16.165
  step 1150/1999 best 16.138
  step 1200/1999 best 16.164
  step 1250/1999 best 16.397
  step 1300/1999 best 16.267
  step 1350/1999 best 16.285
  step 1400/1999 best 16.393
  step 1450/1999 best 16.316
  step 1500/1999 best 16.348
  step 1550/1999 best 16.086
  step 1600/1999 best 16.190
  step 1650/1999 best 16.334
  step 1700/1999 best 16.310
  step 1750/1999 best 16.125
  step 1800/1999 best 16.290
  step 1850/1999 best 16.392
  step 1900/1999 best 16.231
  step 1950/1999 best 16.283
saved SBC_CHAINS_cnn_vmim__n1_jitter_seed_s4_sim200_row186111_noise3551_3730_3909 (240000, 4) acc=0.139
  step 0/1999 best -17.575
  step 50/1999 best 6.256
  step 100/1999 best 11.143
  step 150/1999 best 14.019
  step 200/1999 best 14.208
  step 250/1999 best 15.633
  step 300/1999 best 15.945
  step 350/1999 best 15.798
  step 400/1999 best 15.749
  step 450/1999 best 15.989
  step 500/1999 best 16.182
  step 550/1999 best 15.623
  step 600/1999 best 15.993
  step 650/1999 best 16.134
  step 700/1999 best 16.117
  step 750/1999 best 16.008
  step 800/1999 best 16.054
  step 850/1999 best 16.067
  step 900/1999 best 15.922
  step 950/1999 best 15.994
  step 1000/1999 best 16.161
  step 1050/1999 best 16.116
  step 1100/1999 best 16.143
  step 1150/1999 best 16.148
  step 1200/1999 best 16.129
  step 1250/1999 best 16.158
  step 1300/1999 best 16.047
  step 1350/1999 best 16.068
  step 1400/1999 best 16.112
  step 1450/1999 best 16.171
  step 1500/1999 best 15.930
  step 1550/1999 best 16.109
  step 1600/1999 best 16.039
  step 1650/1999 best 16.095
  step 1700/1999 best 16.068
  step 1750/1999 best 16.044
  step 1800/1999 best 16.120
  step 1850/1999 best 16.152
  step 1900/1999 best 15.926
  step 1950/1999 best 16.122
saved SBC_CHAINS_cnn_vmim__n1_jitter_seed_s4_sim730_row679385_noise3113_3292_3471 (240000, 4) acc=0.243
  step 0/1999 best -11.605
  step 50/1999 best -0.699
  step 100/1999 best 5.931
  step 150/1999 best 15.049
  step 200/1999 best 15.002
  step 250/1999 best 15.611
  step 300/1999 best 16.403
  step 350/1999 best 17.093
  step 400/1999 best 16.853
  step 450/1999 best 16.750
  step 500/1999 best 17.022
  step 550/1999 best 16.808
  step 600/1999 best 17.179
  step 650/1999 best 17.089
  step 700/1999 best 17.088
  step 750/1999 best 17.178
  step 800/1999 best 17.039
  step 850/1999 best 17.166
  step 900/1999 best 17.076
  step 950/1999 best 17.055
  step 1000/1999 best 17.038
  step 1050/1999 best 17.053
  step 1100/1999 best 17.106
  step 1150/1999 best 16.928
  step 1200/1999 best 17.119
  step 1250/1999 best 17.016
  step 1300/1999 best 17.014
  step 1350/1999 best 17.136
  step 1400/1999 best 16.930
  step 1450/1999 best 17.107
  step 1500/1999 best 16.845
  step 1550/1999 best 17.187
  step 1600/1999 best 17.096
  step 1650/1999 best 17.131
  step 1700/1999 best 16.904
  step 1750/1999 best 17.102
  step 1800/1999 best 16.980
  step 1850/1999 best 17.011
  step 1900/1999 best 16.990
  step 1950/1999 best 17.039
saved SBC_CHAINS_cnn_vmim__n1_jitter_seed_s4_sim1450_row1232158_noise5442_5621_5800 (240000, 4) acc=0.178
  step 0/1999 best -19.201
  step 50/1999 best -5.793
  step 100/1999 best 8.476
  step 150/1999 best 8.468
  step 200/1999 best 9.850
  step 250/1999 best 11.044
  step 300/1999 best 12.267
  step 350/1999 best 12.267
  step 400/1999 best 11.486
  step 450/1999 best 11.848
  step 500/1999 best 11.848
  step 550/1999 best 13.530
  step 600/1999 best 12.117
  step 650/1999 best 12.894
  step 700/1999 best 12.984
  step 750/1999 best 13.874
  step 800/1999 best 13.400
  step 850/1999 best 13.928
  step 900/1999 best 13.056
  step 950/1999 best 13.548
  step 1000/1999 best 13.248
  step 1050/1999 best 13.499
  step 1100/1999 best 13.876
  step 1150/1999 best 13.519
  step 1200/1999 best 13.808
  step 1250/1999 best 13.944
  step 1300/1999 best 13.624
  step 1350/1999 best 13.646
  step 1400/1999 best 13.497
  step 1450/1999 best 13.772
  step 1500/1999 best 13.656
  step 1550/1999 best 13.929
  step 1600/1999 best 13.668
  step 1650/1999 best 13.902
  step 1700/1999 best 13.926
  step 1750/1999 best 13.861
  step 1800/1999 best 13.698
  step 1850/1999 best 13.877
  step 1900/1999 best 13.726
  step 1950/1999 best 13.846
saved SBC_CHAINS_cnn_vmim__n1_jitter_seed_s4_sim406_row384695_noise3747_3926_4105 (240000, 4) acc=0.155
  step 0/1999 best -24.954
  step 50/1999 best -5.088
  step 100/1999 best 3.238
  step 150/1999 best 9.778
  step 200/1999 best 11.132
  step 250/1999 best 11.203
  step 300/1999 best 10.997
  step 350/1999 best 11.030
  step 400/1999 best 11.516
  step 450/1999 best 11.482
  step 500/1999 best 11.594
  step 550/1999 best 11.451
  step 600/1999 best 11.380
  step 650/1999 best 11.387
  step 700/1999 best 11.246
  step 750/1999 best 11.602
  step 800/1999 best 11.592
  step 850/1999 best 11.277
  step 900/1999 best 11.442
  step 950/1999 best 11.536
  step 1000/1999 best 11.447
  step 1050/1999 best 11.477
  step 1100/1999 best 11.316
  step 1150/1999 best 11.560
  step 1200/1999 best 11.518
  step 1250/1999 best 11.420
  step 1300/1999 best 11.588
  step 1350/1999 best 11.354
  step 1400/1999 best 11.588
  step 1450/1999 best 11.612
  step 1500/1999 best 11.530
  step 1550/1999 best 11.486
  step 1600/1999 best 11.564
  step 1650/1999 best 11.419
  step 1700/1999 best 11.556
  step 1750/1999 best 11.382
  step 1800/1999 best 11.452
  step 1850/1999 best 11.603
  step 1900/1999 best 11.543
  step 1950/1999 best 11.389
saved SBC_CHAINS_cnn_vmim__n1_jitter_seed_s4_sim2595_row2194484_noise892_1071_1250 (240000, 4) acc=0.190
  step 0/1999 best -16.520
  step 50/1999 best -5.399
  step 100/1999 best -6.684
  step 150/1999 best -5.607
  step 200/1999 best 3.151
  step 250/1999 best 7.321
  step 300/1999 best 6.816
  step 350/1999 best 7.146
  step 400/1999 best 8.159
  step 450/1999 best 9.375
  step 500/1999 best 9.116
  step 550/1999 best 9.256
  step 600/1999 best 8.801
  step 650/1999 best 9.500
  step 700/1999 best 9.217
  step 750/1999 best 8.900
  step 800/1999 best 9.139
  step 850/1999 best 9.262
  step 900/1999 best 9.380
  step 950/1999 best 9.148
  step 1000/1999 best 9.332
  step 1050/1999 best 8.956
  step 1100/1999 best 9.003
  step 1150/1999 best 9.160
  step 1200/1999 best 9.478
  step 1250/1999 best 9.580
  step 1300/1999 best 9.418
  step 1350/1999 best 9.372
  step 1400/1999 best 9.474
  step 1450/1999 best 9.361
  step 1500/1999 best 9.514
  step 1550/1999 best 9.239
  step 1600/1999 best 9.552
  step 1650/1999 best 9.279
  step 1700/1999 best 8.963
  step 1750/1999 best 9.479
  step 1800/1999 best 9.514
  step 1850/1999 best 9.547
  step 1900/1999 best 9.083
  step 1950/1999 best 9.543
saved SBC_CHAINS_cnn_vmim__n1_jitter_seed_s4_sim2857_row2452597_noise7477_7656_7835 (240000, 4) acc=0.163
  step 0/1999 best -15.668
  step 50/1999 best 11.932
  step 100/1999 best 11.073
  step 150/1999 best 16.612
  step 200/1999 best 17.016
  step 250/1999 best 16.774
  step 300/1999 best 16.872
  step 350/1999 best 16.808
  step 400/1999 best 16.951
  step 450/1999 best 16.951
  step 500/1999 best 16.920
  step 550/1999 best 16.987
  step 600/1999 best 17.041
  step 650/1999 best 16.795
  step 700/1999 best 16.866
  step 750/1999 best 17.070
  step 800/1999 best 16.995
  step 850/1999 best 17.078
  step 900/1999 best 16.770
  step 950/1999 best 16.817
  step 1000/1999 best 16.996
  step 1050/1999 best 16.950
  step 1100/1999 best 17.012
  step 1150/1999 best 16.918
  step 1200/1999 best 16.980
  step 1250/1999 best 16.767
  step 1300/1999 best 17.007
  step 1350/1999 best 17.044
  step 1400/1999 best 16.830
  step 1450/1999 best 17.020
  step 1500/1999 best 16.754
  step 1550/1999 best 16.813
  step 1600/1999 best 17.024
  step 1650/1999 best 16.857
  step 1700/1999 best 16.871
  step 1750/1999 best 16.669
  step 1800/1999 best 16.963
  step 1850/1999 best 16.987
  step 1900/1999 best 17.001
  step 1950/1999 best 16.867
saved SBC_CHAINS_cnn_vmim__n1_jitter_seed_s4_sim1364_row1172107_noise7843_8022_8201 (240000, 4) acc=0.187
  step 0/1999 best -17.953
  step 50/1999 best -2.620
  step 100/1999 best 1.138
  step 150/1999 best 11.525
  step 200/1999 best 8.848
  step 250/1999 best 15.031
  step 300/1999 best 14.866
  step 350/1999 best 15.043
  step 400/1999 best 15.172
  step 450/1999 best 14.987
  step 500/1999 best 15.087
  step 550/1999 best 15.162
  step 600/1999 best 14.688
  step 650/1999 best 15.184
  step 700/1999 best 15.087
  step 750/1999 best 15.079
  step 800/1999 best 14.843
  step 850/1999 best 15.092
  step 900/1999 best 15.179
  step 950/1999 best 15.021
  step 1000/1999 best 15.125
  step 1050/1999 best 15.100
  step 1100/1999 best 15.142
  step 1150/1999 best 15.235
  step 1200/1999 best 15.104
  step 1250/1999 best 15.055
  step 1300/1999 best 15.089
  step 1350/1999 best 15.061
  step 1400/1999 best 15.102
  step 1450/1999 best 15.137
  step 1500/1999 best 15.201
  step 1550/1999 best 15.154
  step 1600/1999 best 14.940
  step 1650/1999 best 15.226
  step 1700/1999 best 15.203
  step 1750/1999 best 14.988
  step 1800/1999 best 15.219
  step 1850/1999 best 15.084
  step 1900/1999 best 15.164
  step 1950/1999 best 15.120
saved SBC_CHAINS_cnn_vmim__n1_jitter_seed_s4_sim650_row603035_noise1387_1566_1745 (240000, 4) acc=0.236
  step 0/1999 best -13.060
  step 50/1999 best -0.830
  step 100/1999 best 2.537
  step 150/1999 best 12.676
  step 200/1999 best 12.074
  step 250/1999 best 12.089
  step 300/1999 best 12.557
  step 350/1999 best 12.817
  step 400/1999 best 12.803
  step 450/1999 best 12.580
  step 500/1999 best 12.839
  step 550/1999 best 12.785
  step 600/1999 best 12.651
  step 650/1999 best 12.890
  step 700/1999 best 12.814
  step 750/1999 best 12.711
  step 800/1999 best 12.799
  step 850/1999 best 12.789
  step 900/1999 best 12.794
  step 950/1999 best 12.838
  step 1000/1999 best 12.874
  step 1050/1999 best 12.715
  step 1100/1999 best 12.713
  step 1150/1999 best 12.779
  step 1200/1999 best 12.724
  step 1250/1999 best 12.852
  step 1300/1999 best 12.760
  step 1350/1999 best 12.901
  step 1400/1999 best 12.914
  step 1450/1999 best 12.679
  step 1500/1999 best 12.686
  step 1550/1999 best 12.769
  step 1600/1999 best 12.857
  step 1650/1999 best 12.802
  step 1700/1999 best 12.909
  step 1750/1999 best 12.898
  step 1800/1999 best 12.901
  step 1850/1999 best 12.588
  step 1900/1999 best 12.792
  step 1950/1999 best 12.715
saved SBC_CHAINS_cnn_vmim__n1_jitter_seed_s4_sim2931_row2526247_noise2503_2682_2861 (240000, 4) acc=0.361
  step 0/1999 best -14.631
  step 50/1999 best 2.673
  step 100/1999 best 2.976
  step 150/1999 best 13.120
  step 200/1999 best 13.330
  step 250/1999 best 14.905
  step 300/1999 best 15.414
  step 350/1999 best 15.520
  step 400/1999 best 15.744
  step 450/1999 best 15.858
  step 500/1999 best 15.758
  step 550/1999 best 15.884
  step 600/1999 best 15.727
  step 650/1999 best 15.688
  step 700/1999 best 15.824
  step 750/1999 best 15.757
  step 800/1999 best 15.528
  step 850/1999 best 15.612
  step 900/1999 best 15.799
  step 950/1999 best 15.904
  step 1000/1999 best 15.743
  step 1050/1999 best 15.784
  step 1100/1999 best 15.825
  step 1150/1999 best 15.662
  step 1200/1999 best 15.724
  step 1250/1999 best 15.832
  step 1300/1999 best 15.660
  step 1350/1999 best 15.669
  step 1400/1999 best 15.770
  step 1450/1999 best 15.909
  step 1500/1999 best 15.777
  step 1550/1999 best 15.851
  step 1600/1999 best 15.859
  step 1650/1999 best 15.607
  step 1700/1999 best 15.865
  step 1750/1999 best 15.908
  step 1800/1999 best 15.831
  step 1850/1999 best 15.799
  step 1900/1999 best 15.805
  step 1950/1999 best 15.803
saved SBC_CHAINS_cnn_vmim__n1_jitter_seed_s4_sim1435_row1217426_noise538_717_896 (240000, 4) acc=0.183
  step 0/1999 best -6.902
  step 50/1999 best 9.965
  step 100/1999 best 12.331
  step 150/1999 best 14.244
  step 200/1999 best 16.440
  step 250/1999 best 16.485
  step 300/1999 best 16.972
  step 350/1999 best 16.978
  step 400/1999 best 16.783
  step 450/1999 best 16.944
  step 500/1999 best 16.631
  step 550/1999 best 16.981
  step 600/1999 best 16.809
  step 650/1999 best 17.130
  step 700/1999 best 17.150
  step 750/1999 best 17.102
  step 800/1999 best 16.731
  step 850/1999 best 17.070
  step 900/1999 best 17.006
  step 950/1999 best 17.184
  step 1000/1999 best 17.114
  step 1050/1999 best 17.186
  step 1100/1999 best 16.785
  step 1150/1999 best 17.064
  step 1200/1999 best 17.011
  step 1250/1999 best 17.007
  step 1300/1999 best 17.090
  step 1350/1999 best 17.015
  step 1400/1999 best 16.989
  step 1450/1999 best 17.105
  step 1500/1999 best 17.093
  step 1550/1999 best 17.064
  step 1600/1999 best 16.987
  step 1650/1999 best 17.093
  step 1700/1999 best 17.015
  step 1750/1999 best 16.982
  step 1800/1999 best 17.023
  step 1850/1999 best 16.909
  step 1900/1999 best 17.064
  step 1950/1999 best 17.127
saved SBC_CHAINS_cnn_vmim__n1_jitter_seed_s4_sim273_row259153_noise7797_7976_8155 (240000, 4) acc=0.136
  step 0/1999 best -14.163
  step 50/1999 best 7.604
  step 100/1999 best 13.154
  step 150/1999 best 16.631
  step 200/1999 best 16.157
  step 250/1999 best 16.010
  step 300/1999 best 16.229
  step 350/1999 best 16.743
  step 400/1999 best 16.734
  step 450/1999 best 16.741
  step 500/1999 best 16.777
  step 550/1999 best 16.717
  step 600/1999 best 16.718
  step 650/1999 best 16.746
  step 700/1999 best 16.698
  step 750/1999 best 16.482
  step 800/1999 best 16.733
  step 850/1999 best 16.757
  step 900/1999 best 16.857
  step 950/1999 best 16.617
  step 1000/1999 best 16.733
  step 1050/1999 best 16.797
  step 1100/1999 best 16.720
  step 1150/1999 best 16.698
  step 1200/1999 best 16.599
  step 1250/1999 best 16.665
  step 1300/1999 best 16.897
  step 1350/1999 best 16.782
  step 1400/1999 best 16.806
  step 1450/1999 best 16.790
  step 1500/1999 best 16.719
  step 1550/1999 best 16.741
  step 1600/1999 best 16.853
  step 1650/1999 best 16.847
  step 1700/1999 best 16.584
  step 1750/1999 best 16.700
  step 1800/1999 best 16.680
  step 1850/1999 best 16.692
  step 1900/1999 best 16.861
  step 1950/1999 best 16.742
saved SBC_CHAINS_cnn_vmim__n1_jitter_seed_s4_sim1352_row1161796_noise6360_6539_6718 (240000, 4) acc=0.206
  step 0/1999 best -19.246
  step 50/1999 best -4.082
  step 100/1999 best -1.403
  step 150/1999 best 5.637
  step 200/1999 best 12.971
  step 250/1999 best 12.862
  step 300/1999 best 13.520
  step 350/1999 best 12.863
  step 400/1999 best 13.776
  step 450/1999 best 14.026
  step 500/1999 best 13.775
  step 550/1999 best 13.728
  step 600/1999 best 13.666
  step 650/1999 best 14.080
  step 700/1999 best 13.783
  step 750/1999 best 14.146
  step 800/1999 best 13.891
  step 850/1999 best 14.133
  step 900/1999 best 14.175
  step 950/1999 best 14.271
  step 1000/1999 best 14.147
  step 1050/1999 best 14.102
  step 1100/1999 best 14.168
  step 1150/1999 best 13.951
  step 1200/1999 best 14.230
  step 1250/1999 best 14.174
  step 1300/1999 best 14.021
  step 1350/1999 best 14.106
  step 1400/1999 best 14.242
  step 1450/1999 best 14.048
  step 1500/1999 best 14.217
  step 1550/1999 best 14.046
  step 1600/1999 best 14.199
  step 1650/1999 best 14.204
  step 1700/1999 best 13.833
  step 1750/1999 best 14.144
  step 1800/1999 best 14.149
  step 1850/1999 best 14.047
  step 1900/1999 best 14.145
  step 1950/1999 best 14.094
saved SBC_CHAINS_cnn_vmim__n1_jitter_seed_s4_sim2452_row2051155_noise4983_5162_5341 (240000, 4) acc=0.127
  step 0/1999 best -16.790
  step 50/1999 best -4.173
  step 100/1999 best 5.234
  step 150/1999 best 8.380
  step 200/1999 best 12.279
  step 250/1999 best 13.234
  step 300/1999 best 14.161
  step 350/1999 best 13.164
  step 400/1999 best 14.345
  step 450/1999 best 14.690
  step 500/1999 best 14.690
  step 550/1999 best 15.586
  step 600/1999 best 15.535
  step 650/1999 best 15.524
  step 700/1999 best 14.702
  step 750/1999 best 15.759
  step 800/1999 best 15.503
  step 850/1999 best 15.350
  step 900/1999 best 15.826
  step 950/1999 best 15.697
  step 1000/1999 best 15.817
  step 1050/1999 best 15.782
  step 1100/1999 best 15.795
  step 1150/1999 best 15.748
  step 1200/1999 best 15.905
  step 1250/1999 best 15.738
  step 1300/1999 best 15.754
  step 1350/1999 best 15.825
  step 1400/1999 best 15.424
  step 1450/1999 best 15.867
  step 1500/1999 best 15.835
  step 1550/1999 best 15.894
  step 1600/1999 best 15.670
  step 1650/1999 best 15.844
  step 1700/1999 best 15.819
  step 1750/1999 best 15.962
  step 1800/1999 best 15.600
  step 1850/1999 best 15.649
  step 1900/1999 best 15.820
  step 1950/1999 best 15.776
saved SBC_CHAINS_cnn_vmim__n1_jitter_seed_s4_sim1768_row1520863_noise9651_2_181 (240000, 4) acc=0.209
  step 0/1999 best -11.879
  step 50/1999 best 13.077
  step 100/1999 best 16.905
  step 150/1999 best 15.923
  step 200/1999 best 16.657
  step 250/1999 best 16.645
  step 300/1999 best 16.764
  step 350/1999 best 17.046
  step 400/1999 best 16.935
  step 450/1999 best 16.780
  step 500/1999 best 16.817
  step 550/1999 best 16.987
  step 600/1999 best 16.982
  step 650/1999 best 17.023
  step 700/1999 best 16.881
  step 750/1999 best 16.839
  step 800/1999 best 17.023
  step 850/1999 best 17.030
  step 900/1999 best 16.835
  step 950/1999 best 16.955
  step 1000/1999 best 16.856
  step 1050/1999 best 16.778
  step 1100/1999 best 16.698
  step 1150/1999 best 16.932
  step 1200/1999 best 17.040
  step 1250/1999 best 17.032
  step 1300/1999 best 16.967
  step 1350/1999 best 16.903
  step 1400/1999 best 16.993
  step 1450/1999 best 17.009
  step 1500/1999 best 17.033
  step 1550/1999 best 16.852
  step 1600/1999 best 16.965
  step 1650/1999 best 16.763
  step 1700/1999 best 16.987
  step 1750/1999 best 16.996
  step 1800/1999 best 16.916
  step 1850/1999 best 16.831
  step 1900/1999 best 16.939
  step 1950/1999 best 17.021
saved SBC_CHAINS_cnn_vmim__n1_jitter_seed_s4_sim1358_row1167255_noise1991_2170_2349 (240000, 4) acc=0.242
  step 0/1999 best -14.320
  step 50/1999 best -0.460
  step 100/1999 best 4.031
  step 150/1999 best 5.204
  step 200/1999 best 5.615
  step 250/1999 best 11.324
  step 300/1999 best 10.326
  step 350/1999 best 13.993
  step 400/1999 best 14.990
  step 450/1999 best 15.012
  step 500/1999 best 15.566
  step 550/1999 best 15.231
  step 600/1999 best 15.684
  step 650/1999 best 15.911
  step 700/1999 best 15.700
  step 750/1999 best 15.821
  step 800/1999 best 15.588
  step 850/1999 best 15.904
  step 900/1999 best 16.091
  step 950/1999 best 15.750
  step 1000/1999 best 15.847
  step 1050/1999 best 15.862
  step 1100/1999 best 15.999
  step 1150/1999 best 15.919
  step 1200/1999 best 16.040
  step 1250/1999 best 15.884
  step 1300/1999 best 15.905
  step 1350/1999 best 15.864
  step 1400/1999 best 16.062
  step 1450/1999 best 15.970
  step 1500/1999 best 16.004
  step 1550/1999 best 16.024
  step 1600/1999 best 16.085
  step 1650/1999 best 16.009
  step 1700/1999 best 15.970
  step 1750/1999 best 16.091
  step 1800/1999 best 15.859
  step 1850/1999 best 15.905
  step 1900/1999 best 15.845
  step 1950/1999 best 16.027
saved SBC_CHAINS_cnn_vmim__n1_jitter_seed_s4_sim1426_row1208498_noise1438_1617_1796 (240000, 4) acc=0.194
  step 0/1999 best -10.483
  step 50/1999 best 9.021
  step 100/1999 best 13.302
  step 150/1999 best 14.362
  step 200/1999 best 15.287
  step 250/1999 best 15.287
  step 300/1999 best 14.914
  step 350/1999 best 14.954
  step 400/1999 best 15.196
  step 450/1999 best 15.210
  step 500/1999 best 15.304
  step 550/1999 best 15.036
  step 600/1999 best 15.295
  step 650/1999 best 15.045
  step 700/1999 best 15.321
  step 750/1999 best 15.343
  step 800/1999 best 15.193
  step 850/1999 best 15.283
  step 900/1999 best 15.244
  step 950/1999 best 15.294
  step 1000/1999 best 15.239
  step 1050/1999 best 15.151
  step 1100/1999 best 15.208
  step 1150/1999 best 15.234
  step 1200/1999 best 15.334
  step 1250/1999 best 15.147
  step 1300/1999 best 15.083
  step 1350/1999 best 15.335
  step 1400/1999 best 15.249
  step 1450/1999 best 15.110
  step 1500/1999 best 15.254
  step 1550/1999 best 15.238
  step 1600/1999 best 15.142
  step 1650/1999 best 15.173
  step 1700/1999 best 15.183
  step 1750/1999 best 15.150
  step 1800/1999 best 15.208
  step 1850/1999 best 15.236
  step 1900/1999 best 15.144
  step 1950/1999 best 15.350
saved SBC_CHAINS_cnn_vmim__n1_jitter_seed_s4_sim902_row851169_noise7821_8000_8179 (240000, 4) acc=0.297
  step 0/1999 best -19.361
  step 50/1999 best -4.760
  step 100/1999 best 0.061
  step 150/1999 best 1.183
  step 200/1999 best 13.989
  step 250/1999 best 14.363
  step 300/1999 best 14.598
  step 350/1999 best 15.021
  step 400/1999 best 15.039
  step 450/1999 best 15.573
  step 500/1999 best 15.641
  step 550/1999 best 15.641
  step 600/1999 best 14.834
  step 650/1999 best 15.224
  step 700/1999 best 15.287
  step 750/1999 best 15.275
  step 800/1999 best 15.521
  step 850/1999 best 15.447
  step 900/1999 best 15.115
  step 950/1999 best 15.703
  step 1000/1999 best 15.676
  step 1050/1999 best 15.281
  step 1100/1999 best 15.416
  step 1150/1999 best 15.269
  step 1200/1999 best 15.586
  step 1250/1999 best 15.673
  step 1300/1999 best 15.181
  step 1350/1999 best 15.579
  step 1400/1999 best 15.423
  step 1450/1999 best 15.393
  step 1500/1999 best 15.676
  step 1550/1999 best 15.251
  step 1600/1999 best 15.463
  step 1650/1999 best 15.556
  step 1700/1999 best 15.566
  step 1750/1999 best 15.595
  step 1800/1999 best 15.408
  step 1850/1999 best 15.437
  step 1900/1999 best 15.735
  step 1950/1999 best 15.657
saved SBC_CHAINS_cnn_vmim__n1_jitter_seed_s4_sim441_row419665_noise9233_9412_9591 (240000, 4) acc=0.105
  step 0/1999 best -16.531
  step 50/1999 best 3.637
  step 100/1999 best 5.071
  step 150/1999 best 5.846
  step 200/1999 best 10.612
  step 250/1999 best 12.825
  step 300/1999 best 13.336
  step 350/1999 best 13.528
  step 400/1999 best 13.341
  step 450/1999 best 13.605
  step 500/1999 best 13.691
  step 550/1999 best 13.678
  step 600/1999 best 13.514
  step 650/1999 best 13.663
  step 700/1999 best 13.688
  step 750/1999 best 13.669
  step 800/1999 best 13.553
  step 850/1999 best 13.400
  step 900/1999 best 13.695
  step 950/1999 best 13.540
  step 1000/1999 best 13.532
  step 1050/1999 best 13.550
  step 1100/1999 best 13.557
  step 1150/1999 best 13.695
  step 1200/1999 best 13.666
  step 1250/1999 best 13.615
  step 1300/1999 best 13.488
  step 1350/1999 best 13.688
  step 1400/1999 best 13.730
  step 1450/1999 best 13.725
  step 1500/1999 best 13.656
  step 1550/1999 best 13.628
  step 1600/1999 best 13.659
  step 1650/1999 best 13.675
  step 1700/1999 best 13.745
  step 1750/1999 best 13.648
  step 1800/1999 best 13.511
  step 1850/1999 best 13.693
  step 1900/1999 best 13.635
  step 1950/1999 best 13.650
saved SBC_CHAINS_cnn_vmim__n1_jitter_seed_s4_sim2920_row2515749_noise1833_2012_2191 (240000, 4) acc=0.398
  step 0/1999 best -13.470
  step 50/1999 best -0.375
  step 100/1999 best -1.060
  step 150/1999 best 0.657
  step 200/1999 best 2.848
  step 250/1999 best 1.927
  step 300/1999 best 3.833
  step 350/1999 best 6.617
  step 400/1999 best 4.239
  step 450/1999 best 4.618
  step 500/1999 best 13.128
  step 550/1999 best 13.134
  step 600/1999 best 12.820
  step 650/1999 best 14.742
  step 700/1999 best 14.992
  step 750/1999 best 15.153
  step 800/1999 best 14.976
  step 850/1999 best 15.581
  step 900/1999 best 15.569
  step 950/1999 best 15.211
  step 1000/1999 best 15.554
  step 1050/1999 best 15.606
  step 1100/1999 best 15.712
  step 1150/1999 best 15.581
  step 1200/1999 best 15.262
  step 1250/1999 best 15.351
  step 1300/1999 best 15.246
  step 1350/1999 best 15.121
  step 1400/1999 best 15.410
  step 1450/1999 best 15.040
  step 1500/1999 best 15.699
  step 1550/1999 best 15.577
  step 1600/1999 best 15.605
  step 1650/1999 best 15.795
  step 1700/1999 best 15.636
  step 1750/1999 best 15.691
  step 1800/1999 best 15.629
  step 1850/1999 best 15.645
  step 1900/1999 best 15.314
  step 1950/1999 best 15.382
saved SBC_CHAINS_cnn_vmim__n1_jitter_seed_s4_sim175_row166693_noise8617_8796_8975 (240000, 4) acc=0.171
  step 0/1999 best -16.041
  step 50/1999 best -3.720
  step 100/1999 best -3.482
  step 150/1999 best -0.265
  step 200/1999 best 2.062
  step 250/1999 best 7.765
  step 300/1999 best 7.962
  step 350/1999 best 10.013
  step 400/1999 best 12.560
  step 450/1999 best 14.471
  step 500/1999 best 14.130
  step 550/1999 best 13.689
  step 600/1999 best 14.194
  step 650/1999 best 14.700
  step 700/1999 best 14.077
  step 750/1999 best 14.779
  step 800/1999 best 14.753
  step 850/1999 best 14.998
  step 900/1999 best 14.889
  step 950/1999 best 14.844
  step 1000/1999 best 15.190
  step 1050/1999 best 15.222
  step 1100/1999 best 15.138
  step 1150/1999 best 15.028
  step 1200/1999 best 15.198
  step 1250/1999 best 15.068
  step 1300/1999 best 15.148
  step 1350/1999 best 15.174
  step 1400/1999 best 15.055
  step 1450/1999 best 14.995
  step 1500/1999 best 15.105
  step 1550/1999 best 15.203
  step 1600/1999 best 14.832
  step 1650/1999 best 15.001
  step 1700/1999 best 15.069
  step 1750/1999 best 15.156
  step 1800/1999 best 15.180
  step 1850/1999 best 15.049
  step 1900/1999 best 15.131
  step 1950/1999 best 15.136
saved SBC_CHAINS_cnn_vmim__n1_jitter_seed_s4_sim1183_row1001908_noise4548_4727_4906 (240000, 4) acc=0.151
  step 0/1999 best -5.393
  step 50/1999 best 5.056
  step 100/1999 best 12.834
  step 150/1999 best 13.669
  step 200/1999 best 12.459
  step 250/1999 best 12.164
  step 300/1999 best 15.030
  step 350/1999 best 15.030
  step 400/1999 best 15.030
  step 450/1999 best 14.182
  step 500/1999 best 15.011
  step 550/1999 best 14.512
  step 600/1999 best 14.753
  step 650/1999 best 15.545
  step 700/1999 best 15.185
  step 750/1999 best 15.668
  step 800/1999 best 15.405
  step 850/1999 best 15.708
  step 900/1999 best 15.360
  step 950/1999 best 15.394
  step 1000/1999 best 15.706
  step 1050/1999 best 15.615
  step 1100/1999 best 15.469
  step 1150/1999 best 15.433
  step 1200/1999 best 15.480
  step 1250/1999 best 15.211
  step 1300/1999 best 15.717
  step 1350/1999 best 15.740
  step 1400/1999 best 15.509
  step 1450/1999 best 15.620
  step 1500/1999 best 15.437
  step 1550/1999 best 15.550
  step 1600/1999 best 15.452
  step 1650/1999 best 15.660
  step 1700/1999 best 15.468
  step 1750/1999 best 15.582
  step 1800/1999 best 15.489
  step 1850/1999 best 15.598
  step 1900/1999 best 15.609
  step 1950/1999 best 15.378
saved SBC_CHAINS_cnn_vmim__n1_jitter_seed_s4_sim369_row355819_noise6183_6362_6541 (240000, 4) acc=0.109
  step 0/1999 best -15.841
  step 50/1999 best 1.059
  step 100/1999 best 1.766
  step 150/1999 best 2.749
  step 200/1999 best 11.673
  step 250/1999 best 11.597
  step 300/1999 best 11.849
  step 350/1999 best 11.210
  step 400/1999 best 12.914
  step 450/1999 best 12.752
  step 500/1999 best 12.876
  step 550/1999 best 12.878
  step 600/1999 best 12.953
  step 650/1999 best 13.111
  step 700/1999 best 13.188
  step 750/1999 best 13.005
  step 800/1999 best 13.045
  step 850/1999 best 12.899
  step 900/1999 best 12.932
  step 950/1999 best 12.990
  step 1000/1999 best 13.001
  step 1050/1999 best 13.032
  step 1100/1999 best 13.173
  step 1150/1999 best 13.204
  step 1200/1999 best 13.029
  step 1250/1999 best 13.130
  step 1300/1999 best 13.095
  step 1350/1999 best 13.129
  step 1400/1999 best 13.147
  step 1450/1999 best 12.894
  step 1500/1999 best 13.132
  step 1550/1999 best 12.945
  step 1600/1999 best 12.896
  step 1650/1999 best 13.095
  step 1700/1999 best 13.016
  step 1750/1999 best 13.009
  step 1800/1999 best 12.990
  step 1850/1999 best 13.016
  step 1900/1999 best 13.132
  step 1950/1999 best 13.146
saved SBC_CHAINS_cnn_vmim__n1_jitter_seed_s4_sim3064_row2659794_noise8286_8465_8644 (240000, 4) acc=0.274
  step 0/1999 best -17.162
  step 50/1999 best 1.888
  step 100/1999 best 7.977
  step 150/1999 best 8.720
  step 200/1999 best 11.495
  step 250/1999 best 11.845
  step 300/1999 best 12.812
  step 350/1999 best 13.118
  step 400/1999 best 13.238
  step 450/1999 best 13.214
  step 500/1999 best 13.168
  step 550/1999 best 13.146
  step 600/1999 best 12.987
  step 650/1999 best 13.269
  step 700/1999 best 13.128
  step 750/1999 best 13.003
  step 800/1999 best 13.160
  step 850/1999 best 13.227
  step 900/1999 best 13.138
  step 950/1999 best 13.200
  step 1000/1999 best 13.168
  step 1050/1999 best 13.244
  step 1100/1999 best 13.211
  step 1150/1999 best 13.188
  step 1200/1999 best 13.188
  step 1250/1999 best 13.228
  step 1300/1999 best 13.086
  step 1350/1999 best 13.151
  step 1400/1999 best 13.187
  step 1450/1999 best 13.268
  step 1500/1999 best 13.096
  step 1550/1999 best 13.060
  step 1600/1999 best 13.225
  step 1650/1999 best 13.229
  step 1700/1999 best 13.122
  step 1750/1999 best 13.244
  step 1800/1999 best 13.234
  step 1850/1999 best 13.051
  step 1900/1999 best 13.107
  step 1950/1999 best 13.239
saved SBC_CHAINS_cnn_vmim__n1_jitter_seed_s4_sim2925_row2520641_noise6725_6904_7083 (240000, 4) acc=0.353
  step 0/1999 best -20.366
  step 50/1999 best -1.326
  step 100/1999 best 10.220
  step 150/1999 best 10.930
  step 200/1999 best 14.125
  step 250/1999 best 14.019
  step 300/1999 best 14.226
  step 350/1999 best 14.159
  step 400/1999 best 14.128
  step 450/1999 best 14.421
  step 500/1999 best 14.062
  step 550/1999 best 14.188
  step 600/1999 best 14.233
  step 650/1999 best 14.518
  step 700/1999 best 14.520
  step 750/1999 best 14.529
  step 800/1999 best 14.480
  step 850/1999 best 14.206
  step 900/1999 best 14.426
  step 950/1999 best 14.520
  step 1000/1999 best 14.367
  step 1050/1999 best 14.483
  step 1100/1999 best 14.488
  step 1150/1999 best 14.359
  step 1200/1999 best 14.494
  step 1250/1999 best 14.456
  step 1300/1999 best 14.317
  step 1350/1999 best 14.436
  step 1400/1999 best 14.119
  step 1450/1999 best 14.526
  step 1500/1999 best 14.502
  step 1550/1999 best 14.381
  step 1600/1999 best 14.413
  step 1650/1999 best 14.332
  step 1700/1999 best 14.540
  step 1750/1999 best 14.476
  step 1800/1999 best 14.411
  step 1850/1999 best 14.508
  step 1900/1999 best 14.436
  step 1950/1999 best 14.539
saved SBC_CHAINS_cnn_vmim__n1_jitter_seed_s4_sim733_row682525_noise6253_6432_6611 (240000, 4) acc=0.233
  step 0/1999 best -13.593
  step 50/1999 best 1.155
  step 100/1999 best 8.160
  step 150/1999 best 14.189
  step 200/1999 best 14.084
  step 250/1999 best 14.003
  step 300/1999 best 14.044
  step 350/1999 best 14.079
  step 400/1999 best 14.250
  step 450/1999 best 14.198
  step 500/1999 best 14.346
  step 550/1999 best 14.298
  step 600/1999 best 14.275
  step 650/1999 best 14.228
  step 700/1999 best 14.220
  step 750/1999 best 14.309
  step 800/1999 best 14.381
  step 850/1999 best 14.262
  step 900/1999 best 14.132
  step 950/1999 best 14.144
  step 1000/1999 best 14.354
  step 1050/1999 best 14.315
  step 1100/1999 best 14.168
  step 1150/1999 best 14.345
  step 1200/1999 best 14.273
  step 1250/1999 best 14.214
  step 1300/1999 best 14.232
  step 1350/1999 best 14.351
  step 1400/1999 best 14.266
  step 1450/1999 best 14.326
  step 1500/1999 best 14.264
  step 1550/1999 best 14.150
  step 1600/1999 best 14.307
  step 1650/1999 best 14.391
  step 1700/1999 best 14.321
  step 1750/1999 best 14.289
  step 1800/1999 best 14.341
  step 1850/1999 best 14.312
  step 1900/1999 best 14.289
  step 1950/1999 best 14.290
saved SBC_CHAINS_cnn_vmim__n1_jitter_seed_s4_sim844_row793768_noise9388_9567_9746 (240000, 4) acc=0.394
  step 0/1999 best -15.951
  step 50/1999 best 1.059
  step 100/1999 best 7.854
  step 150/1999 best 12.388
  step 200/1999 best 11.773
  step 250/1999 best 11.466
  step 300/1999 best 11.615
  step 350/1999 best 10.487
  step 400/1999 best 12.754
  step 450/1999 best 13.103
  step 500/1999 best 13.482
  step 550/1999 best 13.668
  step 600/1999 best 13.558
  step 650/1999 best 13.648
  step 700/1999 best 13.775
  step 750/1999 best 13.432
  step 800/1999 best 13.770
  step 850/1999 best 13.732
  step 900/1999 best 13.539
  step 950/1999 best 13.558
  step 1000/1999 best 13.370
  step 1050/1999 best 13.778
  step 1100/1999 best 13.609
  step 1150/1999 best 13.652
  step 1200/1999 best 13.642
  step 1250/1999 best 13.736
  step 1300/1999 best 13.714
  step 1350/1999 best 13.529
  step 1400/1999 best 13.683
  step 1450/1999 best 13.698
  step 1500/1999 best 13.741
  step 1550/1999 best 13.775
  step 1600/1999 best 13.746
  step 1650/1999 best 13.868
  step 1700/1999 best 13.686
  step 1750/1999 best 13.813
  step 1800/1999 best 13.743
  step 1850/1999 best 13.566
  step 1900/1999 best 13.668
  step 1950/1999 best 13.696
saved SBC_CHAINS_cnn_vmim__n1_jitter_seed_s4_sim655_row608501_noise6853_7032_7211 (240000, 4) acc=0.220
  step 0/1999 best -22.014
  step 50/1999 best -2.232
  step 100/1999 best 1.031
  step 150/1999 best 9.849
  step 200/1999 best 9.605
  step 250/1999 best 11.100
  step 300/1999 best 11.391
  step 350/1999 best 11.881
  step 400/1999 best 11.769
  step 450/1999 best 11.938
  step 500/1999 best 12.080
  step 550/1999 best 11.989
  step 600/1999 best 11.971
  step 650/1999 best 11.968
  step 700/1999 best 12.004
  step 750/1999 best 11.892
  step 800/1999 best 12.051
  step 850/1999 best 11.827
  step 900/1999 best 12.044
  step 950/1999 best 11.687
  step 1000/1999 best 11.927
  step 1050/1999 best 11.761
  step 1100/1999 best 12.076
  step 1150/1999 best 11.703
  step 1200/1999 best 11.956
  step 1250/1999 best 11.729
  step 1300/1999 best 11.953
  step 1350/1999 best 12.068
  step 1400/1999 best 11.754
  step 1450/1999 best 12.001
  step 1500/1999 best 11.940
  step 1550/1999 best 12.095
  step 1600/1999 best 11.881
  step 1650/1999 best 12.070
  step 1700/1999 best 12.109
  step 1750/1999 best 11.955
  step 1800/1999 best 11.974
  step 1850/1999 best 12.126
  step 1900/1999 best 12.124
  step 1950/1999 best 11.782
saved SBC_CHAINS_cnn_vmim__n1_jitter_seed_s4_sim1771_row1523190_noise2150_2329_2508 (240000, 4) acc=0.171
