[stage3] arm=cnn_vmim_/n1/seed_s2  nle=/gscratch/ddehiwalage-don/sbi_master/cnn_vmim_/n1/seed_s2/nle
[NLE] scope=standard_t family=nsf loaded from /gscratch/ddehiwalage-don/sbi_master/cnn_vmim_/n1/seed_s2/nle/standard_t/nsf
targets this task: 152 | family=standard_t_nsf | chains -> /gscratch/ddehiwalage-don/sbi_master/cnn_vmim_/n1/seed_s2/chains/standard_t_nsf
  step 0/1999 best -17.032
  step 50/1999 best 4.472
  step 100/1999 best 4.472
  step 150/1999 best 6.976
  step 200/1999 best 13.015
  step 250/1999 best 13.397
  step 300/1999 best 14.330
  step 350/1999 best 14.837
  step 400/1999 best 15.177
  step 450/1999 best 15.167
  step 500/1999 best 14.979
  step 550/1999 best 15.347
  step 600/1999 best 15.397
  step 650/1999 best 15.169
  step 700/1999 best 15.184
  step 750/1999 best 15.270
  step 800/1999 best 15.323
  step 850/1999 best 15.257
  step 900/1999 best 15.409
  step 950/1999 best 15.300
  step 1000/1999 best 15.433
  step 1050/1999 best 15.489
  step 1100/1999 best 15.342
  step 1150/1999 best 15.476
  step 1200/1999 best 15.096
  step 1250/1999 best 15.117
  step 1300/1999 best 15.463
  step 1350/1999 best 15.433
  step 1400/1999 best 15.374
  step 1450/1999 best 15.385
  step 1500/1999 best 15.443
  step 1550/1999 best 15.472
  step 1600/1999 best 15.412
  step 1650/1999 best 15.312
  step 1700/1999 best 15.336
  step 1750/1999 best 15.433
  step 1800/1999 best 15.490
  step 1850/1999 best 15.388
  step 1900/1999 best 15.470
  step 1950/1999 best 15.329
saved SBC_CHAINS_cnn_vmim__n1_seed_s2_sim922_row871559_noise8555_8734_8913 (240000, 4) acc=0.285
  step 0/1999 best -23.710
  step 50/1999 best 2.290
  step 100/1999 best 10.954
  step 150/1999 best 12.065
  step 200/1999 best 12.899
  step 250/1999 best 12.687
  step 300/1999 best 12.580
  step 350/1999 best 12.710
  step 400/1999 best 12.820
  step 450/1999 best 12.778
  step 500/1999 best 12.807
  step 550/1999 best 12.932
  step 600/1999 best 12.770
  step 650/1999 best 12.888
  step 700/1999 best 12.893
  step 750/1999 best 12.892
  step 800/1999 best 12.843
  step 850/1999 best 12.952
  step 900/1999 best 12.930
  step 950/1999 best 12.830
  step 1000/1999 best 12.855
  step 1050/1999 best 12.878
  step 1100/1999 best 12.837
  step 1150/1999 best 12.880
  step 1200/1999 best 12.868
  step 1250/1999 best 12.801
  step 1300/1999 best 12.735
  step 1350/1999 best 12.715
  step 1400/1999 best 12.710
  step 1450/1999 best 12.870
  step 1500/1999 best 12.868
  step 1550/1999 best 12.927
  step 1600/1999 best 12.858
  step 1650/1999 best 12.874
  step 1700/1999 best 12.678
  step 1750/1999 best 12.796
  step 1800/1999 best 12.799
  step 1850/1999 best 12.958
  step 1900/1999 best 12.897
  step 1950/1999 best 12.780
saved SBC_CHAINS_cnn_vmim__n1_seed_s2_sim1303_row1112754_noise6458_6637_6816 (240000, 4) acc=0.247
  step 0/1999 best -18.372
  step 50/1999 best -5.944
  step 100/1999 best -0.477
  step 150/1999 best 6.048
  step 200/1999 best 12.539
  step 250/1999 best 12.868
  step 300/1999 best 13.384
  step 350/1999 best 14.646
  step 400/1999 best 15.097
  step 450/1999 best 15.336
  step 500/1999 best 15.306
  step 550/1999 best 15.177
  step 600/1999 best 15.241
  step 650/1999 best 15.270
  step 700/1999 best 15.304
  step 750/1999 best 15.350
  step 800/1999 best 15.247
  step 850/1999 best 15.332
  step 900/1999 best 15.200
  step 950/1999 best 15.254
  step 1000/1999 best 15.074
  step 1050/1999 best 15.039
  step 1100/1999 best 15.236
  step 1150/1999 best 15.310
  step 1200/1999 best 15.250
  step 1250/1999 best 15.131
  step 1300/1999 best 15.330
  step 1350/1999 best 15.288
  step 1400/1999 best 15.358
  step 1450/1999 best 15.323
  step 1500/1999 best 15.135
  step 1550/1999 best 15.276
  step 1600/1999 best 15.000
  step 1650/1999 best 15.273
  step 1700/1999 best 15.073
  step 1750/1999 best 15.166
  step 1800/1999 best 15.108
  step 1850/1999 best 15.303
  step 1900/1999 best 15.040
  step 1950/1999 best 15.234
saved SBC_CHAINS_cnn_vmim__n1_seed_s2_sim2361_row1960744_noise3024_3203_3382 (240000, 4) acc=0.168
  step 0/1999 best -28.567
  step 50/1999 best -5.342
  step 100/1999 best -0.384
  step 150/1999 best 8.069
  step 200/1999 best 9.473
  step 250/1999 best 12.551
  step 300/1999 best 13.480
  step 350/1999 best 13.671
  step 400/1999 best 13.124
  step 450/1999 best 13.873
  step 500/1999 best 13.691
  step 550/1999 best 13.912
  step 600/1999 best 13.838
  step 650/1999 best 13.808
  step 700/1999 best 13.808
  step 750/1999 best 13.754
  step 800/1999 best 13.569
  step 850/1999 best 13.854
  step 900/1999 best 13.598
  step 950/1999 best 13.818
  step 1000/1999 best 13.819
  step 1050/1999 best 13.841
  step 1100/1999 best 13.897
  step 1150/1999 best 13.756
  step 1200/1999 best 13.905
  step 1250/1999 best 13.595
  step 1300/1999 best 13.797
  step 1350/1999 best 13.851
  step 1400/1999 best 13.898
  step 1450/1999 best 13.810
  step 1500/1999 best 13.776
  step 1550/1999 best 13.819
  step 1600/1999 best 13.767
  step 1650/1999 best 13.753
  step 1700/1999 best 13.667
  step 1750/1999 best 13.742
  step 1800/1999 best 13.861
  step 1850/1999 best 13.914
  step 1900/1999 best 13.743
  step 1950/1999 best 13.771
saved SBC_CHAINS_cnn_vmim__n1_seed_s2_sim2482_row2081887_noise6231_6410_6589 (240000, 4) acc=0.162
  step 0/1999 best -16.255
  step 50/1999 best 12.188
  step 100/1999 best 14.659
  step 150/1999 best 14.946
  step 200/1999 best 15.423
  step 250/1999 best 15.567
  step 300/1999 best 15.645
  step 350/1999 best 15.694
  step 400/1999 best 15.599
  step 450/1999 best 15.517
  step 500/1999 best 15.618
  step 550/1999 best 15.450
  step 600/1999 best 15.654
  step 650/1999 best 15.679
  step 700/1999 best 15.611
  step 750/1999 best 15.503
  step 800/1999 best 15.699
  step 850/1999 best 15.409
  step 900/1999 best 15.668
  step 950/1999 best 15.705
  step 1000/1999 best 15.641
  step 1050/1999 best 15.276
  step 1100/1999 best 15.687
  step 1150/1999 best 15.493
  step 1200/1999 best 15.718
  step 1250/1999 best 15.617
  step 1300/1999 best 15.690
  step 1350/1999 best 15.671
  step 1400/1999 best 15.553
  step 1450/1999 best 15.704
  step 1500/1999 best 15.662
  step 1550/1999 best 15.684
  step 1600/1999 best 15.678
  step 1650/1999 best 15.676
  step 1700/1999 best 15.575
  step 1750/1999 best 15.742
  step 1800/1999 best 15.530
  step 1850/1999 best 15.749
  step 1900/1999 best 15.683
  step 1950/1999 best 15.610
saved SBC_CHAINS_cnn_vmim__n1_seed_s2_sim1519_row1296600_noise6088_6267_6446 (240000, 4) acc=0.260
  step 0/1999 best -21.978
  step 50/1999 best -3.446
  step 100/1999 best -0.861
  step 150/1999 best 11.329
  step 200/1999 best 12.209
  step 250/1999 best 11.308
  step 300/1999 best 13.842
  step 350/1999 best 14.199
  step 400/1999 best 14.868
  step 450/1999 best 14.242
  step 500/1999 best 14.986
  step 550/1999 best 14.977
  step 600/1999 best 14.563
  step 650/1999 best 14.716
  step 700/1999 best 14.742
  step 750/1999 best 14.745
  step 800/1999 best 14.898
  step 850/1999 best 14.815
  step 900/1999 best 14.794
  step 950/1999 best 14.944
  step 1000/1999 best 14.952
  step 1050/1999 best 14.752
  step 1100/1999 best 14.955
  step 1150/1999 best 14.777
  step 1200/1999 best 14.925
  step 1250/1999 best 14.936
  step 1300/1999 best 15.002
  step 1350/1999 best 14.910
  step 1400/1999 best 14.884
  step 1450/1999 best 14.779
  step 1500/1999 best 14.885
  step 1550/1999 best 14.921
  step 1600/1999 best 14.911
  step 1650/1999 best 14.975
  step 1700/1999 best 14.990
  step 1750/1999 best 14.930
  step 1800/1999 best 15.017
  step 1850/1999 best 14.920
  step 1900/1999 best 14.847
  step 1950/1999 best 14.973
saved SBC_CHAINS_cnn_vmim__n1_seed_s2_sim2835_row2430108_noise4644_4823_5002 (240000, 4) acc=0.245
  step 0/1999 best -19.424
  step 50/1999 best 8.148
  step 100/1999 best 7.406
  step 150/1999 best 10.687
  step 200/1999 best 13.200
  step 250/1999 best 13.052
  step 300/1999 best 13.310
  step 350/1999 best 13.947
  step 400/1999 best 13.125
  step 450/1999 best 14.076
  step 500/1999 best 13.898
  step 550/1999 best 13.933
  step 600/1999 best 14.024
  step 650/1999 best 14.129
  step 700/1999 best 13.744
  step 750/1999 best 14.094
  step 800/1999 best 13.831
  step 850/1999 best 13.904
  step 900/1999 best 14.018
  step 950/1999 best 13.928
  step 1000/1999 best 13.912
  step 1050/1999 best 14.071
  step 1100/1999 best 13.929
  step 1150/1999 best 14.060
  step 1200/1999 best 13.839
  step 1250/1999 best 14.054
  step 1300/1999 best 14.071
  step 1350/1999 best 13.924
  step 1400/1999 best 14.072
  step 1450/1999 best 14.066
  step 1500/1999 best 13.910
  step 1550/1999 best 13.888
  step 1600/1999 best 13.863
  step 1650/1999 best 14.055
  step 1700/1999 best 14.006
  step 1750/1999 best 14.114
  step 1800/1999 best 13.975
  step 1850/1999 best 13.965
  step 1900/1999 best 14.026
  step 1950/1999 best 13.936
saved SBC_CHAINS_cnn_vmim__n1_seed_s2_sim2554_row2153628_noise9176_9355_9534 (240000, 4) acc=0.157
  step 0/1999 best -21.954
  step 50/1999 best 1.564
  step 100/1999 best 5.900
  step 150/1999 best 7.855
  step 200/1999 best 10.800
  step 250/1999 best 11.118
  step 300/1999 best 11.539
  step 350/1999 best 11.641
  step 400/1999 best 11.592
  step 450/1999 best 11.485
  step 500/1999 best 11.679
  step 550/1999 best 10.869
  step 600/1999 best 11.390
  step 650/1999 best 11.649
  step 700/1999 best 11.631
  step 750/1999 best 11.681
  step 800/1999 best 11.752
  step 850/1999 best 11.464
  step 900/1999 best 11.627
  step 950/1999 best 11.787
  step 1000/1999 best 11.728
  step 1050/1999 best 11.447
  step 1100/1999 best 11.538
  step 1150/1999 best 11.377
  step 1200/1999 best 11.610
  step 1250/1999 best 11.563
  step 1300/1999 best 11.616
  step 1350/1999 best 11.432
  step 1400/1999 best 11.532
  step 1450/1999 best 11.730
  step 1500/1999 best 11.655
  step 1550/1999 best 11.720
  step 1600/1999 best 11.456
  step 1650/1999 best 11.740
  step 1700/1999 best 11.279
  step 1750/1999 best 11.430
  step 1800/1999 best 11.649
  step 1850/1999 best 11.618
  step 1900/1999 best 11.650
  step 1950/1999 best 11.755
saved SBC_CHAINS_cnn_vmim__n1_seed_s2_sim2865_row2460586_noise5638_5817_5996 (240000, 4) acc=0.126
  step 0/1999 best -31.663
  step 50/1999 best 5.712
  step 100/1999 best 12.827
  step 150/1999 best 13.654
  step 200/1999 best 14.141
  step 250/1999 best 14.771
  step 300/1999 best 14.939
  step 350/1999 best 14.807
  step 400/1999 best 14.766
  step 450/1999 best 14.943
  step 500/1999 best 14.943
  step 550/1999 best 14.680
  step 600/1999 best 14.886
  step 650/1999 best 14.735
  step 700/1999 best 14.768
  step 750/1999 best 14.690
  step 800/1999 best 14.780
  step 850/1999 best 14.814
  step 900/1999 best 14.997
  step 950/1999 best 14.911
  step 1000/1999 best 14.681
  step 1050/1999 best 14.830
  step 1100/1999 best 15.001
  step 1150/1999 best 14.894
  step 1200/1999 best 14.918
  step 1250/1999 best 15.002
  step 1300/1999 best 14.951
  step 1350/1999 best 14.836
  step 1400/1999 best 14.789
  step 1450/1999 best 14.855
  step 1500/1999 best 14.856
  step 1550/1999 best 14.917
  step 1600/1999 best 15.005
  step 1650/1999 best 14.833
  step 1700/1999 best 14.874
  step 1750/1999 best 14.912
  step 1800/1999 best 14.861
  step 1850/1999 best 14.793
  step 1900/1999 best 14.906
  step 1950/1999 best 14.973
saved SBC_CHAINS_cnn_vmim__n1_seed_s2_sim433_row411688_noise1256_1435_1614 (240000, 4) acc=0.277
  step 0/1999 best -4.295
  step 50/1999 best 10.841
  step 100/1999 best 11.103
  step 150/1999 best 15.627
  step 200/1999 best 17.415
  step 250/1999 best 17.552
  step 300/1999 best 17.258
  step 350/1999 best 17.770
  step 400/1999 best 17.716
  step 450/1999 best 17.659
  step 500/1999 best 17.700
  step 550/1999 best 17.873
  step 600/1999 best 17.801
  step 650/1999 best 17.820
  step 700/1999 best 17.787
  step 750/1999 best 17.749
  step 800/1999 best 17.809
  step 850/1999 best 17.667
  step 900/1999 best 17.786
  step 950/1999 best 17.732
  step 1000/1999 best 17.779
  step 1050/1999 best 17.680
  step 1100/1999 best 17.821
  step 1150/1999 best 17.741
  step 1200/1999 best 17.827
  step 1250/1999 best 17.691
  step 1300/1999 best 17.620
  step 1350/1999 best 17.881
  step 1400/1999 best 17.808
  step 1450/1999 best 17.674
  step 1500/1999 best 17.794
  step 1550/1999 best 17.809
  step 1600/1999 best 17.743
  step 1650/1999 best 17.721
  step 1700/1999 best 17.814
  step 1750/1999 best 17.795
  step 1800/1999 best 17.558
  step 1850/1999 best 17.854
  step 1900/1999 best 17.710
  step 1950/1999 best 17.752
saved SBC_CHAINS_cnn_vmim__n1_seed_s2_sim279_row265758_noise4574_4753_4932 (240000, 4) acc=0.275
  step 0/1999 best -11.798
  step 50/1999 best 1.568
  step 100/1999 best 3.526
  step 150/1999 best 3.865
  step 200/1999 best 11.178
  step 250/1999 best 12.756
  step 300/1999 best 12.759
  step 350/1999 best 12.654
  step 400/1999 best 12.654
  step 450/1999 best 13.068
  step 500/1999 best 12.715
  step 550/1999 best 13.345
  step 600/1999 best 14.632
  step 650/1999 best 14.947
  step 700/1999 best 15.140
  step 750/1999 best 14.961
  step 800/1999 best 14.830
  step 850/1999 best 14.620
  step 900/1999 best 15.201
  step 950/1999 best 14.966
  step 1000/1999 best 15.061
  step 1050/1999 best 15.231
  step 1100/1999 best 15.053
  step 1150/1999 best 14.972
  step 1200/1999 best 14.864
  step 1250/1999 best 14.986
  step 1300/1999 best 15.101
  step 1350/1999 best 15.025
  step 1400/1999 best 15.085
  step 1450/1999 best 14.810
  step 1500/1999 best 15.122
  step 1550/1999 best 15.154
  step 1600/1999 best 15.199
  step 1650/1999 best 15.125
  step 1700/1999 best 15.077
  step 1750/1999 best 15.065
  step 1800/1999 best 15.215
  step 1850/1999 best 15.178
  step 1900/1999 best 15.058
  step 1950/1999 best 15.225
saved SBC_CHAINS_cnn_vmim__n1_seed_s2_sim2360_row1959708_noise1988_2167_2346 (240000, 4) acc=0.193
  step 0/1999 best -22.061
  step 50/1999 best 1.768
  step 100/1999 best 8.999
  step 150/1999 best 15.135
  step 200/1999 best 15.040
  step 250/1999 best 16.533
  step 300/1999 best 16.805
  step 350/1999 best 16.125
  step 400/1999 best 16.784
  step 450/1999 best 16.680
  step 500/1999 best 16.608
  step 550/1999 best 16.518
  step 600/1999 best 16.709
  step 650/1999 best 16.560
  step 700/1999 best 16.745
  step 750/1999 best 16.653
  step 800/1999 best 16.641
  step 850/1999 best 16.749
  step 900/1999 best 16.707
  step 950/1999 best 16.636
  step 1000/1999 best 16.746
  step 1050/1999 best 16.583
  step 1100/1999 best 16.668
  step 1150/1999 best 16.824
  step 1200/1999 best 16.709
  step 1250/1999 best 16.674
  step 1300/1999 best 16.769
  step 1350/1999 best 16.789
  step 1400/1999 best 16.606
  step 1450/1999 best 16.683
  step 1500/1999 best 16.710
  step 1550/1999 best 16.753
  step 1600/1999 best 16.754
  step 1650/1999 best 16.636
  step 1700/1999 best 16.720
  step 1750/1999 best 16.732
  step 1800/1999 best 16.373
  step 1850/1999 best 16.547
  step 1900/1999 best 16.677
  step 1950/1999 best 16.641
saved SBC_CHAINS_cnn_vmim__n1_seed_s2_sim429_row407105_noise6501_6680_6859 (240000, 4) acc=0.251
  step 0/1999 best -26.690
  step 50/1999 best 4.141
  step 100/1999 best 7.999
  step 150/1999 best 13.983
  step 200/1999 best 15.600
  step 250/1999 best 15.497
  step 300/1999 best 16.530
  step 350/1999 best 16.549
  step 400/1999 best 16.562
  step 450/1999 best 16.469
  step 500/1999 best 16.569
  step 550/1999 best 16.471
  step 600/1999 best 16.539
  step 650/1999 best 16.622
  step 700/1999 best 16.498
  step 750/1999 best 16.373
  step 800/1999 best 16.609
  step 850/1999 best 16.583
  step 900/1999 best 16.547
  step 950/1999 best 16.658
  step 1000/1999 best 16.647
  step 1050/1999 best 16.475
  step 1100/1999 best 16.526
  step 1150/1999 best 16.623
  step 1200/1999 best 16.483
  step 1250/1999 best 16.477
  step 1300/1999 best 16.616
  step 1350/1999 best 16.549
  step 1400/1999 best 16.639
  step 1450/1999 best 16.531
  step 1500/1999 best 16.684
  step 1550/1999 best 16.665
  step 1600/1999 best 16.599
  step 1650/1999 best 16.586
  step 1700/1999 best 16.571
  step 1750/1999 best 16.568
  step 1800/1999 best 16.604
  step 1850/1999 best 16.688
  step 1900/1999 best 16.601
  step 1950/1999 best 16.590
saved SBC_CHAINS_cnn_vmim__n1_seed_s2_sim1429_row1211182_noise4122_4301_4480 (240000, 4) acc=0.292
  step 0/1999 best -21.349
  step 50/1999 best -5.534
  step 100/1999 best -0.097
  step 150/1999 best 7.250
  step 200/1999 best 6.385
  step 250/1999 best 9.914
  step 300/1999 best 12.619
  step 350/1999 best 13.346
  step 400/1999 best 14.133
  step 450/1999 best 14.822
  step 500/1999 best 14.742
  step 550/1999 best 14.555
  step 600/1999 best 14.497
  step 650/1999 best 14.678
  step 700/1999 best 14.573
  step 750/1999 best 14.811
  step 800/1999 best 14.731
  step 850/1999 best 14.447
  step 900/1999 best 14.689
  step 950/1999 best 14.804
  step 1000/1999 best 14.773
  step 1050/1999 best 14.882
  step 1100/1999 best 14.558
  step 1150/1999 best 14.848
  step 1200/1999 best 14.740
  step 1250/1999 best 14.585
  step 1300/1999 best 14.772
  step 1350/1999 best 14.814
  step 1400/1999 best 14.698
  step 1450/1999 best 14.690
  step 1500/1999 best 14.714
  step 1550/1999 best 14.746
  step 1600/1999 best 14.805
  step 1650/1999 best 14.771
  step 1700/1999 best 14.732
  step 1750/1999 best 14.738
  step 1800/1999 best 14.740
  step 1850/1999 best 14.653
  step 1900/1999 best 14.717
  step 1950/1999 best 14.871
saved SBC_CHAINS_cnn_vmim__n1_seed_s2_sim453_row431530_noise1442_1621_1800 (240000, 4) acc=0.213
  step 0/1999 best -25.289
  step 50/1999 best -2.660
  step 100/1999 best 4.435
  step 150/1999 best 5.311
  step 200/1999 best 9.058
  step 250/1999 best 10.665
  step 300/1999 best 13.095
  step 350/1999 best 12.928
  step 400/1999 best 13.079
  step 450/1999 best 13.008
  step 500/1999 best 12.917
  step 550/1999 best 13.154
  step 600/1999 best 13.230
  step 650/1999 best 13.319
  step 700/1999 best 13.099
  step 750/1999 best 13.196
  step 800/1999 best 13.328
  step 850/1999 best 13.152
  step 900/1999 best 13.279
  step 950/1999 best 13.122
  step 1000/1999 best 13.176
  step 1050/1999 best 13.251
  step 1100/1999 best 13.322
  step 1150/1999 best 13.176
  step 1200/1999 best 13.096
  step 1250/1999 best 13.077
  step 1300/1999 best 13.312
  step 1350/1999 best 13.048
  step 1400/1999 best 13.222
  step 1450/1999 best 13.217
  step 1500/1999 best 13.287
  step 1550/1999 best 13.131
  step 1600/1999 best 13.184
  step 1650/1999 best 13.217
  step 1700/1999 best 13.203
  step 1750/1999 best 13.192
  step 1800/1999 best 13.059
  step 1850/1999 best 13.163
  step 1900/1999 best 13.168
  step 1950/1999 best 13.268
saved SBC_CHAINS_cnn_vmim__n1_seed_s2_sim2632_row2231998_noise8922_9101_9280 (240000, 4) acc=0.170
  step 0/1999 best -19.861
  step 50/1999 best 0.160
  step 100/1999 best 6.951
  step 150/1999 best 9.918
  step 200/1999 best 12.402
  step 250/1999 best 12.761
  step 300/1999 best 12.923
  step 350/1999 best 12.993
  step 400/1999 best 12.965
  step 450/1999 best 12.821
  step 500/1999 best 12.961
  step 550/1999 best 12.908
  step 600/1999 best 12.869
  step 650/1999 best 12.937
  step 700/1999 best 12.938
  step 750/1999 best 13.015
  step 800/1999 best 12.894
  step 850/1999 best 13.000
  step 900/1999 best 12.813
  step 950/1999 best 12.705
  step 1000/1999 best 12.843
  step 1050/1999 best 12.955
  step 1100/1999 best 12.944
  step 1150/1999 best 12.856
  step 1200/1999 best 12.946
  step 1250/1999 best 13.040
  step 1300/1999 best 12.662
  step 1350/1999 best 12.933
  step 1400/1999 best 12.872
  step 1450/1999 best 12.922
  step 1500/1999 best 12.925
  step 1550/1999 best 12.940
  step 1600/1999 best 13.020
  step 1650/1999 best 12.976
  step 1700/1999 best 12.950
  step 1750/1999 best 12.990
  step 1800/1999 best 12.928
  step 1850/1999 best 12.974
  step 1900/1999 best 12.970
  step 1950/1999 best 12.954
saved SBC_CHAINS_cnn_vmim__n1_seed_s2_sim913_row862879_noise9703_54_233 (240000, 4) acc=0.253
  step 0/1999 best -14.753
  step 50/1999 best 8.667
  step 100/1999 best 13.831
  step 150/1999 best 14.985
  step 200/1999 best 14.851
  step 250/1999 best 14.933
  step 300/1999 best 14.889
  step 350/1999 best 14.810
  step 400/1999 best 14.938
  step 450/1999 best 15.071
  step 500/1999 best 15.077
  step 550/1999 best 15.023
  step 600/1999 best 15.104
  step 650/1999 best 15.073
  step 700/1999 best 15.010
  step 750/1999 best 14.846
  step 800/1999 best 15.037
  step 850/1999 best 15.035
  step 900/1999 best 14.890
  step 950/1999 best 15.037
  step 1000/1999 best 14.929
  step 1050/1999 best 14.982
  step 1100/1999 best 15.072
  step 1150/1999 best 15.065
  step 1200/1999 best 15.097
  step 1250/1999 best 14.907
  step 1300/1999 best 15.157
  step 1350/1999 best 14.961
  step 1400/1999 best 14.991
  step 1450/1999 best 15.010
  step 1500/1999 best 14.963
  step 1550/1999 best 15.074
  step 1600/1999 best 15.115
  step 1650/1999 best 14.994
  step 1700/1999 best 15.001
  step 1750/1999 best 14.905
  step 1800/1999 best 15.052
  step 1850/1999 best 15.172
  step 1900/1999 best 15.015
  step 1950/1999 best 15.158
saved SBC_CHAINS_cnn_vmim__n1_seed_s2_sim1545_row1322656_noise2660_2839_3018 (240000, 4) acc=0.274
  step 0/1999 best 0.992
  step 50/1999 best 9.180
  step 100/1999 best 9.180
  step 150/1999 best 9.963
  step 200/1999 best 13.498
  step 250/1999 best 13.679
  step 300/1999 best 13.667
  step 350/1999 best 13.640
  step 400/1999 best 14.148
  step 450/1999 best 14.006
  step 500/1999 best 14.041
  step 550/1999 best 13.844
  step 600/1999 best 14.087
  step 650/1999 best 13.836
  step 700/1999 best 14.004
  step 750/1999 best 14.138
  step 800/1999 best 14.180
  step 850/1999 best 14.057
  step 900/1999 best 13.967
  step 950/1999 best 13.948
  step 1000/1999 best 14.059
  step 1050/1999 best 13.979
  step 1100/1999 best 14.139
  step 1150/1999 best 14.096
  step 1200/1999 best 13.941
  step 1250/1999 best 14.051
  step 1300/1999 best 14.083
  step 1350/1999 best 14.094
  step 1400/1999 best 14.124
  step 1450/1999 best 13.866
  step 1500/1999 best 14.101
  step 1550/1999 best 13.998
  step 1600/1999 best 14.102
  step 1650/1999 best 14.109
  step 1700/1999 best 14.053
  step 1750/1999 best 14.135
  step 1800/1999 best 14.048
  step 1850/1999 best 13.980
  step 1900/1999 best 14.110
  step 1950/1999 best 14.041
saved SBC_CHAINS_cnn_vmim__n1_seed_s2_sim765_row714631_noise8875_9054_9233 (240000, 4) acc=0.207
  step 0/1999 best -26.920
  step 50/1999 best 1.499
  step 100/1999 best 11.850
  step 150/1999 best 13.773
  step 200/1999 best 15.289
  step 250/1999 best 15.396
  step 300/1999 best 15.442
  step 350/1999 best 15.324
  step 400/1999 best 15.373
  step 450/1999 best 15.313
  step 500/1999 best 15.419
  step 550/1999 best 15.439
  step 600/1999 best 15.232
  step 650/1999 best 15.409
  step 700/1999 best 15.358
  step 750/1999 best 15.424
  step 800/1999 best 15.110
  step 850/1999 best 15.294
  step 900/1999 best 15.475
  step 950/1999 best 15.480
  step 1000/1999 best 15.381
  step 1050/1999 best 15.354
  step 1100/1999 best 15.371
  step 1150/1999 best 15.290
  step 1200/1999 best 15.373
  step 1250/1999 best 15.425
  step 1300/1999 best 15.477
  step 1350/1999 best 15.039
  step 1400/1999 best 15.388
  step 1450/1999 best 15.274
  step 1500/1999 best 15.491
  step 1550/1999 best 15.361
  step 1600/1999 best 15.453
  step 1650/1999 best 15.427
  step 1700/1999 best 15.358
  step 1750/1999 best 15.327
  step 1800/1999 best 15.199
  step 1850/1999 best 15.379
  step 1900/1999 best 15.443
  step 1950/1999 best 15.496
saved SBC_CHAINS_cnn_vmim__n1_seed_s2_sim872_row821051_noise7187_7366_7545 (240000, 4) acc=0.303
  step 0/1999 best -15.883
  step 50/1999 best 12.680
  step 100/1999 best 15.387
  step 150/1999 best 15.663
  step 200/1999 best 16.214
  step 250/1999 best 16.131
  step 300/1999 best 16.149
  step 350/1999 best 16.440
  step 400/1999 best 16.452
  step 450/1999 best 16.265
  step 500/1999 best 16.320
  step 550/1999 best 16.332
  step 600/1999 best 16.311
  step 650/1999 best 16.352
  step 700/1999 best 16.442
  step 750/1999 best 16.413
  step 800/1999 best 16.191
  step 850/1999 best 16.418
  step 900/1999 best 16.326
  step 950/1999 best 16.310
  step 1000/1999 best 16.420
  step 1050/1999 best 16.404
  step 1100/1999 best 16.398
  step 1150/1999 best 16.420
  step 1200/1999 best 16.370
  step 1250/1999 best 16.484
  step 1300/1999 best 16.351
  step 1350/1999 best 16.267
  step 1400/1999 best 16.325
  step 1450/1999 best 16.375
  step 1500/1999 best 16.484
  step 1550/1999 best 16.183
  step 1600/1999 best 16.424
  step 1650/1999 best 16.357
  step 1700/1999 best 16.428
  step 1750/1999 best 16.273
  step 1800/1999 best 16.403
  step 1850/1999 best 16.354
  step 1900/1999 best 16.387
  step 1950/1999 best 16.296
saved SBC_CHAINS_cnn_vmim__n1_seed_s2_sim734_row683953_noise7681_7860_8039 (240000, 4) acc=0.284
  step 0/1999 best -26.954
  step 50/1999 best 7.561
  step 100/1999 best 10.189
  step 150/1999 best 14.507
  step 200/1999 best 15.725
  step 250/1999 best 16.481
  step 300/1999 best 17.058
  step 350/1999 best 17.132
  step 400/1999 best 17.169
  step 450/1999 best 17.074
  step 500/1999 best 17.068
  step 550/1999 best 17.081
  step 600/1999 best 17.039
  step 650/1999 best 17.125
  step 700/1999 best 17.095
  step 750/1999 best 17.168
  step 800/1999 best 17.221
  step 850/1999 best 17.166
  step 900/1999 best 17.191
  step 950/1999 best 17.118
  step 1000/1999 best 17.147
  step 1050/1999 best 17.229
  step 1100/1999 best 16.977
  step 1150/1999 best 17.243
  step 1200/1999 best 17.007
  step 1250/1999 best 17.146
  step 1300/1999 best 17.205
  step 1350/1999 best 17.183
  step 1400/1999 best 17.214
  step 1450/1999 best 17.238
  step 1500/1999 best 17.222
  step 1550/1999 best 17.142
  step 1600/1999 best 17.088
  step 1650/1999 best 17.069
  step 1700/1999 best 17.121
  step 1750/1999 best 17.157
  step 1800/1999 best 17.256
  step 1850/1999 best 17.213
  step 1900/1999 best 17.140
  step 1950/1999 best 17.163
saved SBC_CHAINS_cnn_vmim__n1_seed_s2_sim2062_row1672940_noise8888_9067_9246 (240000, 4) acc=0.362
  step 0/1999 best -12.896
  step 50/1999 best 5.126
  step 100/1999 best 13.623
  step 150/1999 best 15.437
  step 200/1999 best 15.669
  step 250/1999 best 15.663
  step 300/1999 best 15.893
  step 350/1999 best 15.883
  step 400/1999 best 16.004
  step 450/1999 best 15.891
  step 500/1999 best 15.960
  step 550/1999 best 15.833
  step 600/1999 best 15.820
  step 650/1999 best 16.005
  step 700/1999 best 15.956
  step 750/1999 best 15.964
  step 800/1999 best 16.091
  step 850/1999 best 15.843
  step 900/1999 best 15.916
  step 950/1999 best 15.985
  step 1000/1999 best 15.906
  step 1050/1999 best 16.073
  step 1100/1999 best 16.091
  step 1150/1999 best 16.041
  step 1200/1999 best 16.094
  step 1250/1999 best 16.104
  step 1300/1999 best 16.037
  step 1350/1999 best 16.027
  step 1400/1999 best 16.110
  step 1450/1999 best 16.067
  step 1500/1999 best 15.979
  step 1550/1999 best 16.058
  step 1600/1999 best 15.962
  step 1650/1999 best 15.979
  step 1700/1999 best 15.910
  step 1750/1999 best 16.103
  step 1800/1999 best 16.017
  step 1850/1999 best 15.994
  step 1900/1999 best 16.035
  step 1950/1999 best 16.030
saved SBC_CHAINS_cnn_vmim__n1_seed_s2_sim1423_row1205915_noise8683_8862_9041 (240000, 4) acc=0.302
  step 0/1999 best -19.970
  step 50/1999 best -0.432
  step 100/1999 best 0.662
  step 150/1999 best 7.107
  step 200/1999 best 13.465
  step 250/1999 best 13.701
  step 300/1999 best 13.258
  step 350/1999 best 14.887
  step 400/1999 best 14.664
  step 450/1999 best 15.039
  step 500/1999 best 15.045
  step 550/1999 best 14.940
  step 600/1999 best 14.862
  step 650/1999 best 14.968
  step 700/1999 best 14.955
  step 750/1999 best 14.979
  step 800/1999 best 14.822
  step 850/1999 best 14.915
  step 900/1999 best 15.001
  step 950/1999 best 14.970
  step 1000/1999 best 15.056
  step 1050/1999 best 14.935
  step 1100/1999 best 14.970
  step 1150/1999 best 15.039
  step 1200/1999 best 15.053
  step 1250/1999 best 14.936
  step 1300/1999 best 15.038
  step 1350/1999 best 15.100
  step 1400/1999 best 14.833
  step 1450/1999 best 15.051
  step 1500/1999 best 15.101
  step 1550/1999 best 14.889
  step 1600/1999 best 14.923
  step 1650/1999 best 15.009
  step 1700/1999 best 15.062
  step 1750/1999 best 15.025
  step 1800/1999 best 15.062
  step 1850/1999 best 15.029
  step 1900/1999 best 14.946
  step 1950/1999 best 15.031
saved SBC_CHAINS_cnn_vmim__n1_seed_s2_sim3057_row2652484_noise976_1155_1334 (240000, 4) acc=0.290
  step 0/1999 best -19.369
  step 50/1999 best 9.948
  step 100/1999 best 16.118
  step 150/1999 best 15.778
  step 200/1999 best 15.745
  step 250/1999 best 16.020
  step 300/1999 best 16.142
  step 350/1999 best 15.909
  step 400/1999 best 16.162
  step 450/1999 best 16.080
  step 500/1999 best 16.007
  step 550/1999 best 15.974
  step 600/1999 best 15.994
  step 650/1999 best 15.900
  step 700/1999 best 16.063
  step 750/1999 best 16.173
  step 800/1999 best 16.071
  step 850/1999 best 15.901
  step 900/1999 best 16.069
  step 950/1999 best 15.991
  step 1000/1999 best 16.080
  step 1050/1999 best 16.029
  step 1100/1999 best 16.073
  step 1150/1999 best 16.107
  step 1200/1999 best 16.163
  step 1250/1999 best 16.074
  step 1300/1999 best 16.214
  step 1350/1999 best 16.137
  step 1400/1999 best 16.140
  step 1450/1999 best 16.173
  step 1500/1999 best 15.869
  step 1550/1999 best 16.175
  step 1600/1999 best 16.214
  step 1650/1999 best 16.036
  step 1700/1999 best 16.148
  step 1750/1999 best 16.179
  step 1800/1999 best 16.113
  step 1850/1999 best 15.971
  step 1900/1999 best 16.059
  step 1950/1999 best 16.131
saved SBC_CHAINS_cnn_vmim__n1_seed_s2_sim1929_row1540493_noise3205_3384_3563 (240000, 4) acc=0.264
  step 0/1999 best -13.910
  step 50/1999 best 5.986
  step 100/1999 best 8.452
  step 150/1999 best 12.804
  step 200/1999 best 13.332
  step 250/1999 best 13.913
  step 300/1999 best 13.603
  step 350/1999 best 13.704
  step 400/1999 best 13.730
  step 450/1999 best 13.883
  step 500/1999 best 14.015
  step 550/1999 best 14.084
  step 600/1999 best 14.110
  step 650/1999 best 13.909
  step 700/1999 best 14.068
  step 750/1999 best 14.014
  step 800/1999 best 14.095
  step 850/1999 best 13.740
  step 900/1999 best 14.006
  step 950/1999 best 13.856
  step 1000/1999 best 13.916
  step 1050/1999 best 13.629
  step 1100/1999 best 13.997
  step 1150/1999 best 13.905
  step 1200/1999 best 13.975
  step 1250/1999 best 13.582
  step 1300/1999 best 13.967
  step 1350/1999 best 13.985
  step 1400/1999 best 13.690
  step 1450/1999 best 14.129
  step 1500/1999 best 13.951
  step 1550/1999 best 14.045
  step 1600/1999 best 14.060
  step 1650/1999 best 13.906
  step 1700/1999 best 14.082
  step 1750/1999 best 14.010
  step 1800/1999 best 13.875
  step 1850/1999 best 13.774
  step 1900/1999 best 14.007
  step 1950/1999 best 13.985
saved SBC_CHAINS_cnn_vmim__n1_seed_s2_sim1772_row1524181_noise3141_3320_3499 (240000, 4) acc=0.210
  step 0/1999 best -20.924
  step 50/1999 best 7.340
  step 100/1999 best 9.936
  step 150/1999 best 10.387
  step 200/1999 best 11.232
  step 250/1999 best 12.671
  step 300/1999 best 12.049
  step 350/1999 best 12.356
  step 400/1999 best 12.647
  step 450/1999 best 12.094
  step 500/1999 best 12.469
  step 550/1999 best 12.456
  step 600/1999 best 12.590
  step 650/1999 best 12.617
  step 700/1999 best 12.620
  step 750/1999 best 12.515
  step 800/1999 best 12.511
  step 850/1999 best 12.627
  step 900/1999 best 12.539
  step 950/1999 best 12.712
  step 1000/1999 best 12.659
  step 1050/1999 best 12.543
  step 1100/1999 best 12.634
  step 1150/1999 best 12.674
  step 1200/1999 best 12.322
  step 1250/1999 best 12.553
  step 1300/1999 best 12.685
  step 1350/1999 best 12.609
  step 1400/1999 best 12.714
  step 1450/1999 best 12.613
  step 1500/1999 best 12.595
  step 1550/1999 best 12.447
  step 1600/1999 best 12.508
  step 1650/1999 best 12.631
  step 1700/1999 best 12.668
  step 1750/1999 best 12.692
  step 1800/1999 best 12.559
  step 1850/1999 best 12.554
  step 1900/1999 best 12.549
  step 1950/1999 best 12.577
saved SBC_CHAINS_cnn_vmim__n1_seed_s2_sim991_row940679_noise8879_9058_9237 (240000, 4) acc=0.274
  step 0/1999 best -23.733
  step 50/1999 best 7.496
  step 100/1999 best 8.729
  step 150/1999 best 16.763
  step 200/1999 best 17.890
  step 250/1999 best 17.681
  step 300/1999 best 17.852
  step 350/1999 best 17.935
  step 400/1999 best 17.787
  step 450/1999 best 17.765
  step 500/1999 best 17.843
  step 550/1999 best 17.818
  step 600/1999 best 17.754
  step 650/1999 best 17.919
  step 700/1999 best 17.900
  step 750/1999 best 17.548
  step 800/1999 best 17.872
  step 850/1999 best 17.871
  step 900/1999 best 17.911
  step 950/1999 best 17.893
  step 1000/1999 best 17.923
  step 1050/1999 best 17.891
  step 1100/1999 best 17.872
  step 1150/1999 best 17.817
  step 1200/1999 best 17.880
  step 1250/1999 best 17.768
  step 1300/1999 best 17.969
  step 1350/1999 best 17.830
  step 1400/1999 best 17.747
  step 1450/1999 best 17.825
  step 1500/1999 best 17.901
  step 1550/1999 best 17.896
  step 1600/1999 best 17.937
  step 1650/1999 best 17.914
  step 1700/1999 best 17.837
  step 1750/1999 best 17.812
  step 1800/1999 best 17.937
  step 1850/1999 best 17.924
  step 1900/1999 best 17.796
  step 1950/1999 best 17.814
saved SBC_CHAINS_cnn_vmim__n1_seed_s2_sim1280_row1097647_noise3007_3186_3365 (240000, 4) acc=0.341
  step 0/1999 best -21.994
  step 50/1999 best 7.538
  step 100/1999 best 15.225
  step 150/1999 best 16.582
  step 200/1999 best 16.414
  step 250/1999 best 16.643
  step 300/1999 best 16.532
  step 350/1999 best 16.808
  step 400/1999 best 16.832
  step 450/1999 best 16.792
  step 500/1999 best 16.786
  step 550/1999 best 16.850
  step 600/1999 best 16.834
  step 650/1999 best 16.784
  step 700/1999 best 16.719
  step 750/1999 best 16.825
  step 800/1999 best 16.837
  step 850/1999 best 16.816
  step 900/1999 best 16.848
  step 950/1999 best 16.787
  step 1000/1999 best 16.738
  step 1050/1999 best 16.593
  step 1100/1999 best 16.811
  step 1150/1999 best 16.805
  step 1200/1999 best 16.786
  step 1250/1999 best 16.801
  step 1300/1999 best 16.742
  step 1350/1999 best 16.846
  step 1400/1999 best 16.793
  step 1450/1999 best 16.797
  step 1500/1999 best 16.881
  step 1550/1999 best 16.830
  step 1600/1999 best 16.809
  step 1650/1999 best 16.903
  step 1700/1999 best 16.792
  step 1750/1999 best 16.644
  step 1800/1999 best 16.830
  step 1850/1999 best 16.895
  step 1900/1999 best 16.783
  step 1950/1999 best 16.711
saved SBC_CHAINS_cnn_vmim__n1_seed_s2_sim2067_row1677518_noise3638_3817_3996 (240000, 4) acc=0.328
  step 0/1999 best -21.689
  step 50/1999 best -4.722
  step 100/1999 best 10.411
  step 150/1999 best 11.012
  step 200/1999 best 11.098
  step 250/1999 best 11.098
  step 300/1999 best 12.464
  step 350/1999 best 12.961
  step 400/1999 best 13.219
  step 450/1999 best 13.439
  step 500/1999 best 13.635
  step 550/1999 best 13.806
  step 600/1999 best 13.904
  step 650/1999 best 13.890
  step 700/1999 best 13.445
  step 750/1999 best 13.875
  step 800/1999 best 13.838
  step 850/1999 best 13.834
  step 900/1999 best 13.607
  step 950/1999 best 13.976
  step 1000/1999 best 13.771
  step 1050/1999 best 13.944
  step 1100/1999 best 13.968
  step 1150/1999 best 13.828
  step 1200/1999 best 13.798
  step 1250/1999 best 13.925
  step 1300/1999 best 13.797
  step 1350/1999 best 13.997
  step 1400/1999 best 13.717
  step 1450/1999 best 13.792
  step 1500/1999 best 13.977
  step 1550/1999 best 13.708
  step 1600/1999 best 13.831
  step 1650/1999 best 13.886
  step 1700/1999 best 13.895
  step 1750/1999 best 13.919
  step 1800/1999 best 13.818
  step 1850/1999 best 13.920
  step 1900/1999 best 13.878
  step 1950/1999 best 13.822
saved SBC_CHAINS_cnn_vmim__n1_seed_s2_sim2521_row2120982_noise6014_6193_6372 (240000, 4) acc=0.156
  step 0/1999 best -22.389
  step 50/1999 best 3.690
  step 100/1999 best 13.389
  step 150/1999 best 15.203
  step 200/1999 best 15.326
  step 250/1999 best 15.810
  step 300/1999 best 16.357
  step 350/1999 best 16.426
  step 400/1999 best 16.539
  step 450/1999 best 16.405
  step 500/1999 best 16.498
  step 550/1999 best 16.465
  step 600/1999 best 16.593
  step 650/1999 best 16.461
  step 700/1999 best 16.362
  step 750/1999 best 16.593
  step 800/1999 best 16.527
  step 850/1999 best 16.489
  step 900/1999 best 16.393
  step 950/1999 best 16.527
  step 1000/1999 best 16.520
  step 1050/1999 best 16.570
  step 1100/1999 best 16.443
  step 1150/1999 best 16.615
  step 1200/1999 best 16.480
  step 1250/1999 best 16.483
  step 1300/1999 best 16.530
  step 1350/1999 best 16.512
  step 1400/1999 best 16.563
  step 1450/1999 best 16.536
  step 1500/1999 best 16.555
  step 1550/1999 best 16.502
  step 1600/1999 best 16.554
  step 1650/1999 best 16.604
  step 1700/1999 best 16.476
  step 1750/1999 best 16.583
  step 1800/1999 best 16.504
  step 1850/1999 best 16.535
  step 1900/1999 best 16.509
  step 1950/1999 best 16.626
saved SBC_CHAINS_cnn_vmim__n1_seed_s2_sim1339_row1148093_noise2485_2664_2843 (240000, 4) acc=0.340
  step 0/1999 best -26.952
  step 50/1999 best -8.899
  step 100/1999 best 1.809
  step 150/1999 best 1.663
  step 200/1999 best 3.019
  step 250/1999 best 13.302
  step 300/1999 best 13.302
  step 350/1999 best 14.079
  step 400/1999 best 13.199
  step 450/1999 best 14.198
  step 500/1999 best 14.153
  step 550/1999 best 14.253
  step 600/1999 best 14.400
  step 650/1999 best 14.415
  step 700/1999 best 14.567
  step 750/1999 best 14.532
  step 800/1999 best 14.589
  step 850/1999 best 14.340
  step 900/1999 best 14.684
  step 950/1999 best 14.535
  step 1000/1999 best 14.563
  step 1050/1999 best 14.500
  step 1100/1999 best 14.442
  step 1150/1999 best 14.599
  step 1200/1999 best 14.591
  step 1250/1999 best 14.550
  step 1300/1999 best 14.377
  step 1350/1999 best 14.508
  step 1400/1999 best 14.520
  step 1450/1999 best 14.396
  step 1500/1999 best 14.621
  step 1550/1999 best 14.307
  step 1600/1999 best 14.536
  step 1650/1999 best 14.541
  step 1700/1999 best 14.584
  step 1750/1999 best 14.660
  step 1800/1999 best 14.539
  step 1850/1999 best 14.650
  step 1900/1999 best 14.566
  step 1950/1999 best 14.618
saved SBC_CHAINS_cnn_vmim__n1_seed_s2_sim2362_row1961136_noise3416_3595_3774 (240000, 4) acc=0.134
  step 0/1999 best -21.111
  step 50/1999 best 1.616
  step 100/1999 best 9.289
  step 150/1999 best 12.450
  step 200/1999 best 13.250
  step 250/1999 best 13.379
  step 300/1999 best 13.566
  step 350/1999 best 13.382
  step 400/1999 best 13.336
  step 450/1999 best 13.467
  step 500/1999 best 13.502
  step 550/1999 best 13.549
  step 600/1999 best 13.569
  step 650/1999 best 13.426
  step 700/1999 best 13.572
  step 750/1999 best 13.356
  step 800/1999 best 13.527
  step 850/1999 best 13.495
  step 900/1999 best 13.419
  step 950/1999 best 13.429
  step 1000/1999 best 13.328
  step 1050/1999 best 13.372
  step 1100/1999 best 13.418
  step 1150/1999 best 13.518
  step 1200/1999 best 13.513
  step 1250/1999 best 13.514
  step 1300/1999 best 13.285
  step 1350/1999 best 13.512
  step 1400/1999 best 13.540
  step 1450/1999 best 13.264
  step 1500/1999 best 13.311
  step 1550/1999 best 13.360
  step 1600/1999 best 13.376
  step 1650/1999 best 13.407
  step 1700/1999 best 13.294
  step 1750/1999 best 13.241
  step 1800/1999 best 13.521
  step 1850/1999 best 13.520
  step 1900/1999 best 13.491
  step 1950/1999 best 13.398
saved SBC_CHAINS_cnn_vmim__n1_seed_s2_sim2600_row2199131_noise5539_5718_5897 (240000, 4) acc=0.163
  step 0/1999 best -22.147
  step 50/1999 best 1.896
  step 100/1999 best 6.648
  step 150/1999 best 10.757
  step 200/1999 best 10.272
  step 250/1999 best 14.903
  step 300/1999 best 14.354
  step 350/1999 best 14.861
  step 400/1999 best 15.013
  step 450/1999 best 14.864
  step 500/1999 best 14.833
  step 550/1999 best 14.951
  step 600/1999 best 14.988
  step 650/1999 best 15.048
  step 700/1999 best 15.012
  step 750/1999 best 15.098
  step 800/1999 best 14.988
  step 850/1999 best 14.896
  step 900/1999 best 15.060
  step 950/1999 best 14.971
  step 1000/1999 best 15.033
  step 1050/1999 best 14.984
  step 1100/1999 best 14.988
  step 1150/1999 best 14.956
  step 1200/1999 best 14.878
  step 1250/1999 best 15.047
  step 1300/1999 best 15.024
  step 1350/1999 best 15.005
  step 1400/1999 best 15.031
  step 1450/1999 best 15.046
  step 1500/1999 best 14.978
  step 1550/1999 best 14.901
  step 1600/1999 best 15.009
  step 1650/1999 best 15.100
  step 1700/1999 best 14.975
  step 1750/1999 best 14.984
  step 1800/1999 best 15.065
  step 1850/1999 best 15.045
  step 1900/1999 best 15.009
  step 1950/1999 best 14.944
saved SBC_CHAINS_cnn_vmim__n1_seed_s2_sim2912_row2507711_noise3623_3802_3981 (240000, 4) acc=0.346
  step 0/1999 best -23.713
  step 50/1999 best -2.615
  step 100/1999 best 2.694
  step 150/1999 best 2.018
  step 200/1999 best 4.535
  step 250/1999 best 7.066
  step 300/1999 best 8.184
  step 350/1999 best 13.448
  step 400/1999 best 14.526
  step 450/1999 best 17.050
  step 500/1999 best 17.229
  step 550/1999 best 17.166
  step 600/1999 best 16.904
  step 650/1999 best 17.237
  step 700/1999 best 17.215
  step 750/1999 best 17.296
  step 800/1999 best 17.401
  step 850/1999 best 17.313
  step 900/1999 best 17.324
  step 950/1999 best 17.384
  step 1000/1999 best 17.450
  step 1050/1999 best 17.278
  step 1100/1999 best 16.979
  step 1150/1999 best 17.295
  step 1200/1999 best 17.434
  step 1250/1999 best 17.448
  step 1300/1999 best 17.299
  step 1350/1999 best 17.423
  step 1400/1999 best 17.302
  step 1450/1999 best 17.281
  step 1500/1999 best 17.371
  step 1550/1999 best 17.231
  step 1600/1999 best 17.332
  step 1650/1999 best 17.313
  step 1700/1999 best 17.423
  step 1750/1999 best 17.338
  step 1800/1999 best 17.353
  step 1850/1999 best 17.357
  step 1900/1999 best 17.363
  step 1950/1999 best 17.336
saved SBC_CHAINS_cnn_vmim__n1_seed_s2_sim1743_row1496540_noise3984_4163_4342 (240000, 4) acc=0.204
  step 0/1999 best -22.731
  step 50/1999 best -4.097
  step 100/1999 best 8.149
  step 150/1999 best 12.570
  step 200/1999 best 13.100
  step 250/1999 best 14.007
  step 300/1999 best 14.352
  step 350/1999 best 14.648
  step 400/1999 best 14.711
  step 450/1999 best 14.827
  step 500/1999 best 14.653
  step 550/1999 best 14.585
  step 600/1999 best 14.657
  step 650/1999 best 14.732
  step 700/1999 best 14.647
  step 750/1999 best 14.575
  step 800/1999 best 14.750
  step 850/1999 best 14.745
  step 900/1999 best 14.576
  step 950/1999 best 14.729
  step 1000/1999 best 14.834
  step 1050/1999 best 14.406
  step 1100/1999 best 14.614
  step 1150/1999 best 14.693
  step 1200/1999 best 14.787
  step 1250/1999 best 14.734
  step 1300/1999 best 14.378
  step 1350/1999 best 14.770
  step 1400/1999 best 14.719
  step 1450/1999 best 14.733
  step 1500/1999 best 14.740
  step 1550/1999 best 14.622
  step 1600/1999 best 14.780
  step 1650/1999 best 14.527
  step 1700/1999 best 14.775
  step 1750/1999 best 14.827
  step 1800/1999 best 14.757
  step 1850/1999 best 14.607
  step 1900/1999 best 14.511
  step 1950/1999 best 14.675
saved SBC_CHAINS_cnn_vmim__n1_seed_s2_sim134_row125432_noise6668_6847_7026 (240000, 4) acc=0.186
  step 0/1999 best -25.637
  step 50/1999 best -0.434
  step 100/1999 best -0.114
  step 150/1999 best 3.376
  step 200/1999 best 9.504
  step 250/1999 best 11.104
  step 300/1999 best 15.167
  step 350/1999 best 16.712
  step 400/1999 best 16.467
  step 450/1999 best 17.256
  step 500/1999 best 17.079
  step 550/1999 best 16.954
  step 600/1999 best 17.270
  step 650/1999 best 17.336
  step 700/1999 best 17.560
  step 750/1999 best 17.444
  step 800/1999 best 17.396
  step 850/1999 best 17.451
  step 900/1999 best 17.600
  step 950/1999 best 17.459
  step 1000/1999 best 17.540
  step 1050/1999 best 17.458
  step 1100/1999 best 17.587
  step 1150/1999 best 17.468
  step 1200/1999 best 17.571
  step 1250/1999 best 17.564
  step 1300/1999 best 17.529
  step 1350/1999 best 17.490
  step 1400/1999 best 17.418
  step 1450/1999 best 17.478
  step 1500/1999 best 17.227
  step 1550/1999 best 17.465
  step 1600/1999 best 17.419
  step 1650/1999 best 17.534
  step 1700/1999 best 17.566
  step 1750/1999 best 17.490
  step 1800/1999 best 17.413
  step 1850/1999 best 17.423
  step 1900/1999 best 17.428
  step 1950/1999 best 17.529
saved SBC_CHAINS_cnn_vmim__n1_seed_s2_sim1191_row1009348_noise2160_2339_2518 (240000, 4) acc=0.217
  step 0/1999 best -23.488
  step 50/1999 best 6.263
  step 100/1999 best 11.185
  step 150/1999 best 15.224
  step 200/1999 best 15.224
  step 250/1999 best 13.870
  step 300/1999 best 18.225
  step 350/1999 best 17.825
  step 400/1999 best 18.090
  step 450/1999 best 18.067
  step 500/1999 best 18.188
  step 550/1999 best 18.260
  step 600/1999 best 18.283
  step 650/1999 best 18.435
  step 700/1999 best 18.316
  step 750/1999 best 18.222
  step 800/1999 best 18.269
  step 850/1999 best 18.360
  step 900/1999 best 18.239
  step 950/1999 best 18.221
  step 1000/1999 best 18.417
  step 1050/1999 best 18.262
  step 1100/1999 best 18.299
  step 1150/1999 best 18.247
  step 1200/1999 best 18.445
  step 1250/1999 best 18.414
  step 1300/1999 best 18.165
  step 1350/1999 best 18.429
  step 1400/1999 best 18.304
  step 1450/1999 best 18.340
  step 1500/1999 best 18.382
  step 1550/1999 best 18.303
  step 1600/1999 best 18.290
  step 1650/1999 best 18.281
  step 1700/1999 best 18.358
  step 1750/1999 best 18.334
  step 1800/1999 best 18.270
  step 1850/1999 best 18.194
  step 1900/1999 best 18.169
  step 1950/1999 best 18.265
saved SBC_CHAINS_cnn_vmim__n1_seed_s2_sim1438_row1220673_noise3785_3964_4143 (240000, 4) acc=0.253
  step 0/1999 best -18.431
  step 50/1999 best -0.445
  step 100/1999 best 13.796
  step 150/1999 best 13.865
  step 200/1999 best 15.290
  step 250/1999 best 14.976
  step 300/1999 best 15.291
  step 350/1999 best 15.347
  step 400/1999 best 15.353
  step 450/1999 best 15.105
  step 500/1999 best 15.330
  step 550/1999 best 15.043
  step 600/1999 best 15.356
  step 650/1999 best 15.194
  step 700/1999 best 15.385
  step 750/1999 best 15.242
  step 800/1999 best 15.285
  step 850/1999 best 15.206
  step 900/1999 best 15.345
  step 950/1999 best 15.416
  step 1000/1999 best 15.275
  step 1050/1999 best 15.329
  step 1100/1999 best 15.338
  step 1150/1999 best 15.314
  step 1200/1999 best 15.285
  step 1250/1999 best 15.335
  step 1300/1999 best 15.334
  step 1350/1999 best 15.368
  step 1400/1999 best 15.271
  step 1450/1999 best 15.381
  step 1500/1999 best 15.286
  step 1550/1999 best 15.331
  step 1600/1999 best 15.339
  step 1650/1999 best 15.428
  step 1700/1999 best 15.295
  step 1750/1999 best 15.393
  step 1800/1999 best 15.365
  step 1850/1999 best 15.338
  step 1900/1999 best 15.194
  step 1950/1999 best 15.370
saved SBC_CHAINS_cnn_vmim__n1_seed_s2_sim368_row354024_noise4388_4567_4746 (240000, 4) acc=0.257
  step 0/1999 best -20.578
  step 50/1999 best 16.583
  step 100/1999 best 16.668
  step 150/1999 best 16.246
  step 200/1999 best 16.546
  step 250/1999 best 16.701
  step 300/1999 best 16.808
  step 350/1999 best 16.805
  step 400/1999 best 16.662
  step 450/1999 best 16.758
  step 500/1999 best 16.836
  step 550/1999 best 16.821
  step 600/1999 best 16.870
  step 650/1999 best 16.629
  step 700/1999 best 16.690
  step 750/1999 best 16.884
  step 800/1999 best 16.675
  step 850/1999 best 16.663
  step 900/1999 best 16.714
  step 950/1999 best 16.773
  step 1000/1999 best 16.623
  step 1050/1999 best 16.886
  step 1100/1999 best 16.776
  step 1150/1999 best 16.826
  step 1200/1999 best 16.787
  step 1250/1999 best 16.718
  step 1300/1999 best 16.832
  step 1350/1999 best 16.683
  step 1400/1999 best 16.882
  step 1450/1999 best 16.815
  step 1500/1999 best 16.668
  step 1550/1999 best 16.816
  step 1600/1999 best 16.834
  step 1650/1999 best 16.837
  step 1700/1999 best 16.669
  step 1750/1999 best 16.812
  step 1800/1999 best 16.803
  step 1850/1999 best 16.897
  step 1900/1999 best 16.720
  step 1950/1999 best 16.793
saved SBC_CHAINS_cnn_vmim__n1_seed_s2_sim891_row840743_noise7223_7402_7581 (240000, 4) acc=0.382
  step 0/1999 best -28.142
  step 50/1999 best 11.011
  step 100/1999 best 13.195
  step 150/1999 best 12.969
  step 200/1999 best 13.600
  step 250/1999 best 15.199
  step 300/1999 best 15.526
  step 350/1999 best 15.722
  step 400/1999 best 15.474
  step 450/1999 best 15.752
  step 500/1999 best 15.830
  step 550/1999 best 15.767
  step 600/1999 best 15.655
  step 650/1999 best 15.736
  step 700/1999 best 15.652
  step 750/1999 best 15.771
  step 800/1999 best 15.573
  step 850/1999 best 15.689
  step 900/1999 best 15.769
  step 950/1999 best 15.669
  step 1000/1999 best 15.858
  step 1050/1999 best 15.762
  step 1100/1999 best 15.720
  step 1150/1999 best 15.658
  step 1200/1999 best 15.795
  step 1250/1999 best 15.658
  step 1300/1999 best 15.657
  step 1350/1999 best 15.817
  step 1400/1999 best 15.740
  step 1450/1999 best 15.823
  step 1500/1999 best 15.741
  step 1550/1999 best 15.672
  step 1600/1999 best 15.655
  step 1650/1999 best 15.747
  step 1700/1999 best 15.658
  step 1750/1999 best 15.755
  step 1800/1999 best 15.644
  step 1850/1999 best 15.773
  step 1900/1999 best 15.727
  step 1950/1999 best 15.691
saved SBC_CHAINS_cnn_vmim__n1_seed_s2_sim795_row744293_noise9053_9232_9411 (240000, 4) acc=0.297
  step 0/1999 best -28.230
  step 50/1999 best -0.667
  step 100/1999 best 0.294
  step 150/1999 best 11.056
  step 200/1999 best 11.651
  step 250/1999 best 12.969
  step 300/1999 best 13.752
  step 350/1999 best 14.183
  step 400/1999 best 14.155
  step 450/1999 best 14.137
  step 500/1999 best 13.883
  step 550/1999 best 14.216
  step 600/1999 best 14.210
  step 650/1999 best 14.107
  step 700/1999 best 14.200
  step 750/1999 best 14.037
  step 800/1999 best 14.032
  step 850/1999 best 14.110
  step 900/1999 best 14.205
  step 950/1999 best 13.945
  step 1000/1999 best 14.074
  step 1050/1999 best 14.192
  step 1100/1999 best 14.025
  step 1150/1999 best 14.137
  step 1200/1999 best 14.005
  step 1250/1999 best 14.190
  step 1300/1999 best 13.980
  step 1350/1999 best 14.150
  step 1400/1999 best 14.236
  step 1450/1999 best 14.247
  step 1500/1999 best 14.191
  step 1550/1999 best 14.250
  step 1600/1999 best 14.185
  step 1650/1999 best 14.194
  step 1700/1999 best 14.165
  step 1750/1999 best 14.067
  step 1800/1999 best 14.146
  step 1850/1999 best 14.142
  step 1900/1999 best 14.125
  step 1950/1999 best 14.094
saved SBC_CHAINS_cnn_vmim__n1_seed_s2_sim2983_row2578593_noise5709_5888_6067 (240000, 4) acc=0.338
  step 0/1999 best -21.857
  step 50/1999 best -0.220
  step 100/1999 best 6.206
  step 150/1999 best 13.125
  step 200/1999 best 13.298
  step 250/1999 best 14.504
  step 300/1999 best 14.858
  step 350/1999 best 15.333
  step 400/1999 best 15.218
  step 450/1999 best 15.273
  step 500/1999 best 15.280
  step 550/1999 best 15.241
  step 600/1999 best 15.312
  step 650/1999 best 15.382
  step 700/1999 best 15.184
  step 750/1999 best 15.048
  step 800/1999 best 15.448
  step 850/1999 best 15.192
  step 900/1999 best 15.320
  step 950/1999 best 15.274
  step 1000/1999 best 15.317
  step 1050/1999 best 15.230
  step 1100/1999 best 15.246
  step 1150/1999 best 15.306
  step 1200/1999 best 15.234
  step 1250/1999 best 15.423
  step 1300/1999 best 15.280
  step 1350/1999 best 15.214
  step 1400/1999 best 15.189
  step 1450/1999 best 15.239
  step 1500/1999 best 15.450
  step 1550/1999 best 15.332
  step 1600/1999 best 15.266
  step 1650/1999 best 15.405
  step 1700/1999 best 15.271
  step 1750/1999 best 15.390
  step 1800/1999 best 15.368
  step 1850/1999 best 15.229
  step 1900/1999 best 15.332
  step 1950/1999 best 15.310
saved SBC_CHAINS_cnn_vmim__n1_seed_s2_sim2372_row1971182_noise3634_3813_3992 (240000, 4) acc=0.197
  step 0/1999 best -26.973
  step 50/1999 best 6.490
  step 100/1999 best 9.493
  step 150/1999 best 9.983
  step 200/1999 best 11.891
  step 250/1999 best 11.741
  step 300/1999 best 12.065
  step 350/1999 best 12.112
  step 400/1999 best 12.086
  step 450/1999 best 12.627
  step 500/1999 best 12.851
  step 550/1999 best 12.453
  step 600/1999 best 12.453
  step 650/1999 best 12.614
  step 700/1999 best 12.767
  step 750/1999 best 12.482
  step 800/1999 best 12.635
  step 850/1999 best 12.385
  step 900/1999 best 12.709
  step 950/1999 best 12.610
  step 1000/1999 best 12.662
  step 1050/1999 best 12.472
  step 1100/1999 best 12.854
  step 1150/1999 best 12.682
  step 1200/1999 best 12.761
  step 1250/1999 best 12.740
  step 1300/1999 best 12.779
  step 1350/1999 best 12.870
  step 1400/1999 best 12.681
  step 1450/1999 best 12.526
  step 1500/1999 best 12.604
  step 1550/1999 best 12.696
  step 1600/1999 best 12.800
  step 1650/1999 best 12.744
  step 1700/1999 best 12.786
  step 1750/1999 best 12.746
  step 1800/1999 best 12.667
  step 1850/1999 best 12.844
  step 1900/1999 best 12.598
  step 1950/1999 best 12.855
saved SBC_CHAINS_cnn_vmim__n1_seed_s2_sim2509_row2108484_noise3344_3523_3702 (240000, 4) acc=0.194
  step 0/1999 best -22.272
  step 50/1999 best 0.100
  step 100/1999 best 10.083
  step 150/1999 best 14.786
  step 200/1999 best 14.145
  step 250/1999 best 14.390
  step 300/1999 best 14.662
  step 350/1999 best 14.724
  step 400/1999 best 14.708
  step 450/1999 best 14.772
  step 500/1999 best 14.663
  step 550/1999 best 14.600
  step 600/1999 best 14.634
  step 650/1999 best 14.745
  step 700/1999 best 14.758
  step 750/1999 best 14.653
  step 800/1999 best 14.642
  step 850/1999 best 14.567
  step 900/1999 best 14.713
  step 950/1999 best 14.763
  step 1000/1999 best 14.781
  step 1050/1999 best 14.541
  step 1100/1999 best 14.498
  step 1150/1999 best 14.703
  step 1200/1999 best 14.496
  step 1250/1999 best 14.699
  step 1300/1999 best 14.667
  step 1350/1999 best 14.628
  step 1400/1999 best 14.739
  step 1450/1999 best 14.722
  step 1500/1999 best 14.727
  step 1550/1999 best 14.755
  step 1600/1999 best 14.696
  step 1650/1999 best 14.810
  step 1700/1999 best 14.759
  step 1750/1999 best 14.687
  step 1800/1999 best 14.671
  step 1850/1999 best 14.724
  step 1900/1999 best 14.679
  step 1950/1999 best 14.743
saved SBC_CHAINS_cnn_vmim__n1_seed_s2_sim1999_row1610031_noise3947_4126_4305 (240000, 4) acc=0.293
  step 0/1999 best -22.805
  step 50/1999 best 5.346
  step 100/1999 best 12.844
  step 150/1999 best 14.500
  step 200/1999 best 16.801
  step 250/1999 best 17.490
  step 300/1999 best 17.630
  step 350/1999 best 17.598
  step 400/1999 best 17.507
  step 450/1999 best 17.497
  step 500/1999 best 17.605
  step 550/1999 best 17.427
  step 600/1999 best 17.382
  step 650/1999 best 17.461
  step 700/1999 best 17.475
  step 750/1999 best 17.550
  step 800/1999 best 17.580
  step 850/1999 best 17.418
  step 900/1999 best 17.561
  step 950/1999 best 17.371
  step 1000/1999 best 17.276
  step 1050/1999 best 17.540
  step 1100/1999 best 17.414
  step 1150/1999 best 17.438
  step 1200/1999 best 17.429
  step 1250/1999 best 17.494
  step 1300/1999 best 17.512
  step 1350/1999 best 17.473
  step 1400/1999 best 17.421
  step 1450/1999 best 17.561
  step 1500/1999 best 17.521
  step 1550/1999 best 17.560
  step 1600/1999 best 17.527
  step 1650/1999 best 17.588
  step 1700/1999 best 17.540
  step 1750/1999 best 17.525
  step 1800/1999 best 17.436
  step 1850/1999 best 17.394
  step 1900/1999 best 17.531
  step 1950/1999 best 17.591
saved SBC_CHAINS_cnn_vmim__n1_seed_s2_sim1977_row1588921_noise2493_2672_2851 (240000, 4) acc=0.326
  step 0/1999 best -7.442
  step 50/1999 best -0.965
  step 100/1999 best 11.032
  step 150/1999 best 12.269
  step 200/1999 best 11.898
  step 250/1999 best 12.630
  step 300/1999 best 13.521
  step 350/1999 best 13.126
  step 400/1999 best 14.388
  step 450/1999 best 14.390
  step 500/1999 best 14.119
  step 550/1999 best 14.238
  step 600/1999 best 14.146
  step 650/1999 best 14.362
  step 700/1999 best 14.317
  step 750/1999 best 14.343
  step 800/1999 best 14.418
  step 850/1999 best 14.343
  step 900/1999 best 14.387
  step 950/1999 best 14.353
  step 1000/1999 best 14.448
  step 1050/1999 best 14.294
  step 1100/1999 best 14.213
  step 1150/1999 best 14.387
  step 1200/1999 best 14.281
  step 1250/1999 best 14.362
  step 1300/1999 best 14.276
  step 1350/1999 best 14.394
  step 1400/1999 best 14.332
  step 1450/1999 best 14.257
  step 1500/1999 best 14.443
  step 1550/1999 best 14.466
  step 1600/1999 best 14.243
  step 1650/1999 best 14.400
  step 1700/1999 best 14.275
  step 1750/1999 best 14.380
  step 1800/1999 best 14.293
  step 1850/1999 best 14.386
  step 1900/1999 best 14.308
  step 1950/1999 best 14.472
saved SBC_CHAINS_cnn_vmim__n1_seed_s2_sim2847_row2442306_noise7014_7193_7372 (240000, 4) acc=0.229
  step 0/1999 best -19.409
  step 50/1999 best -6.513
  step 100/1999 best -0.935
  step 150/1999 best 0.610
  step 200/1999 best 4.594
  step 250/1999 best 10.014
  step 300/1999 best 13.569
  step 350/1999 best 13.556
  step 400/1999 best 14.857
  step 450/1999 best 15.061
  step 500/1999 best 15.170
  step 550/1999 best 15.128
  step 600/1999 best 15.248
  step 650/1999 best 15.282
  step 700/1999 best 15.119
  step 750/1999 best 15.246
  step 800/1999 best 15.182
  step 850/1999 best 15.170
  step 900/1999 best 15.031
  step 950/1999 best 15.275
  step 1000/1999 best 15.290
  step 1050/1999 best 15.207
  step 1100/1999 best 15.081
  step 1150/1999 best 15.196
  step 1200/1999 best 15.188
  step 1250/1999 best 15.202
  step 1300/1999 best 15.308
  step 1350/1999 best 15.324
  step 1400/1999 best 15.120
  step 1450/1999 best 15.332
  step 1500/1999 best 15.177
  step 1550/1999 best 15.219
  step 1600/1999 best 15.286
  step 1650/1999 best 15.177
  step 1700/1999 best 15.284
  step 1750/1999 best 15.213
  step 1800/1999 best 15.319
  step 1850/1999 best 15.252
  step 1900/1999 best 15.306
  step 1950/1999 best 15.242
saved SBC_CHAINS_cnn_vmim__n1_seed_s2_sim643_row596087_noise4267_4446_4625 (240000, 4) acc=0.289
  step 0/1999 best -25.572
  step 50/1999 best -1.271
  step 100/1999 best 1.180
  step 150/1999 best 2.395
  step 200/1999 best 7.260
  step 250/1999 best 12.826
  step 300/1999 best 13.948
  step 350/1999 best 13.948
  step 400/1999 best 14.571
  step 450/1999 best 14.292
  step 500/1999 best 14.577
  step 550/1999 best 14.762
  step 600/1999 best 14.806
  step 650/1999 best 14.541
  step 700/1999 best 14.804
  step 750/1999 best 14.805
  step 800/1999 best 14.776
  step 850/1999 best 14.836
  step 900/1999 best 14.833
  step 950/1999 best 14.719
  step 1000/1999 best 14.768
  step 1050/1999 best 14.755
  step 1100/1999 best 14.864
  step 1150/1999 best 14.818
  step 1200/1999 best 14.811
  step 1250/1999 best 14.840
  step 1300/1999 best 14.743
  step 1350/1999 best 14.718
  step 1400/1999 best 14.801
  step 1450/1999 best 14.912
  step 1500/1999 best 14.870
  step 1550/1999 best 14.726
  step 1600/1999 best 14.835
  step 1650/1999 best 14.813
  step 1700/1999 best 14.898
  step 1750/1999 best 14.808
  step 1800/1999 best 14.849
  step 1850/1999 best 14.769
  step 1900/1999 best 14.854
  step 1950/1999 best 14.780
saved SBC_CHAINS_cnn_vmim__n1_seed_s2_sim637_row590992_noise9000_9179_9358 (240000, 4) acc=0.285
  step 0/1999 best -24.950
  step 50/1999 best 3.191
  step 100/1999 best 4.924
  step 150/1999 best 14.105
  step 200/1999 best 15.229
  step 250/1999 best 15.399
  step 300/1999 best 15.483
  step 350/1999 best 15.755
  step 400/1999 best 17.148
  step 450/1999 best 16.529
  step 500/1999 best 16.490
  step 550/1999 best 16.915
  step 600/1999 best 16.614
  step 650/1999 best 17.140
  step 700/1999 best 17.187
  step 750/1999 best 16.980
  step 800/1999 best 16.813
  step 850/1999 best 16.821
  step 900/1999 best 17.090
  step 950/1999 best 17.044
  step 1000/1999 best 17.213
  step 1050/1999 best 17.077
  step 1100/1999 best 17.172
  step 1150/1999 best 16.864
  step 1200/1999 best 16.840
  step 1250/1999 best 17.190
  step 1300/1999 best 17.195
  step 1350/1999 best 17.127
  step 1400/1999 best 17.024
  step 1450/1999 best 17.030
  step 1500/1999 best 17.020
  step 1550/1999 best 17.030
  step 1600/1999 best 17.102
  step 1650/1999 best 17.134
  step 1700/1999 best 17.107
  step 1750/1999 best 17.194
  step 1800/1999 best 16.811
  step 1850/1999 best 17.200
  step 1900/1999 best 17.138
  step 1950/1999 best 17.130
saved SBC_CHAINS_cnn_vmim__n1_seed_s2_sim1306_row1115249_noise8953_9132_9311 (240000, 4) acc=0.234
  step 0/1999 best -25.732
  step 50/1999 best 12.315
  step 100/1999 best 15.470
  step 150/1999 best 15.467
  step 200/1999 best 15.680
  step 250/1999 best 15.757
  step 300/1999 best 15.773
  step 350/1999 best 15.743
  step 400/1999 best 15.698
  step 450/1999 best 15.819
  step 500/1999 best 15.728
  step 550/1999 best 15.779
  step 600/1999 best 15.734
  step 650/1999 best 15.608
  step 700/1999 best 15.675
  step 750/1999 best 15.727
  step 800/1999 best 15.823
  step 850/1999 best 15.794
  step 900/1999 best 15.740
  step 950/1999 best 15.832
  step 1000/1999 best 15.744
  step 1050/1999 best 15.696
  step 1100/1999 best 15.818
  step 1150/1999 best 15.808
  step 1200/1999 best 15.781
  step 1250/1999 best 15.618
  step 1300/1999 best 15.743
  step 1350/1999 best 15.776
  step 1400/1999 best 15.780
  step 1450/1999 best 15.714
  step 1500/1999 best 15.832
  step 1550/1999 best 15.529
  step 1600/1999 best 15.872
  step 1650/1999 best 15.864
  step 1700/1999 best 15.839
  step 1750/1999 best 15.791
  step 1800/1999 best 15.861
  step 1850/1999 best 15.692
  step 1900/1999 best 15.773
  step 1950/1999 best 15.832
saved SBC_CHAINS_cnn_vmim__n1_seed_s2_sim896_row845749_noise2401_2580_2759 (240000, 4) acc=0.347
  step 0/1999 best -20.592
  step 50/1999 best 5.351
  step 100/1999 best 11.011
  step 150/1999 best 12.507
  step 200/1999 best 14.280
  step 250/1999 best 15.060
  step 300/1999 best 15.272
  step 350/1999 best 14.943
  step 400/1999 best 15.110
  step 450/1999 best 15.322
  step 500/1999 best 15.192
  step 550/1999 best 15.201
  step 600/1999 best 15.356
  step 650/1999 best 15.357
  step 700/1999 best 15.266
  step 750/1999 best 15.245
  step 800/1999 best 15.273
  step 850/1999 best 15.326
  step 900/1999 best 15.301
  step 950/1999 best 15.278
  step 1000/1999 best 15.065
  step 1050/1999 best 15.325
  step 1100/1999 best 15.227
  step 1150/1999 best 15.188
  step 1200/1999 best 15.323
  step 1250/1999 best 15.165
  step 1300/1999 best 15.354
  step 1350/1999 best 15.240
  step 1400/1999 best 15.256
  step 1450/1999 best 15.193
  step 1500/1999 best 15.261
  step 1550/1999 best 15.201
  step 1600/1999 best 15.299
  step 1650/1999 best 15.349
  step 1700/1999 best 15.265
  step 1750/1999 best 15.214
  step 1800/1999 best 15.043
  step 1850/1999 best 15.294
  step 1900/1999 best 15.177
  step 1950/1999 best 15.275
saved SBC_CHAINS_cnn_vmim__n1_seed_s2_sim2996_row2591552_noise8840_9019_9198 (240000, 4) acc=0.322
  step 0/1999 best -22.282
  step 50/1999 best 11.848
  step 100/1999 best 13.419
  step 150/1999 best 16.852
  step 200/1999 best 16.481
  step 250/1999 best 17.118
  step 300/1999 best 17.149
  step 350/1999 best 17.302
  step 400/1999 best 17.466
  step 450/1999 best 17.427
  step 500/1999 best 17.381
  step 550/1999 best 17.465
  step 600/1999 best 17.227
  step 650/1999 best 17.413
  step 700/1999 best 17.386
  step 750/1999 best 17.246
  step 800/1999 best 17.520
  step 850/1999 best 17.350
  step 900/1999 best 17.457
  step 950/1999 best 17.116
  step 1000/1999 best 17.420
  step 1050/1999 best 17.362
  step 1100/1999 best 17.280
  step 1150/1999 best 17.453
  step 1200/1999 best 17.488
  step 1250/1999 best 17.199
  step 1300/1999 best 17.381
  step 1350/1999 best 17.377
  step 1400/1999 best 17.437
  step 1450/1999 best 17.452
  step 1500/1999 best 17.445
  step 1550/1999 best 17.376
  step 1600/1999 best 17.389
  step 1650/1999 best 17.198
  step 1700/1999 best 17.514
  step 1750/1999 best 17.353
  step 1800/1999 best 17.473
  step 1850/1999 best 17.232
  step 1900/1999 best 17.345
  step 1950/1999 best 17.319
saved SBC_CHAINS_cnn_vmim__n1_seed_s2_sim357_row343915_noise4107_4286_4465 (240000, 4) acc=0.285
  step 0/1999 best -19.896
  step 50/1999 best -3.199
  step 100/1999 best 11.340
  step 150/1999 best 11.340
  step 200/1999 best 11.527
  step 250/1999 best 11.459
  step 300/1999 best 11.608
  step 350/1999 best 12.148
  step 400/1999 best 11.806
  step 450/1999 best 11.926
  step 500/1999 best 11.928
  step 550/1999 best 11.988
  step 600/1999 best 12.216
  step 650/1999 best 12.167
  step 700/1999 best 12.165
  step 750/1999 best 12.154
  step 800/1999 best 12.239
  step 850/1999 best 12.096
  step 900/1999 best 12.040
  step 950/1999 best 12.243
  step 1000/1999 best 12.111
  step 1050/1999 best 12.199
  step 1100/1999 best 12.199
  step 1150/1999 best 12.213
  step 1200/1999 best 11.997
  step 1250/1999 best 11.827
  step 1300/1999 best 12.191
  step 1350/1999 best 12.027
  step 1400/1999 best 12.029
  step 1450/1999 best 12.227
  step 1500/1999 best 12.075
  step 1550/1999 best 12.161
  step 1600/1999 best 12.237
  step 1650/1999 best 12.184
  step 1700/1999 best 12.165
  step 1750/1999 best 12.100
  step 1800/1999 best 12.063
  step 1850/1999 best 12.206
  step 1900/1999 best 12.269
  step 1950/1999 best 12.210
saved SBC_CHAINS_cnn_vmim__n1_seed_s2_sim2617_row2216791_noise3543_3722_3901 (240000, 4) acc=0.210
  step 0/1999 best -17.258
  step 50/1999 best 9.560
  step 100/1999 best 11.490
  step 150/1999 best 13.643
  step 200/1999 best 14.911
  step 250/1999 best 14.690
  step 300/1999 best 15.089
  step 350/1999 best 15.173
  step 400/1999 best 15.339
  step 450/1999 best 15.307
  step 500/1999 best 15.453
  step 550/1999 best 15.480
  step 600/1999 best 15.402
  step 650/1999 best 15.297
  step 700/1999 best 15.435
  step 750/1999 best 15.407
  step 800/1999 best 15.492
  step 850/1999 best 15.423
  step 900/1999 best 15.284
  step 950/1999 best 15.437
  step 1000/1999 best 15.324
  step 1050/1999 best 15.186
  step 1100/1999 best 15.498
  step 1150/1999 best 15.477
  step 1200/1999 best 15.423
  step 1250/1999 best 15.453
  step 1300/1999 best 15.358
  step 1350/1999 best 15.400
  step 1400/1999 best 15.284
  step 1450/1999 best 15.455
  step 1500/1999 best 15.453
  step 1550/1999 best 15.415
  step 1600/1999 best 15.458
  step 1650/1999 best 15.414
  step 1700/1999 best 15.416
  step 1750/1999 best 15.333
  step 1800/1999 best 15.493
  step 1850/1999 best 15.490
  step 1900/1999 best 15.424
  step 1950/1999 best 15.424
saved SBC_CHAINS_cnn_vmim__n1_seed_s2_sim799_row748511_noise3443_3622_3801 (240000, 4) acc=0.313
  step 0/1999 best -17.900
  step 50/1999 best 1.554
  step 100/1999 best 11.012
  step 150/1999 best 10.387
  step 200/1999 best 14.309
  step 250/1999 best 15.049
  step 300/1999 best 15.500
  step 350/1999 best 16.800
  step 400/1999 best 16.364
  step 450/1999 best 16.749
  step 500/1999 best 16.954
  step 550/1999 best 16.759
  step 600/1999 best 17.015
  step 650/1999 best 16.899
  step 700/1999 best 16.940
  step 750/1999 best 16.828
  step 800/1999 best 16.951
  step 850/1999 best 16.673
  step 900/1999 best 17.023
  step 950/1999 best 17.021
  step 1000/1999 best 16.993
  step 1050/1999 best 17.011
  step 1100/1999 best 17.022
  step 1150/1999 best 16.971
  step 1200/1999 best 16.850
  step 1250/1999 best 16.979
  step 1300/1999 best 16.752
  step 1350/1999 best 17.055
  step 1400/1999 best 17.046
  step 1450/1999 best 16.929
  step 1500/1999 best 16.955
  step 1550/1999 best 16.946
  step 1600/1999 best 16.879
  step 1650/1999 best 16.899
  step 1700/1999 best 16.920
  step 1750/1999 best 16.888
  step 1800/1999 best 16.852
  step 1850/1999 best 16.873
  step 1900/1999 best 16.962
  step 1950/1999 best 17.047
saved SBC_CHAINS_cnn_vmim__n1_seed_s2_sim1737_row1490974_noise8246_8425_8604 (240000, 4) acc=0.258
  step 0/1999 best -20.134
  step 50/1999 best 2.225
  step 100/1999 best 10.017
  step 150/1999 best 16.011
  step 200/1999 best 16.018
  step 250/1999 best 15.603
  step 300/1999 best 16.106
  step 350/1999 best 15.825
  step 400/1999 best 15.824
  step 450/1999 best 16.084
  step 500/1999 best 16.035
  step 550/1999 best 15.823
  step 600/1999 best 16.030
  step 650/1999 best 16.042
  step 700/1999 best 16.153
  step 750/1999 best 16.063
  step 800/1999 best 16.084
  step 850/1999 best 16.084
  step 900/1999 best 16.018
  step 950/1999 best 16.154
  step 1000/1999 best 16.047
  step 1050/1999 best 16.071
  step 1100/1999 best 16.185
  step 1150/1999 best 15.953
  step 1200/1999 best 16.124
  step 1250/1999 best 16.046
  step 1300/1999 best 16.091
  step 1350/1999 best 16.145
  step 1400/1999 best 16.100
  step 1450/1999 best 16.050
  step 1500/1999 best 16.021
  step 1550/1999 best 16.046
  step 1600/1999 best 15.949
  step 1650/1999 best 16.129
  step 1700/1999 best 16.059
  step 1750/1999 best 16.076
  step 1800/1999 best 16.132
  step 1850/1999 best 16.005
  step 1900/1999 best 16.103
  step 1950/1999 best 16.163
saved SBC_CHAINS_cnn_vmim__n1_seed_s2_sim1539_row1316658_noise6490_6669_6848 (240000, 4) acc=0.270
  step 0/1999 best -13.341
  step 50/1999 best 0.666
  step 100/1999 best 2.841
  step 150/1999 best 8.445
  step 200/1999 best 13.005
  step 250/1999 best 13.005
  step 300/1999 best 14.915
  step 350/1999 best 15.187
  step 400/1999 best 14.022
  step 450/1999 best 15.470
  step 500/1999 best 15.725
  step 550/1999 best 16.120
  step 600/1999 best 15.639
  step 650/1999 best 15.705
  step 700/1999 best 15.914
  step 750/1999 best 15.968
  step 800/1999 best 15.801
  step 850/1999 best 15.797
  step 900/1999 best 15.876
  step 950/1999 best 15.996
  step 1000/1999 best 15.592
  step 1050/1999 best 16.009
  step 1100/1999 best 16.123
  step 1150/1999 best 16.086
  step 1200/1999 best 16.153
  step 1250/1999 best 15.900
  step 1300/1999 best 16.021
  step 1350/1999 best 16.204
  step 1400/1999 best 15.990
  step 1450/1999 best 16.108
  step 1500/1999 best 15.776
  step 1550/1999 best 16.136
  step 1600/1999 best 16.065
  step 1650/1999 best 16.105
  step 1700/1999 best 16.028
  step 1750/1999 best 16.091
  step 1800/1999 best 15.722
  step 1850/1999 best 16.058
  step 1900/1999 best 16.064
  step 1950/1999 best 16.139
saved SBC_CHAINS_cnn_vmim__n1_seed_s2_sim220_row206759_noise4543_4722_4901 (240000, 4) acc=0.172
  step 0/1999 best -22.909
  step 50/1999 best -1.434
  step 100/1999 best 11.809
  step 150/1999 best 12.368
  step 200/1999 best 12.316
  step 250/1999 best 12.335
  step 300/1999 best 12.654
  step 350/1999 best 12.567
  step 400/1999 best 12.560
  step 450/1999 best 12.431
  step 500/1999 best 12.544
  step 550/1999 best 12.619
  step 600/1999 best 12.390
  step 650/1999 best 12.664
  step 700/1999 best 12.751
  step 750/1999 best 12.650
  step 800/1999 best 12.576
  step 850/1999 best 12.719
  step 900/1999 best 12.405
  step 950/1999 best 12.612
  step 1000/1999 best 12.599
  step 1050/1999 best 12.609
  step 1100/1999 best 12.650
  step 1150/1999 best 12.700
  step 1200/1999 best 12.667
  step 1250/1999 best 12.710
  step 1300/1999 best 12.419
  step 1350/1999 best 12.686
  step 1400/1999 best 12.644
  step 1450/1999 best 12.608
  step 1500/1999 best 12.596
  step 1550/1999 best 12.667
  step 1600/1999 best 12.730
  step 1650/1999 best 12.715
  step 1700/1999 best 12.661
  step 1750/1999 best 12.575
  step 1800/1999 best 12.747
  step 1850/1999 best 12.684
  step 1900/1999 best 12.495
  step 1950/1999 best 12.653
saved SBC_CHAINS_cnn_vmim__n1_seed_s2_sim2631_row2230651_noise7575_7754_7933 (240000, 4) acc=0.171
  step 0/1999 best -11.691
  step 50/1999 best -5.497
  step 100/1999 best -2.708
  step 150/1999 best 7.638
  step 200/1999 best 11.513
  step 250/1999 best 11.476
  step 300/1999 best 11.561
  step 350/1999 best 11.612
  step 400/1999 best 11.875
  step 450/1999 best 11.655
  step 500/1999 best 11.804
  step 550/1999 best 11.778
  step 600/1999 best 11.883
  step 650/1999 best 11.797
  step 700/1999 best 11.654
  step 750/1999 best 11.893
  step 800/1999 best 11.617
  step 850/1999 best 11.724
  step 900/1999 best 11.815
  step 950/1999 best 11.886
  step 1000/1999 best 11.792
  step 1050/1999 best 11.764
  step 1100/1999 best 11.782
  step 1150/1999 best 11.705
  step 1200/1999 best 11.746
  step 1250/1999 best 11.812
  step 1300/1999 best 11.721
  step 1350/1999 best 11.675
  step 1400/1999 best 11.881
  step 1450/1999 best 11.692
  step 1500/1999 best 11.813
  step 1550/1999 best 11.899
  step 1600/1999 best 11.775
  step 1650/1999 best 11.913
  step 1700/1999 best 11.832
  step 1750/1999 best 11.676
  step 1800/1999 best 11.711
  step 1850/1999 best 11.768
  step 1900/1999 best 11.858
  step 1950/1999 best 11.769
saved SBC_CHAINS_cnn_vmim__n1_seed_s2_sim3026_row2621684_noise9488_9667_18 (240000, 4) acc=0.221
  step 0/1999 best -23.342
  step 50/1999 best 13.888
  step 100/1999 best 16.604
  step 150/1999 best 16.380
  step 200/1999 best 16.969
  step 250/1999 best 16.980
  step 300/1999 best 16.954
  step 350/1999 best 16.914
  step 400/1999 best 16.926
  step 450/1999 best 16.719
  step 500/1999 best 16.885
  step 550/1999 best 16.923
  step 600/1999 best 16.932
  step 650/1999 best 16.945
  step 700/1999 best 16.815
  step 750/1999 best 17.054
  step 800/1999 best 17.007
  step 850/1999 best 16.954
  step 900/1999 best 16.909
  step 950/1999 best 17.014
  step 1000/1999 best 16.823
  step 1050/1999 best 17.016
  step 1100/1999 best 16.906
  step 1150/1999 best 16.932
  step 1200/1999 best 16.925
  step 1250/1999 best 16.932
  step 1300/1999 best 17.014
  step 1350/1999 best 16.997
  step 1400/1999 best 16.984
  step 1450/1999 best 16.979
  step 1500/1999 best 17.018
  step 1550/1999 best 16.941
  step 1600/1999 best 16.988
  step 1650/1999 best 16.990
  step 1700/1999 best 17.022
  step 1750/1999 best 16.960
  step 1800/1999 best 17.026
  step 1850/1999 best 16.848
  step 1900/1999 best 16.930
  step 1950/1999 best 16.913
saved SBC_CHAINS_cnn_vmim__n1_seed_s2_sim1988_row1599052_noise2796_2975_3154 (240000, 4) acc=0.364
  step 0/1999 best -11.011
  step 50/1999 best 3.959
  step 100/1999 best 15.529
  step 150/1999 best 14.104
  step 200/1999 best 15.920
  step 250/1999 best 15.911
  step 300/1999 best 15.976
  step 350/1999 best 16.197
  step 400/1999 best 16.272
  step 450/1999 best 16.332
  step 500/1999 best 16.369
  step 550/1999 best 16.275
  step 600/1999 best 16.414
  step 650/1999 best 16.259
  step 700/1999 best 16.364
  step 750/1999 best 16.285
  step 800/1999 best 16.349
  step 850/1999 best 16.311
  step 900/1999 best 16.376
  step 950/1999 best 16.306
  step 1000/1999 best 16.357
  step 1050/1999 best 16.194
  step 1100/1999 best 16.431
  step 1150/1999 best 16.336
  step 1200/1999 best 16.229
  step 1250/1999 best 16.368
  step 1300/1999 best 16.250
  step 1350/1999 best 16.369
  step 1400/1999 best 16.441
  step 1450/1999 best 16.354
  step 1500/1999 best 16.433
  step 1550/1999 best 16.432
  step 1600/1999 best 16.247
  step 1650/1999 best 16.385
  step 1700/1999 best 16.394
  step 1750/1999 best 16.342
  step 1800/1999 best 16.321
  step 1850/1999 best 16.344
  step 1900/1999 best 16.318
  step 1950/1999 best 16.358
saved SBC_CHAINS_cnn_vmim__n1_seed_s2_sim171_row162286_noise4210_4389_4568 (240000, 4) acc=0.276
  step 0/1999 best -20.625
  step 50/1999 best 0.290
  step 100/1999 best 4.576
  step 150/1999 best 13.194
  step 200/1999 best 13.879
  step 250/1999 best 14.632
  step 300/1999 best 15.116
  step 350/1999 best 15.237
  step 400/1999 best 15.349
  step 450/1999 best 15.192
  step 500/1999 best 15.530
  step 550/1999 best 15.548
  step 600/1999 best 15.682
  step 650/1999 best 15.379
  step 700/1999 best 15.462
  step 750/1999 best 15.525
  step 800/1999 best 15.646
  step 850/1999 best 15.476
  step 900/1999 best 15.551
  step 950/1999 best 15.636
  step 1000/1999 best 15.527
  step 1050/1999 best 15.694
  step 1100/1999 best 15.640
  step 1150/1999 best 15.626
  step 1200/1999 best 15.599
  step 1250/1999 best 15.599
  step 1300/1999 best 15.634
  step 1350/1999 best 15.515
  step 1400/1999 best 15.529
  step 1450/1999 best 15.591
  step 1500/1999 best 15.573
  step 1550/1999 best 15.623
  step 1600/1999 best 15.600
  step 1650/1999 best 15.558
  step 1700/1999 best 15.639
  step 1750/1999 best 15.558
  step 1800/1999 best 15.509
  step 1850/1999 best 15.555
  step 1900/1999 best 15.657
  step 1950/1999 best 15.567
saved SBC_CHAINS_cnn_vmim__n1_seed_s2_sim3087_row2682625_noise1633_1812_1991 (240000, 4) acc=0.343
  step 0/1999 best -24.944
  step 50/1999 best 6.323
  step 100/1999 best 15.656
  step 150/1999 best 16.348
  step 200/1999 best 16.500
  step 250/1999 best 17.071
  step 300/1999 best 16.930
  step 350/1999 best 16.895
  step 400/1999 best 16.841
  step 450/1999 best 17.010
  step 500/1999 best 16.958
  step 550/1999 best 16.954
  step 600/1999 best 16.943
  step 650/1999 best 17.053
  step 700/1999 best 16.718
  step 750/1999 best 16.968
  step 800/1999 best 16.882
  step 850/1999 best 17.039
  step 900/1999 best 17.031
  step 950/1999 best 16.869
  step 1000/1999 best 17.038
  step 1050/1999 best 16.875
  step 1100/1999 best 16.964
  step 1150/1999 best 17.038
  step 1200/1999 best 16.967
  step 1250/1999 best 17.076
  step 1300/1999 best 16.809
  step 1350/1999 best 17.099
  step 1400/1999 best 16.932
  step 1450/1999 best 16.975
  step 1500/1999 best 16.956
  step 1550/1999 best 17.037
  step 1600/1999 best 17.065
  step 1650/1999 best 16.796
  step 1700/1999 best 16.935
  step 1750/1999 best 16.977
  step 1800/1999 best 16.968
  step 1850/1999 best 17.052
  step 1900/1999 best 17.008
  step 1950/1999 best 16.777
saved SBC_CHAINS_cnn_vmim__n1_seed_s2_sim278_row264974_noise3790_3969_4148 (240000, 4) acc=0.283
  step 0/1999 best -15.297
  step 50/1999 best 5.836
  step 100/1999 best 8.150
  step 150/1999 best 9.836
  step 200/1999 best 12.136
  step 250/1999 best 12.143
  step 300/1999 best 12.402
  step 350/1999 best 12.504
  step 400/1999 best 12.704
  step 450/1999 best 12.585
  step 500/1999 best 12.538
  step 550/1999 best 12.441
  step 600/1999 best 12.626
  step 650/1999 best 12.634
  step 700/1999 best 12.649
  step 750/1999 best 12.700
  step 800/1999 best 12.638
  step 850/1999 best 12.541
  step 900/1999 best 12.601
  step 950/1999 best 12.684
  step 1000/1999 best 12.693
  step 1050/1999 best 12.572
  step 1100/1999 best 12.593
  step 1150/1999 best 12.549
  step 1200/1999 best 12.677
  step 1250/1999 best 12.605
  step 1300/1999 best 12.553
  step 1350/1999 best 12.346
  step 1400/1999 best 12.664
  step 1450/1999 best 12.548
  step 1500/1999 best 12.682
  step 1550/1999 best 12.594
  step 1600/1999 best 12.414
  step 1650/1999 best 12.626
  step 1700/1999 best 12.576
  step 1750/1999 best 12.635
  step 1800/1999 best 12.667
  step 1850/1999 best 12.587
  step 1900/1999 best 12.526
  step 1950/1999 best 12.519
saved SBC_CHAINS_cnn_vmim__n1_seed_s2_sim829_row778483_noise3931_4110_4289 (240000, 4) acc=0.304
  step 0/1999 best -19.513
  step 50/1999 best -0.003
  step 100/1999 best 8.171
  step 150/1999 best 10.246
  step 200/1999 best 12.798
  step 250/1999 best 12.764
  step 300/1999 best 13.525
  step 350/1999 best 13.497
  step 400/1999 best 13.602
  step 450/1999 best 13.664
  step 500/1999 best 13.797
  step 550/1999 best 13.603
  step 600/1999 best 13.746
  step 650/1999 best 13.489
  step 700/1999 best 13.570
  step 750/1999 best 13.645
  step 800/1999 best 13.476
  step 850/1999 best 13.487
  step 900/1999 best 13.661
  step 950/1999 best 13.645
  step 1000/1999 best 13.634
  step 1050/1999 best 13.788
  step 1100/1999 best 13.741
  step 1150/1999 best 13.704
  step 1200/1999 best 13.634
  step 1250/1999 best 13.512
  step 1300/1999 best 13.508
  step 1350/1999 best 13.620
  step 1400/1999 best 13.728
  step 1450/1999 best 13.561
  step 1500/1999 best 13.685
  step 1550/1999 best 13.719
  step 1600/1999 best 13.617
  step 1650/1999 best 13.579
  step 1700/1999 best 13.526
  step 1750/1999 best 13.687
  step 1800/1999 best 13.707
  step 1850/1999 best 13.451
  step 1900/1999 best 13.733
  step 1950/1999 best 13.575
saved SBC_CHAINS_cnn_vmim__n1_seed_s2_sim2613_row2212969_noise9549_9728_79 (240000, 4) acc=0.155
  step 0/1999 best -15.168
  step 50/1999 best 3.771
  step 100/1999 best 5.756
  step 150/1999 best 14.607
  step 200/1999 best 14.642
  step 250/1999 best 17.261
  step 300/1999 best 18.144
  step 350/1999 best 18.094
  step 400/1999 best 18.006
  step 450/1999 best 18.022
  step 500/1999 best 18.196
  step 550/1999 best 18.293
  step 600/1999 best 18.363
  step 650/1999 best 18.249
  step 700/1999 best 18.118
  step 750/1999 best 18.244
  step 800/1999 best 18.379
  step 850/1999 best 18.280
  step 900/1999 best 18.196
  step 950/1999 best 18.352
  step 1000/1999 best 18.105
  step 1050/1999 best 18.391
  step 1100/1999 best 18.302
  step 1150/1999 best 18.237
  step 1200/1999 best 18.320
  step 1250/1999 best 18.344
  step 1300/1999 best 18.259
  step 1350/1999 best 18.366
  step 1400/1999 best 18.294
  step 1450/1999 best 18.263
  step 1500/1999 best 18.398
  step 1550/1999 best 18.326
  step 1600/1999 best 18.258
  step 1650/1999 best 18.394
  step 1700/1999 best 18.380
  step 1750/1999 best 18.384
  step 1800/1999 best 18.415
  step 1850/1999 best 18.277
  step 1900/1999 best 18.275
  step 1950/1999 best 18.342
saved SBC_CHAINS_cnn_vmim__n1_seed_s2_sim1275_row1093201_noise7389_7568_7747 (240000, 4) acc=0.280
  step 0/1999 best -26.546
  step 50/1999 best -0.358
  step 100/1999 best 7.879
  step 150/1999 best 7.757
  step 200/1999 best 10.540
  step 250/1999 best 11.854
  step 300/1999 best 12.151
  step 350/1999 best 12.006
  step 400/1999 best 11.721
  step 450/1999 best 12.189
  step 500/1999 best 11.993
  step 550/1999 best 11.802
  step 600/1999 best 12.120
  step 650/1999 best 11.885
  step 700/1999 best 12.080
  step 750/1999 best 12.064
  step 800/1999 best 12.062
  step 850/1999 best 12.003
  step 900/1999 best 11.971
  step 950/1999 best 11.946
  step 1000/1999 best 12.109
  step 1050/1999 best 12.153
  step 1100/1999 best 11.883
  step 1150/1999 best 12.041
  step 1200/1999 best 12.112
  step 1250/1999 best 12.015
  step 1300/1999 best 12.109
  step 1350/1999 best 12.070
  step 1400/1999 best 12.090
  step 1450/1999 best 12.031
  step 1500/1999 best 12.143
  step 1550/1999 best 11.954
  step 1600/1999 best 11.958
  step 1650/1999 best 11.957
  step 1700/1999 best 12.062
  step 1750/1999 best 11.955
  step 1800/1999 best 12.120
  step 1850/1999 best 11.661
  step 1900/1999 best 12.153
  step 1950/1999 best 11.990
saved SBC_CHAINS_cnn_vmim__n1_seed_s2_sim2630_row2229643_noise6567_6746_6925 (240000, 4) acc=0.169
  step 0/1999 best -16.331
  step 50/1999 best 1.039
  step 100/1999 best 14.700
  step 150/1999 best 14.063
  step 200/1999 best 15.163
  step 250/1999 best 14.619
  step 300/1999 best 14.689
  step 350/1999 best 15.307
  step 400/1999 best 15.179
  step 450/1999 best 15.200
  step 500/1999 best 15.214
  step 550/1999 best 15.179
  step 600/1999 best 15.194
  step 650/1999 best 15.254
  step 700/1999 best 15.241
  step 750/1999 best 15.008
  step 800/1999 best 15.103
  step 850/1999 best 15.317
  step 900/1999 best 15.284
  step 950/1999 best 15.249
  step 1000/1999 best 15.216
  step 1050/1999 best 15.197
  step 1100/1999 best 15.209
  step 1150/1999 best 15.290
  step 1200/1999 best 15.319
  step 1250/1999 best 15.211
  step 1300/1999 best 15.222
  step 1350/1999 best 15.292
  step 1400/1999 best 15.239
  step 1450/1999 best 15.202
  step 1500/1999 best 15.269
  step 1550/1999 best 15.322
  step 1600/1999 best 15.263
  step 1650/1999 best 15.306
  step 1700/1999 best 15.023
  step 1750/1999 best 15.153
  step 1800/1999 best 15.210
  step 1850/1999 best 15.145
  step 1900/1999 best 15.317
  step 1950/1999 best 15.362
saved SBC_CHAINS_cnn_vmim__n1_seed_s2_sim2444_row2043933_noise7589_7768_7947 (240000, 4) acc=0.137
  step 0/1999 best -27.952
  step 50/1999 best 3.853
  step 100/1999 best 6.688
  step 150/1999 best 8.617
  step 200/1999 best 9.726
  step 250/1999 best 9.519
  step 300/1999 best 9.732
  step 350/1999 best 9.921
  step 400/1999 best 9.854
  step 450/1999 best 9.662
  step 500/1999 best 9.869
  step 550/1999 best 9.929
  step 600/1999 best 9.892
  step 650/1999 best 9.709
  step 700/1999 best 9.893
  step 750/1999 best 9.828
  step 800/1999 best 9.985
  step 850/1999 best 9.818
  step 900/1999 best 9.830
  step 950/1999 best 9.805
  step 1000/1999 best 9.917
  step 1050/1999 best 9.870
  step 1100/1999 best 9.621
  step 1150/1999 best 9.878
  step 1200/1999 best 9.895
  step 1250/1999 best 9.911
  step 1300/1999 best 9.880
  step 1350/1999 best 9.822
  step 1400/1999 best 9.776
  step 1450/1999 best 9.897
  step 1500/1999 best 9.748
  step 1550/1999 best 9.918
  step 1600/1999 best 9.877
  step 1650/1999 best 9.809
  step 1700/1999 best 9.781
  step 1750/1999 best 9.963
  step 1800/1999 best 9.968
  step 1850/1999 best 9.972
  step 1900/1999 best 9.873
  step 1950/1999 best 9.788
saved SBC_CHAINS_cnn_vmim__n1_seed_s2_sim2089_row1699690_noise6154_6333_6512 (240000, 4) acc=0.350
  step 0/1999 best -22.158
  step 50/1999 best 1.874
  step 100/1999 best 6.843
  step 150/1999 best 10.883
  step 200/1999 best 13.497
  step 250/1999 best 16.144
  step 300/1999 best 16.619
  step 350/1999 best 16.994
  step 400/1999 best 16.703
  step 450/1999 best 17.043
  step 500/1999 best 16.835
  step 550/1999 best 16.886
  step 600/1999 best 17.004
  step 650/1999 best 16.957
  step 700/1999 best 17.083
  step 750/1999 best 16.791
  step 800/1999 best 17.053
  step 850/1999 best 17.108
  step 900/1999 best 16.903
  step 950/1999 best 17.028
  step 1000/1999 best 17.076
  step 1050/1999 best 16.983
  step 1100/1999 best 17.034
  step 1150/1999 best 16.889
  step 1200/1999 best 17.085
  step 1250/1999 best 16.988
  step 1300/1999 best 17.038
  step 1350/1999 best 17.023
  step 1400/1999 best 17.069
  step 1450/1999 best 17.044
  step 1500/1999 best 16.917
  step 1550/1999 best 17.041
  step 1600/1999 best 17.000
  step 1650/1999 best 17.080
  step 1700/1999 best 17.043
  step 1750/1999 best 17.020
  step 1800/1999 best 16.988
  step 1850/1999 best 17.052
  step 1900/1999 best 16.947
  step 1950/1999 best 17.032
saved SBC_CHAINS_cnn_vmim__n1_seed_s2_sim1534_row1311615_noise1447_1626_1805 (240000, 4) acc=0.325
  step 0/1999 best -13.925
  step 50/1999 best -3.388
  step 100/1999 best 12.103
  step 150/1999 best 12.323
  step 200/1999 best 13.809
  step 250/1999 best 14.112
  step 300/1999 best 13.974
  step 350/1999 best 14.112
  step 400/1999 best 13.935
  step 450/1999 best 14.053
  step 500/1999 best 14.179
  step 550/1999 best 14.030
  step 600/1999 best 13.919
  step 650/1999 best 13.637
  step 700/1999 best 14.046
  step 750/1999 best 14.157
  step 800/1999 best 14.010
  step 850/1999 best 13.965
  step 900/1999 best 13.993
  step 950/1999 best 13.870
  step 1000/1999 best 14.165
  step 1050/1999 best 14.021
  step 1100/1999 best 13.844
  step 1150/1999 best 14.081
  step 1200/1999 best 14.129
  step 1250/1999 best 13.979
  step 1300/1999 best 13.898
  step 1350/1999 best 14.129
  step 1400/1999 best 14.169
  step 1450/1999 best 14.098
  step 1500/1999 best 14.109
  step 1550/1999 best 14.078
  step 1600/1999 best 14.113
  step 1650/1999 best 14.085
  step 1700/1999 best 14.024
  step 1750/1999 best 14.159
  step 1800/1999 best 14.084
  step 1850/1999 best 14.151
  step 1900/1999 best 14.109
  step 1950/1999 best 14.027
saved SBC_CHAINS_cnn_vmim__n1_seed_s2_sim296_row282431_noise1591_1770_1949 (240000, 4) acc=0.268
  step 0/1999 best -28.628
  step 50/1999 best -4.791
  step 100/1999 best 6.785
  step 150/1999 best 5.695
  step 200/1999 best 12.449
  step 250/1999 best 13.830
  step 300/1999 best 12.954
  step 350/1999 best 13.346
  step 400/1999 best 13.088
  step 450/1999 best 13.435
  step 500/1999 best 13.336
  step 550/1999 best 13.520
  step 600/1999 best 13.752
  step 650/1999 best 13.475
  step 700/1999 best 13.709
  step 750/1999 best 13.674
  step 800/1999 best 13.757
  step 850/1999 best 13.765
  step 900/1999 best 13.824
  step 950/1999 best 13.470
  step 1000/1999 best 13.677
  step 1050/1999 best 13.682
  step 1100/1999 best 13.670
  step 1150/1999 best 13.760
  step 1200/1999 best 13.696
  step 1250/1999 best 13.722
  step 1300/1999 best 13.835
  step 1350/1999 best 13.764
  step 1400/1999 best 13.745
  step 1450/1999 best 13.836
  step 1500/1999 best 13.828
  step 1550/1999 best 13.906
  step 1600/1999 best 13.769
  step 1650/1999 best 13.692
  step 1700/1999 best 13.645
  step 1750/1999 best 13.796
  step 1800/1999 best 13.709
  step 1850/1999 best 13.654
  step 1900/1999 best 13.820
  step 1950/1999 best 13.688
saved SBC_CHAINS_cnn_vmim__n1_seed_s2_sim2560_row2159512_noise5232_5411_5590 (240000, 4) acc=0.151
  step 0/1999 best -27.188
  step 50/1999 best 2.708
  step 100/1999 best 11.865
  step 150/1999 best 16.675
  step 200/1999 best 16.074
  step 250/1999 best 15.976
  step 300/1999 best 16.075
  step 350/1999 best 17.031
  step 400/1999 best 17.250
  step 450/1999 best 17.145
  step 500/1999 best 17.286
  step 550/1999 best 17.329
  step 600/1999 best 17.371
  step 650/1999 best 17.364
  step 700/1999 best 17.167
  step 750/1999 best 17.334
  step 800/1999 best 17.295
  step 850/1999 best 17.316
  step 900/1999 best 17.247
  step 950/1999 best 17.232
  step 1000/1999 best 17.305
  step 1050/1999 best 17.254
  step 1100/1999 best 17.230
  step 1150/1999 best 17.295
  step 1200/1999 best 17.271
  step 1250/1999 best 17.353
  step 1300/1999 best 17.301
  step 1350/1999 best 17.288
  step 1400/1999 best 17.309
  step 1450/1999 best 17.322
  step 1500/1999 best 17.329
  step 1550/1999 best 17.302
  step 1600/1999 best 17.284
  step 1650/1999 best 17.205
  step 1700/1999 best 17.366
  step 1750/1999 best 17.304
  step 1800/1999 best 17.343
  step 1850/1999 best 17.158
  step 1900/1999 best 17.279
  step 1950/1999 best 17.252
saved SBC_CHAINS_cnn_vmim__n1_seed_s2_sim2068_row1678450_noise4570_4749_4928 (240000, 4) acc=0.331
  step 0/1999 best -20.618
  step 50/1999 best 3.046
  step 100/1999 best 5.332
  step 150/1999 best 11.175
  step 200/1999 best 13.980
  step 250/1999 best 17.021
  step 300/1999 best 17.149
  step 350/1999 best 17.272
  step 400/1999 best 17.055
  step 450/1999 best 16.988
  step 500/1999 best 17.059
  step 550/1999 best 17.106
  step 600/1999 best 17.131
  step 650/1999 best 17.239
  step 700/1999 best 17.213
  step 750/1999 best 17.267
  step 800/1999 best 17.136
  step 850/1999 best 17.229
  step 900/1999 best 17.097
  step 950/1999 best 17.038
  step 1000/1999 best 17.171
  step 1050/1999 best 17.210
  step 1100/1999 best 17.137
  step 1150/1999 best 17.187
  step 1200/1999 best 17.279
  step 1250/1999 best 17.128
  step 1300/1999 best 17.224
  step 1350/1999 best 17.166
  step 1400/1999 best 17.131
  step 1450/1999 best 17.178
  step 1500/1999 best 17.119
  step 1550/1999 best 17.258
  step 1600/1999 best 17.270
  step 1650/1999 best 17.105
  step 1700/1999 best 17.204
  step 1750/1999 best 17.232
  step 1800/1999 best 17.259
  step 1850/1999 best 17.233
  step 1900/1999 best 17.288
  step 1950/1999 best 17.205
saved SBC_CHAINS_cnn_vmim__n1_seed_s2_sim1455_row1237609_noise1065_1244_1423 (240000, 4) acc=0.307
  step 0/1999 best -17.896
  step 50/1999 best 3.006
  step 100/1999 best 12.058
  step 150/1999 best 12.900
  step 200/1999 best 13.178
  step 250/1999 best 13.203
  step 300/1999 best 13.707
  step 350/1999 best 13.492
  step 400/1999 best 13.526
  step 450/1999 best 13.618
  step 500/1999 best 13.429
  step 550/1999 best 13.652
  step 600/1999 best 13.609
  step 650/1999 best 13.484
  step 700/1999 best 13.578
  step 750/1999 best 13.558
  step 800/1999 best 13.515
  step 850/1999 best 13.586
  step 900/1999 best 13.639
  step 950/1999 best 13.688
  step 1000/1999 best 13.555
  step 1050/1999 best 13.628
  step 1100/1999 best 13.569
  step 1150/1999 best 13.680
  step 1200/1999 best 13.685
  step 1250/1999 best 13.729
  step 1300/1999 best 13.607
  step 1350/1999 best 13.653
  step 1400/1999 best 13.462
  step 1450/1999 best 13.607
  step 1500/1999 best 13.496
  step 1550/1999 best 13.618
  step 1600/1999 best 13.632
  step 1650/1999 best 13.633
  step 1700/1999 best 13.678
  step 1750/1999 best 13.556
  step 1800/1999 best 13.667
  step 1850/1999 best 13.672
  step 1900/1999 best 13.730
  step 1950/1999 best 13.562
saved SBC_CHAINS_cnn_vmim__n1_seed_s2_sim2468_row2067801_noise1973_2152_2331 (240000, 4) acc=0.239
  step 0/1999 best -14.745
  step 50/1999 best -7.820
  step 100/1999 best 5.226
  step 150/1999 best 5.823
  step 200/1999 best 8.784
  step 250/1999 best 8.440
  step 300/1999 best 8.505
  step 350/1999 best 8.864
  step 400/1999 best 10.102
  step 450/1999 best 10.844
  step 500/1999 best 10.844
  step 550/1999 best 10.527
  step 600/1999 best 10.194
  step 650/1999 best 10.862
  step 700/1999 best 10.859
  step 750/1999 best 10.450
  step 800/1999 best 10.526
  step 850/1999 best 10.944
  step 900/1999 best 10.849
  step 950/1999 best 10.779
  step 1000/1999 best 11.002
  step 1050/1999 best 10.926
  step 1100/1999 best 10.691
  step 1150/1999 best 10.751
  step 1200/1999 best 10.594
  step 1250/1999 best 10.914
  step 1300/1999 best 10.969
  step 1350/1999 best 10.857
  step 1400/1999 best 10.803
  step 1450/1999 best 10.801
  step 1500/1999 best 10.754
  step 1550/1999 best 10.831
  step 1600/1999 best 10.720
  step 1650/1999 best 10.678
  step 1700/1999 best 10.557
  step 1750/1999 best 10.921
  step 1800/1999 best 10.877
  step 1850/1999 best 10.700
  step 1900/1999 best 10.870
  step 1950/1999 best 10.766
saved SBC_CHAINS_cnn_vmim__n1_seed_s2_sim2948_row2543641_noise241_420_599 (240000, 4) acc=0.180
  step 0/1999 best -10.989
  step 50/1999 best 2.341
  step 100/1999 best 6.974
  step 150/1999 best 11.482
  step 200/1999 best 16.061
  step 250/1999 best 15.900
  step 300/1999 best 15.737
  step 350/1999 best 16.000
  step 400/1999 best 16.118
  step 450/1999 best 16.196
  step 500/1999 best 16.163
  step 550/1999 best 16.082
  step 600/1999 best 16.123
  step 650/1999 best 16.075
  step 700/1999 best 16.224
  step 750/1999 best 16.156
  step 800/1999 best 16.148
  step 850/1999 best 16.215
  step 900/1999 best 16.120
  step 950/1999 best 16.221
  step 1000/1999 best 16.082
  step 1050/1999 best 16.280
  step 1100/1999 best 16.259
  step 1150/1999 best 16.278
  step 1200/1999 best 16.254
  step 1250/1999 best 16.026
  step 1300/1999 best 16.036
  step 1350/1999 best 16.120
  step 1400/1999 best 16.155
  step 1450/1999 best 16.044
  step 1500/1999 best 16.248
  step 1550/1999 best 16.213
  step 1600/1999 best 16.249
  step 1650/1999 best 16.203
  step 1700/1999 best 16.257
  step 1750/1999 best 16.132
  step 1800/1999 best 16.095
  step 1850/1999 best 16.156
  step 1900/1999 best 16.132
  step 1950/1999 best 16.172
saved SBC_CHAINS_cnn_vmim__n1_seed_s2_sim115_row114648_noise7540_7719_7898 (240000, 4) acc=0.244
  step 0/1999 best -20.087
  step 50/1999 best 0.236
  step 100/1999 best 7.103
  step 150/1999 best 11.212
  step 200/1999 best 12.420
  step 250/1999 best 12.910
  step 300/1999 best 13.386
  step 350/1999 best 13.514
  step 400/1999 best 13.449
  step 450/1999 best 13.428
  step 500/1999 best 13.627
  step 550/1999 best 13.336
  step 600/1999 best 13.593
  step 650/1999 best 13.616
  step 700/1999 best 13.589
  step 750/1999 best 13.476
  step 800/1999 best 13.413
  step 850/1999 best 13.587
  step 900/1999 best 13.511
  step 950/1999 best 13.574
  step 1000/1999 best 13.519
  step 1050/1999 best 13.526
  step 1100/1999 best 13.320
  step 1150/1999 best 13.352
  step 1200/1999 best 13.537
  step 1250/1999 best 13.506
  step 1300/1999 best 13.463
  step 1350/1999 best 13.372
  step 1400/1999 best 13.538
  step 1450/1999 best 13.486
  step 1500/1999 best 13.454
  step 1550/1999 best 13.380
  step 1600/1999 best 13.616
  step 1650/1999 best 13.581
  step 1700/1999 best 13.482
  step 1750/1999 best 13.567
  step 1800/1999 best 13.565
  step 1850/1999 best 13.275
  step 1900/1999 best 13.566
  step 1950/1999 best 13.456
saved SBC_CHAINS_cnn_vmim__n1_seed_s2_sim2553_row2152897_noise8445_8624_8803 (240000, 4) acc=0.204
  step 0/1999 best -25.937
  step 50/1999 best 0.260
  step 100/1999 best 5.813
  step 150/1999 best 15.087
  step 200/1999 best 16.522
  step 250/1999 best 16.011
  step 300/1999 best 16.421
  step 350/1999 best 16.191
  step 400/1999 best 17.747
  step 450/1999 best 17.563
  step 500/1999 best 17.201
  step 550/1999 best 17.706
  step 600/1999 best 17.582
  step 650/1999 best 17.824
  step 700/1999 best 17.759
  step 750/1999 best 17.810
  step 800/1999 best 17.661
  step 850/1999 best 17.626
  step 900/1999 best 17.868
  step 950/1999 best 17.675
  step 1000/1999 best 17.604
  step 1050/1999 best 17.841
  step 1100/1999 best 17.560
  step 1150/1999 best 17.769
  step 1200/1999 best 17.614
  step 1250/1999 best 17.600
  step 1300/1999 best 17.819
  step 1350/1999 best 17.787
  step 1400/1999 best 17.849
  step 1450/1999 best 17.830
  step 1500/1999 best 17.778
  step 1550/1999 best 17.741
  step 1600/1999 best 17.806
  step 1650/1999 best 17.580
  step 1700/1999 best 17.787
  step 1750/1999 best 17.794
  step 1800/1999 best 17.762
  step 1850/1999 best 17.619
  step 1900/1999 best 17.725
  step 1950/1999 best 17.820
saved SBC_CHAINS_cnn_vmim__n1_seed_s2_sim1300_row1109225_noise2929_3108_3287 (240000, 4) acc=0.260
  step 0/1999 best -13.444
  step 50/1999 best 0.170
  step 100/1999 best 9.671
  step 150/1999 best 12.809
  step 200/1999 best 14.676
  step 250/1999 best 14.925
  step 300/1999 best 15.013
  step 350/1999 best 15.175
  step 400/1999 best 15.077
  step 450/1999 best 15.132
  step 500/1999 best 15.082
  step 550/1999 best 15.181
  step 600/1999 best 15.178
  step 650/1999 best 15.231
  step 700/1999 best 15.042
  step 750/1999 best 15.252
  step 800/1999 best 15.085
  step 850/1999 best 15.165
  step 900/1999 best 15.316
  step 950/1999 best 15.237
  step 1000/1999 best 15.267
  step 1050/1999 best 15.168
  step 1100/1999 best 15.152
  step 1150/1999 best 15.124
  step 1200/1999 best 15.254
  step 1250/1999 best 15.219
  step 1300/1999 best 15.215
  step 1350/1999 best 15.168
  step 1400/1999 best 15.226
  step 1450/1999 best 15.259
  step 1500/1999 best 15.193
  step 1550/1999 best 15.222
  step 1600/1999 best 15.132
  step 1650/1999 best 15.233
  step 1700/1999 best 15.275
  step 1750/1999 best 15.188
  step 1800/1999 best 15.114
  step 1850/1999 best 15.169
  step 1900/1999 best 15.091
  step 1950/1999 best 15.172
saved SBC_CHAINS_cnn_vmim__n1_seed_s2_sim3068_row2663443_noise2107_2286_2465 (240000, 4) acc=0.314
  step 0/1999 best -20.432
  step 50/1999 best -4.221
  step 100/1999 best -4.221
  step 150/1999 best -2.294
  step 200/1999 best 1.498
  step 250/1999 best 6.267
  step 300/1999 best 7.117
  step 350/1999 best 11.442
  step 400/1999 best 11.516
  step 450/1999 best 12.872
  step 500/1999 best 12.694
  step 550/1999 best 13.009
  step 600/1999 best 12.978
  step 650/1999 best 12.627
  step 700/1999 best 12.759
  step 750/1999 best 12.799
  step 800/1999 best 13.036
  step 850/1999 best 12.729
  step 900/1999 best 12.895
  step 950/1999 best 13.013
  step 1000/1999 best 12.698
  step 1050/1999 best 12.949
  step 1100/1999 best 12.749
  step 1150/1999 best 12.826
  step 1200/1999 best 13.019
  step 1250/1999 best 13.032
  step 1300/1999 best 12.741
  step 1350/1999 best 12.911
  step 1400/1999 best 12.770
  step 1450/1999 best 12.809
  step 1500/1999 best 12.870
  step 1550/1999 best 12.846
  step 1600/1999 best 12.841
  step 1650/1999 best 12.951
  step 1700/1999 best 13.031
  step 1750/1999 best 12.895
  step 1800/1999 best 12.830
  step 1850/1999 best 12.954
  step 1900/1999 best 12.944
  step 1950/1999 best 12.825
saved SBC_CHAINS_cnn_vmim__n1_seed_s2_sim2596_row2195880_noise2288_2467_2646 (240000, 4) acc=0.139
  step 0/1999 best -19.853
  step 50/1999 best -6.135
  step 100/1999 best -3.458
  step 150/1999 best -1.007
  step 200/1999 best -0.055
  step 250/1999 best 1.735
  step 300/1999 best 2.597
  step 350/1999 best 5.636
  step 400/1999 best 8.968
  step 450/1999 best 9.054
  step 500/1999 best 13.001
  step 550/1999 best 16.202
  step 600/1999 best 15.569
  step 650/1999 best 16.174
  step 700/1999 best 15.921
  step 750/1999 best 16.159
  step 800/1999 best 16.051
  step 850/1999 best 15.785
  step 900/1999 best 16.083
  step 950/1999 best 15.930
  step 1000/1999 best 16.165
  step 1050/1999 best 16.102
  step 1100/1999 best 16.047
  step 1150/1999 best 16.060
  step 1200/1999 best 16.214
  step 1250/1999 best 16.035
  step 1300/1999 best 15.844
  step 1350/1999 best 16.264
  step 1400/1999 best 16.230
  step 1450/1999 best 15.922
  step 1500/1999 best 16.252
  step 1550/1999 best 16.094
  step 1600/1999 best 16.057
  step 1650/1999 best 15.977
  step 1700/1999 best 16.069
  step 1750/1999 best 16.034
  step 1800/1999 best 16.072
  step 1850/1999 best 16.109
  step 1900/1999 best 16.109
  step 1950/1999 best 16.201
saved SBC_CHAINS_cnn_vmim__n1_seed_s2_sim645_row598000_noise6180_6359_6538 (240000, 4) acc=0.212
  step 0/1999 best -26.560
  step 50/1999 best 2.089
  step 100/1999 best 5.995
  step 150/1999 best 14.764
  step 200/1999 best 15.175
  step 250/1999 best 15.087
  step 300/1999 best 15.022
  step 350/1999 best 15.220
  step 400/1999 best 15.181
  step 450/1999 best 15.175
  step 500/1999 best 14.919
  step 550/1999 best 14.960
  step 600/1999 best 14.894
  step 650/1999 best 14.882
  step 700/1999 best 15.090
  step 750/1999 best 15.146
  step 800/1999 best 15.013
  step 850/1999 best 14.995
  step 900/1999 best 15.175
  step 950/1999 best 15.231
  step 1000/1999 best 15.051
  step 1050/1999 best 15.226
  step 1100/1999 best 15.155
  step 1150/1999 best 15.044
  step 1200/1999 best 15.043
  step 1250/1999 best 15.211
  step 1300/1999 best 15.121
  step 1350/1999 best 15.164
  step 1400/1999 best 15.149
  step 1450/1999 best 15.136
  step 1500/1999 best 15.123
  step 1550/1999 best 15.016
  step 1600/1999 best 15.102
  step 1650/1999 best 15.193
  step 1700/1999 best 14.962
  step 1750/1999 best 15.140
  step 1800/1999 best 15.109
  step 1850/1999 best 14.997
  step 1900/1999 best 15.192
  step 1950/1999 best 14.996
saved SBC_CHAINS_cnn_vmim__n1_seed_s2_sim980_row929344_noise7372_7551_7730 (240000, 4) acc=0.330
  step 0/1999 best -24.925
  step 50/1999 best 0.380
  step 100/1999 best 13.216
  step 150/1999 best 14.119
  step 200/1999 best 15.060
  step 250/1999 best 15.182
  step 300/1999 best 15.104
  step 350/1999 best 15.139
  step 400/1999 best 15.091
  step 450/1999 best 15.078
  step 500/1999 best 14.981
  step 550/1999 best 15.180
  step 600/1999 best 15.005
  step 650/1999 best 15.077
  step 700/1999 best 14.998
  step 750/1999 best 15.212
  step 800/1999 best 15.193
  step 850/1999 best 15.153
  step 900/1999 best 15.082
  step 950/1999 best 15.008
  step 1000/1999 best 15.111
  step 1050/1999 best 15.042
  step 1100/1999 best 15.050
  step 1150/1999 best 15.208
  step 1200/1999 best 15.110
  step 1250/1999 best 15.007
  step 1300/1999 best 15.099
  step 1350/1999 best 15.235
  step 1400/1999 best 15.127
  step 1450/1999 best 15.152
  step 1500/1999 best 15.220
  step 1550/1999 best 14.992
  step 1600/1999 best 15.274
  step 1650/1999 best 15.187
  step 1700/1999 best 15.114
  step 1750/1999 best 15.217
  step 1800/1999 best 15.163
  step 1850/1999 best 15.226
  step 1900/1999 best 15.003
  step 1950/1999 best 15.191
saved SBC_CHAINS_cnn_vmim__n1_seed_s2_sim1935_row1546917_noise9629_9808_159 (240000, 4) acc=0.232
  step 0/1999 best -18.344
  step 50/1999 best 6.406
  step 100/1999 best 10.280
  step 150/1999 best 11.534
  step 200/1999 best 15.469
  step 250/1999 best 16.048
  step 300/1999 best 15.804
  step 350/1999 best 16.374
  step 400/1999 best 16.293
  step 450/1999 best 16.757
  step 500/1999 best 16.736
  step 550/1999 best 16.790
  step 600/1999 best 16.836
  step 650/1999 best 16.757
  step 700/1999 best 16.853
  step 750/1999 best 16.670
  step 800/1999 best 16.689
  step 850/1999 best 16.735
  step 900/1999 best 16.798
  step 950/1999 best 16.618
  step 1000/1999 best 16.913
  step 1050/1999 best 16.707
  step 1100/1999 best 16.732
  step 1150/1999 best 16.818
  step 1200/1999 best 16.723
  step 1250/1999 best 16.768
  step 1300/1999 best 16.871
  step 1350/1999 best 16.880
  step 1400/1999 best 16.815
  step 1450/1999 best 16.820
  step 1500/1999 best 16.565
  step 1550/1999 best 16.853
  step 1600/1999 best 16.774
  step 1650/1999 best 16.728
  step 1700/1999 best 16.882
  step 1750/1999 best 16.645
  step 1800/1999 best 16.895
  step 1850/1999 best 16.859
  step 1900/1999 best 16.846
  step 1950/1999 best 16.697
saved SBC_CHAINS_cnn_vmim__n1_seed_s2_sim2080_row1690190_noise6482_6661_6840 (240000, 4) acc=0.325
  step 0/1999 best -21.742
  step 50/1999 best 11.364
  step 100/1999 best 14.378
  step 150/1999 best 14.378
  step 200/1999 best 14.916
  step 250/1999 best 16.443
  step 300/1999 best 16.341
  step 350/1999 best 16.670
  step 400/1999 best 16.614
  step 450/1999 best 16.600
  step 500/1999 best 16.521
  step 550/1999 best 16.421
  step 600/1999 best 16.662
  step 650/1999 best 16.424
  step 700/1999 best 16.591
  step 750/1999 best 16.626
  step 800/1999 best 16.522
  step 850/1999 best 16.570
  step 900/1999 best 16.583
  step 950/1999 best 16.501
  step 1000/1999 best 16.591
  step 1050/1999 best 16.557
  step 1100/1999 best 16.689
  step 1150/1999 best 16.482
  step 1200/1999 best 16.517
  step 1250/1999 best 16.409
  step 1300/1999 best 16.311
  step 1350/1999 best 16.704
  step 1400/1999 best 16.650
  step 1450/1999 best 16.514
  step 1500/1999 best 16.519
  step 1550/1999 best 16.637
  step 1600/1999 best 16.534
  step 1650/1999 best 16.576
  step 1700/1999 best 16.679
  step 1750/1999 best 16.647
  step 1800/1999 best 16.566
  step 1850/1999 best 16.459
  step 1900/1999 best 16.558
  step 1950/1999 best 16.561
saved SBC_CHAINS_cnn_vmim__n1_seed_s2_sim423_row401947_noise1343_1522_1701 (240000, 4) acc=0.242
  step 0/1999 best -18.701
  step 50/1999 best 5.335
  step 100/1999 best 10.480
  step 150/1999 best 11.434
  step 200/1999 best 12.332
  step 250/1999 best 12.750
  step 300/1999 best 12.600
  step 350/1999 best 12.624
  step 400/1999 best 12.902
  step 450/1999 best 12.866
  step 500/1999 best 12.710
  step 550/1999 best 12.797
  step 600/1999 best 12.840
  step 650/1999 best 12.699
  step 700/1999 best 12.873
  step 750/1999 best 12.700
  step 800/1999 best 12.725
  step 850/1999 best 12.690
  step 900/1999 best 12.765
  step 950/1999 best 12.782
  step 1000/1999 best 12.794
  step 1050/1999 best 12.844
  step 1100/1999 best 12.810
  step 1150/1999 best 12.913
  step 1200/1999 best 12.878
  step 1250/1999 best 12.843
  step 1300/1999 best 12.757
  step 1350/1999 best 12.706
  step 1400/1999 best 12.617
  step 1450/1999 best 12.728
  step 1500/1999 best 12.831
  step 1550/1999 best 12.794
  step 1600/1999 best 12.799
  step 1650/1999 best 12.772
  step 1700/1999 best 12.803
  step 1750/1999 best 12.786
  step 1800/1999 best 12.831
  step 1850/1999 best 12.708
  step 1900/1999 best 12.732
  step 1950/1999 best 12.881
saved SBC_CHAINS_cnn_vmim__n1_seed_s2_sim1465_row1247626_noise1254_1433_1612 (240000, 4) acc=0.337
  step 0/1999 best -24.974
  step 50/1999 best 3.544
  step 100/1999 best 12.771
  step 150/1999 best 12.517
  step 200/1999 best 12.911
  step 250/1999 best 12.555
  step 300/1999 best 12.944
  step 350/1999 best 12.768
  step 400/1999 best 12.878
  step 450/1999 best 13.021
  step 500/1999 best 12.927
  step 550/1999 best 12.903
  step 600/1999 best 12.819
  step 650/1999 best 12.992
  step 700/1999 best 12.898
  step 750/1999 best 12.653
  step 800/1999 best 12.894
  step 850/1999 best 12.912
  step 900/1999 best 13.013
  step 950/1999 best 12.924
  step 1000/1999 best 12.860
  step 1050/1999 best 12.983
  step 1100/1999 best 12.955
  step 1150/1999 best 12.994
  step 1200/1999 best 12.923
  step 1250/1999 best 12.815
  step 1300/1999 best 12.904
  step 1350/1999 best 12.881
  step 1400/1999 best 12.988
  step 1450/1999 best 12.874
  step 1500/1999 best 12.942
  step 1550/1999 best 12.940
  step 1600/1999 best 12.958
  step 1650/1999 best 13.038
  step 1700/1999 best 12.983
  step 1750/1999 best 12.930
  step 1800/1999 best 12.953
  step 1850/1999 best 12.886
  step 1900/1999 best 13.001
  step 1950/1999 best 13.041
saved SBC_CHAINS_cnn_vmim__n1_seed_s2_sim1537_row1314705_noise4537_4716_4895 (240000, 4) acc=0.324
  step 0/1999 best -15.502
  step 50/1999 best -1.953
  step 100/1999 best 7.990
  step 150/1999 best 12.791
  step 200/1999 best 13.585
  step 250/1999 best 14.002
  step 300/1999 best 13.835
  step 350/1999 best 13.869
  step 400/1999 best 13.819
  step 450/1999 best 13.995
  step 500/1999 best 13.927
  step 550/1999 best 13.760
  step 600/1999 best 13.910
  step 650/1999 best 13.972
  step 700/1999 best 14.070
  step 750/1999 best 14.063
  step 800/1999 best 13.866
  step 850/1999 best 14.050
  step 900/1999 best 13.849
  step 950/1999 best 14.051
  step 1000/1999 best 14.004
  step 1050/1999 best 13.968
  step 1100/1999 best 13.927
  step 1150/1999 best 13.941
  step 1200/1999 best 13.948
  step 1250/1999 best 13.930
  step 1300/1999 best 13.866
  step 1350/1999 best 14.027
  step 1400/1999 best 13.916
  step 1450/1999 best 13.957
  step 1500/1999 best 13.867
  step 1550/1999 best 13.731
  step 1600/1999 best 13.987
  step 1650/1999 best 14.005
  step 1700/1999 best 14.048
  step 1750/1999 best 14.021
  step 1800/1999 best 13.823
  step 1850/1999 best 13.923
  step 1900/1999 best 13.994
  step 1950/1999 best 14.039
saved SBC_CHAINS_cnn_vmim__n1_seed_s2_sim955_row904075_noise1759_1938_2117 (240000, 4) acc=0.354
  step 0/1999 best -24.580
  step 50/1999 best 3.201
  step 100/1999 best 7.773
  step 150/1999 best 10.099
  step 200/1999 best 11.096
  step 250/1999 best 11.623
  step 300/1999 best 11.677
  step 350/1999 best 11.541
  step 400/1999 best 11.763
  step 450/1999 best 11.756
  step 500/1999 best 11.748
  step 550/1999 best 11.704
  step 600/1999 best 11.596
  step 650/1999 best 11.665
  step 700/1999 best 11.712
  step 750/1999 best 11.779
  step 800/1999 best 11.657
  step 850/1999 best 11.771
  step 900/1999 best 11.803
  step 950/1999 best 11.587
  step 1000/1999 best 11.720
  step 1050/1999 best 11.585
  step 1100/1999 best 11.845
  step 1150/1999 best 11.729
  step 1200/1999 best 11.781
  step 1250/1999 best 11.692
  step 1300/1999 best 11.758
  step 1350/1999 best 11.709
  step 1400/1999 best 11.805
  step 1450/1999 best 11.679
  step 1500/1999 best 11.651
  step 1550/1999 best 11.611
  step 1600/1999 best 11.773
  step 1650/1999 best 11.714
  step 1700/1999 best 11.756
  step 1750/1999 best 11.804
  step 1800/1999 best 11.828
  step 1850/1999 best 11.746
  step 1900/1999 best 11.721
  step 1950/1999 best 11.851
saved SBC_CHAINS_cnn_vmim__n1_seed_s2_sim841_row790394_noise6014_6193_6372 (240000, 4) acc=0.241
  step 0/1999 best -25.999
  step 50/1999 best -2.473
  step 100/1999 best 9.590
  step 150/1999 best 11.368
  step 200/1999 best 15.407
  step 250/1999 best 15.027
  step 300/1999 best 15.499
  step 350/1999 best 15.408
  step 400/1999 best 15.411
  step 450/1999 best 15.431
  step 500/1999 best 15.389
  step 550/1999 best 15.317
  step 600/1999 best 15.444
  step 650/1999 best 15.489
  step 700/1999 best 15.414
  step 750/1999 best 15.459
  step 800/1999 best 15.449
  step 850/1999 best 15.488
  step 900/1999 best 15.253
  step 950/1999 best 15.425
  step 1000/1999 best 15.239
  step 1050/1999 best 15.416
  step 1100/1999 best 15.333
  step 1150/1999 best 15.476
  step 1200/1999 best 15.418
  step 1250/1999 best 15.289
  step 1300/1999 best 15.317
  step 1350/1999 best 15.295
  step 1400/1999 best 15.482
  step 1450/1999 best 15.370
  step 1500/1999 best 15.413
  step 1550/1999 best 15.506
  step 1600/1999 best 15.374
  step 1650/1999 best 15.045
  step 1700/1999 best 15.446
  step 1750/1999 best 15.241
  step 1800/1999 best 15.452
  step 1850/1999 best 15.406
  step 1900/1999 best 15.315
  step 1950/1999 best 15.326
saved SBC_CHAINS_cnn_vmim__n1_seed_s2_sim2457_row2056252_noise252_431_610 (240000, 4) acc=0.172
  step 0/1999 best -19.584
  step 50/1999 best 12.824
  step 100/1999 best 14.403
  step 150/1999 best 14.586
  step 200/1999 best 14.848
  step 250/1999 best 14.734
  step 300/1999 best 15.042
  step 350/1999 best 14.997
  step 400/1999 best 15.031
  step 450/1999 best 14.970
  step 500/1999 best 15.028
  step 550/1999 best 14.971
  step 600/1999 best 14.894
  step 650/1999 best 15.067
  step 700/1999 best 15.082
  step 750/1999 best 15.020
  step 800/1999 best 14.898
  step 850/1999 best 14.999
  step 900/1999 best 15.028
  step 950/1999 best 14.919
  step 1000/1999 best 14.998
  step 1050/1999 best 14.924
  step 1100/1999 best 15.031
  step 1150/1999 best 15.003
  step 1200/1999 best 14.875
  step 1250/1999 best 15.007
  step 1300/1999 best 14.985
  step 1350/1999 best 14.952
  step 1400/1999 best 14.969
  step 1450/1999 best 14.970
  step 1500/1999 best 15.021
  step 1550/1999 best 14.806
  step 1600/1999 best 15.019
  step 1650/1999 best 14.949
  step 1700/1999 best 14.997
  step 1750/1999 best 14.980
  step 1800/1999 best 14.910
  step 1850/1999 best 14.890
  step 1900/1999 best 15.088
  step 1950/1999 best 14.847
saved SBC_CHAINS_cnn_vmim__n1_seed_s2_sim956_row905668_noise3352_3531_3710 (240000, 4) acc=0.381
  step 0/1999 best -27.573
  step 50/1999 best -0.422
  step 100/1999 best 1.161
  step 150/1999 best 3.369
  step 200/1999 best 11.560
  step 250/1999 best 14.137
  step 300/1999 best 14.198
  step 350/1999 best 14.198
  step 400/1999 best 14.480
  step 450/1999 best 15.112
  step 500/1999 best 14.817
  step 550/1999 best 14.970
  step 600/1999 best 14.969
  step 650/1999 best 15.046
  step 700/1999 best 15.236
  step 750/1999 best 15.023
  step 800/1999 best 15.259
  step 850/1999 best 15.167
  step 900/1999 best 15.171
  step 950/1999 best 15.178
  step 1000/1999 best 15.246
  step 1050/1999 best 15.082
  step 1100/1999 best 15.075
  step 1150/1999 best 15.166
  step 1200/1999 best 15.230
  step 1250/1999 best 15.101
  step 1300/1999 best 15.211
  step 1350/1999 best 15.225
  step 1400/1999 best 15.155
  step 1450/1999 best 15.145
  step 1500/1999 best 15.210
  step 1550/1999 best 15.172
  step 1600/1999 best 14.908
  step 1650/1999 best 15.118
  step 1700/1999 best 15.106
  step 1750/1999 best 15.141
  step 1800/1999 best 15.091
  step 1850/1999 best 15.166
  step 1900/1999 best 15.175
  step 1950/1999 best 15.136
saved SBC_CHAINS_cnn_vmim__n1_seed_s2_sim2392_row1991948_noise4744_4923_5102 (240000, 4) acc=0.171
  step 0/1999 best -20.948
  step 50/1999 best 1.202
  step 100/1999 best 2.705
  step 150/1999 best 4.744
  step 200/1999 best 4.896
  step 250/1999 best 6.315
  step 300/1999 best 8.844
  step 350/1999 best 9.290
  step 400/1999 best 9.189
  step 450/1999 best 9.721
  step 500/1999 best 9.385
  step 550/1999 best 9.609
  step 600/1999 best 9.924
  step 650/1999 best 9.992
  step 700/1999 best 9.978
  step 750/1999 best 9.883
  step 800/1999 best 9.723
  step 850/1999 best 10.043
  step 900/1999 best 9.899
  step 950/1999 best 10.068
  step 1000/1999 best 10.111
  step 1050/1999 best 10.109
  step 1100/1999 best 9.990
  step 1150/1999 best 9.896
  step 1200/1999 best 10.068
  step 1250/1999 best 10.094
  step 1300/1999 best 10.074
  step 1350/1999 best 9.949
  step 1400/1999 best 10.085
  step 1450/1999 best 9.994
  step 1500/1999 best 9.980
  step 1550/1999 best 9.886
  step 1600/1999 best 9.931
  step 1650/1999 best 9.992
  step 1700/1999 best 9.879
  step 1750/1999 best 10.023
  step 1800/1999 best 9.997
  step 1850/1999 best 10.037
  step 1900/1999 best 9.956
  step 1950/1999 best 10.040
saved SBC_CHAINS_cnn_vmim__n1_seed_s2_sim2923_row2518456_noise4540_4719_4898 (240000, 4) acc=0.227
  step 0/1999 best -18.200
  step 50/1999 best 8.428
  step 100/1999 best 12.521
  step 150/1999 best 13.281
  step 200/1999 best 12.714
  step 250/1999 best 13.096
  step 300/1999 best 13.274
  step 350/1999 best 13.261
  step 400/1999 best 13.393
  step 450/1999 best 13.125
  step 500/1999 best 13.332
  step 550/1999 best 12.853
  step 600/1999 best 13.349
  step 650/1999 best 13.170
  step 700/1999 best 13.317
  step 750/1999 best 13.305
  step 800/1999 best 13.343
  step 850/1999 best 13.185
  step 900/1999 best 13.275
  step 950/1999 best 13.279
  step 1000/1999 best 13.225
  step 1050/1999 best 13.248
  step 1100/1999 best 13.146
  step 1150/1999 best 13.256
  step 1200/1999 best 13.310
  step 1250/1999 best 13.249
  step 1300/1999 best 13.293
  step 1350/1999 best 13.330
  step 1400/1999 best 13.324
  step 1450/1999 best 13.228
  step 1500/1999 best 13.385
  step 1550/1999 best 13.256
  step 1600/1999 best 13.235
  step 1650/1999 best 13.359
  step 1700/1999 best 13.251
  step 1750/1999 best 13.128
  step 1800/1999 best 13.317
  step 1850/1999 best 13.364
  step 1900/1999 best 13.185
  step 1950/1999 best 13.403
saved SBC_CHAINS_cnn_vmim__n1_seed_s2_sim835_row784994_noise614_793_972 (240000, 4) acc=0.224
  step 0/1999 best -20.593
  step 50/1999 best 14.426
  step 100/1999 best 16.645
  step 150/1999 best 16.888
  step 200/1999 best 17.033
  step 250/1999 best 17.337
  step 300/1999 best 17.419
  step 350/1999 best 17.643
  step 400/1999 best 17.325
  step 450/1999 best 17.608
  step 500/1999 best 17.590
  step 550/1999 best 17.475
  step 600/1999 best 17.622
  step 650/1999 best 17.604
  step 700/1999 best 17.625
  step 750/1999 best 17.503
  step 800/1999 best 17.491
  step 850/1999 best 17.633
  step 900/1999 best 17.533
  step 950/1999 best 17.443
  step 1000/1999 best 17.427
  step 1050/1999 best 17.528
  step 1100/1999 best 17.611
  step 1150/1999 best 17.578
  step 1200/1999 best 17.452
  step 1250/1999 best 17.629
  step 1300/1999 best 17.550
  step 1350/1999 best 17.648
  step 1400/1999 best 17.571
  step 1450/1999 best 17.435
  step 1500/1999 best 17.554
  step 1550/1999 best 17.533
  step 1600/1999 best 17.637
  step 1650/1999 best 17.589
  step 1700/1999 best 17.649
  step 1750/1999 best 17.577
  step 1800/1999 best 17.468
  step 1850/1999 best 17.609
  step 1900/1999 best 17.631
  step 1950/1999 best 17.587
saved SBC_CHAINS_cnn_vmim__n1_seed_s2_sim1983_row1594758_noise8330_8509_8688 (240000, 4) acc=0.385
  step 0/1999 best -20.166
  step 50/1999 best 7.171
  step 100/1999 best 10.623
  step 150/1999 best 10.623
  step 200/1999 best 10.957
  step 250/1999 best 13.723
  step 300/1999 best 12.877
  step 350/1999 best 14.245
  step 400/1999 best 15.923
  step 450/1999 best 15.664
  step 500/1999 best 15.921
  step 550/1999 best 16.142
  step 600/1999 best 16.513
  step 650/1999 best 16.547
  step 700/1999 best 16.369
  step 750/1999 best 16.477
  step 800/1999 best 16.452
  step 850/1999 best 16.553
  step 900/1999 best 16.228
  step 950/1999 best 16.576
  step 1000/1999 best 16.411
  step 1050/1999 best 16.358
  step 1100/1999 best 16.441
  step 1150/1999 best 16.468
  step 1200/1999 best 16.437
  step 1250/1999 best 16.523
  step 1300/1999 best 16.289
  step 1350/1999 best 16.379
  step 1400/1999 best 16.462
  step 1450/1999 best 16.539
  step 1500/1999 best 16.382
  step 1550/1999 best 16.363
  step 1600/1999 best 16.435
  step 1650/1999 best 16.371
  step 1700/1999 best 16.507
  step 1750/1999 best 16.463
  step 1800/1999 best 16.517
  step 1850/1999 best 16.549
  step 1900/1999 best 16.469
  step 1950/1999 best 16.392
saved SBC_CHAINS_cnn_vmim__n1_seed_s2_sim1930_row1541929_noise4641_4820_4999 (240000, 4) acc=0.275
  step 0/1999 best -24.434
  step 50/1999 best 8.770
  step 100/1999 best 8.750
  step 150/1999 best 9.283
  step 200/1999 best 10.768
  step 250/1999 best 12.083
  step 300/1999 best 12.185
  step 350/1999 best 12.316
  step 400/1999 best 12.175
  step 450/1999 best 12.320
  step 500/1999 best 12.282
  step 550/1999 best 12.261
  step 600/1999 best 12.241
  step 650/1999 best 12.283
  step 700/1999 best 12.106
  step 750/1999 best 12.323
  step 800/1999 best 12.376
  step 850/1999 best 12.353
  step 900/1999 best 12.299
  step 950/1999 best 12.395
  step 1000/1999 best 12.340
  step 1050/1999 best 12.297
  step 1100/1999 best 12.318
  step 1150/1999 best 12.340
  step 1200/1999 best 12.264
  step 1250/1999 best 12.282
  step 1300/1999 best 12.207
  step 1350/1999 best 12.217
  step 1400/1999 best 12.287
  step 1450/1999 best 12.312
  step 1500/1999 best 12.154
  step 1550/1999 best 12.272
  step 1600/1999 best 12.351
  step 1650/1999 best 12.257
  step 1700/1999 best 12.281
  step 1750/1999 best 12.201
  step 1800/1999 best 12.199
  step 1850/1999 best 12.401
  step 1900/1999 best 12.204
  step 1950/1999 best 12.189
saved SBC_CHAINS_cnn_vmim__n1_seed_s2_sim373_row359386_noise9750_101_280 (240000, 4) acc=0.297
  step 0/1999 best -21.246
  step 50/1999 best 0.841
  step 100/1999 best 3.829
  step 150/1999 best 9.675
  step 200/1999 best 9.763
  step 250/1999 best 13.643
  step 300/1999 best 13.940
  step 350/1999 best 14.435
  step 400/1999 best 15.122
  step 450/1999 best 15.307
  step 500/1999 best 15.680
  step 550/1999 best 15.824
  step 600/1999 best 15.835
  step 650/1999 best 15.942
  step 700/1999 best 15.997
  step 750/1999 best 15.865
  step 800/1999 best 15.878
  step 850/1999 best 16.082
  step 900/1999 best 16.066
  step 950/1999 best 15.504
  step 1000/1999 best 15.844
  step 1050/1999 best 16.126
  step 1100/1999 best 15.839
  step 1150/1999 best 16.008
  step 1200/1999 best 16.077
  step 1250/1999 best 15.946
  step 1300/1999 best 15.880
  step 1350/1999 best 16.071
  step 1400/1999 best 15.733
  step 1450/1999 best 16.066
  step 1500/1999 best 16.084
  step 1550/1999 best 16.003
  step 1600/1999 best 15.949
  step 1650/1999 best 15.914
  step 1700/1999 best 16.121
  step 1750/1999 best 16.152
  step 1800/1999 best 16.048
  step 1850/1999 best 15.999
  step 1900/1999 best 16.061
  step 1950/1999 best 16.098
saved SBC_CHAINS_cnn_vmim__n1_seed_s2_sim838_row787421_noise3041_3220_3399 (240000, 4) acc=0.254
  step 0/1999 best -22.420
  step 50/1999 best 1.723
  step 100/1999 best 10.456
  step 150/1999 best 12.412
  step 200/1999 best 12.412
  step 250/1999 best 12.412
  step 300/1999 best 12.425
  step 350/1999 best 12.782
  step 400/1999 best 13.383
  step 450/1999 best 12.308
  step 500/1999 best 12.477
  step 550/1999 best 14.983
  step 600/1999 best 14.900
  step 650/1999 best 15.098
  step 700/1999 best 14.980
  step 750/1999 best 14.834
  step 800/1999 best 15.089
  step 850/1999 best 15.095
  step 900/1999 best 15.263
  step 950/1999 best 15.225
  step 1000/1999 best 15.113
  step 1050/1999 best 15.128
  step 1100/1999 best 15.055
  step 1150/1999 best 15.232
  step 1200/1999 best 15.240
  step 1250/1999 best 15.274
  step 1300/1999 best 15.228
  step 1350/1999 best 15.260
  step 1400/1999 best 15.187
  step 1450/1999 best 15.321
  step 1500/1999 best 15.289
  step 1550/1999 best 15.332
  step 1600/1999 best 15.338
  step 1650/1999 best 15.279
  step 1700/1999 best 15.200
  step 1750/1999 best 15.175
  step 1800/1999 best 15.227
  step 1850/1999 best 15.202
  step 1900/1999 best 15.263
  step 1950/1999 best 15.197
saved SBC_CHAINS_cnn_vmim__n1_seed_s2_sim3100_row2695119_noise4299_4478_4657 (240000, 4) acc=0.328
  step 0/1999 best -20.623
  step 50/1999 best 4.470
  step 100/1999 best 11.905
  step 150/1999 best 15.087
  step 200/1999 best 15.502
  step 250/1999 best 15.841
  step 300/1999 best 15.997
  step 350/1999 best 16.068
  step 400/1999 best 16.011
  step 450/1999 best 15.987
  step 500/1999 best 16.094
  step 550/1999 best 15.899
  step 600/1999 best 16.171
  step 650/1999 best 16.126
  step 700/1999 best 16.107
  step 750/1999 best 16.093
  step 800/1999 best 16.067
  step 850/1999 best 15.912
  step 900/1999 best 15.980
  step 950/1999 best 16.085
  step 1000/1999 best 16.103
  step 1050/1999 best 16.049
  step 1100/1999 best 16.102
  step 1150/1999 best 16.053
  step 1200/1999 best 16.069
  step 1250/1999 best 16.150
  step 1300/1999 best 16.088
  step 1350/1999 best 16.081
  step 1400/1999 best 15.957
  step 1450/1999 best 16.033
  step 1500/1999 best 16.171
  step 1550/1999 best 16.112
  step 1600/1999 best 16.009
  step 1650/1999 best 16.119
  step 1700/1999 best 15.984
  step 1750/1999 best 16.132
  step 1800/1999 best 16.014
  step 1850/1999 best 16.043
  step 1900/1999 best 15.990
  step 1950/1999 best 16.102
saved SBC_CHAINS_cnn_vmim__n1_seed_s2_sim800_row749510_noise4442_4621_4800 (240000, 4) acc=0.333
  step 0/1999 best -29.327
  step 50/1999 best 4.092
  step 100/1999 best 11.441
  step 150/1999 best 13.285
  step 200/1999 best 14.721
  step 250/1999 best 14.824
  step 300/1999 best 15.060
  step 350/1999 best 15.152
  step 400/1999 best 15.301
  step 450/1999 best 15.068
  step 500/1999 best 15.174
  step 550/1999 best 15.205
  step 600/1999 best 15.371
  step 650/1999 best 15.227
  step 700/1999 best 15.274
  step 750/1999 best 15.346
  step 800/1999 best 15.321
  step 850/1999 best 15.287
  step 900/1999 best 15.163
  step 950/1999 best 15.351
  step 1000/1999 best 15.309
  step 1050/1999 best 15.234
  step 1100/1999 best 15.290
  step 1150/1999 best 15.183
  step 1200/1999 best 15.279
  step 1250/1999 best 15.311
  step 1300/1999 best 15.331
  step 1350/1999 best 15.312
  step 1400/1999 best 15.367
  step 1450/1999 best 15.179
  step 1500/1999 best 15.300
  step 1550/1999 best 15.346
  step 1600/1999 best 15.252
  step 1650/1999 best 15.289
  step 1700/1999 best 15.219
  step 1750/1999 best 15.335
  step 1800/1999 best 15.275
  step 1850/1999 best 15.294
  step 1900/1999 best 15.338
  step 1950/1999 best 15.379
saved SBC_CHAINS_cnn_vmim__n1_seed_s2_sim1501_row1278004_noise7148_7327_7506 (240000, 4) acc=0.254
  step 0/1999 best -14.109
  step 50/1999 best 6.840
  step 100/1999 best 14.416
  step 150/1999 best 14.416
  step 200/1999 best 14.535
  step 250/1999 best 14.486
  step 300/1999 best 12.419
  step 350/1999 best 12.899
  step 400/1999 best 14.137
  step 450/1999 best 15.321
  step 500/1999 best 15.558
  step 550/1999 best 15.287
  step 600/1999 best 15.476
  step 650/1999 best 15.468
  step 700/1999 best 15.797
  step 750/1999 best 15.199
  step 800/1999 best 15.463
  step 850/1999 best 15.688
  step 900/1999 best 15.639
  step 950/1999 best 15.742
  step 1000/1999 best 15.744
  step 1050/1999 best 15.669
  step 1100/1999 best 15.366
  step 1150/1999 best 15.714
  step 1200/1999 best 15.752
  step 1250/1999 best 15.708
  step 1300/1999 best 15.796
  step 1350/1999 best 15.661
  step 1400/1999 best 15.482
  step 1450/1999 best 15.677
  step 1500/1999 best 15.672
  step 1550/1999 best 15.683
  step 1600/1999 best 15.712
  step 1650/1999 best 15.684
  step 1700/1999 best 15.493
  step 1750/1999 best 15.747
  step 1800/1999 best 15.812
  step 1850/1999 best 15.689
  step 1900/1999 best 15.747
  step 1950/1999 best 15.709
saved SBC_CHAINS_cnn_vmim__n1_seed_s2_sim2926_row2521850_noise7934_8113_8292 (240000, 4) acc=0.205
  step 0/1999 best -23.217
  step 50/1999 best -2.206
  step 100/1999 best 13.412
  step 150/1999 best 12.329
  step 200/1999 best 12.425
  step 250/1999 best 13.594
  step 300/1999 best 13.617
  step 350/1999 best 12.821
  step 400/1999 best 13.350
  step 450/1999 best 13.438
  step 500/1999 best 13.312
  step 550/1999 best 13.455
  step 600/1999 best 13.591
  step 650/1999 best 13.571
  step 700/1999 best 13.400
  step 750/1999 best 13.706
  step 800/1999 best 13.483
  step 850/1999 best 13.659
  step 900/1999 best 13.636
  step 950/1999 best 13.632
  step 1000/1999 best 13.372
  step 1050/1999 best 13.725
  step 1100/1999 best 13.577
  step 1150/1999 best 13.695
  step 1200/1999 best 13.593
  step 1250/1999 best 13.604
  step 1300/1999 best 13.591
  step 1350/1999 best 13.618
  step 1400/1999 best 13.572
  step 1450/1999 best 13.731
  step 1500/1999 best 13.701
  step 1550/1999 best 13.655
  step 1600/1999 best 13.648
  step 1650/1999 best 13.649
  step 1700/1999 best 13.684
  step 1750/1999 best 13.540
  step 1800/1999 best 13.616
  step 1850/1999 best 13.546
  step 1900/1999 best 13.626
  step 1950/1999 best 13.640
saved SBC_CHAINS_cnn_vmim__n1_seed_s2_sim3027_row2622266_noise242_421_600 (240000, 4) acc=0.229
  step 0/1999 best -19.031
  step 50/1999 best -1.738
  step 100/1999 best 9.291
  step 150/1999 best 11.400
  step 200/1999 best 11.487
  step 250/1999 best 13.720
  step 300/1999 best 16.148
  step 350/1999 best 14.226
  step 400/1999 best 14.304
  step 450/1999 best 14.882
  step 500/1999 best 15.703
  step 550/1999 best 15.235
  step 600/1999 best 15.858
  step 650/1999 best 16.037
  step 700/1999 best 15.582
  step 750/1999 best 15.711
  step 800/1999 best 15.886
  step 850/1999 best 16.098
  step 900/1999 best 15.685
  step 950/1999 best 16.179
  step 1000/1999 best 16.065
  step 1050/1999 best 15.750
  step 1100/1999 best 15.966
  step 1150/1999 best 15.953
  step 1200/1999 best 16.091
  step 1250/1999 best 15.790
  step 1300/1999 best 15.882
  step 1350/1999 best 16.096
  step 1400/1999 best 16.110
  step 1450/1999 best 15.947
  step 1500/1999 best 16.039
  step 1550/1999 best 16.112
  step 1600/1999 best 16.092
  step 1650/1999 best 16.058
  step 1700/1999 best 16.129
  step 1750/1999 best 16.061
  step 1800/1999 best 15.927
  step 1850/1999 best 16.028
  step 1900/1999 best 16.008
  step 1950/1999 best 16.042
saved SBC_CHAINS_cnn_vmim__n1_seed_s2_sim376_row362476_noise3012_3191_3370 (240000, 4) acc=0.237
  step 0/1999 best -19.840
  step 50/1999 best -5.177
  step 100/1999 best -2.399
  step 150/1999 best 7.124
  step 200/1999 best 9.436
  step 250/1999 best 11.486
  step 300/1999 best 11.574
  step 350/1999 best 11.283
  step 400/1999 best 11.489
  step 450/1999 best 11.655
  step 500/1999 best 11.746
  step 550/1999 best 11.652
  step 600/1999 best 11.653
  step 650/1999 best 11.572
  step 700/1999 best 11.622
  step 750/1999 best 11.616
  step 800/1999 best 11.668
  step 850/1999 best 11.668
  step 900/1999 best 11.799
  step 950/1999 best 11.554
  step 1000/1999 best 11.752
  step 1050/1999 best 11.684
  step 1100/1999 best 11.621
  step 1150/1999 best 11.540
  step 1200/1999 best 11.755
  step 1250/1999 best 11.446
  step 1300/1999 best 11.712
  step 1350/1999 best 11.682
  step 1400/1999 best 11.715
  step 1450/1999 best 11.703
  step 1500/1999 best 11.719
  step 1550/1999 best 11.632
  step 1600/1999 best 11.722
  step 1650/1999 best 11.619
  step 1700/1999 best 11.754
  step 1750/1999 best 11.620
  step 1800/1999 best 11.716
  step 1850/1999 best 11.700
  step 1900/1999 best 11.608
  step 1950/1999 best 11.750
saved SBC_CHAINS_cnn_vmim__n1_seed_s2_sim2623_row2222957_noise9709_60_239 (240000, 4) acc=0.222
  step 0/1999 best -15.077
  step 50/1999 best -0.620
  step 100/1999 best 4.667
  step 150/1999 best 4.620
  step 200/1999 best 7.082
  step 250/1999 best 11.024
  step 300/1999 best 12.894
  step 350/1999 best 14.069
  step 400/1999 best 14.724
  step 450/1999 best 14.884
  step 500/1999 best 14.242
  step 550/1999 best 14.675
  step 600/1999 best 14.267
  step 650/1999 best 14.682
  step 700/1999 best 14.764
  step 750/1999 best 14.680
  step 800/1999 best 14.872
  step 850/1999 best 14.845
  step 900/1999 best 14.873
  step 950/1999 best 14.830
  step 1000/1999 best 14.887
  step 1050/1999 best 14.626
  step 1100/1999 best 14.773
  step 1150/1999 best 14.813
  step 1200/1999 best 14.567
  step 1250/1999 best 14.832
  step 1300/1999 best 14.820
  step 1350/1999 best 14.836
  step 1400/1999 best 14.841
  step 1450/1999 best 14.931
  step 1500/1999 best 14.842
  step 1550/1999 best 14.904
  step 1600/1999 best 14.844
  step 1650/1999 best 14.841
  step 1700/1999 best 14.729
  step 1750/1999 best 14.820
  step 1800/1999 best 14.706
  step 1850/1999 best 14.793
  step 1900/1999 best 14.850
  step 1950/1999 best 14.847
saved SBC_CHAINS_cnn_vmim__n1_seed_s2_sim2848_row2443506_noise8214_8393_8572 (240000, 4) acc=0.165
  step 0/1999 best -29.509
  step 50/1999 best -3.003
  step 100/1999 best 5.703
  step 150/1999 best 13.439
  step 200/1999 best 12.316
  step 250/1999 best 14.359
  step 300/1999 best 15.460
  step 350/1999 best 15.669
  step 400/1999 best 15.529
  step 450/1999 best 15.621
  step 500/1999 best 15.503
  step 550/1999 best 15.658
  step 600/1999 best 15.589
  step 650/1999 best 15.698
  step 700/1999 best 15.565
  step 750/1999 best 15.657
  step 800/1999 best 15.741
  step 850/1999 best 15.676
  step 900/1999 best 15.524
  step 950/1999 best 15.760
  step 1000/1999 best 15.770
  step 1050/1999 best 15.626
  step 1100/1999 best 15.553
  step 1150/1999 best 15.538
  step 1200/1999 best 15.632
  step 1250/1999 best 15.821
  step 1300/1999 best 15.573
  step 1350/1999 best 15.634
  step 1400/1999 best 15.813
  step 1450/1999 best 15.636
  step 1500/1999 best 15.597
  step 1550/1999 best 15.579
  step 1600/1999 best 15.729
  step 1650/1999 best 15.778
  step 1700/1999 best 15.752
  step 1750/1999 best 15.613
  step 1800/1999 best 15.703
  step 1850/1999 best 15.661
  step 1900/1999 best 15.694
  step 1950/1999 best 15.751
saved SBC_CHAINS_cnn_vmim__n1_seed_s2_sim1507_row1284783_noise4099_4278_4457 (240000, 4) acc=0.204
  step 0/1999 best -22.516
  step 50/1999 best 13.460
  step 100/1999 best 15.074
  step 150/1999 best 17.414
  step 200/1999 best 17.737
  step 250/1999 best 18.373
  step 300/1999 best 18.026
  step 350/1999 best 18.396
  step 400/1999 best 18.367
  step 450/1999 best 18.183
  step 500/1999 best 18.399
  step 550/1999 best 18.254
  step 600/1999 best 18.110
  step 650/1999 best 18.252
  step 700/1999 best 18.238
  step 750/1999 best 18.302
  step 800/1999 best 18.370
  step 850/1999 best 18.255
  step 900/1999 best 18.361
  step 950/1999 best 18.237
  step 1000/1999 best 18.273
  step 1050/1999 best 18.279
  step 1100/1999 best 18.328
  step 1150/1999 best 18.295
  step 1200/1999 best 18.367
  step 1250/1999 best 18.324
  step 1300/1999 best 18.316
  step 1350/1999 best 18.254
  step 1400/1999 best 18.378
  step 1450/1999 best 18.300
  step 1500/1999 best 18.385
  step 1550/1999 best 18.276
  step 1600/1999 best 18.365
  step 1650/1999 best 18.412
  step 1700/1999 best 18.276
  step 1750/1999 best 18.330
  step 1800/1999 best 18.307
  step 1850/1999 best 18.228
  step 1900/1999 best 18.415
  step 1950/1999 best 18.348
saved SBC_CHAINS_cnn_vmim__n1_seed_s2_sim1353_row1162773_noise7337_7516_7695 (240000, 4) acc=0.298
  step 0/1999 best -15.154
  step 50/1999 best -3.966
  step 100/1999 best 5.824
  step 150/1999 best 10.982
  step 200/1999 best 12.047
  step 250/1999 best 12.025
  step 300/1999 best 11.962
  step 350/1999 best 11.784
  step 400/1999 best 12.168
  step 450/1999 best 12.184
  step 500/1999 best 11.924
  step 550/1999 best 11.906
  step 600/1999 best 12.225
  step 650/1999 best 12.025
  step 700/1999 best 12.244
  step 750/1999 best 12.153
  step 800/1999 best 12.230
  step 850/1999 best 12.064
  step 900/1999 best 12.231
  step 950/1999 best 12.260
  step 1000/1999 best 12.144
  step 1050/1999 best 12.213
  step 1100/1999 best 11.886
  step 1150/1999 best 12.178
  step 1200/1999 best 12.228
  step 1250/1999 best 12.155
  step 1300/1999 best 12.199
  step 1350/1999 best 12.261
  step 1400/1999 best 12.138
  step 1450/1999 best 12.248
  step 1500/1999 best 12.275
  step 1550/1999 best 12.238
  step 1600/1999 best 12.250
  step 1650/1999 best 12.151
  step 1700/1999 best 12.281
  step 1750/1999 best 12.208
  step 1800/1999 best 12.305
  step 1850/1999 best 12.282
  step 1900/1999 best 12.264
  step 1950/1999 best 12.190
saved SBC_CHAINS_cnn_vmim__n1_seed_s2_sim757_row706949_noise1193_1372_1551 (240000, 4) acc=0.209
  step 0/1999 best -18.769
  step 50/1999 best -0.542
  step 100/1999 best 1.341
  step 150/1999 best 3.132
  step 200/1999 best 11.256
  step 250/1999 best 13.844
  step 300/1999 best 14.559
  step 350/1999 best 14.833
  step 400/1999 best 15.292
  step 450/1999 best 15.298
  step 500/1999 best 15.333
  step 550/1999 best 15.095
  step 600/1999 best 15.406
  step 650/1999 best 15.243
  step 700/1999 best 15.244
  step 750/1999 best 15.181
  step 800/1999 best 15.375
  step 850/1999 best 15.286
  step 900/1999 best 15.244
  step 950/1999 best 15.325
  step 1000/1999 best 15.231
  step 1050/1999 best 15.408
  step 1100/1999 best 15.269
  step 1150/1999 best 15.359
  step 1200/1999 best 15.279
  step 1250/1999 best 15.379
  step 1300/1999 best 15.191
  step 1350/1999 best 15.258
  step 1400/1999 best 15.231
  step 1450/1999 best 15.130
  step 1500/1999 best 15.403
  step 1550/1999 best 15.324
  step 1600/1999 best 15.349
  step 1650/1999 best 15.206
  step 1700/1999 best 15.145
  step 1750/1999 best 15.340
  step 1800/1999 best 15.359
  step 1850/1999 best 15.136
  step 1900/1999 best 15.266
  step 1950/1999 best 15.091
saved SBC_CHAINS_cnn_vmim__n1_seed_s2_sim662_row615334_noise3858_4037_4216 (240000, 4) acc=0.234
  step 0/1999 best -22.448
  step 50/1999 best -1.649
  step 100/1999 best 8.493
  step 150/1999 best 11.061
  step 200/1999 best 11.635
  step 250/1999 best 12.682
  step 300/1999 best 12.850
  step 350/1999 best 12.879
  step 400/1999 best 12.992
  step 450/1999 best 12.786
  step 500/1999 best 13.169
  step 550/1999 best 12.713
  step 600/1999 best 12.895
  step 650/1999 best 12.925
  step 700/1999 best 13.075
  step 750/1999 best 12.706
  step 800/1999 best 13.050
  step 850/1999 best 13.129
  step 900/1999 best 13.124
  step 950/1999 best 13.013
  step 1000/1999 best 13.024
  step 1050/1999 best 13.107
  step 1100/1999 best 12.900
  step 1150/1999 best 12.939
  step 1200/1999 best 13.123
  step 1250/1999 best 12.885
  step 1300/1999 best 12.963
  step 1350/1999 best 12.853
  step 1400/1999 best 13.089
  step 1450/1999 best 13.028
  step 1500/1999 best 13.003
  step 1550/1999 best 12.986
  step 1600/1999 best 12.892
  step 1650/1999 best 13.114
  step 1700/1999 best 13.032
  step 1750/1999 best 13.068
  step 1800/1999 best 13.011
  step 1850/1999 best 13.074
  step 1900/1999 best 13.072
  step 1950/1999 best 13.094
saved SBC_CHAINS_cnn_vmim__n1_seed_s2_sim680_row631503_noise2371_2550_2729 (240000, 4) acc=0.198
  step 0/1999 best -14.744
  step 50/1999 best -6.476
  step 100/1999 best 10.052
  step 150/1999 best 10.825
  step 200/1999 best 11.948
  step 250/1999 best 13.040
  step 300/1999 best 13.258
  step 350/1999 best 13.421
  step 400/1999 best 13.865
  step 450/1999 best 13.538
  step 500/1999 best 13.867
  step 550/1999 best 13.788
  step 600/1999 best 13.587
  step 650/1999 best 13.836
  step 700/1999 best 13.619
  step 750/1999 best 13.828
  step 800/1999 best 13.858
  step 850/1999 best 13.725
  step 900/1999 best 13.667
  step 950/1999 best 13.701
  step 1000/1999 best 13.636
  step 1050/1999 best 13.703
  step 1100/1999 best 13.886
  step 1150/1999 best 13.718
  step 1200/1999 best 13.633
  step 1250/1999 best 13.770
  step 1300/1999 best 13.688
  step 1350/1999 best 13.689
  step 1400/1999 best 13.784
  step 1450/1999 best 13.858
  step 1500/1999 best 13.753
  step 1550/1999 best 13.809
  step 1600/1999 best 13.897
  step 1650/1999 best 13.682
  step 1700/1999 best 13.765
  step 1750/1999 best 13.661
  step 1800/1999 best 13.776
  step 1850/1999 best 13.651
  step 1900/1999 best 13.796
  step 1950/1999 best 13.837
saved SBC_CHAINS_cnn_vmim__n1_seed_s2_sim2626_row2225806_noise2730_2909_3088 (240000, 4) acc=0.181
  step 0/1999 best -21.782
  step 50/1999 best -2.916
  step 100/1999 best 9.504
  step 150/1999 best 10.932
  step 200/1999 best 14.246
  step 250/1999 best 15.131
  step 300/1999 best 15.412
  step 350/1999 best 15.424
  step 400/1999 best 15.435
  step 450/1999 best 15.350
  step 500/1999 best 15.349
  step 550/1999 best 15.256
  step 600/1999 best 15.461
  step 650/1999 best 15.361
  step 700/1999 best 15.370
  step 750/1999 best 15.440
  step 800/1999 best 15.341
  step 850/1999 best 15.408
  step 900/1999 best 15.436
  step 950/1999 best 15.372
  step 1000/1999 best 15.400
  step 1050/1999 best 15.365
  step 1100/1999 best 15.446
  step 1150/1999 best 15.403
  step 1200/1999 best 15.426
  step 1250/1999 best 15.396
  step 1300/1999 best 15.465
  step 1350/1999 best 15.454
  step 1400/1999 best 15.376
  step 1450/1999 best 15.410
  step 1500/1999 best 15.397
  step 1550/1999 best 15.343
  step 1600/1999 best 15.319
  step 1650/1999 best 15.467
  step 1700/1999 best 15.378
  step 1750/1999 best 15.423
  step 1800/1999 best 15.201
  step 1850/1999 best 15.358
  step 1900/1999 best 15.385
  step 1950/1999 best 15.479
saved SBC_CHAINS_cnn_vmim__n1_seed_s2_sim2044_row1654743_noise519_698_877 (240000, 4) acc=0.354
  step 0/1999 best -23.526
  step 50/1999 best -1.048
  step 100/1999 best 8.118
  step 150/1999 best 11.782
  step 200/1999 best 12.164
  step 250/1999 best 12.249
  step 300/1999 best 12.296
  step 350/1999 best 12.407
  step 400/1999 best 12.321
  step 450/1999 best 12.343
  step 500/1999 best 12.271
  step 550/1999 best 12.367
  step 600/1999 best 12.389
  step 650/1999 best 12.227
  step 700/1999 best 12.185
  step 750/1999 best 12.314
  step 800/1999 best 12.306
  step 850/1999 best 12.206
  step 900/1999 best 12.359
  step 950/1999 best 12.190
  step 1000/1999 best 12.405
  step 1050/1999 best 12.318
  step 1100/1999 best 12.333
  step 1150/1999 best 12.110
  step 1200/1999 best 12.258
  step 1250/1999 best 12.414
  step 1300/1999 best 12.154
  step 1350/1999 best 12.249
  step 1400/1999 best 12.180
  step 1450/1999 best 12.154
  step 1500/1999 best 12.419
  step 1550/1999 best 12.437
  step 1600/1999 best 12.306
  step 1650/1999 best 12.260
  step 1700/1999 best 12.224
  step 1750/1999 best 12.260
  step 1800/1999 best 12.340
  step 1850/1999 best 12.393
  step 1900/1999 best 12.312
  step 1950/1999 best 12.417
saved SBC_CHAINS_cnn_vmim__n1_seed_s2_sim2473_row2072784_noise6956_7135_7314 (240000, 4) acc=0.305
  step 0/1999 best -21.434
  step 50/1999 best -9.340
  step 100/1999 best 0.498
  step 150/1999 best 5.777
  step 200/1999 best 10.567
  step 250/1999 best 11.332
  step 300/1999 best 12.544
  step 350/1999 best 12.458
  step 400/1999 best 12.368
  step 450/1999 best 13.119
  step 500/1999 best 13.443
  step 550/1999 best 13.477
  step 600/1999 best 13.343
  step 650/1999 best 13.533
  step 700/1999 best 13.117
  step 750/1999 best 13.301
  step 800/1999 best 13.512
  step 850/1999 best 13.545
  step 900/1999 best 13.509
  step 950/1999 best 13.603
  step 1000/1999 best 13.582
  step 1050/1999 best 13.507
  step 1100/1999 best 13.527
  step 1150/1999 best 13.598
  step 1200/1999 best 13.509
  step 1250/1999 best 13.397
  step 1300/1999 best 13.393
  step 1350/1999 best 13.613
  step 1400/1999 best 13.480
  step 1450/1999 best 13.563
  step 1500/1999 best 13.601
  step 1550/1999 best 13.588
  step 1600/1999 best 13.616
  step 1650/1999 best 13.586
  step 1700/1999 best 13.598
  step 1750/1999 best 13.480
  step 1800/1999 best 13.415
  step 1850/1999 best 13.518
  step 1900/1999 best 13.642
  step 1950/1999 best 13.558
saved SBC_CHAINS_cnn_vmim__n1_seed_s2_sim2821_row2416116_noise480_659_838 (240000, 4) acc=0.247
  step 0/1999 best -26.528
  step 50/1999 best 6.179
  step 100/1999 best 8.880
  step 150/1999 best 12.679
  step 200/1999 best 13.402
  step 250/1999 best 13.304
  step 300/1999 best 13.704
  step 350/1999 best 13.551
  step 400/1999 best 13.755
  step 450/1999 best 13.748
  step 500/1999 best 13.767
  step 550/1999 best 13.708
  step 600/1999 best 13.707
  step 650/1999 best 13.818
  step 700/1999 best 13.799
  step 750/1999 best 13.780
  step 800/1999 best 13.729
  step 850/1999 best 13.700
  step 900/1999 best 13.759
  step 950/1999 best 13.735
  step 1000/1999 best 13.620
  step 1050/1999 best 13.681
  step 1100/1999 best 13.719
  step 1150/1999 best 13.711
  step 1200/1999 best 13.838
  step 1250/1999 best 13.808
  step 1300/1999 best 13.789
  step 1350/1999 best 13.767
  step 1400/1999 best 13.824
  step 1450/1999 best 13.857
  step 1500/1999 best 13.696
  step 1550/1999 best 13.725
  step 1600/1999 best 13.721
  step 1650/1999 best 13.702
  step 1700/1999 best 13.672
  step 1750/1999 best 13.588
  step 1800/1999 best 13.782
  step 1850/1999 best 13.776
  step 1900/1999 best 13.779
  step 1950/1999 best 13.705
saved SBC_CHAINS_cnn_vmim__n1_seed_s2_sim2390_row1989279_noise2075_2254_2433 (240000, 4) acc=0.252
  step 0/1999 best -16.353
  step 50/1999 best 1.873
  step 100/1999 best 7.327
  step 150/1999 best 13.670
  step 200/1999 best 14.902
  step 250/1999 best 14.847
  step 300/1999 best 15.947
  step 350/1999 best 15.677
  step 400/1999 best 15.993
  step 450/1999 best 16.021
  step 500/1999 best 16.003
  step 550/1999 best 16.020
  step 600/1999 best 15.923
  step 650/1999 best 16.057
  step 700/1999 best 15.876
  step 750/1999 best 16.020
  step 800/1999 best 16.019
  step 850/1999 best 16.009
  step 900/1999 best 15.857
  step 950/1999 best 16.002
  step 1000/1999 best 16.050
  step 1050/1999 best 15.982
  step 1100/1999 best 15.901
  step 1150/1999 best 15.910
  step 1200/1999 best 15.905
  step 1250/1999 best 15.894
  step 1300/1999 best 16.027
  step 1350/1999 best 15.767
  step 1400/1999 best 16.001
  step 1450/1999 best 15.900
  step 1500/1999 best 15.870
  step 1550/1999 best 15.933
  step 1600/1999 best 15.911
  step 1650/1999 best 16.044
  step 1700/1999 best 15.922
  step 1750/1999 best 15.921
  step 1800/1999 best 15.889
  step 1850/1999 best 15.983
  step 1900/1999 best 15.907
  step 1950/1999 best 15.963
saved SBC_CHAINS_cnn_vmim__n1_seed_s2_sim982_row931992_noise192_371_550 (240000, 4) acc=0.388
  step 0/1999 best -25.189
  step 50/1999 best 6.658
  step 100/1999 best 12.578
  step 150/1999 best 16.906
  step 200/1999 best 17.327
  step 250/1999 best 17.358
  step 300/1999 best 17.489
  step 350/1999 best 17.380
  step 400/1999 best 17.558
  step 450/1999 best 17.455
  step 500/1999 best 17.525
  step 550/1999 best 17.508
  step 600/1999 best 17.540
  step 650/1999 best 17.519
  step 700/1999 best 17.472
  step 750/1999 best 17.544
  step 800/1999 best 17.592
  step 850/1999 best 17.638
  step 900/1999 best 17.459
  step 950/1999 best 17.496
  step 1000/1999 best 17.521
  step 1050/1999 best 17.553
  step 1100/1999 best 17.456
  step 1150/1999 best 17.491
  step 1200/1999 best 17.597
  step 1250/1999 best 17.579
  step 1300/1999 best 17.628
  step 1350/1999 best 17.609
  step 1400/1999 best 17.608
  step 1450/1999 best 17.650
  step 1500/1999 best 17.590
  step 1550/1999 best 17.452
  step 1600/1999 best 17.544
  step 1650/1999 best 17.486
  step 1700/1999 best 17.537
  step 1750/1999 best 17.554
  step 1800/1999 best 17.534
  step 1850/1999 best 17.510
  step 1900/1999 best 17.517
  step 1950/1999 best 17.560
saved SBC_CHAINS_cnn_vmim__n1_seed_s2_sim1430_row1212287_noise5227_5406_5585 (240000, 4) acc=0.309
  step 0/1999 best -18.986
  step 50/1999 best -5.231
  step 100/1999 best 0.503
  step 150/1999 best 6.989
  step 200/1999 best 9.669
  step 250/1999 best 10.513
  step 300/1999 best 10.640
  step 350/1999 best 11.351
  step 400/1999 best 12.790
  step 450/1999 best 13.952
  step 500/1999 best 13.754
  step 550/1999 best 13.802
  step 600/1999 best 13.427
  step 650/1999 best 13.874
  step 700/1999 best 13.896
  step 750/1999 best 13.781
  step 800/1999 best 13.917
  step 850/1999 best 13.762
  step 900/1999 best 13.990
  step 950/1999 best 14.012
  step 1000/1999 best 13.997
  step 1050/1999 best 13.806
  step 1100/1999 best 13.996
  step 1150/1999 best 14.038
  step 1200/1999 best 14.040
  step 1250/1999 best 13.888
  step 1300/1999 best 13.983
  step 1350/1999 best 13.909
  step 1400/1999 best 13.941
  step 1450/1999 best 13.991
  step 1500/1999 best 13.945
  step 1550/1999 best 13.808
  step 1600/1999 best 13.999
  step 1650/1999 best 13.891
  step 1700/1999 best 13.699
  step 1750/1999 best 13.968
  step 1800/1999 best 13.965
  step 1850/1999 best 13.920
  step 1900/1999 best 13.898
  step 1950/1999 best 13.936
saved SBC_CHAINS_cnn_vmim__n1_seed_s2_sim2824_row2419720_noise4084_4263_4442 (240000, 4) acc=0.194
  step 0/1999 best -22.664
  step 50/1999 best 3.076
  step 100/1999 best 6.428
  step 150/1999 best 8.990
  step 200/1999 best 16.881
  step 250/1999 best 16.145
  step 300/1999 best 16.214
  step 350/1999 best 16.546
  step 400/1999 best 15.981
  step 450/1999 best 16.152
  step 500/1999 best 16.175
  step 550/1999 best 16.709
  step 600/1999 best 16.690
  step 650/1999 best 17.030
  step 700/1999 best 16.604
  step 750/1999 best 16.740
  step 800/1999 best 16.890
  step 850/1999 best 17.008
  step 900/1999 best 17.006
  step 950/1999 best 17.031
  step 1000/1999 best 16.978
  step 1050/1999 best 16.767
  step 1100/1999 best 16.762
  step 1150/1999 best 17.006
  step 1200/1999 best 16.834
  step 1250/1999 best 16.931
  step 1300/1999 best 17.054
  step 1350/1999 best 16.973
  step 1400/1999 best 16.895
  step 1450/1999 best 17.025
  step 1500/1999 best 17.043
  step 1550/1999 best 16.982
  step 1600/1999 best 16.898
  step 1650/1999 best 17.027
  step 1700/1999 best 16.920
  step 1750/1999 best 16.976
  step 1800/1999 best 16.978
  step 1850/1999 best 17.002
  step 1900/1999 best 16.999
  step 1950/1999 best 17.030
saved SBC_CHAINS_cnn_vmim__n1_seed_s2_sim736_row685259_noise8987_9166_9345 (240000, 4) acc=0.224
  step 0/1999 best -21.809
  step 50/1999 best 1.379
  step 100/1999 best 12.264
  step 150/1999 best 12.960
  step 200/1999 best 14.075
  step 250/1999 best 14.073
  step 300/1999 best 14.053
  step 350/1999 best 14.330
  step 400/1999 best 14.283
  step 450/1999 best 14.341
  step 500/1999 best 14.256
  step 550/1999 best 14.097
  step 600/1999 best 14.372
  step 650/1999 best 14.152
  step 700/1999 best 14.140
  step 750/1999 best 14.371
  step 800/1999 best 14.397
  step 850/1999 best 14.202
  step 900/1999 best 14.291
  step 950/1999 best 14.243
  step 1000/1999 best 14.207
  step 1050/1999 best 14.229
  step 1100/1999 best 14.279
  step 1150/1999 best 14.306
  step 1200/1999 best 14.299
  step 1250/1999 best 14.394
  step 1300/1999 best 14.306
  step 1350/1999 best 14.199
  step 1400/1999 best 14.222
  step 1450/1999 best 14.287
  step 1500/1999 best 14.301
  step 1550/1999 best 14.377
  step 1600/1999 best 14.357
  step 1650/1999 best 14.383
  step 1700/1999 best 14.252
  step 1750/1999 best 14.352
  step 1800/1999 best 14.324
  step 1850/1999 best 14.189
  step 1900/1999 best 14.285
  step 1950/1999 best 14.232
saved SBC_CHAINS_cnn_vmim__n1_seed_s2_sim1466_row1248103_noise1731_1910_2089 (240000, 4) acc=0.275
  step 0/1999 best -19.458
  step 50/1999 best -0.445
  step 100/1999 best 9.412
  step 150/1999 best 11.887
  step 200/1999 best 14.217
  step 250/1999 best 14.841
  step 300/1999 best 14.894
  step 350/1999 best 14.804
  step 400/1999 best 14.696
  step 450/1999 best 14.819
  step 500/1999 best 14.882
  step 550/1999 best 14.921
  step 600/1999 best 14.926
  step 650/1999 best 14.783
  step 700/1999 best 14.851
  step 750/1999 best 14.853
  step 800/1999 best 14.753
  step 850/1999 best 14.952
  step 900/1999 best 14.899
  step 950/1999 best 14.897
  step 1000/1999 best 14.885
  step 1050/1999 best 14.833
  step 1100/1999 best 14.929
  step 1150/1999 best 14.960
  step 1200/1999 best 14.880
  step 1250/1999 best 14.925
  step 1300/1999 best 14.916
  step 1350/1999 best 14.884
  step 1400/1999 best 14.911
  step 1450/1999 best 14.866
  step 1500/1999 best 14.892
  step 1550/1999 best 14.861
  step 1600/1999 best 14.916
  step 1650/1999 best 14.840
  step 1700/1999 best 14.690
  step 1750/1999 best 14.751
  step 1800/1999 best 14.825
  step 1850/1999 best 14.822
  step 1900/1999 best 14.933
  step 1950/1999 best 14.865
saved SBC_CHAINS_cnn_vmim__n1_seed_s2_sim883_row832926_noise9234_9413_9592 (240000, 4) acc=0.359
  step 0/1999 best -14.660
  step 50/1999 best 5.236
  step 100/1999 best 10.368
  step 150/1999 best 13.353
  step 200/1999 best 13.324
  step 250/1999 best 13.987
  step 300/1999 best 13.886
  step 350/1999 best 13.858
  step 400/1999 best 14.045
  step 450/1999 best 14.064
  step 500/1999 best 14.096
  step 550/1999 best 14.200
  step 600/1999 best 13.977
  step 650/1999 best 13.868
  step 700/1999 best 14.140
  step 750/1999 best 14.182
  step 800/1999 best 13.993
  step 850/1999 best 14.218
  step 900/1999 best 13.924
  step 950/1999 best 14.163
  step 1000/1999 best 14.148
  step 1050/1999 best 14.093
  step 1100/1999 best 14.159
  step 1150/1999 best 14.037
  step 1200/1999 best 14.140
  step 1250/1999 best 14.024
  step 1300/1999 best 14.043
  step 1350/1999 best 14.174
  step 1400/1999 best 14.198
  step 1450/1999 best 14.139
  step 1500/1999 best 14.198
  step 1550/1999 best 14.227
  step 1600/1999 best 14.143
  step 1650/1999 best 13.987
  step 1700/1999 best 14.231
  step 1750/1999 best 14.039
  step 1800/1999 best 14.143
  step 1850/1999 best 14.040
  step 1900/1999 best 14.075
  step 1950/1999 best 13.938
saved SBC_CHAINS_cnn_vmim__n1_seed_s2_sim758_row707349_noise1593_1772_1951 (240000, 4) acc=0.216
  step 0/1999 best -22.483
  step 50/1999 best -3.787
  step 100/1999 best 6.291
  step 150/1999 best 10.997
  step 200/1999 best 15.838
  step 250/1999 best 16.469
  step 300/1999 best 16.686
  step 350/1999 best 16.405
  step 400/1999 best 16.786
  step 450/1999 best 16.753
  step 500/1999 best 16.808
  step 550/1999 best 16.785
  step 600/1999 best 16.785
  step 650/1999 best 16.659
  step 700/1999 best 16.809
  step 750/1999 best 16.763
  step 800/1999 best 16.773
  step 850/1999 best 16.835
  step 900/1999 best 16.868
  step 950/1999 best 16.946
  step 1000/1999 best 16.886
  step 1050/1999 best 16.803
  step 1100/1999 best 16.935
  step 1150/1999 best 16.825
  step 1200/1999 best 16.828
  step 1250/1999 best 16.871
  step 1300/1999 best 16.842
  step 1350/1999 best 16.643
  step 1400/1999 best 16.776
  step 1450/1999 best 16.812
  step 1500/1999 best 16.953
  step 1550/1999 best 16.836
  step 1600/1999 best 16.832
  step 1650/1999 best 16.734
  step 1700/1999 best 16.800
  step 1750/1999 best 16.858
  step 1800/1999 best 16.959
  step 1850/1999 best 16.815
  step 1900/1999 best 16.860
  step 1950/1999 best 16.925
saved SBC_CHAINS_cnn_vmim__n1_seed_s2_sim1285_row1102276_noise7636_7815_7994 (240000, 4) acc=0.229
  step 0/1999 best -12.945
  step 50/1999 best 4.669
  step 100/1999 best 8.423
  step 150/1999 best 13.312
  step 200/1999 best 15.907
  step 250/1999 best 15.765
  step 300/1999 best 15.935
  step 350/1999 best 15.905
  step 400/1999 best 15.874
  step 450/1999 best 16.169
  step 500/1999 best 16.224
  step 550/1999 best 16.200
  step 600/1999 best 16.285
  step 650/1999 best 16.233
  step 700/1999 best 16.216
  step 750/1999 best 16.276
  step 800/1999 best 16.189
  step 850/1999 best 16.300
  step 900/1999 best 16.299
  step 950/1999 best 16.276
  step 1000/1999 best 16.306
  step 1050/1999 best 16.215
  step 1100/1999 best 16.277
  step 1150/1999 best 16.295
  step 1200/1999 best 16.167
  step 1250/1999 best 16.074
  step 1300/1999 best 16.276
  step 1350/1999 best 16.312
  step 1400/1999 best 16.320
  step 1450/1999 best 16.294
  step 1500/1999 best 16.345
  step 1550/1999 best 16.269
  step 1600/1999 best 16.266
  step 1650/1999 best 16.286
  step 1700/1999 best 16.359
  step 1750/1999 best 16.369
  step 1800/1999 best 16.386
  step 1850/1999 best 16.266
  step 1900/1999 best 16.353
  step 1950/1999 best 16.353
saved SBC_CHAINS_cnn_vmim__n1_seed_s2_sim747_row696875_noise947_1126_1305 (240000, 4) acc=0.267
  step 0/1999 best -20.331
  step 50/1999 best -3.756
  step 100/1999 best 0.345
  step 150/1999 best 10.705
  step 200/1999 best 14.426
  step 250/1999 best 13.696
  step 300/1999 best 15.430
  step 350/1999 best 15.525
  step 400/1999 best 15.956
  step 450/1999 best 15.717
  step 500/1999 best 15.890
  step 550/1999 best 15.627
  step 600/1999 best 15.915
  step 650/1999 best 15.897
  step 700/1999 best 15.887
  step 750/1999 best 15.801
  step 800/1999 best 15.992
  step 850/1999 best 15.845
  step 900/1999 best 15.721
  step 950/1999 best 16.005
  step 1000/1999 best 15.981
  step 1050/1999 best 15.810
  step 1100/1999 best 15.964
  step 1150/1999 best 15.916
  step 1200/1999 best 15.873
  step 1250/1999 best 15.912
  step 1300/1999 best 15.937
  step 1350/1999 best 15.650
  step 1400/1999 best 15.904
  step 1450/1999 best 15.848
  step 1500/1999 best 16.003
  step 1550/1999 best 15.733
  step 1600/1999 best 15.976
  step 1650/1999 best 15.893
  step 1700/1999 best 15.878
  step 1750/1999 best 15.786
  step 1800/1999 best 15.781
  step 1850/1999 best 15.734
  step 1900/1999 best 15.865
  step 1950/1999 best 15.835
saved SBC_CHAINS_cnn_vmim__n1_seed_s2_sim172_row163117_noise5041_5220_5399 (240000, 4) acc=0.225
  step 0/1999 best -7.617
  step 50/1999 best 2.319
  step 100/1999 best 3.782
  step 150/1999 best 4.675
  step 200/1999 best 4.459
  step 250/1999 best 4.998
  step 300/1999 best 8.336
  step 350/1999 best 9.108
  step 400/1999 best 11.573
  step 450/1999 best 15.377
  step 500/1999 best 16.335
  step 550/1999 best 17.005
  step 600/1999 best 16.616
  step 650/1999 best 16.983
  step 700/1999 best 17.088
  step 750/1999 best 17.059
  step 800/1999 best 17.065
  step 850/1999 best 17.301
  step 900/1999 best 17.109
  step 950/1999 best 17.087
  step 1000/1999 best 17.177
  step 1050/1999 best 17.181
  step 1100/1999 best 17.203
  step 1150/1999 best 17.315
  step 1200/1999 best 16.940
  step 1250/1999 best 17.232
  step 1300/1999 best 17.158
  step 1350/1999 best 17.117
  step 1400/1999 best 17.209
  step 1450/1999 best 17.210
  step 1500/1999 best 17.212
  step 1550/1999 best 17.042
  step 1600/1999 best 17.073
  step 1650/1999 best 17.112
  step 1700/1999 best 17.159
  step 1750/1999 best 17.307
  step 1800/1999 best 17.043
  step 1850/1999 best 17.249
  step 1900/1999 best 17.220
  step 1950/1999 best 17.274
saved SBC_CHAINS_cnn_vmim__n1_seed_s2_sim98_row97917_noise637_816_995 (240000, 4) acc=0.213
  step 0/1999 best -24.007
  step 50/1999 best -1.325
  step 100/1999 best 0.460
  step 150/1999 best 12.387
  step 200/1999 best 12.687
  step 250/1999 best 14.213
  step 300/1999 best 14.883
  step 350/1999 best 15.059
  step 400/1999 best 15.611
  step 450/1999 best 15.589
  step 500/1999 best 15.605
  step 550/1999 best 15.449
  step 600/1999 best 15.590
  step 650/1999 best 15.533
  step 700/1999 best 15.823
  step 750/1999 best 15.600
  step 800/1999 best 15.716
  step 850/1999 best 15.662
  step 900/1999 best 15.700
  step 950/1999 best 15.634
  step 1000/1999 best 15.500
  step 1050/1999 best 15.774
  step 1100/1999 best 15.793
  step 1150/1999 best 15.656
  step 1200/1999 best 15.709
  step 1250/1999 best 15.811
  step 1300/1999 best 15.832
  step 1350/1999 best 15.762
  step 1400/1999 best 15.795
  step 1450/1999 best 15.637
  step 1500/1999 best 15.646
  step 1550/1999 best 15.773
  step 1600/1999 best 15.565
  step 1650/1999 best 15.728
  step 1700/1999 best 15.582
  step 1750/1999 best 15.813
  step 1800/1999 best 15.727
  step 1850/1999 best 15.798
  step 1900/1999 best 15.653
  step 1950/1999 best 15.760
saved SBC_CHAINS_cnn_vmim__n1_seed_s2_sim2919_row2514045_noise129_308_487 (240000, 4) acc=0.286
  step 0/1999 best -12.382
  step 50/1999 best 11.218
  step 100/1999 best 14.069
  step 150/1999 best 15.055
  step 200/1999 best 15.372
  step 250/1999 best 15.224
  step 300/1999 best 15.157
  step 350/1999 best 15.320
  step 400/1999 best 15.307
  step 450/1999 best 15.232
  step 500/1999 best 15.202
  step 550/1999 best 15.251
  step 600/1999 best 15.391
  step 650/1999 best 15.319
  step 700/1999 best 15.261
  step 750/1999 best 15.351
  step 800/1999 best 15.327
  step 850/1999 best 15.182
  step 900/1999 best 15.243
  step 950/1999 best 15.384
  step 1000/1999 best 15.314
  step 1050/1999 best 15.344
  step 1100/1999 best 15.238
  step 1150/1999 best 15.276
  step 1200/1999 best 15.311
  step 1250/1999 best 15.208
  step 1300/1999 best 15.346
  step 1350/1999 best 15.375
  step 1400/1999 best 15.400
  step 1450/1999 best 15.292
  step 1500/1999 best 15.410
  step 1550/1999 best 15.320
  step 1600/1999 best 15.401
  step 1650/1999 best 15.355
  step 1700/1999 best 15.403
  step 1750/1999 best 15.269
  step 1800/1999 best 15.256
  step 1850/1999 best 15.318
  step 1900/1999 best 15.234
  step 1950/1999 best 15.265
saved SBC_CHAINS_cnn_vmim__n1_seed_s2_sim908_row857254_noise4078_4257_4436 (240000, 4) acc=0.326
  step 0/1999 best -5.948
  step 50/1999 best 0.875
  step 100/1999 best 9.605
  step 150/1999 best 14.360
  step 200/1999 best 14.508
  step 250/1999 best 14.611
  step 300/1999 best 14.290
  step 350/1999 best 14.681
  step 400/1999 best 14.819
  step 450/1999 best 14.904
  step 500/1999 best 15.085
  step 550/1999 best 15.021
  step 600/1999 best 15.047
  step 650/1999 best 14.702
  step 700/1999 best 14.869
  step 750/1999 best 14.740
  step 800/1999 best 14.869
  step 850/1999 best 15.024
  step 900/1999 best 15.067
  step 950/1999 best 14.782
  step 1000/1999 best 15.061
  step 1050/1999 best 15.068
  step 1100/1999 best 15.103
  step 1150/1999 best 14.961
  step 1200/1999 best 15.001
  step 1250/1999 best 15.097
  step 1300/1999 best 14.934
  step 1350/1999 best 15.057
  step 1400/1999 best 14.879
  step 1450/1999 best 14.840
  step 1500/1999 best 15.050
  step 1550/1999 best 14.801
  step 1600/1999 best 15.053
  step 1650/1999 best 14.949
  step 1700/1999 best 15.049
  step 1750/1999 best 14.975
  step 1800/1999 best 14.744
  step 1850/1999 best 15.092
  step 1900/1999 best 15.086
  step 1950/1999 best 14.918
saved SBC_CHAINS_cnn_vmim__n1_seed_s2_sim759_row708898_noise3142_3321_3500 (240000, 4) acc=0.224
  step 0/1999 best -22.147
  step 50/1999 best 5.360
  step 100/1999 best 13.949
  step 150/1999 best 17.022
  step 200/1999 best 17.151
  step 250/1999 best 17.193
  step 300/1999 best 17.041
  step 350/1999 best 17.103
  step 400/1999 best 17.253
  step 450/1999 best 17.288
  step 500/1999 best 17.347
  step 550/1999 best 17.280
  step 600/1999 best 17.278
  step 650/1999 best 17.160
  step 700/1999 best 17.196
  step 750/1999 best 17.254
  step 800/1999 best 17.327
  step 850/1999 best 17.282
  step 900/1999 best 17.286
  step 950/1999 best 17.344
  step 1000/1999 best 17.188
  step 1050/1999 best 17.314
  step 1100/1999 best 17.293
  step 1150/1999 best 17.392
  step 1200/1999 best 17.315
  step 1250/1999 best 17.283
  step 1300/1999 best 17.201
  step 1350/1999 best 17.286
  step 1400/1999 best 17.208
  step 1450/1999 best 17.320
  step 1500/1999 best 17.349
  step 1550/1999 best 17.358
  step 1600/1999 best 17.296
  step 1650/1999 best 17.144
  step 1700/1999 best 17.380
  step 1750/1999 best 17.302
  step 1800/1999 best 17.221
  step 1850/1999 best 17.302
  step 1900/1999 best 17.343
  step 1950/1999 best 17.278
saved SBC_CHAINS_cnn_vmim__n1_seed_s2_sim1995_row1606481_noise397_576_755 (240000, 4) acc=0.359
  step 0/1999 best -17.310
  step 50/1999 best 10.535
  step 100/1999 best 13.966
  step 150/1999 best 15.120
  step 200/1999 best 15.881
  step 250/1999 best 15.805
  step 300/1999 best 15.998
  step 350/1999 best 15.892
  step 400/1999 best 15.790
  step 450/1999 best 15.964
  step 500/1999 best 15.901
  step 550/1999 best 16.021
  step 600/1999 best 15.873
  step 650/1999 best 15.893
  step 700/1999 best 15.902
  step 750/1999 best 15.991
  step 800/1999 best 15.974
  step 850/1999 best 15.982
  step 900/1999 best 15.936
  step 950/1999 best 15.867
  step 1000/1999 best 15.931
  step 1050/1999 best 15.857
  step 1100/1999 best 15.726
  step 1150/1999 best 16.022
  step 1200/1999 best 15.969
  step 1250/1999 best 15.808
  step 1300/1999 best 15.870
  step 1350/1999 best 15.943
  step 1400/1999 best 15.816
  step 1450/1999 best 16.018
  step 1500/1999 best 15.902
  step 1550/1999 best 15.843
  step 1600/1999 best 15.860
  step 1650/1999 best 15.981
  step 1700/1999 best 15.811
  step 1750/1999 best 15.897
  step 1800/1999 best 15.788
  step 1850/1999 best 16.003
  step 1900/1999 best 15.937
  step 1950/1999 best 16.011
saved SBC_CHAINS_cnn_vmim__n1_seed_s2_sim2000_row1611269_noise5185_5364_5543 (240000, 4) acc=0.301
  step 0/1999 best -26.965
  step 50/1999 best 13.070
  step 100/1999 best 15.832
  step 150/1999 best 16.021
  step 200/1999 best 16.059
  step 250/1999 best 16.253
  step 300/1999 best 16.103
  step 350/1999 best 16.279
  step 400/1999 best 16.137
  step 450/1999 best 16.294
  step 500/1999 best 16.138
  step 550/1999 best 16.207
  step 600/1999 best 16.308
  step 650/1999 best 16.194
  step 700/1999 best 16.264
  step 750/1999 best 16.192
  step 800/1999 best 16.164
  step 850/1999 best 16.150
  step 900/1999 best 16.219
  step 950/1999 best 16.213
  step 1000/1999 best 16.287
  step 1050/1999 best 16.142
  step 1100/1999 best 16.306
  step 1150/1999 best 16.213
  step 1200/1999 best 16.042
  step 1250/1999 best 16.199
  step 1300/1999 best 15.972
  step 1350/1999 best 16.257
  step 1400/1999 best 16.136
  step 1450/1999 best 16.020
  step 1500/1999 best 16.230
  step 1550/1999 best 16.132
  step 1600/1999 best 16.223
  step 1650/1999 best 16.166
  step 1700/1999 best 16.032
  step 1750/1999 best 16.208
  step 1800/1999 best 16.263
  step 1850/1999 best 16.111
  step 1900/1999 best 16.200
  step 1950/1999 best 16.185
saved SBC_CHAINS_cnn_vmim__n1_seed_s2_sim2066_row1676479_noise2599_2778_2957 (240000, 4) acc=0.331
  step 0/1999 best -19.072
  step 50/1999 best 10.154
  step 100/1999 best 10.606
  step 150/1999 best 10.835
  step 200/1999 best 11.681
  step 250/1999 best 12.853
  step 300/1999 best 13.216
  step 350/1999 best 13.327
  step 400/1999 best 13.414
  step 450/1999 best 13.373
  step 500/1999 best 13.448
  step 550/1999 best 13.512
  step 600/1999 best 13.549
  step 650/1999 best 13.421
  step 700/1999 best 13.382
  step 750/1999 best 13.432
  step 800/1999 best 13.480
  step 850/1999 best 13.439
  step 900/1999 best 13.538
  step 950/1999 best 13.495
  step 1000/1999 best 13.481
  step 1050/1999 best 13.405
  step 1100/1999 best 13.522
  step 1150/1999 best 13.473
  step 1200/1999 best 13.564
  step 1250/1999 best 13.467
  step 1300/1999 best 13.427
  step 1350/1999 best 13.553
  step 1400/1999 best 13.443
  step 1450/1999 best 13.427
  step 1500/1999 best 13.494
  step 1550/1999 best 13.511
  step 1600/1999 best 13.273
  step 1650/1999 best 13.543
  step 1700/1999 best 13.361
  step 1750/1999 best 13.573
  step 1800/1999 best 13.476
  step 1850/1999 best 13.575
  step 1900/1999 best 13.462
  step 1950/1999 best 13.381
saved SBC_CHAINS_cnn_vmim__n1_seed_s2_sim2533_row2132663_noise7867_8046_8225 (240000, 4) acc=0.185
  step 0/1999 best -20.717
  step 50/1999 best 16.853
  step 100/1999 best 16.620
  step 150/1999 best 17.058
  step 200/1999 best 17.086
  step 250/1999 best 17.412
  step 300/1999 best 17.384
  step 350/1999 best 17.197
  step 400/1999 best 17.454
  step 450/1999 best 17.324
  step 500/1999 best 17.369
  step 550/1999 best 17.324
  step 600/1999 best 17.428
  step 650/1999 best 17.493
  step 700/1999 best 17.247
  step 750/1999 best 17.495
  step 800/1999 best 17.310
  step 850/1999 best 17.478
  step 900/1999 best 17.333
  step 950/1999 best 17.374
  step 1000/1999 best 17.468
  step 1050/1999 best 17.392
  step 1100/1999 best 17.487
  step 1150/1999 best 17.434
  step 1200/1999 best 17.426
  step 1250/1999 best 17.222
  step 1300/1999 best 17.429
  step 1350/1999 best 17.471
  step 1400/1999 best 17.313
  step 1450/1999 best 17.470
  step 1500/1999 best 17.312
  step 1550/1999 best 17.352
  step 1600/1999 best 17.357
  step 1650/1999 best 17.383
  step 1700/1999 best 17.325
  step 1750/1999 best 17.511
  step 1800/1999 best 17.506
  step 1850/1999 best 17.409
  step 1900/1999 best 17.333
  step 1950/1999 best 17.344
saved SBC_CHAINS_cnn_vmim__n1_seed_s2_sim1442_row1224451_noise7563_7742_7921 (240000, 4) acc=0.301
  step 0/1999 best -17.935
  step 50/1999 best 3.223
  step 100/1999 best 13.924
  step 150/1999 best 14.239
  step 200/1999 best 16.532
  step 250/1999 best 15.551
  step 300/1999 best 15.806
  step 350/1999 best 16.174
  step 400/1999 best 16.060
  step 450/1999 best 16.704
  step 500/1999 best 16.174
  step 550/1999 best 16.692
  step 600/1999 best 16.728
  step 650/1999 best 16.709
  step 700/1999 best 16.544
  step 750/1999 best 16.664
  step 800/1999 best 16.628
  step 850/1999 best 16.672
  step 900/1999 best 16.700
  step 950/1999 best 16.562
  step 1000/1999 best 16.612
  step 1050/1999 best 16.535
  step 1100/1999 best 16.613
  step 1150/1999 best 16.748
  step 1200/1999 best 16.634
  step 1250/1999 best 16.540
  step 1300/1999 best 16.721
  step 1350/1999 best 16.711
  step 1400/1999 best 16.675
  step 1450/1999 best 16.496
  step 1500/1999 best 16.716
  step 1550/1999 best 16.702
  step 1600/1999 best 16.689
  step 1650/1999 best 16.688
  step 1700/1999 best 16.578
  step 1750/1999 best 16.622
  step 1800/1999 best 16.673
  step 1850/1999 best 16.608
  step 1900/1999 best 16.533
  step 1950/1999 best 16.561
saved SBC_CHAINS_cnn_vmim__n1_seed_s2_sim2008_row1619818_noise3906_4085_4264 (240000, 4) acc=0.286
  step 0/1999 best -20.131
  step 50/1999 best 0.049
  step 100/1999 best 2.441
  step 150/1999 best 3.637
  step 200/1999 best 5.267
  step 250/1999 best 11.814
  step 300/1999 best 13.823
  step 350/1999 best 17.120
  step 400/1999 best 17.997
  step 450/1999 best 17.416
  step 500/1999 best 18.243
  step 550/1999 best 18.000
  step 600/1999 best 18.028
  step 650/1999 best 18.109
  step 700/1999 best 18.167
  step 750/1999 best 18.255
  step 800/1999 best 18.115
  step 850/1999 best 18.177
  step 900/1999 best 18.191
  step 950/1999 best 18.042
  step 1000/1999 best 18.183
  step 1050/1999 best 18.222
  step 1100/1999 best 18.089
  step 1150/1999 best 18.115
  step 1200/1999 best 17.961
  step 1250/1999 best 18.014
  step 1300/1999 best 18.294
  step 1350/1999 best 18.091
  step 1400/1999 best 18.181
  step 1450/1999 best 18.235
  step 1500/1999 best 18.319
  step 1550/1999 best 18.218
  step 1600/1999 best 18.070
  step 1650/1999 best 18.158
  step 1700/1999 best 18.302
  step 1750/1999 best 18.229
  step 1800/1999 best 18.264
  step 1850/1999 best 18.254
  step 1900/1999 best 18.216
  step 1950/1999 best 18.197
saved SBC_CHAINS_cnn_vmim__n1_seed_s2_sim1276_row1094473_noise8661_8840_9019 (240000, 4) acc=0.206
  step 0/1999 best -21.734
  step 50/1999 best 0.788
  step 100/1999 best 5.939
  step 150/1999 best 8.692
  step 200/1999 best 10.070
  step 250/1999 best 11.091
  step 300/1999 best 11.367
  step 350/1999 best 10.950
  step 400/1999 best 11.265
  step 450/1999 best 11.093
  step 500/1999 best 11.039
  step 550/1999 best 11.313
  step 600/1999 best 11.088
  step 650/1999 best 11.083
  step 700/1999 best 11.177
  step 750/1999 best 11.385
  step 800/1999 best 11.086
  step 850/1999 best 11.352
  step 900/1999 best 11.225
  step 950/1999 best 11.321
  step 1000/1999 best 11.393
  step 1050/1999 best 11.254
  step 1100/1999 best 11.230
  step 1150/1999 best 11.244
  step 1200/1999 best 11.324
  step 1250/1999 best 11.326
  step 1300/1999 best 11.330
  step 1350/1999 best 11.384
  step 1400/1999 best 11.239
  step 1450/1999 best 11.254
  step 1500/1999 best 11.199
  step 1550/1999 best 11.255
  step 1600/1999 best 11.278
  step 1650/1999 best 11.261
  step 1700/1999 best 11.289
  step 1750/1999 best 11.333
  step 1800/1999 best 11.124
  step 1850/1999 best 11.262
  step 1900/1999 best 11.263
  step 1950/1999 best 11.190
saved SBC_CHAINS_cnn_vmim__n1_seed_s2_sim3013_row2608024_noise5656_5835_6014 (240000, 4) acc=0.289
  step 0/1999 best -4.644
  step 50/1999 best 2.559
  step 100/1999 best 8.920
  step 150/1999 best 15.699
  step 200/1999 best 15.666
  step 250/1999 best 16.051
  step 300/1999 best 16.039
  step 350/1999 best 16.806
  step 400/1999 best 16.754
  step 450/1999 best 16.764
  step 500/1999 best 16.878
  step 550/1999 best 16.739
  step 600/1999 best 16.993
  step 650/1999 best 17.004
  step 700/1999 best 16.898
  step 750/1999 best 16.836
  step 800/1999 best 16.961
  step 850/1999 best 16.897
  step 900/1999 best 17.000
  step 950/1999 best 16.938
  step 1000/1999 best 17.062
  step 1050/1999 best 16.982
  step 1100/1999 best 16.914
  step 1150/1999 best 16.933
  step 1200/1999 best 16.988
  step 1250/1999 best 16.909
  step 1300/1999 best 16.979
  step 1350/1999 best 17.043
  step 1400/1999 best 17.018
  step 1450/1999 best 16.985
  step 1500/1999 best 17.024
  step 1550/1999 best 16.841
  step 1600/1999 best 17.031
  step 1650/1999 best 17.089
  step 1700/1999 best 17.022
  step 1750/1999 best 17.007
  step 1800/1999 best 16.968
  step 1850/1999 best 16.977
  step 1900/1999 best 17.090
  step 1950/1999 best 16.938
saved SBC_CHAINS_cnn_vmim__n1_seed_s2_sim254_row240173_noise8473_8652_8831 (240000, 4) acc=0.271
  step 0/1999 best -28.308
  step 50/1999 best -1.617
  step 100/1999 best 6.572
  step 150/1999 best 11.952
  step 200/1999 best 13.910
  step 250/1999 best 14.941
  step 300/1999 best 14.782
  step 350/1999 best 14.876
  step 400/1999 best 14.982
  step 450/1999 best 15.204
  step 500/1999 best 15.257
  step 550/1999 best 14.906
  step 600/1999 best 14.985
  step 650/1999 best 15.075
  step 700/1999 best 15.104
  step 750/1999 best 14.908
  step 800/1999 best 15.182
  step 850/1999 best 15.268
  step 900/1999 best 15.202
  step 950/1999 best 15.093
  step 1000/1999 best 15.059
  step 1050/1999 best 15.138
  step 1100/1999 best 15.070
  step 1150/1999 best 15.199
  step 1200/1999 best 15.065
  step 1250/1999 best 15.158
  step 1300/1999 best 15.075
  step 1350/1999 best 15.170
  step 1400/1999 best 14.953
  step 1450/1999 best 15.220
  step 1500/1999 best 14.996
  step 1550/1999 best 15.149
  step 1600/1999 best 15.201
  step 1650/1999 best 15.220
  step 1700/1999 best 15.167
  step 1750/1999 best 15.185
  step 1800/1999 best 15.076
  step 1850/1999 best 15.129
  step 1900/1999 best 15.064
  step 1950/1999 best 15.224
saved SBC_CHAINS_cnn_vmim__n1_seed_s2_sim297_row283977_noise3137_3316_3495 (240000, 4) acc=0.220
  step 0/1999 best -20.928
  step 50/1999 best -2.371
  step 100/1999 best 5.353
  step 150/1999 best 12.263
  step 200/1999 best 13.022
  step 250/1999 best 13.196
  step 300/1999 best 13.279
  step 350/1999 best 13.577
  step 400/1999 best 13.428
  step 450/1999 best 13.338
  step 500/1999 best 13.445
  step 550/1999 best 13.543
  step 600/1999 best 13.387
  step 650/1999 best 13.581
  step 700/1999 best 13.541
  step 750/1999 best 13.359
  step 800/1999 best 13.518
  step 850/1999 best 13.535
  step 900/1999 best 13.497
  step 950/1999 best 13.450
  step 1000/1999 best 13.539
  step 1050/1999 best 13.514
  step 1100/1999 best 13.471
  step 1150/1999 best 13.445
  step 1200/1999 best 13.563
  step 1250/1999 best 13.564
  step 1300/1999 best 13.345
  step 1350/1999 best 13.492
  step 1400/1999 best 13.493
  step 1450/1999 best 13.507
  step 1500/1999 best 13.471
  step 1550/1999 best 13.425
  step 1600/1999 best 13.490
  step 1650/1999 best 13.437
  step 1700/1999 best 13.546
  step 1750/1999 best 13.467
  step 1800/1999 best 13.381
  step 1850/1999 best 13.418
  step 1900/1999 best 13.408
  step 1950/1999 best 13.564
saved SBC_CHAINS_cnn_vmim__n1_seed_s2_sim3079_row2674370_noise3206_3385_3564 (240000, 4) acc=0.284
  step 0/1999 best -22.053
  step 50/1999 best 10.615
  step 100/1999 best 12.850
  step 150/1999 best 13.826
  step 200/1999 best 14.223
  step 250/1999 best 15.085
  step 300/1999 best 15.388
  step 350/1999 best 15.292
  step 400/1999 best 15.440
  step 450/1999 best 15.454
  step 500/1999 best 15.386
  step 550/1999 best 15.464
  step 600/1999 best 15.287
  step 650/1999 best 15.529
  step 700/1999 best 15.486
  step 750/1999 best 15.349
  step 800/1999 best 15.557
  step 850/1999 best 15.483
  step 900/1999 best 15.360
  step 950/1999 best 15.270
  step 1000/1999 best 15.481
  step 1050/1999 best 15.575
  step 1100/1999 best 15.435
  step 1150/1999 best 15.409
  step 1200/1999 best 15.412
  step 1250/1999 best 15.275
  step 1300/1999 best 15.502
  step 1350/1999 best 15.420
  step 1400/1999 best 15.517
  step 1450/1999 best 15.344
  step 1500/1999 best 15.331
  step 1550/1999 best 15.503
  step 1600/1999 best 15.581
  step 1650/1999 best 15.498
  step 1700/1999 best 15.538
  step 1750/1999 best 15.479
  step 1800/1999 best 15.510
  step 1850/1999 best 15.447
  step 1900/1999 best 15.392
  step 1950/1999 best 15.361
saved SBC_CHAINS_cnn_vmim__n1_seed_s2_sim2085_row1695975_noise2439_2618_2797 (240000, 4) acc=0.318
  step 0/1999 best -22.973
  step 50/1999 best -1.205
  step 100/1999 best 2.627
  step 150/1999 best 2.572
  step 200/1999 best 2.946
  step 250/1999 best 8.873
  step 300/1999 best 15.375
  step 350/1999 best 14.986
  step 400/1999 best 15.155
  step 450/1999 best 15.155
  step 500/1999 best 15.713
  step 550/1999 best 15.123
  step 600/1999 best 15.529
  step 650/1999 best 16.297
  step 700/1999 best 16.015
  step 750/1999 best 16.043
  step 800/1999 best 16.147
  step 850/1999 best 16.216
  step 900/1999 best 16.199
  step 950/1999 best 15.971
  step 1000/1999 best 16.113
  step 1050/1999 best 16.295
  step 1100/1999 best 16.206
  step 1150/1999 best 16.145
  step 1200/1999 best 16.276
  step 1250/1999 best 16.247
  step 1300/1999 best 16.315
  step 1350/1999 best 16.125
  step 1400/1999 best 16.198
  step 1450/1999 best 16.359
  step 1500/1999 best 16.183
  step 1550/1999 best 16.261
  step 1600/1999 best 16.116
  step 1650/1999 best 16.122
  step 1700/1999 best 16.204
  step 1750/1999 best 16.248
  step 1800/1999 best 16.009
  step 1850/1999 best 16.167
  step 1900/1999 best 16.272
  step 1950/1999 best 16.371
saved SBC_CHAINS_cnn_vmim__n1_seed_s2_sim298_row284725_noise3885_4064_4243 (240000, 4) acc=0.191
  step 0/1999 best -22.271
  step 50/1999 best -0.792
  step 100/1999 best 2.082
  step 150/1999 best 5.705
  step 200/1999 best 12.408
  step 250/1999 best 14.937
  step 300/1999 best 16.351
  step 350/1999 best 16.423
  step 400/1999 best 16.229
  step 450/1999 best 16.561
  step 500/1999 best 16.778
  step 550/1999 best 16.287
  step 600/1999 best 16.431
  step 650/1999 best 16.757
  step 700/1999 best 16.900
  step 750/1999 best 16.857
  step 800/1999 best 16.913
  step 850/1999 best 16.939
  step 900/1999 best 16.986
  step 950/1999 best 16.821
  step 1000/1999 best 16.815
  step 1050/1999 best 16.823
  step 1100/1999 best 16.997
  step 1150/1999 best 16.897
  step 1200/1999 best 16.856
  step 1250/1999 best 16.916
  step 1300/1999 best 16.827
  step 1350/1999 best 16.958
  step 1400/1999 best 16.843
  step 1450/1999 best 16.934
  step 1500/1999 best 16.858
  step 1550/1999 best 16.872
  step 1600/1999 best 16.901
  step 1650/1999 best 16.835
  step 1700/1999 best 16.975
  step 1750/1999 best 16.796
  step 1800/1999 best 16.977
  step 1850/1999 best 16.827
  step 1900/1999 best 16.825
  step 1950/1999 best 16.937
saved SBC_CHAINS_cnn_vmim__n1_seed_s2_sim370_row356188_noise6552_6731_6910 (240000, 4) acc=0.278
  step 0/1999 best -13.216
  step 50/1999 best 3.527
  step 100/1999 best 10.794
  step 150/1999 best 12.685
  step 200/1999 best 13.942
  step 250/1999 best 14.291
  step 300/1999 best 14.303
  step 350/1999 best 14.013
  step 400/1999 best 14.285
  step 450/1999 best 14.363
  step 500/1999 best 14.238
  step 550/1999 best 14.250
  step 600/1999 best 14.405
  step 650/1999 best 14.118
  step 700/1999 best 14.210
  step 750/1999 best 14.204
  step 800/1999 best 14.287
  step 850/1999 best 14.297
  step 900/1999 best 14.254
  step 950/1999 best 14.374
  step 1000/1999 best 14.317
  step 1050/1999 best 14.360
  step 1100/1999 best 14.351
  step 1150/1999 best 14.292
  step 1200/1999 best 14.438
  step 1250/1999 best 14.343
  step 1300/1999 best 14.411
  step 1350/1999 best 14.215
  step 1400/1999 best 14.408
  step 1450/1999 best 14.348
  step 1500/1999 best 14.383
  step 1550/1999 best 14.363
  step 1600/1999 best 14.322
  step 1650/1999 best 14.336
  step 1700/1999 best 14.359
  step 1750/1999 best 14.288
  step 1800/1999 best 14.305
  step 1850/1999 best 14.258
  step 1900/1999 best 14.120
  step 1950/1999 best 14.312
saved SBC_CHAINS_cnn_vmim__n1_seed_s2_sim374_row360092_noise628_807_986 (240000, 4) acc=0.270
  step 0/1999 best -14.099
  step 50/1999 best 12.164
  step 100/1999 best 13.763
  step 150/1999 best 15.564
  step 200/1999 best 15.254
  step 250/1999 best 16.065
  step 300/1999 best 16.135
  step 350/1999 best 15.989
  step 400/1999 best 15.955
  step 450/1999 best 15.954
  step 500/1999 best 15.964
  step 550/1999 best 16.094
  step 600/1999 best 16.101
  step 650/1999 best 16.065
  step 700/1999 best 16.149
  step 750/1999 best 16.111
  step 800/1999 best 15.949
  step 850/1999 best 15.910
  step 900/1999 best 16.029
  step 950/1999 best 16.129
  step 1000/1999 best 15.916
  step 1050/1999 best 16.045
  step 1100/1999 best 15.993
  step 1150/1999 best 15.993
  step 1200/1999 best 15.946
  step 1250/1999 best 15.830
  step 1300/1999 best 15.997
  step 1350/1999 best 16.085
  step 1400/1999 best 16.148
  step 1450/1999 best 16.005
  step 1500/1999 best 16.102
  step 1550/1999 best 16.064
  step 1600/1999 best 15.963
  step 1650/1999 best 16.122
  step 1700/1999 best 16.170
  step 1750/1999 best 16.089
  step 1800/1999 best 16.053
  step 1850/1999 best 16.082
  step 1900/1999 best 16.088
  step 1950/1999 best 16.044
saved SBC_CHAINS_cnn_vmim__n1_seed_s2_sim831_row780418_noise5866_6045_6224 (240000, 4) acc=0.290
  step 0/1999 best -10.188
  step 50/1999 best 1.843
  step 100/1999 best 5.400
  step 150/1999 best 12.622
  step 200/1999 best 15.269
  step 250/1999 best 15.588
  step 300/1999 best 17.144
  step 350/1999 best 17.024
  step 400/1999 best 17.314
  step 450/1999 best 17.301
  step 500/1999 best 17.351
  step 550/1999 best 17.489
  step 600/1999 best 17.319
  step 650/1999 best 17.353
  step 700/1999 best 17.428
  step 750/1999 best 17.323
  step 800/1999 best 17.308
  step 850/1999 best 17.464
  step 900/1999 best 17.441
  step 950/1999 best 17.460
  step 1000/1999 best 17.344
  step 1050/1999 best 17.426
  step 1100/1999 best 17.451
  step 1150/1999 best 17.490
  step 1200/1999 best 17.462
  step 1250/1999 best 17.419
  step 1300/1999 best 17.247
  step 1350/1999 best 17.460
  step 1400/1999 best 17.357
  step 1450/1999 best 17.438
  step 1500/1999 best 17.384
  step 1550/1999 best 17.443
  step 1600/1999 best 17.288
  step 1650/1999 best 17.376
  step 1700/1999 best 17.485
  step 1750/1999 best 17.461
  step 1800/1999 best 17.287
  step 1850/1999 best 17.416
  step 1900/1999 best 17.326
  step 1950/1999 best 17.358
saved SBC_CHAINS_cnn_vmim__n1_seed_s2_sim1528_row1305713_noise5373_5552_5731 (240000, 4) acc=0.335
  step 0/1999 best -19.364
  step 50/1999 best 10.267
  step 100/1999 best 10.722
  step 150/1999 best 15.880
  step 200/1999 best 16.164
  step 250/1999 best 16.815
  step 300/1999 best 16.724
  step 350/1999 best 16.754
  step 400/1999 best 16.713
  step 450/1999 best 16.792
  step 500/1999 best 16.838
  step 550/1999 best 16.852
  step 600/1999 best 16.556
  step 650/1999 best 16.733
  step 700/1999 best 16.868
  step 750/1999 best 16.829
  step 800/1999 best 16.734
  step 850/1999 best 16.796
  step 900/1999 best 16.749
  step 950/1999 best 16.741
  step 1000/1999 best 16.824
  step 1050/1999 best 16.841
  step 1100/1999 best 16.646
  step 1150/1999 best 16.862
  step 1200/1999 best 16.835
  step 1250/1999 best 16.872
  step 1300/1999 best 16.681
  step 1350/1999 best 16.763
  step 1400/1999 best 16.801
  step 1450/1999 best 16.767
  step 1500/1999 best 16.825
  step 1550/1999 best 16.858
  step 1600/1999 best 16.808
  step 1650/1999 best 16.796
  step 1700/1999 best 16.822
  step 1750/1999 best 16.831
  step 1800/1999 best 16.794
  step 1850/1999 best 16.800
  step 1900/1999 best 16.758
  step 1950/1999 best 16.875
saved SBC_CHAINS_cnn_vmim__n1_seed_s2_sim819_row768622_noise3898_4077_4256 (240000, 4) acc=0.306
  step 0/1999 best -16.462
  step 50/1999 best 1.444
  step 100/1999 best 1.759
  step 150/1999 best 13.293
  step 200/1999 best 16.216
  step 250/1999 best 15.541
  step 300/1999 best 17.255
  step 350/1999 best 17.064
  step 400/1999 best 17.025
  step 450/1999 best 17.239
  step 500/1999 best 17.189
  step 550/1999 best 17.126
  step 600/1999 best 17.110
  step 650/1999 best 17.027
  step 700/1999 best 17.082
  step 750/1999 best 17.272
  step 800/1999 best 17.207
  step 850/1999 best 17.039
  step 900/1999 best 17.276
  step 950/1999 best 17.164
  step 1000/1999 best 17.307
  step 1050/1999 best 17.168
  step 1100/1999 best 17.298
  step 1150/1999 best 17.254
  step 1200/1999 best 17.251
  step 1250/1999 best 17.258
  step 1300/1999 best 17.068
  step 1350/1999 best 17.308
  step 1400/1999 best 17.308
  step 1450/1999 best 17.238
  step 1500/1999 best 17.179
  step 1550/1999 best 17.275
  step 1600/1999 best 17.184
  step 1650/1999 best 17.154
  step 1700/1999 best 17.144
  step 1750/1999 best 17.270
  step 1800/1999 best 17.102
  step 1850/1999 best 17.144
  step 1900/1999 best 17.086
  step 1950/1999 best 17.263
saved SBC_CHAINS_cnn_vmim__n1_seed_s2_sim1510_row1287908_noise7224_7403_7582 (240000, 4) acc=0.267
  step 0/1999 best -3.702
  step 50/1999 best 11.494
  step 100/1999 best 11.568
  step 150/1999 best 13.059
  step 200/1999 best 14.516
  step 250/1999 best 13.989
  step 300/1999 best 14.532
  step 350/1999 best 14.582
  step 400/1999 best 14.918
  step 450/1999 best 14.591
  step 500/1999 best 15.036
  step 550/1999 best 14.875
  step 600/1999 best 14.982
  step 650/1999 best 14.857
  step 700/1999 best 14.863
  step 750/1999 best 14.935
  step 800/1999 best 15.003
  step 850/1999 best 14.938
  step 900/1999 best 15.001
  step 950/1999 best 14.866
  step 1000/1999 best 14.995
  step 1050/1999 best 14.877
  step 1100/1999 best 14.919
  step 1150/1999 best 15.009
  step 1200/1999 best 14.983
  step 1250/1999 best 14.902
  step 1300/1999 best 14.840
  step 1350/1999 best 14.982
  step 1400/1999 best 14.785
  step 1450/1999 best 14.901
  step 1500/1999 best 14.930
  step 1550/1999 best 14.910
  step 1600/1999 best 14.883
  step 1650/1999 best 14.916
  step 1700/1999 best 14.916
  step 1750/1999 best 15.013
  step 1800/1999 best 15.014
  step 1850/1999 best 14.920
  step 1900/1999 best 14.967
  step 1950/1999 best 14.981
saved SBC_CHAINS_cnn_vmim__n1_seed_s2_sim3099_row2694865_noise4045_4224_4403 (240000, 4) acc=0.334
  step 0/1999 best -19.545
  step 50/1999 best 0.710
  step 100/1999 best 2.700
  step 150/1999 best 9.984
  step 200/1999 best 10.980
  step 250/1999 best 13.568
  step 300/1999 best 13.086
  step 350/1999 best 13.768
  step 400/1999 best 14.040
  step 450/1999 best 14.042
  step 500/1999 best 14.028
  step 550/1999 best 13.935
  step 600/1999 best 14.028
  step 650/1999 best 14.135
  step 700/1999 best 14.012
  step 750/1999 best 14.178
  step 800/1999 best 14.108
  step 850/1999 best 14.168
  step 900/1999 best 14.211
  step 950/1999 best 14.201
  step 1000/1999 best 14.104
  step 1050/1999 best 14.119
  step 1100/1999 best 14.022
  step 1150/1999 best 13.885
  step 1200/1999 best 13.995
  step 1250/1999 best 13.933
  step 1300/1999 best 13.939
  step 1350/1999 best 13.977
  step 1400/1999 best 13.964
  step 1450/1999 best 14.104
  step 1500/1999 best 14.136
  step 1550/1999 best 14.139
  step 1600/1999 best 14.159
  step 1650/1999 best 14.041
  step 1700/1999 best 14.163
  step 1750/1999 best 13.970
  step 1800/1999 best 14.026
  step 1850/1999 best 14.144
  step 1900/1999 best 14.077
  step 1950/1999 best 14.141
saved SBC_CHAINS_cnn_vmim__n1_seed_s2_sim2840_row2435073_noise9609_9788_139 (240000, 4) acc=0.256
