[stage3] arm=cnn_vmim_/n1_jitter/seed_s1  nle=/gscratch/ddehiwalage-don/sbi_master/cnn_vmim_/n1_jitter/seed_s1/nle
[NLE] scope=standard_t family=nsf loaded from /gscratch/ddehiwalage-don/sbi_master/cnn_vmim_/n1_jitter/seed_s1/nle/standard_t/nsf
targets this task: 151 | family=standard_t_nsf | chains -> /gscratch/ddehiwalage-don/sbi_master/cnn_vmim_/n1_jitter/seed_s1/chains/standard_t_nsf
  step 0/1999 best -13.617
  step 50/1999 best -6.691
  step 100/1999 best -7.774
  step 150/1999 best -6.094
  step 200/1999 best -3.557
  step 250/1999 best 8.385
  step 300/1999 best 10.777
  step 350/1999 best 10.297
  step 400/1999 best 10.297
  step 450/1999 best 12.818
  step 500/1999 best 13.529
  step 550/1999 best 13.195
  step 600/1999 best 13.307
  step 650/1999 best 13.155
  step 700/1999 best 13.277
  step 750/1999 best 13.431
  step 800/1999 best 13.371
  step 850/1999 best 13.405
  step 900/1999 best 13.128
  step 950/1999 best 13.265
  step 1000/1999 best 13.489
  step 1050/1999 best 13.381
  step 1100/1999 best 13.147
  step 1150/1999 best 13.415
  step 1200/1999 best 13.099
  step 1250/1999 best 13.069
  step 1300/1999 best 13.531
  step 1350/1999 best 13.253
  step 1400/1999 best 13.478
  step 1450/1999 best 13.115
  step 1500/1999 best 13.005
  step 1550/1999 best 13.564
  step 1600/1999 best 13.343
  step 1650/1999 best 13.163
  step 1700/1999 best 13.499
  step 1750/1999 best 13.205
  step 1800/1999 best 13.500
  step 1850/1999 best 13.430
  step 1900/1999 best 13.498
  step 1950/1999 best 13.324
saved SBC_CHAINS_cnn_vmim__n1_jitter_seed_s1_sim2432_row2031451_noise4935_5114_5293 (240000, 4) acc=0.117
  step 0/1999 best -14.163
  step 50/1999 best -1.175
  step 100/1999 best 2.955
  step 150/1999 best 6.404
  step 200/1999 best 12.704
  step 250/1999 best 12.845
  step 300/1999 best 12.636
  step 350/1999 best 12.602
  step 400/1999 best 12.733
  step 450/1999 best 12.819
  step 500/1999 best 12.828
  step 550/1999 best 12.759
  step 600/1999 best 12.815
  step 650/1999 best 12.742
  step 700/1999 best 12.746
  step 750/1999 best 12.762
  step 800/1999 best 12.764
  step 850/1999 best 12.843
  step 900/1999 best 12.743
  step 950/1999 best 12.866
  step 1000/1999 best 12.501
  step 1050/1999 best 12.813
  step 1100/1999 best 12.838
  step 1150/1999 best 12.867
  step 1200/1999 best 12.775
  step 1250/1999 best 12.742
  step 1300/1999 best 12.904
  step 1350/1999 best 12.813
  step 1400/1999 best 12.762
  step 1450/1999 best 12.885
  step 1500/1999 best 12.812
  step 1550/1999 best 12.892
  step 1600/1999 best 12.740
  step 1650/1999 best 12.708
  step 1700/1999 best 12.832
  step 1750/1999 best 12.840
  step 1800/1999 best 12.744
  step 1850/1999 best 12.873
  step 1900/1999 best 12.802
  step 1950/1999 best 12.886
saved SBC_CHAINS_cnn_vmim__n1_jitter_seed_s1_sim2914_row2509790_noise5702_5881_6060 (240000, 4) acc=0.322
  step 0/1999 best -16.256
  step 50/1999 best 2.713
  step 100/1999 best 12.127
  step 150/1999 best 11.747
  step 200/1999 best 11.761
  step 250/1999 best 12.575
  step 300/1999 best 12.399
  step 350/1999 best 12.241
  step 400/1999 best 12.348
  step 450/1999 best 12.530
  step 500/1999 best 12.474
  step 550/1999 best 12.422
  step 600/1999 best 12.530
  step 650/1999 best 12.581
  step 700/1999 best 12.464
  step 750/1999 best 12.543
  step 800/1999 best 12.453
  step 850/1999 best 12.430
  step 900/1999 best 12.543
  step 950/1999 best 12.440
  step 1000/1999 best 12.455
  step 1050/1999 best 12.551
  step 1100/1999 best 12.459
  step 1150/1999 best 12.411
  step 1200/1999 best 12.521
  step 1250/1999 best 12.495
  step 1300/1999 best 12.392
  step 1350/1999 best 12.481
  step 1400/1999 best 12.439
  step 1450/1999 best 12.327
  step 1500/1999 best 12.522
  step 1550/1999 best 12.431
  step 1600/1999 best 12.501
  step 1650/1999 best 12.541
  step 1700/1999 best 12.538
  step 1750/1999 best 12.435
  step 1800/1999 best 12.394
  step 1850/1999 best 12.490
  step 1900/1999 best 12.412
  step 1950/1999 best 12.357
saved SBC_CHAINS_cnn_vmim__n1_jitter_seed_s1_sim2402_row2001217_noise4185_4364_4543 (240000, 4) acc=0.377
  step 0/1999 best -26.366
  step 50/1999 best 6.128
  step 100/1999 best 9.291
  step 150/1999 best 11.299
  step 200/1999 best 12.108
  step 250/1999 best 12.102
  step 300/1999 best 12.101
  step 350/1999 best 12.255
  step 400/1999 best 12.301
  step 450/1999 best 12.371
  step 500/1999 best 12.319
  step 550/1999 best 12.302
  step 600/1999 best 12.285
  step 650/1999 best 12.313
  step 700/1999 best 12.228
  step 750/1999 best 12.272
  step 800/1999 best 12.386
  step 850/1999 best 12.381
  step 900/1999 best 12.358
  step 950/1999 best 12.137
  step 1000/1999 best 12.288
  step 1050/1999 best 12.379
  step 1100/1999 best 12.294
  step 1150/1999 best 12.290
  step 1200/1999 best 12.372
  step 1250/1999 best 12.318
  step 1300/1999 best 12.384
  step 1350/1999 best 12.333
  step 1400/1999 best 12.390
  step 1450/1999 best 12.305
  step 1500/1999 best 12.230
  step 1550/1999 best 12.285
  step 1600/1999 best 12.358
  step 1650/1999 best 12.298
  step 1700/1999 best 12.331
  step 1750/1999 best 12.272
  step 1800/1999 best 12.321
  step 1850/1999 best 12.202
  step 1900/1999 best 12.266
  step 1950/1999 best 12.170
saved SBC_CHAINS_cnn_vmim__n1_jitter_seed_s1_sim2989_row2584459_noise1747_1926_2105 (240000, 4) acc=0.313
  step 0/1999 best -18.843
  step 50/1999 best -12.771
  step 100/1999 best -6.729
  step 150/1999 best 0.486
  step 200/1999 best 2.746
  step 250/1999 best 2.697
  step 300/1999 best 5.247
  step 350/1999 best 8.230
  step 400/1999 best 12.537
  step 450/1999 best 12.085
  step 500/1999 best 12.661
  step 550/1999 best 12.787
  step 600/1999 best 12.855
  step 650/1999 best 12.697
  step 700/1999 best 12.847
  step 750/1999 best 12.726
  step 800/1999 best 12.859
  step 850/1999 best 12.802
  step 900/1999 best 12.901
  step 950/1999 best 12.762
  step 1000/1999 best 12.665
  step 1050/1999 best 12.646
  step 1100/1999 best 12.620
  step 1150/1999 best 12.892
  step 1200/1999 best 12.678
  step 1250/1999 best 12.884
  step 1300/1999 best 12.682
  step 1350/1999 best 12.773
  step 1400/1999 best 12.658
  step 1450/1999 best 12.908
  step 1500/1999 best 12.742
  step 1550/1999 best 12.622
  step 1600/1999 best 12.854
  step 1650/1999 best 12.764
  step 1700/1999 best 12.840
  step 1750/1999 best 12.992
  step 1800/1999 best 12.719
  step 1850/1999 best 12.783
  step 1900/1999 best 12.872
  step 1950/1999 best 12.971
saved SBC_CHAINS_cnn_vmim__n1_jitter_seed_s1_sim2605_row2204417_noise997_1176_1355 (240000, 4) acc=0.129
  step 0/1999 best -21.092
  step 50/1999 best 3.048
  step 100/1999 best 14.658
  step 150/1999 best 16.596
  step 200/1999 best 16.339
  step 250/1999 best 16.006
  step 300/1999 best 16.721
  step 350/1999 best 16.881
  step 400/1999 best 16.938
  step 450/1999 best 16.694
  step 500/1999 best 16.637
  step 550/1999 best 16.905
  step 600/1999 best 16.986
  step 650/1999 best 16.799
  step 700/1999 best 16.755
  step 750/1999 best 16.802
  step 800/1999 best 17.002
  step 850/1999 best 16.789
  step 900/1999 best 16.861
  step 950/1999 best 16.982
  step 1000/1999 best 16.882
  step 1050/1999 best 16.847
  step 1100/1999 best 16.879
  step 1150/1999 best 16.800
  step 1200/1999 best 16.823
  step 1250/1999 best 16.805
  step 1300/1999 best 16.948
  step 1350/1999 best 16.965
  step 1400/1999 best 16.827
  step 1450/1999 best 16.843
  step 1500/1999 best 16.946
  step 1550/1999 best 16.913
  step 1600/1999 best 16.879
  step 1650/1999 best 16.905
  step 1700/1999 best 16.847
  step 1750/1999 best 16.965
  step 1800/1999 best 16.943
  step 1850/1999 best 16.967
  step 1900/1999 best 16.767
  step 1950/1999 best 16.966
saved SBC_CHAINS_cnn_vmim__n1_jitter_seed_s1_sim1372_row1180712_noise6620_6799_6978 (240000, 4) acc=0.287
  step 0/1999 best -16.728
  step 50/1999 best 5.763
  step 100/1999 best 12.232
  step 150/1999 best 14.872
  step 200/1999 best 13.706
  step 250/1999 best 14.789
  step 300/1999 best 15.149
  step 350/1999 best 15.116
  step 400/1999 best 15.175
  step 450/1999 best 15.245
  step 500/1999 best 15.221
  step 550/1999 best 15.306
  step 600/1999 best 15.305
  step 650/1999 best 15.131
  step 700/1999 best 15.239
  step 750/1999 best 15.280
  step 800/1999 best 15.281
  step 850/1999 best 15.215
  step 900/1999 best 15.314
  step 950/1999 best 15.329
  step 1000/1999 best 15.281
  step 1050/1999 best 15.282
  step 1100/1999 best 15.313
  step 1150/1999 best 15.166
  step 1200/1999 best 15.116
  step 1250/1999 best 15.244
  step 1300/1999 best 15.006
  step 1350/1999 best 15.358
  step 1400/1999 best 15.286
  step 1450/1999 best 15.294
  step 1500/1999 best 15.136
  step 1550/1999 best 15.073
  step 1600/1999 best 15.293
  step 1650/1999 best 15.224
  step 1700/1999 best 15.290
  step 1750/1999 best 15.249
  step 1800/1999 best 15.351
  step 1850/1999 best 15.201
  step 1900/1999 best 15.302
  step 1950/1999 best 15.145
saved SBC_CHAINS_cnn_vmim__n1_jitter_seed_s1_sim1447_row1229505_noise2789_2968_3147 (240000, 4) acc=0.237
  step 0/1999 best -20.671
  step 50/1999 best -2.386
  step 100/1999 best 0.438
  step 150/1999 best 9.411
  step 200/1999 best 11.902
  step 250/1999 best 12.380
  step 300/1999 best 14.195
  step 350/1999 best 14.603
  step 400/1999 best 15.109
  step 450/1999 best 14.990
  step 500/1999 best 14.610
  step 550/1999 best 14.995
  step 600/1999 best 15.234
  step 650/1999 best 15.194
  step 700/1999 best 15.208
  step 750/1999 best 14.964
  step 800/1999 best 15.120
  step 850/1999 best 15.103
  step 900/1999 best 15.039
  step 950/1999 best 15.205
  step 1000/1999 best 15.237
  step 1050/1999 best 15.060
  step 1100/1999 best 15.030
  step 1150/1999 best 15.031
  step 1200/1999 best 15.083
  step 1250/1999 best 15.237
  step 1300/1999 best 15.193
  step 1350/1999 best 14.888
  step 1400/1999 best 15.142
  step 1450/1999 best 15.086
  step 1500/1999 best 15.022
  step 1550/1999 best 15.229
  step 1600/1999 best 15.195
  step 1650/1999 best 15.035
  step 1700/1999 best 15.051
  step 1750/1999 best 15.219
  step 1800/1999 best 14.956
  step 1850/1999 best 15.163
  step 1900/1999 best 15.179
  step 1950/1999 best 15.228
saved SBC_CHAINS_cnn_vmim__n1_jitter_seed_s1_sim355_row341343_noise1535_1714_1893 (240000, 4) acc=0.214
  step 0/1999 best -17.743
  step 50/1999 best -3.076
  step 100/1999 best 9.817
  step 150/1999 best 8.532
  step 200/1999 best 14.237
  step 250/1999 best 14.695
  step 300/1999 best 14.671
  step 350/1999 best 15.092
  step 400/1999 best 14.575
  step 450/1999 best 15.336
  step 500/1999 best 14.877
  step 550/1999 best 15.448
  step 600/1999 best 15.322
  step 650/1999 best 15.206
  step 700/1999 best 15.157
  step 750/1999 best 15.290
  step 800/1999 best 15.162
  step 850/1999 best 15.383
  step 900/1999 best 15.600
  step 950/1999 best 15.416
  step 1000/1999 best 15.506
  step 1050/1999 best 15.389
  step 1100/1999 best 15.302
  step 1150/1999 best 15.043
  step 1200/1999 best 15.402
  step 1250/1999 best 15.310
  step 1300/1999 best 15.384
  step 1350/1999 best 15.421
  step 1400/1999 best 15.363
  step 1450/1999 best 15.376
  step 1500/1999 best 15.403
  step 1550/1999 best 15.507
  step 1600/1999 best 15.441
  step 1650/1999 best 15.592
  step 1700/1999 best 15.550
  step 1750/1999 best 15.571
  step 1800/1999 best 15.560
  step 1850/1999 best 15.478
  step 1900/1999 best 15.583
  step 1950/1999 best 15.434
saved SBC_CHAINS_cnn_vmim__n1_jitter_seed_s1_sim716_row665465_noise8849_9028_9207 (240000, 4) acc=0.146
  step 0/1999 best -19.576
  step 50/1999 best 0.789
  step 100/1999 best 14.311
  step 150/1999 best 14.872
  step 200/1999 best 15.028
  step 250/1999 best 14.583
  step 300/1999 best 14.580
  step 350/1999 best 14.742
  step 400/1999 best 14.919
  step 450/1999 best 14.835
  step 500/1999 best 14.945
  step 550/1999 best 14.828
  step 600/1999 best 15.028
  step 650/1999 best 14.926
  step 700/1999 best 14.994
  step 750/1999 best 14.869
  step 800/1999 best 14.853
  step 850/1999 best 14.952
  step 900/1999 best 14.937
  step 950/1999 best 15.011
  step 1000/1999 best 15.034
  step 1050/1999 best 15.045
  step 1100/1999 best 14.901
  step 1150/1999 best 15.045
  step 1200/1999 best 14.807
  step 1250/1999 best 14.873
  step 1300/1999 best 14.915
  step 1350/1999 best 14.984
  step 1400/1999 best 15.040
  step 1450/1999 best 15.021
  step 1500/1999 best 14.853
  step 1550/1999 best 14.986
  step 1600/1999 best 14.926
  step 1650/1999 best 14.907
  step 1700/1999 best 14.877
  step 1750/1999 best 14.967
  step 1800/1999 best 14.926
  step 1850/1999 best 15.093
  step 1900/1999 best 14.895
  step 1950/1999 best 14.849
saved SBC_CHAINS_cnn_vmim__n1_jitter_seed_s1_sim1460_row1242191_noise5647_5826_6005 (240000, 4) acc=0.223
  step 0/1999 best -16.218
  step 50/1999 best -1.998
  step 100/1999 best -0.021
  step 150/1999 best 5.237
  step 200/1999 best 15.597
  step 250/1999 best 15.294
  step 300/1999 best 15.784
  step 350/1999 best 16.081
  step 400/1999 best 15.671
  step 450/1999 best 15.921
  step 500/1999 best 16.047
  step 550/1999 best 15.965
  step 600/1999 best 16.058
  step 650/1999 best 15.723
  step 700/1999 best 16.019
  step 750/1999 best 15.976
  step 800/1999 best 15.817
  step 850/1999 best 15.922
  step 900/1999 best 16.028
  step 950/1999 best 16.153
  step 1000/1999 best 16.038
  step 1050/1999 best 16.060
  step 1100/1999 best 16.090
  step 1150/1999 best 16.147
  step 1200/1999 best 15.887
  step 1250/1999 best 16.024
  step 1300/1999 best 15.939
  step 1350/1999 best 16.126
  step 1400/1999 best 15.925
  step 1450/1999 best 16.091
  step 1500/1999 best 15.959
  step 1550/1999 best 16.153
  step 1600/1999 best 16.132
  step 1650/1999 best 15.989
  step 1700/1999 best 16.068
  step 1750/1999 best 16.017
  step 1800/1999 best 16.007
  step 1850/1999 best 15.992
  step 1900/1999 best 16.107
  step 1950/1999 best 15.902
saved SBC_CHAINS_cnn_vmim__n1_jitter_seed_s1_sim333_row319930_noise9606_9785_136 (240000, 4) acc=0.211
  step 0/1999 best -19.464
  step 50/1999 best -0.923
  step 100/1999 best 4.765
  step 150/1999 best 9.997
  step 200/1999 best 13.861
  step 250/1999 best 14.370
  step 300/1999 best 14.113
  step 350/1999 best 13.877
  step 400/1999 best 14.318
  step 450/1999 best 14.241
  step 500/1999 best 14.510
  step 550/1999 best 14.482
  step 600/1999 best 14.522
  step 650/1999 best 14.402
  step 700/1999 best 14.209
  step 750/1999 best 14.514
  step 800/1999 best 14.031
  step 850/1999 best 14.243
  step 900/1999 best 14.413
  step 950/1999 best 14.344
  step 1000/1999 best 14.437
  step 1050/1999 best 14.392
  step 1100/1999 best 14.373
  step 1150/1999 best 14.217
  step 1200/1999 best 14.404
  step 1250/1999 best 14.518
  step 1300/1999 best 14.459
  step 1350/1999 best 14.432
  step 1400/1999 best 14.495
  step 1450/1999 best 14.431
  step 1500/1999 best 14.339
  step 1550/1999 best 14.377
  step 1600/1999 best 14.493
  step 1650/1999 best 14.412
  step 1700/1999 best 14.318
  step 1750/1999 best 14.548
  step 1800/1999 best 14.353
  step 1850/1999 best 14.310
  step 1900/1999 best 14.466
  step 1950/1999 best 14.480
saved SBC_CHAINS_cnn_vmim__n1_jitter_seed_s1_sim2366_row1965864_noise8144_8323_8502 (240000, 4) acc=0.127
  step 0/1999 best -10.303
  step 50/1999 best 3.356
  step 100/1999 best 9.912
  step 150/1999 best 14.780
  step 200/1999 best 16.187
  step 250/1999 best 15.973
  step 300/1999 best 16.029
  step 350/1999 best 15.960
  step 400/1999 best 16.184
  step 450/1999 best 15.950
  step 500/1999 best 16.266
  step 550/1999 best 16.131
  step 600/1999 best 16.084
  step 650/1999 best 16.007
  step 700/1999 best 16.198
  step 750/1999 best 16.149
  step 800/1999 best 16.117
  step 850/1999 best 16.183
  step 900/1999 best 16.142
  step 950/1999 best 16.246
  step 1000/1999 best 16.034
  step 1050/1999 best 16.071
  step 1100/1999 best 16.058
  step 1150/1999 best 16.197
  step 1200/1999 best 16.158
  step 1250/1999 best 16.127
  step 1300/1999 best 16.246
  step 1350/1999 best 16.248
  step 1400/1999 best 16.151
  step 1450/1999 best 15.995
  step 1500/1999 best 16.246
  step 1550/1999 best 16.138
  step 1600/1999 best 16.217
  step 1650/1999 best 16.201
  step 1700/1999 best 16.221
  step 1750/1999 best 16.054
  step 1800/1999 best 16.182
  step 1850/1999 best 16.199
  step 1900/1999 best 16.167
  step 1950/1999 best 16.205
saved SBC_CHAINS_cnn_vmim__n1_jitter_seed_s1_sim741_row690167_noise4067_4246_4425 (240000, 4) acc=0.263
  step 0/1999 best -22.649
  step 50/1999 best 11.772
  step 100/1999 best 11.772
  step 150/1999 best 11.169
  step 200/1999 best 10.911
  step 250/1999 best 11.570
  step 300/1999 best 11.479
  step 350/1999 best 12.566
  step 400/1999 best 12.297
  step 450/1999 best 13.141
  step 500/1999 best 13.142
  step 550/1999 best 13.043
  step 600/1999 best 13.090
  step 650/1999 best 13.297
  step 700/1999 best 12.738
  step 750/1999 best 13.114
  step 800/1999 best 13.044
  step 850/1999 best 13.163
  step 900/1999 best 13.137
  step 950/1999 best 12.970
  step 1000/1999 best 13.181
  step 1050/1999 best 13.056
  step 1100/1999 best 13.107
  step 1150/1999 best 13.074
  step 1200/1999 best 13.199
  step 1250/1999 best 12.943
  step 1300/1999 best 13.243
  step 1350/1999 best 13.281
  step 1400/1999 best 13.100
  step 1450/1999 best 13.206
  step 1500/1999 best 13.229
  step 1550/1999 best 13.164
  step 1600/1999 best 13.185
  step 1650/1999 best 13.052
  step 1700/1999 best 13.226
  step 1750/1999 best 13.195
  step 1800/1999 best 13.154
  step 1850/1999 best 13.223
  step 1900/1999 best 12.937
  step 1950/1999 best 12.999
saved SBC_CHAINS_cnn_vmim__n1_jitter_seed_s1_sim2510_row2109524_noise4384_4563_4742 (240000, 4) acc=0.145
  step 0/1999 best -19.692
  step 50/1999 best 5.252
  step 100/1999 best 12.860
  step 150/1999 best 12.790
  step 200/1999 best 13.654
  step 250/1999 best 13.654
  step 300/1999 best 14.032
  step 350/1999 best 13.875
  step 400/1999 best 14.019
  step 450/1999 best 14.199
  step 500/1999 best 14.123
  step 550/1999 best 13.778
  step 600/1999 best 13.900
  step 650/1999 best 14.040
  step 700/1999 best 14.059
  step 750/1999 best 14.132
  step 800/1999 best 13.809
  step 850/1999 best 14.044
  step 900/1999 best 14.112
  step 950/1999 best 13.861
  step 1000/1999 best 14.008
  step 1050/1999 best 14.051
  step 1100/1999 best 14.052
  step 1150/1999 best 13.901
  step 1200/1999 best 13.822
  step 1250/1999 best 14.112
  step 1300/1999 best 14.133
  step 1350/1999 best 14.172
  step 1400/1999 best 14.068
  step 1450/1999 best 13.837
  step 1500/1999 best 13.925
  step 1550/1999 best 14.311
  step 1600/1999 best 13.905
  step 1650/1999 best 13.993
  step 1700/1999 best 14.146
  step 1750/1999 best 13.913
  step 1800/1999 best 14.215
  step 1850/1999 best 14.245
  step 1900/1999 best 14.026
  step 1950/1999 best 14.132
saved SBC_CHAINS_cnn_vmim__n1_jitter_seed_s1_sim2439_row2038247_noise1903_2082_2261 (240000, 4) acc=0.128
  step 0/1999 best -17.506
  step 50/1999 best -3.694
  step 100/1999 best 3.930
  step 150/1999 best 5.865
  step 200/1999 best 7.823
  step 250/1999 best 9.810
  step 300/1999 best 8.736
  step 350/1999 best 12.162
  step 400/1999 best 12.917
  step 450/1999 best 13.631
  step 500/1999 best 14.056
  step 550/1999 best 13.876
  step 600/1999 best 13.734
  step 650/1999 best 14.281
  step 700/1999 best 14.237
  step 750/1999 best 14.594
  step 800/1999 best 14.551
  step 850/1999 best 14.648
  step 900/1999 best 14.570
  step 950/1999 best 14.725
  step 1000/1999 best 14.562
  step 1050/1999 best 14.679
  step 1100/1999 best 14.645
  step 1150/1999 best 14.653
  step 1200/1999 best 14.631
  step 1250/1999 best 14.393
  step 1300/1999 best 14.767
  step 1350/1999 best 14.554
  step 1400/1999 best 14.660
  step 1450/1999 best 14.754
  step 1500/1999 best 14.718
  step 1550/1999 best 14.754
  step 1600/1999 best 14.657
  step 1650/1999 best 14.619
  step 1700/1999 best 14.715
  step 1750/1999 best 14.407
  step 1800/1999 best 14.611
  step 1850/1999 best 14.767
  step 1900/1999 best 14.785
  step 1950/1999 best 14.546
saved SBC_CHAINS_cnn_vmim__n1_jitter_seed_s1_sim439_row417748_noise7316_7495_7674 (240000, 4) acc=0.170
  step 0/1999 best -15.988
  step 50/1999 best 8.023
  step 100/1999 best 10.836
  step 150/1999 best 11.306
  step 200/1999 best 11.535
  step 250/1999 best 11.532
  step 300/1999 best 11.683
  step 350/1999 best 11.646
  step 400/1999 best 11.549
  step 450/1999 best 11.759
  step 500/1999 best 11.614
  step 550/1999 best 11.580
  step 600/1999 best 11.651
  step 650/1999 best 11.768
  step 700/1999 best 11.660
  step 750/1999 best 11.651
  step 800/1999 best 11.695
  step 850/1999 best 11.725
  step 900/1999 best 11.678
  step 950/1999 best 11.740
  step 1000/1999 best 11.645
  step 1050/1999 best 11.672
  step 1100/1999 best 11.732
  step 1150/1999 best 11.604
  step 1200/1999 best 11.729
  step 1250/1999 best 11.631
  step 1300/1999 best 11.598
  step 1350/1999 best 11.563
  step 1400/1999 best 11.689
  step 1450/1999 best 11.767
  step 1500/1999 best 11.769
  step 1550/1999 best 11.616
  step 1600/1999 best 11.683
  step 1650/1999 best 11.705
  step 1700/1999 best 11.711
  step 1750/1999 best 11.605
  step 1800/1999 best 11.567
  step 1850/1999 best 11.728
  step 1900/1999 best 11.729
  step 1950/1999 best 11.616
saved SBC_CHAINS_cnn_vmim__n1_jitter_seed_s1_sim919_row868303_noise5299_5478_5657 (240000, 4) acc=0.301
  step 0/1999 best -16.131
  step 50/1999 best -2.673
  step 100/1999 best 10.318
  step 150/1999 best 10.674
  step 200/1999 best 12.997
  step 250/1999 best 12.997
  step 300/1999 best 13.377
  step 350/1999 best 13.520
  step 400/1999 best 13.856
  step 450/1999 best 13.670
  step 500/1999 best 13.726
  step 550/1999 best 14.059
  step 600/1999 best 13.986
  step 650/1999 best 13.800
  step 700/1999 best 14.092
  step 750/1999 best 13.920
  step 800/1999 best 13.881
  step 850/1999 best 13.937
  step 900/1999 best 14.002
  step 950/1999 best 14.041
  step 1000/1999 best 14.000
  step 1050/1999 best 13.671
  step 1100/1999 best 14.081
  step 1150/1999 best 14.128
  step 1200/1999 best 14.141
  step 1250/1999 best 14.014
  step 1300/1999 best 14.099
  step 1350/1999 best 14.080
  step 1400/1999 best 14.157
  step 1450/1999 best 14.021
  step 1500/1999 best 13.954
  step 1550/1999 best 13.989
  step 1600/1999 best 14.069
  step 1650/1999 best 14.056
  step 1700/1999 best 14.070
  step 1750/1999 best 14.004
  step 1800/1999 best 13.987
  step 1850/1999 best 14.078
  step 1900/1999 best 14.074
  step 1950/1999 best 13.831
saved SBC_CHAINS_cnn_vmim__n1_jitter_seed_s1_sim1000_row946749_noise8121_8300_8479 (240000, 4) acc=0.276
  step 0/1999 best -18.782
  step 50/1999 best -5.197
  step 100/1999 best 10.299
  step 150/1999 best 9.158
  step 200/1999 best 10.683
  step 250/1999 best 11.785
  step 300/1999 best 11.784
  step 350/1999 best 11.944
  step 400/1999 best 12.057
  step 450/1999 best 11.828
  step 500/1999 best 12.009
  step 550/1999 best 11.847
  step 600/1999 best 12.072
  step 650/1999 best 12.146
  step 700/1999 best 12.049
  step 750/1999 best 12.074
  step 800/1999 best 12.053
  step 850/1999 best 12.202
  step 900/1999 best 12.069
  step 950/1999 best 11.944
  step 1000/1999 best 12.075
  step 1050/1999 best 11.985
  step 1100/1999 best 12.124
  step 1150/1999 best 12.109
  step 1200/1999 best 12.193
  step 1250/1999 best 12.104
  step 1300/1999 best 12.041
  step 1350/1999 best 12.147
  step 1400/1999 best 12.184
  step 1450/1999 best 11.922
  step 1500/1999 best 12.100
  step 1550/1999 best 12.037
  step 1600/1999 best 12.146
  step 1650/1999 best 11.890
  step 1700/1999 best 12.156
  step 1750/1999 best 12.107
  step 1800/1999 best 12.076
  step 1850/1999 best 12.136
  step 1900/1999 best 12.125
  step 1950/1999 best 12.150
saved SBC_CHAINS_cnn_vmim__n1_jitter_seed_s1_sim2545_row2144004_noise9380_9559_9738 (240000, 4) acc=0.209
  step 0/1999 best -10.946
  step 50/1999 best 5.289
  step 100/1999 best 5.289
  step 150/1999 best 5.230
  step 200/1999 best 10.143
  step 250/1999 best 11.950
  step 300/1999 best 12.166
  step 350/1999 best 12.191
  step 400/1999 best 11.484
  step 450/1999 best 13.698
  step 500/1999 best 13.525
  step 550/1999 best 14.158
  step 600/1999 best 13.931
  step 650/1999 best 14.144
  step 700/1999 best 14.186
  step 750/1999 best 13.893
  step 800/1999 best 14.055
  step 850/1999 best 14.416
  step 900/1999 best 14.209
  step 950/1999 best 14.223
  step 1000/1999 best 14.206
  step 1050/1999 best 14.174
  step 1100/1999 best 14.355
  step 1150/1999 best 14.246
  step 1200/1999 best 14.230
  step 1250/1999 best 14.176
  step 1300/1999 best 14.191
  step 1350/1999 best 14.093
  step 1400/1999 best 14.028
  step 1450/1999 best 13.979
  step 1500/1999 best 14.234
  step 1550/1999 best 14.003
  step 1600/1999 best 14.182
  step 1650/1999 best 14.206
  step 1700/1999 best 13.983
  step 1750/1999 best 14.295
  step 1800/1999 best 13.965
  step 1850/1999 best 14.131
  step 1900/1999 best 14.405
  step 1950/1999 best 14.412
saved SBC_CHAINS_cnn_vmim__n1_jitter_seed_s1_sim2446_row2045877_noise9533_9712_63 (240000, 4) acc=0.114
  step 0/1999 best -20.066
  step 50/1999 best -7.341
  step 100/1999 best 6.654
  step 150/1999 best 9.569
  step 200/1999 best 12.581
  step 250/1999 best 13.965
  step 300/1999 best 13.444
  step 350/1999 best 13.877
  step 400/1999 best 14.083
  step 450/1999 best 14.186
  step 500/1999 best 14.233
  step 550/1999 best 13.715
  step 600/1999 best 13.792
  step 650/1999 best 13.895
  step 700/1999 best 14.114
  step 750/1999 best 13.995
  step 800/1999 best 13.678
  step 850/1999 best 14.123
  step 900/1999 best 13.708
  step 950/1999 best 13.906
  step 1000/1999 best 14.176
  step 1050/1999 best 14.054
  step 1100/1999 best 13.989
  step 1150/1999 best 14.052
  step 1200/1999 best 14.152
  step 1250/1999 best 13.917
  step 1300/1999 best 14.066
  step 1350/1999 best 14.104
  step 1400/1999 best 13.731
  step 1450/1999 best 14.013
  step 1500/1999 best 14.164
  step 1550/1999 best 13.811
  step 1600/1999 best 14.075
  step 1650/1999 best 14.017
  step 1700/1999 best 14.165
  step 1750/1999 best 14.115
  step 1800/1999 best 14.125
  step 1850/1999 best 14.111
  step 1900/1999 best 14.197
  step 1950/1999 best 14.195
saved SBC_CHAINS_cnn_vmim__n1_jitter_seed_s1_sim2386_row1985845_noise8469_8648_8827 (240000, 4) acc=0.119
  step 0/1999 best -25.447
  step 50/1999 best -1.244
  step 100/1999 best 4.413
  step 150/1999 best 12.248
  step 200/1999 best 14.010
  step 250/1999 best 13.701
  step 300/1999 best 13.938
  step 350/1999 best 13.991
  step 400/1999 best 14.154
  step 450/1999 best 14.144
  step 500/1999 best 14.105
  step 550/1999 best 14.179
  step 600/1999 best 14.185
  step 650/1999 best 14.049
  step 700/1999 best 14.134
  step 750/1999 best 14.119
  step 800/1999 best 14.045
  step 850/1999 best 14.010
  step 900/1999 best 14.092
  step 950/1999 best 14.105
  step 1000/1999 best 14.124
  step 1050/1999 best 14.131
  step 1100/1999 best 14.181
  step 1150/1999 best 14.066
  step 1200/1999 best 14.163
  step 1250/1999 best 14.065
  step 1300/1999 best 13.797
  step 1350/1999 best 14.227
  step 1400/1999 best 14.203
  step 1450/1999 best 14.200
  step 1500/1999 best 14.221
  step 1550/1999 best 14.069
  step 1600/1999 best 14.081
  step 1650/1999 best 14.191
  step 1700/1999 best 14.070
  step 1750/1999 best 14.170
  step 1800/1999 best 14.118
  step 1850/1999 best 14.106
  step 1900/1999 best 14.133
  step 1950/1999 best 14.001
saved SBC_CHAINS_cnn_vmim__n1_jitter_seed_s1_sim2385_row1984016_noise6640_6819_6998 (240000, 4) acc=0.188
  step 0/1999 best -25.442
  step 50/1999 best -4.419
  step 100/1999 best 4.303
  step 150/1999 best 8.808
  step 200/1999 best 12.409
  step 250/1999 best 12.095
  step 300/1999 best 12.027
  step 350/1999 best 12.217
  step 400/1999 best 12.513
  step 450/1999 best 12.479
  step 500/1999 best 12.390
  step 550/1999 best 12.396
  step 600/1999 best 12.282
  step 650/1999 best 12.332
  step 700/1999 best 12.421
  step 750/1999 best 12.461
  step 800/1999 best 12.520
  step 850/1999 best 12.304
  step 900/1999 best 12.400
  step 950/1999 best 12.398
  step 1000/1999 best 12.531
  step 1050/1999 best 12.391
  step 1100/1999 best 12.490
  step 1150/1999 best 12.493
  step 1200/1999 best 12.475
  step 1250/1999 best 12.400
  step 1300/1999 best 12.339
  step 1350/1999 best 12.457
  step 1400/1999 best 12.483
  step 1450/1999 best 12.511
  step 1500/1999 best 12.397
  step 1550/1999 best 12.451
  step 1600/1999 best 12.358
  step 1650/1999 best 12.513
  step 1700/1999 best 12.507
  step 1750/1999 best 12.358
  step 1800/1999 best 12.097
  step 1850/1999 best 12.326
  step 1900/1999 best 12.364
  step 1950/1999 best 12.267
saved SBC_CHAINS_cnn_vmim__n1_jitter_seed_s1_sim2906_row2501227_noise6967_7146_7325 (240000, 4) acc=0.247
  step 0/1999 best -19.744
  step 50/1999 best -0.673
  step 100/1999 best 0.801
  step 150/1999 best 0.801
  step 200/1999 best 5.344
  step 250/1999 best 9.016
  step 300/1999 best 12.067
  step 350/1999 best 13.416
  step 400/1999 best 14.683
  step 450/1999 best 15.204
  step 500/1999 best 15.542
  step 550/1999 best 15.183
  step 600/1999 best 15.616
  step 650/1999 best 15.404
  step 700/1999 best 15.369
  step 750/1999 best 15.623
  step 800/1999 best 15.110
  step 850/1999 best 15.540
  step 900/1999 best 15.521
  step 950/1999 best 15.498
  step 1000/1999 best 15.719
  step 1050/1999 best 15.710
  step 1100/1999 best 15.657
  step 1150/1999 best 15.539
  step 1200/1999 best 15.622
  step 1250/1999 best 15.714
  step 1300/1999 best 15.714
  step 1350/1999 best 15.511
  step 1400/1999 best 15.585
  step 1450/1999 best 15.586
  step 1500/1999 best 15.584
  step 1550/1999 best 15.606
  step 1600/1999 best 15.528
  step 1650/1999 best 15.540
  step 1700/1999 best 15.610
  step 1750/1999 best 15.533
  step 1800/1999 best 15.588
  step 1850/1999 best 15.566
  step 1900/1999 best 15.541
  step 1950/1999 best 15.692
saved SBC_CHAINS_cnn_vmim__n1_jitter_seed_s1_sim717_row666868_noise424_603_782 (240000, 4) acc=0.202
  step 0/1999 best -20.623
  step 50/1999 best -1.487
  step 100/1999 best -0.407
  step 150/1999 best 10.516
  step 200/1999 best 13.409
  step 250/1999 best 16.182
  step 300/1999 best 15.789
  step 350/1999 best 15.905
  step 400/1999 best 16.079
  step 450/1999 best 15.881
  step 500/1999 best 16.080
  step 550/1999 best 16.238
  step 600/1999 best 16.137
  step 650/1999 best 16.144
  step 700/1999 best 16.153
  step 750/1999 best 16.150
  step 800/1999 best 16.170
  step 850/1999 best 16.135
  step 900/1999 best 16.068
  step 950/1999 best 16.227
  step 1000/1999 best 16.058
  step 1050/1999 best 16.090
  step 1100/1999 best 16.165
  step 1150/1999 best 16.064
  step 1200/1999 best 16.257
  step 1250/1999 best 16.071
  step 1300/1999 best 16.213
  step 1350/1999 best 16.146
  step 1400/1999 best 16.227
  step 1450/1999 best 15.977
  step 1500/1999 best 16.052
  step 1550/1999 best 16.162
  step 1600/1999 best 16.204
  step 1650/1999 best 16.139
  step 1700/1999 best 16.143
  step 1750/1999 best 16.078
  step 1800/1999 best 16.055
  step 1850/1999 best 16.087
  step 1900/1999 best 16.187
  step 1950/1999 best 16.229
saved SBC_CHAINS_cnn_vmim__n1_jitter_seed_s1_sim2060_row1670556_noise6504_6683_6862 (240000, 4) acc=0.278
  step 0/1999 best -20.491
  step 50/1999 best -3.841
  step 100/1999 best 0.556
  step 150/1999 best 0.520
  step 200/1999 best -0.931
  step 250/1999 best -0.931
  step 300/1999 best 0.783
  step 350/1999 best 0.236
  step 400/1999 best 2.683
  step 450/1999 best 12.187
  step 500/1999 best 12.904
  step 550/1999 best 14.688
  step 600/1999 best 14.690
  step 650/1999 best 15.786
  step 700/1999 best 14.979
  step 750/1999 best 15.437
  step 800/1999 best 15.210
  step 850/1999 best 15.599
  step 900/1999 best 15.506
  step 950/1999 best 15.752
  step 1000/1999 best 15.804
  step 1050/1999 best 15.673
  step 1100/1999 best 15.138
  step 1150/1999 best 15.800
  step 1200/1999 best 15.859
  step 1250/1999 best 15.634
  step 1300/1999 best 15.618
  step 1350/1999 best 15.714
  step 1400/1999 best 15.828
  step 1450/1999 best 15.678
  step 1500/1999 best 15.623
  step 1550/1999 best 15.738
  step 1600/1999 best 15.819
  step 1650/1999 best 15.755
  step 1700/1999 best 15.607
  step 1750/1999 best 15.669
  step 1800/1999 best 15.656
  step 1850/1999 best 15.727
  step 1900/1999 best 15.760
  step 1950/1999 best 15.585
saved SBC_CHAINS_cnn_vmim__n1_jitter_seed_s1_sim957_row906839_noise4523_4702_4881 (240000, 4) acc=0.167
  step 0/1999 best -18.076
  step 50/1999 best 0.435
  step 100/1999 best 2.255
  step 150/1999 best 10.841
  step 200/1999 best 11.571
  step 250/1999 best 12.808
  step 300/1999 best 13.924
  step 350/1999 best 15.866
  step 400/1999 best 15.803
  step 450/1999 best 14.657
  step 500/1999 best 14.964
  step 550/1999 best 14.828
  step 600/1999 best 15.569
  step 650/1999 best 15.976
  step 700/1999 best 15.352
  step 750/1999 best 15.692
  step 800/1999 best 15.675
  step 850/1999 best 15.852
  step 900/1999 best 16.024
  step 950/1999 best 15.919
  step 1000/1999 best 16.032
  step 1050/1999 best 15.761
  step 1100/1999 best 15.625
  step 1150/1999 best 15.956
  step 1200/1999 best 15.974
  step 1250/1999 best 15.587
  step 1300/1999 best 15.746
  step 1350/1999 best 16.079
  step 1400/1999 best 15.723
  step 1450/1999 best 15.903
  step 1500/1999 best 15.760
  step 1550/1999 best 15.833
  step 1600/1999 best 16.088
  step 1650/1999 best 16.134
  step 1700/1999 best 15.856
  step 1750/1999 best 15.923
  step 1800/1999 best 16.045
  step 1850/1999 best 15.995
  step 1900/1999 best 15.855
  step 1950/1999 best 15.892
saved SBC_CHAINS_cnn_vmim__n1_jitter_seed_s1_sim1738_row1491692_noise8964_9143_9322 (240000, 4) acc=0.134
  step 0/1999 best -15.816
  step 50/1999 best -6.062
  step 100/1999 best 9.165
  step 150/1999 best 11.331
  step 200/1999 best 11.688
  step 250/1999 best 11.547
  step 300/1999 best 11.985
  step 350/1999 best 11.982
  step 400/1999 best 12.086
  step 450/1999 best 11.820
  step 500/1999 best 11.948
  step 550/1999 best 12.067
  step 600/1999 best 12.077
  step 650/1999 best 11.883
  step 700/1999 best 11.906
  step 750/1999 best 12.058
  step 800/1999 best 12.141
  step 850/1999 best 12.116
  step 900/1999 best 12.010
  step 950/1999 best 12.096
  step 1000/1999 best 12.112
  step 1050/1999 best 12.049
  step 1100/1999 best 12.123
  step 1150/1999 best 11.959
  step 1200/1999 best 12.166
  step 1250/1999 best 12.148
  step 1300/1999 best 12.150
  step 1350/1999 best 12.101
  step 1400/1999 best 12.020
  step 1450/1999 best 12.127
  step 1500/1999 best 12.122
  step 1550/1999 best 12.106
  step 1600/1999 best 12.092
  step 1650/1999 best 12.018
  step 1700/1999 best 12.121
  step 1750/1999 best 12.073
  step 1800/1999 best 12.142
  step 1850/1999 best 12.034
  step 1900/1999 best 12.162
  step 1950/1999 best 11.887
saved SBC_CHAINS_cnn_vmim__n1_jitter_seed_s1_sim2977_row2572242_noise9186_9365_9544 (240000, 4) acc=0.289
  step 0/1999 best -16.923
  step 50/1999 best 1.618
  step 100/1999 best 5.951
  step 150/1999 best 10.515
  step 200/1999 best 13.649
  step 250/1999 best 15.114
  step 300/1999 best 15.333
  step 350/1999 best 15.725
  step 400/1999 best 15.654
  step 450/1999 best 15.822
  step 500/1999 best 15.522
  step 550/1999 best 15.672
  step 600/1999 best 15.564
  step 650/1999 best 15.542
  step 700/1999 best 15.779
  step 750/1999 best 15.706
  step 800/1999 best 15.763
  step 850/1999 best 15.622
  step 900/1999 best 15.701
  step 950/1999 best 15.558
  step 1000/1999 best 15.599
  step 1050/1999 best 15.644
  step 1100/1999 best 15.792
  step 1150/1999 best 15.780
  step 1200/1999 best 15.791
  step 1250/1999 best 15.659
  step 1300/1999 best 15.555
  step 1350/1999 best 15.665
  step 1400/1999 best 15.701
  step 1450/1999 best 15.805
  step 1500/1999 best 15.661
  step 1550/1999 best 15.739
  step 1600/1999 best 15.523
  step 1650/1999 best 15.747
  step 1700/1999 best 15.809
  step 1750/1999 best 15.671
  step 1800/1999 best 15.796
  step 1850/1999 best 15.719
  step 1900/1999 best 15.734
  step 1950/1999 best 15.758
saved SBC_CHAINS_cnn_vmim__n1_jitter_seed_s1_sim2047_row1657428_noise3204_3383_3562 (240000, 4) acc=0.224
  step 0/1999 best -18.129
  step 50/1999 best 4.906
  step 100/1999 best 12.442
  step 150/1999 best 15.094
  step 200/1999 best 15.284
  step 250/1999 best 15.650
  step 300/1999 best 15.727
  step 350/1999 best 15.922
  step 400/1999 best 15.876
  step 450/1999 best 15.890
  step 500/1999 best 15.832
  step 550/1999 best 15.810
  step 600/1999 best 15.774
  step 650/1999 best 15.839
  step 700/1999 best 15.778
  step 750/1999 best 15.720
  step 800/1999 best 15.883
  step 850/1999 best 15.828
  step 900/1999 best 15.893
  step 950/1999 best 15.916
  step 1000/1999 best 15.782
  step 1050/1999 best 15.837
  step 1100/1999 best 15.788
  step 1150/1999 best 15.701
  step 1200/1999 best 15.837
  step 1250/1999 best 15.793
  step 1300/1999 best 15.811
  step 1350/1999 best 15.840
  step 1400/1999 best 15.917
  step 1450/1999 best 15.941
  step 1500/1999 best 15.910
  step 1550/1999 best 15.809
  step 1600/1999 best 15.775
  step 1650/1999 best 15.857
  step 1700/1999 best 15.678
  step 1750/1999 best 15.892
  step 1800/1999 best 15.842
  step 1850/1999 best 15.822
  step 1900/1999 best 15.895
  step 1950/1999 best 15.748
saved SBC_CHAINS_cnn_vmim__n1_jitter_seed_s1_sim890_row839550_noise6030_6209_6388 (240000, 4) acc=0.355
  step 0/1999 best -19.750
  step 50/1999 best 4.574
  step 100/1999 best 3.735
  step 150/1999 best 2.742
  step 200/1999 best 9.665
  step 250/1999 best 13.986
  step 300/1999 best 15.498
  step 350/1999 best 15.526
  step 400/1999 best 16.369
  step 450/1999 best 16.542
  step 500/1999 best 16.487
  step 550/1999 best 16.428
  step 600/1999 best 16.294
  step 650/1999 best 16.553
  step 700/1999 best 16.547
  step 750/1999 best 16.573
  step 800/1999 best 16.611
  step 850/1999 best 16.269
  step 900/1999 best 16.498
  step 950/1999 best 16.482
  step 1000/1999 best 16.565
  step 1050/1999 best 16.385
  step 1100/1999 best 16.613
  step 1150/1999 best 16.479
  step 1200/1999 best 16.684
  step 1250/1999 best 16.627
  step 1300/1999 best 16.528
  step 1350/1999 best 16.570
  step 1400/1999 best 16.438
  step 1450/1999 best 16.495
  step 1500/1999 best 16.672
  step 1550/1999 best 16.553
  step 1600/1999 best 16.684
  step 1650/1999 best 16.578
  step 1700/1999 best 16.571
  step 1750/1999 best 16.610
  step 1800/1999 best 16.509
  step 1850/1999 best 16.556
  step 1900/1999 best 16.438
  step 1950/1999 best 16.335
saved SBC_CHAINS_cnn_vmim__n1_jitter_seed_s1_sim729_row678272_noise2000_2179_2358 (240000, 4) acc=0.190
  step 0/1999 best -24.607
  step 50/1999 best 9.429
  step 100/1999 best 11.800
  step 150/1999 best 12.228
  step 200/1999 best 12.295
  step 250/1999 best 12.699
  step 300/1999 best 12.831
  step 350/1999 best 12.605
  step 400/1999 best 12.530
  step 450/1999 best 12.725
  step 500/1999 best 12.592
  step 550/1999 best 12.435
  step 600/1999 best 12.782
  step 650/1999 best 12.518
  step 700/1999 best 12.682
  step 750/1999 best 12.595
  step 800/1999 best 12.703
  step 850/1999 best 12.705
  step 900/1999 best 12.787
  step 950/1999 best 12.759
  step 1000/1999 best 12.671
  step 1050/1999 best 12.685
  step 1100/1999 best 12.694
  step 1150/1999 best 12.679
  step 1200/1999 best 12.584
  step 1250/1999 best 12.707
  step 1300/1999 best 12.804
  step 1350/1999 best 12.583
  step 1400/1999 best 12.660
  step 1450/1999 best 12.561
  step 1500/1999 best 12.733
  step 1550/1999 best 12.651
  step 1600/1999 best 12.765
  step 1650/1999 best 12.494
  step 1700/1999 best 12.742
  step 1750/1999 best 12.687
  step 1800/1999 best 12.695
  step 1850/1999 best 12.681
  step 1900/1999 best 12.810
  step 1950/1999 best 12.667
saved SBC_CHAINS_cnn_vmim__n1_jitter_seed_s1_sim2389_row1988391_noise1187_1366_1545 (240000, 4) acc=0.197
  step 0/1999 best -10.141
  step 50/1999 best 1.198
  step 100/1999 best 2.053
  step 150/1999 best 10.418
  step 200/1999 best 10.311
  step 250/1999 best 12.233
  step 300/1999 best 13.036
  step 350/1999 best 11.899
  step 400/1999 best 11.729
  step 450/1999 best 10.959
  step 500/1999 best 11.235
  step 550/1999 best 12.771
  step 600/1999 best 12.975
  step 650/1999 best 13.020
  step 700/1999 best 13.119
  step 750/1999 best 12.988
  step 800/1999 best 13.317
  step 850/1999 best 13.274
  step 900/1999 best 13.378
  step 950/1999 best 13.371
  step 1000/1999 best 13.205
  step 1050/1999 best 13.421
  step 1100/1999 best 13.416
  step 1150/1999 best 13.335
  step 1200/1999 best 13.323
  step 1250/1999 best 13.477
  step 1300/1999 best 13.134
  step 1350/1999 best 13.310
  step 1400/1999 best 13.218
  step 1450/1999 best 13.189
  step 1500/1999 best 13.210
  step 1550/1999 best 13.356
  step 1600/1999 best 12.960
  step 1650/1999 best 13.336
  step 1700/1999 best 13.294
  step 1750/1999 best 13.435
  step 1800/1999 best 13.390
  step 1850/1999 best 13.188
  step 1900/1999 best 13.299
  step 1950/1999 best 13.241
saved SBC_CHAINS_cnn_vmim__n1_jitter_seed_s1_sim2606_row2205823_noise2403_2582_2761 (240000, 4) acc=0.128
  step 0/1999 best -17.416
  step 50/1999 best 1.715
  step 100/1999 best 15.555
  step 150/1999 best 15.655
  step 200/1999 best 15.742
  step 250/1999 best 15.788
  step 300/1999 best 15.824
  step 350/1999 best 15.852
  step 400/1999 best 16.274
  step 450/1999 best 16.246
  step 500/1999 best 16.072
  step 550/1999 best 16.239
  step 600/1999 best 16.184
  step 650/1999 best 16.212
  step 700/1999 best 16.053
  step 750/1999 best 15.987
  step 800/1999 best 16.112
  step 850/1999 best 16.213
  step 900/1999 best 16.090
  step 950/1999 best 16.192
  step 1000/1999 best 16.273
  step 1050/1999 best 16.215
  step 1100/1999 best 16.266
  step 1150/1999 best 16.159
  step 1200/1999 best 16.215
  step 1250/1999 best 16.088
  step 1300/1999 best 16.321
  step 1350/1999 best 16.200
  step 1400/1999 best 16.288
  step 1450/1999 best 16.222
  step 1500/1999 best 16.239
  step 1550/1999 best 16.232
  step 1600/1999 best 16.193
  step 1650/1999 best 16.232
  step 1700/1999 best 16.111
  step 1750/1999 best 16.194
  step 1800/1999 best 16.262
  step 1850/1999 best 16.204
  step 1900/1999 best 16.015
  step 1950/1999 best 16.277
saved SBC_CHAINS_cnn_vmim__n1_jitter_seed_s1_sim1976_row1587530_noise1102_1281_1460 (240000, 4) acc=0.252
  step 0/1999 best -11.457
  step 50/1999 best -1.126
  step 100/1999 best 7.849
  step 150/1999 best 7.908
  step 200/1999 best 7.908
  step 250/1999 best 8.433
  step 300/1999 best 12.054
  step 350/1999 best 12.869
  step 400/1999 best 13.911
  step 450/1999 best 15.433
  step 500/1999 best 15.075
  step 550/1999 best 14.991
  step 600/1999 best 15.556
  step 650/1999 best 15.688
  step 700/1999 best 15.610
  step 750/1999 best 15.449
  step 800/1999 best 15.738
  step 850/1999 best 15.708
  step 900/1999 best 15.240
  step 950/1999 best 15.472
  step 1000/1999 best 15.458
  step 1050/1999 best 15.674
  step 1100/1999 best 15.595
  step 1150/1999 best 15.535
  step 1200/1999 best 15.522
  step 1250/1999 best 15.654
  step 1300/1999 best 15.695
  step 1350/1999 best 15.598
  step 1400/1999 best 15.498
  step 1450/1999 best 15.617
  step 1500/1999 best 15.669
  step 1550/1999 best 15.785
  step 1600/1999 best 15.725
  step 1650/1999 best 15.676
  step 1700/1999 best 15.469
  step 1750/1999 best 15.551
  step 1800/1999 best 15.612
  step 1850/1999 best 15.429
  step 1900/1999 best 15.771
  step 1950/1999 best 15.752
saved SBC_CHAINS_cnn_vmim__n1_jitter_seed_s1_sim880_row829089_noise5397_5576_5755 (240000, 4) acc=0.189
  step 0/1999 best -17.367
  step 50/1999 best 13.675
  step 100/1999 best 14.671
  step 150/1999 best 14.388
  step 200/1999 best 16.112
  step 250/1999 best 15.766
  step 300/1999 best 15.005
  step 350/1999 best 14.643
  step 400/1999 best 16.247
  step 450/1999 best 16.111
  step 500/1999 best 16.609
  step 550/1999 best 15.796
  step 600/1999 best 16.573
  step 650/1999 best 16.479
  step 700/1999 best 16.459
  step 750/1999 best 16.693
  step 800/1999 best 16.502
  step 850/1999 best 16.507
  step 900/1999 best 16.651
  step 950/1999 best 16.457
  step 1000/1999 best 16.732
  step 1050/1999 best 16.570
  step 1100/1999 best 16.410
  step 1150/1999 best 16.538
  step 1200/1999 best 16.613
  step 1250/1999 best 16.679
  step 1300/1999 best 16.540
  step 1350/1999 best 16.725
  step 1400/1999 best 16.375
  step 1450/1999 best 16.477
  step 1500/1999 best 16.542
  step 1550/1999 best 16.619
  step 1600/1999 best 16.523
  step 1650/1999 best 16.535
  step 1700/1999 best 16.606
  step 1750/1999 best 16.403
  step 1800/1999 best 16.469
  step 1850/1999 best 16.675
  step 1900/1999 best 16.649
  step 1950/1999 best 16.542
saved SBC_CHAINS_cnn_vmim__n1_jitter_seed_s1_sim176_row167331_noise9255_9434_9613 (240000, 4) acc=0.149
  step 0/1999 best -20.520
  step 50/1999 best -1.421
  step 100/1999 best 11.190
  step 150/1999 best 11.190
  step 200/1999 best 15.962
  step 250/1999 best 16.726
  step 300/1999 best 16.488
  step 350/1999 best 15.793
  step 400/1999 best 16.106
  step 450/1999 best 16.088
  step 500/1999 best 16.705
  step 550/1999 best 16.549
  step 600/1999 best 16.831
  step 650/1999 best 16.533
  step 700/1999 best 16.763
  step 750/1999 best 16.475
  step 800/1999 best 16.687
  step 850/1999 best 16.526
  step 900/1999 best 16.619
  step 950/1999 best 16.747
  step 1000/1999 best 16.846
  step 1050/1999 best 16.727
  step 1100/1999 best 16.737
  step 1150/1999 best 16.693
  step 1200/1999 best 16.541
  step 1250/1999 best 16.779
  step 1300/1999 best 16.716
  step 1350/1999 best 16.542
  step 1400/1999 best 16.804
  step 1450/1999 best 16.692
  step 1500/1999 best 16.654
  step 1550/1999 best 16.825
  step 1600/1999 best 16.759
  step 1650/1999 best 16.725
  step 1700/1999 best 16.728
  step 1750/1999 best 16.731
  step 1800/1999 best 16.576
  step 1850/1999 best 16.821
  step 1900/1999 best 16.620
  step 1950/1999 best 16.635
saved SBC_CHAINS_cnn_vmim__n1_jitter_seed_s1_sim1210_row1028457_noise1613_1792_1971 (240000, 4) acc=0.200
  step 0/1999 best -13.167
  step 50/1999 best 3.434
  step 100/1999 best 9.545
  step 150/1999 best 14.669
  step 200/1999 best 15.703
  step 250/1999 best 15.615
  step 300/1999 best 15.698
  step 350/1999 best 15.807
  step 400/1999 best 16.213
  step 450/1999 best 15.836
  step 500/1999 best 16.276
  step 550/1999 best 16.012
  step 600/1999 best 16.204
  step 650/1999 best 16.095
  step 700/1999 best 16.177
  step 750/1999 best 16.165
  step 800/1999 best 16.103
  step 850/1999 best 16.242
  step 900/1999 best 15.990
  step 950/1999 best 16.020
  step 1000/1999 best 16.260
  step 1050/1999 best 16.095
  step 1100/1999 best 16.097
  step 1150/1999 best 16.085
  step 1200/1999 best 16.239
  step 1250/1999 best 16.145
  step 1300/1999 best 16.269
  step 1350/1999 best 16.228
  step 1400/1999 best 16.170
  step 1450/1999 best 16.213
  step 1500/1999 best 16.227
  step 1550/1999 best 16.258
  step 1600/1999 best 16.133
  step 1650/1999 best 16.160
  step 1700/1999 best 16.041
  step 1750/1999 best 16.164
  step 1800/1999 best 16.169
  step 1850/1999 best 16.287
  step 1900/1999 best 16.160
  step 1950/1999 best 16.064
saved SBC_CHAINS_cnn_vmim__n1_jitter_seed_s1_sim892_row841893_noise8373_8552_8731 (240000, 4) acc=0.235
  step 0/1999 best -14.851
  step 50/1999 best 11.287
  step 100/1999 best 13.396
  step 150/1999 best 14.781
  step 200/1999 best 14.604
  step 250/1999 best 14.660
  step 300/1999 best 14.658
  step 350/1999 best 14.455
  step 400/1999 best 14.760
  step 450/1999 best 14.610
  step 500/1999 best 14.680
  step 550/1999 best 14.784
  step 600/1999 best 14.487
  step 650/1999 best 14.698
  step 700/1999 best 14.816
  step 750/1999 best 14.694
  step 800/1999 best 14.747
  step 850/1999 best 14.758
  step 900/1999 best 14.605
  step 950/1999 best 14.592
  step 1000/1999 best 14.534
  step 1050/1999 best 14.745
  step 1100/1999 best 14.771
  step 1150/1999 best 14.683
  step 1200/1999 best 14.774
  step 1250/1999 best 14.855
  step 1300/1999 best 14.664
  step 1350/1999 best 14.831
  step 1400/1999 best 14.795
  step 1450/1999 best 14.679
  step 1500/1999 best 14.594
  step 1550/1999 best 14.861
  step 1600/1999 best 14.752
  step 1650/1999 best 14.723
  step 1700/1999 best 14.643
  step 1750/1999 best 14.800
  step 1800/1999 best 14.761
  step 1850/1999 best 14.720
  step 1900/1999 best 14.817
  step 1950/1999 best 14.739
saved SBC_CHAINS_cnn_vmim__n1_jitter_seed_s1_sim823_row772704_noise7980_8159_8338 (240000, 4) acc=0.238
  step 0/1999 best -21.531
  step 50/1999 best 1.090
  step 100/1999 best 3.511
  step 150/1999 best 12.344
  step 200/1999 best 12.642
  step 250/1999 best 14.024
  step 300/1999 best 13.885
  step 350/1999 best 14.368
  step 400/1999 best 14.456
  step 450/1999 best 14.260
  step 500/1999 best 14.338
  step 550/1999 best 14.470
  step 600/1999 best 14.384
  step 650/1999 best 14.398
  step 700/1999 best 14.355
  step 750/1999 best 14.394
  step 800/1999 best 14.382
  step 850/1999 best 14.411
  step 900/1999 best 14.202
  step 950/1999 best 14.351
  step 1000/1999 best 14.387
  step 1050/1999 best 14.305
  step 1100/1999 best 14.343
  step 1150/1999 best 14.320
  step 1200/1999 best 14.345
  step 1250/1999 best 14.332
  step 1300/1999 best 14.357
  step 1350/1999 best 14.355
  step 1400/1999 best 14.369
  step 1450/1999 best 14.316
  step 1500/1999 best 14.277
  step 1550/1999 best 14.411
  step 1600/1999 best 14.315
  step 1650/1999 best 14.336
  step 1700/1999 best 14.349
  step 1750/1999 best 14.443
  step 1800/1999 best 14.370
  step 1850/1999 best 14.377
  step 1900/1999 best 14.439
  step 1950/1999 best 14.341
saved SBC_CHAINS_cnn_vmim__n1_jitter_seed_s1_sim979_row928550_noise6578_6757_6936 (240000, 4) acc=0.288
  step 0/1999 best -16.345
  step 50/1999 best -1.649
  step 100/1999 best 0.201
  step 150/1999 best 8.740
  step 200/1999 best 8.740
  step 250/1999 best 13.114
  step 300/1999 best 12.827
  step 350/1999 best 13.800
  step 400/1999 best 14.197
  step 450/1999 best 14.369
  step 500/1999 best 14.594
  step 550/1999 best 14.775
  step 600/1999 best 14.812
  step 650/1999 best 14.750
  step 700/1999 best 14.585
  step 750/1999 best 14.776
  step 800/1999 best 14.562
  step 850/1999 best 14.568
  step 900/1999 best 14.648
  step 950/1999 best 14.679
  step 1000/1999 best 14.630
  step 1050/1999 best 14.494
  step 1100/1999 best 14.724
  step 1150/1999 best 14.647
  step 1200/1999 best 14.783
  step 1250/1999 best 14.579
  step 1300/1999 best 14.631
  step 1350/1999 best 14.696
  step 1400/1999 best 14.843
  step 1450/1999 best 14.541
  step 1500/1999 best 14.716
  step 1550/1999 best 14.683
  step 1600/1999 best 14.715
  step 1650/1999 best 14.594
  step 1700/1999 best 14.689
  step 1750/1999 best 14.742
  step 1800/1999 best 14.756
  step 1850/1999 best 14.684
  step 1900/1999 best 14.834
  step 1950/1999 best 14.781
saved SBC_CHAINS_cnn_vmim__n1_jitter_seed_s1_sim446_row424544_noise4284_4463_4642 (240000, 4) acc=0.216
  step 0/1999 best -7.173
  step 50/1999 best 4.020
  step 100/1999 best 9.166
  step 150/1999 best 9.648
  step 200/1999 best 9.488
  step 250/1999 best 9.497
  step 300/1999 best 9.520
  step 350/1999 best 9.433
  step 400/1999 best 9.574
  step 450/1999 best 9.527
  step 500/1999 best 9.631
  step 550/1999 best 9.427
  step 600/1999 best 9.398
  step 650/1999 best 9.506
  step 700/1999 best 9.541
  step 750/1999 best 9.481
  step 800/1999 best 9.642
  step 850/1999 best 9.498
  step 900/1999 best 9.662
  step 950/1999 best 9.603
  step 1000/1999 best 9.448
  step 1050/1999 best 9.616
  step 1100/1999 best 9.606
  step 1150/1999 best 9.298
  step 1200/1999 best 9.418
  step 1250/1999 best 9.483
  step 1300/1999 best 9.594
  step 1350/1999 best 9.577
  step 1400/1999 best 9.419
  step 1450/1999 best 9.621
  step 1500/1999 best 9.569
  step 1550/1999 best 9.501
  step 1600/1999 best 9.638
  step 1650/1999 best 9.490
  step 1700/1999 best 9.606
  step 1750/1999 best 9.494
  step 1800/1999 best 9.555
  step 1850/1999 best 9.563
  step 1900/1999 best 9.595
  step 1950/1999 best 9.548
saved SBC_CHAINS_cnn_vmim__n1_jitter_seed_s1_sim2858_row2453048_noise7928_8107_8286 (240000, 4) acc=0.264
  step 0/1999 best -6.791
  step 50/1999 best 9.000
  step 100/1999 best 10.689
  step 150/1999 best 11.656
  step 200/1999 best 11.798
  step 250/1999 best 11.838
  step 300/1999 best 12.017
  step 350/1999 best 11.890
  step 400/1999 best 11.969
  step 450/1999 best 11.970
  step 500/1999 best 11.794
  step 550/1999 best 11.785
  step 600/1999 best 11.787
  step 650/1999 best 11.908
  step 700/1999 best 11.985
  step 750/1999 best 11.975
  step 800/1999 best 11.871
  step 850/1999 best 11.973
  step 900/1999 best 12.054
  step 950/1999 best 12.051
  step 1000/1999 best 12.029
  step 1050/1999 best 11.956
  step 1100/1999 best 11.984
  step 1150/1999 best 11.847
  step 1200/1999 best 12.037
  step 1250/1999 best 11.734
  step 1300/1999 best 12.015
  step 1350/1999 best 12.038
  step 1400/1999 best 11.913
  step 1450/1999 best 11.965
  step 1500/1999 best 11.986
  step 1550/1999 best 12.044
  step 1600/1999 best 11.884
  step 1650/1999 best 11.865
  step 1700/1999 best 12.026
  step 1750/1999 best 11.927
  step 1800/1999 best 11.908
  step 1850/1999 best 11.966
  step 1900/1999 best 11.932
  step 1950/1999 best 11.813
saved SBC_CHAINS_cnn_vmim__n1_jitter_seed_s1_sim1933_row1544050_noise6762_6941_7120 (240000, 4) acc=0.391
  step 0/1999 best -17.701
  step 50/1999 best 15.378
  step 100/1999 best 16.234
  step 150/1999 best 16.422
  step 200/1999 best 16.682
  step 250/1999 best 16.794
  step 300/1999 best 16.665
  step 350/1999 best 16.399
  step 400/1999 best 16.848
  step 450/1999 best 16.751
  step 500/1999 best 16.788
  step 550/1999 best 16.641
  step 600/1999 best 16.820
  step 650/1999 best 16.608
  step 700/1999 best 16.692
  step 750/1999 best 16.514
  step 800/1999 best 16.597
  step 850/1999 best 16.774
  step 900/1999 best 16.754
  step 950/1999 best 16.503
  step 1000/1999 best 16.711
  step 1050/1999 best 16.683
  step 1100/1999 best 16.718
  step 1150/1999 best 16.713
  step 1200/1999 best 16.641
  step 1250/1999 best 16.571
  step 1300/1999 best 16.814
  step 1350/1999 best 16.769
  step 1400/1999 best 16.736
  step 1450/1999 best 16.679
  step 1500/1999 best 16.842
  step 1550/1999 best 16.844
  step 1600/1999 best 16.861
  step 1650/1999 best 16.827
  step 1700/1999 best 16.688
  step 1750/1999 best 16.846
  step 1800/1999 best 16.876
  step 1850/1999 best 16.698
  step 1900/1999 best 16.784
  step 1950/1999 best 16.792
saved SBC_CHAINS_cnn_vmim__n1_jitter_seed_s1_sim1371_row1179179_noise5087_5266_5445 (240000, 4) acc=0.340
  step 0/1999 best -16.182
  step 50/1999 best -0.927
  step 100/1999 best 0.506
  step 150/1999 best 3.353
  step 200/1999 best 7.908
  step 250/1999 best 11.858
  step 300/1999 best 13.752
  step 350/1999 best 14.164
  step 400/1999 best 14.699
  step 450/1999 best 14.774
  step 500/1999 best 14.723
  step 550/1999 best 14.816
  step 600/1999 best 14.663
  step 650/1999 best 14.721
  step 700/1999 best 14.812
  step 750/1999 best 14.716
  step 800/1999 best 14.799
  step 850/1999 best 14.822
  step 900/1999 best 14.808
  step 950/1999 best 14.608
  step 1000/1999 best 14.884
  step 1050/1999 best 14.844
  step 1100/1999 best 14.829
  step 1150/1999 best 14.826
  step 1200/1999 best 14.701
  step 1250/1999 best 14.762
  step 1300/1999 best 14.630
  step 1350/1999 best 14.747
  step 1400/1999 best 14.750
  step 1450/1999 best 14.766
  step 1500/1999 best 14.886
  step 1550/1999 best 14.848
  step 1600/1999 best 14.797
  step 1650/1999 best 14.845
  step 1700/1999 best 14.847
  step 1750/1999 best 14.805
  step 1800/1999 best 14.856
  step 1850/1999 best 14.719
  step 1900/1999 best 14.842
  step 1950/1999 best 14.725
saved SBC_CHAINS_cnn_vmim__n1_jitter_seed_s1_sim949_row898273_noise5785_5964_6143 (240000, 4) acc=0.236
  step 0/1999 best -20.334
  step 50/1999 best 8.846
  step 100/1999 best 10.484
  step 150/1999 best 10.807
  step 200/1999 best 12.654
  step 250/1999 best 12.854
  step 300/1999 best 12.661
  step 350/1999 best 12.780
  step 400/1999 best 12.542
  step 450/1999 best 12.699
  step 500/1999 best 12.619
  step 550/1999 best 12.658
  step 600/1999 best 12.847
  step 650/1999 best 12.654
  step 700/1999 best 12.899
  step 750/1999 best 12.873
  step 800/1999 best 12.863
  step 850/1999 best 12.656
  step 900/1999 best 12.708
  step 950/1999 best 12.852
  step 1000/1999 best 12.803
  step 1050/1999 best 12.751
  step 1100/1999 best 12.861
  step 1150/1999 best 12.680
  step 1200/1999 best 12.782
  step 1250/1999 best 12.797
  step 1300/1999 best 12.678
  step 1350/1999 best 12.799
  step 1400/1999 best 12.715
  step 1450/1999 best 12.717
  step 1500/1999 best 12.486
  step 1550/1999 best 12.832
  step 1600/1999 best 12.804
  step 1650/1999 best 12.837
  step 1700/1999 best 12.768
  step 1750/1999 best 12.810
  step 1800/1999 best 12.827
  step 1850/1999 best 12.632
  step 1900/1999 best 12.838
  step 1950/1999 best 12.723
saved SBC_CHAINS_cnn_vmim__n1_jitter_seed_s1_sim2992_row2587476_noise4764_4943_5122 (240000, 4) acc=0.264
  step 0/1999 best -11.989
  step 50/1999 best -7.173
  step 100/1999 best 1.874
  step 150/1999 best 2.477
  step 200/1999 best 8.719
  step 250/1999 best 10.512
  step 300/1999 best 11.791
  step 350/1999 best 11.712
  step 400/1999 best 12.783
  step 450/1999 best 12.370
  step 500/1999 best 12.742
  step 550/1999 best 12.692
  step 600/1999 best 12.701
  step 650/1999 best 12.993
  step 700/1999 best 12.923
  step 750/1999 best 12.920
  step 800/1999 best 12.958
  step 850/1999 best 12.950
  step 900/1999 best 12.994
  step 950/1999 best 12.761
  step 1000/1999 best 12.953
  step 1050/1999 best 12.826
  step 1100/1999 best 12.989
  step 1150/1999 best 12.950
  step 1200/1999 best 12.938
  step 1250/1999 best 12.984
  step 1300/1999 best 12.896
  step 1350/1999 best 13.003
  step 1400/1999 best 12.941
  step 1450/1999 best 12.947
  step 1500/1999 best 12.932
  step 1550/1999 best 13.059
  step 1600/1999 best 13.103
  step 1650/1999 best 12.974
  step 1700/1999 best 12.969
  step 1750/1999 best 12.899
  step 1800/1999 best 12.912
  step 1850/1999 best 12.937
  step 1900/1999 best 13.066
  step 1950/1999 best 13.046
saved SBC_CHAINS_cnn_vmim__n1_jitter_seed_s1_sim2618_row2217410_noise4162_4341_4520 (240000, 4) acc=0.167
  step 0/1999 best -5.871
  step 50/1999 best -0.520
  step 100/1999 best 0.318
  step 150/1999 best 13.113
  step 200/1999 best 13.113
  step 250/1999 best 16.131
  step 300/1999 best 16.096
  step 350/1999 best 15.491
  step 400/1999 best 16.401
  step 450/1999 best 16.308
  step 500/1999 best 16.243
  step 550/1999 best 16.718
  step 600/1999 best 16.846
  step 650/1999 best 16.605
  step 700/1999 best 16.759
  step 750/1999 best 16.800
  step 800/1999 best 16.684
  step 850/1999 best 16.660
  step 900/1999 best 16.797
  step 950/1999 best 16.572
  step 1000/1999 best 16.826
  step 1050/1999 best 16.739
  step 1100/1999 best 16.789
  step 1150/1999 best 16.803
  step 1200/1999 best 16.787
  step 1250/1999 best 16.747
  step 1300/1999 best 16.845
  step 1350/1999 best 16.685
  step 1400/1999 best 16.887
  step 1450/1999 best 16.819
  step 1500/1999 best 16.696
  step 1550/1999 best 16.713
  step 1600/1999 best 16.876
  step 1650/1999 best 16.853
  step 1700/1999 best 16.915
  step 1750/1999 best 16.819
  step 1800/1999 best 16.822
  step 1850/1999 best 16.876
  step 1900/1999 best 16.738
  step 1950/1999 best 16.828
saved SBC_CHAINS_cnn_vmim__n1_jitter_seed_s1_sim1444_row1226849_noise133_312_491 (240000, 4) acc=0.248
  step 0/1999 best -24.769
  step 50/1999 best -1.933
  step 100/1999 best 8.011
  step 150/1999 best 8.011
  step 200/1999 best 11.834
  step 250/1999 best 14.077
  step 300/1999 best 13.835
  step 350/1999 best 14.767
  step 400/1999 best 14.623
  step 450/1999 best 14.359
  step 500/1999 best 14.825
  step 550/1999 best 14.606
  step 600/1999 best 14.763
  step 650/1999 best 14.881
  step 700/1999 best 14.806
  step 750/1999 best 14.948
  step 800/1999 best 14.772
  step 850/1999 best 14.754
  step 900/1999 best 14.910
  step 950/1999 best 14.955
  step 1000/1999 best 14.692
  step 1050/1999 best 14.805
  step 1100/1999 best 15.015
  step 1150/1999 best 14.989
  step 1200/1999 best 14.810
  step 1250/1999 best 14.953
  step 1300/1999 best 15.018
  step 1350/1999 best 14.886
  step 1400/1999 best 14.878
  step 1450/1999 best 14.682
  step 1500/1999 best 14.864
  step 1550/1999 best 14.689
  step 1600/1999 best 14.972
  step 1650/1999 best 14.956
  step 1700/1999 best 14.848
  step 1750/1999 best 14.621
  step 1800/1999 best 14.825
  step 1850/1999 best 14.800
  step 1900/1999 best 14.807
  step 1950/1999 best 14.968
saved SBC_CHAINS_cnn_vmim__n1_jitter_seed_s1_sim871_row820934_noise7070_7249_7428 (240000, 4) acc=0.228
  step 0/1999 best 0.006
  step 50/1999 best 11.969
  step 100/1999 best 12.188
  step 150/1999 best 12.345
  step 200/1999 best 12.466
  step 250/1999 best 12.591
  step 300/1999 best 12.334
  step 350/1999 best 12.363
  step 400/1999 best 12.486
  step 450/1999 best 12.440
  step 500/1999 best 12.459
  step 550/1999 best 12.612
  step 600/1999 best 12.523
  step 650/1999 best 12.588
  step 700/1999 best 12.555
  step 750/1999 best 12.503
  step 800/1999 best 12.548
  step 850/1999 best 12.425
  step 900/1999 best 12.475
  step 950/1999 best 12.605
  step 1000/1999 best 12.500
  step 1050/1999 best 12.513
  step 1100/1999 best 12.438
  step 1150/1999 best 12.547
  step 1200/1999 best 12.462
  step 1250/1999 best 12.540
  step 1300/1999 best 12.608
  step 1350/1999 best 12.454
  step 1400/1999 best 12.552
  step 1450/1999 best 12.478
  step 1500/1999 best 12.519
  step 1550/1999 best 12.626
  step 1600/1999 best 12.573
  step 1650/1999 best 12.544
  step 1700/1999 best 12.549
  step 1750/1999 best 12.421
  step 1800/1999 best 12.413
  step 1850/1999 best 12.562
  step 1900/1999 best 12.588
  step 1950/1999 best 12.425
saved SBC_CHAINS_cnn_vmim__n1_jitter_seed_s1_sim842_row791640_noise7260_7439_7618 (240000, 4) acc=0.306
  step 0/1999 best -14.170
  step 50/1999 best 8.229
  step 100/1999 best 12.331
  step 150/1999 best 14.553
  step 200/1999 best 14.367
  step 250/1999 best 14.857
  step 300/1999 best 14.911
  step 350/1999 best 14.869
  step 400/1999 best 15.017
  step 450/1999 best 15.068
  step 500/1999 best 14.850
  step 550/1999 best 14.995
  step 600/1999 best 14.789
  step 650/1999 best 15.010
  step 700/1999 best 15.058
  step 750/1999 best 15.066
  step 800/1999 best 15.014
  step 850/1999 best 14.794
  step 900/1999 best 14.919
  step 950/1999 best 14.975
  step 1000/1999 best 14.958
  step 1050/1999 best 14.933
  step 1100/1999 best 14.828
  step 1150/1999 best 15.068
  step 1200/1999 best 14.876
  step 1250/1999 best 14.926
  step 1300/1999 best 14.879
  step 1350/1999 best 15.035
  step 1400/1999 best 15.076
  step 1450/1999 best 15.049
  step 1500/1999 best 15.002
  step 1550/1999 best 14.972
  step 1600/1999 best 14.993
  step 1650/1999 best 14.957
  step 1700/1999 best 15.025
  step 1750/1999 best 14.954
  step 1800/1999 best 14.956
  step 1850/1999 best 14.957
  step 1900/1999 best 14.925
  step 1950/1999 best 14.937
saved SBC_CHAINS_cnn_vmim__n1_jitter_seed_s1_sim817_row766189_noise1465_1644_1823 (240000, 4) acc=0.200
  step 0/1999 best -12.842
  step 50/1999 best -1.597
  step 100/1999 best 1.139
  step 150/1999 best 12.217
  step 200/1999 best 14.215
  step 250/1999 best 14.521
  step 300/1999 best 14.930
  step 350/1999 best 15.110
  step 400/1999 best 14.989
  step 450/1999 best 14.955
  step 500/1999 best 14.670
  step 550/1999 best 15.025
  step 600/1999 best 15.003
  step 650/1999 best 15.235
  step 700/1999 best 14.944
  step 750/1999 best 15.086
  step 800/1999 best 15.263
  step 850/1999 best 15.213
  step 900/1999 best 15.030
  step 950/1999 best 15.176
  step 1000/1999 best 15.222
  step 1050/1999 best 15.192
  step 1100/1999 best 15.039
  step 1150/1999 best 15.120
  step 1200/1999 best 15.273
  step 1250/1999 best 15.177
  step 1300/1999 best 15.212
  step 1350/1999 best 15.127
  step 1400/1999 best 15.029
  step 1450/1999 best 15.062
  step 1500/1999 best 15.163
  step 1550/1999 best 15.092
  step 1600/1999 best 15.187
  step 1650/1999 best 15.077
  step 1700/1999 best 15.069
  step 1750/1999 best 15.271
  step 1800/1999 best 15.187
  step 1850/1999 best 15.198
  step 1900/1999 best 15.104
  step 1950/1999 best 15.087
saved SBC_CHAINS_cnn_vmim__n1_jitter_seed_s1_sim961_row910947_noise8631_8810_8989 (240000, 4) acc=0.222
  step 0/1999 best -8.447
  step 50/1999 best 6.494
  step 100/1999 best 10.092
  step 150/1999 best 12.560
  step 200/1999 best 14.228
  step 250/1999 best 15.226
  step 300/1999 best 15.182
  step 350/1999 best 15.367
  step 400/1999 best 15.270
  step 450/1999 best 15.407
  step 500/1999 best 15.178
  step 550/1999 best 15.348
  step 600/1999 best 15.321
  step 650/1999 best 15.358
  step 700/1999 best 15.301
  step 750/1999 best 15.345
  step 800/1999 best 15.328
  step 850/1999 best 15.288
  step 900/1999 best 15.405
  step 950/1999 best 15.312
  step 1000/1999 best 15.228
  step 1050/1999 best 15.323
  step 1100/1999 best 15.235
  step 1150/1999 best 15.448
  step 1200/1999 best 15.267
  step 1250/1999 best 15.241
  step 1300/1999 best 15.424
  step 1350/1999 best 15.345
  step 1400/1999 best 15.333
  step 1450/1999 best 15.257
  step 1500/1999 best 15.353
  step 1550/1999 best 15.311
  step 1600/1999 best 15.416
  step 1650/1999 best 15.261
  step 1700/1999 best 15.201
  step 1750/1999 best 15.426
  step 1800/1999 best 15.310
  step 1850/1999 best 15.245
  step 1900/1999 best 15.343
  step 1950/1999 best 15.248
saved SBC_CHAINS_cnn_vmim__n1_jitter_seed_s1_sim1291_row1108736_noise4268_4447_4626 (240000, 4) acc=0.216
  step 0/1999 best -19.336
  step 50/1999 best 6.320
  step 100/1999 best 12.233
  step 150/1999 best 11.124
  step 200/1999 best 15.133
  step 250/1999 best 15.331
  step 300/1999 best 15.102
  step 350/1999 best 15.219
  step 400/1999 best 15.401
  step 450/1999 best 15.043
  step 500/1999 best 15.272
  step 550/1999 best 15.318
  step 600/1999 best 15.259
  step 650/1999 best 15.424
  step 700/1999 best 15.255
  step 750/1999 best 15.432
  step 800/1999 best 15.162
  step 850/1999 best 15.202
  step 900/1999 best 15.352
  step 950/1999 best 15.414
  step 1000/1999 best 15.288
  step 1050/1999 best 15.346
  step 1100/1999 best 15.439
  step 1150/1999 best 15.471
  step 1200/1999 best 15.335
  step 1250/1999 best 15.486
  step 1300/1999 best 15.275
  step 1350/1999 best 15.332
  step 1400/1999 best 15.211
  step 1450/1999 best 15.399
  step 1500/1999 best 15.331
  step 1550/1999 best 15.472
  step 1600/1999 best 15.308
  step 1650/1999 best 15.327
  step 1700/1999 best 15.177
  step 1750/1999 best 15.420
  step 1800/1999 best 15.491
  step 1850/1999 best 15.430
  step 1900/1999 best 15.348
  step 1950/1999 best 15.462
saved SBC_CHAINS_cnn_vmim__n1_jitter_seed_s1_sim794_row743195_noise7955_8134_8313 (240000, 4) acc=0.197
  step 0/1999 best -24.427
  step 50/1999 best -1.670
  step 100/1999 best -0.567
  step 150/1999 best 0.106
  step 200/1999 best 4.748
  step 250/1999 best 12.302
  step 300/1999 best 13.375
  step 350/1999 best 14.405
  step 400/1999 best 14.341
  step 450/1999 best 14.528
  step 500/1999 best 14.528
  step 550/1999 best 14.371
  step 600/1999 best 14.397
  step 650/1999 best 14.798
  step 700/1999 best 14.826
  step 750/1999 best 14.637
  step 800/1999 best 15.060
  step 850/1999 best 15.202
  step 900/1999 best 14.905
  step 950/1999 best 14.796
  step 1000/1999 best 15.206
  step 1050/1999 best 14.454
  step 1100/1999 best 14.844
  step 1150/1999 best 14.877
  step 1200/1999 best 14.646
  step 1250/1999 best 15.248
  step 1300/1999 best 15.297
  step 1350/1999 best 15.202
  step 1400/1999 best 15.225
  step 1450/1999 best 15.120
  step 1500/1999 best 14.926
  step 1550/1999 best 15.210
  step 1600/1999 best 14.947
  step 1650/1999 best 15.018
  step 1700/1999 best 15.223
  step 1750/1999 best 15.255
  step 1800/1999 best 15.188
  step 1850/1999 best 15.154
  step 1900/1999 best 15.119
  step 1950/1999 best 15.268
saved SBC_CHAINS_cnn_vmim__n1_jitter_seed_s1_sim715_row664258_noise7642_7821_8000 (240000, 4) acc=0.199
  step 0/1999 best -18.502
  step 50/1999 best -8.768
  step 100/1999 best 11.978
  step 150/1999 best 12.002
  step 200/1999 best 12.609
  step 250/1999 best 13.968
  step 300/1999 best 13.975
  step 350/1999 best 14.202
  step 400/1999 best 14.054
  step 450/1999 best 14.018
  step 500/1999 best 14.232
  step 550/1999 best 13.920
  step 600/1999 best 14.176
  step 650/1999 best 13.960
  step 700/1999 best 14.260
  step 750/1999 best 13.982
  step 800/1999 best 14.125
  step 850/1999 best 14.321
  step 900/1999 best 14.321
  step 950/1999 best 14.192
  step 1000/1999 best 14.236
  step 1050/1999 best 14.393
  step 1100/1999 best 14.143
  step 1150/1999 best 14.317
  step 1200/1999 best 14.109
  step 1250/1999 best 14.252
  step 1300/1999 best 14.351
  step 1350/1999 best 14.348
  step 1400/1999 best 14.334
  step 1450/1999 best 14.226
  step 1500/1999 best 14.299
  step 1550/1999 best 14.086
  step 1600/1999 best 14.316
  step 1650/1999 best 14.085
  step 1700/1999 best 14.018
  step 1750/1999 best 14.144
  step 1800/1999 best 14.436
  step 1850/1999 best 14.300
  step 1900/1999 best 14.115
  step 1950/1999 best 14.303
saved SBC_CHAINS_cnn_vmim__n1_jitter_seed_s1_sim2379_row1978828_noise1452_1631_1810 (240000, 4) acc=0.116
  step 0/1999 best -17.760
  step 50/1999 best -5.151
  step 100/1999 best -1.092
  step 150/1999 best 0.506
  step 200/1999 best 0.745
  step 250/1999 best 0.934
  step 300/1999 best 10.434
  step 350/1999 best 10.434
  step 400/1999 best 11.460
  step 450/1999 best 10.634
  step 500/1999 best 14.029
  step 550/1999 best 14.029
  step 600/1999 best 15.294
  step 650/1999 best 15.752
  step 700/1999 best 16.176
  step 750/1999 best 15.557
  step 800/1999 best 15.476
  step 850/1999 best 15.997
  step 900/1999 best 16.172
  step 950/1999 best 16.117
  step 1000/1999 best 16.006
  step 1050/1999 best 15.812
  step 1100/1999 best 16.197
  step 1150/1999 best 15.919
  step 1200/1999 best 16.121
  step 1250/1999 best 16.049
  step 1300/1999 best 16.066
  step 1350/1999 best 16.019
  step 1400/1999 best 15.868
  step 1450/1999 best 15.983
  step 1500/1999 best 16.131
  step 1550/1999 best 16.010
  step 1600/1999 best 15.830
  step 1650/1999 best 16.120
  step 1700/1999 best 16.166
  step 1750/1999 best 16.101
  step 1800/1999 best 16.185
  step 1850/1999 best 15.821
  step 1900/1999 best 16.083
  step 1950/1999 best 16.030
saved SBC_CHAINS_cnn_vmim__n1_jitter_seed_s1_sim1185_row1003588_noise6228_6407_6586 (240000, 4) acc=0.160
  step 0/1999 best -16.961
  step 50/1999 best 6.182
  step 100/1999 best 6.901
  step 150/1999 best 9.127
  step 200/1999 best 10.952
  step 250/1999 best 11.268
  step 300/1999 best 11.393
  step 350/1999 best 11.100
  step 400/1999 best 11.314
  step 450/1999 best 11.274
  step 500/1999 best 11.376
  step 550/1999 best 11.240
  step 600/1999 best 11.341
  step 650/1999 best 11.450
  step 700/1999 best 11.363
  step 750/1999 best 11.408
  step 800/1999 best 11.164
  step 850/1999 best 11.444
  step 900/1999 best 11.206
  step 950/1999 best 11.241
  step 1000/1999 best 11.413
  step 1050/1999 best 11.495
  step 1100/1999 best 11.392
  step 1150/1999 best 11.409
  step 1200/1999 best 11.313
  step 1250/1999 best 11.294
  step 1300/1999 best 11.306
  step 1350/1999 best 11.348
  step 1400/1999 best 11.462
  step 1450/1999 best 11.353
  step 1500/1999 best 11.335
  step 1550/1999 best 11.190
  step 1600/1999 best 11.336
  step 1650/1999 best 11.324
  step 1700/1999 best 11.384
  step 1750/1999 best 11.344
  step 1800/1999 best 11.348
  step 1850/1999 best 11.277
  step 1900/1999 best 11.308
  step 1950/1999 best 11.400
saved SBC_CHAINS_cnn_vmim__n1_jitter_seed_s1_sim3021_row2616016_noise3820_3999_4178 (240000, 4) acc=0.216
  step 0/1999 best -13.345
  step 50/1999 best 2.599
  step 100/1999 best 16.084
  step 150/1999 best 15.073
  step 200/1999 best 16.223
  step 250/1999 best 15.785
  step 300/1999 best 15.518
  step 350/1999 best 16.370
  step 400/1999 best 16.451
  step 450/1999 best 16.333
  step 500/1999 best 16.379
  step 550/1999 best 16.418
  step 600/1999 best 16.398
  step 650/1999 best 16.390
  step 700/1999 best 16.326
  step 750/1999 best 16.426
  step 800/1999 best 16.414
  step 850/1999 best 16.371
  step 900/1999 best 16.451
  step 950/1999 best 16.476
  step 1000/1999 best 16.476
  step 1050/1999 best 16.269
  step 1100/1999 best 16.420
  step 1150/1999 best 16.453
  step 1200/1999 best 16.421
  step 1250/1999 best 16.436
  step 1300/1999 best 16.280
  step 1350/1999 best 16.489
  step 1400/1999 best 16.327
  step 1450/1999 best 16.506
  step 1500/1999 best 16.261
  step 1550/1999 best 16.364
  step 1600/1999 best 16.450
  step 1650/1999 best 16.334
  step 1700/1999 best 16.362
  step 1750/1999 best 16.519
  step 1800/1999 best 16.271
  step 1850/1999 best 16.513
  step 1900/1999 best 16.485
  step 1950/1999 best 16.214
saved SBC_CHAINS_cnn_vmim__n1_jitter_seed_s1_sim286_row272438_noise1426_1605_1784 (240000, 4) acc=0.240
  step 0/1999 best -20.684
  step 50/1999 best 4.484
  step 100/1999 best 6.249
  step 150/1999 best 12.880
  step 200/1999 best 12.858
  step 250/1999 best 14.487
  step 300/1999 best 14.432
  step 350/1999 best 14.716
  step 400/1999 best 14.645
  step 450/1999 best 14.617
  step 500/1999 best 14.737
  step 550/1999 best 14.753
  step 600/1999 best 14.616
  step 650/1999 best 14.771
  step 700/1999 best 14.704
  step 750/1999 best 14.722
  step 800/1999 best 14.841
  step 850/1999 best 14.413
  step 900/1999 best 14.665
  step 950/1999 best 14.805
  step 1000/1999 best 14.803
  step 1050/1999 best 14.771
  step 1100/1999 best 14.624
  step 1150/1999 best 14.730
  step 1200/1999 best 14.645
  step 1250/1999 best 14.680
  step 1300/1999 best 14.747
  step 1350/1999 best 14.807
  step 1400/1999 best 14.756
  step 1450/1999 best 14.794
  step 1500/1999 best 14.659
  step 1550/1999 best 14.616
  step 1600/1999 best 14.781
  step 1650/1999 best 14.807
  step 1700/1999 best 14.727
  step 1750/1999 best 14.700
  step 1800/1999 best 14.755
  step 1850/1999 best 14.667
  step 1900/1999 best 14.694
  step 1950/1999 best 14.642
saved SBC_CHAINS_cnn_vmim__n1_jitter_seed_s1_sim973_row922413_noise441_620_799 (240000, 4) acc=0.299
  step 0/1999 best -1.765
  step 50/1999 best 2.017
  step 100/1999 best 10.135
  step 150/1999 best 12.909
  step 200/1999 best 13.435
  step 250/1999 best 13.702
  step 300/1999 best 13.670
  step 350/1999 best 13.588
  step 400/1999 best 13.461
  step 450/1999 best 13.714
  step 500/1999 best 13.808
  step 550/1999 best 13.673
  step 600/1999 best 13.667
  step 650/1999 best 13.888
  step 700/1999 best 13.716
  step 750/1999 best 13.573
  step 800/1999 best 13.779
  step 850/1999 best 13.724
  step 900/1999 best 13.390
  step 950/1999 best 13.743
  step 1000/1999 best 13.680
  step 1050/1999 best 13.930
  step 1100/1999 best 13.754
  step 1150/1999 best 13.586
  step 1200/1999 best 13.697
  step 1250/1999 best 13.731
  step 1300/1999 best 13.807
  step 1350/1999 best 13.881
  step 1400/1999 best 13.763
  step 1450/1999 best 13.755
  step 1500/1999 best 13.796
  step 1550/1999 best 13.765
  step 1600/1999 best 13.866
  step 1650/1999 best 13.798
  step 1700/1999 best 13.885
  step 1750/1999 best 13.785
  step 1800/1999 best 13.890
  step 1850/1999 best 13.774
  step 1900/1999 best 13.802
  step 1950/1999 best 13.782
saved SBC_CHAINS_cnn_vmim__n1_jitter_seed_s1_sim2371_row1970162_noise2614_2793_2972 (240000, 4) acc=0.121
  step 0/1999 best -8.371
  step 50/1999 best -1.480
  step 100/1999 best 10.041
  step 150/1999 best 15.143
  step 200/1999 best 15.190
  step 250/1999 best 16.009
  step 300/1999 best 16.624
  step 350/1999 best 16.372
  step 400/1999 best 16.762
  step 450/1999 best 16.779
  step 500/1999 best 16.009
  step 550/1999 best 16.538
  step 600/1999 best 16.815
  step 650/1999 best 16.764
  step 700/1999 best 16.514
  step 750/1999 best 16.736
  step 800/1999 best 16.587
  step 850/1999 best 16.766
  step 900/1999 best 16.749
  step 950/1999 best 16.761
  step 1000/1999 best 16.791
  step 1050/1999 best 16.593
  step 1100/1999 best 16.770
  step 1150/1999 best 16.659
  step 1200/1999 best 16.739
  step 1250/1999 best 16.708
  step 1300/1999 best 16.723
  step 1350/1999 best 16.768
  step 1400/1999 best 16.814
  step 1450/1999 best 16.480
  step 1500/1999 best 16.721
  step 1550/1999 best 16.644
  step 1600/1999 best 16.620
  step 1650/1999 best 16.684
  step 1700/1999 best 16.640
  step 1750/1999 best 16.589
  step 1800/1999 best 16.784
  step 1850/1999 best 16.676
  step 1900/1999 best 16.727
  step 1950/1999 best 16.737
saved SBC_CHAINS_cnn_vmim__n1_jitter_seed_s1_sim266_row252453_noise1097_1276_1455 (240000, 4) acc=0.193
  step 0/1999 best -16.380
  step 50/1999 best -3.548
  step 100/1999 best -1.375
  step 150/1999 best -0.797
  step 200/1999 best 4.653
  step 250/1999 best 6.959
  step 300/1999 best 12.162
  step 350/1999 best 13.164
  step 400/1999 best 15.160
  step 450/1999 best 14.545
  step 500/1999 best 15.120
  step 550/1999 best 16.550
  step 600/1999 best 17.067
  step 650/1999 best 17.145
  step 700/1999 best 16.468
  step 750/1999 best 17.135
  step 800/1999 best 16.776
  step 850/1999 best 16.996
  step 900/1999 best 17.175
  step 950/1999 best 16.929
  step 1000/1999 best 17.066
  step 1050/1999 best 17.113
  step 1100/1999 best 17.203
  step 1150/1999 best 17.252
  step 1200/1999 best 16.995
  step 1250/1999 best 17.160
  step 1300/1999 best 17.294
  step 1350/1999 best 17.124
  step 1400/1999 best 17.131
  step 1450/1999 best 17.151
  step 1500/1999 best 17.140
  step 1550/1999 best 17.231
  step 1600/1999 best 17.079
  step 1650/1999 best 17.154
  step 1700/1999 best 17.310
  step 1750/1999 best 17.201
  step 1800/1999 best 17.101
  step 1850/1999 best 17.218
  step 1900/1999 best 17.297
  step 1950/1999 best 17.041
saved SBC_CHAINS_cnn_vmim__n1_jitter_seed_s1_sim183_row174066_noise6162_6341_6520 (240000, 4) acc=0.169
  step 0/1999 best -19.753
  step 50/1999 best 1.452
  step 100/1999 best 7.886
  step 150/1999 best 11.200
  step 200/1999 best 11.082
  step 250/1999 best 11.657
  step 300/1999 best 11.612
  step 350/1999 best 11.653
  step 400/1999 best 11.621
  step 450/1999 best 11.593
  step 500/1999 best 11.543
  step 550/1999 best 11.534
  step 600/1999 best 11.548
  step 650/1999 best 11.671
  step 700/1999 best 11.649
  step 750/1999 best 11.595
  step 800/1999 best 11.597
  step 850/1999 best 11.646
  step 900/1999 best 11.540
  step 950/1999 best 11.580
  step 1000/1999 best 11.584
  step 1050/1999 best 11.663
  step 1100/1999 best 11.545
  step 1150/1999 best 11.641
  step 1200/1999 best 11.558
  step 1250/1999 best 11.618
  step 1300/1999 best 11.595
  step 1350/1999 best 11.616
  step 1400/1999 best 11.550
  step 1450/1999 best 11.558
  step 1500/1999 best 11.674
  step 1550/1999 best 11.541
  step 1600/1999 best 11.693
  step 1650/1999 best 11.640
  step 1700/1999 best 11.614
  step 1750/1999 best 11.655
  step 1800/1999 best 11.630
  step 1850/1999 best 11.588
  step 1900/1999 best 11.493
  step 1950/1999 best 11.454
saved SBC_CHAINS_cnn_vmim__n1_jitter_seed_s1_sim139_row130114_noise1522_1701_1880 (240000, 4) acc=0.372
  step 0/1999 best -22.187
  step 50/1999 best -0.762
  step 100/1999 best 9.474
  step 150/1999 best 10.612
  step 200/1999 best 11.496
  step 250/1999 best 12.626
  step 300/1999 best 13.744
  step 350/1999 best 13.768
  step 400/1999 best 13.205
  step 450/1999 best 13.357
  step 500/1999 best 13.420
  step 550/1999 best 13.431
  step 600/1999 best 13.438
  step 650/1999 best 13.739
  step 700/1999 best 13.424
  step 750/1999 best 13.699
  step 800/1999 best 13.574
  step 850/1999 best 13.569
  step 900/1999 best 13.569
  step 950/1999 best 13.739
  step 1000/1999 best 13.454
  step 1050/1999 best 13.860
  step 1100/1999 best 13.711
  step 1150/1999 best 13.472
  step 1200/1999 best 13.586
  step 1250/1999 best 13.718
  step 1300/1999 best 13.507
  step 1350/1999 best 13.577
  step 1400/1999 best 13.657
  step 1450/1999 best 13.877
  step 1500/1999 best 13.564
  step 1550/1999 best 13.596
  step 1600/1999 best 13.823
  step 1650/1999 best 13.861
  step 1700/1999 best 13.718
  step 1750/1999 best 13.802
  step 1800/1999 best 13.696
  step 1850/1999 best 13.702
  step 1900/1999 best 13.805
  step 1950/1999 best 13.891
saved SBC_CHAINS_cnn_vmim__n1_jitter_seed_s1_sim2355_row1955015_noise6123_6302_6481 (240000, 4) acc=0.129
  step 0/1999 best -20.406
  step 50/1999 best -9.379
  step 100/1999 best -2.388
  step 150/1999 best 2.208
  step 200/1999 best 4.046
  step 250/1999 best 4.212
  step 300/1999 best 2.003
  step 350/1999 best 2.003
  step 400/1999 best 2.392
  step 450/1999 best 3.787
  step 500/1999 best 7.495
  step 550/1999 best 10.922
  step 600/1999 best 11.179
  step 650/1999 best 11.871
  step 700/1999 best 11.595
  step 750/1999 best 12.070
  step 800/1999 best 11.876
  step 850/1999 best 12.001
  step 900/1999 best 11.930
  step 950/1999 best 12.227
  step 1000/1999 best 12.102
  step 1050/1999 best 12.051
  step 1100/1999 best 12.138
  step 1150/1999 best 12.133
  step 1200/1999 best 12.257
  step 1250/1999 best 12.095
  step 1300/1999 best 11.943
  step 1350/1999 best 11.566
  step 1400/1999 best 12.077
  step 1450/1999 best 12.187
  step 1500/1999 best 12.268
  step 1550/1999 best 12.200
  step 1600/1999 best 11.972
  step 1650/1999 best 12.191
  step 1700/1999 best 12.186
  step 1750/1999 best 12.296
  step 1800/1999 best 11.909
  step 1850/1999 best 12.244
  step 1900/1999 best 12.081
  step 1950/1999 best 12.292
saved SBC_CHAINS_cnn_vmim__n1_jitter_seed_s1_sim2587_row2186988_noise3224_3403_3582 (240000, 4) acc=0.135
  step 0/1999 best -13.101
  step 50/1999 best 1.107
  step 100/1999 best 11.416
  step 150/1999 best 13.952
  step 200/1999 best 14.949
  step 250/1999 best 14.510
  step 300/1999 best 15.619
  step 350/1999 best 15.076
  step 400/1999 best 15.270
  step 450/1999 best 15.629
  step 500/1999 best 15.663
  step 550/1999 best 15.435
  step 600/1999 best 15.571
  step 650/1999 best 15.431
  step 700/1999 best 15.661
  step 750/1999 best 15.460
  step 800/1999 best 15.711
  step 850/1999 best 15.704
  step 900/1999 best 15.641
  step 950/1999 best 15.685
  step 1000/1999 best 15.674
  step 1050/1999 best 15.576
  step 1100/1999 best 15.537
  step 1150/1999 best 15.584
  step 1200/1999 best 15.578
  step 1250/1999 best 15.514
  step 1300/1999 best 15.435
  step 1350/1999 best 15.595
  step 1400/1999 best 15.542
  step 1450/1999 best 15.645
  step 1500/1999 best 15.531
  step 1550/1999 best 15.514
  step 1600/1999 best 15.657
  step 1650/1999 best 15.456
  step 1700/1999 best 15.645
  step 1750/1999 best 15.589
  step 1800/1999 best 15.674
  step 1850/1999 best 15.677
  step 1900/1999 best 15.611
  step 1950/1999 best 15.501
saved SBC_CHAINS_cnn_vmim__n1_jitter_seed_s1_sim727_row676730_noise458_637_816 (240000, 4) acc=0.204
  step 0/1999 best -19.439
  step 50/1999 best 0.381
  step 100/1999 best 0.850
  step 150/1999 best 11.186
  step 200/1999 best 11.396
  step 250/1999 best 10.064
  step 300/1999 best 12.365
  step 350/1999 best 12.919
  step 400/1999 best 13.209
  step 450/1999 best 12.869
  step 500/1999 best 13.781
  step 550/1999 best 13.985
  step 600/1999 best 13.881
  step 650/1999 best 13.727
  step 700/1999 best 13.716
  step 750/1999 best 13.179
  step 800/1999 best 13.825
  step 850/1999 best 13.431
  step 900/1999 best 13.992
  step 950/1999 best 14.084
  step 1000/1999 best 13.659
  step 1050/1999 best 13.434
  step 1100/1999 best 13.585
  step 1150/1999 best 13.651
  step 1200/1999 best 13.649
  step 1250/1999 best 14.020
  step 1300/1999 best 13.867
  step 1350/1999 best 13.875
  step 1400/1999 best 13.765
  step 1450/1999 best 13.547
  step 1500/1999 best 13.884
  step 1550/1999 best 13.935
  step 1600/1999 best 13.991
  step 1650/1999 best 13.975
  step 1700/1999 best 13.936
  step 1750/1999 best 14.077
  step 1800/1999 best 14.044
  step 1850/1999 best 13.763
  step 1900/1999 best 14.029
  step 1950/1999 best 13.973
saved SBC_CHAINS_cnn_vmim__n1_jitter_seed_s1_sim2464_row2063762_noise7762_7941_8120 (240000, 4) acc=0.118
  step 0/1999 best -16.547
  step 50/1999 best 10.700
  step 100/1999 best 9.809
  step 150/1999 best 11.564
  step 200/1999 best 14.490
  step 250/1999 best 15.284
  step 300/1999 best 15.004
  step 350/1999 best 15.264
  step 400/1999 best 15.282
  step 450/1999 best 15.301
  step 500/1999 best 15.236
  step 550/1999 best 15.181
  step 600/1999 best 15.014
  step 650/1999 best 15.186
  step 700/1999 best 15.138
  step 750/1999 best 15.248
  step 800/1999 best 15.201
  step 850/1999 best 15.004
  step 900/1999 best 15.340
  step 950/1999 best 15.239
  step 1000/1999 best 15.185
  step 1050/1999 best 15.026
  step 1100/1999 best 15.105
  step 1150/1999 best 15.253
  step 1200/1999 best 15.222
  step 1250/1999 best 15.162
  step 1300/1999 best 15.285
  step 1350/1999 best 15.194
  step 1400/1999 best 14.840
  step 1450/1999 best 15.266
  step 1500/1999 best 15.150
  step 1550/1999 best 15.030
  step 1600/1999 best 15.189
  step 1650/1999 best 15.148
  step 1700/1999 best 15.272
  step 1750/1999 best 15.187
  step 1800/1999 best 15.126
  step 1850/1999 best 15.101
  step 1900/1999 best 15.221
  step 1950/1999 best 15.276
saved SBC_CHAINS_cnn_vmim__n1_jitter_seed_s1_sim1525_row1302336_noise1996_2175_2354 (240000, 4) acc=0.232
  step 0/1999 best -17.582
  step 50/1999 best 1.522
  step 100/1999 best 12.624
  step 150/1999 best 15.333
  step 200/1999 best 15.753
  step 250/1999 best 15.946
  step 300/1999 best 15.840
  step 350/1999 best 16.099
  step 400/1999 best 16.060
  step 450/1999 best 15.929
  step 500/1999 best 16.063
  step 550/1999 best 15.880
  step 600/1999 best 16.101
  step 650/1999 best 16.059
  step 700/1999 best 16.068
  step 750/1999 best 16.083
  step 800/1999 best 15.874
  step 850/1999 best 16.076
  step 900/1999 best 16.113
  step 950/1999 best 15.953
  step 1000/1999 best 16.096
  step 1050/1999 best 15.890
  step 1100/1999 best 16.107
  step 1150/1999 best 15.927
  step 1200/1999 best 15.982
  step 1250/1999 best 15.978
  step 1300/1999 best 16.065
  step 1350/1999 best 16.042
  step 1400/1999 best 16.077
  step 1450/1999 best 16.065
  step 1500/1999 best 16.031
  step 1550/1999 best 16.013
  step 1600/1999 best 16.141
  step 1650/1999 best 15.910
  step 1700/1999 best 16.062
  step 1750/1999 best 16.078
  step 1800/1999 best 15.996
  step 1850/1999 best 15.981
  step 1900/1999 best 16.031
  step 1950/1999 best 15.951
saved SBC_CHAINS_cnn_vmim__n1_jitter_seed_s1_sim897_row846547_noise3199_3378_3557 (240000, 4) acc=0.303
  step 0/1999 best -4.357
  step 50/1999 best 5.395
  step 100/1999 best 10.848
  step 150/1999 best 14.586
  step 200/1999 best 15.402
  step 250/1999 best 15.464
  step 300/1999 best 15.400
  step 350/1999 best 15.527
  step 400/1999 best 15.414
  step 450/1999 best 15.479
  step 500/1999 best 15.513
  step 550/1999 best 15.548
  step 600/1999 best 15.476
  step 650/1999 best 15.262
  step 700/1999 best 15.473
  step 750/1999 best 15.516
  step 800/1999 best 15.455
  step 850/1999 best 15.462
  step 900/1999 best 15.246
  step 950/1999 best 15.539
  step 1000/1999 best 15.386
  step 1050/1999 best 15.509
  step 1100/1999 best 15.446
  step 1150/1999 best 15.337
  step 1200/1999 best 15.377
  step 1250/1999 best 15.485
  step 1300/1999 best 15.416
  step 1350/1999 best 15.480
  step 1400/1999 best 15.524
  step 1450/1999 best 15.569
  step 1500/1999 best 15.416
  step 1550/1999 best 15.487
  step 1600/1999 best 15.269
  step 1650/1999 best 15.437
  step 1700/1999 best 15.420
  step 1750/1999 best 15.390
  step 1800/1999 best 15.403
  step 1850/1999 best 15.492
  step 1900/1999 best 15.509
  step 1950/1999 best 15.482
saved SBC_CHAINS_cnn_vmim__n1_jitter_seed_s1_sim1221_row1039708_noise3036_3215_3394 (240000, 4) acc=0.258
  step 0/1999 best -14.228
  step 50/1999 best 0.428
  step 100/1999 best 7.123
  step 150/1999 best 8.358
  step 200/1999 best 13.906
  step 250/1999 best 16.128
  step 300/1999 best 16.455
  step 350/1999 best 17.283
  step 400/1999 best 16.801
  step 450/1999 best 17.177
  step 500/1999 best 17.204
  step 550/1999 best 17.037
  step 600/1999 best 17.320
  step 650/1999 best 17.301
  step 700/1999 best 17.066
  step 750/1999 best 17.104
  step 800/1999 best 17.030
  step 850/1999 best 17.099
  step 900/1999 best 17.112
  step 950/1999 best 17.021
  step 1000/1999 best 17.253
  step 1050/1999 best 17.195
  step 1100/1999 best 17.184
  step 1150/1999 best 17.276
  step 1200/1999 best 17.158
  step 1250/1999 best 17.176
  step 1300/1999 best 17.280
  step 1350/1999 best 17.217
  step 1400/1999 best 17.222
  step 1450/1999 best 17.339
  step 1500/1999 best 17.288
  step 1550/1999 best 17.238
  step 1600/1999 best 17.278
  step 1650/1999 best 17.175
  step 1700/1999 best 17.089
  step 1750/1999 best 17.238
  step 1800/1999 best 17.145
  step 1850/1999 best 17.212
  step 1900/1999 best 17.190
  step 1950/1999 best 17.183
saved SBC_CHAINS_cnn_vmim__n1_jitter_seed_s1_sim1282_row1099851_noise5211_5390_5569 (240000, 4) acc=0.223
  step 0/1999 best -17.816
  step 50/1999 best -4.254
  step 100/1999 best -1.745
  step 150/1999 best -3.157
  step 200/1999 best -2.369
  step 250/1999 best 0.396
  step 300/1999 best 1.171
  step 350/1999 best 3.070
  step 400/1999 best 2.176
  step 450/1999 best 4.929
  step 500/1999 best 5.896
  step 550/1999 best 4.582
  step 600/1999 best 9.661
  step 650/1999 best 9.661
  step 700/1999 best 11.921
  step 750/1999 best 13.457
  step 800/1999 best 15.806
  step 850/1999 best 16.011
  step 900/1999 best 16.215
  step 950/1999 best 16.185
  step 1000/1999 best 16.209
  step 1050/1999 best 16.444
  step 1100/1999 best 16.555
  step 1150/1999 best 16.825
  step 1200/1999 best 16.731
  step 1250/1999 best 16.918
  step 1300/1999 best 16.402
  step 1350/1999 best 16.624
  step 1400/1999 best 16.457
  step 1450/1999 best 16.511
  step 1500/1999 best 16.769
  step 1550/1999 best 16.657
  step 1600/1999 best 16.301
  step 1650/1999 best 16.898
  step 1700/1999 best 16.623
  step 1750/1999 best 16.711
  step 1800/1999 best 16.865
  step 1850/1999 best 16.715
  step 1900/1999 best 16.828
  step 1950/1999 best 16.674
saved SBC_CHAINS_cnn_vmim__n1_jitter_seed_s1_sim1198_row1016344_noise9156_9335_9514 (240000, 4) acc=0.152
  step 0/1999 best -22.246
  step 50/1999 best -6.439
  step 100/1999 best 4.825
  step 150/1999 best 11.364
  step 200/1999 best 12.468
  step 250/1999 best 13.107
  step 300/1999 best 13.700
  step 350/1999 best 12.287
  step 400/1999 best 14.655
  step 450/1999 best 15.008
  step 500/1999 best 14.931
  step 550/1999 best 15.400
  step 600/1999 best 15.172
  step 650/1999 best 15.288
  step 700/1999 best 15.002
  step 750/1999 best 15.256
  step 800/1999 best 15.111
  step 850/1999 best 15.238
  step 900/1999 best 15.242
  step 950/1999 best 15.078
  step 1000/1999 best 15.235
  step 1050/1999 best 15.280
  step 1100/1999 best 15.290
  step 1150/1999 best 15.192
  step 1200/1999 best 15.329
  step 1250/1999 best 15.401
  step 1300/1999 best 14.925
  step 1350/1999 best 15.166
  step 1400/1999 best 15.381
  step 1450/1999 best 15.297
  step 1500/1999 best 15.287
  step 1550/1999 best 15.405
  step 1600/1999 best 15.454
  step 1650/1999 best 15.216
  step 1700/1999 best 15.384
  step 1750/1999 best 15.379
  step 1800/1999 best 15.437
  step 1850/1999 best 15.202
  step 1900/1999 best 15.385
  step 1950/1999 best 15.150
saved SBC_CHAINS_cnn_vmim__n1_jitter_seed_s1_sim421_row399961_noise9185_9364_9543 (240000, 4) acc=0.173
  step 0/1999 best -19.637
  step 50/1999 best 2.792
  step 100/1999 best 13.670
  step 150/1999 best 13.970
  step 200/1999 best 15.258
  step 250/1999 best 16.191
  step 300/1999 best 15.936
  step 350/1999 best 15.936
  step 400/1999 best 16.071
  step 450/1999 best 15.935
  step 500/1999 best 15.865
  step 550/1999 best 16.160
  step 600/1999 best 15.935
  step 650/1999 best 16.083
  step 700/1999 best 16.028
  step 750/1999 best 16.184
  step 800/1999 best 16.028
  step 850/1999 best 16.134
  step 900/1999 best 15.991
  step 950/1999 best 16.095
  step 1000/1999 best 16.131
  step 1050/1999 best 16.157
  step 1100/1999 best 16.145
  step 1150/1999 best 16.087
  step 1200/1999 best 16.122
  step 1250/1999 best 16.088
  step 1300/1999 best 15.910
  step 1350/1999 best 16.164
  step 1400/1999 best 16.098
  step 1450/1999 best 16.171
  step 1500/1999 best 16.199
  step 1550/1999 best 15.867
  step 1600/1999 best 16.223
  step 1650/1999 best 15.966
  step 1700/1999 best 16.117
  step 1750/1999 best 16.208
  step 1800/1999 best 16.176
  step 1850/1999 best 16.106
  step 1900/1999 best 16.022
  step 1950/1999 best 15.929
saved SBC_CHAINS_cnn_vmim__n1_jitter_seed_s1_sim812_row761364_noise6468_6647_6826 (240000, 4) acc=0.221
  step 0/1999 best -16.852
  step 50/1999 best -0.622
  step 100/1999 best 6.925
  step 150/1999 best 15.476
  step 200/1999 best 15.476
  step 250/1999 best 14.864
  step 300/1999 best 15.569
  step 350/1999 best 15.246
  step 400/1999 best 15.740
  step 450/1999 best 15.944
  step 500/1999 best 15.713
  step 550/1999 best 15.718
  step 600/1999 best 15.874
  step 650/1999 best 15.970
  step 700/1999 best 15.743
  step 750/1999 best 16.003
  step 800/1999 best 15.783
  step 850/1999 best 15.784
  step 900/1999 best 15.952
  step 950/1999 best 15.938
  step 1000/1999 best 15.815
  step 1050/1999 best 15.924
  step 1100/1999 best 15.806
  step 1150/1999 best 15.911
  step 1200/1999 best 15.867
  step 1250/1999 best 15.734
  step 1300/1999 best 15.982
  step 1350/1999 best 15.816
  step 1400/1999 best 15.985
  step 1450/1999 best 15.816
  step 1500/1999 best 15.747
  step 1550/1999 best 15.942
  step 1600/1999 best 15.578
  step 1650/1999 best 15.788
  step 1700/1999 best 15.896
  step 1750/1999 best 15.847
  step 1800/1999 best 15.879
  step 1850/1999 best 15.866
  step 1900/1999 best 15.930
  step 1950/1999 best 15.891
saved SBC_CHAINS_cnn_vmim__n1_jitter_seed_s1_sim1741_row1494753_noise2197_2376_2555 (240000, 4) acc=0.186
  step 0/1999 best -12.310
  step 50/1999 best -1.031
  step 100/1999 best 1.949
  step 150/1999 best 9.231
  step 200/1999 best 11.907
  step 250/1999 best 15.223
  step 300/1999 best 15.347
  step 350/1999 best 15.577
  step 400/1999 best 15.597
  step 450/1999 best 15.752
  step 500/1999 best 15.771
  step 550/1999 best 15.668
  step 600/1999 best 16.156
  step 650/1999 best 16.276
  step 700/1999 best 16.164
  step 750/1999 best 16.158
  step 800/1999 best 16.154
  step 850/1999 best 16.188
  step 900/1999 best 16.270
  step 950/1999 best 16.252
  step 1000/1999 best 16.144
  step 1050/1999 best 16.200
  step 1100/1999 best 16.202
  step 1150/1999 best 16.068
  step 1200/1999 best 15.976
  step 1250/1999 best 16.122
  step 1300/1999 best 16.265
  step 1350/1999 best 16.149
  step 1400/1999 best 16.115
  step 1450/1999 best 16.248
  step 1500/1999 best 16.164
  step 1550/1999 best 15.980
  step 1600/1999 best 16.288
  step 1650/1999 best 16.167
  step 1700/1999 best 16.016
  step 1750/1999 best 16.287
  step 1800/1999 best 16.110
  step 1850/1999 best 16.201
  step 1900/1999 best 16.151
  step 1950/1999 best 16.252
saved SBC_CHAINS_cnn_vmim__n1_jitter_seed_s1_sim187_row178275_noise543_722_901 (240000, 4) acc=0.167
  step 0/1999 best -18.953
  step 50/1999 best -3.126
  step 100/1999 best 9.465
  step 150/1999 best 13.038
  step 200/1999 best 12.848
  step 250/1999 best 14.151
  step 300/1999 best 14.444
  step 350/1999 best 15.555
  step 400/1999 best 15.878
  step 450/1999 best 15.956
  step 500/1999 best 15.955
  step 550/1999 best 15.737
  step 600/1999 best 15.991
  step 650/1999 best 15.958
  step 700/1999 best 16.029
  step 750/1999 best 15.965
  step 800/1999 best 15.841
  step 850/1999 best 15.995
  step 900/1999 best 15.805
  step 950/1999 best 16.030
  step 1000/1999 best 15.884
  step 1050/1999 best 16.050
  step 1100/1999 best 15.921
  step 1150/1999 best 15.793
  step 1200/1999 best 15.934
  step 1250/1999 best 15.956
  step 1300/1999 best 15.845
  step 1350/1999 best 16.060
  step 1400/1999 best 15.849
  step 1450/1999 best 16.054
  step 1500/1999 best 16.007
  step 1550/1999 best 15.745
  step 1600/1999 best 15.820
  step 1650/1999 best 15.979
  step 1700/1999 best 16.024
  step 1750/1999 best 15.953
  step 1800/1999 best 16.031
  step 1850/1999 best 15.848
  step 1900/1999 best 15.908
  step 1950/1999 best 16.010
saved SBC_CHAINS_cnn_vmim__n1_jitter_seed_s1_sim2048_row1658506_noise4282_4461_4640 (240000, 4) acc=0.219
  step 0/1999 best -13.881
  step 50/1999 best 4.045
  step 100/1999 best 8.292
  step 150/1999 best 13.162
  step 200/1999 best 15.452
  step 250/1999 best 16.580
  step 300/1999 best 16.553
  step 350/1999 best 16.649
  step 400/1999 best 16.632
  step 450/1999 best 16.455
  step 500/1999 best 16.645
  step 550/1999 best 16.630
  step 600/1999 best 16.717
  step 650/1999 best 16.656
  step 700/1999 best 16.763
  step 750/1999 best 16.328
  step 800/1999 best 16.745
  step 850/1999 best 16.844
  step 900/1999 best 16.473
  step 950/1999 best 16.752
  step 1000/1999 best 16.762
  step 1050/1999 best 16.550
  step 1100/1999 best 16.727
  step 1150/1999 best 16.648
  step 1200/1999 best 16.741
  step 1250/1999 best 16.752
  step 1300/1999 best 16.803
  step 1350/1999 best 16.686
  step 1400/1999 best 16.678
  step 1450/1999 best 16.788
  step 1500/1999 best 16.623
  step 1550/1999 best 16.670
  step 1600/1999 best 16.814
  step 1650/1999 best 16.726
  step 1700/1999 best 16.567
  step 1750/1999 best 16.792
  step 1800/1999 best 16.778
  step 1850/1999 best 16.817
  step 1900/1999 best 16.724
  step 1950/1999 best 16.738
saved SBC_CHAINS_cnn_vmim__n1_jitter_seed_s1_sim202_row188970_noise6410_6589_6768 (240000, 4) acc=0.222
  step 0/1999 best -14.373
  step 50/1999 best 4.322
  step 100/1999 best 4.289
  step 150/1999 best 6.122
  step 200/1999 best 9.939
  step 250/1999 best 10.374
  step 300/1999 best 10.374
  step 350/1999 best 12.926
  step 400/1999 best 12.947
  step 450/1999 best 11.883
  step 500/1999 best 15.273
  step 550/1999 best 15.600
  step 600/1999 best 15.039
  step 650/1999 best 15.203
  step 700/1999 best 15.004
  step 750/1999 best 15.130
  step 800/1999 best 15.463
  step 850/1999 best 15.225
  step 900/1999 best 15.610
  step 950/1999 best 15.380
  step 1000/1999 best 15.306
  step 1050/1999 best 15.381
  step 1100/1999 best 15.487
  step 1150/1999 best 15.639
  step 1200/1999 best 15.636
  step 1250/1999 best 15.641
  step 1300/1999 best 15.441
  step 1350/1999 best 15.448
  step 1400/1999 best 15.544
  step 1450/1999 best 15.310
  step 1500/1999 best 15.042
  step 1550/1999 best 15.634
  step 1600/1999 best 15.773
  step 1650/1999 best 15.779
  step 1700/1999 best 15.840
  step 1750/1999 best 15.678
  step 1800/1999 best 15.777
  step 1850/1999 best 15.816
  step 1900/1999 best 15.782
  step 1950/1999 best 15.778
saved SBC_CHAINS_cnn_vmim__n1_jitter_seed_s1_sim1261_row1079560_noise3576_3755_3934 (240000, 4) acc=0.186
  step 0/1999 best -15.714
  step 50/1999 best 8.538
  step 100/1999 best 14.103
  step 150/1999 best 14.228
  step 200/1999 best 14.180
  step 250/1999 best 14.422
  step 300/1999 best 14.463
  step 350/1999 best 14.241
  step 400/1999 best 14.096
  step 450/1999 best 14.425
  step 500/1999 best 14.197
  step 550/1999 best 14.383
  step 600/1999 best 14.446
  step 650/1999 best 14.391
  step 700/1999 best 14.203
  step 750/1999 best 14.349
  step 800/1999 best 14.295
  step 850/1999 best 14.375
  step 900/1999 best 14.485
  step 950/1999 best 14.255
  step 1000/1999 best 14.318
  step 1050/1999 best 14.411
  step 1100/1999 best 14.438
  step 1150/1999 best 14.434
  step 1200/1999 best 14.319
  step 1250/1999 best 14.473
  step 1300/1999 best 14.333
  step 1350/1999 best 14.421
  step 1400/1999 best 14.423
  step 1450/1999 best 14.408
  step 1500/1999 best 14.426
  step 1550/1999 best 14.382
  step 1600/1999 best 14.383
  step 1650/1999 best 14.455
  step 1700/1999 best 14.193
  step 1750/1999 best 14.420
  step 1800/1999 best 14.385
  step 1850/1999 best 14.439
  step 1900/1999 best 14.386
  step 1950/1999 best 14.452
saved SBC_CHAINS_cnn_vmim__n1_jitter_seed_s1_sim676_row627180_noise7876_8055_8234 (240000, 4) acc=0.298
  step 0/1999 best -18.490
  step 50/1999 best 10.159
  step 100/1999 best 12.726
  step 150/1999 best 13.220
  step 200/1999 best 13.879
  step 250/1999 best 13.955
  step 300/1999 best 13.925
  step 350/1999 best 13.890
  step 400/1999 best 14.059
  step 450/1999 best 14.019
  step 500/1999 best 14.093
  step 550/1999 best 13.990
  step 600/1999 best 14.026
  step 650/1999 best 13.995
  step 700/1999 best 13.925
  step 750/1999 best 13.783
  step 800/1999 best 13.920
  step 850/1999 best 13.926
  step 900/1999 best 14.027
  step 950/1999 best 14.015
  step 1000/1999 best 14.001
  step 1050/1999 best 14.068
  step 1100/1999 best 14.061
  step 1150/1999 best 14.082
  step 1200/1999 best 13.973
  step 1250/1999 best 14.137
  step 1300/1999 best 13.897
  step 1350/1999 best 14.041
  step 1400/1999 best 13.960
  step 1450/1999 best 13.984
  step 1500/1999 best 14.093
  step 1550/1999 best 13.923
  step 1600/1999 best 13.968
  step 1650/1999 best 14.101
  step 1700/1999 best 13.941
  step 1750/1999 best 14.019
  step 1800/1999 best 14.051
  step 1850/1999 best 14.075
  step 1900/1999 best 13.950
  step 1950/1999 best 13.973
saved SBC_CHAINS_cnn_vmim__n1_jitter_seed_s1_sim219_row205889_noise3673_3852_4031 (240000, 4) acc=0.290
  step 0/1999 best -16.282
  step 50/1999 best 3.355
  step 100/1999 best 13.349
  step 150/1999 best 13.408
  step 200/1999 best 13.740
  step 250/1999 best 13.613
  step 300/1999 best 13.761
  step 350/1999 best 13.807
  step 400/1999 best 13.782
  step 450/1999 best 13.808
  step 500/1999 best 13.798
  step 550/1999 best 13.691
  step 600/1999 best 13.551
  step 650/1999 best 13.669
  step 700/1999 best 13.706
  step 750/1999 best 13.790
  step 800/1999 best 13.860
  step 850/1999 best 13.779
  step 900/1999 best 13.785
  step 950/1999 best 13.821
  step 1000/1999 best 13.944
  step 1050/1999 best 13.755
  step 1100/1999 best 13.747
  step 1150/1999 best 13.807
  step 1200/1999 best 13.868
  step 1250/1999 best 13.825
  step 1300/1999 best 13.835
  step 1350/1999 best 13.881
  step 1400/1999 best 13.686
  step 1450/1999 best 13.747
  step 1500/1999 best 13.781
  step 1550/1999 best 13.796
  step 1600/1999 best 13.855
  step 1650/1999 best 13.797
  step 1700/1999 best 13.870
  step 1750/1999 best 13.854
  step 1800/1999 best 13.805
  step 1850/1999 best 13.880
  step 1900/1999 best 13.820
  step 1950/1999 best 13.886
saved SBC_CHAINS_cnn_vmim__n1_jitter_seed_s1_sim2384_row1983604_noise6228_6407_6586 (240000, 4) acc=0.177
  step 0/1999 best -12.936
  step 50/1999 best 10.387
  step 100/1999 best 12.567
  step 150/1999 best 11.998
  step 200/1999 best 14.819
  step 250/1999 best 16.299
  step 300/1999 best 16.773
  step 350/1999 best 16.595
  step 400/1999 best 17.047
  step 450/1999 best 16.945
  step 500/1999 best 17.200
  step 550/1999 best 17.011
  step 600/1999 best 16.954
  step 650/1999 best 17.055
  step 700/1999 best 17.286
  step 750/1999 best 17.062
  step 800/1999 best 17.206
  step 850/1999 best 17.161
  step 900/1999 best 17.278
  step 950/1999 best 17.003
  step 1000/1999 best 17.181
  step 1050/1999 best 17.186
  step 1100/1999 best 16.917
  step 1150/1999 best 17.073
  step 1200/1999 best 17.161
  step 1250/1999 best 17.216
  step 1300/1999 best 17.279
  step 1350/1999 best 17.219
  step 1400/1999 best 17.148
  step 1450/1999 best 17.198
  step 1500/1999 best 16.919
  step 1550/1999 best 17.231
  step 1600/1999 best 17.159
  step 1650/1999 best 17.294
  step 1700/1999 best 17.206
  step 1750/1999 best 17.227
  step 1800/1999 best 16.998
  step 1850/1999 best 17.307
  step 1900/1999 best 17.308
  step 1950/1999 best 17.175
saved SBC_CHAINS_cnn_vmim__n1_jitter_seed_s1_sim189_row180378_noise2646_2825_3004 (240000, 4) acc=0.161
  step 0/1999 best -22.562
  step 50/1999 best 9.599
  step 100/1999 best 10.480
  step 150/1999 best 15.222
  step 200/1999 best 15.288
  step 250/1999 best 15.151
  step 300/1999 best 15.141
  step 350/1999 best 15.414
  step 400/1999 best 15.718
  step 450/1999 best 15.486
  step 500/1999 best 15.603
  step 550/1999 best 15.636
  step 600/1999 best 15.497
  step 650/1999 best 15.696
  step 700/1999 best 15.575
  step 750/1999 best 15.715
  step 800/1999 best 15.590
  step 850/1999 best 15.622
  step 900/1999 best 15.542
  step 950/1999 best 15.485
  step 1000/1999 best 15.709
  step 1050/1999 best 15.677
  step 1100/1999 best 15.716
  step 1150/1999 best 15.622
  step 1200/1999 best 15.495
  step 1250/1999 best 15.542
  step 1300/1999 best 15.489
  step 1350/1999 best 15.569
  step 1400/1999 best 15.636
  step 1450/1999 best 15.690
  step 1500/1999 best 15.664
  step 1550/1999 best 15.588
  step 1600/1999 best 15.662
  step 1650/1999 best 15.673
  step 1700/1999 best 15.597
  step 1750/1999 best 15.535
  step 1800/1999 best 15.706
  step 1850/1999 best 15.646
  step 1900/1999 best 15.659
  step 1950/1999 best 15.680
saved SBC_CHAINS_cnn_vmim__n1_jitter_seed_s1_sim2072_row1682566_noise8686_8865_9044 (240000, 4) acc=0.306
  step 0/1999 best -19.424
  step 50/1999 best 6.152
  step 100/1999 best 12.421
  step 150/1999 best 13.813
  step 200/1999 best 14.106
  step 250/1999 best 14.315
  step 300/1999 best 14.320
  step 350/1999 best 14.229
  step 400/1999 best 14.182
  step 450/1999 best 14.286
  step 500/1999 best 14.380
  step 550/1999 best 14.424
  step 600/1999 best 14.276
  step 650/1999 best 14.381
  step 700/1999 best 14.329
  step 750/1999 best 14.452
  step 800/1999 best 14.496
  step 850/1999 best 14.280
  step 900/1999 best 14.461
  step 950/1999 best 14.476
  step 1000/1999 best 14.422
  step 1050/1999 best 14.297
  step 1100/1999 best 14.419
  step 1150/1999 best 14.336
  step 1200/1999 best 14.343
  step 1250/1999 best 14.418
  step 1300/1999 best 14.428
  step 1350/1999 best 14.300
  step 1400/1999 best 14.329
  step 1450/1999 best 14.420
  step 1500/1999 best 14.440
  step 1550/1999 best 14.300
  step 1600/1999 best 14.212
  step 1650/1999 best 14.479
  step 1700/1999 best 14.421
  step 1750/1999 best 14.397
  step 1800/1999 best 14.371
  step 1850/1999 best 14.375
  step 1900/1999 best 14.294
  step 1950/1999 best 14.462
saved SBC_CHAINS_cnn_vmim__n1_jitter_seed_s1_sim745_row694702_noise8602_8781_8960 (240000, 4) acc=0.259
  step 0/1999 best -23.107
  step 50/1999 best -7.318
  step 100/1999 best 10.417
  step 150/1999 best 10.184
  step 200/1999 best 13.239
  step 250/1999 best 13.356
  step 300/1999 best 13.282
  step 350/1999 best 13.517
  step 400/1999 best 13.835
  step 450/1999 best 13.871
  step 500/1999 best 13.831
  step 550/1999 best 13.938
  step 600/1999 best 13.990
  step 650/1999 best 13.869
  step 700/1999 best 13.863
  step 750/1999 best 14.008
  step 800/1999 best 13.757
  step 850/1999 best 13.623
  step 900/1999 best 13.845
  step 950/1999 best 13.948
  step 1000/1999 best 13.926
  step 1050/1999 best 13.816
  step 1100/1999 best 13.917
  step 1150/1999 best 13.801
  step 1200/1999 best 13.732
  step 1250/1999 best 13.967
  step 1300/1999 best 13.956
  step 1350/1999 best 13.866
  step 1400/1999 best 13.755
  step 1450/1999 best 13.780
  step 1500/1999 best 13.798
  step 1550/1999 best 13.886
  step 1600/1999 best 13.778
  step 1650/1999 best 13.918
  step 1700/1999 best 13.655
  step 1750/1999 best 13.874
  step 1800/1999 best 13.762
  step 1850/1999 best 13.848
  step 1900/1999 best 14.062
  step 1950/1999 best 13.846
saved SBC_CHAINS_cnn_vmim__n1_jitter_seed_s1_sim2450_row2049290_noise3118_3297_3476 (240000, 4) acc=0.109
  step 0/1999 best -22.756
  step 50/1999 best -6.818
  step 100/1999 best 7.128
  step 150/1999 best 10.595
  step 200/1999 best 11.225
  step 250/1999 best 12.559
  step 300/1999 best 13.056
  step 350/1999 best 12.974
  step 400/1999 best 13.057
  step 450/1999 best 13.043
  step 500/1999 best 13.191
  step 550/1999 best 13.008
  step 600/1999 best 13.073
  step 650/1999 best 13.179
  step 700/1999 best 12.975
  step 750/1999 best 12.974
  step 800/1999 best 12.861
  step 850/1999 best 12.970
  step 900/1999 best 13.206
  step 950/1999 best 13.097
  step 1000/1999 best 13.080
  step 1050/1999 best 13.209
  step 1100/1999 best 13.127
  step 1150/1999 best 13.031
  step 1200/1999 best 13.156
  step 1250/1999 best 12.890
  step 1300/1999 best 13.111
  step 1350/1999 best 13.198
  step 1400/1999 best 12.948
  step 1450/1999 best 13.088
  step 1500/1999 best 12.937
  step 1550/1999 best 13.123
  step 1600/1999 best 12.913
  step 1650/1999 best 13.062
  step 1700/1999 best 13.239
  step 1750/1999 best 13.028
  step 1800/1999 best 13.182
  step 1850/1999 best 13.071
  step 1900/1999 best 13.150
  step 1950/1999 best 13.208
saved SBC_CHAINS_cnn_vmim__n1_jitter_seed_s1_sim2540_row2139055_noise4431_4610_4789 (240000, 4) acc=0.156
  step 0/1999 best -17.956
  step 50/1999 best 8.547
  step 100/1999 best 15.058
  step 150/1999 best 15.030
  step 200/1999 best 16.086
  step 250/1999 best 16.209
  step 300/1999 best 16.204
  step 350/1999 best 15.985
  step 400/1999 best 16.484
  step 450/1999 best 16.370
  step 500/1999 best 16.347
  step 550/1999 best 16.205
  step 600/1999 best 16.261
  step 650/1999 best 16.416
  step 700/1999 best 16.430
  step 750/1999 best 16.523
  step 800/1999 best 16.466
  step 850/1999 best 16.331
  step 900/1999 best 16.460
  step 950/1999 best 16.413
  step 1000/1999 best 16.339
  step 1050/1999 best 16.484
  step 1100/1999 best 16.289
  step 1150/1999 best 16.345
  step 1200/1999 best 16.347
  step 1250/1999 best 16.376
  step 1300/1999 best 16.359
  step 1350/1999 best 16.449
  step 1400/1999 best 16.358
  step 1450/1999 best 16.373
  step 1500/1999 best 16.495
  step 1550/1999 best 16.422
  step 1600/1999 best 16.463
  step 1650/1999 best 16.457
  step 1700/1999 best 16.373
  step 1750/1999 best 16.429
  step 1800/1999 best 16.277
  step 1850/1999 best 16.384
  step 1900/1999 best 16.210
  step 1950/1999 best 16.423
saved SBC_CHAINS_cnn_vmim__n1_jitter_seed_s1_sim1755_row1508914_noise6530_6709_6888 (240000, 4) acc=0.200
  step 0/1999 best -14.459
  step 50/1999 best 8.053
  step 100/1999 best 9.623
  step 150/1999 best 12.732
  step 200/1999 best 12.418
  step 250/1999 best 12.580
  step 300/1999 best 12.578
  step 350/1999 best 12.764
  step 400/1999 best 12.757
  step 450/1999 best 12.405
  step 500/1999 best 12.609
  step 550/1999 best 12.761
  step 600/1999 best 12.701
  step 650/1999 best 12.788
  step 700/1999 best 12.745
  step 750/1999 best 12.703
  step 800/1999 best 12.674
  step 850/1999 best 12.640
  step 900/1999 best 12.740
  step 950/1999 best 12.674
  step 1000/1999 best 12.738
  step 1050/1999 best 12.758
  step 1100/1999 best 12.620
  step 1150/1999 best 12.720
  step 1200/1999 best 12.793
  step 1250/1999 best 12.657
  step 1300/1999 best 12.806
  step 1350/1999 best 12.739
  step 1400/1999 best 12.520
  step 1450/1999 best 12.539
  step 1500/1999 best 12.762
  step 1550/1999 best 12.738
  step 1600/1999 best 12.599
  step 1650/1999 best 12.723
  step 1700/1999 best 12.770
  step 1750/1999 best 12.551
  step 1800/1999 best 12.797
  step 1850/1999 best 12.688
  step 1900/1999 best 12.640
  step 1950/1999 best 12.737
saved SBC_CHAINS_cnn_vmim__n1_jitter_seed_s1_sim3003_row2598459_noise5919_6098_6277 (240000, 4) acc=0.248
  step 0/1999 best -18.929
  step 50/1999 best 8.765
  step 100/1999 best 9.590
  step 150/1999 best 9.437
  step 200/1999 best 10.160
  step 250/1999 best 10.107
  step 300/1999 best 9.977
  step 350/1999 best 10.102
  step 400/1999 best 9.928
  step 450/1999 best 9.990
  step 500/1999 best 10.141
  step 550/1999 best 10.148
  step 600/1999 best 10.163
  step 650/1999 best 10.134
  step 700/1999 best 10.166
  step 750/1999 best 10.133
  step 800/1999 best 10.103
  step 850/1999 best 10.162
  step 900/1999 best 10.109
  step 950/1999 best 10.104
  step 1000/1999 best 10.159
  step 1050/1999 best 10.167
  step 1100/1999 best 10.109
  step 1150/1999 best 10.092
  step 1200/1999 best 10.076
  step 1250/1999 best 10.175
  step 1300/1999 best 10.114
  step 1350/1999 best 10.103
  step 1400/1999 best 10.075
  step 1450/1999 best 10.002
  step 1500/1999 best 10.133
  step 1550/1999 best 10.099
  step 1600/1999 best 10.160
  step 1650/1999 best 10.065
  step 1700/1999 best 10.106
  step 1750/1999 best 10.196
  step 1800/1999 best 10.003
  step 1850/1999 best 10.083
  step 1900/1999 best 10.154
  step 1950/1999 best 10.087
saved SBC_CHAINS_cnn_vmim__n1_jitter_seed_s1_sim2942_row2537811_noise4239_4418_4597 (240000, 4) acc=0.341
  step 0/1999 best -17.514
  step 50/1999 best -6.753
  step 100/1999 best 7.793
  step 150/1999 best 12.312
  step 200/1999 best 11.461
  step 250/1999 best 12.543
  step 300/1999 best 12.310
  step 350/1999 best 12.686
  step 400/1999 best 12.801
  step 450/1999 best 12.974
  step 500/1999 best 12.937
  step 550/1999 best 12.931
  step 600/1999 best 12.914
  step 650/1999 best 12.821
  step 700/1999 best 12.852
  step 750/1999 best 12.904
  step 800/1999 best 12.849
  step 850/1999 best 12.796
  step 900/1999 best 12.869
  step 950/1999 best 12.753
  step 1000/1999 best 12.875
  step 1050/1999 best 12.910
  step 1100/1999 best 12.898
  step 1150/1999 best 12.888
  step 1200/1999 best 12.830
  step 1250/1999 best 12.723
  step 1300/1999 best 12.904
  step 1350/1999 best 12.842
  step 1400/1999 best 12.778
  step 1450/1999 best 12.949
  step 1500/1999 best 12.792
  step 1550/1999 best 12.759
  step 1600/1999 best 12.812
  step 1650/1999 best 12.888
  step 1700/1999 best 12.760
  step 1750/1999 best 12.799
  step 1800/1999 best 12.888
  step 1850/1999 best 12.744
  step 1900/1999 best 12.880
  step 1950/1999 best 12.766
saved SBC_CHAINS_cnn_vmim__n1_jitter_seed_s1_sim2404_row2003844_noise6812_6991_7170 (240000, 4) acc=0.207
  step 0/1999 best -19.549
  step 50/1999 best 7.103
  step 100/1999 best 5.834
  step 150/1999 best 11.155
  step 200/1999 best 10.898
  step 250/1999 best 12.218
  step 300/1999 best 12.493
  step 350/1999 best 12.518
  step 400/1999 best 12.235
  step 450/1999 best 12.467
  step 500/1999 best 12.424
  step 550/1999 best 12.397
  step 600/1999 best 12.499
  step 650/1999 best 12.457
  step 700/1999 best 12.485
  step 750/1999 best 12.407
  step 800/1999 best 12.441
  step 850/1999 best 12.400
  step 900/1999 best 12.480
  step 950/1999 best 12.479
  step 1000/1999 best 12.500
  step 1050/1999 best 12.543
  step 1100/1999 best 12.502
  step 1150/1999 best 12.475
  step 1200/1999 best 12.570
  step 1250/1999 best 12.507
  step 1300/1999 best 12.483
  step 1350/1999 best 12.479
  step 1400/1999 best 12.479
  step 1450/1999 best 12.412
  step 1500/1999 best 12.437
  step 1550/1999 best 12.233
  step 1600/1999 best 12.384
  step 1650/1999 best 12.378
  step 1700/1999 best 12.472
  step 1750/1999 best 12.468
  step 1800/1999 best 12.351
  step 1850/1999 best 12.351
  step 1900/1999 best 12.444
  step 1950/1999 best 12.548
saved SBC_CHAINS_cnn_vmim__n1_jitter_seed_s1_sim2467_row2066632_noise804_983_1162 (240000, 4) acc=0.224
  step 0/1999 best -14.720
  step 50/1999 best 4.028
  step 100/1999 best 10.512
  step 150/1999 best 11.690
  step 200/1999 best 11.794
  step 250/1999 best 12.281
  step 300/1999 best 12.209
  step 350/1999 best 12.328
  step 400/1999 best 12.188
  step 450/1999 best 12.127
  step 500/1999 best 12.319
  step 550/1999 best 12.138
  step 600/1999 best 12.265
  step 650/1999 best 12.190
  step 700/1999 best 12.287
  step 750/1999 best 12.351
  step 800/1999 best 12.340
  step 850/1999 best 12.331
  step 900/1999 best 12.390
  step 950/1999 best 12.326
  step 1000/1999 best 12.029
  step 1050/1999 best 12.311
  step 1100/1999 best 12.361
  step 1150/1999 best 12.377
  step 1200/1999 best 12.265
  step 1250/1999 best 12.278
  step 1300/1999 best 12.315
  step 1350/1999 best 12.166
  step 1400/1999 best 12.125
  step 1450/1999 best 12.260
  step 1500/1999 best 12.254
  step 1550/1999 best 12.294
  step 1600/1999 best 12.259
  step 1650/1999 best 12.293
  step 1700/1999 best 12.304
  step 1750/1999 best 12.362
  step 1800/1999 best 12.043
  step 1850/1999 best 12.273
  step 1900/1999 best 12.318
  step 1950/1999 best 12.323
saved SBC_CHAINS_cnn_vmim__n1_jitter_seed_s1_sim2978_row2573848_noise964_1143_1322 (240000, 4) acc=0.321
  step 0/1999 best -15.060
  step 50/1999 best 4.237
  step 100/1999 best 14.904
  step 150/1999 best 14.904
  step 200/1999 best 14.351
  step 250/1999 best 15.715
  step 300/1999 best 15.925
  step 350/1999 best 16.017
  step 400/1999 best 15.962
  step 450/1999 best 15.804
  step 500/1999 best 15.877
  step 550/1999 best 15.913
  step 600/1999 best 15.892
  step 650/1999 best 15.939
  step 700/1999 best 16.038
  step 750/1999 best 16.065
  step 800/1999 best 15.896
  step 850/1999 best 15.928
  step 900/1999 best 15.925
  step 950/1999 best 16.039
  step 1000/1999 best 16.052
  step 1050/1999 best 15.932
  step 1100/1999 best 15.964
  step 1150/1999 best 16.033
  step 1200/1999 best 15.963
  step 1250/1999 best 15.972
  step 1300/1999 best 16.122
  step 1350/1999 best 16.029
  step 1400/1999 best 15.959
  step 1450/1999 best 16.024
  step 1500/1999 best 15.935
  step 1550/1999 best 16.038
  step 1600/1999 best 16.071
  step 1650/1999 best 15.962
  step 1700/1999 best 16.099
  step 1750/1999 best 16.014
  step 1800/1999 best 16.044
  step 1850/1999 best 16.055
  step 1900/1999 best 15.911
  step 1950/1999 best 16.075
saved SBC_CHAINS_cnn_vmim__n1_jitter_seed_s1_sim1448_row1230688_noise3972_4151_4330 (240000, 4) acc=0.287
  step 0/1999 best -17.787
  step 50/1999 best 3.875
  step 100/1999 best 3.875
  step 150/1999 best 10.570
  step 200/1999 best 11.387
  step 250/1999 best 10.854
  step 300/1999 best 11.119
  step 350/1999 best 11.400
  step 400/1999 best 11.277
  step 450/1999 best 11.265
  step 500/1999 best 11.265
  step 550/1999 best 11.355
  step 600/1999 best 11.214
  step 650/1999 best 11.262
  step 700/1999 best 11.275
  step 750/1999 best 11.269
  step 800/1999 best 11.385
  step 850/1999 best 11.257
  step 900/1999 best 11.451
  step 950/1999 best 11.393
  step 1000/1999 best 11.461
  step 1050/1999 best 11.313
  step 1100/1999 best 11.299
  step 1150/1999 best 11.292
  step 1200/1999 best 11.294
  step 1250/1999 best 11.416
  step 1300/1999 best 11.394
  step 1350/1999 best 11.459
  step 1400/1999 best 11.345
  step 1450/1999 best 11.416
  step 1500/1999 best 11.427
  step 1550/1999 best 11.280
  step 1600/1999 best 11.262
  step 1650/1999 best 11.435
  step 1700/1999 best 11.292
  step 1750/1999 best 11.380
  step 1800/1999 best 11.386
  step 1850/1999 best 11.379
  step 1900/1999 best 11.370
  step 1950/1999 best 11.435
saved SBC_CHAINS_cnn_vmim__n1_jitter_seed_s1_sim2480_row2079936_noise4280_4459_4638 (240000, 4) acc=0.280
  step 0/1999 best -14.146
  step 50/1999 best 6.059
  step 100/1999 best 5.714
  step 150/1999 best 10.356
  step 200/1999 best 10.499
  step 250/1999 best 11.266
  step 300/1999 best 11.361
  step 350/1999 best 11.492
  step 400/1999 best 11.348
  step 450/1999 best 11.385
  step 500/1999 best 11.431
  step 550/1999 best 11.274
  step 600/1999 best 11.339
  step 650/1999 best 11.429
  step 700/1999 best 11.424
  step 750/1999 best 11.175
  step 800/1999 best 11.317
  step 850/1999 best 11.439
  step 900/1999 best 11.442
  step 950/1999 best 11.300
  step 1000/1999 best 11.460
  step 1050/1999 best 11.500
  step 1100/1999 best 11.363
  step 1150/1999 best 11.388
  step 1200/1999 best 11.421
  step 1250/1999 best 11.338
  step 1300/1999 best 11.330
  step 1350/1999 best 11.362
  step 1400/1999 best 11.253
  step 1450/1999 best 11.416
  step 1500/1999 best 11.414
  step 1550/1999 best 11.391
  step 1600/1999 best 11.309
  step 1650/1999 best 11.398
  step 1700/1999 best 11.432
  step 1750/1999 best 11.458
  step 1800/1999 best 11.355
  step 1850/1999 best 11.293
  step 1900/1999 best 11.312
  step 1950/1999 best 11.280
saved SBC_CHAINS_cnn_vmim__n1_jitter_seed_s1_sim2846_row2441655_noise6363_6542_6721 (240000, 4) acc=0.207
  step 0/1999 best -19.344
  step 50/1999 best 12.721
  step 100/1999 best 13.317
  step 150/1999 best 14.749
  step 200/1999 best 14.638
  step 250/1999 best 14.728
  step 300/1999 best 14.899
  step 350/1999 best 14.820
  step 400/1999 best 14.883
  step 450/1999 best 14.745
  step 500/1999 best 14.842
  step 550/1999 best 14.665
  step 600/1999 best 14.863
  step 650/1999 best 14.837
  step 700/1999 best 14.832
  step 750/1999 best 14.816
  step 800/1999 best 14.696
  step 850/1999 best 14.703
  step 900/1999 best 14.834
  step 950/1999 best 14.728
  step 1000/1999 best 14.812
  step 1050/1999 best 14.854
  step 1100/1999 best 14.865
  step 1150/1999 best 14.800
  step 1200/1999 best 14.844
  step 1250/1999 best 14.748
  step 1300/1999 best 14.759
  step 1350/1999 best 14.749
  step 1400/1999 best 14.783
  step 1450/1999 best 14.788
  step 1500/1999 best 14.842
  step 1550/1999 best 14.732
  step 1600/1999 best 14.725
  step 1650/1999 best 14.738
  step 1700/1999 best 14.653
  step 1750/1999 best 14.772
  step 1800/1999 best 14.674
  step 1850/1999 best 14.703
  step 1900/1999 best 14.729
  step 1950/1999 best 14.900
saved SBC_CHAINS_cnn_vmim__n1_jitter_seed_s1_sim1220_row1038387_noise1715_1894_2073 (240000, 4) acc=0.245
  step 0/1999 best -9.536
  step 50/1999 best -5.319
  step 100/1999 best -0.882
  step 150/1999 best 1.333
  step 200/1999 best 4.497
  step 250/1999 best 6.049
  step 300/1999 best 9.905
  step 350/1999 best 11.169
  step 400/1999 best 11.237
  step 450/1999 best 11.763
  step 500/1999 best 11.620
  step 550/1999 best 11.720
  step 600/1999 best 11.988
  step 650/1999 best 11.920
  step 700/1999 best 12.110
  step 750/1999 best 12.100
  step 800/1999 best 11.991
  step 850/1999 best 11.793
  step 900/1999 best 12.056
  step 950/1999 best 11.958
  step 1000/1999 best 12.021
  step 1050/1999 best 11.849
  step 1100/1999 best 12.016
  step 1150/1999 best 11.898
  step 1200/1999 best 12.108
  step 1250/1999 best 11.971
  step 1300/1999 best 12.028
  step 1350/1999 best 11.943
  step 1400/1999 best 11.996
  step 1450/1999 best 11.777
  step 1500/1999 best 12.062
  step 1550/1999 best 12.088
  step 1600/1999 best 11.936
  step 1650/1999 best 11.893
  step 1700/1999 best 12.136
  step 1750/1999 best 12.091
  step 1800/1999 best 12.004
  step 1850/1999 best 12.005
  step 1900/1999 best 12.036
  step 1950/1999 best 11.910
saved SBC_CHAINS_cnn_vmim__n1_jitter_seed_s1_sim1543_row1320408_noise412_591_770 (240000, 4) acc=0.188
  step 0/1999 best -13.426
  step 50/1999 best -3.014
  step 100/1999 best 2.455
  step 150/1999 best 9.695
  step 200/1999 best 10.322
  step 250/1999 best 11.998
  step 300/1999 best 15.408
  step 350/1999 best 15.317
  step 400/1999 best 15.312
  step 450/1999 best 15.756
  step 500/1999 best 15.742
  step 550/1999 best 15.742
  step 600/1999 best 15.262
  step 650/1999 best 15.726
  step 700/1999 best 15.832
  step 750/1999 best 16.039
  step 800/1999 best 15.571
  step 850/1999 best 15.694
  step 900/1999 best 15.853
  step 950/1999 best 15.981
  step 1000/1999 best 16.009
  step 1050/1999 best 15.897
  step 1100/1999 best 15.975
  step 1150/1999 best 15.790
  step 1200/1999 best 15.843
  step 1250/1999 best 15.843
  step 1300/1999 best 15.905
  step 1350/1999 best 16.074
  step 1400/1999 best 15.906
  step 1450/1999 best 15.701
  step 1500/1999 best 16.026
  step 1550/1999 best 16.004
  step 1600/1999 best 16.037
  step 1650/1999 best 15.808
  step 1700/1999 best 15.806
  step 1750/1999 best 15.891
  step 1800/1999 best 16.009
  step 1850/1999 best 15.898
  step 1900/1999 best 15.995
  step 1950/1999 best 15.884
saved SBC_CHAINS_cnn_vmim__n1_jitter_seed_s1_sim969_row918291_noise6147_6326_6505 (240000, 4) acc=0.184
  step 0/1999 best -20.291
  step 50/1999 best -1.198
  step 100/1999 best 11.500
  step 150/1999 best 14.084
  step 200/1999 best 15.566
  step 250/1999 best 15.818
  step 300/1999 best 16.393
  step 350/1999 best 16.547
  step 400/1999 best 16.430
  step 450/1999 best 16.489
  step 500/1999 best 16.550
  step 550/1999 best 15.915
  step 600/1999 best 16.504
  step 650/1999 best 16.550
  step 700/1999 best 16.707
  step 750/1999 best 16.572
  step 800/1999 best 16.478
  step 850/1999 best 16.740
  step 900/1999 best 16.437
  step 950/1999 best 16.674
  step 1000/1999 best 16.686
  step 1050/1999 best 16.610
  step 1100/1999 best 16.629
  step 1150/1999 best 16.598
  step 1200/1999 best 16.749
  step 1250/1999 best 16.607
  step 1300/1999 best 16.525
  step 1350/1999 best 16.668
  step 1400/1999 best 16.628
  step 1450/1999 best 16.667
  step 1500/1999 best 16.624
  step 1550/1999 best 16.476
  step 1600/1999 best 16.627
  step 1650/1999 best 16.763
  step 1700/1999 best 16.603
  step 1750/1999 best 16.741
  step 1800/1999 best 16.501
  step 1850/1999 best 16.677
  step 1900/1999 best 16.665
  step 1950/1999 best 16.655
saved SBC_CHAINS_cnn_vmim__n1_jitter_seed_s1_sim345_row331207_noise1227_1406_1585 (240000, 4) acc=0.194
  step 0/1999 best -19.731
  step 50/1999 best 3.905
  step 100/1999 best 10.539
  step 150/1999 best 11.895
  step 200/1999 best 11.770
  step 250/1999 best 11.742
  step 300/1999 best 11.945
  step 350/1999 best 11.936
  step 400/1999 best 12.020
  step 450/1999 best 11.883
  step 500/1999 best 11.979
  step 550/1999 best 11.894
  step 600/1999 best 12.054
  step 650/1999 best 12.075
  step 700/1999 best 12.046
  step 750/1999 best 12.076
  step 800/1999 best 12.153
  step 850/1999 best 12.149
  step 900/1999 best 12.101
  step 950/1999 best 12.044
  step 1000/1999 best 11.965
  step 1050/1999 best 11.928
  step 1100/1999 best 11.990
  step 1150/1999 best 12.063
  step 1200/1999 best 12.053
  step 1250/1999 best 12.124
  step 1300/1999 best 12.097
  step 1350/1999 best 12.082
  step 1400/1999 best 12.011
  step 1450/1999 best 12.164
  step 1500/1999 best 12.107
  step 1550/1999 best 11.964
  step 1600/1999 best 11.959
  step 1650/1999 best 11.966
  step 1700/1999 best 12.134
  step 1750/1999 best 11.926
  step 1800/1999 best 12.112
  step 1850/1999 best 12.030
  step 1900/1999 best 12.087
  step 1950/1999 best 12.139
saved SBC_CHAINS_cnn_vmim__n1_jitter_seed_s1_sim3092_row2687675_noise6683_6862_7041 (240000, 4) acc=0.233
  step 0/1999 best -24.678
  step 50/1999 best 2.850
  step 100/1999 best 8.764
  step 150/1999 best 8.393
  step 200/1999 best 9.535
  step 250/1999 best 10.501
  step 300/1999 best 10.644
  step 350/1999 best 10.653
  step 400/1999 best 10.610
  step 450/1999 best 10.705
  step 500/1999 best 10.646
  step 550/1999 best 10.633
  step 600/1999 best 10.787
  step 650/1999 best 10.674
  step 700/1999 best 10.686
  step 750/1999 best 10.756
  step 800/1999 best 10.662
  step 850/1999 best 10.732
  step 900/1999 best 10.723
  step 950/1999 best 10.605
  step 1000/1999 best 10.602
  step 1050/1999 best 10.587
  step 1100/1999 best 10.706
  step 1150/1999 best 10.641
  step 1200/1999 best 10.716
  step 1250/1999 best 10.459
  step 1300/1999 best 10.589
  step 1350/1999 best 10.609
  step 1400/1999 best 10.506
  step 1450/1999 best 10.620
  step 1500/1999 best 10.676
  step 1550/1999 best 10.554
  step 1600/1999 best 10.735
  step 1650/1999 best 10.638
  step 1700/1999 best 10.690
  step 1750/1999 best 10.710
  step 1800/1999 best 10.695
  step 1850/1999 best 10.736
  step 1900/1999 best 10.788
  step 1950/1999 best 10.683
saved SBC_CHAINS_cnn_vmim__n1_jitter_seed_s1_sim2479_row2078505_noise2849_3028_3207 (240000, 4) acc=0.330
  step 0/1999 best -19.501
  step 50/1999 best 2.351
  step 100/1999 best 10.868
  step 150/1999 best 12.873
  step 200/1999 best 13.265
  step 250/1999 best 14.098
  step 300/1999 best 14.412
  step 350/1999 best 15.666
  step 400/1999 best 15.958
  step 450/1999 best 15.476
  step 500/1999 best 13.621
  step 550/1999 best 14.700
  step 600/1999 best 15.627
  step 650/1999 best 15.807
  step 700/1999 best 15.766
  step 750/1999 best 15.757
  step 800/1999 best 15.601
  step 850/1999 best 16.186
  step 900/1999 best 15.973
  step 950/1999 best 16.086
  step 1000/1999 best 15.879
  step 1050/1999 best 15.808
  step 1100/1999 best 15.903
  step 1150/1999 best 15.876
  step 1200/1999 best 15.941
  step 1250/1999 best 16.231
  step 1300/1999 best 15.977
  step 1350/1999 best 16.235
  step 1400/1999 best 15.847
  step 1450/1999 best 16.198
  step 1500/1999 best 16.036
  step 1550/1999 best 16.089
  step 1600/1999 best 16.098
  step 1650/1999 best 15.886
  step 1700/1999 best 16.069
  step 1750/1999 best 16.068
  step 1800/1999 best 16.169
  step 1850/1999 best 16.102
  step 1900/1999 best 16.093
  step 1950/1999 best 16.178
saved SBC_CHAINS_cnn_vmim__n1_jitter_seed_s1_sim658_row611662_noise186_365_544 (240000, 4) acc=0.147
  step 0/1999 best -22.285
  step 50/1999 best -1.333
  step 100/1999 best 10.226
  step 150/1999 best 12.904
  step 200/1999 best 12.783
  step 250/1999 best 12.682
  step 300/1999 best 13.084
  step 350/1999 best 13.133
  step 400/1999 best 13.101
  step 450/1999 best 13.231
  step 500/1999 best 13.244
  step 550/1999 best 13.146
  step 600/1999 best 13.102
  step 650/1999 best 13.035
  step 700/1999 best 13.075
  step 750/1999 best 13.062
  step 800/1999 best 13.209
  step 850/1999 best 13.108
  step 900/1999 best 13.050
  step 950/1999 best 13.098
  step 1000/1999 best 13.160
  step 1050/1999 best 13.087
  step 1100/1999 best 13.197
  step 1150/1999 best 13.063
  step 1200/1999 best 13.103
  step 1250/1999 best 13.248
  step 1300/1999 best 13.080
  step 1350/1999 best 13.231
  step 1400/1999 best 13.089
  step 1450/1999 best 13.214
  step 1500/1999 best 13.098
  step 1550/1999 best 13.185
  step 1600/1999 best 13.141
  step 1650/1999 best 13.248
  step 1700/1999 best 13.202
  step 1750/1999 best 13.135
  step 1800/1999 best 13.164
  step 1850/1999 best 13.243
  step 1900/1999 best 13.096
  step 1950/1999 best 13.175
saved SBC_CHAINS_cnn_vmim__n1_jitter_seed_s1_sim211_row197647_noise5259_5438_5617 (240000, 4) acc=0.262
  step 0/1999 best -18.053
  step 50/1999 best -2.816
  step 100/1999 best 13.403
  step 150/1999 best 13.403
  step 200/1999 best 12.791
  step 250/1999 best 14.262
  step 300/1999 best 14.784
  step 350/1999 best 14.442
  step 400/1999 best 14.787
  step 450/1999 best 14.876
  step 500/1999 best 14.590
  step 550/1999 best 14.678
  step 600/1999 best 14.706
  step 650/1999 best 14.815
  step 700/1999 best 14.881
  step 750/1999 best 14.686
  step 800/1999 best 14.845
  step 850/1999 best 14.907
  step 900/1999 best 14.939
  step 950/1999 best 14.862
  step 1000/1999 best 14.820
  step 1050/1999 best 14.804
  step 1100/1999 best 14.893
  step 1150/1999 best 14.861
  step 1200/1999 best 14.735
  step 1250/1999 best 14.911
  step 1300/1999 best 14.844
  step 1350/1999 best 14.818
  step 1400/1999 best 14.895
  step 1450/1999 best 14.973
  step 1500/1999 best 14.799
  step 1550/1999 best 14.866
  step 1600/1999 best 14.817
  step 1650/1999 best 14.743
  step 1700/1999 best 14.772
  step 1750/1999 best 14.863
  step 1800/1999 best 14.780
  step 1850/1999 best 14.941
  step 1900/1999 best 14.823
  step 1950/1999 best 14.872
saved SBC_CHAINS_cnn_vmim__n1_jitter_seed_s1_sim2092_row1702479_noise8943_9122_9301 (240000, 4) acc=0.277
  step 0/1999 best -16.288
  step 50/1999 best -4.219
  step 100/1999 best -0.881
  step 150/1999 best 4.433
  step 200/1999 best 4.374
  step 250/1999 best 9.213
  step 300/1999 best 13.208
  step 350/1999 best 14.057
  step 400/1999 best 13.831
  step 450/1999 best 13.979
  step 500/1999 best 14.054
  step 550/1999 best 14.215
  step 600/1999 best 13.956
  step 650/1999 best 14.163
  step 700/1999 best 14.253
  step 750/1999 best 14.181
  step 800/1999 best 14.234
  step 850/1999 best 14.153
  step 900/1999 best 13.926
  step 950/1999 best 14.203
  step 1000/1999 best 14.261
  step 1050/1999 best 14.060
  step 1100/1999 best 14.235
  step 1150/1999 best 14.205
  step 1200/1999 best 14.105
  step 1250/1999 best 14.028
  step 1300/1999 best 14.137
  step 1350/1999 best 14.168
  step 1400/1999 best 14.139
  step 1450/1999 best 14.240
  step 1500/1999 best 14.281
  step 1550/1999 best 14.252
  step 1600/1999 best 14.222
  step 1650/1999 best 14.227
  step 1700/1999 best 14.285
  step 1750/1999 best 14.161
  step 1800/1999 best 14.203
  step 1850/1999 best 14.161
  step 1900/1999 best 14.060
  step 1950/1999 best 14.226
saved SBC_CHAINS_cnn_vmim__n1_jitter_seed_s1_sim2091_row1701511_noise7975_8154_8333 (240000, 4) acc=0.304
  step 0/1999 best -17.831
  step 50/1999 best 1.269
  step 100/1999 best 1.285
  step 150/1999 best 2.710
  step 200/1999 best 11.109
  step 250/1999 best 10.683
  step 300/1999 best 11.807
  step 350/1999 best 11.973
  step 400/1999 best 14.537
  step 450/1999 best 14.537
  step 500/1999 best 15.982
  step 550/1999 best 16.450
  step 600/1999 best 16.375
  step 650/1999 best 15.994
  step 700/1999 best 16.462
  step 750/1999 best 16.483
  step 800/1999 best 16.172
  step 850/1999 best 16.490
  step 900/1999 best 16.457
  step 950/1999 best 16.542
  step 1000/1999 best 16.129
  step 1050/1999 best 16.485
  step 1100/1999 best 16.673
  step 1150/1999 best 16.545
  step 1200/1999 best 16.499
  step 1250/1999 best 16.608
  step 1300/1999 best 16.651
  step 1350/1999 best 16.698
  step 1400/1999 best 16.591
  step 1450/1999 best 16.505
  step 1500/1999 best 16.507
  step 1550/1999 best 16.620
  step 1600/1999 best 16.696
  step 1650/1999 best 16.528
  step 1700/1999 best 16.650
  step 1750/1999 best 16.496
  step 1800/1999 best 16.655
  step 1850/1999 best 16.627
  step 1900/1999 best 16.667
  step 1950/1999 best 16.637
saved SBC_CHAINS_cnn_vmim__n1_jitter_seed_s1_sim1750_row1503032_noise648_827_1006 (240000, 4) acc=0.172
  step 0/1999 best -14.356
  step 50/1999 best -0.049
  step 100/1999 best 8.683
  step 150/1999 best 11.514
  step 200/1999 best 12.829
  step 250/1999 best 12.759
  step 300/1999 best 12.534
  step 350/1999 best 12.719
  step 400/1999 best 12.657
  step 450/1999 best 12.619
  step 500/1999 best 12.770
  step 550/1999 best 12.680
  step 600/1999 best 12.649
  step 650/1999 best 12.870
  step 700/1999 best 12.798
  step 750/1999 best 12.758
  step 800/1999 best 12.662
  step 850/1999 best 12.817
  step 900/1999 best 12.591
  step 950/1999 best 12.816
  step 1000/1999 best 12.744
  step 1050/1999 best 12.603
  step 1100/1999 best 12.865
  step 1150/1999 best 12.789
  step 1200/1999 best 12.768
  step 1250/1999 best 12.773
  step 1300/1999 best 12.640
  step 1350/1999 best 12.738
  step 1400/1999 best 12.712
  step 1450/1999 best 12.819
  step 1500/1999 best 12.874
  step 1550/1999 best 12.803
  step 1600/1999 best 12.747
  step 1650/1999 best 12.812
  step 1700/1999 best 12.816
  step 1750/1999 best 12.877
  step 1800/1999 best 12.813
  step 1850/1999 best 12.914
  step 1900/1999 best 12.669
  step 1950/1999 best 12.676
saved SBC_CHAINS_cnn_vmim__n1_jitter_seed_s1_sim3076_row2671273_noise109_288_467 (240000, 4) acc=0.195
  step 0/1999 best -15.550
  step 50/1999 best -5.475
  step 100/1999 best -4.368
  step 150/1999 best -4.336
  step 200/1999 best 9.563
  step 250/1999 best 9.563
  step 300/1999 best 9.563
  step 350/1999 best 9.563
  step 400/1999 best 9.505
  step 450/1999 best 9.894
  step 500/1999 best 10.481
  step 550/1999 best 9.872
  step 600/1999 best 12.006
  step 650/1999 best 12.006
  step 700/1999 best 12.006
  step 750/1999 best 12.006
  step 800/1999 best 11.685
  step 850/1999 best 11.154
  step 900/1999 best 11.154
  step 950/1999 best 11.154
  step 1000/1999 best 11.154
  step 1050/1999 best 11.869
  step 1100/1999 best 11.869
  step 1150/1999 best 12.740
  step 1200/1999 best 12.740
  step 1250/1999 best 12.740
  step 1300/1999 best 12.531
  step 1350/1999 best 12.993
  step 1400/1999 best 12.993
  step 1450/1999 best 12.993
  step 1500/1999 best 12.993
  step 1550/1999 best 12.993
  step 1600/1999 best 13.039
  step 1650/1999 best 11.881
  step 1700/1999 best 13.059
  step 1750/1999 best 13.059
  step 1800/1999 best 13.059
  step 1850/1999 best 13.355
  step 1900/1999 best 13.355
  step 1950/1999 best 13.248
saved SBC_CHAINS_cnn_vmim__n1_jitter_seed_s1_sim2524_row2123265_noise8297_8476_8655 (240000, 4) acc=0.157
  step 0/1999 best -6.942
  step 50/1999 best 8.363
  step 100/1999 best 12.261
  step 150/1999 best 12.153
  step 200/1999 best 12.199
  step 250/1999 best 12.574
  step 300/1999 best 12.477
  step 350/1999 best 12.559
  step 400/1999 best 12.476
  step 450/1999 best 12.463
  step 500/1999 best 12.431
  step 550/1999 best 12.644
  step 600/1999 best 12.537
  step 650/1999 best 12.477
  step 700/1999 best 12.397
  step 750/1999 best 12.481
  step 800/1999 best 12.616
  step 850/1999 best 12.614
  step 900/1999 best 12.487
  step 950/1999 best 12.525
  step 1000/1999 best 12.630
  step 1050/1999 best 12.580
  step 1100/1999 best 12.600
  step 1150/1999 best 12.493
  step 1200/1999 best 12.499
  step 1250/1999 best 12.591
  step 1300/1999 best 12.528
  step 1350/1999 best 12.564
  step 1400/1999 best 12.440
  step 1450/1999 best 12.529
  step 1500/1999 best 12.613
  step 1550/1999 best 12.388
  step 1600/1999 best 12.514
  step 1650/1999 best 12.330
  step 1700/1999 best 12.559
  step 1750/1999 best 12.360
  step 1800/1999 best 12.505
  step 1850/1999 best 12.574
  step 1900/1999 best 12.543
  step 1950/1999 best 12.341
saved SBC_CHAINS_cnn_vmim__n1_jitter_seed_s1_sim920_row869783_noise6779_6958_7137 (240000, 4) acc=0.354
  step 0/1999 best -16.415
  step 50/1999 best -5.138
  step 100/1999 best -2.158
  step 150/1999 best 15.512
  step 200/1999 best 15.508
  step 250/1999 best 15.435
  step 300/1999 best 15.160
  step 350/1999 best 15.206
  step 400/1999 best 15.308
  step 450/1999 best 15.534
  step 500/1999 best 15.581
  step 550/1999 best 15.572
  step 600/1999 best 15.315
  step 650/1999 best 15.780
  step 700/1999 best 15.547
  step 750/1999 best 15.696
  step 800/1999 best 15.496
  step 850/1999 best 15.655
  step 900/1999 best 15.676
  step 950/1999 best 15.691
  step 1000/1999 best 15.799
  step 1050/1999 best 15.752
  step 1100/1999 best 15.646
  step 1150/1999 best 15.686
  step 1200/1999 best 15.678
  step 1250/1999 best 15.735
  step 1300/1999 best 15.530
  step 1350/1999 best 15.714
  step 1400/1999 best 15.471
  step 1450/1999 best 15.721
  step 1500/1999 best 15.737
  step 1550/1999 best 15.727
  step 1600/1999 best 15.733
  step 1650/1999 best 15.754
  step 1700/1999 best 15.715
  step 1750/1999 best 15.752
  step 1800/1999 best 15.758
  step 1850/1999 best 15.733
  step 1900/1999 best 15.740
  step 1950/1999 best 15.565
saved SBC_CHAINS_cnn_vmim__n1_jitter_seed_s1_sim334_row320027_noise9703_54_233 (240000, 4) acc=0.248
  step 0/1999 best -23.097
  step 50/1999 best -0.499
  step 100/1999 best 9.295
  step 150/1999 best 10.454
  step 200/1999 best 15.398
  step 250/1999 best 15.868
  step 300/1999 best 15.594
  step 350/1999 best 15.529
  step 400/1999 best 15.910
  step 450/1999 best 16.122
  step 500/1999 best 16.140
  step 550/1999 best 16.032
  step 600/1999 best 15.973
  step 650/1999 best 15.930
  step 700/1999 best 16.114
  step 750/1999 best 16.172
  step 800/1999 best 16.110
  step 850/1999 best 16.186
  step 900/1999 best 16.114
  step 950/1999 best 16.272
  step 1000/1999 best 16.221
  step 1050/1999 best 16.079
  step 1100/1999 best 16.151
  step 1150/1999 best 16.235
  step 1200/1999 best 16.260
  step 1250/1999 best 16.317
  step 1300/1999 best 16.186
  step 1350/1999 best 16.087
  step 1400/1999 best 16.245
  step 1450/1999 best 16.323
  step 1500/1999 best 16.178
  step 1550/1999 best 16.085
  step 1600/1999 best 16.189
  step 1650/1999 best 16.256
  step 1700/1999 best 15.973
  step 1750/1999 best 16.262
  step 1800/1999 best 16.215
  step 1850/1999 best 15.990
  step 1900/1999 best 16.240
  step 1950/1999 best 16.157
saved SBC_CHAINS_cnn_vmim__n1_jitter_seed_s1_sim344_row330917_noise937_1116_1295 (240000, 4) acc=0.213
  step 0/1999 best -18.079
  step 50/1999 best -3.215
  step 100/1999 best 9.251
  step 150/1999 best 8.099
  step 200/1999 best 11.411
  step 250/1999 best 11.615
  step 300/1999 best 12.156
  step 350/1999 best 12.068
  step 400/1999 best 12.478
  step 450/1999 best 12.689
  step 500/1999 best 12.682
  step 550/1999 best 12.780
  step 600/1999 best 12.656
  step 650/1999 best 12.712
  step 700/1999 best 12.590
  step 750/1999 best 12.614
  step 800/1999 best 12.604
  step 850/1999 best 12.763
  step 900/1999 best 12.832
  step 950/1999 best 12.647
  step 1000/1999 best 12.514
  step 1050/1999 best 12.617
  step 1100/1999 best 12.708
  step 1150/1999 best 12.683
  step 1200/1999 best 12.504
  step 1250/1999 best 12.771
  step 1300/1999 best 12.701
  step 1350/1999 best 12.529
  step 1400/1999 best 12.798
  step 1450/1999 best 12.493
  step 1500/1999 best 12.723
  step 1550/1999 best 12.759
  step 1600/1999 best 12.697
  step 1650/1999 best 12.693
  step 1700/1999 best 12.689
  step 1750/1999 best 12.577
  step 1800/1999 best 12.399
  step 1850/1999 best 12.732
  step 1900/1999 best 12.724
  step 1950/1999 best 12.713
saved SBC_CHAINS_cnn_vmim__n1_jitter_seed_s1_sim2593_row2192324_noise8560_8739_8918 (240000, 4) acc=0.153
  step 0/1999 best -14.062
  step 50/1999 best 1.860
  step 100/1999 best 15.028
  step 150/1999 best 15.098
  step 200/1999 best 15.346
  step 250/1999 best 15.546
  step 300/1999 best 15.376
  step 350/1999 best 15.578
  step 400/1999 best 15.548
  step 450/1999 best 15.620
  step 500/1999 best 15.659
  step 550/1999 best 15.625
  step 600/1999 best 15.603
  step 650/1999 best 15.647
  step 700/1999 best 15.670
  step 750/1999 best 15.486
  step 800/1999 best 15.580
  step 850/1999 best 15.720
  step 900/1999 best 15.540
  step 950/1999 best 15.714
  step 1000/1999 best 15.532
  step 1050/1999 best 15.659
  step 1100/1999 best 15.627
  step 1150/1999 best 15.582
  step 1200/1999 best 15.730
  step 1250/1999 best 15.506
  step 1300/1999 best 15.604
  step 1350/1999 best 15.671
  step 1400/1999 best 15.726
  step 1450/1999 best 15.506
  step 1500/1999 best 15.599
  step 1550/1999 best 15.722
  step 1600/1999 best 15.619
  step 1650/1999 best 15.677
  step 1700/1999 best 15.722
  step 1750/1999 best 15.517
  step 1800/1999 best 15.561
  step 1850/1999 best 15.611
  step 1900/1999 best 15.640
  step 1950/1999 best 15.645
saved SBC_CHAINS_cnn_vmim__n1_jitter_seed_s1_sim1214_row1032154_noise5310_5489_5668 (240000, 4) acc=0.249
  step 0/1999 best -19.083
  step 50/1999 best 8.933
  step 100/1999 best 9.972
  step 150/1999 best 9.999
  step 200/1999 best 9.846
  step 250/1999 best 10.115
  step 300/1999 best 10.208
  step 350/1999 best 10.007
  step 400/1999 best 10.218
  step 450/1999 best 10.261
  step 500/1999 best 10.106
  step 550/1999 best 10.175
  step 600/1999 best 10.232
  step 650/1999 best 10.215
  step 700/1999 best 10.273
  step 750/1999 best 10.273
  step 800/1999 best 10.150
  step 850/1999 best 10.201
  step 900/1999 best 10.240
  step 950/1999 best 10.168
  step 1000/1999 best 10.272
  step 1050/1999 best 10.093
  step 1100/1999 best 10.206
  step 1150/1999 best 10.146
  step 1200/1999 best 10.169
  step 1250/1999 best 10.197
  step 1300/1999 best 10.117
  step 1350/1999 best 10.162
  step 1400/1999 best 10.138
  step 1450/1999 best 10.144
  step 1500/1999 best 10.268
  step 1550/1999 best 10.140
  step 1600/1999 best 10.151
  step 1650/1999 best 10.236
  step 1700/1999 best 10.213
  step 1750/1999 best 10.253
  step 1800/1999 best 10.229
  step 1850/1999 best 10.296
  step 1900/1999 best 10.265
  step 1950/1999 best 10.150
saved SBC_CHAINS_cnn_vmim__n1_jitter_seed_s1_sim3104_row2699789_noise8969_9148_9327 (240000, 4) acc=0.340
  step 0/1999 best -13.442
  step 50/1999 best 4.081
  step 100/1999 best 8.763
  step 150/1999 best 8.992
  step 200/1999 best 9.880
  step 250/1999 best 8.921
  step 300/1999 best 11.853
  step 350/1999 best 12.864
  step 400/1999 best 12.969
  step 450/1999 best 12.789
  step 500/1999 best 12.941
  step 550/1999 best 12.794
  step 600/1999 best 12.866
  step 650/1999 best 12.942
  step 700/1999 best 12.892
  step 750/1999 best 12.978
  step 800/1999 best 12.914
  step 850/1999 best 12.963
  step 900/1999 best 12.857
  step 950/1999 best 12.945
  step 1000/1999 best 12.985
  step 1050/1999 best 12.888
  step 1100/1999 best 12.834
  step 1150/1999 best 13.035
  step 1200/1999 best 12.989
  step 1250/1999 best 12.840
  step 1300/1999 best 12.887
  step 1350/1999 best 12.861
  step 1400/1999 best 12.899
  step 1450/1999 best 13.005
  step 1500/1999 best 12.894
  step 1550/1999 best 12.836
  step 1600/1999 best 12.992
  step 1650/1999 best 12.966
  step 1700/1999 best 12.870
  step 1750/1999 best 12.652
  step 1800/1999 best 12.890
  step 1850/1999 best 12.884
  step 1900/1999 best 13.019
  step 1950/1999 best 12.889
saved SBC_CHAINS_cnn_vmim__n1_jitter_seed_s1_sim2599_row2198405_noise4813_4992_5171 (240000, 4) acc=0.150
  step 0/1999 best -15.073
  step 50/1999 best 2.985
  step 100/1999 best 8.384
  step 150/1999 best 7.755
  step 200/1999 best 12.359
  step 250/1999 best 15.624
  step 300/1999 best 15.579
  step 350/1999 best 15.439
  step 400/1999 best 15.992
  step 450/1999 best 15.562
  step 500/1999 best 15.812
  step 550/1999 best 16.017
  step 600/1999 best 16.007
  step 650/1999 best 15.927
  step 700/1999 best 16.228
  step 750/1999 best 16.087
  step 800/1999 best 16.165
  step 850/1999 best 15.905
  step 900/1999 best 15.989
  step 950/1999 best 16.179
  step 1000/1999 best 15.985
  step 1050/1999 best 16.153
  step 1100/1999 best 16.290
  step 1150/1999 best 16.221
  step 1200/1999 best 16.205
  step 1250/1999 best 16.232
  step 1300/1999 best 16.105
  step 1350/1999 best 16.179
  step 1400/1999 best 16.080
  step 1450/1999 best 16.093
  step 1500/1999 best 16.156
  step 1550/1999 best 16.088
  step 1600/1999 best 15.823
  step 1650/1999 best 16.192
  step 1700/1999 best 16.123
  step 1750/1999 best 16.107
  step 1800/1999 best 16.122
  step 1850/1999 best 16.204
  step 1900/1999 best 16.155
  step 1950/1999 best 16.063
saved SBC_CHAINS_cnn_vmim__n1_jitter_seed_s1_sim657_row610764_noise9116_9295_9474 (240000, 4) acc=0.145
  step 0/1999 best -12.660
  step 50/1999 best 11.879
  step 100/1999 best 13.152
  step 150/1999 best 15.966
  step 200/1999 best 16.125
  step 250/1999 best 16.370
  step 300/1999 best 16.077
  step 350/1999 best 15.697
  step 400/1999 best 16.210
  step 450/1999 best 16.195
  step 500/1999 best 15.964
  step 550/1999 best 16.213
  step 600/1999 best 16.318
  step 650/1999 best 16.334
  step 700/1999 best 16.209
  step 750/1999 best 16.314
  step 800/1999 best 16.337
  step 850/1999 best 16.182
  step 900/1999 best 16.178
  step 950/1999 best 16.263
  step 1000/1999 best 16.352
  step 1050/1999 best 16.258
  step 1100/1999 best 16.259
  step 1150/1999 best 16.243
  step 1200/1999 best 16.251
  step 1250/1999 best 16.361
  step 1300/1999 best 16.363
  step 1350/1999 best 16.205
  step 1400/1999 best 16.062
  step 1450/1999 best 16.335
  step 1500/1999 best 16.320
  step 1550/1999 best 16.225
  step 1600/1999 best 16.187
  step 1650/1999 best 16.059
  step 1700/1999 best 16.171
  step 1750/1999 best 16.331
  step 1800/1999 best 16.382
  step 1850/1999 best 16.262
  step 1900/1999 best 16.202
  step 1950/1999 best 16.323
saved SBC_CHAINS_cnn_vmim__n1_jitter_seed_s1_sim181_row172550_noise4646_4825_5004 (240000, 4) acc=0.191
  step 0/1999 best -17.673
  step 50/1999 best 1.911
  step 100/1999 best 8.902
  step 150/1999 best 10.475
  step 200/1999 best 10.840
  step 250/1999 best 10.859
  step 300/1999 best 10.785
  step 350/1999 best 10.826
  step 400/1999 best 10.875
  step 450/1999 best 10.970
  step 500/1999 best 10.836
  step 550/1999 best 10.846
  step 600/1999 best 10.782
  step 650/1999 best 10.836
  step 700/1999 best 10.810
  step 750/1999 best 10.842
  step 800/1999 best 10.785
  step 850/1999 best 10.762
  step 900/1999 best 10.848
  step 950/1999 best 10.815
  step 1000/1999 best 10.876
  step 1050/1999 best 10.824
  step 1100/1999 best 10.888
  step 1150/1999 best 10.844
  step 1200/1999 best 10.887
  step 1250/1999 best 10.957
  step 1300/1999 best 10.895
  step 1350/1999 best 10.850
  step 1400/1999 best 10.832
  step 1450/1999 best 10.952
  step 1500/1999 best 10.843
  step 1550/1999 best 10.903
  step 1600/1999 best 10.898
  step 1650/1999 best 10.823
  step 1700/1999 best 10.811
  step 1750/1999 best 10.848
  step 1800/1999 best 10.742
  step 1850/1999 best 10.949
  step 1900/1999 best 10.891
  step 1950/1999 best 10.831
saved SBC_CHAINS_cnn_vmim__n1_jitter_seed_s1_sim2401_row2000918_noise3886_4065_4244 (240000, 4) acc=0.406
  step 0/1999 best -20.800
  step 50/1999 best 7.219
  step 100/1999 best 11.795
  step 150/1999 best 12.205
  step 200/1999 best 12.314
  step 250/1999 best 12.334
  step 300/1999 best 12.283
  step 350/1999 best 12.221
  step 400/1999 best 12.354
  step 450/1999 best 12.318
  step 500/1999 best 12.300
  step 550/1999 best 12.190
  step 600/1999 best 12.337
  step 650/1999 best 12.361
  step 700/1999 best 12.321
  step 750/1999 best 12.171
  step 800/1999 best 12.344
  step 850/1999 best 12.289
  step 900/1999 best 12.208
  step 950/1999 best 12.340
  step 1000/1999 best 12.304
  step 1050/1999 best 12.111
  step 1100/1999 best 12.276
  step 1150/1999 best 12.303
  step 1200/1999 best 12.255
  step 1250/1999 best 12.293
  step 1300/1999 best 12.164
  step 1350/1999 best 12.326
  step 1400/1999 best 12.258
  step 1450/1999 best 12.252
  step 1500/1999 best 12.255
  step 1550/1999 best 12.184
  step 1600/1999 best 12.186
  step 1650/1999 best 12.211
  step 1700/1999 best 12.323
  step 1750/1999 best 12.252
  step 1800/1999 best 12.238
  step 1850/1999 best 12.313
  step 1900/1999 best 12.335
  step 1950/1999 best 12.229
saved SBC_CHAINS_cnn_vmim__n1_jitter_seed_s1_sim1309_row1118565_noise2441_2620_2799 (240000, 4) acc=0.399
  step 0/1999 best -16.541
  step 50/1999 best 13.304
  step 100/1999 best 14.090
  step 150/1999 best 14.650
  step 200/1999 best 14.692
  step 250/1999 best 14.571
  step 300/1999 best 14.613
  step 350/1999 best 14.652
  step 400/1999 best 14.634
  step 450/1999 best 14.553
  step 500/1999 best 14.421
  step 550/1999 best 14.601
  step 600/1999 best 14.549
  step 650/1999 best 14.498
  step 700/1999 best 14.705
  step 750/1999 best 14.655
  step 800/1999 best 14.582
  step 850/1999 best 14.576
  step 900/1999 best 14.509
  step 950/1999 best 14.532
  step 1000/1999 best 14.459
  step 1050/1999 best 14.647
  step 1100/1999 best 14.645
  step 1150/1999 best 14.633
  step 1200/1999 best 14.673
  step 1250/1999 best 14.548
  step 1300/1999 best 14.635
  step 1350/1999 best 14.580
  step 1400/1999 best 14.669
  step 1450/1999 best 14.693
  step 1500/1999 best 14.614
  step 1550/1999 best 14.562
  step 1600/1999 best 14.526
  step 1650/1999 best 14.681
  step 1700/1999 best 14.651
  step 1750/1999 best 14.704
  step 1800/1999 best 14.669
  step 1850/1999 best 14.621
  step 1900/1999 best 14.542
  step 1950/1999 best 14.598
saved SBC_CHAINS_cnn_vmim__n1_jitter_seed_s1_sim212_row198339_noise5951_6130_6309 (240000, 4) acc=0.299
  step 0/1999 best -14.126
  step 50/1999 best 11.929
  step 100/1999 best 11.664
  step 150/1999 best 13.545
  step 200/1999 best 14.108
  step 250/1999 best 14.085
  step 300/1999 best 14.620
  step 350/1999 best 14.514
  step 400/1999 best 14.536
  step 450/1999 best 14.305
  step 500/1999 best 14.555
  step 550/1999 best 14.588
  step 600/1999 best 14.391
  step 650/1999 best 14.461
  step 700/1999 best 14.587
  step 750/1999 best 14.277
  step 800/1999 best 14.517
  step 850/1999 best 14.326
  step 900/1999 best 14.415
  step 950/1999 best 14.517
  step 1000/1999 best 14.598
  step 1050/1999 best 14.465
  step 1100/1999 best 14.494
  step 1150/1999 best 14.546
  step 1200/1999 best 14.288
  step 1250/1999 best 14.593
  step 1300/1999 best 14.596
  step 1350/1999 best 14.577
  step 1400/1999 best 14.371
  step 1450/1999 best 14.569
  step 1500/1999 best 14.525
  step 1550/1999 best 14.579
  step 1600/1999 best 14.566
  step 1650/1999 best 14.614
  step 1700/1999 best 14.651
  step 1750/1999 best 14.608
  step 1800/1999 best 14.609
  step 1850/1999 best 14.555
  step 1900/1999 best 14.589
  step 1950/1999 best 14.401
saved SBC_CHAINS_cnn_vmim__n1_jitter_seed_s1_sim760_row709928_noise4172_4351_4530 (240000, 4) acc=0.275
  step 0/1999 best -22.145
  step 50/1999 best 0.454
  step 100/1999 best 9.089
  step 150/1999 best 9.450
  step 200/1999 best 9.605
  step 250/1999 best 9.605
  step 300/1999 best 9.605
  step 350/1999 best 10.187
  step 400/1999 best 9.887
  step 450/1999 best 9.887
  step 500/1999 best 9.623
  step 550/1999 best 10.195
  step 600/1999 best 11.998
  step 650/1999 best 11.769
  step 700/1999 best 12.574
  step 750/1999 best 12.574
  step 800/1999 best 11.170
  step 850/1999 best 11.360
  step 900/1999 best 11.620
  step 950/1999 best 11.231
  step 1000/1999 best 11.231
  step 1050/1999 best 12.685
  step 1100/1999 best 11.876
  step 1150/1999 best 11.960
  step 1200/1999 best 12.423
  step 1250/1999 best 12.164
  step 1300/1999 best 12.434
  step 1350/1999 best 12.640
  step 1400/1999 best 12.370
  step 1450/1999 best 12.555
  step 1500/1999 best 12.309
  step 1550/1999 best 12.418
  step 1600/1999 best 12.421
  step 1650/1999 best 11.969
  step 1700/1999 best 12.019
  step 1750/1999 best 12.363
  step 1800/1999 best 12.255
  step 1850/1999 best 12.042
  step 1900/1999 best 12.274
  step 1950/1999 best 12.558
saved SBC_CHAINS_cnn_vmim__n1_jitter_seed_s1_sim2512_row2111506_noise6366_6545_6724 (240000, 4) acc=0.138
  step 0/1999 best -15.035
  step 50/1999 best 15.229
  step 100/1999 best 15.418
  step 150/1999 best 13.941
  step 200/1999 best 15.135
  step 250/1999 best 15.644
  step 300/1999 best 16.012
  step 350/1999 best 15.492
  step 400/1999 best 15.651
  step 450/1999 best 15.899
  step 500/1999 best 15.773
  step 550/1999 best 16.004
  step 600/1999 best 15.881
  step 650/1999 best 15.856
  step 700/1999 best 15.888
  step 750/1999 best 15.851
  step 800/1999 best 15.759
  step 850/1999 best 16.012
  step 900/1999 best 15.815
  step 950/1999 best 15.824
  step 1000/1999 best 15.945
  step 1050/1999 best 15.795
  step 1100/1999 best 15.865
  step 1150/1999 best 15.854
  step 1200/1999 best 15.884
  step 1250/1999 best 15.964
  step 1300/1999 best 15.858
  step 1350/1999 best 15.775
  step 1400/1999 best 15.976
  step 1450/1999 best 15.877
  step 1500/1999 best 15.787
  step 1550/1999 best 15.941
  step 1600/1999 best 15.932
  step 1650/1999 best 15.788
  step 1700/1999 best 15.859
  step 1750/1999 best 15.822
  step 1800/1999 best 15.986
  step 1850/1999 best 15.836
  step 1900/1999 best 15.912
  step 1950/1999 best 15.623
saved SBC_CHAINS_cnn_vmim__n1_jitter_seed_s1_sim1762_row1515589_noise3377_3556_3735 (240000, 4) acc=0.216
  step 0/1999 best -21.804
  step 50/1999 best 3.427
  step 100/1999 best 12.148
  step 150/1999 best 12.148
  step 200/1999 best 11.847
  step 250/1999 best 11.966
  step 300/1999 best 13.488
  step 350/1999 best 14.418
  step 400/1999 best 14.276
  step 450/1999 best 14.163
  step 500/1999 best 14.475
  step 550/1999 best 14.510
  step 600/1999 best 14.494
  step 650/1999 best 14.209
  step 700/1999 best 14.042
  step 750/1999 best 14.436
  step 800/1999 best 14.445
  step 850/1999 best 14.296
  step 900/1999 best 14.319
  step 950/1999 best 14.495
  step 1000/1999 best 14.262
  step 1050/1999 best 14.316
  step 1100/1999 best 14.295
  step 1150/1999 best 14.358
  step 1200/1999 best 14.444
  step 1250/1999 best 14.169
  step 1300/1999 best 14.321
  step 1350/1999 best 14.380
  step 1400/1999 best 14.324
  step 1450/1999 best 14.314
  step 1500/1999 best 14.246
  step 1550/1999 best 14.524
  step 1600/1999 best 14.093
  step 1650/1999 best 14.303
  step 1700/1999 best 14.516
  step 1750/1999 best 14.332
  step 1800/1999 best 14.497
  step 1850/1999 best 14.338
  step 1900/1999 best 14.506
  step 1950/1999 best 14.265
saved SBC_CHAINS_cnn_vmim__n1_jitter_seed_s1_sim2451_row2050222_noise4050_4229_4408 (240000, 4) acc=0.120
  step 0/1999 best -8.327
  step 50/1999 best -1.350
  step 100/1999 best 12.273
  step 150/1999 best 11.864
  step 200/1999 best 13.685
  step 250/1999 best 13.628
  step 300/1999 best 14.057
  step 350/1999 best 14.296
  step 400/1999 best 14.160
  step 450/1999 best 14.340
  step 500/1999 best 14.516
  step 550/1999 best 14.008
  step 600/1999 best 14.263
  step 650/1999 best 13.690
  step 700/1999 best 14.681
  step 750/1999 best 14.427
  step 800/1999 best 14.309
  step 850/1999 best 14.427
  step 900/1999 best 14.670
  step 950/1999 best 14.528
  step 1000/1999 best 14.726
  step 1050/1999 best 14.593
  step 1100/1999 best 14.486
  step 1150/1999 best 14.318
  step 1200/1999 best 14.662
  step 1250/1999 best 14.726
  step 1300/1999 best 14.691
  step 1350/1999 best 14.749
  step 1400/1999 best 14.713
  step 1450/1999 best 14.311
  step 1500/1999 best 14.684
  step 1550/1999 best 14.542
  step 1600/1999 best 14.532
  step 1650/1999 best 14.661
  step 1700/1999 best 14.440
  step 1750/1999 best 14.345
  step 1800/1999 best 14.572
  step 1850/1999 best 14.716
  step 1900/1999 best 14.620
  step 1950/1999 best 14.603
saved SBC_CHAINS_cnn_vmim__n1_jitter_seed_s1_sim994_row943068_noise1440_1619_1798 (240000, 4) acc=0.237
  step 0/1999 best -18.072
  step 50/1999 best -3.285
  step 100/1999 best 3.253
  step 150/1999 best 6.532
  step 200/1999 best 11.571
  step 250/1999 best 14.286
  step 300/1999 best 13.277
  step 350/1999 best 14.762
  step 400/1999 best 14.780
  step 450/1999 best 14.951
  step 500/1999 best 14.667
  step 550/1999 best 14.994
  step 600/1999 best 14.638
  step 650/1999 best 14.945
  step 700/1999 best 14.748
  step 750/1999 best 14.853
  step 800/1999 best 14.884
  step 850/1999 best 15.008
  step 900/1999 best 14.882
  step 950/1999 best 14.853
  step 1000/1999 best 14.801
  step 1050/1999 best 14.870
  step 1100/1999 best 14.930
  step 1150/1999 best 14.678
  step 1200/1999 best 14.890
  step 1250/1999 best 14.951
  step 1300/1999 best 14.795
  step 1350/1999 best 14.826
  step 1400/1999 best 14.855
  step 1450/1999 best 14.977
  step 1500/1999 best 15.003
  step 1550/1999 best 14.966
  step 1600/1999 best 14.926
  step 1650/1999 best 14.897
  step 1700/1999 best 14.981
  step 1750/1999 best 14.912
  step 1800/1999 best 14.906
  step 1850/1999 best 14.931
  step 1900/1999 best 14.976
  step 1950/1999 best 14.894
saved SBC_CHAINS_cnn_vmim__n1_jitter_seed_s1_sim1546_row1323775_noise3779_3958_4137 (240000, 4) acc=0.265
  step 0/1999 best -12.435
  step 50/1999 best -0.698
  step 100/1999 best 9.918
  step 150/1999 best 11.613
  step 200/1999 best 12.726
  step 250/1999 best 12.863
  step 300/1999 best 12.672
  step 350/1999 best 12.804
  step 400/1999 best 12.816
  step 450/1999 best 12.941
  step 500/1999 best 12.765
  step 550/1999 best 12.813
  step 600/1999 best 12.666
  step 650/1999 best 12.940
  step 700/1999 best 12.943
  step 750/1999 best 12.919
  step 800/1999 best 12.815
  step 850/1999 best 12.874
  step 900/1999 best 12.708
  step 950/1999 best 12.906
  step 1000/1999 best 12.766
  step 1050/1999 best 12.922
  step 1100/1999 best 12.865
  step 1150/1999 best 12.732
  step 1200/1999 best 12.843
  step 1250/1999 best 12.926
  step 1300/1999 best 12.809
  step 1350/1999 best 12.889
  step 1400/1999 best 12.830
  step 1450/1999 best 12.803
  step 1500/1999 best 12.951
  step 1550/1999 best 12.845
  step 1600/1999 best 12.853
  step 1650/1999 best 12.866
  step 1700/1999 best 12.935
  step 1750/1999 best 12.878
  step 1800/1999 best 12.902
  step 1850/1999 best 12.863
  step 1900/1999 best 12.844
  step 1950/1999 best 12.918
saved SBC_CHAINS_cnn_vmim__n1_jitter_seed_s1_sim3075_row2670479_noise9143_9322_9501 (240000, 4) acc=0.238
  step 0/1999 best -10.654
  step 50/1999 best 5.295
  step 100/1999 best 14.834
  step 150/1999 best 15.602
  step 200/1999 best 15.044
  step 250/1999 best 15.413
  step 300/1999 best 15.425
  step 350/1999 best 15.565
  step 400/1999 best 15.776
  step 450/1999 best 15.746
  step 500/1999 best 15.503
  step 550/1999 best 15.801
  step 600/1999 best 15.689
  step 650/1999 best 15.852
  step 700/1999 best 15.720
  step 750/1999 best 15.844
  step 800/1999 best 15.775
  step 850/1999 best 15.807
  step 900/1999 best 15.788
  step 950/1999 best 15.692
  step 1000/1999 best 15.696
  step 1050/1999 best 15.798
  step 1100/1999 best 15.640
  step 1150/1999 best 15.713
  step 1200/1999 best 15.739
  step 1250/1999 best 15.685
  step 1300/1999 best 15.822
  step 1350/1999 best 15.764
  step 1400/1999 best 15.655
  step 1450/1999 best 15.749
  step 1500/1999 best 15.845
  step 1550/1999 best 15.821
  step 1600/1999 best 15.748
  step 1650/1999 best 15.666
  step 1700/1999 best 15.843
  step 1750/1999 best 15.827
  step 1800/1999 best 15.758
  step 1850/1999 best 15.781
  step 1900/1999 best 15.758
  step 1950/1999 best 15.901
saved SBC_CHAINS_cnn_vmim__n1_jitter_seed_s1_sim2079_row1689313_noise5605_5784_5963 (240000, 4) acc=0.294
  step 0/1999 best -17.631
  step 50/1999 best 0.892
  step 100/1999 best 4.872
  step 150/1999 best 9.438
  step 200/1999 best 12.252
  step 250/1999 best 12.052
  step 300/1999 best 12.719
  step 350/1999 best 12.560
  step 400/1999 best 12.509
  step 450/1999 best 12.616
  step 500/1999 best 12.574
  step 550/1999 best 12.692
  step 600/1999 best 12.628
  step 650/1999 best 12.624
  step 700/1999 best 12.544
  step 750/1999 best 12.583
  step 800/1999 best 12.653
  step 850/1999 best 12.410
  step 900/1999 best 12.551
  step 950/1999 best 12.758
  step 1000/1999 best 12.568
  step 1050/1999 best 12.729
  step 1100/1999 best 12.625
  step 1150/1999 best 12.619
  step 1200/1999 best 12.540
  step 1250/1999 best 12.655
  step 1300/1999 best 12.577
  step 1350/1999 best 12.703
  step 1400/1999 best 12.632
  step 1450/1999 best 12.610
  step 1500/1999 best 12.473
  step 1550/1999 best 12.663
  step 1600/1999 best 12.538
  step 1650/1999 best 12.706
  step 1700/1999 best 12.572
  step 1750/1999 best 12.651
  step 1800/1999 best 12.528
  step 1850/1999 best 12.611
  step 1900/1999 best 12.682
  step 1950/1999 best 12.691
saved SBC_CHAINS_cnn_vmim__n1_jitter_seed_s1_sim2624_row2223634_noise558_737_916 (240000, 4) acc=0.183
  step 0/1999 best -20.881
  step 50/1999 best 15.570
  step 100/1999 best 14.891
  step 150/1999 best 15.904
  step 200/1999 best 16.838
  step 250/1999 best 16.816
  step 300/1999 best 16.755
  step 350/1999 best 17.191
  step 400/1999 best 16.921
  step 450/1999 best 17.071
  step 500/1999 best 17.153
  step 550/1999 best 16.953
  step 600/1999 best 17.117
  step 650/1999 best 17.127
  step 700/1999 best 17.153
  step 750/1999 best 17.154
  step 800/1999 best 17.118
  step 850/1999 best 17.210
  step 900/1999 best 17.066
  step 950/1999 best 17.115
  step 1000/1999 best 17.085
  step 1050/1999 best 17.101
  step 1100/1999 best 16.986
  step 1150/1999 best 17.088
  step 1200/1999 best 17.235
  step 1250/1999 best 17.091
  step 1300/1999 best 17.091
  step 1350/1999 best 17.112
  step 1400/1999 best 17.161
  step 1450/1999 best 17.156
  step 1500/1999 best 17.130
  step 1550/1999 best 17.194
  step 1600/1999 best 17.160
  step 1650/1999 best 17.164
  step 1700/1999 best 17.095
  step 1750/1999 best 17.230
  step 1800/1999 best 17.151
  step 1850/1999 best 17.219
  step 1900/1999 best 17.043
  step 1950/1999 best 17.140
saved SBC_CHAINS_cnn_vmim__n1_jitter_seed_s1_sim1366_row1174264_noise172_351_530 (240000, 4) acc=0.299
  step 0/1999 best -15.494
  step 50/1999 best 8.623
  step 100/1999 best 11.923
  step 150/1999 best 10.015
  step 200/1999 best 10.745
  step 250/1999 best 15.078
  step 300/1999 best 14.807
  step 350/1999 best 16.153
  step 400/1999 best 16.206
  step 450/1999 best 15.886
  step 500/1999 best 16.124
  step 550/1999 best 16.183
  step 600/1999 best 16.327
  step 650/1999 best 16.428
  step 700/1999 best 16.348
  step 750/1999 best 16.274
  step 800/1999 best 16.387
  step 850/1999 best 16.325
  step 900/1999 best 16.259
  step 950/1999 best 16.390
  step 1000/1999 best 16.075
  step 1050/1999 best 16.172
  step 1100/1999 best 16.353
  step 1150/1999 best 16.367
  step 1200/1999 best 16.295
  step 1250/1999 best 16.427
  step 1300/1999 best 16.283
  step 1350/1999 best 16.401
  step 1400/1999 best 16.357
  step 1450/1999 best 16.272
  step 1500/1999 best 16.149
  step 1550/1999 best 16.326
  step 1600/1999 best 16.250
  step 1650/1999 best 16.256
  step 1700/1999 best 16.402
  step 1750/1999 best 16.281
  step 1800/1999 best 16.206
  step 1850/1999 best 16.248
  step 1900/1999 best 16.340
  step 1950/1999 best 16.342
saved SBC_CHAINS_cnn_vmim__n1_jitter_seed_s1_sim1971_row1582829_noise6229_6408_6587 (240000, 4) acc=0.264
  step 0/1999 best -16.176
  step 50/1999 best -1.780
  step 100/1999 best -1.780
  step 150/1999 best -2.548
  step 200/1999 best 7.314
  step 250/1999 best 7.314
  step 300/1999 best 8.359
  step 350/1999 best 7.939
  step 400/1999 best 7.939
  step 450/1999 best 7.939
  step 500/1999 best 7.939
  step 550/1999 best 9.560
  step 600/1999 best 9.560
  step 650/1999 best 9.708
  step 700/1999 best 10.292
  step 750/1999 best 12.125
  step 800/1999 best 11.964
  step 850/1999 best 13.353
  step 900/1999 best 13.936
  step 950/1999 best 13.932
  step 1000/1999 best 13.009
  step 1050/1999 best 14.358
  step 1100/1999 best 14.430
  step 1150/1999 best 14.925
  step 1200/1999 best 14.925
  step 1250/1999 best 14.925
  step 1300/1999 best 14.925
  step 1350/1999 best 14.944
  step 1400/1999 best 15.379
  step 1450/1999 best 14.939
  step 1500/1999 best 14.301
  step 1550/1999 best 15.305
  step 1600/1999 best 15.048
  step 1650/1999 best 15.297
  step 1700/1999 best 15.410
  step 1750/1999 best 15.488
  step 1800/1999 best 15.339
  step 1850/1999 best 15.530
  step 1900/1999 best 15.338
  step 1950/1999 best 15.424
saved SBC_CHAINS_cnn_vmim__n1_jitter_seed_s1_sim1186_row1004481_noise7121_7300_7479 (240000, 4) acc=0.191
  step 0/1999 best -15.226
  step 50/1999 best -0.007
  step 100/1999 best 10.723
  step 150/1999 best 14.959
  step 200/1999 best 15.957
  step 250/1999 best 16.000
  step 300/1999 best 16.016
  step 350/1999 best 16.234
  step 400/1999 best 16.174
  step 450/1999 best 16.350
  step 500/1999 best 16.164
  step 550/1999 best 16.251
  step 600/1999 best 16.172
  step 650/1999 best 16.256
  step 700/1999 best 16.158
  step 750/1999 best 16.146
  step 800/1999 best 16.261
  step 850/1999 best 16.351
  step 900/1999 best 16.256
  step 950/1999 best 16.303
  step 1000/1999 best 16.220
  step 1050/1999 best 16.328
  step 1100/1999 best 16.257
  step 1150/1999 best 16.275
  step 1200/1999 best 16.207
  step 1250/1999 best 16.223
  step 1300/1999 best 16.280
  step 1350/1999 best 16.280
  step 1400/1999 best 16.229
  step 1450/1999 best 16.271
  step 1500/1999 best 16.255
  step 1550/1999 best 16.319
  step 1600/1999 best 16.155
  step 1650/1999 best 16.307
  step 1700/1999 best 16.347
  step 1750/1999 best 16.323
  step 1800/1999 best 16.261
  step 1850/1999 best 16.310
  step 1900/1999 best 16.281
  step 1950/1999 best 16.287
saved SBC_CHAINS_cnn_vmim__n1_jitter_seed_s1_sim1924_row1535613_noise8153_8332_8511 (240000, 4) acc=0.390
  step 0/1999 best -18.064
  step 50/1999 best -5.685
  step 100/1999 best -6.152
  step 150/1999 best 1.393
  step 200/1999 best 2.361
  step 250/1999 best 3.621
  step 300/1999 best 4.626
  step 350/1999 best 7.530
  step 400/1999 best 11.526
  step 450/1999 best 11.943
  step 500/1999 best 13.163
  step 550/1999 best 12.582
  step 600/1999 best 12.631
  step 650/1999 best 12.636
  step 700/1999 best 13.347
  step 750/1999 best 13.429
  step 800/1999 best 13.301
  step 850/1999 best 13.265
  step 900/1999 best 13.066
  step 950/1999 best 12.833
  step 1000/1999 best 13.480
  step 1050/1999 best 13.371
  step 1100/1999 best 13.253
  step 1150/1999 best 13.320
  step 1200/1999 best 13.270
  step 1250/1999 best 13.212
  step 1300/1999 best 13.388
  step 1350/1999 best 13.412
  step 1400/1999 best 13.342
  step 1450/1999 best 13.308
  step 1500/1999 best 13.218
  step 1550/1999 best 13.201
  step 1600/1999 best 13.273
  step 1650/1999 best 13.351
  step 1700/1999 best 13.425
  step 1750/1999 best 13.313
  step 1800/1999 best 13.478
  step 1850/1999 best 13.326
  step 1900/1999 best 13.379
  step 1950/1999 best 13.314
saved SBC_CHAINS_cnn_vmim__n1_jitter_seed_s1_sim2625_row2224307_noise1231_1410_1589 (240000, 4) acc=0.155
  step 0/1999 best -1.654
  step 50/1999 best 4.981
  step 100/1999 best 10.013
  step 150/1999 best 10.849
  step 200/1999 best 10.859
  step 250/1999 best 10.932
  step 300/1999 best 10.893
  step 350/1999 best 10.875
  step 400/1999 best 10.808
  step 450/1999 best 10.775
  step 500/1999 best 10.480
  step 550/1999 best 10.873
  step 600/1999 best 10.908
  step 650/1999 best 10.709
  step 700/1999 best 10.932
  step 750/1999 best 10.867
  step 800/1999 best 10.599
  step 850/1999 best 10.945
  step 900/1999 best 10.906
  step 950/1999 best 10.762
  step 1000/1999 best 10.922
  step 1050/1999 best 10.776
  step 1100/1999 best 10.854
  step 1150/1999 best 10.564
  step 1200/1999 best 10.882
  step 1250/1999 best 10.830
  step 1300/1999 best 10.868
  step 1350/1999 best 10.854
  step 1400/1999 best 10.884
  step 1450/1999 best 10.789
  step 1500/1999 best 10.746
  step 1550/1999 best 10.873
  step 1600/1999 best 10.663
  step 1650/1999 best 10.887
  step 1700/1999 best 10.891
  step 1750/1999 best 10.694
  step 1800/1999 best 10.874
  step 1850/1999 best 10.761
  step 1900/1999 best 10.856
  step 1950/1999 best 10.769
saved SBC_CHAINS_cnn_vmim__n1_jitter_seed_s1_sim2936_row2531086_noise7342_7521_7700 (240000, 4) acc=0.260
  step 0/1999 best -14.923
  step 50/1999 best 3.148
  step 100/1999 best 5.064
  step 150/1999 best 6.473
  step 200/1999 best 12.216
  step 250/1999 best 11.043
  step 300/1999 best 12.264
  step 350/1999 best 12.326
  step 400/1999 best 12.510
  step 450/1999 best 12.652
  step 500/1999 best 12.532
  step 550/1999 best 12.652
  step 600/1999 best 12.398
  step 650/1999 best 12.611
  step 700/1999 best 12.486
  step 750/1999 best 12.370
  step 800/1999 best 12.423
  step 850/1999 best 12.638
  step 900/1999 best 12.578
  step 950/1999 best 12.469
  step 1000/1999 best 12.574
  step 1050/1999 best 12.740
  step 1100/1999 best 12.717
  step 1150/1999 best 12.509
  step 1200/1999 best 12.666
  step 1250/1999 best 12.734
  step 1300/1999 best 12.668
  step 1350/1999 best 12.558
  step 1400/1999 best 12.638
  step 1450/1999 best 12.490
  step 1500/1999 best 12.648
  step 1550/1999 best 12.524
  step 1600/1999 best 12.598
  step 1650/1999 best 12.676
  step 1700/1999 best 12.454
  step 1750/1999 best 12.618
  step 1800/1999 best 12.278
  step 1850/1999 best 12.657
  step 1900/1999 best 12.599
  step 1950/1999 best 12.509
saved SBC_CHAINS_cnn_vmim__n1_jitter_seed_s1_sim2539_row2138312_noise3688_3867_4046 (240000, 4) acc=0.142
  step 0/1999 best -12.224
  step 50/1999 best -2.490
  step 100/1999 best -1.643
  step 150/1999 best 5.468
  step 200/1999 best 11.900
  step 250/1999 best 11.662
  step 300/1999 best 12.810
  step 350/1999 best 15.727
  step 400/1999 best 15.932
  step 450/1999 best 15.876
  step 500/1999 best 15.356
  step 550/1999 best 15.798
  step 600/1999 best 15.631
  step 650/1999 best 15.832
  step 700/1999 best 15.950
  step 750/1999 best 15.806
  step 800/1999 best 15.630
  step 850/1999 best 15.712
  step 900/1999 best 15.769
  step 950/1999 best 15.530
  step 1000/1999 best 15.759
  step 1050/1999 best 15.668
  step 1100/1999 best 15.709
  step 1150/1999 best 15.686
  step 1200/1999 best 15.943
  step 1250/1999 best 15.956
  step 1300/1999 best 15.877
  step 1350/1999 best 15.861
  step 1400/1999 best 15.955
  step 1450/1999 best 15.771
  step 1500/1999 best 15.838
  step 1550/1999 best 15.864
  step 1600/1999 best 15.691
  step 1650/1999 best 15.851
  step 1700/1999 best 15.935
  step 1750/1999 best 15.756
  step 1800/1999 best 15.791
  step 1850/1999 best 15.740
  step 1900/1999 best 15.900
  step 1950/1999 best 15.567
saved SBC_CHAINS_cnn_vmim__n1_jitter_seed_s1_sim664_row617977_noise6501_6680_6859 (240000, 4) acc=0.164
  step 0/1999 best -14.141
  step 50/1999 best 5.941
  step 100/1999 best 12.396
  step 150/1999 best 13.270
  step 200/1999 best 15.250
  step 250/1999 best 14.995
  step 300/1999 best 15.755
  step 350/1999 best 15.749
  step 400/1999 best 15.670
  step 450/1999 best 15.737
  step 500/1999 best 15.575
  step 550/1999 best 15.777
  step 600/1999 best 15.770
  step 650/1999 best 15.711
  step 700/1999 best 15.643
  step 750/1999 best 15.365
  step 800/1999 best 15.701
  step 850/1999 best 15.719
  step 900/1999 best 15.628
  step 950/1999 best 15.639
  step 1000/1999 best 15.537
  step 1050/1999 best 15.765
  step 1100/1999 best 15.684
  step 1150/1999 best 15.703
  step 1200/1999 best 15.650
  step 1250/1999 best 15.702
  step 1300/1999 best 15.777
  step 1350/1999 best 15.752
  step 1400/1999 best 15.648
  step 1450/1999 best 15.728
  step 1500/1999 best 15.662
  step 1550/1999 best 15.675
  step 1600/1999 best 15.731
  step 1650/1999 best 15.790
  step 1700/1999 best 15.728
  step 1750/1999 best 15.641
  step 1800/1999 best 15.579
  step 1850/1999 best 15.674
  step 1900/1999 best 15.619
  step 1950/1999 best 15.740
saved SBC_CHAINS_cnn_vmim__n1_jitter_seed_s1_sim904_row853481_noise305_484_663 (240000, 4) acc=0.337
  step 0/1999 best -19.242
  step 50/1999 best 1.688
  step 100/1999 best 4.538
  step 150/1999 best 4.538
  step 200/1999 best 13.493
  step 250/1999 best 13.120
  step 300/1999 best 13.773
  step 350/1999 best 13.993
  step 400/1999 best 14.939
  step 450/1999 best 15.490
  step 500/1999 best 15.718
  step 550/1999 best 15.936
  step 600/1999 best 15.876
  step 650/1999 best 15.984
  step 700/1999 best 15.785
  step 750/1999 best 15.876
  step 800/1999 best 15.984
  step 850/1999 best 16.012
  step 900/1999 best 16.015
  step 950/1999 best 15.916
  step 1000/1999 best 16.132
  step 1050/1999 best 16.090
  step 1100/1999 best 16.055
  step 1150/1999 best 15.874
  step 1200/1999 best 16.158
  step 1250/1999 best 16.143
  step 1300/1999 best 15.915
  step 1350/1999 best 16.073
  step 1400/1999 best 16.173
  step 1450/1999 best 15.874
  step 1500/1999 best 15.945
  step 1550/1999 best 16.124
  step 1600/1999 best 16.061
  step 1650/1999 best 16.010
  step 1700/1999 best 16.106
  step 1750/1999 best 16.156
  step 1800/1999 best 16.143
  step 1850/1999 best 16.070
  step 1900/1999 best 16.153
  step 1950/1999 best 15.918
saved SBC_CHAINS_cnn_vmim__n1_jitter_seed_s1_sim256_row242258_noise730_909_1088 (240000, 4) acc=0.174
  step 0/1999 best -20.909
  step 50/1999 best -4.730
  step 100/1999 best -0.318
  step 150/1999 best 1.653
  step 200/1999 best 0.416
  step 250/1999 best 4.775
  step 300/1999 best 6.341
  step 350/1999 best 14.186
  step 400/1999 best 13.354
  step 450/1999 best 12.781
  step 500/1999 best 12.754
  step 550/1999 best 12.966
  step 600/1999 best 15.423
  step 650/1999 best 15.073
  step 700/1999 best 16.512
  step 750/1999 best 16.822
  step 800/1999 best 16.150
  step 850/1999 best 16.959
  step 900/1999 best 16.840
  step 950/1999 best 17.007
  step 1000/1999 best 16.872
  step 1050/1999 best 17.020
  step 1100/1999 best 16.857
  step 1150/1999 best 16.480
  step 1200/1999 best 16.795
  step 1250/1999 best 16.800
  step 1300/1999 best 16.734
  step 1350/1999 best 16.978
  step 1400/1999 best 16.932
  step 1450/1999 best 16.913
  step 1500/1999 best 16.745
  step 1550/1999 best 16.648
  step 1600/1999 best 16.996
  step 1650/1999 best 16.979
  step 1700/1999 best 16.718
  step 1750/1999 best 16.636
  step 1800/1999 best 16.902
  step 1850/1999 best 17.076
  step 1900/1999 best 16.806
  step 1950/1999 best 17.052
saved SBC_CHAINS_cnn_vmim__n1_jitter_seed_s1_sim105_row104945_noise7665_7844_8023 (240000, 4) acc=0.135
  step 0/1999 best -21.794
  step 50/1999 best 0.889
  step 100/1999 best 5.885
  step 150/1999 best 14.466
  step 200/1999 best 15.165
  step 250/1999 best 15.531
  step 300/1999 best 15.188
  step 350/1999 best 15.570
  step 400/1999 best 15.553
  step 450/1999 best 15.562
  step 500/1999 best 15.512
  step 550/1999 best 15.339
  step 600/1999 best 15.366
  step 650/1999 best 15.501
  step 700/1999 best 15.493
  step 750/1999 best 15.534
  step 800/1999 best 15.478
  step 850/1999 best 15.583
  step 900/1999 best 15.513
  step 950/1999 best 15.390
  step 1000/1999 best 15.529
  step 1050/1999 best 15.497
  step 1100/1999 best 15.644
  step 1150/1999 best 15.655
  step 1200/1999 best 15.342
  step 1250/1999 best 15.612
  step 1300/1999 best 15.559
  step 1350/1999 best 15.523
  step 1400/1999 best 15.460
  step 1450/1999 best 15.349
  step 1500/1999 best 15.516
  step 1550/1999 best 15.494
  step 1600/1999 best 15.590
  step 1650/1999 best 15.607
  step 1700/1999 best 15.590
  step 1750/1999 best 15.527
  step 1800/1999 best 15.436
  step 1850/1999 best 15.490
  step 1900/1999 best 15.627
  step 1950/1999 best 15.537
saved SBC_CHAINS_cnn_vmim__n1_jitter_seed_s1_sim1369_row1177022_noise2930_3109_3288 (240000, 4) acc=0.281
  step 0/1999 best -28.696
  step 50/1999 best -5.652
  step 100/1999 best -2.949
  step 150/1999 best -2.526
  step 200/1999 best -1.959
  step 250/1999 best -1.912
  step 300/1999 best 1.306
  step 350/1999 best 0.845
  step 400/1999 best 3.799
  step 450/1999 best 3.076
  step 500/1999 best 3.530
  step 550/1999 best 11.783
  step 600/1999 best 15.285
  step 650/1999 best 15.285
  step 700/1999 best 15.285
  step 750/1999 best 14.781
  step 800/1999 best 14.878
  step 850/1999 best 14.442
  step 900/1999 best 14.569
  step 950/1999 best 14.277
  step 1000/1999 best 14.848
  step 1050/1999 best 14.932
  step 1100/1999 best 15.235
  step 1150/1999 best 14.948
  step 1200/1999 best 15.100
  step 1250/1999 best 15.057
  step 1300/1999 best 15.291
  step 1350/1999 best 15.311
  step 1400/1999 best 15.166
  step 1450/1999 best 15.218
  step 1500/1999 best 15.238
  step 1550/1999 best 15.312
  step 1600/1999 best 15.192
  step 1650/1999 best 15.150
  step 1700/1999 best 15.245
  step 1750/1999 best 15.241
  step 1800/1999 best 15.369
  step 1850/1999 best 15.284
  step 1900/1999 best 15.122
  step 1950/1999 best 15.317
saved SBC_CHAINS_cnn_vmim__n1_jitter_seed_s1_sim639_row592229_noise409_588_767 (240000, 4) acc=0.122
  step 0/1999 best -20.511
  step 50/1999 best -3.506
  step 100/1999 best 4.653
  step 150/1999 best 9.025
  step 200/1999 best 9.765
  step 250/1999 best 9.702
  step 300/1999 best 10.416
  step 350/1999 best 10.386
  step 400/1999 best 10.734
  step 450/1999 best 10.570
  step 500/1999 best 10.764
  step 550/1999 best 10.915
  step 600/1999 best 10.501
  step 650/1999 best 10.998
  step 700/1999 best 10.667
  step 750/1999 best 10.806
  step 800/1999 best 10.970
  step 850/1999 best 10.930
  step 900/1999 best 11.076
  step 950/1999 best 10.835
  step 1000/1999 best 11.014
  step 1050/1999 best 10.860
  step 1100/1999 best 10.896
  step 1150/1999 best 10.942
  step 1200/1999 best 11.091
  step 1250/1999 best 10.776
  step 1300/1999 best 11.025
  step 1350/1999 best 10.979
  step 1400/1999 best 11.047
  step 1450/1999 best 10.904
  step 1500/1999 best 11.020
  step 1550/1999 best 10.990
  step 1600/1999 best 10.917
  step 1650/1999 best 10.854
  step 1700/1999 best 10.953
  step 1750/1999 best 11.011
  step 1800/1999 best 11.041
  step 1850/1999 best 11.014
  step 1900/1999 best 10.853
  step 1950/1999 best 10.947
saved SBC_CHAINS_cnn_vmim__n1_jitter_seed_s1_sim3091_row2686657_noise5665_5844_6023 (240000, 4) acc=0.158
  step 0/1999 best -19.718
  step 50/1999 best 15.231
  step 100/1999 best 15.559
  step 150/1999 best 17.120
  step 200/1999 best 16.959
  step 250/1999 best 16.878
  step 300/1999 best 17.053
  step 350/1999 best 17.048
  step 400/1999 best 16.987
  step 450/1999 best 17.020
  step 500/1999 best 16.987
  step 550/1999 best 17.007
  step 600/1999 best 17.134
  step 650/1999 best 16.834
  step 700/1999 best 16.936
  step 750/1999 best 17.154
  step 800/1999 best 17.113
  step 850/1999 best 17.154
  step 900/1999 best 17.088
  step 950/1999 best 17.129
  step 1000/1999 best 16.919
  step 1050/1999 best 17.105
  step 1100/1999 best 17.046
  step 1150/1999 best 17.101
  step 1200/1999 best 17.170
  step 1250/1999 best 17.030
  step 1300/1999 best 17.090
  step 1350/1999 best 16.907
  step 1400/1999 best 16.919
  step 1450/1999 best 17.113
  step 1500/1999 best 17.108
  step 1550/1999 best 17.192
  step 1600/1999 best 17.054
  step 1650/1999 best 17.191
  step 1700/1999 best 17.146
  step 1750/1999 best 16.956
  step 1800/1999 best 17.158
  step 1850/1999 best 17.037
  step 1900/1999 best 17.161
  step 1950/1999 best 17.182
saved SBC_CHAINS_cnn_vmim__n1_jitter_seed_s1_sim1365_row1173296_noise9032_9211_9390 (240000, 4) acc=0.320
  step 0/1999 best -21.377
  step 50/1999 best 0.711
  step 100/1999 best 0.711
  step 150/1999 best 2.231
  step 200/1999 best -1.160
  step 250/1999 best -0.215
  step 300/1999 best 0.878
  step 350/1999 best 1.911
  step 400/1999 best 4.917
  step 450/1999 best 5.212
  step 500/1999 best 10.477
  step 550/1999 best 13.295
  step 600/1999 best 14.335
  step 650/1999 best 14.694
  step 700/1999 best 14.345
  step 750/1999 best 15.491
  step 800/1999 best 15.333
  step 850/1999 best 15.485
  step 900/1999 best 15.819
  step 950/1999 best 15.900
  step 1000/1999 best 15.542
  step 1050/1999 best 15.995
  step 1100/1999 best 15.872
  step 1150/1999 best 15.834
  step 1200/1999 best 15.869
  step 1250/1999 best 15.615
  step 1300/1999 best 15.977
  step 1350/1999 best 15.942
  step 1400/1999 best 15.774
  step 1450/1999 best 16.003
  step 1500/1999 best 15.913
  step 1550/1999 best 15.989
  step 1600/1999 best 15.999
  step 1650/1999 best 15.764
  step 1700/1999 best 15.819
  step 1750/1999 best 16.000
  step 1800/1999 best 15.776
  step 1850/1999 best 15.850
  step 1900/1999 best 15.877
  step 1950/1999 best 15.987
saved SBC_CHAINS_cnn_vmim__n1_jitter_seed_s1_sim93_row92817_noise5365_5544_5723 (240000, 4) acc=0.147
  step 0/1999 best -20.731
  step 50/1999 best -3.593
  step 100/1999 best 5.972
  step 150/1999 best 11.011
  step 200/1999 best 11.522
  step 250/1999 best 12.031
  step 300/1999 best 12.073
  step 350/1999 best 12.129
  step 400/1999 best 12.028
  step 450/1999 best 12.209
  step 500/1999 best 12.166
  step 550/1999 best 12.155
  step 600/1999 best 12.099
  step 650/1999 best 12.237
  step 700/1999 best 12.073
  step 750/1999 best 12.218
  step 800/1999 best 12.235
  step 850/1999 best 12.159
  step 900/1999 best 12.234
  step 950/1999 best 12.082
  step 1000/1999 best 12.168
  step 1050/1999 best 12.137
  step 1100/1999 best 12.213
  step 1150/1999 best 12.089
  step 1200/1999 best 12.111
  step 1250/1999 best 12.118
  step 1300/1999 best 12.056
  step 1350/1999 best 12.116
  step 1400/1999 best 12.064
  step 1450/1999 best 12.216
  step 1500/1999 best 12.170
  step 1550/1999 best 12.083
  step 1600/1999 best 12.120
  step 1650/1999 best 12.199
  step 1700/1999 best 12.171
  step 1750/1999 best 12.134
  step 1800/1999 best 12.198
  step 1850/1999 best 12.146
  step 1900/1999 best 12.042
  step 1950/1999 best 12.089
saved SBC_CHAINS_cnn_vmim__n1_jitter_seed_s1_sim2834_row2429643_noise4179_4358_4537 (240000, 4) acc=0.245
  step 0/1999 best -8.499
  step 50/1999 best -4.375
  step 100/1999 best -3.580
  step 150/1999 best 8.178
  step 200/1999 best 9.191
  step 250/1999 best 8.690
  step 300/1999 best 9.458
  step 350/1999 best 12.087
  step 400/1999 best 14.075
  step 450/1999 best 14.075
  step 500/1999 best 14.075
  step 550/1999 best 14.357
  step 600/1999 best 14.837
  step 650/1999 best 14.399
  step 700/1999 best 15.258
  step 750/1999 best 15.411
  step 800/1999 best 15.260
  step 850/1999 best 15.560
  step 900/1999 best 16.079
  step 950/1999 best 15.564
  step 1000/1999 best 15.979
  step 1050/1999 best 15.652
  step 1100/1999 best 15.867
  step 1150/1999 best 16.241
  step 1200/1999 best 16.115
  step 1250/1999 best 16.074
  step 1300/1999 best 16.098
  step 1350/1999 best 16.117
  step 1400/1999 best 16.033
  step 1450/1999 best 16.114
  step 1500/1999 best 15.777
  step 1550/1999 best 16.192
  step 1600/1999 best 16.237
  step 1650/1999 best 16.178
  step 1700/1999 best 16.079
  step 1750/1999 best 15.836
  step 1800/1999 best 16.034
  step 1850/1999 best 16.155
  step 1900/1999 best 16.091
  step 1950/1999 best 16.010
saved SBC_CHAINS_cnn_vmim__n1_jitter_seed_s1_sim436_row414441_noise4009_4188_4367 (240000, 4) acc=0.251
  step 0/1999 best -11.286
  step 50/1999 best -2.613
  step 100/1999 best 9.278
  step 150/1999 best 9.611
  step 200/1999 best 14.592
  step 250/1999 best 13.930
  step 300/1999 best 14.449
  step 350/1999 best 15.600
  step 400/1999 best 15.672
  step 450/1999 best 15.310
  step 500/1999 best 15.684
  step 550/1999 best 15.422
  step 600/1999 best 15.646
  step 650/1999 best 15.683
  step 700/1999 best 15.502
  step 750/1999 best 15.816
  step 800/1999 best 15.688
  step 850/1999 best 15.577
  step 900/1999 best 15.761
  step 950/1999 best 15.632
  step 1000/1999 best 15.666
  step 1050/1999 best 15.733
  step 1100/1999 best 15.535
  step 1150/1999 best 15.614
  step 1200/1999 best 15.750
  step 1250/1999 best 15.647
  step 1300/1999 best 15.841
  step 1350/1999 best 15.797
  step 1400/1999 best 15.796
  step 1450/1999 best 15.759
  step 1500/1999 best 15.702
  step 1550/1999 best 15.688
  step 1600/1999 best 15.759
  step 1650/1999 best 15.787
  step 1700/1999 best 15.704
  step 1750/1999 best 15.581
  step 1800/1999 best 15.551
  step 1850/1999 best 15.713
  step 1900/1999 best 15.721
  step 1950/1999 best 15.754
saved SBC_CHAINS_cnn_vmim__n1_jitter_seed_s1_sim663_row616123_noise4647_4826_5005 (240000, 4) acc=0.147
  step 0/1999 best -21.233
  step 50/1999 best -4.880
  step 100/1999 best -4.354
  step 150/1999 best 11.636
  step 200/1999 best 13.700
  step 250/1999 best 13.686
  step 300/1999 best 13.701
  step 350/1999 best 13.825
  step 400/1999 best 13.969
  step 450/1999 best 13.655
  step 500/1999 best 13.840
  step 550/1999 best 14.049
  step 600/1999 best 13.275
  step 650/1999 best 13.282
  step 700/1999 best 13.895
  step 750/1999 best 13.925
  step 800/1999 best 13.976
  step 850/1999 best 13.834
  step 900/1999 best 13.942
  step 950/1999 best 13.951
  step 1000/1999 best 13.682
  step 1050/1999 best 13.663
  step 1100/1999 best 13.923
  step 1150/1999 best 13.950
  step 1200/1999 best 14.021
  step 1250/1999 best 13.841
  step 1300/1999 best 13.806
  step 1350/1999 best 14.044
  step 1400/1999 best 13.707
  step 1450/1999 best 13.962
  step 1500/1999 best 13.708
  step 1550/1999 best 13.934
  step 1600/1999 best 13.840
  step 1650/1999 best 13.878
  step 1700/1999 best 13.945
  step 1750/1999 best 13.729
  step 1800/1999 best 13.738
  step 1850/1999 best 13.867
  step 1900/1999 best 13.901
  step 1950/1999 best 14.011
saved SBC_CHAINS_cnn_vmim__n1_jitter_seed_s1_sim2523_row2122485_noise7517_7696_7875 (240000, 4) acc=0.136
