[stage3] arm=cnn_vmim_/n1/seed_s2  nle=/gscratch/ddehiwalage-don/sbi_master/cnn_vmim_/n1/seed_s2/nle
[NLE] scope=standard_t family=nsf loaded from /gscratch/ddehiwalage-don/sbi_master/cnn_vmim_/n1/seed_s2/nle/standard_t/nsf
targets this task: 151 | family=standard_t_nsf | chains -> /gscratch/ddehiwalage-don/sbi_master/cnn_vmim_/n1/seed_s2/chains/standard_t_nsf
  step 0/1999 best -18.275
  step 50/1999 best 10.049
  step 100/1999 best 12.501
  step 150/1999 best 13.714
  step 200/1999 best 13.883
  step 250/1999 best 13.990
  step 300/1999 best 13.827
  step 350/1999 best 13.842
  step 400/1999 best 13.731
  step 450/1999 best 14.016
  step 500/1999 best 13.985
  step 550/1999 best 14.003
  step 600/1999 best 13.873
  step 650/1999 best 14.023
  step 700/1999 best 14.001
  step 750/1999 best 13.894
  step 800/1999 best 14.010
  step 850/1999 best 13.933
  step 900/1999 best 14.030
  step 950/1999 best 13.976
  step 1000/1999 best 14.016
  step 1050/1999 best 14.019
  step 1100/1999 best 14.069
  step 1150/1999 best 13.892
  step 1200/1999 best 13.922
  step 1250/1999 best 13.973
  step 1300/1999 best 14.008
  step 1350/1999 best 13.981
  step 1400/1999 best 13.866
  step 1450/1999 best 14.051
  step 1500/1999 best 13.963
  step 1550/1999 best 14.102
  step 1600/1999 best 14.066
  step 1650/1999 best 13.993
  step 1700/1999 best 13.912
  step 1750/1999 best 13.953
  step 1800/1999 best 14.030
  step 1850/1999 best 13.936
  step 1900/1999 best 14.031
  step 1950/1999 best 14.082
saved SBC_CHAINS_cnn_vmim__n1_seed_s2_sim1927_row1538092_noise804_983_1162 (240000, 4) acc=0.256
  step 0/1999 best -20.821
  step 50/1999 best 4.256
  step 100/1999 best 5.378
  step 150/1999 best 7.089
  step 200/1999 best 7.631
  step 250/1999 best 10.365
  step 300/1999 best 12.021
  step 350/1999 best 13.417
  step 400/1999 best 13.194
  step 450/1999 best 13.494
  step 500/1999 best 13.487
  step 550/1999 best 13.499
  step 600/1999 best 13.502
  step 650/1999 best 13.455
  step 700/1999 best 13.286
  step 750/1999 best 13.506
  step 800/1999 best 13.323
  step 850/1999 best 13.323
  step 900/1999 best 13.617
  step 950/1999 best 13.501
  step 1000/1999 best 13.665
  step 1050/1999 best 13.426
  step 1100/1999 best 13.565
  step 1150/1999 best 13.593
  step 1200/1999 best 13.602
  step 1250/1999 best 13.539
  step 1300/1999 best 13.451
  step 1350/1999 best 13.664
  step 1400/1999 best 13.533
  step 1450/1999 best 13.598
  step 1500/1999 best 13.537
  step 1550/1999 best 13.600
  step 1600/1999 best 13.650
  step 1650/1999 best 13.493
  step 1700/1999 best 13.601
  step 1750/1999 best 13.525
  step 1800/1999 best 13.646
  step 1850/1999 best 13.699
  step 1900/1999 best 13.616
  step 1950/1999 best 13.637
saved SBC_CHAINS_cnn_vmim__n1_seed_s2_sim205_row191377_noise8817_8996_9175 (240000, 4) acc=0.186
  step 0/1999 best -19.814
  step 50/1999 best 0.781
  step 100/1999 best 6.479
  step 150/1999 best 10.504
  step 200/1999 best 13.200
  step 250/1999 best 15.229
  step 300/1999 best 16.016
  step 350/1999 best 15.773
  step 400/1999 best 15.800
  step 450/1999 best 16.103
  step 500/1999 best 15.820
  step 550/1999 best 15.819
  step 600/1999 best 16.099
  step 650/1999 best 16.044
  step 700/1999 best 15.949
  step 750/1999 best 16.074
  step 800/1999 best 15.969
  step 850/1999 best 15.983
  step 900/1999 best 16.091
  step 950/1999 best 15.856
  step 1000/1999 best 16.080
  step 1050/1999 best 16.074
  step 1100/1999 best 16.035
  step 1150/1999 best 16.018
  step 1200/1999 best 16.056
  step 1250/1999 best 16.034
  step 1300/1999 best 15.835
  step 1350/1999 best 15.990
  step 1400/1999 best 16.088
  step 1450/1999 best 16.007
  step 1500/1999 best 15.986
  step 1550/1999 best 15.917
  step 1600/1999 best 16.064
  step 1650/1999 best 16.078
  step 1700/1999 best 16.018
  step 1750/1999 best 15.833
  step 1800/1999 best 16.088
  step 1850/1999 best 16.049
  step 1900/1999 best 16.072
  step 1950/1999 best 16.062
saved SBC_CHAINS_cnn_vmim__n1_seed_s2_sim2997_row2592272_noise9560_9739_90 (240000, 4) acc=0.372
  step 0/1999 best -21.791
  step 50/1999 best 13.970
  step 100/1999 best 13.957
  step 150/1999 best 15.233
  step 200/1999 best 15.517
  step 250/1999 best 15.402
  step 300/1999 best 15.552
  step 350/1999 best 15.653
  step 400/1999 best 15.580
  step 450/1999 best 15.645
  step 500/1999 best 15.637
  step 550/1999 best 15.541
  step 600/1999 best 15.571
  step 650/1999 best 15.347
  step 700/1999 best 15.381
  step 750/1999 best 15.423
  step 800/1999 best 15.663
  step 850/1999 best 15.624
  step 900/1999 best 15.588
  step 950/1999 best 15.704
  step 1000/1999 best 15.617
  step 1050/1999 best 15.467
  step 1100/1999 best 15.662
  step 1150/1999 best 15.654
  step 1200/1999 best 15.668
  step 1250/1999 best 15.675
  step 1300/1999 best 15.684
  step 1350/1999 best 15.455
  step 1400/1999 best 15.628
  step 1450/1999 best 15.492
  step 1500/1999 best 15.413
  step 1550/1999 best 15.555
  step 1600/1999 best 15.594
  step 1650/1999 best 15.609
  step 1700/1999 best 15.619
  step 1750/1999 best 15.548
  step 1800/1999 best 15.556
  step 1850/1999 best 15.671
  step 1900/1999 best 15.645
  step 1950/1999 best 15.598
saved SBC_CHAINS_cnn_vmim__n1_seed_s2_sim824_row773495_noise8771_8950_9129 (240000, 4) acc=0.326
  step 0/1999 best -13.636
  step 50/1999 best 0.935
  step 100/1999 best 5.088
  step 150/1999 best 11.693
  step 200/1999 best 12.142
  step 250/1999 best 14.695
  step 300/1999 best 17.076
  step 350/1999 best 17.066
  step 400/1999 best 16.972
  step 450/1999 best 17.510
  step 500/1999 best 17.700
  step 550/1999 best 17.326
  step 600/1999 best 17.645
  step 650/1999 best 17.625
  step 700/1999 best 17.602
  step 750/1999 best 17.754
  step 800/1999 best 17.510
  step 850/1999 best 17.602
  step 900/1999 best 17.585
  step 950/1999 best 17.776
  step 1000/1999 best 17.657
  step 1050/1999 best 17.732
  step 1100/1999 best 17.773
  step 1150/1999 best 17.520
  step 1200/1999 best 17.662
  step 1250/1999 best 17.729
  step 1300/1999 best 17.728
  step 1350/1999 best 17.659
  step 1400/1999 best 17.713
  step 1450/1999 best 17.708
  step 1500/1999 best 17.744
  step 1550/1999 best 17.638
  step 1600/1999 best 17.636
  step 1650/1999 best 17.807
  step 1700/1999 best 17.778
  step 1750/1999 best 17.708
  step 1800/1999 best 17.589
  step 1850/1999 best 17.524
  step 1900/1999 best 17.772
  step 1950/1999 best 17.788
saved SBC_CHAINS_cnn_vmim__n1_seed_s2_sim1196_row1014470_noise7282_7461_7640 (240000, 4) acc=0.270
  step 0/1999 best -7.844
  step 50/1999 best 7.504
  step 100/1999 best 13.439
  step 150/1999 best 14.178
  step 200/1999 best 14.880
  step 250/1999 best 14.637
  step 300/1999 best 14.854
  step 350/1999 best 14.914
  step 400/1999 best 14.707
  step 450/1999 best 14.836
  step 500/1999 best 14.858
  step 550/1999 best 14.613
  step 600/1999 best 14.908
  step 650/1999 best 14.796
  step 700/1999 best 14.766
  step 750/1999 best 14.885
  step 800/1999 best 14.753
  step 850/1999 best 14.826
  step 900/1999 best 14.726
  step 950/1999 best 14.801
  step 1000/1999 best 14.704
  step 1050/1999 best 14.712
  step 1100/1999 best 14.821
  step 1150/1999 best 14.743
  step 1200/1999 best 14.754
  step 1250/1999 best 14.579
  step 1300/1999 best 14.616
  step 1350/1999 best 14.723
  step 1400/1999 best 14.828
  step 1450/1999 best 14.698
  step 1500/1999 best 14.857
  step 1550/1999 best 14.845
  step 1600/1999 best 14.843
  step 1650/1999 best 14.843
  step 1700/1999 best 14.889
  step 1750/1999 best 14.798
  step 1800/1999 best 14.722
  step 1850/1999 best 14.860
  step 1900/1999 best 14.743
  step 1950/1999 best 14.609
saved SBC_CHAINS_cnn_vmim__n1_seed_s2_sim1928_row1539060_noise1772_1951_2130 (240000, 4) acc=0.232
  step 0/1999 best -12.565
  step 50/1999 best 0.093
  step 100/1999 best 7.555
  step 150/1999 best 11.873
  step 200/1999 best 13.705
  step 250/1999 best 14.078
  step 300/1999 best 14.452
  step 350/1999 best 14.792
  step 400/1999 best 14.759
  step 450/1999 best 14.601
  step 500/1999 best 14.878
  step 550/1999 best 14.731
  step 600/1999 best 14.856
  step 650/1999 best 14.390
  step 700/1999 best 14.693
  step 750/1999 best 14.779
  step 800/1999 best 14.629
  step 850/1999 best 14.471
  step 900/1999 best 14.562
  step 950/1999 best 14.803
  step 1000/1999 best 14.716
  step 1050/1999 best 14.758
  step 1100/1999 best 14.735
  step 1150/1999 best 14.756
  step 1200/1999 best 14.780
  step 1250/1999 best 14.824
  step 1300/1999 best 14.537
  step 1350/1999 best 14.642
  step 1400/1999 best 14.734
  step 1450/1999 best 14.770
  step 1500/1999 best 14.763
  step 1550/1999 best 14.724
  step 1600/1999 best 14.864
  step 1650/1999 best 14.842
  step 1700/1999 best 14.802
  step 1750/1999 best 14.886
  step 1800/1999 best 14.867
  step 1850/1999 best 14.816
  step 1900/1999 best 14.721
  step 1950/1999 best 14.812
saved SBC_CHAINS_cnn_vmim__n1_seed_s2_sim675_row626742_noise7438_7617_7796 (240000, 4) acc=0.205
  step 0/1999 best -25.211
  step 50/1999 best -2.761
  step 100/1999 best 3.992
  step 150/1999 best 10.972
  step 200/1999 best 10.970
  step 250/1999 best 11.388
  step 300/1999 best 11.466
  step 350/1999 best 11.338
  step 400/1999 best 11.460
  step 450/1999 best 11.214
  step 500/1999 best 11.343
  step 550/1999 best 11.189
  step 600/1999 best 11.399
  step 650/1999 best 11.570
  step 700/1999 best 11.481
  step 750/1999 best 11.376
  step 800/1999 best 11.498
  step 850/1999 best 11.522
  step 900/1999 best 11.423
  step 950/1999 best 11.444
  step 1000/1999 best 11.445
  step 1050/1999 best 11.433
  step 1100/1999 best 11.412
  step 1150/1999 best 11.498
  step 1200/1999 best 11.393
  step 1250/1999 best 11.499
  step 1300/1999 best 11.321
  step 1350/1999 best 11.417
  step 1400/1999 best 11.255
  step 1450/1999 best 11.413
  step 1500/1999 best 11.361
  step 1550/1999 best 11.452
  step 1600/1999 best 11.384
  step 1650/1999 best 11.431
  step 1700/1999 best 11.372
  step 1750/1999 best 11.454
  step 1800/1999 best 11.446
  step 1850/1999 best 11.417
  step 1900/1999 best 11.361
  step 1950/1999 best 11.312
saved SBC_CHAINS_cnn_vmim__n1_seed_s2_sim2558_row2157102_noise2822_3001_3180 (240000, 4) acc=0.255
  step 0/1999 best -8.321
  step 50/1999 best 10.749
  step 100/1999 best 10.749
  step 150/1999 best 10.942
  step 200/1999 best 11.754
  step 250/1999 best 12.347
  step 300/1999 best 12.884
  step 350/1999 best 12.408
  step 400/1999 best 12.913
  step 450/1999 best 12.993
  step 500/1999 best 12.997
  step 550/1999 best 12.815
  step 600/1999 best 12.862
  step 650/1999 best 12.824
  step 700/1999 best 13.005
  step 750/1999 best 13.044
  step 800/1999 best 13.100
  step 850/1999 best 13.081
  step 900/1999 best 13.063
  step 950/1999 best 13.044
  step 1000/1999 best 12.987
  step 1050/1999 best 13.048
  step 1100/1999 best 12.964
  step 1150/1999 best 12.965
  step 1200/1999 best 12.885
  step 1250/1999 best 12.976
  step 1300/1999 best 12.828
  step 1350/1999 best 12.920
  step 1400/1999 best 13.030
  step 1450/1999 best 12.794
  step 1500/1999 best 13.140
  step 1550/1999 best 12.962
  step 1600/1999 best 12.900
  step 1650/1999 best 12.930
  step 1700/1999 best 13.131
  step 1750/1999 best 12.924
  step 1800/1999 best 13.042
  step 1850/1999 best 13.050
  step 1900/1999 best 12.844
  step 1950/1999 best 12.981
saved SBC_CHAINS_cnn_vmim__n1_seed_s2_sim2594_row2193586_noise9822_173_352 (240000, 4) acc=0.154
  step 0/1999 best -20.300
  step 50/1999 best 3.067
  step 100/1999 best 7.470
  step 150/1999 best 14.675
  step 200/1999 best 16.966
  step 250/1999 best 17.812
  step 300/1999 best 17.735
  step 350/1999 best 17.593
  step 400/1999 best 17.853
  step 450/1999 best 17.705
  step 500/1999 best 17.970
  step 550/1999 best 17.910
  step 600/1999 best 17.830
  step 650/1999 best 17.988
  step 700/1999 best 18.037
  step 750/1999 best 17.990
  step 800/1999 best 17.964
  step 850/1999 best 17.962
  step 900/1999 best 17.930
  step 950/1999 best 17.979
  step 1000/1999 best 17.976
  step 1050/1999 best 17.928
  step 1100/1999 best 17.834
  step 1150/1999 best 17.899
  step 1200/1999 best 18.040
  step 1250/1999 best 17.905
  step 1300/1999 best 17.896
  step 1350/1999 best 17.966
  step 1400/1999 best 17.775
  step 1450/1999 best 18.012
  step 1500/1999 best 17.918
  step 1550/1999 best 17.949
  step 1600/1999 best 17.875
  step 1650/1999 best 17.794
  step 1700/1999 best 18.022
  step 1750/1999 best 17.943
  step 1800/1999 best 17.973
  step 1850/1999 best 17.963
  step 1900/1999 best 17.716
  step 1950/1999 best 18.011
saved SBC_CHAINS_cnn_vmim__n1_seed_s2_sim1274_row1092800_noise6988_7167_7346 (240000, 4) acc=0.281
  step 0/1999 best -18.205
  step 50/1999 best 2.024
  step 100/1999 best 12.713
  step 150/1999 best 15.339
  step 200/1999 best 15.327
  step 250/1999 best 15.682
  step 300/1999 best 15.685
  step 350/1999 best 15.469
  step 400/1999 best 15.646
  step 450/1999 best 15.533
  step 500/1999 best 15.588
  step 550/1999 best 15.618
  step 600/1999 best 15.667
  step 650/1999 best 15.586
  step 700/1999 best 15.734
  step 750/1999 best 15.758
  step 800/1999 best 15.721
  step 850/1999 best 15.637
  step 900/1999 best 15.620
  step 950/1999 best 15.741
  step 1000/1999 best 15.671
  step 1050/1999 best 15.765
  step 1100/1999 best 15.660
  step 1150/1999 best 15.798
  step 1200/1999 best 15.735
  step 1250/1999 best 15.560
  step 1300/1999 best 15.791
  step 1350/1999 best 15.761
  step 1400/1999 best 15.617
  step 1450/1999 best 15.639
  step 1500/1999 best 15.587
  step 1550/1999 best 15.684
  step 1600/1999 best 15.706
  step 1650/1999 best 15.796
  step 1700/1999 best 15.676
  step 1750/1999 best 15.598
  step 1800/1999 best 15.675
  step 1850/1999 best 15.774
  step 1900/1999 best 15.684
  step 1950/1999 best 15.685
saved SBC_CHAINS_cnn_vmim__n1_seed_s2_sim1760_row1513581_noise1369_1548_1727 (240000, 4) acc=0.226
  step 0/1999 best -24.354
  step 50/1999 best 0.609
  step 100/1999 best 12.043
  step 150/1999 best 10.502
  step 200/1999 best 13.309
  step 250/1999 best 13.827
  step 300/1999 best 13.869
  step 350/1999 best 14.048
  step 400/1999 best 13.967
  step 450/1999 best 13.972
  step 500/1999 best 13.983
  step 550/1999 best 13.950
  step 600/1999 best 14.066
  step 650/1999 best 13.963
  step 700/1999 best 13.932
  step 750/1999 best 13.922
  step 800/1999 best 14.032
  step 850/1999 best 14.000
  step 900/1999 best 13.949
  step 950/1999 best 14.021
  step 1000/1999 best 14.032
  step 1050/1999 best 13.948
  step 1100/1999 best 13.785
  step 1150/1999 best 14.055
  step 1200/1999 best 14.002
  step 1250/1999 best 13.951
  step 1300/1999 best 14.056
  step 1350/1999 best 13.991
  step 1400/1999 best 13.875
  step 1450/1999 best 14.037
  step 1500/1999 best 13.955
  step 1550/1999 best 14.006
  step 1600/1999 best 13.921
  step 1650/1999 best 13.966
  step 1700/1999 best 14.026
  step 1750/1999 best 14.051
  step 1800/1999 best 13.939
  step 1850/1999 best 13.942
  step 1900/1999 best 13.859
  step 1950/1999 best 13.965
saved SBC_CHAINS_cnn_vmim__n1_seed_s2_sim1459_row1241341_noise4797_4976_5155 (240000, 4) acc=0.329
  step 0/1999 best -19.387
  step 50/1999 best 3.800
  step 100/1999 best 4.486
  step 150/1999 best 14.195
  step 200/1999 best 13.980
  step 250/1999 best 15.621
  step 300/1999 best 15.935
  step 350/1999 best 16.141
  step 400/1999 best 16.179
  step 450/1999 best 16.104
  step 500/1999 best 15.967
  step 550/1999 best 16.085
  step 600/1999 best 16.157
  step 650/1999 best 16.050
  step 700/1999 best 16.288
  step 750/1999 best 15.992
  step 800/1999 best 16.152
  step 850/1999 best 16.257
  step 900/1999 best 16.142
  step 950/1999 best 16.203
  step 1000/1999 best 16.150
  step 1050/1999 best 16.291
  step 1100/1999 best 16.138
  step 1150/1999 best 16.247
  step 1200/1999 best 16.206
  step 1250/1999 best 16.310
  step 1300/1999 best 16.258
  step 1350/1999 best 16.168
  step 1400/1999 best 16.338
  step 1450/1999 best 16.220
  step 1500/1999 best 16.230
  step 1550/1999 best 16.004
  step 1600/1999 best 16.040
  step 1650/1999 best 16.212
  step 1700/1999 best 16.185
  step 1750/1999 best 16.285
  step 1800/1999 best 16.167
  step 1850/1999 best 16.220
  step 1900/1999 best 16.257
  step 1950/1999 best 16.285
saved SBC_CHAINS_cnn_vmim__n1_seed_s2_sim337_row323716_noise3564_3743_3922 (240000, 4) acc=0.265
  step 0/1999 best -20.516
  step 50/1999 best 6.016
  step 100/1999 best 11.444
  step 150/1999 best 16.137
  step 200/1999 best 16.979
  step 250/1999 best 17.037
  step 300/1999 best 17.039
  step 350/1999 best 17.064
  step 400/1999 best 16.836
  step 450/1999 best 16.984
  step 500/1999 best 16.938
  step 550/1999 best 17.048
  step 600/1999 best 16.922
  step 650/1999 best 16.953
  step 700/1999 best 17.065
  step 750/1999 best 16.961
  step 800/1999 best 16.935
  step 850/1999 best 16.866
  step 900/1999 best 16.987
  step 950/1999 best 17.030
  step 1000/1999 best 16.952
  step 1050/1999 best 17.071
  step 1100/1999 best 16.989
  step 1150/1999 best 17.002
  step 1200/1999 best 16.888
  step 1250/1999 best 16.926
  step 1300/1999 best 16.942
  step 1350/1999 best 17.014
  step 1400/1999 best 17.036
  step 1450/1999 best 17.115
  step 1500/1999 best 17.082
  step 1550/1999 best 16.987
  step 1600/1999 best 17.097
  step 1650/1999 best 16.949
  step 1700/1999 best 17.092
  step 1750/1999 best 17.074
  step 1800/1999 best 16.992
  step 1850/1999 best 16.970
  step 1900/1999 best 17.020
  step 1950/1999 best 17.037
saved SBC_CHAINS_cnn_vmim__n1_seed_s2_sim1509_row1286162_noise5478_5657_5836 (240000, 4) acc=0.330
  step 0/1999 best -29.675
  step 50/1999 best 8.750
  step 100/1999 best 13.289
  step 150/1999 best 14.051
  step 200/1999 best 14.167
  step 250/1999 best 14.239
  step 300/1999 best 14.131
  step 350/1999 best 14.066
  step 400/1999 best 14.232
  step 450/1999 best 14.073
  step 500/1999 best 14.116
  step 550/1999 best 14.249
  step 600/1999 best 14.293
  step 650/1999 best 14.195
  step 700/1999 best 14.213
  step 750/1999 best 14.150
  step 800/1999 best 14.090
  step 850/1999 best 14.018
  step 900/1999 best 14.038
  step 950/1999 best 14.132
  step 1000/1999 best 14.050
  step 1050/1999 best 14.141
  step 1100/1999 best 14.157
  step 1150/1999 best 14.133
  step 1200/1999 best 14.264
  step 1250/1999 best 14.220
  step 1300/1999 best 14.169
  step 1350/1999 best 13.960
  step 1400/1999 best 14.127
  step 1450/1999 best 14.153
  step 1500/1999 best 14.264
  step 1550/1999 best 14.140
  step 1600/1999 best 14.104
  step 1650/1999 best 14.124
  step 1700/1999 best 14.117
  step 1750/1999 best 14.260
  step 1800/1999 best 14.153
  step 1850/1999 best 14.209
  step 1900/1999 best 14.070
  step 1950/1999 best 14.193
saved SBC_CHAINS_cnn_vmim__n1_seed_s2_sim1934_row1545991_noise8703_8882_9061 (240000, 4) acc=0.267
  step 0/1999 best -12.766
  step 50/1999 best -1.219
  step 100/1999 best 6.696
  step 150/1999 best 9.167
  step 200/1999 best 12.978
  step 250/1999 best 14.741
  step 300/1999 best 16.303
  step 350/1999 best 16.303
  step 400/1999 best 16.731
  step 450/1999 best 16.724
  step 500/1999 best 16.778
  step 550/1999 best 16.827
  step 600/1999 best 16.837
  step 650/1999 best 16.706
  step 700/1999 best 16.949
  step 750/1999 best 16.865
  step 800/1999 best 16.944
  step 850/1999 best 16.882
  step 900/1999 best 16.886
  step 950/1999 best 16.916
  step 1000/1999 best 16.653
  step 1050/1999 best 16.912
  step 1100/1999 best 16.843
  step 1150/1999 best 16.889
  step 1200/1999 best 16.989
  step 1250/1999 best 16.926
  step 1300/1999 best 17.010
  step 1350/1999 best 16.954
  step 1400/1999 best 16.890
  step 1450/1999 best 16.858
  step 1500/1999 best 16.783
  step 1550/1999 best 16.903
  step 1600/1999 best 16.726
  step 1650/1999 best 16.930
  step 1700/1999 best 16.952
  step 1750/1999 best 16.906
  step 1800/1999 best 16.846
  step 1850/1999 best 16.882
  step 1900/1999 best 16.895
  step 1950/1999 best 16.942
saved SBC_CHAINS_cnn_vmim__n1_seed_s2_sim130_row121085_noise2321_2500_2679 (240000, 4) acc=0.224
  step 0/1999 best -21.398
  step 50/1999 best 2.294
  step 100/1999 best 15.121
  step 150/1999 best 17.034
  step 200/1999 best 17.286
  step 250/1999 best 17.934
  step 300/1999 best 17.832
  step 350/1999 best 17.874
  step 400/1999 best 17.931
  step 450/1999 best 17.931
  step 500/1999 best 17.895
  step 550/1999 best 17.935
  step 600/1999 best 17.887
  step 650/1999 best 17.733
  step 700/1999 best 17.999
  step 750/1999 best 17.960
  step 800/1999 best 17.923
  step 850/1999 best 17.920
  step 900/1999 best 18.109
  step 950/1999 best 18.021
  step 1000/1999 best 17.934
  step 1050/1999 best 17.902
  step 1100/1999 best 18.041
  step 1150/1999 best 17.979
  step 1200/1999 best 18.056
  step 1250/1999 best 18.073
  step 1300/1999 best 17.982
  step 1350/1999 best 17.964
  step 1400/1999 best 18.062
  step 1450/1999 best 17.930
  step 1500/1999 best 18.049
  step 1550/1999 best 17.849
  step 1600/1999 best 18.045
  step 1650/1999 best 17.900
  step 1700/1999 best 18.068
  step 1750/1999 best 17.916
  step 1800/1999 best 17.960
  step 1850/1999 best 18.052
  step 1900/1999 best 18.023
  step 1950/1999 best 18.082
saved SBC_CHAINS_cnn_vmim__n1_seed_s2_sim1443_row1225894_noise9006_9185_9364 (240000, 4) acc=0.302
  step 0/1999 best -5.582
  step 50/1999 best 3.348
  step 100/1999 best 5.217
  step 150/1999 best 16.091
  step 200/1999 best 17.016
  step 250/1999 best 17.279
  step 300/1999 best 17.625
  step 350/1999 best 17.562
  step 400/1999 best 17.338
  step 450/1999 best 17.664
  step 500/1999 best 17.537
  step 550/1999 best 17.598
  step 600/1999 best 17.571
  step 650/1999 best 17.674
  step 700/1999 best 17.450
  step 750/1999 best 17.645
  step 800/1999 best 17.464
  step 850/1999 best 17.625
  step 900/1999 best 17.693
  step 950/1999 best 17.570
  step 1000/1999 best 17.626
  step 1050/1999 best 17.595
  step 1100/1999 best 17.577
  step 1150/1999 best 17.673
  step 1200/1999 best 17.567
  step 1250/1999 best 17.550
  step 1300/1999 best 17.452
  step 1350/1999 best 17.539
  step 1400/1999 best 17.523
  step 1450/1999 best 17.614
  step 1500/1999 best 17.506
  step 1550/1999 best 17.549
  step 1600/1999 best 17.582
  step 1650/1999 best 17.591
  step 1700/1999 best 17.611
  step 1750/1999 best 17.548
  step 1800/1999 best 17.590
  step 1850/1999 best 17.587
  step 1900/1999 best 17.502
  step 1950/1999 best 17.541
saved SBC_CHAINS_cnn_vmim__n1_seed_s2_sim182_row173671_noise5767_5946_6125 (240000, 4) acc=0.317
  step 0/1999 best -20.254
  step 50/1999 best 10.954
  step 100/1999 best 14.807
  step 150/1999 best 14.383
  step 200/1999 best 15.357
  step 250/1999 best 15.663
  step 300/1999 best 15.955
  step 350/1999 best 15.779
  step 400/1999 best 16.009
  step 450/1999 best 16.001
  step 500/1999 best 16.054
  step 550/1999 best 16.098
  step 600/1999 best 15.964
  step 650/1999 best 16.134
  step 700/1999 best 16.055
  step 750/1999 best 16.004
  step 800/1999 best 16.043
  step 850/1999 best 16.141
  step 900/1999 best 15.984
  step 950/1999 best 15.988
  step 1000/1999 best 15.863
  step 1050/1999 best 16.003
  step 1100/1999 best 16.159
  step 1150/1999 best 15.930
  step 1200/1999 best 16.090
  step 1250/1999 best 15.965
  step 1300/1999 best 16.107
  step 1350/1999 best 16.011
  step 1400/1999 best 16.071
  step 1450/1999 best 16.114
  step 1500/1999 best 16.028
  step 1550/1999 best 16.081
  step 1600/1999 best 16.127
  step 1650/1999 best 16.011
  step 1700/1999 best 16.155
  step 1750/1999 best 16.041
  step 1800/1999 best 16.049
  step 1850/1999 best 16.134
  step 1900/1999 best 16.167
  step 1950/1999 best 16.041
saved SBC_CHAINS_cnn_vmim__n1_seed_s2_sim909_row858255_noise5079_5258_5437 (240000, 4) acc=0.357
  step 0/1999 best -15.192
  step 50/1999 best -3.183
  step 100/1999 best 6.951
  step 150/1999 best 10.319
  step 200/1999 best 11.479
  step 250/1999 best 11.384
  step 300/1999 best 11.384
  step 350/1999 best 11.379
  step 400/1999 best 11.467
  step 450/1999 best 11.306
  step 500/1999 best 11.395
  step 550/1999 best 11.373
  step 600/1999 best 11.405
  step 650/1999 best 11.193
  step 700/1999 best 11.510
  step 750/1999 best 11.367
  step 800/1999 best 11.413
  step 850/1999 best 11.444
  step 900/1999 best 11.491
  step 950/1999 best 11.523
  step 1000/1999 best 11.468
  step 1050/1999 best 11.428
  step 1100/1999 best 11.321
  step 1150/1999 best 11.355
  step 1200/1999 best 11.449
  step 1250/1999 best 11.293
  step 1300/1999 best 11.438
  step 1350/1999 best 11.342
  step 1400/1999 best 11.490
  step 1450/1999 best 11.526
  step 1500/1999 best 11.407
  step 1550/1999 best 11.245
  step 1600/1999 best 11.417
  step 1650/1999 best 11.523
  step 1700/1999 best 11.433
  step 1750/1999 best 11.473
  step 1800/1999 best 11.528
  step 1850/1999 best 11.437
  step 1900/1999 best 11.483
  step 1950/1999 best 11.456
saved SBC_CHAINS_cnn_vmim__n1_seed_s2_sim2590_row2189721_noise5957_6136_6315 (240000, 4) acc=0.214
  step 0/1999 best -8.739
  step 50/1999 best -1.907
  step 100/1999 best 2.387
  step 150/1999 best 2.184
  step 200/1999 best 2.660
  step 250/1999 best 3.539
  step 300/1999 best 13.273
  step 350/1999 best 13.111
  step 400/1999 best 13.814
  step 450/1999 best 15.141
  step 500/1999 best 15.097
  step 550/1999 best 15.339
  step 600/1999 best 15.179
  step 650/1999 best 15.217
  step 700/1999 best 15.178
  step 750/1999 best 15.119
  step 800/1999 best 15.389
  step 850/1999 best 15.270
  step 900/1999 best 15.437
  step 950/1999 best 15.401
  step 1000/1999 best 15.290
  step 1050/1999 best 15.038
  step 1100/1999 best 15.230
  step 1150/1999 best 15.381
  step 1200/1999 best 15.302
  step 1250/1999 best 15.142
  step 1300/1999 best 15.214
  step 1350/1999 best 15.402
  step 1400/1999 best 15.111
  step 1450/1999 best 15.373
  step 1500/1999 best 15.213
  step 1550/1999 best 15.268
  step 1600/1999 best 15.333
  step 1650/1999 best 15.366
  step 1700/1999 best 15.420
  step 1750/1999 best 15.387
  step 1800/1999 best 15.435
  step 1850/1999 best 15.364
  step 1900/1999 best 15.349
  step 1950/1999 best 15.268
saved SBC_CHAINS_cnn_vmim__n1_seed_s2_sim2932_row2527883_noise4139_4318_4497 (240000, 4) acc=0.184
  step 0/1999 best -26.665
  step 50/1999 best -0.011
  step 100/1999 best -1.081
  step 150/1999 best 2.007
  step 200/1999 best 2.057
  step 250/1999 best 7.037
  step 300/1999 best 15.657
  step 350/1999 best 16.417
  step 400/1999 best 16.806
  step 450/1999 best 16.746
  step 500/1999 best 17.274
  step 550/1999 best 17.583
  step 600/1999 best 17.246
  step 650/1999 best 17.165
  step 700/1999 best 17.259
  step 750/1999 best 17.611
  step 800/1999 best 17.578
  step 850/1999 best 17.533
  step 900/1999 best 17.470
  step 950/1999 best 17.404
  step 1000/1999 best 17.104
  step 1050/1999 best 17.574
  step 1100/1999 best 17.462
  step 1150/1999 best 17.295
  step 1200/1999 best 17.522
  step 1250/1999 best 17.617
  step 1300/1999 best 17.550
  step 1350/1999 best 17.655
  step 1400/1999 best 17.548
  step 1450/1999 best 17.578
  step 1500/1999 best 17.449
  step 1550/1999 best 17.655
  step 1600/1999 best 17.562
  step 1650/1999 best 17.592
  step 1700/1999 best 17.631
  step 1750/1999 best 17.630
  step 1800/1999 best 17.560
  step 1850/1999 best 17.616
  step 1900/1999 best 17.394
  step 1950/1999 best 17.459
saved SBC_CHAINS_cnn_vmim__n1_seed_s2_sim106_row105726_noise8446_8625_8804 (240000, 4) acc=0.187
  step 0/1999 best -26.236
  step 50/1999 best 9.096
  step 100/1999 best 13.587
  step 150/1999 best 15.869
  step 200/1999 best 15.957
  step 250/1999 best 15.780
  step 300/1999 best 15.763
  step 350/1999 best 15.925
  step 400/1999 best 15.703
  step 450/1999 best 15.932
  step 500/1999 best 15.904
  step 550/1999 best 15.976
  step 600/1999 best 15.866
  step 650/1999 best 15.931
  step 700/1999 best 15.840
  step 750/1999 best 15.840
  step 800/1999 best 15.996
  step 850/1999 best 15.974
  step 900/1999 best 15.905
  step 950/1999 best 15.785
  step 1000/1999 best 15.903
  step 1050/1999 best 15.846
  step 1100/1999 best 15.767
  step 1150/1999 best 15.486
  step 1200/1999 best 15.921
  step 1250/1999 best 15.974
  step 1300/1999 best 15.959
  step 1350/1999 best 15.867
  step 1400/1999 best 15.888
  step 1450/1999 best 15.832
  step 1500/1999 best 15.913
  step 1550/1999 best 15.911
  step 1600/1999 best 15.980
  step 1650/1999 best 15.947
  step 1700/1999 best 15.964
  step 1750/1999 best 15.960
  step 1800/1999 best 15.930
  step 1850/1999 best 15.855
  step 1900/1999 best 16.008
  step 1950/1999 best 15.808
saved SBC_CHAINS_cnn_vmim__n1_seed_s2_sim1987_row1598007_noise1751_1930_2109 (240000, 4) acc=0.349
  step 0/1999 best -30.616
  step 50/1999 best -10.986
  step 100/1999 best 8.152
  step 150/1999 best 5.367
  step 200/1999 best 11.052
  step 250/1999 best 10.878
  step 300/1999 best 12.699
  step 350/1999 best 13.311
  step 400/1999 best 13.870
  step 450/1999 best 13.533
  step 500/1999 best 13.899
  step 550/1999 best 13.660
  step 600/1999 best 13.804
  step 650/1999 best 13.767
  step 700/1999 best 13.971
  step 750/1999 best 14.004
  step 800/1999 best 14.017
  step 850/1999 best 14.040
  step 900/1999 best 13.923
  step 950/1999 best 13.886
  step 1000/1999 best 13.786
  step 1050/1999 best 13.924
  step 1100/1999 best 14.018
  step 1150/1999 best 13.996
  step 1200/1999 best 13.877
  step 1250/1999 best 13.956
  step 1300/1999 best 13.859
  step 1350/1999 best 14.003
  step 1400/1999 best 13.965
  step 1450/1999 best 13.858
  step 1500/1999 best 13.987
  step 1550/1999 best 13.988
  step 1600/1999 best 14.074
  step 1650/1999 best 13.931
  step 1700/1999 best 13.857
  step 1750/1999 best 13.981
  step 1800/1999 best 14.078
  step 1850/1999 best 13.977
  step 1900/1999 best 13.888
  step 1950/1999 best 13.986
saved SBC_CHAINS_cnn_vmim__n1_seed_s2_sim2822_row2417017_noise1381_1560_1739 (240000, 4) acc=0.221
  step 0/1999 best -17.199
  step 50/1999 best 1.169
  step 100/1999 best 12.929
  step 150/1999 best 17.552
  step 200/1999 best 17.899
  step 250/1999 best 17.459
  step 300/1999 best 18.045
  step 350/1999 best 18.011
  step 400/1999 best 18.089
  step 450/1999 best 17.717
  step 500/1999 best 17.936
  step 550/1999 best 18.069
  step 600/1999 best 18.079
  step 650/1999 best 18.041
  step 700/1999 best 17.993
  step 750/1999 best 18.042
  step 800/1999 best 18.111
  step 850/1999 best 17.898
  step 900/1999 best 18.079
  step 950/1999 best 17.923
  step 1000/1999 best 17.973
  step 1050/1999 best 18.103
  step 1100/1999 best 18.004
  step 1150/1999 best 17.803
  step 1200/1999 best 18.032
  step 1250/1999 best 18.077
  step 1300/1999 best 18.097
  step 1350/1999 best 17.891
  step 1400/1999 best 18.099
  step 1450/1999 best 17.984
  step 1500/1999 best 18.101
  step 1550/1999 best 18.055
  step 1600/1999 best 17.921
  step 1650/1999 best 18.060
  step 1700/1999 best 17.942
  step 1750/1999 best 17.933
  step 1800/1999 best 17.906
  step 1850/1999 best 18.043
  step 1900/1999 best 17.976
  step 1950/1999 best 18.040
saved SBC_CHAINS_cnn_vmim__n1_seed_s2_sim1431_row1213516_noise6456_6635_6814 (240000, 4) acc=0.264
  step 0/1999 best -13.830
  step 50/1999 best 12.348
  step 100/1999 best 15.078
  step 150/1999 best 16.603
  step 200/1999 best 16.225
  step 250/1999 best 16.181
  step 300/1999 best 16.443
  step 350/1999 best 16.443
  step 400/1999 best 16.720
  step 450/1999 best 16.615
  step 500/1999 best 16.656
  step 550/1999 best 16.628
  step 600/1999 best 16.600
  step 650/1999 best 16.454
  step 700/1999 best 16.591
  step 750/1999 best 16.630
  step 800/1999 best 16.508
  step 850/1999 best 16.572
  step 900/1999 best 16.551
  step 950/1999 best 16.556
  step 1000/1999 best 16.588
  step 1050/1999 best 16.596
  step 1100/1999 best 16.632
  step 1150/1999 best 16.491
  step 1200/1999 best 16.594
  step 1250/1999 best 16.648
  step 1300/1999 best 16.657
  step 1350/1999 best 16.655
  step 1400/1999 best 16.615
  step 1450/1999 best 16.570
  step 1500/1999 best 16.640
  step 1550/1999 best 16.712
  step 1600/1999 best 16.698
  step 1650/1999 best 16.516
  step 1700/1999 best 16.678
  step 1750/1999 best 16.638
  step 1800/1999 best 16.732
  step 1850/1999 best 16.545
  step 1900/1999 best 16.679
  step 1950/1999 best 16.723
saved SBC_CHAINS_cnn_vmim__n1_seed_s2_sim825_row774748_noise196_375_554 (240000, 4) acc=0.311
  step 0/1999 best -15.965
  step 50/1999 best 2.351
  step 100/1999 best 10.040
  step 150/1999 best 9.850
  step 200/1999 best 10.026
  step 250/1999 best 10.230
  step 300/1999 best 10.496
  step 350/1999 best 10.325
  step 400/1999 best 10.612
  step 450/1999 best 10.390
  step 500/1999 best 10.456
  step 550/1999 best 10.536
  step 600/1999 best 10.428
  step 650/1999 best 10.513
  step 700/1999 best 10.601
  step 750/1999 best 10.639
  step 800/1999 best 10.428
  step 850/1999 best 10.488
  step 900/1999 best 10.631
  step 950/1999 best 10.646
  step 1000/1999 best 10.516
  step 1050/1999 best 10.477
  step 1100/1999 best 10.624
  step 1150/1999 best 10.664
  step 1200/1999 best 10.532
  step 1250/1999 best 10.613
  step 1300/1999 best 10.532
  step 1350/1999 best 10.454
  step 1400/1999 best 10.484
  step 1450/1999 best 10.642
  step 1500/1999 best 10.668
  step 1550/1999 best 10.692
  step 1600/1999 best 10.612
  step 1650/1999 best 10.530
  step 1700/1999 best 10.716
  step 1750/1999 best 10.720
  step 1800/1999 best 10.637
  step 1850/1999 best 10.532
  step 1900/1999 best 10.717
  step 1950/1999 best 10.612
saved SBC_CHAINS_cnn_vmim__n1_seed_s2_sim1777_row1529357_noise8317_8496_8675 (240000, 4) acc=0.242
  step 0/1999 best -24.281
  step 50/1999 best 8.334
  step 100/1999 best 8.142
  step 150/1999 best 8.482
  step 200/1999 best 14.592
  step 250/1999 best 13.555
  step 300/1999 best 13.205
  step 350/1999 best 14.746
  step 400/1999 best 15.325
  step 450/1999 best 15.197
  step 500/1999 best 15.213
  step 550/1999 best 15.446
  step 600/1999 best 15.251
  step 650/1999 best 15.446
  step 700/1999 best 15.394
  step 750/1999 best 15.546
  step 800/1999 best 15.329
  step 850/1999 best 15.507
  step 900/1999 best 15.486
  step 950/1999 best 15.537
  step 1000/1999 best 15.506
  step 1050/1999 best 15.272
  step 1100/1999 best 15.364
  step 1150/1999 best 15.516
  step 1200/1999 best 15.534
  step 1250/1999 best 15.331
  step 1300/1999 best 15.448
  step 1350/1999 best 15.435
  step 1400/1999 best 15.475
  step 1450/1999 best 15.557
  step 1500/1999 best 15.504
  step 1550/1999 best 15.478
  step 1600/1999 best 15.542
  step 1650/1999 best 15.364
  step 1700/1999 best 15.495
  step 1750/1999 best 15.322
  step 1800/1999 best 15.538
  step 1850/1999 best 15.372
  step 1900/1999 best 15.489
  step 1950/1999 best 15.558
saved SBC_CHAINS_cnn_vmim__n1_seed_s2_sim2445_row2044687_noise8343_8522_8701 (240000, 4) acc=0.126
  step 0/1999 best -16.874
  step 50/1999 best 10.673
  step 100/1999 best 13.599
  step 150/1999 best 13.866
  step 200/1999 best 14.167
  step 250/1999 best 14.595
  step 300/1999 best 14.573
  step 350/1999 best 14.659
  step 400/1999 best 14.316
  step 450/1999 best 14.424
  step 500/1999 best 14.538
  step 550/1999 best 14.369
  step 600/1999 best 14.292
  step 650/1999 best 14.629
  step 700/1999 best 14.650
  step 750/1999 best 14.363
  step 800/1999 best 14.592
  step 850/1999 best 14.505
  step 900/1999 best 14.553
  step 950/1999 best 14.593
  step 1000/1999 best 14.595
  step 1050/1999 best 14.699
  step 1100/1999 best 14.544
  step 1150/1999 best 14.631
  step 1200/1999 best 14.510
  step 1250/1999 best 14.682
  step 1300/1999 best 14.532
  step 1350/1999 best 14.644
  step 1400/1999 best 14.568
  step 1450/1999 best 14.535
  step 1500/1999 best 14.574
  step 1550/1999 best 14.638
  step 1600/1999 best 14.671
  step 1650/1999 best 14.621
  step 1700/1999 best 14.600
  step 1750/1999 best 14.562
  step 1800/1999 best 14.639
  step 1850/1999 best 14.459
  step 1900/1999 best 14.487
  step 1950/1999 best 14.674
saved SBC_CHAINS_cnn_vmim__n1_seed_s2_sim843_row792327_noise7947_8126_8305 (240000, 4) acc=0.241
  step 0/1999 best -21.493
  step 50/1999 best 5.931
  step 100/1999 best 13.148
  step 150/1999 best 13.359
  step 200/1999 best 13.493
  step 250/1999 best 13.061
  step 300/1999 best 13.427
  step 350/1999 best 13.422
  step 400/1999 best 13.699
  step 450/1999 best 13.203
  step 500/1999 best 13.653
  step 550/1999 best 13.489
  step 600/1999 best 13.699
  step 650/1999 best 13.601
  step 700/1999 best 13.517
  step 750/1999 best 13.644
  step 800/1999 best 13.654
  step 850/1999 best 13.494
  step 900/1999 best 13.538
  step 950/1999 best 13.479
  step 1000/1999 best 13.524
  step 1050/1999 best 13.681
  step 1100/1999 best 13.526
  step 1150/1999 best 13.616
  step 1200/1999 best 13.594
  step 1250/1999 best 13.542
  step 1300/1999 best 13.439
  step 1350/1999 best 13.590
  step 1400/1999 best 13.536
  step 1450/1999 best 13.581
  step 1500/1999 best 13.533
  step 1550/1999 best 13.555
  step 1600/1999 best 13.682
  step 1650/1999 best 13.650
  step 1700/1999 best 13.550
  step 1750/1999 best 13.647
  step 1800/1999 best 13.550
  step 1850/1999 best 13.614
  step 1900/1999 best 13.627
  step 1950/1999 best 13.556
saved SBC_CHAINS_cnn_vmim__n1_seed_s2_sim2619_row2218389_noise5141_5320_5499 (240000, 4) acc=0.191
  step 0/1999 best -23.299
  step 50/1999 best 10.485
  step 100/1999 best 13.726
  step 150/1999 best 15.065
  step 200/1999 best 15.543
  step 250/1999 best 15.524
  step 300/1999 best 15.644
  step 350/1999 best 15.537
  step 400/1999 best 15.642
  step 450/1999 best 15.641
  step 500/1999 best 15.786
  step 550/1999 best 15.447
  step 600/1999 best 15.713
  step 650/1999 best 15.824
  step 700/1999 best 15.567
  step 750/1999 best 15.570
  step 800/1999 best 15.667
  step 850/1999 best 15.704
  step 900/1999 best 15.797
  step 950/1999 best 15.644
  step 1000/1999 best 15.742
  step 1050/1999 best 15.787
  step 1100/1999 best 15.727
  step 1150/1999 best 15.506
  step 1200/1999 best 15.592
  step 1250/1999 best 15.746
  step 1300/1999 best 15.603
  step 1350/1999 best 15.744
  step 1400/1999 best 15.526
  step 1450/1999 best 15.620
  step 1500/1999 best 15.746
  step 1550/1999 best 15.587
  step 1600/1999 best 15.728
  step 1650/1999 best 15.700
  step 1700/1999 best 15.654
  step 1750/1999 best 15.689
  step 1800/1999 best 15.599
  step 1850/1999 best 15.759
  step 1900/1999 best 15.807
  step 1950/1999 best 15.652
saved SBC_CHAINS_cnn_vmim__n1_seed_s2_sim416_row394718_noise3942_4121_4300 (240000, 4) acc=0.229
  step 0/1999 best -24.764
  step 50/1999 best 1.432
  step 100/1999 best 12.880
  step 150/1999 best 16.868
  step 200/1999 best 15.859
  step 250/1999 best 17.003
  step 300/1999 best 17.029
  step 350/1999 best 16.969
  step 400/1999 best 17.057
  step 450/1999 best 17.047
  step 500/1999 best 16.955
  step 550/1999 best 17.009
  step 600/1999 best 16.906
  step 650/1999 best 16.919
  step 700/1999 best 16.967
  step 750/1999 best 16.930
  step 800/1999 best 16.958
  step 850/1999 best 16.916
  step 900/1999 best 16.919
  step 950/1999 best 16.963
  step 1000/1999 best 16.996
  step 1050/1999 best 16.777
  step 1100/1999 best 16.876
  step 1150/1999 best 16.923
  step 1200/1999 best 17.069
  step 1250/1999 best 16.969
  step 1300/1999 best 17.008
  step 1350/1999 best 16.840
  step 1400/1999 best 17.005
  step 1450/1999 best 17.024
  step 1500/1999 best 17.028
  step 1550/1999 best 16.853
  step 1600/1999 best 16.930
  step 1650/1999 best 17.076
  step 1700/1999 best 17.003
  step 1750/1999 best 16.761
  step 1800/1999 best 17.046
  step 1850/1999 best 17.033
  step 1900/1999 best 16.794
  step 1950/1999 best 16.913
saved SBC_CHAINS_cnn_vmim__n1_seed_s2_sim265_row251403_noise47_226_405 (240000, 4) acc=0.355
  step 0/1999 best -10.526
  step 50/1999 best 4.131
  step 100/1999 best 17.514
  step 150/1999 best 16.361
  step 200/1999 best 17.235
  step 250/1999 best 17.140
  step 300/1999 best 17.669
  step 350/1999 best 17.591
  step 400/1999 best 17.762
  step 450/1999 best 17.487
  step 500/1999 best 17.480
  step 550/1999 best 17.723
  step 600/1999 best 17.698
  step 650/1999 best 17.596
  step 700/1999 best 17.689
  step 750/1999 best 17.646
  step 800/1999 best 17.704
  step 850/1999 best 17.762
  step 900/1999 best 17.748
  step 950/1999 best 17.736
  step 1000/1999 best 17.651
  step 1050/1999 best 17.768
  step 1100/1999 best 17.730
  step 1150/1999 best 17.698
  step 1200/1999 best 17.589
  step 1250/1999 best 17.634
  step 1300/1999 best 17.666
  step 1350/1999 best 17.721
  step 1400/1999 best 17.624
  step 1450/1999 best 17.719
  step 1500/1999 best 17.646
  step 1550/1999 best 17.719
  step 1600/1999 best 17.737
  step 1650/1999 best 17.732
  step 1700/1999 best 17.746
  step 1750/1999 best 17.750
  step 1800/1999 best 17.580
  step 1850/1999 best 17.587
  step 1900/1999 best 17.759
  step 1950/1999 best 17.673
saved SBC_CHAINS_cnn_vmim__n1_seed_s2_sim1449_row1231636_noise4920_5099_5278 (240000, 4) acc=0.299
  step 0/1999 best -17.205
  step 50/1999 best 4.982
  step 100/1999 best 6.440
  step 150/1999 best 6.801
  step 200/1999 best 11.167
  step 250/1999 best 15.523
  step 300/1999 best 16.530
  step 350/1999 best 16.486
  step 400/1999 best 16.288
  step 450/1999 best 16.402
  step 500/1999 best 16.020
  step 550/1999 best 16.327
  step 600/1999 best 16.240
  step 650/1999 best 16.263
  step 700/1999 best 16.440
  step 750/1999 best 16.515
  step 800/1999 best 16.540
  step 850/1999 best 16.650
  step 900/1999 best 16.757
  step 950/1999 best 16.742
  step 1000/1999 best 16.463
  step 1050/1999 best 16.607
  step 1100/1999 best 16.668
  step 1150/1999 best 16.604
  step 1200/1999 best 16.641
  step 1250/1999 best 16.398
  step 1300/1999 best 16.683
  step 1350/1999 best 16.688
  step 1400/1999 best 16.581
  step 1450/1999 best 16.694
  step 1500/1999 best 16.628
  step 1550/1999 best 16.591
  step 1600/1999 best 16.448
  step 1650/1999 best 16.703
  step 1700/1999 best 16.688
  step 1750/1999 best 16.754
  step 1800/1999 best 16.591
  step 1850/1999 best 16.656
  step 1900/1999 best 16.577
  step 1950/1999 best 16.539
saved SBC_CHAINS_cnn_vmim__n1_seed_s2_sim748_row697937_noise2009_2188_2367 (240000, 4) acc=0.216
  step 0/1999 best -29.708
  step 50/1999 best -11.725
  step 100/1999 best -0.967
  step 150/1999 best 8.249
  step 200/1999 best 8.936
  step 250/1999 best 9.667
  step 300/1999 best 9.552
  step 350/1999 best 9.650
  step 400/1999 best 9.607
  step 450/1999 best 9.595
  step 500/1999 best 9.705
  step 550/1999 best 9.404
  step 600/1999 best 9.673
  step 650/1999 best 9.728
  step 700/1999 best 9.621
  step 750/1999 best 9.738
  step 800/1999 best 9.574
  step 850/1999 best 9.612
  step 900/1999 best 9.540
  step 950/1999 best 9.668
  step 1000/1999 best 9.644
  step 1050/1999 best 9.653
  step 1100/1999 best 9.669
  step 1150/1999 best 9.433
  step 1200/1999 best 9.499
  step 1250/1999 best 9.631
  step 1300/1999 best 9.678
  step 1350/1999 best 9.517
  step 1400/1999 best 9.727
  step 1450/1999 best 9.696
  step 1500/1999 best 9.615
  step 1550/1999 best 9.717
  step 1600/1999 best 9.676
  step 1650/1999 best 9.674
  step 1700/1999 best 9.656
  step 1750/1999 best 9.557
  step 1800/1999 best 9.656
  step 1850/1999 best 9.536
  step 1900/1999 best 9.661
  step 1950/1999 best 9.703
saved SBC_CHAINS_cnn_vmim__n1_seed_s2_sim2635_row2234654_noise1750_1929_2108 (240000, 4) acc=0.198
  step 0/1999 best -12.990
  step 50/1999 best -3.332
  step 100/1999 best 6.070
  step 150/1999 best 7.819
  step 200/1999 best 9.358
  step 250/1999 best 9.698
  step 300/1999 best 9.715
  step 350/1999 best 9.956
  step 400/1999 best 9.890
  step 450/1999 best 9.935
  step 500/1999 best 9.843
  step 550/1999 best 9.942
  step 600/1999 best 9.967
  step 650/1999 best 9.832
  step 700/1999 best 9.921
  step 750/1999 best 10.037
  step 800/1999 best 10.000
  step 850/1999 best 10.082
  step 900/1999 best 9.777
  step 950/1999 best 10.054
  step 1000/1999 best 10.018
  step 1050/1999 best 10.108
  step 1100/1999 best 9.853
  step 1150/1999 best 10.008
  step 1200/1999 best 9.958
  step 1250/1999 best 10.029
  step 1300/1999 best 9.920
  step 1350/1999 best 9.866
  step 1400/1999 best 10.068
  step 1450/1999 best 10.079
  step 1500/1999 best 10.058
  step 1550/1999 best 9.961
  step 1600/1999 best 10.037
  step 1650/1999 best 10.029
  step 1700/1999 best 9.859
  step 1750/1999 best 9.880
  step 1800/1999 best 9.859
  step 1850/1999 best 10.048
  step 1900/1999 best 10.100
  step 1950/1999 best 10.032
saved SBC_CHAINS_cnn_vmim__n1_seed_s2_sim2935_row2530502_noise6758_6937_7116 (240000, 4) acc=0.256
  step 0/1999 best -26.091
  step 50/1999 best 3.498
  step 100/1999 best 14.481
  step 150/1999 best 16.282
  step 200/1999 best 17.261
  step 250/1999 best 16.745
  step 300/1999 best 17.478
  step 350/1999 best 17.199
  step 400/1999 best 17.323
  step 450/1999 best 17.526
  step 500/1999 best 17.351
  step 550/1999 best 17.510
  step 600/1999 best 17.492
  step 650/1999 best 17.273
  step 700/1999 best 17.389
  step 750/1999 best 17.387
  step 800/1999 best 17.517
  step 850/1999 best 17.529
  step 900/1999 best 17.408
  step 950/1999 best 17.551
  step 1000/1999 best 17.484
  step 1050/1999 best 17.581
  step 1100/1999 best 17.530
  step 1150/1999 best 17.520
  step 1200/1999 best 17.384
  step 1250/1999 best 17.488
  step 1300/1999 best 17.544
  step 1350/1999 best 17.561
  step 1400/1999 best 17.491
  step 1450/1999 best 17.529
  step 1500/1999 best 17.578
  step 1550/1999 best 17.553
  step 1600/1999 best 17.490
  step 1650/1999 best 17.490
  step 1700/1999 best 17.446
  step 1750/1999 best 17.451
  step 1800/1999 best 17.459
  step 1850/1999 best 17.427
  step 1900/1999 best 17.600
  step 1950/1999 best 17.333
saved SBC_CHAINS_cnn_vmim__n1_seed_s2_sim1436_row1218646_noise1758_1937_2116 (240000, 4) acc=0.261
  step 0/1999 best -14.728
  step 50/1999 best 5.282
  step 100/1999 best 14.284
  step 150/1999 best 14.962
  step 200/1999 best 14.516
  step 250/1999 best 15.085
  step 300/1999 best 15.018
  step 350/1999 best 15.160
  step 400/1999 best 15.109
  step 450/1999 best 15.124
  step 500/1999 best 15.106
  step 550/1999 best 15.032
  step 600/1999 best 14.946
  step 650/1999 best 14.967
  step 700/1999 best 15.044
  step 750/1999 best 15.107
  step 800/1999 best 15.062
  step 850/1999 best 14.745
  step 900/1999 best 15.152
  step 950/1999 best 14.882
  step 1000/1999 best 14.865
  step 1050/1999 best 15.083
  step 1100/1999 best 15.123
  step 1150/1999 best 15.146
  step 1200/1999 best 15.017
  step 1250/1999 best 15.152
  step 1300/1999 best 15.138
  step 1350/1999 best 14.999
  step 1400/1999 best 15.069
  step 1450/1999 best 15.110
  step 1500/1999 best 14.996
  step 1550/1999 best 15.072
  step 1600/1999 best 15.067
  step 1650/1999 best 15.090
  step 1700/1999 best 14.974
  step 1750/1999 best 15.060
  step 1800/1999 best 15.079
  step 1850/1999 best 15.169
  step 1900/1999 best 15.129
  step 1950/1999 best 15.008
saved SBC_CHAINS_cnn_vmim__n1_seed_s2_sim889_row838448_noise4928_5107_5286 (240000, 4) acc=0.330
  step 0/1999 best -23.555
  step 50/1999 best 9.528
  step 100/1999 best 14.482
  step 150/1999 best 15.153
  step 200/1999 best 13.707
  step 250/1999 best 15.572
  step 300/1999 best 15.906
  step 350/1999 best 15.904
  step 400/1999 best 16.016
  step 450/1999 best 15.804
  step 500/1999 best 15.986
  step 550/1999 best 15.798
  step 600/1999 best 15.811
  step 650/1999 best 15.863
  step 700/1999 best 16.027
  step 750/1999 best 15.893
  step 800/1999 best 15.865
  step 850/1999 best 16.062
  step 900/1999 best 15.830
  step 950/1999 best 15.846
  step 1000/1999 best 15.912
  step 1050/1999 best 15.979
  step 1100/1999 best 15.959
  step 1150/1999 best 15.856
  step 1200/1999 best 15.985
  step 1250/1999 best 15.982
  step 1300/1999 best 15.843
  step 1350/1999 best 15.828
  step 1400/1999 best 15.955
  step 1450/1999 best 16.012
  step 1500/1999 best 16.020
  step 1550/1999 best 15.920
  step 1600/1999 best 15.967
  step 1650/1999 best 16.042
  step 1700/1999 best 16.019
  step 1750/1999 best 16.058
  step 1800/1999 best 16.001
  step 1850/1999 best 15.857
  step 1900/1999 best 15.971
  step 1950/1999 best 16.054
saved SBC_CHAINS_cnn_vmim__n1_seed_s2_sim988_row937570_noise5770_5949_6128 (240000, 4) acc=0.325
  step 0/1999 best -25.427
  step 50/1999 best 3.164
  step 100/1999 best 8.099
  step 150/1999 best 7.655
  step 200/1999 best 10.179
  step 250/1999 best 12.639
  step 300/1999 best 12.256
  step 350/1999 best 10.932
  step 400/1999 best 10.870
  step 450/1999 best 12.111
  step 500/1999 best 13.035
  step 550/1999 best 13.129
  step 600/1999 best 13.269
  step 650/1999 best 13.621
  step 700/1999 best 13.675
  step 750/1999 best 13.735
  step 800/1999 best 13.800
  step 850/1999 best 13.719
  step 900/1999 best 13.595
  step 950/1999 best 13.629
  step 1000/1999 best 13.809
  step 1050/1999 best 13.820
  step 1100/1999 best 13.699
  step 1150/1999 best 13.537
  step 1200/1999 best 13.792
  step 1250/1999 best 13.428
  step 1300/1999 best 13.831
  step 1350/1999 best 13.830
  step 1400/1999 best 13.670
  step 1450/1999 best 13.685
  step 1500/1999 best 13.658
  step 1550/1999 best 14.013
  step 1600/1999 best 13.897
  step 1650/1999 best 13.674
  step 1700/1999 best 13.775
  step 1750/1999 best 13.781
  step 1800/1999 best 13.909
  step 1850/1999 best 13.612
  step 1900/1999 best 13.553
  step 1950/1999 best 13.950
saved SBC_CHAINS_cnn_vmim__n1_seed_s2_sim2353_row1953251_noise4359_4538_4717 (240000, 4) acc=0.221
  step 0/1999 best -21.462
  step 50/1999 best 4.706
  step 100/1999 best 14.182
  step 150/1999 best 15.519
  step 200/1999 best 15.960
  step 250/1999 best 16.035
  step 300/1999 best 15.942
  step 350/1999 best 16.127
  step 400/1999 best 16.052
  step 450/1999 best 15.729
  step 500/1999 best 15.948
  step 550/1999 best 15.953
  step 600/1999 best 15.969
  step 650/1999 best 16.070
  step 700/1999 best 15.881
  step 750/1999 best 16.041
  step 800/1999 best 16.038
  step 850/1999 best 16.013
  step 900/1999 best 16.040
  step 950/1999 best 15.957
  step 1000/1999 best 16.106
  step 1050/1999 best 15.905
  step 1100/1999 best 15.957
  step 1150/1999 best 15.802
  step 1200/1999 best 15.859
  step 1250/1999 best 16.107
  step 1300/1999 best 16.145
  step 1350/1999 best 16.098
  step 1400/1999 best 16.141
  step 1450/1999 best 16.039
  step 1500/1999 best 15.971
  step 1550/1999 best 16.040
  step 1600/1999 best 16.014
  step 1650/1999 best 16.089
  step 1700/1999 best 16.012
  step 1750/1999 best 15.863
  step 1800/1999 best 15.929
  step 1850/1999 best 15.955
  step 1900/1999 best 15.958
  step 1950/1999 best 16.084
saved SBC_CHAINS_cnn_vmim__n1_seed_s2_sim417_row395572_noise4796_4975_5154 (240000, 4) acc=0.273
  step 0/1999 best -21.770
  step 50/1999 best 1.012
  step 100/1999 best 8.752
  step 150/1999 best 13.050
  step 200/1999 best 14.016
  step 250/1999 best 13.618
  step 300/1999 best 14.111
  step 350/1999 best 13.833
  step 400/1999 best 13.786
  step 450/1999 best 13.976
  step 500/1999 best 13.736
  step 550/1999 best 13.942
  step 600/1999 best 14.001
  step 650/1999 best 14.061
  step 700/1999 best 13.873
  step 750/1999 best 13.984
  step 800/1999 best 14.078
  step 850/1999 best 14.000
  step 900/1999 best 13.940
  step 950/1999 best 14.104
  step 1000/1999 best 13.982
  step 1050/1999 best 13.880
  step 1100/1999 best 13.928
  step 1150/1999 best 14.134
  step 1200/1999 best 14.039
  step 1250/1999 best 14.060
  step 1300/1999 best 13.934
  step 1350/1999 best 14.008
  step 1400/1999 best 14.008
  step 1450/1999 best 13.896
  step 1500/1999 best 13.996
  step 1550/1999 best 13.880
  step 1600/1999 best 13.905
  step 1650/1999 best 14.089
  step 1700/1999 best 14.041
  step 1750/1999 best 13.982
  step 1800/1999 best 14.011
  step 1850/1999 best 13.983
  step 1900/1999 best 13.996
  step 1950/1999 best 14.035
saved SBC_CHAINS_cnn_vmim__n1_seed_s2_sim2012_row1623166_noise7254_7433_7612 (240000, 4) acc=0.249
  step 0/1999 best -22.335
  step 50/1999 best -2.642
  step 100/1999 best 2.096
  step 150/1999 best 14.652
  step 200/1999 best 13.923
  step 250/1999 best 14.823
  step 300/1999 best 14.600
  step 350/1999 best 15.095
  step 400/1999 best 15.099
  step 450/1999 best 15.047
  step 500/1999 best 14.980
  step 550/1999 best 15.008
  step 600/1999 best 14.943
  step 650/1999 best 15.060
  step 700/1999 best 15.097
  step 750/1999 best 15.169
  step 800/1999 best 14.954
  step 850/1999 best 15.216
  step 900/1999 best 15.221
  step 950/1999 best 15.179
  step 1000/1999 best 14.974
  step 1050/1999 best 15.090
  step 1100/1999 best 15.152
  step 1150/1999 best 15.082
  step 1200/1999 best 15.230
  step 1250/1999 best 15.102
  step 1300/1999 best 15.167
  step 1350/1999 best 15.157
  step 1400/1999 best 15.087
  step 1450/1999 best 15.084
  step 1500/1999 best 15.224
  step 1550/1999 best 15.230
  step 1600/1999 best 15.209
  step 1650/1999 best 15.229
  step 1700/1999 best 15.089
  step 1750/1999 best 15.172
  step 1800/1999 best 15.223
  step 1850/1999 best 15.245
  step 1900/1999 best 15.158
  step 1950/1999 best 15.233
saved SBC_CHAINS_cnn_vmim__n1_seed_s2_sim1753_row1506390_noise4006_4185_4364 (240000, 4) acc=0.241
  step 0/1999 best -17.529
  step 50/1999 best -1.528
  step 100/1999 best 5.679
  step 150/1999 best 13.453
  step 200/1999 best 16.039
  step 250/1999 best 15.742
  step 300/1999 best 15.893
  step 350/1999 best 16.117
  step 400/1999 best 16.276
  step 450/1999 best 16.493
  step 500/1999 best 16.258
  step 550/1999 best 16.412
  step 600/1999 best 16.220
  step 650/1999 best 16.314
  step 700/1999 best 16.408
  step 750/1999 best 16.344
  step 800/1999 best 16.444
  step 850/1999 best 16.461
  step 900/1999 best 16.288
  step 950/1999 best 16.324
  step 1000/1999 best 16.306
  step 1050/1999 best 16.374
  step 1100/1999 best 16.297
  step 1150/1999 best 16.363
  step 1200/1999 best 16.448
  step 1250/1999 best 16.422
  step 1300/1999 best 16.359
  step 1350/1999 best 16.415
  step 1400/1999 best 16.422
  step 1450/1999 best 16.316
  step 1500/1999 best 16.396
  step 1550/1999 best 16.314
  step 1600/1999 best 16.305
  step 1650/1999 best 16.286
  step 1700/1999 best 16.442
  step 1750/1999 best 16.399
  step 1800/1999 best 16.491
  step 1850/1999 best 16.446
  step 1900/1999 best 16.411
  step 1950/1999 best 16.469
saved SBC_CHAINS_cnn_vmim__n1_seed_s2_sim722_row671426_noise4982_5161_5340 (240000, 4) acc=0.302
  step 0/1999 best -26.961
  step 50/1999 best 1.846
  step 100/1999 best 7.418
  step 150/1999 best 12.710
  step 200/1999 best 15.050
  step 250/1999 best 15.727
  step 300/1999 best 15.904
  step 350/1999 best 15.795
  step 400/1999 best 16.065
  step 450/1999 best 15.912
  step 500/1999 best 15.827
  step 550/1999 best 15.992
  step 600/1999 best 15.781
  step 650/1999 best 16.020
  step 700/1999 best 15.861
  step 750/1999 best 15.846
  step 800/1999 best 16.036
  step 850/1999 best 15.820
  step 900/1999 best 16.006
  step 950/1999 best 15.806
  step 1000/1999 best 15.861
  step 1050/1999 best 15.997
  step 1100/1999 best 15.948
  step 1150/1999 best 15.887
  step 1200/1999 best 15.956
  step 1250/1999 best 16.069
  step 1300/1999 best 16.024
  step 1350/1999 best 16.049
  step 1400/1999 best 15.931
  step 1450/1999 best 15.822
  step 1500/1999 best 16.014
  step 1550/1999 best 15.861
  step 1600/1999 best 15.974
  step 1650/1999 best 15.814
  step 1700/1999 best 15.970
  step 1750/1999 best 15.907
  step 1800/1999 best 16.061
  step 1850/1999 best 16.071
  step 1900/1999 best 15.921
  step 1950/1999 best 15.964
saved SBC_CHAINS_cnn_vmim__n1_seed_s2_sim2049_row1659255_noise5031_5210_5389 (240000, 4) acc=0.315
  step 0/1999 best -16.441
  step 50/1999 best 3.840
  step 100/1999 best 11.868
  step 150/1999 best 15.631
  step 200/1999 best 15.487
  step 250/1999 best 16.192
  step 300/1999 best 15.505
  step 350/1999 best 15.289
  step 400/1999 best 16.048
  step 450/1999 best 15.967
  step 500/1999 best 16.091
  step 550/1999 best 16.311
  step 600/1999 best 16.167
  step 650/1999 best 16.164
  step 700/1999 best 16.318
  step 750/1999 best 16.325
  step 800/1999 best 16.320
  step 850/1999 best 16.208
  step 900/1999 best 16.309
  step 950/1999 best 16.201
  step 1000/1999 best 16.335
  step 1050/1999 best 16.094
  step 1100/1999 best 16.391
  step 1150/1999 best 16.379
  step 1200/1999 best 16.360
  step 1250/1999 best 16.370
  step 1300/1999 best 16.324
  step 1350/1999 best 16.380
  step 1400/1999 best 16.173
  step 1450/1999 best 16.229
  step 1500/1999 best 16.393
  step 1550/1999 best 16.367
  step 1600/1999 best 16.378
  step 1650/1999 best 16.293
  step 1700/1999 best 16.172
  step 1750/1999 best 16.131
  step 1800/1999 best 16.400
  step 1850/1999 best 16.279
  step 1900/1999 best 16.294
  step 1950/1999 best 16.364
saved SBC_CHAINS_cnn_vmim__n1_seed_s2_sim832_row781107_noise6555_6734_6913 (240000, 4) acc=0.300
  step 0/1999 best -27.928
  step 50/1999 best 0.008
  step 100/1999 best 5.050
  step 150/1999 best 7.585
  step 200/1999 best 13.945
  step 250/1999 best 14.936
  step 300/1999 best 15.410
  step 350/1999 best 15.801
  step 400/1999 best 16.216
  step 450/1999 best 16.293
  step 500/1999 best 16.211
  step 550/1999 best 16.185
  step 600/1999 best 16.125
  step 650/1999 best 16.184
  step 700/1999 best 16.201
  step 750/1999 best 16.352
  step 800/1999 best 16.118
  step 850/1999 best 16.175
  step 900/1999 best 16.182
  step 950/1999 best 16.383
  step 1000/1999 best 16.296
  step 1050/1999 best 16.253
  step 1100/1999 best 16.279
  step 1150/1999 best 16.262
  step 1200/1999 best 16.317
  step 1250/1999 best 16.259
  step 1300/1999 best 16.350
  step 1350/1999 best 16.274
  step 1400/1999 best 16.188
  step 1450/1999 best 16.158
  step 1500/1999 best 16.264
  step 1550/1999 best 16.269
  step 1600/1999 best 16.326
  step 1650/1999 best 16.262
  step 1700/1999 best 16.329
  step 1750/1999 best 16.242
  step 1800/1999 best 16.321
  step 1850/1999 best 16.165
  step 1900/1999 best 16.210
  step 1950/1999 best 16.283
saved SBC_CHAINS_cnn_vmim__n1_seed_s2_sim1730_row1483105_noise377_556_735 (240000, 4) acc=0.242
  step 0/1999 best -15.577
  step 50/1999 best 9.864
  step 100/1999 best 7.757
  step 150/1999 best 13.905
  step 200/1999 best 15.902
  step 250/1999 best 15.565
  step 300/1999 best 15.854
  step 350/1999 best 15.910
  step 400/1999 best 16.065
  step 450/1999 best 16.323
  step 500/1999 best 16.271
  step 550/1999 best 16.109
  step 600/1999 best 16.286
  step 650/1999 best 16.082
  step 700/1999 best 16.230
  step 750/1999 best 16.225
  step 800/1999 best 16.261
  step 850/1999 best 16.258
  step 900/1999 best 16.211
  step 950/1999 best 16.263
  step 1000/1999 best 16.190
  step 1050/1999 best 16.252
  step 1100/1999 best 16.177
  step 1150/1999 best 16.259
  step 1200/1999 best 16.373
  step 1250/1999 best 16.218
  step 1300/1999 best 16.373
  step 1350/1999 best 16.219
  step 1400/1999 best 16.281
  step 1450/1999 best 16.160
  step 1500/1999 best 16.354
  step 1550/1999 best 16.366
  step 1600/1999 best 16.262
  step 1650/1999 best 16.244
  step 1700/1999 best 16.338
  step 1750/1999 best 16.294
  step 1800/1999 best 16.267
  step 1850/1999 best 16.270
  step 1900/1999 best 16.295
  step 1950/1999 best 16.210
saved SBC_CHAINS_cnn_vmim__n1_seed_s2_sim964_row913340_noise1196_1375_1554 (240000, 4) acc=0.391
  step 0/1999 best -19.204
  step 50/1999 best 2.085
  step 100/1999 best 7.061
  step 150/1999 best 8.296
  step 200/1999 best 9.444
  step 250/1999 best 10.063
  step 300/1999 best 10.316
  step 350/1999 best 10.240
  step 400/1999 best 10.321
  step 450/1999 best 10.429
  step 500/1999 best 10.431
  step 550/1999 best 10.435
  step 600/1999 best 10.318
  step 650/1999 best 10.309
  step 700/1999 best 10.363
  step 750/1999 best 10.450
  step 800/1999 best 10.430
  step 850/1999 best 10.337
  step 900/1999 best 10.292
  step 950/1999 best 10.445
  step 1000/1999 best 10.240
  step 1050/1999 best 10.381
  step 1100/1999 best 10.399
  step 1150/1999 best 10.424
  step 1200/1999 best 10.325
  step 1250/1999 best 10.456
  step 1300/1999 best 10.450
  step 1350/1999 best 10.444
  step 1400/1999 best 10.277
  step 1450/1999 best 10.450
  step 1500/1999 best 10.299
  step 1550/1999 best 10.338
  step 1600/1999 best 10.406
  step 1650/1999 best 10.430
  step 1700/1999 best 10.382
  step 1750/1999 best 10.442
  step 1800/1999 best 10.377
  step 1850/1999 best 10.366
  step 1900/1999 best 10.464
  step 1950/1999 best 10.319
saved SBC_CHAINS_cnn_vmim__n1_seed_s2_sim3019_row2614420_noise2224_2403_2582 (240000, 4) acc=0.391
  step 0/1999 best -22.417
  step 50/1999 best 1.468
  step 100/1999 best 5.218
  step 150/1999 best 12.198
  step 200/1999 best 13.749
  step 250/1999 best 14.553
  step 300/1999 best 14.724
  step 350/1999 best 15.009
  step 400/1999 best 14.877
  step 450/1999 best 15.019
  step 500/1999 best 14.910
  step 550/1999 best 15.130
  step 600/1999 best 15.138
  step 650/1999 best 15.130
  step 700/1999 best 14.900
  step 750/1999 best 15.064
  step 800/1999 best 14.975
  step 850/1999 best 15.030
  step 900/1999 best 14.941
  step 950/1999 best 15.106
  step 1000/1999 best 15.167
  step 1050/1999 best 15.148
  step 1100/1999 best 15.024
  step 1150/1999 best 15.079
  step 1200/1999 best 15.018
  step 1250/1999 best 14.815
  step 1300/1999 best 15.149
  step 1350/1999 best 15.040
  step 1400/1999 best 15.125
  step 1450/1999 best 15.019
  step 1500/1999 best 15.074
  step 1550/1999 best 15.047
  step 1600/1999 best 15.123
  step 1650/1999 best 15.172
  step 1700/1999 best 15.099
  step 1750/1999 best 15.167
  step 1800/1999 best 15.069
  step 1850/1999 best 15.120
  step 1900/1999 best 14.972
  step 1950/1999 best 15.128
saved SBC_CHAINS_cnn_vmim__n1_seed_s2_sim993_row942205_noise577_756_935 (240000, 4) acc=0.288
  step 0/1999 best -21.909
  step 50/1999 best -1.191
  step 100/1999 best 9.023
  step 150/1999 best 10.323
  step 200/1999 best 15.245
  step 250/1999 best 15.413
  step 300/1999 best 15.818
  step 350/1999 best 15.575
  step 400/1999 best 15.997
  step 450/1999 best 15.956
  step 500/1999 best 15.989
  step 550/1999 best 15.993
  step 600/1999 best 15.832
  step 650/1999 best 15.817
  step 700/1999 best 15.934
  step 750/1999 best 16.015
  step 800/1999 best 15.783
  step 850/1999 best 15.728
  step 900/1999 best 16.009
  step 950/1999 best 15.867
  step 1000/1999 best 15.984
  step 1050/1999 best 15.880
  step 1100/1999 best 15.827
  step 1150/1999 best 15.775
  step 1200/1999 best 15.967
  step 1250/1999 best 15.855
  step 1300/1999 best 15.947
  step 1350/1999 best 15.811
  step 1400/1999 best 15.903
  step 1450/1999 best 15.928
  step 1500/1999 best 15.914
  step 1550/1999 best 15.794
  step 1600/1999 best 15.913
  step 1650/1999 best 15.831
  step 1700/1999 best 16.022
  step 1750/1999 best 15.819
  step 1800/1999 best 15.891
  step 1850/1999 best 15.978
  step 1900/1999 best 15.895
  step 1950/1999 best 15.949
saved SBC_CHAINS_cnn_vmim__n1_seed_s2_sim2991_row2586914_noise4202_4381_4560 (240000, 4) acc=0.359
  step 0/1999 best -20.067
  step 50/1999 best 9.243
  step 100/1999 best 13.561
  step 150/1999 best 16.443
  step 200/1999 best 16.144
  step 250/1999 best 16.330
  step 300/1999 best 16.537
  step 350/1999 best 16.644
  step 400/1999 best 16.567
  step 450/1999 best 16.473
  step 500/1999 best 16.622
  step 550/1999 best 16.707
  step 600/1999 best 16.647
  step 650/1999 best 16.579
  step 700/1999 best 16.597
  step 750/1999 best 16.691
  step 800/1999 best 16.594
  step 850/1999 best 16.722
  step 900/1999 best 16.543
  step 950/1999 best 16.645
  step 1000/1999 best 16.672
  step 1050/1999 best 16.724
  step 1100/1999 best 16.693
  step 1150/1999 best 16.542
  step 1200/1999 best 16.531
  step 1250/1999 best 16.554
  step 1300/1999 best 16.447
  step 1350/1999 best 16.661
  step 1400/1999 best 16.544
  step 1450/1999 best 16.672
  step 1500/1999 best 16.572
  step 1550/1999 best 16.642
  step 1600/1999 best 16.654
  step 1650/1999 best 16.576
  step 1700/1999 best 16.737
  step 1750/1999 best 16.677
  step 1800/1999 best 16.605
  step 1850/1999 best 16.621
  step 1900/1999 best 16.666
  step 1950/1999 best 16.494
saved SBC_CHAINS_cnn_vmim__n1_seed_s2_sim2073_row1683333_noise9453_9632_9811 (240000, 4) acc=0.341
  step 0/1999 best -11.390
  step 50/1999 best 0.420
  step 100/1999 best 0.951
  step 150/1999 best 9.353
  step 200/1999 best 12.122
  step 250/1999 best 13.164
  step 300/1999 best 14.902
  step 350/1999 best 15.411
  step 400/1999 best 15.429
  step 450/1999 best 14.950
  step 500/1999 best 15.360
  step 550/1999 best 15.342
  step 600/1999 best 15.463
  step 650/1999 best 15.568
  step 700/1999 best 15.649
  step 750/1999 best 15.712
  step 800/1999 best 15.755
  step 850/1999 best 15.721
  step 900/1999 best 15.798
  step 950/1999 best 15.866
  step 1000/1999 best 15.936
  step 1050/1999 best 15.848
  step 1100/1999 best 15.558
  step 1150/1999 best 16.008
  step 1200/1999 best 15.894
  step 1250/1999 best 15.738
  step 1300/1999 best 15.947
  step 1350/1999 best 15.814
  step 1400/1999 best 15.893
  step 1450/1999 best 15.853
  step 1500/1999 best 15.983
  step 1550/1999 best 15.745
  step 1600/1999 best 15.873
  step 1650/1999 best 15.822
  step 1700/1999 best 15.696
  step 1750/1999 best 15.931
  step 1800/1999 best 16.026
  step 1850/1999 best 15.759
  step 1900/1999 best 15.891
  step 1950/1999 best 15.846
saved SBC_CHAINS_cnn_vmim__n1_seed_s2_sim670_row621697_noise2393_2572_2751 (240000, 4) acc=0.185
  step 0/1999 best -16.504
  step 50/1999 best -6.246
  step 100/1999 best -2.971
  step 150/1999 best 5.174
  step 200/1999 best 5.872
  step 250/1999 best 6.146
  step 300/1999 best 5.966
  step 350/1999 best 6.033
  step 400/1999 best 6.065
  step 450/1999 best 5.955
  step 500/1999 best 6.070
  step 550/1999 best 6.052
  step 600/1999 best 5.963
  step 650/1999 best 6.164
  step 700/1999 best 5.952
  step 750/1999 best 6.047
  step 800/1999 best 5.728
  step 850/1999 best 6.030
  step 900/1999 best 6.085
  step 950/1999 best 6.054
  step 1000/1999 best 6.103
  step 1050/1999 best 6.089
  step 1100/1999 best 6.045
  step 1150/1999 best 6.119
  step 1200/1999 best 6.126
  step 1250/1999 best 6.028
  step 1300/1999 best 6.070
  step 1350/1999 best 6.030
  step 1400/1999 best 6.067
  step 1450/1999 best 5.990
  step 1500/1999 best 6.017
  step 1550/1999 best 6.066
  step 1600/1999 best 6.145
  step 1650/1999 best 6.040
  step 1700/1999 best 6.163
  step 1750/1999 best 6.077
  step 1800/1999 best 6.119
  step 1850/1999 best 5.998
  step 1900/1999 best 5.993
  step 1950/1999 best 6.129
saved SBC_CHAINS_cnn_vmim__n1_seed_s2_sim2869_row2464627_noise9679_30_209 (240000, 4) acc=0.276
  step 0/1999 best -21.596
  step 50/1999 best -2.041
  step 100/1999 best -0.872
  step 150/1999 best 11.158
  step 200/1999 best 15.212
  step 250/1999 best 16.161
  step 300/1999 best 16.962
  step 350/1999 best 17.027
  step 400/1999 best 17.030
  step 450/1999 best 17.020
  step 500/1999 best 16.954
  step 550/1999 best 16.779
  step 600/1999 best 17.040
  step 650/1999 best 17.061
  step 700/1999 best 17.142
  step 750/1999 best 17.125
  step 800/1999 best 16.994
  step 850/1999 best 17.122
  step 900/1999 best 17.176
  step 950/1999 best 16.957
  step 1000/1999 best 17.234
  step 1050/1999 best 17.025
  step 1100/1999 best 16.946
  step 1150/1999 best 17.084
  step 1200/1999 best 17.223
  step 1250/1999 best 17.095
  step 1300/1999 best 17.078
  step 1350/1999 best 17.052
  step 1400/1999 best 16.969
  step 1450/1999 best 16.990
  step 1500/1999 best 17.181
  step 1550/1999 best 17.183
  step 1600/1999 best 17.029
  step 1650/1999 best 17.113
  step 1700/1999 best 17.164
  step 1750/1999 best 17.114
  step 1800/1999 best 17.217
  step 1850/1999 best 17.186
  step 1900/1999 best 17.210
  step 1950/1999 best 17.188
saved SBC_CHAINS_cnn_vmim__n1_seed_s2_sim1345_row1154721_noise9113_9292_9471 (240000, 4) acc=0.305
  step 0/1999 best -15.892
  step 50/1999 best -0.730
  step 100/1999 best -0.044
  step 150/1999 best 5.277
  step 200/1999 best 10.607
  step 250/1999 best 15.450
  step 300/1999 best 15.416
  step 350/1999 best 15.042
  step 400/1999 best 14.585
  step 450/1999 best 15.580
  step 500/1999 best 15.481
  step 550/1999 best 15.074
  step 600/1999 best 15.419
  step 650/1999 best 15.611
  step 700/1999 best 15.453
  step 750/1999 best 15.397
  step 800/1999 best 15.620
  step 850/1999 best 15.411
  step 900/1999 best 15.738
  step 950/1999 best 15.407
  step 1000/1999 best 15.759
  step 1050/1999 best 15.344
  step 1100/1999 best 15.713
  step 1150/1999 best 15.685
  step 1200/1999 best 15.590
  step 1250/1999 best 15.522
  step 1300/1999 best 15.759
  step 1350/1999 best 15.623
  step 1400/1999 best 15.733
  step 1450/1999 best 15.772
  step 1500/1999 best 15.679
  step 1550/1999 best 15.583
  step 1600/1999 best 15.531
  step 1650/1999 best 15.579
  step 1700/1999 best 15.546
  step 1750/1999 best 15.524
  step 1800/1999 best 15.718
  step 1850/1999 best 15.720
  step 1900/1999 best 15.472
  step 1950/1999 best 15.584
saved SBC_CHAINS_cnn_vmim__n1_seed_s2_sim796_row745695_noise627_806_985 (240000, 4) acc=0.253
  step 0/1999 best -29.515
  step 50/1999 best 8.427
  step 100/1999 best 8.564
  step 150/1999 best 12.957
  step 200/1999 best 13.964
  step 250/1999 best 13.908
  step 300/1999 best 13.880
  step 350/1999 best 13.983
  step 400/1999 best 14.107
  step 450/1999 best 13.986
  step 500/1999 best 14.102
  step 550/1999 best 14.055
  step 600/1999 best 13.762
  step 650/1999 best 14.112
  step 700/1999 best 13.961
  step 750/1999 best 14.097
  step 800/1999 best 14.119
  step 850/1999 best 14.023
  step 900/1999 best 13.855
  step 950/1999 best 14.047
  step 1000/1999 best 14.052
  step 1050/1999 best 14.017
  step 1100/1999 best 14.013
  step 1150/1999 best 14.028
  step 1200/1999 best 13.976
  step 1250/1999 best 13.850
  step 1300/1999 best 13.997
  step 1350/1999 best 14.093
  step 1400/1999 best 14.085
  step 1450/1999 best 13.982
  step 1500/1999 best 14.055
  step 1550/1999 best 14.076
  step 1600/1999 best 14.030
  step 1650/1999 best 14.025
  step 1700/1999 best 13.946
  step 1750/1999 best 14.114
  step 1800/1999 best 14.116
  step 1850/1999 best 13.994
  step 1900/1999 best 13.908
  step 1950/1999 best 14.036
saved SBC_CHAINS_cnn_vmim__n1_seed_s2_sim3073_row2668451_noise7115_7294_7473 (240000, 4) acc=0.308
  step 0/1999 best -21.012
  step 50/1999 best 9.054
  step 100/1999 best 9.054
  step 150/1999 best 13.566
  step 200/1999 best 14.269
  step 250/1999 best 13.954
  step 300/1999 best 14.236
  step 350/1999 best 14.153
  step 400/1999 best 14.232
  step 450/1999 best 14.237
  step 500/1999 best 14.291
  step 550/1999 best 14.233
  step 600/1999 best 14.373
  step 650/1999 best 14.356
  step 700/1999 best 14.370
  step 750/1999 best 14.389
  step 800/1999 best 14.027
  step 850/1999 best 14.212
  step 900/1999 best 14.225
  step 950/1999 best 14.251
  step 1000/1999 best 14.301
  step 1050/1999 best 14.328
  step 1100/1999 best 14.288
  step 1150/1999 best 14.257
  step 1200/1999 best 14.307
  step 1250/1999 best 14.292
  step 1300/1999 best 14.364
  step 1350/1999 best 14.245
  step 1400/1999 best 14.369
  step 1450/1999 best 14.266
  step 1500/1999 best 14.203
  step 1550/1999 best 14.378
  step 1600/1999 best 14.358
  step 1650/1999 best 14.086
  step 1700/1999 best 14.285
  step 1750/1999 best 14.314
  step 1800/1999 best 14.322
  step 1850/1999 best 14.262
  step 1900/1999 best 14.109
  step 1950/1999 best 14.217
saved SBC_CHAINS_cnn_vmim__n1_seed_s2_sim2077_row1687884_noise4176_4355_4534 (240000, 4) acc=0.310
  step 0/1999 best -16.321
  step 50/1999 best 1.530
  step 100/1999 best 13.141
  step 150/1999 best 14.587
  step 200/1999 best 15.077
  step 250/1999 best 15.313
  step 300/1999 best 15.389
  step 350/1999 best 15.483
  step 400/1999 best 15.241
  step 450/1999 best 15.163
  step 500/1999 best 15.290
  step 550/1999 best 15.147
  step 600/1999 best 15.412
  step 650/1999 best 15.373
  step 700/1999 best 15.409
  step 750/1999 best 15.390
  step 800/1999 best 15.452
  step 850/1999 best 15.414
  step 900/1999 best 15.434
  step 950/1999 best 15.332
  step 1000/1999 best 15.437
  step 1050/1999 best 15.346
  step 1100/1999 best 15.394
  step 1150/1999 best 15.267
  step 1200/1999 best 15.412
  step 1250/1999 best 15.321
  step 1300/1999 best 15.239
  step 1350/1999 best 15.487
  step 1400/1999 best 15.397
  step 1450/1999 best 15.384
  step 1500/1999 best 15.213
  step 1550/1999 best 15.402
  step 1600/1999 best 15.309
  step 1650/1999 best 15.355
  step 1700/1999 best 15.359
  step 1750/1999 best 15.362
  step 1800/1999 best 15.309
  step 1850/1999 best 15.255
  step 1900/1999 best 15.467
  step 1950/1999 best 15.245
saved SBC_CHAINS_cnn_vmim__n1_seed_s2_sim410_row388612_noise7664_7843_8022 (240000, 4) acc=0.259
  step 0/1999 best -22.809
  step 50/1999 best 6.283
  step 100/1999 best 4.201
  step 150/1999 best 11.330
  step 200/1999 best 12.939
  step 250/1999 best 12.762
  step 300/1999 best 13.163
  step 350/1999 best 13.036
  step 400/1999 best 13.057
  step 450/1999 best 12.861
  step 500/1999 best 13.049
  step 550/1999 best 13.100
  step 600/1999 best 12.902
  step 650/1999 best 12.765
  step 700/1999 best 13.153
  step 750/1999 best 13.143
  step 800/1999 best 13.156
  step 850/1999 best 12.896
  step 900/1999 best 13.074
  step 950/1999 best 13.157
  step 1000/1999 best 13.231
  step 1050/1999 best 13.158
  step 1100/1999 best 13.013
  step 1150/1999 best 13.099
  step 1200/1999 best 13.240
  step 1250/1999 best 13.150
  step 1300/1999 best 13.150
  step 1350/1999 best 13.219
  step 1400/1999 best 13.195
  step 1450/1999 best 13.167
  step 1500/1999 best 13.132
  step 1550/1999 best 13.088
  step 1600/1999 best 13.176
  step 1650/1999 best 13.224
  step 1700/1999 best 13.165
  step 1750/1999 best 13.177
  step 1800/1999 best 13.032
  step 1850/1999 best 13.129
  step 1900/1999 best 13.165
  step 1950/1999 best 13.186
saved SBC_CHAINS_cnn_vmim__n1_seed_s2_sim2612_row2211759_noise8339_8518_8697 (240000, 4) acc=0.180
  step 0/1999 best -12.352
  step 50/1999 best 5.422
  step 100/1999 best 5.765
  step 150/1999 best 9.235
  step 200/1999 best 12.059
  step 250/1999 best 12.528
  step 300/1999 best 12.726
  step 350/1999 best 13.014
  step 400/1999 best 13.018
  step 450/1999 best 12.832
  step 500/1999 best 13.156
  step 550/1999 best 13.168
  step 600/1999 best 13.173
  step 650/1999 best 13.112
  step 700/1999 best 13.194
  step 750/1999 best 12.938
  step 800/1999 best 13.188
  step 850/1999 best 13.185
  step 900/1999 best 13.187
  step 950/1999 best 13.084
  step 1000/1999 best 13.038
  step 1050/1999 best 13.100
  step 1100/1999 best 13.065
  step 1150/1999 best 13.113
  step 1200/1999 best 13.043
  step 1250/1999 best 13.140
  step 1300/1999 best 13.154
  step 1350/1999 best 13.217
  step 1400/1999 best 13.216
  step 1450/1999 best 13.083
  step 1500/1999 best 13.016
  step 1550/1999 best 12.967
  step 1600/1999 best 13.246
  step 1650/1999 best 12.913
  step 1700/1999 best 13.198
  step 1750/1999 best 13.242
  step 1800/1999 best 12.989
  step 1850/1999 best 13.167
  step 1900/1999 best 12.925
  step 1950/1999 best 13.186
saved SBC_CHAINS_cnn_vmim__n1_seed_s2_sim751_row700080_noise4152_4331_4510 (240000, 4) acc=0.218
  step 0/1999 best -1.793
  step 50/1999 best -3.702
  step 100/1999 best -1.867
  step 150/1999 best 2.168
  step 200/1999 best 10.882
  step 250/1999 best 12.299
  step 300/1999 best 12.566
  step 350/1999 best 12.678
  step 400/1999 best 12.815
  step 450/1999 best 12.958
  step 500/1999 best 13.150
  step 550/1999 best 13.131
  step 600/1999 best 12.997
  step 650/1999 best 13.172
  step 700/1999 best 13.039
  step 750/1999 best 13.144
  step 800/1999 best 13.176
  step 850/1999 best 12.941
  step 900/1999 best 12.789
  step 950/1999 best 13.130
  step 1000/1999 best 13.086
  step 1050/1999 best 12.758
  step 1100/1999 best 12.909
  step 1150/1999 best 13.036
  step 1200/1999 best 12.961
  step 1250/1999 best 13.059
  step 1300/1999 best 12.964
  step 1350/1999 best 13.058
  step 1400/1999 best 13.078
  step 1450/1999 best 13.071
  step 1500/1999 best 13.083
  step 1550/1999 best 12.972
  step 1600/1999 best 13.119
  step 1650/1999 best 13.115
  step 1700/1999 best 13.215
  step 1750/1999 best 13.180
  step 1800/1999 best 13.095
  step 1850/1999 best 13.038
  step 1900/1999 best 13.122
  step 1950/1999 best 13.173
saved SBC_CHAINS_cnn_vmim__n1_seed_s2_sim3020_row2615747_noise3551_3730_3909 (240000, 4) acc=0.208
  step 0/1999 best -33.105
  step 50/1999 best 2.585
  step 100/1999 best 10.848
  step 150/1999 best 15.191
  step 200/1999 best 15.878
  step 250/1999 best 15.958
  step 300/1999 best 15.918
  step 350/1999 best 16.099
  step 400/1999 best 16.261
  step 450/1999 best 16.086
  step 500/1999 best 16.137
  step 550/1999 best 16.091
  step 600/1999 best 15.902
  step 650/1999 best 16.172
  step 700/1999 best 16.184
  step 750/1999 best 16.253
  step 800/1999 best 16.263
  step 850/1999 best 16.259
  step 900/1999 best 16.141
  step 950/1999 best 16.135
  step 1000/1999 best 16.132
  step 1050/1999 best 16.205
  step 1100/1999 best 16.197
  step 1150/1999 best 16.216
  step 1200/1999 best 16.211
  step 1250/1999 best 16.024
  step 1300/1999 best 16.076
  step 1350/1999 best 16.148
  step 1400/1999 best 16.139
  step 1450/1999 best 16.108
  step 1500/1999 best 16.135
  step 1550/1999 best 16.190
  step 1600/1999 best 16.174
  step 1650/1999 best 16.145
  step 1700/1999 best 16.266
  step 1750/1999 best 15.990
  step 1800/1999 best 16.250
  step 1850/1999 best 16.091
  step 1900/1999 best 16.217
  step 1950/1999 best 16.268
saved SBC_CHAINS_cnn_vmim__n1_seed_s2_sim248_row234566_noise2866_3045_3224 (240000, 4) acc=0.269
  step 0/1999 best -23.507
  step 50/1999 best 1.355
  step 100/1999 best 5.129
  step 150/1999 best 9.385
  step 200/1999 best 10.908
  step 250/1999 best 12.477
  step 300/1999 best 13.601
  step 350/1999 best 14.006
  step 400/1999 best 14.111
  step 450/1999 best 13.801
  step 500/1999 best 14.267
  step 550/1999 best 14.333
  step 600/1999 best 14.259
  step 650/1999 best 14.282
  step 700/1999 best 14.336
  step 750/1999 best 14.377
  step 800/1999 best 14.336
  step 850/1999 best 14.255
  step 900/1999 best 14.268
  step 950/1999 best 14.271
  step 1000/1999 best 14.318
  step 1050/1999 best 14.215
  step 1100/1999 best 14.379
  step 1150/1999 best 14.239
  step 1200/1999 best 14.214
  step 1250/1999 best 14.388
  step 1300/1999 best 14.363
  step 1350/1999 best 14.265
  step 1400/1999 best 14.345
  step 1450/1999 best 14.365
  step 1500/1999 best 14.167
  step 1550/1999 best 14.318
  step 1600/1999 best 14.326
  step 1650/1999 best 14.362
  step 1700/1999 best 14.390
  step 1750/1999 best 14.396
  step 1800/1999 best 14.303
  step 1850/1999 best 14.278
  step 1900/1999 best 14.381
  step 1950/1999 best 14.278
saved SBC_CHAINS_cnn_vmim__n1_seed_s2_sim2828_row2423819_noise8183_8362_8541 (240000, 4) acc=0.286
  step 0/1999 best -20.482
  step 50/1999 best -0.115
  step 100/1999 best 11.258
  step 150/1999 best 13.686
  step 200/1999 best 14.490
  step 250/1999 best 16.512
  step 300/1999 best 16.373
  step 350/1999 best 16.395
  step 400/1999 best 16.683
  step 450/1999 best 17.134
  step 500/1999 best 16.846
  step 550/1999 best 17.055
  step 600/1999 best 17.095
  step 650/1999 best 16.856
  step 700/1999 best 17.145
  step 750/1999 best 16.662
  step 800/1999 best 17.021
  step 850/1999 best 17.121
  step 900/1999 best 17.024
  step 950/1999 best 17.136
  step 1000/1999 best 17.139
  step 1050/1999 best 17.067
  step 1100/1999 best 16.998
  step 1150/1999 best 17.017
  step 1200/1999 best 17.027
  step 1250/1999 best 17.163
  step 1300/1999 best 17.009
  step 1350/1999 best 17.055
  step 1400/1999 best 17.167
  step 1450/1999 best 17.026
  step 1500/1999 best 17.186
  step 1550/1999 best 17.025
  step 1600/1999 best 17.021
  step 1650/1999 best 16.993
  step 1700/1999 best 16.999
  step 1750/1999 best 17.051
  step 1800/1999 best 17.120
  step 1850/1999 best 17.003
  step 1900/1999 best 17.158
  step 1950/1999 best 17.087
saved SBC_CHAINS_cnn_vmim__n1_seed_s2_sim1972_row1583816_noise7216_7395_7574 (240000, 4) acc=0.268
  step 0/1999 best -27.025
  step 50/1999 best 2.545
  step 100/1999 best 11.132
  step 150/1999 best 14.284
  step 200/1999 best 15.368
  step 250/1999 best 15.370
  step 300/1999 best 15.450
  step 350/1999 best 15.407
  step 400/1999 best 15.492
  step 450/1999 best 15.250
  step 500/1999 best 15.520
  step 550/1999 best 15.423
  step 600/1999 best 15.265
  step 650/1999 best 15.477
  step 700/1999 best 15.497
  step 750/1999 best 15.500
  step 800/1999 best 15.541
  step 850/1999 best 15.499
  step 900/1999 best 15.398
  step 950/1999 best 15.558
  step 1000/1999 best 15.448
  step 1050/1999 best 15.355
  step 1100/1999 best 15.475
  step 1150/1999 best 15.483
  step 1200/1999 best 15.486
  step 1250/1999 best 15.421
  step 1300/1999 best 15.529
  step 1350/1999 best 15.368
  step 1400/1999 best 15.365
  step 1450/1999 best 15.406
  step 1500/1999 best 15.403
  step 1550/1999 best 15.430
  step 1600/1999 best 15.464
  step 1650/1999 best 15.480
  step 1700/1999 best 15.551
  step 1750/1999 best 15.365
  step 1800/1999 best 15.538
  step 1850/1999 best 15.346
  step 1900/1999 best 15.498
  step 1950/1999 best 15.494
saved SBC_CHAINS_cnn_vmim__n1_seed_s2_sim805_row754344_noise9276_9455_9634 (240000, 4) acc=0.289
  step 0/1999 best -25.290
  step 50/1999 best 2.461
  step 100/1999 best 13.268
  step 150/1999 best 15.424
  step 200/1999 best 15.964
  step 250/1999 best 16.966
  step 300/1999 best 16.660
  step 350/1999 best 16.931
  step 400/1999 best 16.977
  step 450/1999 best 17.116
  step 500/1999 best 16.936
  step 550/1999 best 17.048
  step 600/1999 best 17.167
  step 650/1999 best 16.887
  step 700/1999 best 17.008
  step 750/1999 best 16.759
  step 800/1999 best 17.028
  step 850/1999 best 17.216
  step 900/1999 best 17.085
  step 950/1999 best 17.106
  step 1000/1999 best 17.081
  step 1050/1999 best 17.180
  step 1100/1999 best 17.064
  step 1150/1999 best 17.024
  step 1200/1999 best 17.110
  step 1250/1999 best 17.165
  step 1300/1999 best 17.203
  step 1350/1999 best 17.178
  step 1400/1999 best 17.058
  step 1450/1999 best 17.063
  step 1500/1999 best 17.084
  step 1550/1999 best 17.054
  step 1600/1999 best 17.105
  step 1650/1999 best 17.159
  step 1700/1999 best 16.809
  step 1750/1999 best 17.056
  step 1800/1999 best 16.913
  step 1850/1999 best 17.087
  step 1900/1999 best 16.960
  step 1950/1999 best 17.178
saved SBC_CHAINS_cnn_vmim__n1_seed_s2_sim735_row684548_noise8276_8455_8634 (240000, 4) acc=0.262
  step 0/1999 best -17.136
  step 50/1999 best 4.774
  step 100/1999 best 9.348
  step 150/1999 best 10.332
  step 200/1999 best 11.064
  step 250/1999 best 10.892
  step 300/1999 best 11.048
  step 350/1999 best 10.987
  step 400/1999 best 11.028
  step 450/1999 best 10.914
  step 500/1999 best 10.950
  step 550/1999 best 10.853
  step 600/1999 best 11.001
  step 650/1999 best 10.887
  step 700/1999 best 11.022
  step 750/1999 best 11.000
  step 800/1999 best 10.992
  step 850/1999 best 10.840
  step 900/1999 best 11.016
  step 950/1999 best 10.692
  step 1000/1999 best 10.956
  step 1050/1999 best 11.052
  step 1100/1999 best 11.053
  step 1150/1999 best 11.001
  step 1200/1999 best 11.012
  step 1250/1999 best 11.111
  step 1300/1999 best 10.963
  step 1350/1999 best 11.011
  step 1400/1999 best 11.089
  step 1450/1999 best 10.962
  step 1500/1999 best 11.034
  step 1550/1999 best 10.866
  step 1600/1999 best 11.002
  step 1650/1999 best 10.755
  step 1700/1999 best 10.999
  step 1750/1999 best 11.008
  step 1800/1999 best 11.045
  step 1850/1999 best 11.088
  step 1900/1999 best 11.002
  step 1950/1999 best 11.086
saved SBC_CHAINS_cnn_vmim__n1_seed_s2_sim967_row916844_noise4700_4879_5058 (240000, 4) acc=0.331
  step 0/1999 best -22.649
  step 50/1999 best 0.242
  step 100/1999 best 12.392
  step 150/1999 best 11.947
  step 200/1999 best 14.672
  step 250/1999 best 16.787
  step 300/1999 best 16.898
  step 350/1999 best 16.738
  step 400/1999 best 16.771
  step 450/1999 best 17.057
  step 500/1999 best 16.928
  step 550/1999 best 17.164
  step 600/1999 best 16.972
  step 650/1999 best 17.132
  step 700/1999 best 17.017
  step 750/1999 best 17.149
  step 800/1999 best 17.116
  step 850/1999 best 17.215
  step 900/1999 best 16.991
  step 950/1999 best 17.091
  step 1000/1999 best 17.017
  step 1050/1999 best 17.150
  step 1100/1999 best 16.986
  step 1150/1999 best 17.226
  step 1200/1999 best 17.114
  step 1250/1999 best 17.181
  step 1300/1999 best 17.145
  step 1350/1999 best 17.035
  step 1400/1999 best 17.017
  step 1450/1999 best 17.242
  step 1500/1999 best 17.175
  step 1550/1999 best 17.054
  step 1600/1999 best 17.238
  step 1650/1999 best 17.067
  step 1700/1999 best 17.064
  step 1750/1999 best 17.119
  step 1800/1999 best 17.146
  step 1850/1999 best 17.163
  step 1900/1999 best 17.231
  step 1950/1999 best 17.209
saved SBC_CHAINS_cnn_vmim__n1_seed_s2_sim2074_row1684466_noise758_937_1116 (240000, 4) acc=0.340
  step 0/1999 best -22.060
  step 50/1999 best 1.785
  step 100/1999 best 8.506
  step 150/1999 best 11.980
  step 200/1999 best 14.483
  step 250/1999 best 15.282
  step 300/1999 best 15.962
  step 350/1999 best 16.201
  step 400/1999 best 15.972
  step 450/1999 best 15.972
  step 500/1999 best 16.231
  step 550/1999 best 16.216
  step 600/1999 best 16.329
  step 650/1999 best 16.263
  step 700/1999 best 16.147
  step 750/1999 best 16.304
  step 800/1999 best 16.201
  step 850/1999 best 16.267
  step 900/1999 best 16.147
  step 950/1999 best 16.395
  step 1000/1999 best 16.192
  step 1050/1999 best 16.314
  step 1100/1999 best 16.222
  step 1150/1999 best 16.301
  step 1200/1999 best 16.331
  step 1250/1999 best 16.275
  step 1300/1999 best 16.130
  step 1350/1999 best 16.288
  step 1400/1999 best 16.202
  step 1450/1999 best 16.269
  step 1500/1999 best 16.194
  step 1550/1999 best 16.159
  step 1600/1999 best 16.190
  step 1650/1999 best 16.172
  step 1700/1999 best 16.399
  step 1750/1999 best 16.341
  step 1800/1999 best 16.289
  step 1850/1999 best 16.302
  step 1900/1999 best 16.254
  step 1950/1999 best 16.265
saved SBC_CHAINS_cnn_vmim__n1_seed_s2_sim213_row199026_noise6638_6817_6996 (240000, 4) acc=0.211
  step 0/1999 best -22.868
  step 50/1999 best -3.260
  step 100/1999 best 6.334
  step 150/1999 best 14.885
  step 200/1999 best 15.690
  step 250/1999 best 15.034
  step 300/1999 best 15.826
  step 350/1999 best 16.500
  step 400/1999 best 16.984
  step 450/1999 best 16.832
  step 500/1999 best 16.789
  step 550/1999 best 16.846
  step 600/1999 best 16.924
  step 650/1999 best 17.000
  step 700/1999 best 16.962
  step 750/1999 best 16.978
  step 800/1999 best 16.942
  step 850/1999 best 16.822
  step 900/1999 best 16.936
  step 950/1999 best 16.777
  step 1000/1999 best 17.037
  step 1050/1999 best 16.995
  step 1100/1999 best 16.946
  step 1150/1999 best 17.019
  step 1200/1999 best 16.994
  step 1250/1999 best 16.972
  step 1300/1999 best 17.002
  step 1350/1999 best 16.986
  step 1400/1999 best 16.866
  step 1450/1999 best 16.952
  step 1500/1999 best 17.033
  step 1550/1999 best 16.954
  step 1600/1999 best 17.000
  step 1650/1999 best 16.929
  step 1700/1999 best 16.976
  step 1750/1999 best 16.999
  step 1800/1999 best 16.996
  step 1850/1999 best 16.973
  step 1900/1999 best 16.988
  step 1950/1999 best 17.014
saved SBC_CHAINS_cnn_vmim__n1_seed_s2_sim430_row408512_noise7908_8087_8266 (240000, 4) acc=0.294
  step 0/1999 best -20.257
  step 50/1999 best 1.058
  step 100/1999 best 5.234
  step 150/1999 best 10.844
  step 200/1999 best 11.377
  step 250/1999 best 11.628
  step 300/1999 best 11.679
  step 350/1999 best 11.840
  step 400/1999 best 11.997
  step 450/1999 best 11.913
  step 500/1999 best 11.989
  step 550/1999 best 11.989
  step 600/1999 best 11.760
  step 650/1999 best 11.911
  step 700/1999 best 11.995
  step 750/1999 best 11.937
  step 800/1999 best 11.952
  step 850/1999 best 11.919
  step 900/1999 best 11.803
  step 950/1999 best 11.874
  step 1000/1999 best 11.968
  step 1050/1999 best 11.925
  step 1100/1999 best 11.902
  step 1150/1999 best 11.946
  step 1200/1999 best 11.878
  step 1250/1999 best 11.828
  step 1300/1999 best 11.773
  step 1350/1999 best 11.851
  step 1400/1999 best 11.959
  step 1450/1999 best 11.975
  step 1500/1999 best 12.004
  step 1550/1999 best 11.962
  step 1600/1999 best 11.986
  step 1650/1999 best 11.935
  step 1700/1999 best 11.949
  step 1750/1999 best 11.921
  step 1800/1999 best 11.949
  step 1850/1999 best 11.931
  step 1900/1999 best 11.955
  step 1950/1999 best 11.972
saved SBC_CHAINS_cnn_vmim__n1_seed_s2_sim451_row429325_noise9065_9244_9423 (240000, 4) acc=0.294
  step 0/1999 best -14.440
  step 50/1999 best 1.660
  step 100/1999 best 6.931
  step 150/1999 best 15.007
  step 200/1999 best 15.703
  step 250/1999 best 15.974
  step 300/1999 best 15.852
  step 350/1999 best 15.871
  step 400/1999 best 15.958
  step 450/1999 best 15.934
  step 500/1999 best 16.038
  step 550/1999 best 15.987
  step 600/1999 best 15.862
  step 650/1999 best 15.974
  step 700/1999 best 15.904
  step 750/1999 best 15.996
  step 800/1999 best 15.841
  step 850/1999 best 16.000
  step 900/1999 best 15.970
  step 950/1999 best 15.827
  step 1000/1999 best 16.042
  step 1050/1999 best 16.072
  step 1100/1999 best 16.041
  step 1150/1999 best 15.986
  step 1200/1999 best 16.006
  step 1250/1999 best 15.987
  step 1300/1999 best 15.860
  step 1350/1999 best 15.958
  step 1400/1999 best 16.092
  step 1450/1999 best 16.020
  step 1500/1999 best 15.994
  step 1550/1999 best 16.028
  step 1600/1999 best 16.012
  step 1650/1999 best 16.036
  step 1700/1999 best 16.028
  step 1750/1999 best 15.887
  step 1800/1999 best 15.960
  step 1850/1999 best 16.052
  step 1900/1999 best 16.054
  step 1950/1999 best 15.972
saved SBC_CHAINS_cnn_vmim__n1_seed_s2_sim740_row689534_noise3434_3613_3792 (240000, 4) acc=0.273
  step 0/1999 best -24.926
  step 50/1999 best 1.576
  step 100/1999 best 8.621
  step 150/1999 best 14.879
  step 200/1999 best 15.456
  step 250/1999 best 15.365
  step 300/1999 best 16.699
  step 350/1999 best 16.962
  step 400/1999 best 16.851
  step 450/1999 best 17.107
  step 500/1999 best 17.077
  step 550/1999 best 17.005
  step 600/1999 best 17.105
  step 650/1999 best 17.105
  step 700/1999 best 17.143
  step 750/1999 best 16.925
  step 800/1999 best 17.135
  step 850/1999 best 17.056
  step 900/1999 best 16.992
  step 950/1999 best 17.140
  step 1000/1999 best 17.130
  step 1050/1999 best 17.110
  step 1100/1999 best 17.116
  step 1150/1999 best 17.065
  step 1200/1999 best 16.871
  step 1250/1999 best 16.995
  step 1300/1999 best 16.976
  step 1350/1999 best 17.076
  step 1400/1999 best 17.017
  step 1450/1999 best 16.923
  step 1500/1999 best 17.088
  step 1550/1999 best 17.106
  step 1600/1999 best 17.025
  step 1650/1999 best 16.973
  step 1700/1999 best 16.996
  step 1750/1999 best 17.183
  step 1800/1999 best 17.113
  step 1850/1999 best 17.015
  step 1900/1999 best 16.981
  step 1950/1999 best 16.987
saved SBC_CHAINS_cnn_vmim__n1_seed_s2_sim109_row108773_noise1665_1844_2023 (240000, 4) acc=0.310
  step 0/1999 best -15.734
  step 50/1999 best -8.888
  step 100/1999 best 5.189
  step 150/1999 best 8.754
  step 200/1999 best 11.441
  step 250/1999 best 13.077
  step 300/1999 best 13.092
  step 350/1999 best 13.280
  step 400/1999 best 13.304
  step 450/1999 best 13.184
  step 500/1999 best 13.075
  step 550/1999 best 13.330
  step 600/1999 best 13.339
  step 650/1999 best 13.173
  step 700/1999 best 13.127
  step 750/1999 best 13.288
  step 800/1999 best 13.288
  step 850/1999 best 13.263
  step 900/1999 best 13.252
  step 950/1999 best 13.278
  step 1000/1999 best 13.297
  step 1050/1999 best 13.275
  step 1100/1999 best 13.240
  step 1150/1999 best 13.219
  step 1200/1999 best 13.173
  step 1250/1999 best 13.250
  step 1300/1999 best 13.283
  step 1350/1999 best 13.242
  step 1400/1999 best 13.244
  step 1450/1999 best 13.223
  step 1500/1999 best 13.273
  step 1550/1999 best 13.281
  step 1600/1999 best 13.102
  step 1650/1999 best 13.218
  step 1700/1999 best 13.282
  step 1750/1999 best 13.320
  step 1800/1999 best 13.302
  step 1850/1999 best 13.310
  step 1900/1999 best 13.251
  step 1950/1999 best 13.115
saved SBC_CHAINS_cnn_vmim__n1_seed_s2_sim2481_row2080689_noise5033_5212_5391 (240000, 4) acc=0.251
  step 0/1999 best -21.936
  step 50/1999 best -1.810
  step 100/1999 best 10.554
  step 150/1999 best 13.902
  step 200/1999 best 15.627
  step 250/1999 best 16.056
  step 300/1999 best 16.178
  step 350/1999 best 16.084
  step 400/1999 best 16.251
  step 450/1999 best 16.301
  step 500/1999 best 16.139
  step 550/1999 best 16.236
  step 600/1999 best 16.060
  step 650/1999 best 16.258
  step 700/1999 best 16.280
  step 750/1999 best 16.159
  step 800/1999 best 16.199
  step 850/1999 best 16.374
  step 900/1999 best 16.141
  step 950/1999 best 16.291
  step 1000/1999 best 16.251
  step 1050/1999 best 16.218
  step 1100/1999 best 16.310
  step 1150/1999 best 16.258
  step 1200/1999 best 16.241
  step 1250/1999 best 16.203
  step 1300/1999 best 16.217
  step 1350/1999 best 16.186
  step 1400/1999 best 16.270
  step 1450/1999 best 16.330
  step 1500/1999 best 16.189
  step 1550/1999 best 16.150
  step 1600/1999 best 16.112
  step 1650/1999 best 16.338
  step 1700/1999 best 16.197
  step 1750/1999 best 16.233
  step 1800/1999 best 16.279
  step 1850/1999 best 16.136
  step 1900/1999 best 16.286
  step 1950/1999 best 16.041
saved SBC_CHAINS_cnn_vmim__n1_seed_s2_sim1526_row1303826_noise3486_3665_3844 (240000, 4) acc=0.234
  step 0/1999 best -26.609
  step 50/1999 best 7.149
  step 100/1999 best 9.824
  step 150/1999 best 15.364
  step 200/1999 best 14.753
  step 250/1999 best 15.291
  step 300/1999 best 15.740
  step 350/1999 best 15.754
  step 400/1999 best 15.480
  step 450/1999 best 15.752
  step 500/1999 best 15.724
  step 550/1999 best 15.617
  step 600/1999 best 15.640
  step 650/1999 best 15.707
  step 700/1999 best 15.620
  step 750/1999 best 15.592
  step 800/1999 best 15.720
  step 850/1999 best 15.785
  step 900/1999 best 15.665
  step 950/1999 best 15.669
  step 1000/1999 best 15.656
  step 1050/1999 best 15.721
  step 1100/1999 best 15.733
  step 1150/1999 best 15.637
  step 1200/1999 best 15.642
  step 1250/1999 best 15.710
  step 1300/1999 best 15.659
  step 1350/1999 best 15.754
  step 1400/1999 best 15.706
  step 1450/1999 best 15.784
  step 1500/1999 best 15.737
  step 1550/1999 best 15.780
  step 1600/1999 best 15.743
  step 1650/1999 best 15.725
  step 1700/1999 best 15.610
  step 1750/1999 best 15.728
  step 1800/1999 best 15.566
  step 1850/1999 best 15.743
  step 1900/1999 best 15.645
  step 1950/1999 best 15.772
saved SBC_CHAINS_cnn_vmim__n1_seed_s2_sim1964_row1575538_noise8766_8945_9124 (240000, 4) acc=0.323
  step 0/1999 best -24.662
  step 50/1999 best -3.234
  step 100/1999 best 6.118
  step 150/1999 best 9.081
  step 200/1999 best 11.460
  step 250/1999 best 11.744
  step 300/1999 best 11.806
  step 350/1999 best 11.716
  step 400/1999 best 12.265
  step 450/1999 best 12.468
  step 500/1999 best 12.504
  step 550/1999 best 12.465
  step 600/1999 best 12.505
  step 650/1999 best 12.490
  step 700/1999 best 12.298
  step 750/1999 best 12.607
  step 800/1999 best 12.441
  step 850/1999 best 12.493
  step 900/1999 best 12.602
  step 950/1999 best 12.673
  step 1000/1999 best 12.608
  step 1050/1999 best 12.620
  step 1100/1999 best 12.389
  step 1150/1999 best 12.582
  step 1200/1999 best 12.716
  step 1250/1999 best 12.681
  step 1300/1999 best 12.458
  step 1350/1999 best 12.530
  step 1400/1999 best 12.509
  step 1450/1999 best 12.681
  step 1500/1999 best 12.570
  step 1550/1999 best 12.513
  step 1600/1999 best 12.575
  step 1650/1999 best 12.701
  step 1700/1999 best 12.578
  step 1750/1999 best 12.720
  step 1800/1999 best 12.551
  step 1850/1999 best 12.617
  step 1900/1999 best 12.661
  step 1950/1999 best 12.692
saved SBC_CHAINS_cnn_vmim__n1_seed_s2_sim687_row638391_noise9259_9438_9617 (240000, 4) acc=0.201
  step 0/1999 best -22.289
  step 50/1999 best 6.794
  step 100/1999 best 8.938
  step 150/1999 best 9.720
  step 200/1999 best 10.604
  step 250/1999 best 10.730
  step 300/1999 best 11.058
  step 350/1999 best 11.082
  step 400/1999 best 10.917
  step 450/1999 best 11.064
  step 500/1999 best 11.057
  step 550/1999 best 11.135
  step 600/1999 best 10.785
  step 650/1999 best 10.756
  step 700/1999 best 11.097
  step 750/1999 best 11.140
  step 800/1999 best 11.029
  step 850/1999 best 10.907
  step 900/1999 best 11.042
  step 950/1999 best 10.979
  step 1000/1999 best 11.091
  step 1050/1999 best 10.919
  step 1100/1999 best 10.873
  step 1150/1999 best 10.892
  step 1200/1999 best 11.129
  step 1250/1999 best 11.016
  step 1300/1999 best 10.981
  step 1350/1999 best 11.002
  step 1400/1999 best 11.019
  step 1450/1999 best 10.927
  step 1500/1999 best 10.934
  step 1550/1999 best 10.944
  step 1600/1999 best 10.782
  step 1650/1999 best 11.037
  step 1700/1999 best 11.067
  step 1750/1999 best 11.037
  step 1800/1999 best 10.940
  step 1850/1999 best 10.864
  step 1900/1999 best 10.894
  step 1950/1999 best 11.127
saved SBC_CHAINS_cnn_vmim__n1_seed_s2_sim2071_row1681096_noise7216_7395_7574 (240000, 4) acc=0.340
  step 0/1999 best -25.303
  step 50/1999 best 1.199
  step 100/1999 best 11.319
  step 150/1999 best 13.021
  step 200/1999 best 14.025
  step 250/1999 best 14.343
  step 300/1999 best 14.325
  step 350/1999 best 14.719
  step 400/1999 best 14.851
  step 450/1999 best 14.822
  step 500/1999 best 14.635
  step 550/1999 best 14.686
  step 600/1999 best 14.854
  step 650/1999 best 15.038
  step 700/1999 best 14.901
  step 750/1999 best 14.941
  step 800/1999 best 14.755
  step 850/1999 best 14.867
  step 900/1999 best 14.953
  step 950/1999 best 14.632
  step 1000/1999 best 14.885
  step 1050/1999 best 14.879
  step 1100/1999 best 14.844
  step 1150/1999 best 14.908
  step 1200/1999 best 14.946
  step 1250/1999 best 14.767
  step 1300/1999 best 14.695
  step 1350/1999 best 14.916
  step 1400/1999 best 14.941
  step 1450/1999 best 14.553
  step 1500/1999 best 14.818
  step 1550/1999 best 14.921
  step 1600/1999 best 14.977
  step 1650/1999 best 14.899
  step 1700/1999 best 14.801
  step 1750/1999 best 14.672
  step 1800/1999 best 14.980
  step 1850/1999 best 14.768
  step 1900/1999 best 15.019
  step 1950/1999 best 14.777
saved SBC_CHAINS_cnn_vmim__n1_seed_s2_sim2438_row2037615_noise1271_1450_1629 (240000, 4) acc=0.168
  step 0/1999 best -13.786
  step 50/1999 best 1.414
  step 100/1999 best 6.223
  step 150/1999 best 14.987
  step 200/1999 best 16.842
  step 250/1999 best 16.256
  step 300/1999 best 17.100
  step 350/1999 best 16.991
  step 400/1999 best 17.051
  step 450/1999 best 17.198
  step 500/1999 best 17.218
  step 550/1999 best 17.117
  step 600/1999 best 17.217
  step 650/1999 best 17.099
  step 700/1999 best 17.127
  step 750/1999 best 17.173
  step 800/1999 best 17.266
  step 850/1999 best 17.187
  step 900/1999 best 17.236
  step 950/1999 best 17.214
  step 1000/1999 best 17.278
  step 1050/1999 best 17.223
  step 1100/1999 best 17.246
  step 1150/1999 best 17.238
  step 1200/1999 best 17.181
  step 1250/1999 best 17.195
  step 1300/1999 best 17.201
  step 1350/1999 best 17.050
  step 1400/1999 best 17.136
  step 1450/1999 best 17.168
  step 1500/1999 best 17.079
  step 1550/1999 best 17.224
  step 1600/1999 best 17.239
  step 1650/1999 best 17.068
  step 1700/1999 best 17.185
  step 1750/1999 best 17.163
  step 1800/1999 best 17.278
  step 1850/1999 best 17.241
  step 1900/1999 best 17.200
  step 1950/1999 best 17.281
saved SBC_CHAINS_cnn_vmim__n1_seed_s2_sim1208_row1026506_noise9490_9669_20 (240000, 4) acc=0.295
  step 0/1999 best -12.888
  step 50/1999 best 4.030
  step 100/1999 best 3.817
  step 150/1999 best 9.518
  step 200/1999 best 10.878
  step 250/1999 best 11.943
  step 300/1999 best 14.539
  step 350/1999 best 14.242
  step 400/1999 best 14.449
  step 450/1999 best 14.272
  step 500/1999 best 14.448
  step 550/1999 best 14.715
  step 600/1999 best 14.544
  step 650/1999 best 14.751
  step 700/1999 best 14.754
  step 750/1999 best 14.653
  step 800/1999 best 14.606
  step 850/1999 best 14.817
  step 900/1999 best 14.601
  step 950/1999 best 14.563
  step 1000/1999 best 14.649
  step 1050/1999 best 14.752
  step 1100/1999 best 14.804
  step 1150/1999 best 14.725
  step 1200/1999 best 14.808
  step 1250/1999 best 14.644
  step 1300/1999 best 14.687
  step 1350/1999 best 14.709
  step 1400/1999 best 14.695
  step 1450/1999 best 14.774
  step 1500/1999 best 14.751
  step 1550/1999 best 14.748
  step 1600/1999 best 14.880
  step 1650/1999 best 14.797
  step 1700/1999 best 14.799
  step 1750/1999 best 14.762
  step 1800/1999 best 14.752
  step 1850/1999 best 14.802
  step 1900/1999 best 14.820
  step 1950/1999 best 14.534
saved SBC_CHAINS_cnn_vmim__n1_seed_s2_sim2829_row2424290_noise8654_8833_9012 (240000, 4) acc=0.195
  step 0/1999 best -19.602
  step 50/1999 best -7.177
  step 100/1999 best 2.355
  step 150/1999 best 8.713
  step 200/1999 best 14.814
  step 250/1999 best 15.506
  step 300/1999 best 14.904
  step 350/1999 best 15.492
  step 400/1999 best 15.793
  step 450/1999 best 15.789
  step 500/1999 best 15.686
  step 550/1999 best 15.521
  step 600/1999 best 15.834
  step 650/1999 best 15.790
  step 700/1999 best 15.630
  step 750/1999 best 15.658
  step 800/1999 best 15.673
  step 850/1999 best 15.777
  step 900/1999 best 15.749
  step 950/1999 best 15.761
  step 1000/1999 best 15.812
  step 1050/1999 best 15.701
  step 1100/1999 best 15.817
  step 1150/1999 best 15.760
  step 1200/1999 best 15.739
  step 1250/1999 best 15.890
  step 1300/1999 best 15.818
  step 1350/1999 best 15.683
  step 1400/1999 best 15.594
  step 1450/1999 best 15.822
  step 1500/1999 best 15.783
  step 1550/1999 best 15.706
  step 1600/1999 best 15.807
  step 1650/1999 best 15.721
  step 1700/1999 best 15.814
  step 1750/1999 best 15.788
  step 1800/1999 best 15.789
  step 1850/1999 best 15.877
  step 1900/1999 best 15.677
  step 1950/1999 best 15.582
saved SBC_CHAINS_cnn_vmim__n1_seed_s2_sim94_row93497_noise6045_6224_6403 (240000, 4) acc=0.224
  step 0/1999 best -15.049
  step 50/1999 best 0.890
  step 100/1999 best 1.943
  step 150/1999 best 9.293
  step 200/1999 best 14.601
  step 250/1999 best 15.979
  step 300/1999 best 16.926
  step 350/1999 best 17.208
  step 400/1999 best 16.739
  step 450/1999 best 17.116
  step 500/1999 best 17.105
  step 550/1999 best 17.078
  step 600/1999 best 17.055
  step 650/1999 best 16.872
  step 700/1999 best 17.037
  step 750/1999 best 17.003
  step 800/1999 best 17.225
  step 850/1999 best 17.026
  step 900/1999 best 16.921
  step 950/1999 best 17.152
  step 1000/1999 best 17.076
  step 1050/1999 best 17.060
  step 1100/1999 best 17.200
  step 1150/1999 best 17.133
  step 1200/1999 best 17.100
  step 1250/1999 best 17.183
  step 1300/1999 best 17.177
  step 1350/1999 best 16.965
  step 1400/1999 best 17.229
  step 1450/1999 best 17.190
  step 1500/1999 best 17.234
  step 1550/1999 best 17.032
  step 1600/1999 best 17.226
  step 1650/1999 best 17.245
  step 1700/1999 best 17.297
  step 1750/1999 best 17.121
  step 1800/1999 best 17.114
  step 1850/1999 best 17.128
  step 1900/1999 best 17.078
  step 1950/1999 best 17.134
saved SBC_CHAINS_cnn_vmim__n1_seed_s2_sim1222_row1040544_noise3872_4051_4230 (240000, 4) acc=0.243
  step 0/1999 best -21.770
  step 50/1999 best -6.453
  step 100/1999 best 2.047
  step 150/1999 best 12.758
  step 200/1999 best 13.637
  step 250/1999 best 15.181
  step 300/1999 best 15.451
  step 350/1999 best 15.766
  step 400/1999 best 15.837
  step 450/1999 best 15.724
  step 500/1999 best 15.664
  step 550/1999 best 15.871
  step 600/1999 best 15.798
  step 650/1999 best 15.770
  step 700/1999 best 15.806
  step 750/1999 best 15.789
  step 800/1999 best 15.862
  step 850/1999 best 15.894
  step 900/1999 best 15.842
  step 950/1999 best 15.802
  step 1000/1999 best 15.804
  step 1050/1999 best 15.687
  step 1100/1999 best 15.734
  step 1150/1999 best 15.793
  step 1200/1999 best 15.809
  step 1250/1999 best 15.854
  step 1300/1999 best 15.824
  step 1350/1999 best 15.879
  step 1400/1999 best 15.906
  step 1450/1999 best 15.542
  step 1500/1999 best 15.748
  step 1550/1999 best 15.893
  step 1600/1999 best 15.773
  step 1650/1999 best 15.828
  step 1700/1999 best 15.865
  step 1750/1999 best 15.722
  step 1800/1999 best 15.802
  step 1850/1999 best 15.719
  step 1900/1999 best 15.733
  step 1950/1999 best 15.867
saved SBC_CHAINS_cnn_vmim__n1_seed_s2_sim250_row236772_noise5072_5251_5430 (240000, 4) acc=0.306
  step 0/1999 best -8.558
  step 50/1999 best 2.077
  step 100/1999 best 1.657
  step 150/1999 best 2.293
  step 200/1999 best 2.590
  step 250/1999 best 5.538
  step 300/1999 best 8.757
  step 350/1999 best 11.786
  step 400/1999 best 15.489
  step 450/1999 best 14.282
  step 500/1999 best 14.643
  step 550/1999 best 15.914
  step 600/1999 best 15.554
  step 650/1999 best 16.352
  step 700/1999 best 16.337
  step 750/1999 best 16.374
  step 800/1999 best 16.026
  step 850/1999 best 16.329
  step 900/1999 best 16.117
  step 950/1999 best 16.333
  step 1000/1999 best 16.313
  step 1050/1999 best 16.123
  step 1100/1999 best 16.090
  step 1150/1999 best 16.426
  step 1200/1999 best 16.289
  step 1250/1999 best 16.381
  step 1300/1999 best 16.145
  step 1350/1999 best 16.422
  step 1400/1999 best 16.007
  step 1450/1999 best 16.341
  step 1500/1999 best 16.398
  step 1550/1999 best 16.206
  step 1600/1999 best 16.273
  step 1650/1999 best 16.446
  step 1700/1999 best 16.361
  step 1750/1999 best 16.343
  step 1800/1999 best 16.440
  step 1850/1999 best 16.294
  step 1900/1999 best 16.270
  step 1950/1999 best 16.263
saved SBC_CHAINS_cnn_vmim__n1_seed_s2_sim1228_row1046609_noise109_288_467 (240000, 4) acc=0.183
  step 0/1999 best -14.989
  step 50/1999 best -3.699
  step 100/1999 best 5.874
  step 150/1999 best 12.181
  step 200/1999 best 14.504
  step 250/1999 best 15.485
  step 300/1999 best 15.253
  step 350/1999 best 15.386
  step 400/1999 best 14.869
  step 450/1999 best 15.434
  step 500/1999 best 15.810
  step 550/1999 best 15.489
  step 600/1999 best 15.846
  step 650/1999 best 15.857
  step 700/1999 best 15.932
  step 750/1999 best 15.906
  step 800/1999 best 15.854
  step 850/1999 best 15.767
  step 900/1999 best 15.976
  step 950/1999 best 15.938
  step 1000/1999 best 15.902
  step 1050/1999 best 15.981
  step 1100/1999 best 15.923
  step 1150/1999 best 15.866
  step 1200/1999 best 15.998
  step 1250/1999 best 15.847
  step 1300/1999 best 15.909
  step 1350/1999 best 16.009
  step 1400/1999 best 15.905
  step 1450/1999 best 15.925
  step 1500/1999 best 15.968
  step 1550/1999 best 15.983
  step 1600/1999 best 15.900
  step 1650/1999 best 15.981
  step 1700/1999 best 15.955
  step 1750/1999 best 15.921
  step 1800/1999 best 15.946
  step 1850/1999 best 15.950
  step 1900/1999 best 15.968
  step 1950/1999 best 15.745
saved SBC_CHAINS_cnn_vmim__n1_seed_s2_sim644_row597705_noise5885_6064_6243 (240000, 4) acc=0.252
  step 0/1999 best -7.244
  step 50/1999 best -2.986
  step 100/1999 best -0.063
  step 150/1999 best 9.680
  step 200/1999 best 11.574
  step 250/1999 best 15.467
  step 300/1999 best 15.467
  step 350/1999 best 15.166
  step 400/1999 best 15.686
  step 450/1999 best 15.711
  step 500/1999 best 16.699
  step 550/1999 best 16.898
  step 600/1999 best 16.525
  step 650/1999 best 16.892
  step 700/1999 best 16.796
  step 750/1999 best 16.702
  step 800/1999 best 16.829
  step 850/1999 best 16.744
  step 900/1999 best 16.818
  step 950/1999 best 16.789
  step 1000/1999 best 16.747
  step 1050/1999 best 16.772
  step 1100/1999 best 16.859
  step 1150/1999 best 16.779
  step 1200/1999 best 16.820
  step 1250/1999 best 16.867
  step 1300/1999 best 16.907
  step 1350/1999 best 16.916
  step 1400/1999 best 16.935
  step 1450/1999 best 16.816
  step 1500/1999 best 16.758
  step 1550/1999 best 16.811
  step 1600/1999 best 16.900
  step 1650/1999 best 16.827
  step 1700/1999 best 16.882
  step 1750/1999 best 16.897
  step 1800/1999 best 16.928
  step 1850/1999 best 16.790
  step 1900/1999 best 16.872
  step 1950/1999 best 16.835
saved SBC_CHAINS_cnn_vmim__n1_seed_s2_sim1736_row1489213_noise6485_6664_6843 (240000, 4) acc=0.255
  step 0/1999 best -25.737
  step 50/1999 best -3.098
  step 100/1999 best 1.488
  step 150/1999 best 5.366
  step 200/1999 best 7.189
  step 250/1999 best 7.120
  step 300/1999 best 12.945
  step 350/1999 best 14.597
  step 400/1999 best 15.177
  step 450/1999 best 14.838
  step 500/1999 best 15.260
  step 550/1999 best 15.061
  step 600/1999 best 15.011
  step 650/1999 best 15.371
  step 700/1999 best 15.070
  step 750/1999 best 15.261
  step 800/1999 best 15.367
  step 850/1999 best 15.267
  step 900/1999 best 15.070
  step 950/1999 best 15.325
  step 1000/1999 best 15.405
  step 1050/1999 best 15.280
  step 1100/1999 best 15.327
  step 1150/1999 best 15.294
  step 1200/1999 best 15.261
  step 1250/1999 best 15.413
  step 1300/1999 best 15.239
  step 1350/1999 best 15.412
  step 1400/1999 best 15.304
  step 1450/1999 best 15.278
  step 1500/1999 best 15.312
  step 1550/1999 best 15.340
  step 1600/1999 best 15.261
  step 1650/1999 best 15.324
  step 1700/1999 best 15.216
  step 1750/1999 best 15.203
  step 1800/1999 best 15.298
  step 1850/1999 best 15.301
  step 1900/1999 best 15.343
  step 1950/1999 best 15.292
saved SBC_CHAINS_cnn_vmim__n1_seed_s2_sim718_row667648_noise1204_1383_1562 (240000, 4) acc=0.229
  step 0/1999 best -16.230
  step 50/1999 best 2.186
  step 100/1999 best 7.350
  step 150/1999 best 11.550
  step 200/1999 best 11.274
  step 250/1999 best 14.616
  step 300/1999 best 14.740
  step 350/1999 best 14.216
  step 400/1999 best 14.418
  step 450/1999 best 14.105
  step 500/1999 best 14.439
  step 550/1999 best 14.691
  step 600/1999 best 14.811
  step 650/1999 best 14.378
  step 700/1999 best 14.773
  step 750/1999 best 14.914
  step 800/1999 best 14.934
  step 850/1999 best 14.833
  step 900/1999 best 15.038
  step 950/1999 best 14.941
  step 1000/1999 best 14.827
  step 1050/1999 best 14.713
  step 1100/1999 best 14.939
  step 1150/1999 best 14.765
  step 1200/1999 best 14.941
  step 1250/1999 best 14.837
  step 1300/1999 best 14.856
  step 1350/1999 best 14.995
  step 1400/1999 best 14.771
  step 1450/1999 best 14.912
  step 1500/1999 best 14.904
  step 1550/1999 best 14.703
  step 1600/1999 best 14.823
  step 1650/1999 best 15.019
  step 1700/1999 best 15.000
  step 1750/1999 best 14.817
  step 1800/1999 best 14.781
  step 1850/1999 best 14.887
  step 1900/1999 best 14.593
  step 1950/1999 best 14.791
saved SBC_CHAINS_cnn_vmim__n1_seed_s2_sim2938_row2533327_noise9583_9762_113 (240000, 4) acc=0.200
  step 0/1999 best -14.064
  step 50/1999 best 1.591
  step 100/1999 best 11.552
  step 150/1999 best 14.009
  step 200/1999 best 14.533
  step 250/1999 best 15.578
  step 300/1999 best 15.981
  step 350/1999 best 16.042
  step 400/1999 best 15.999
  step 450/1999 best 16.319
  step 500/1999 best 16.224
  step 550/1999 best 16.215
  step 600/1999 best 16.106
  step 650/1999 best 16.232
  step 700/1999 best 16.232
  step 750/1999 best 16.159
  step 800/1999 best 16.325
  step 850/1999 best 16.083
  step 900/1999 best 16.151
  step 950/1999 best 16.065
  step 1000/1999 best 16.331
  step 1050/1999 best 16.265
  step 1100/1999 best 16.264
  step 1150/1999 best 16.294
  step 1200/1999 best 16.270
  step 1250/1999 best 16.297
  step 1300/1999 best 16.260
  step 1350/1999 best 16.113
  step 1400/1999 best 16.264
  step 1450/1999 best 16.207
  step 1500/1999 best 16.076
  step 1550/1999 best 16.285
  step 1600/1999 best 16.233
  step 1650/1999 best 16.303
  step 1700/1999 best 16.330
  step 1750/1999 best 16.232
  step 1800/1999 best 16.176
  step 1850/1999 best 16.248
  step 1900/1999 best 16.321
  step 1950/1999 best 16.201
saved SBC_CHAINS_cnn_vmim__n1_seed_s2_sim206_row192393_noise5_184_363 (240000, 4) acc=0.244
  step 0/1999 best -19.643
  step 50/1999 best 2.620
  step 100/1999 best 13.864
  step 150/1999 best 14.692
  step 200/1999 best 14.559
  step 250/1999 best 16.176
  step 300/1999 best 16.690
  step 350/1999 best 16.895
  step 400/1999 best 16.651
  step 450/1999 best 16.853
  step 500/1999 best 16.903
  step 550/1999 best 16.715
  step 600/1999 best 16.870
  step 650/1999 best 16.902
  step 700/1999 best 16.852
  step 750/1999 best 16.824
  step 800/1999 best 16.822
  step 850/1999 best 16.930
  step 900/1999 best 16.952
  step 950/1999 best 16.797
  step 1000/1999 best 16.886
  step 1050/1999 best 16.811
  step 1100/1999 best 16.866
  step 1150/1999 best 16.888
  step 1200/1999 best 16.901
  step 1250/1999 best 16.712
  step 1300/1999 best 16.925
  step 1350/1999 best 16.832
  step 1400/1999 best 16.667
  step 1450/1999 best 16.907
  step 1500/1999 best 16.950
  step 1550/1999 best 16.985
  step 1600/1999 best 16.928
  step 1650/1999 best 16.872
  step 1700/1999 best 16.880
  step 1750/1999 best 17.002
  step 1800/1999 best 16.849
  step 1850/1999 best 16.793
  step 1900/1999 best 16.837
  step 1950/1999 best 16.936
saved SBC_CHAINS_cnn_vmim__n1_seed_s2_sim1201_row1019064_noise2048_2227_2406 (240000, 4) acc=0.265
  step 0/1999 best -24.741
  step 50/1999 best 4.747
  step 100/1999 best 14.225
  step 150/1999 best 14.600
  step 200/1999 best 14.638
  step 250/1999 best 14.502
  step 300/1999 best 14.645
  step 350/1999 best 14.798
  step 400/1999 best 14.740
  step 450/1999 best 14.711
  step 500/1999 best 14.680
  step 550/1999 best 14.647
  step 600/1999 best 14.623
  step 650/1999 best 14.642
  step 700/1999 best 14.653
  step 750/1999 best 14.722
  step 800/1999 best 14.585
  step 850/1999 best 14.548
  step 900/1999 best 14.792
  step 950/1999 best 14.611
  step 1000/1999 best 14.742
  step 1050/1999 best 14.738
  step 1100/1999 best 14.696
  step 1150/1999 best 14.569
  step 1200/1999 best 14.675
  step 1250/1999 best 14.777
  step 1300/1999 best 14.657
  step 1350/1999 best 14.713
  step 1400/1999 best 14.725
  step 1450/1999 best 14.626
  step 1500/1999 best 14.755
  step 1550/1999 best 14.699
  step 1600/1999 best 14.676
  step 1650/1999 best 14.584
  step 1700/1999 best 14.710
  step 1750/1999 best 14.719
  step 1800/1999 best 14.719
  step 1850/1999 best 14.733
  step 1900/1999 best 14.631
  step 1950/1999 best 14.673
saved SBC_CHAINS_cnn_vmim__n1_seed_s2_sim2065_row1675503_noise1623_1802_1981 (240000, 4) acc=0.316
  step 0/1999 best -14.928
  step 50/1999 best 0.279
  step 100/1999 best 8.316
  step 150/1999 best 14.307
  step 200/1999 best 13.234
  step 250/1999 best 14.161
  step 300/1999 best 13.818
  step 350/1999 best 14.223
  step 400/1999 best 14.447
  step 450/1999 best 14.437
  step 500/1999 best 14.559
  step 550/1999 best 14.650
  step 600/1999 best 14.397
  step 650/1999 best 14.702
  step 700/1999 best 14.685
  step 750/1999 best 14.482
  step 800/1999 best 14.606
  step 850/1999 best 14.725
  step 900/1999 best 14.740
  step 950/1999 best 14.468
  step 1000/1999 best 14.609
  step 1050/1999 best 14.568
  step 1100/1999 best 14.591
  step 1150/1999 best 14.570
  step 1200/1999 best 14.699
  step 1250/1999 best 14.623
  step 1300/1999 best 14.607
  step 1350/1999 best 14.590
  step 1400/1999 best 14.677
  step 1450/1999 best 14.475
  step 1500/1999 best 14.728
  step 1550/1999 best 14.601
  step 1600/1999 best 14.589
  step 1650/1999 best 14.555
  step 1700/1999 best 14.539
  step 1750/1999 best 14.622
  step 1800/1999 best 14.524
  step 1850/1999 best 14.656
  step 1900/1999 best 14.671
  step 1950/1999 best 14.734
saved SBC_CHAINS_cnn_vmim__n1_seed_s2_sim3008_row2603041_noise673_852_1031 (240000, 4) acc=0.260
  step 0/1999 best -18.854
  step 50/1999 best 2.924
  step 100/1999 best 2.924
  step 150/1999 best 6.061
  step 200/1999 best 7.254
  step 250/1999 best 8.601
  step 300/1999 best 8.327
  step 350/1999 best 9.011
  step 400/1999 best 9.104
  step 450/1999 best 9.198
  step 500/1999 best 8.766
  step 550/1999 best 8.847
  step 600/1999 best 9.247
  step 650/1999 best 9.213
  step 700/1999 best 9.128
  step 750/1999 best 8.991
  step 800/1999 best 9.110
  step 850/1999 best 9.168
  step 900/1999 best 9.023
  step 950/1999 best 9.114
  step 1000/1999 best 9.250
  step 1050/1999 best 9.184
  step 1100/1999 best 9.107
  step 1150/1999 best 9.145
  step 1200/1999 best 9.180
  step 1250/1999 best 9.177
  step 1300/1999 best 9.168
  step 1350/1999 best 8.942
  step 1400/1999 best 8.905
  step 1450/1999 best 8.901
  step 1500/1999 best 9.081
  step 1550/1999 best 9.215
  step 1600/1999 best 9.174
  step 1650/1999 best 9.177
  step 1700/1999 best 9.166
  step 1750/1999 best 9.106
  step 1800/1999 best 9.174
  step 1850/1999 best 9.266
  step 1900/1999 best 9.135
  step 1950/1999 best 9.114
saved SBC_CHAINS_cnn_vmim__n1_seed_s2_sim2929_row2524008_noise264_443_622 (240000, 4) acc=0.177
  step 0/1999 best -24.144
  step 50/1999 best 2.794
  step 100/1999 best 2.794
  step 150/1999 best 2.048
  step 200/1999 best 6.984
  step 250/1999 best 10.605
  step 300/1999 best 10.385
  step 350/1999 best 15.858
  step 400/1999 best 16.028
  step 450/1999 best 16.510
  step 500/1999 best 15.821
  step 550/1999 best 16.078
  step 600/1999 best 16.358
  step 650/1999 best 16.339
  step 700/1999 best 16.353
  step 750/1999 best 16.369
  step 800/1999 best 16.457
  step 850/1999 best 16.286
  step 900/1999 best 16.466
  step 950/1999 best 16.359
  step 1000/1999 best 16.541
  step 1050/1999 best 16.448
  step 1100/1999 best 16.352
  step 1150/1999 best 16.471
  step 1200/1999 best 16.440
  step 1250/1999 best 16.463
  step 1300/1999 best 16.357
  step 1350/1999 best 16.219
  step 1400/1999 best 16.331
  step 1450/1999 best 16.432
  step 1500/1999 best 16.478
  step 1550/1999 best 16.554
  step 1600/1999 best 16.425
  step 1650/1999 best 16.489
  step 1700/1999 best 16.425
  step 1750/1999 best 16.463
  step 1800/1999 best 16.376
  step 1850/1999 best 16.540
  step 1900/1999 best 16.455
  step 1950/1999 best 16.307
saved SBC_CHAINS_cnn_vmim__n1_seed_s2_sim1264_row1082552_noise6568_6747_6926 (240000, 4) acc=0.244
  step 0/1999 best -19.831
  step 50/1999 best -5.688
  step 100/1999 best -2.670
  step 150/1999 best -1.723
  step 200/1999 best 5.873
  step 250/1999 best 7.992
  step 300/1999 best 10.112
  step 350/1999 best 12.412
  step 400/1999 best 13.805
  step 450/1999 best 13.778
  step 500/1999 best 14.319
  step 550/1999 best 14.409
  step 600/1999 best 14.365
  step 650/1999 best 14.111
  step 700/1999 best 14.442
  step 750/1999 best 14.228
  step 800/1999 best 14.329
  step 850/1999 best 14.275
  step 900/1999 best 14.485
  step 950/1999 best 14.429
  step 1000/1999 best 14.447
  step 1050/1999 best 14.335
  step 1100/1999 best 14.387
  step 1150/1999 best 14.309
  step 1200/1999 best 14.394
  step 1250/1999 best 14.366
  step 1300/1999 best 14.413
  step 1350/1999 best 14.407
  step 1400/1999 best 14.392
  step 1450/1999 best 14.266
  step 1500/1999 best 14.229
  step 1550/1999 best 14.525
  step 1600/1999 best 14.346
  step 1650/1999 best 14.259
  step 1700/1999 best 14.419
  step 1750/1999 best 14.491
  step 1800/1999 best 14.355
  step 1850/1999 best 14.395
  step 1900/1999 best 14.384
  step 1950/1999 best 14.449
saved SBC_CHAINS_cnn_vmim__n1_seed_s2_sim141_row132604_noise4012_4191_4370 (240000, 4) acc=0.157
  step 0/1999 best -24.460
  step 50/1999 best 10.376
  step 100/1999 best 15.541
  step 150/1999 best 16.470
  step 200/1999 best 16.935
  step 250/1999 best 16.587
  step 300/1999 best 16.860
  step 350/1999 best 16.822
  step 400/1999 best 16.734
  step 450/1999 best 16.697
  step 500/1999 best 16.784
  step 550/1999 best 16.906
  step 600/1999 best 16.804
  step 650/1999 best 16.930
  step 700/1999 best 16.889
  step 750/1999 best 16.773
  step 800/1999 best 16.911
  step 850/1999 best 16.782
  step 900/1999 best 16.878
  step 950/1999 best 16.760
  step 1000/1999 best 16.882
  step 1050/1999 best 16.928
  step 1100/1999 best 16.792
  step 1150/1999 best 16.902
  step 1200/1999 best 16.776
  step 1250/1999 best 16.812
  step 1300/1999 best 16.801
  step 1350/1999 best 16.864
  step 1400/1999 best 16.842
  step 1450/1999 best 16.928
  step 1500/1999 best 16.766
  step 1550/1999 best 16.840
  step 1600/1999 best 16.847
  step 1650/1999 best 16.871
  step 1700/1999 best 16.763
  step 1750/1999 best 16.798
  step 1800/1999 best 16.958
  step 1850/1999 best 16.920
  step 1900/1999 best 16.832
  step 1950/1999 best 16.920
saved SBC_CHAINS_cnn_vmim__n1_seed_s2_sim1363_row1171602_noise7338_7517_7696 (240000, 4) acc=0.333
  step 0/1999 best -15.824
  step 50/1999 best -3.310
  step 100/1999 best 1.608
  step 150/1999 best 13.070
  step 200/1999 best 13.528
  step 250/1999 best 12.702
  step 300/1999 best 13.801
  step 350/1999 best 14.787
  step 400/1999 best 14.104
  step 450/1999 best 15.262
  step 500/1999 best 15.123
  step 550/1999 best 15.407
  step 600/1999 best 15.336
  step 650/1999 best 15.536
  step 700/1999 best 15.396
  step 750/1999 best 15.454
  step 800/1999 best 15.514
  step 850/1999 best 15.496
  step 900/1999 best 15.423
  step 950/1999 best 15.508
  step 1000/1999 best 15.339
  step 1050/1999 best 15.283
  step 1100/1999 best 15.450
  step 1150/1999 best 15.472
  step 1200/1999 best 15.418
  step 1250/1999 best 15.444
  step 1300/1999 best 15.343
  step 1350/1999 best 15.447
  step 1400/1999 best 15.477
  step 1450/1999 best 15.589
  step 1500/1999 best 15.469
  step 1550/1999 best 15.523
  step 1600/1999 best 15.456
  step 1650/1999 best 15.574
  step 1700/1999 best 15.521
  step 1750/1999 best 15.599
  step 1800/1999 best 15.517
  step 1850/1999 best 15.412
  step 1900/1999 best 15.383
  step 1950/1999 best 15.369
saved SBC_CHAINS_cnn_vmim__n1_seed_s2_sim874_row823884_noise192_371_550 (240000, 4) acc=0.220
  step 0/1999 best -24.367
  step 50/1999 best 9.930
  step 100/1999 best 15.555
  step 150/1999 best 15.778
  step 200/1999 best 16.574
  step 250/1999 best 16.334
  step 300/1999 best 16.467
  step 350/1999 best 16.492
  step 400/1999 best 16.528
  step 450/1999 best 16.706
  step 500/1999 best 16.662
  step 550/1999 best 16.514
  step 600/1999 best 16.571
  step 650/1999 best 16.697
  step 700/1999 best 16.668
  step 750/1999 best 16.544
  step 800/1999 best 16.369
  step 850/1999 best 16.445
  step 900/1999 best 16.668
  step 950/1999 best 16.699
  step 1000/1999 best 16.636
  step 1050/1999 best 16.567
  step 1100/1999 best 16.391
  step 1150/1999 best 16.602
  step 1200/1999 best 16.694
  step 1250/1999 best 16.711
  step 1300/1999 best 16.632
  step 1350/1999 best 16.672
  step 1400/1999 best 16.689
  step 1450/1999 best 16.661
  step 1500/1999 best 16.591
  step 1550/1999 best 16.759
  step 1600/1999 best 16.599
  step 1650/1999 best 16.625
  step 1700/1999 best 16.577
  step 1750/1999 best 16.515
  step 1800/1999 best 16.580
  step 1850/1999 best 16.685
  step 1900/1999 best 16.650
  step 1950/1999 best 16.530
saved SBC_CHAINS_cnn_vmim__n1_seed_s2_sim1514_row1291098_noise586_765_944 (240000, 4) acc=0.235
  step 0/1999 best -9.172
  step 50/1999 best 11.178
  step 100/1999 best 11.178
  step 150/1999 best 10.710
  step 200/1999 best 12.729
  step 250/1999 best 12.756
  step 300/1999 best 12.990
  step 350/1999 best 13.089
  step 400/1999 best 13.067
  step 450/1999 best 12.933
  step 500/1999 best 13.057
  step 550/1999 best 13.109
  step 600/1999 best 13.075
  step 650/1999 best 13.017
  step 700/1999 best 12.964
  step 750/1999 best 13.117
  step 800/1999 best 13.125
  step 850/1999 best 13.009
  step 900/1999 best 13.050
  step 950/1999 best 13.019
  step 1000/1999 best 13.088
  step 1050/1999 best 12.811
  step 1100/1999 best 13.095
  step 1150/1999 best 13.072
  step 1200/1999 best 12.842
  step 1250/1999 best 13.145
  step 1300/1999 best 13.097
  step 1350/1999 best 12.869
  step 1400/1999 best 13.119
  step 1450/1999 best 12.983
  step 1500/1999 best 13.070
  step 1550/1999 best 13.182
  step 1600/1999 best 13.094
  step 1650/1999 best 13.102
  step 1700/1999 best 13.014
  step 1750/1999 best 13.054
  step 1800/1999 best 13.041
  step 1850/1999 best 13.083
  step 1900/1999 best 12.930
  step 1950/1999 best 13.087
saved SBC_CHAINS_cnn_vmim__n1_seed_s2_sim1225_row1043665_noise6993_7172_7351 (240000, 4) acc=0.188
  step 0/1999 best -25.389
  step 50/1999 best 7.952
  step 100/1999 best 8.162
  step 150/1999 best 11.817
  step 200/1999 best 12.309
  step 250/1999 best 12.627
  step 300/1999 best 13.040
  step 350/1999 best 13.281
  step 400/1999 best 13.567
  step 450/1999 best 13.341
  step 500/1999 best 13.646
  step 550/1999 best 13.678
  step 600/1999 best 13.729
  step 650/1999 best 13.534
  step 700/1999 best 13.592
  step 750/1999 best 13.711
  step 800/1999 best 13.692
  step 850/1999 best 13.625
  step 900/1999 best 13.669
  step 950/1999 best 13.762
  step 1000/1999 best 13.740
  step 1050/1999 best 13.671
  step 1100/1999 best 13.676
  step 1150/1999 best 13.551
  step 1200/1999 best 13.659
  step 1250/1999 best 13.637
  step 1300/1999 best 13.653
  step 1350/1999 best 13.718
  step 1400/1999 best 13.739
  step 1450/1999 best 13.666
  step 1500/1999 best 13.691
  step 1550/1999 best 13.416
  step 1600/1999 best 13.749
  step 1650/1999 best 13.763
  step 1700/1999 best 13.686
  step 1750/1999 best 13.737
  step 1800/1999 best 13.569
  step 1850/1999 best 13.704
  step 1900/1999 best 13.644
  step 1950/1999 best 13.729
saved SBC_CHAINS_cnn_vmim__n1_seed_s2_sim3001_row2596732_noise4192_4371_4550 (240000, 4) acc=0.255
  step 0/1999 best -20.383
  step 50/1999 best -0.033
  step 100/1999 best 10.198
  step 150/1999 best 13.014
  step 200/1999 best 14.713
  step 250/1999 best 15.090
  step 300/1999 best 14.755
  step 350/1999 best 14.903
  step 400/1999 best 14.990
  step 450/1999 best 14.937
  step 500/1999 best 14.955
  step 550/1999 best 14.953
  step 600/1999 best 14.950
  step 650/1999 best 14.877
  step 700/1999 best 14.983
  step 750/1999 best 15.041
  step 800/1999 best 14.890
  step 850/1999 best 15.029
  step 900/1999 best 15.019
  step 950/1999 best 14.966
  step 1000/1999 best 14.873
  step 1050/1999 best 15.077
  step 1100/1999 best 14.878
  step 1150/1999 best 14.972
  step 1200/1999 best 14.925
  step 1250/1999 best 15.036
  step 1300/1999 best 15.092
  step 1350/1999 best 15.023
  step 1400/1999 best 15.061
  step 1450/1999 best 15.052
  step 1500/1999 best 14.909
  step 1550/1999 best 15.017
  step 1600/1999 best 14.957
  step 1650/1999 best 14.944
  step 1700/1999 best 15.062
  step 1750/1999 best 15.039
  step 1800/1999 best 15.109
  step 1850/1999 best 15.086
  step 1900/1999 best 14.932
  step 1950/1999 best 15.082
saved SBC_CHAINS_cnn_vmim__n1_seed_s2_sim3062_row2657615_noise6107_6286_6465 (240000, 4) acc=0.354
  step 0/1999 best -17.509
  step 50/1999 best -2.133
  step 100/1999 best 4.617
  step 150/1999 best 12.016
  step 200/1999 best 11.809
  step 250/1999 best 15.585
  step 300/1999 best 16.153
  step 350/1999 best 15.962
  step 400/1999 best 16.496
  step 450/1999 best 16.477
  step 500/1999 best 16.668
  step 550/1999 best 16.591
  step 600/1999 best 16.432
  step 650/1999 best 16.389
  step 700/1999 best 16.420
  step 750/1999 best 16.393
  step 800/1999 best 16.633
  step 850/1999 best 16.596
  step 900/1999 best 16.479
  step 950/1999 best 16.668
  step 1000/1999 best 16.658
  step 1050/1999 best 16.614
  step 1100/1999 best 16.581
  step 1150/1999 best 16.705
  step 1200/1999 best 16.565
  step 1250/1999 best 16.627
  step 1300/1999 best 16.665
  step 1350/1999 best 16.513
  step 1400/1999 best 16.627
  step 1450/1999 best 16.647
  step 1500/1999 best 16.585
  step 1550/1999 best 16.671
  step 1600/1999 best 16.592
  step 1650/1999 best 16.702
  step 1700/1999 best 16.685
  step 1750/1999 best 16.655
  step 1800/1999 best 16.618
  step 1850/1999 best 16.665
  step 1900/1999 best 16.713
  step 1950/1999 best 16.639
saved SBC_CHAINS_cnn_vmim__n1_seed_s2_sim723_row672957_noise6513_6692_6871 (240000, 4) acc=0.244
  step 0/1999 best -24.980
  step 50/1999 best -5.549
  step 100/1999 best -0.204
  step 150/1999 best 1.796
  step 200/1999 best 6.391
  step 250/1999 best 10.949
  step 300/1999 best 11.068
  step 350/1999 best 12.131
  step 400/1999 best 12.853
  step 450/1999 best 13.439
  step 500/1999 best 13.531
  step 550/1999 best 13.351
  step 600/1999 best 13.473
  step 650/1999 best 13.395
  step 700/1999 best 13.384
  step 750/1999 best 13.409
  step 800/1999 best 13.420
  step 850/1999 best 13.311
  step 900/1999 best 13.512
  step 950/1999 best 13.395
  step 1000/1999 best 13.567
  step 1050/1999 best 13.425
  step 1100/1999 best 13.526
  step 1150/1999 best 13.555
  step 1200/1999 best 13.428
  step 1250/1999 best 13.598
  step 1300/1999 best 13.481
  step 1350/1999 best 13.539
  step 1400/1999 best 13.467
  step 1450/1999 best 13.438
  step 1500/1999 best 13.426
  step 1550/1999 best 13.526
  step 1600/1999 best 13.465
  step 1650/1999 best 13.607
  step 1700/1999 best 13.594
  step 1750/1999 best 13.509
  step 1800/1999 best 13.335
  step 1850/1999 best 13.581
  step 1900/1999 best 13.348
  step 1950/1999 best 13.595
saved SBC_CHAINS_cnn_vmim__n1_seed_s2_sim2827_row2422923_noise7287_7466_7645 (240000, 4) acc=0.277
  step 0/1999 best -13.117
  step 50/1999 best 7.995
  step 100/1999 best 14.173
  step 150/1999 best 13.812
  step 200/1999 best 14.488
  step 250/1999 best 14.069
  step 300/1999 best 14.552
  step 350/1999 best 14.502
  step 400/1999 best 14.562
  step 450/1999 best 14.554
  step 500/1999 best 14.462
  step 550/1999 best 14.649
  step 600/1999 best 14.583
  step 650/1999 best 14.491
  step 700/1999 best 14.622
  step 750/1999 best 14.660
  step 800/1999 best 14.538
  step 850/1999 best 14.474
  step 900/1999 best 14.712
  step 950/1999 best 14.712
  step 1000/1999 best 14.461
  step 1050/1999 best 14.352
  step 1100/1999 best 14.701
  step 1150/1999 best 14.623
  step 1200/1999 best 14.698
  step 1250/1999 best 14.409
  step 1300/1999 best 14.505
  step 1350/1999 best 14.538
  step 1400/1999 best 14.587
  step 1450/1999 best 14.521
  step 1500/1999 best 14.720
  step 1550/1999 best 14.584
  step 1600/1999 best 14.738
  step 1650/1999 best 14.625
  step 1700/1999 best 14.505
  step 1750/1999 best 14.618
  step 1800/1999 best 14.569
  step 1850/1999 best 14.452
  step 1900/1999 best 14.495
  step 1950/1999 best 14.429
saved SBC_CHAINS_cnn_vmim__n1_seed_s2_sim1759_row1512199_noise9815_166_345 (240000, 4) acc=0.202
  step 0/1999 best -18.033
  step 50/1999 best -0.470
  step 100/1999 best 3.967
  step 150/1999 best 6.929
  step 200/1999 best 12.118
  step 250/1999 best 13.820
  step 300/1999 best 13.820
  step 350/1999 best 14.164
  step 400/1999 best 14.760
  step 450/1999 best 14.748
  step 500/1999 best 15.688
  step 550/1999 best 15.186
  step 600/1999 best 15.490
  step 650/1999 best 15.710
  step 700/1999 best 15.892
  step 750/1999 best 15.824
  step 800/1999 best 15.595
  step 850/1999 best 15.649
  step 900/1999 best 15.959
  step 950/1999 best 15.744
  step 1000/1999 best 15.726
  step 1050/1999 best 15.617
  step 1100/1999 best 15.881
  step 1150/1999 best 15.790
  step 1200/1999 best 15.873
  step 1250/1999 best 15.645
  step 1300/1999 best 15.914
  step 1350/1999 best 15.754
  step 1400/1999 best 15.946
  step 1450/1999 best 15.726
  step 1500/1999 best 15.694
  step 1550/1999 best 15.733
  step 1600/1999 best 15.791
  step 1650/1999 best 15.830
  step 1700/1999 best 15.738
  step 1750/1999 best 15.721
  step 1800/1999 best 15.778
  step 1850/1999 best 15.894
  step 1900/1999 best 15.893
  step 1950/1999 best 15.837
saved SBC_CHAINS_cnn_vmim__n1_seed_s2_sim3010_row2605183_noise2815_2994_3173 (240000, 4) acc=0.205
  step 0/1999 best -17.870
  step 50/1999 best -2.491
  step 100/1999 best -1.060
  step 150/1999 best -1.324
  step 200/1999 best 2.321
  step 250/1999 best 9.246
  step 300/1999 best 4.736
  step 350/1999 best 10.171
  step 400/1999 best 9.767
  step 450/1999 best 9.712
  step 500/1999 best 11.387
  step 550/1999 best 11.387
  step 600/1999 best 12.186
  step 650/1999 best 12.831
  step 700/1999 best 12.256
  step 750/1999 best 12.326
  step 800/1999 best 13.000
  step 850/1999 best 12.812
  step 900/1999 best 12.716
  step 950/1999 best 12.826
  step 1000/1999 best 12.817
  step 1050/1999 best 12.697
  step 1100/1999 best 12.658
  step 1150/1999 best 12.777
  step 1200/1999 best 12.869
  step 1250/1999 best 12.934
  step 1300/1999 best 12.980
  step 1350/1999 best 12.984
  step 1400/1999 best 13.035
  step 1450/1999 best 12.958
  step 1500/1999 best 13.076
  step 1550/1999 best 13.017
  step 1600/1999 best 12.933
  step 1650/1999 best 12.862
  step 1700/1999 best 12.883
  step 1750/1999 best 12.891
  step 1800/1999 best 13.128
  step 1850/1999 best 12.921
  step 1900/1999 best 12.998
  step 1950/1999 best 12.800
saved SBC_CHAINS_cnn_vmim__n1_seed_s2_sim2950_row2545858_noise2458_2637_2816 (240000, 4) acc=0.166
  step 0/1999 best -21.107
  step 50/1999 best -2.306
  step 100/1999 best 7.576
  step 150/1999 best 13.960
  step 200/1999 best 13.158
  step 250/1999 best 14.307
  step 300/1999 best 14.614
  step 350/1999 best 14.708
  step 400/1999 best 14.605
  step 450/1999 best 14.718
  step 500/1999 best 14.780
  step 550/1999 best 14.658
  step 600/1999 best 14.621
  step 650/1999 best 14.684
  step 700/1999 best 14.729
  step 750/1999 best 14.720
  step 800/1999 best 14.759
  step 850/1999 best 14.658
  step 900/1999 best 14.625
  step 950/1999 best 14.703
  step 1000/1999 best 14.680
  step 1050/1999 best 14.695
  step 1100/1999 best 14.546
  step 1150/1999 best 14.554
  step 1200/1999 best 14.665
  step 1250/1999 best 14.654
  step 1300/1999 best 14.711
  step 1350/1999 best 14.594
  step 1400/1999 best 14.716
  step 1450/1999 best 14.788
  step 1500/1999 best 14.542
  step 1550/1999 best 14.639
  step 1600/1999 best 14.745
  step 1650/1999 best 14.484
  step 1700/1999 best 14.728
  step 1750/1999 best 14.676
  step 1800/1999 best 14.730
  step 1850/1999 best 14.502
  step 1900/1999 best 14.646
  step 1950/1999 best 14.663
saved SBC_CHAINS_cnn_vmim__n1_seed_s2_sim986_row935479_noise3679_3858_4037 (240000, 4) acc=0.293
  step 0/1999 best -19.077
  step 50/1999 best 10.131
  step 100/1999 best 9.213
  step 150/1999 best 14.669
  step 200/1999 best 16.134
  step 250/1999 best 16.062
  step 300/1999 best 16.109
  step 350/1999 best 16.215
  step 400/1999 best 16.077
  step 450/1999 best 16.115
  step 500/1999 best 16.069
  step 550/1999 best 16.221
  step 600/1999 best 15.897
  step 650/1999 best 16.155
  step 700/1999 best 16.207
  step 750/1999 best 16.309
  step 800/1999 best 16.213
  step 850/1999 best 16.161
  step 900/1999 best 16.118
  step 950/1999 best 16.117
  step 1000/1999 best 16.189
  step 1050/1999 best 16.193
  step 1100/1999 best 16.182
  step 1150/1999 best 16.271
  step 1200/1999 best 16.165
  step 1250/1999 best 16.292
  step 1300/1999 best 16.041
  step 1350/1999 best 16.187
  step 1400/1999 best 16.294
  step 1450/1999 best 16.237
  step 1500/1999 best 16.183
  step 1550/1999 best 16.233
  step 1600/1999 best 16.205
  step 1650/1999 best 16.267
  step 1700/1999 best 16.175
  step 1750/1999 best 16.264
  step 1800/1999 best 16.262
  step 1850/1999 best 16.295
  step 1900/1999 best 16.123
  step 1950/1999 best 16.222
saved SBC_CHAINS_cnn_vmim__n1_seed_s2_sim818_row767722_noise2998_3177_3356 (240000, 4) acc=0.355
  step 0/1999 best -22.528
  step 50/1999 best 1.666
  step 100/1999 best 4.775
  step 150/1999 best 9.012
  step 200/1999 best 11.215
  step 250/1999 best 12.574
  step 300/1999 best 12.867
  step 350/1999 best 13.155
  step 400/1999 best 13.122
  step 450/1999 best 12.938
  step 500/1999 best 13.136
  step 550/1999 best 12.812
  step 600/1999 best 13.084
  step 650/1999 best 13.074
  step 700/1999 best 13.153
  step 750/1999 best 13.183
  step 800/1999 best 13.063
  step 850/1999 best 13.179
  step 900/1999 best 13.059
  step 950/1999 best 13.197
  step 1000/1999 best 13.116
  step 1050/1999 best 13.197
  step 1100/1999 best 13.194
  step 1150/1999 best 13.019
  step 1200/1999 best 12.969
  step 1250/1999 best 12.970
  step 1300/1999 best 13.060
  step 1350/1999 best 13.049
  step 1400/1999 best 13.155
  step 1450/1999 best 12.992
  step 1500/1999 best 13.250
  step 1550/1999 best 13.045
  step 1600/1999 best 13.105
  step 1650/1999 best 13.110
  step 1700/1999 best 13.234
  step 1750/1999 best 13.201
  step 1800/1999 best 13.155
  step 1850/1999 best 13.228
  step 1900/1999 best 13.206
  step 1950/1999 best 13.011
saved SBC_CHAINS_cnn_vmim__n1_seed_s2_sim2083_row1693875_noise339_518_697 (240000, 4) acc=0.268
  step 0/1999 best -19.679
  step 50/1999 best 7.099
  step 100/1999 best 7.700
  step 150/1999 best 14.417
  step 200/1999 best 14.785
  step 250/1999 best 15.242
  step 300/1999 best 16.772
  step 350/1999 best 17.600
  step 400/1999 best 17.925
  step 450/1999 best 17.702
  step 500/1999 best 17.868
  step 550/1999 best 17.895
  step 600/1999 best 17.758
  step 650/1999 best 17.901
  step 700/1999 best 17.822
  step 750/1999 best 17.792
  step 800/1999 best 17.984
  step 850/1999 best 17.949
  step 900/1999 best 17.729
  step 950/1999 best 17.766
  step 1000/1999 best 17.711
  step 1050/1999 best 17.731
  step 1100/1999 best 17.940
  step 1150/1999 best 17.815
  step 1200/1999 best 17.701
  step 1250/1999 best 17.855
  step 1300/1999 best 17.679
  step 1350/1999 best 17.801
  step 1400/1999 best 17.984
  step 1450/1999 best 17.926
  step 1500/1999 best 17.946
  step 1550/1999 best 17.917
  step 1600/1999 best 17.795
  step 1650/1999 best 17.877
  step 1700/1999 best 17.925
  step 1750/1999 best 17.800
  step 1800/1999 best 17.982
  step 1850/1999 best 17.983
  step 1900/1999 best 17.856
  step 1950/1999 best 17.892
saved SBC_CHAINS_cnn_vmim__n1_seed_s2_sim111_row110018_noise2910_3089_3268 (240000, 4) acc=0.289
  step 0/1999 best -26.718
  step 50/1999 best -3.029
  step 100/1999 best -0.349
  step 150/1999 best 5.084
  step 200/1999 best 8.765
  step 250/1999 best 12.980
  step 300/1999 best 14.394
  step 350/1999 best 14.565
  step 400/1999 best 14.784
  step 450/1999 best 14.909
  step 500/1999 best 14.636
  step 550/1999 best 14.763
  step 600/1999 best 15.025
  step 650/1999 best 15.088
  step 700/1999 best 14.912
  step 750/1999 best 15.115
  step 800/1999 best 14.927
  step 850/1999 best 15.006
  step 900/1999 best 15.065
  step 950/1999 best 15.059
  step 1000/1999 best 14.824
  step 1050/1999 best 14.941
  step 1100/1999 best 15.081
  step 1150/1999 best 14.902
  step 1200/1999 best 15.080
  step 1250/1999 best 15.031
  step 1300/1999 best 14.941
  step 1350/1999 best 14.912
  step 1400/1999 best 14.855
  step 1450/1999 best 14.973
  step 1500/1999 best 14.904
  step 1550/1999 best 15.041
  step 1600/1999 best 15.087
  step 1650/1999 best 14.899
  step 1700/1999 best 15.054
  step 1750/1999 best 15.101
  step 1800/1999 best 15.094
  step 1850/1999 best 15.029
  step 1900/1999 best 14.951
  step 1950/1999 best 15.059
saved SBC_CHAINS_cnn_vmim__n1_seed_s2_sim2979_row2574938_noise2054_2233_2412 (240000, 4) acc=0.273
  step 0/1999 best -26.393
  step 50/1999 best 1.245
  step 100/1999 best 11.707
  step 150/1999 best 13.212
  step 200/1999 best 13.878
  step 250/1999 best 13.959
  step 300/1999 best 14.056
  step 350/1999 best 14.057
  step 400/1999 best 13.924
  step 450/1999 best 13.989
  step 500/1999 best 13.940
  step 550/1999 best 13.959
  step 600/1999 best 13.933
  step 650/1999 best 14.117
  step 700/1999 best 14.059
  step 750/1999 best 14.039
  step 800/1999 best 14.000
  step 850/1999 best 13.980
  step 900/1999 best 14.037
  step 950/1999 best 13.809
  step 1000/1999 best 13.882
  step 1050/1999 best 14.060
  step 1100/1999 best 14.010
  step 1150/1999 best 13.787
  step 1200/1999 best 14.008
  step 1250/1999 best 14.008
  step 1300/1999 best 14.036
  step 1350/1999 best 14.064
  step 1400/1999 best 13.949
  step 1450/1999 best 13.878
  step 1500/1999 best 13.909
  step 1550/1999 best 13.994
  step 1600/1999 best 13.892
  step 1650/1999 best 14.001
  step 1700/1999 best 13.837
  step 1750/1999 best 13.970
  step 1800/1999 best 14.113
  step 1850/1999 best 14.042
  step 1900/1999 best 14.017
  step 1950/1999 best 13.825
saved SBC_CHAINS_cnn_vmim__n1_seed_s2_sim2005_row1616667_noise755_934_1113 (240000, 4) acc=0.322
  step 0/1999 best -16.038
  step 50/1999 best -0.181
  step 100/1999 best 0.988
  step 150/1999 best 2.177
  step 200/1999 best 6.600
  step 250/1999 best 11.671
  step 300/1999 best 13.230
  step 350/1999 best 12.743
  step 400/1999 best 14.049
  step 450/1999 best 14.083
  step 500/1999 best 14.667
  step 550/1999 best 14.704
  step 600/1999 best 13.946
  step 650/1999 best 14.739
  step 700/1999 best 14.875
  step 750/1999 best 14.688
  step 800/1999 best 14.573
  step 850/1999 best 14.836
  step 900/1999 best 14.812
  step 950/1999 best 14.737
  step 1000/1999 best 14.551
  step 1050/1999 best 14.768
  step 1100/1999 best 14.809
  step 1150/1999 best 14.722
  step 1200/1999 best 14.626
  step 1250/1999 best 14.831
  step 1300/1999 best 14.717
  step 1350/1999 best 14.701
  step 1400/1999 best 14.778
  step 1450/1999 best 14.695
  step 1500/1999 best 14.899
  step 1550/1999 best 14.737
  step 1600/1999 best 14.900
  step 1650/1999 best 14.821
  step 1700/1999 best 14.584
  step 1750/1999 best 14.826
  step 1800/1999 best 14.852
  step 1850/1999 best 14.738
  step 1900/1999 best 14.822
  step 1950/1999 best 14.785
saved SBC_CHAINS_cnn_vmim__n1_seed_s2_sim766_row715217_noise9461_9640_9819 (240000, 4) acc=0.189
  step 0/1999 best -12.998
  step 50/1999 best 9.656
  step 100/1999 best 12.258
  step 150/1999 best 13.086
  step 200/1999 best 13.424
  step 250/1999 best 13.799
  step 300/1999 best 13.588
  step 350/1999 best 13.874
  step 400/1999 best 13.886
  step 450/1999 best 13.978
  step 500/1999 best 13.777
  step 550/1999 best 13.840
  step 600/1999 best 13.856
  step 650/1999 best 13.816
  step 700/1999 best 13.880
  step 750/1999 best 13.874
  step 800/1999 best 13.893
  step 850/1999 best 13.903
  step 900/1999 best 13.788
  step 950/1999 best 13.855
  step 1000/1999 best 13.882
  step 1050/1999 best 13.935
  step 1100/1999 best 13.913
  step 1150/1999 best 13.782
  step 1200/1999 best 13.831
  step 1250/1999 best 13.898
  step 1300/1999 best 13.848
  step 1350/1999 best 13.773
  step 1400/1999 best 13.981
  step 1450/1999 best 13.947
  step 1500/1999 best 13.942
  step 1550/1999 best 13.862
  step 1600/1999 best 13.926
  step 1650/1999 best 13.913
  step 1700/1999 best 13.808
  step 1750/1999 best 13.948
  step 1800/1999 best 13.879
  step 1850/1999 best 13.911
  step 1900/1999 best 13.921
  step 1950/1999 best 13.884
saved SBC_CHAINS_cnn_vmim__n1_seed_s2_sim1310_row1119233_noise3109_3288_3467 (240000, 4) acc=0.233
  step 0/1999 best -11.832
  step 50/1999 best 2.446
  step 100/1999 best 2.521
  step 150/1999 best 4.581
  step 200/1999 best 5.802
  step 250/1999 best 12.449
  step 300/1999 best 14.308
  step 350/1999 best 15.879
  step 400/1999 best 15.661
  step 450/1999 best 15.688
  step 500/1999 best 15.844
  step 550/1999 best 15.857
  step 600/1999 best 15.844
  step 650/1999 best 15.548
  step 700/1999 best 15.935
  step 750/1999 best 15.865
  step 800/1999 best 15.691
  step 850/1999 best 15.928
  step 900/1999 best 15.822
  step 950/1999 best 15.976
  step 1000/1999 best 15.770
  step 1050/1999 best 15.833
  step 1100/1999 best 15.917
  step 1150/1999 best 15.668
  step 1200/1999 best 15.569
  step 1250/1999 best 15.908
  step 1300/1999 best 15.747
  step 1350/1999 best 15.743
  step 1400/1999 best 15.784
  step 1450/1999 best 15.883
  step 1500/1999 best 15.912
  step 1550/1999 best 15.887
  step 1600/1999 best 15.847
  step 1650/1999 best 15.814
  step 1700/1999 best 15.635
  step 1750/1999 best 15.891
  step 1800/1999 best 15.849
  step 1850/1999 best 15.746
  step 1900/1999 best 15.764
  step 1950/1999 best 15.793
saved SBC_CHAINS_cnn_vmim__n1_seed_s2_sim1774_row1526726_noise5686_5865_6044 (240000, 4) acc=0.209
  step 0/1999 best -16.342
  step 50/1999 best 2.171
  step 100/1999 best 7.212
  step 150/1999 best 8.638
  step 200/1999 best 15.925
  step 250/1999 best 14.956
  step 300/1999 best 15.140
  step 350/1999 best 15.607
  step 400/1999 best 15.773
  step 450/1999 best 15.805
  step 500/1999 best 15.648
  step 550/1999 best 16.012
  step 600/1999 best 15.970
  step 650/1999 best 16.038
  step 700/1999 best 15.995
  step 750/1999 best 15.928
  step 800/1999 best 15.967
  step 850/1999 best 15.876
  step 900/1999 best 15.971
  step 950/1999 best 15.915
  step 1000/1999 best 15.949
  step 1050/1999 best 16.047
  step 1100/1999 best 15.888
  step 1150/1999 best 15.810
  step 1200/1999 best 15.826
  step 1250/1999 best 15.999
  step 1300/1999 best 15.834
  step 1350/1999 best 16.006
  step 1400/1999 best 15.897
  step 1450/1999 best 15.833
  step 1500/1999 best 15.984
  step 1550/1999 best 15.987
  step 1600/1999 best 15.870
  step 1650/1999 best 15.844
  step 1700/1999 best 15.921
  step 1750/1999 best 16.007
  step 1800/1999 best 15.923
  step 1850/1999 best 15.919
  step 1900/1999 best 16.064
  step 1950/1999 best 15.946
saved SBC_CHAINS_cnn_vmim__n1_seed_s2_sim3070_row2665465_noise4129_4308_4487 (240000, 4) acc=0.267
  step 0/1999 best -6.528
  step 50/1999 best 3.696
  step 100/1999 best 6.761
  step 150/1999 best 6.761
  step 200/1999 best 6.761
  step 250/1999 best 7.883
  step 300/1999 best 6.584
  step 350/1999 best 6.841
  step 400/1999 best 8.087
  step 450/1999 best 8.504
  step 500/1999 best 9.427
  step 550/1999 best 11.748
  step 600/1999 best 11.184
  step 650/1999 best 11.689
  step 700/1999 best 12.210
  step 750/1999 best 12.516
  step 800/1999 best 12.529
  step 850/1999 best 13.044
  step 900/1999 best 12.785
  step 950/1999 best 12.784
  step 1000/1999 best 13.545
  step 1050/1999 best 13.545
  step 1100/1999 best 13.372
  step 1150/1999 best 13.031
  step 1200/1999 best 13.364
  step 1250/1999 best 13.049
  step 1300/1999 best 13.438
  step 1350/1999 best 13.439
  step 1400/1999 best 13.232
  step 1450/1999 best 13.351
  step 1500/1999 best 13.444
  step 1550/1999 best 13.337
  step 1600/1999 best 13.277
  step 1650/1999 best 13.296
  step 1700/1999 best 13.013
  step 1750/1999 best 12.993
  step 1800/1999 best 13.029
  step 1850/1999 best 13.382
  step 1900/1999 best 13.186
  step 1950/1999 best 13.353
saved SBC_CHAINS_cnn_vmim__n1_seed_s2_sim2431_row2030034_noise3518_3697_3876 (240000, 4) acc=0.210
  step 0/1999 best -27.711
  step 50/1999 best 11.645
  step 100/1999 best 14.519
  step 150/1999 best 16.110
  step 200/1999 best 16.408
  step 250/1999 best 16.571
  step 300/1999 best 16.459
  step 350/1999 best 16.405
  step 400/1999 best 16.508
  step 450/1999 best 16.507
  step 500/1999 best 16.550
  step 550/1999 best 16.540
  step 600/1999 best 16.607
  step 650/1999 best 16.493
  step 700/1999 best 16.425
  step 750/1999 best 16.629
  step 800/1999 best 16.554
  step 850/1999 best 16.384
  step 900/1999 best 16.510
  step 950/1999 best 16.607
  step 1000/1999 best 16.510
  step 1050/1999 best 16.569
  step 1100/1999 best 16.612
  step 1150/1999 best 16.540
  step 1200/1999 best 16.578
  step 1250/1999 best 16.528
  step 1300/1999 best 16.566
  step 1350/1999 best 16.606
  step 1400/1999 best 16.585
  step 1450/1999 best 16.563
  step 1500/1999 best 16.498
  step 1550/1999 best 16.569
  step 1600/1999 best 16.544
  step 1650/1999 best 16.464
  step 1700/1999 best 16.335
  step 1750/1999 best 16.512
  step 1800/1999 best 16.534
  step 1850/1999 best 16.275
  step 1900/1999 best 16.559
  step 1950/1999 best 16.547
saved SBC_CHAINS_cnn_vmim__n1_seed_s2_sim1508_row1285384_noise4700_4879_5058 (240000, 4) acc=0.300
  step 0/1999 best -26.678
  step 50/1999 best 0.979
  step 100/1999 best 5.640
  step 150/1999 best 11.935
  step 200/1999 best 11.988
  step 250/1999 best 13.693
  step 300/1999 best 15.446
  step 350/1999 best 15.609
  step 400/1999 best 15.621
  step 450/1999 best 15.592
  step 500/1999 best 15.521
  step 550/1999 best 15.585
  step 600/1999 best 15.613
  step 650/1999 best 15.488
  step 700/1999 best 15.495
  step 750/1999 best 15.696
  step 800/1999 best 15.648
  step 850/1999 best 15.608
  step 900/1999 best 15.442
  step 950/1999 best 15.479
  step 1000/1999 best 15.636
  step 1050/1999 best 15.547
  step 1100/1999 best 15.346
  step 1150/1999 best 15.507
  step 1200/1999 best 15.658
  step 1250/1999 best 15.664
  step 1300/1999 best 15.615
  step 1350/1999 best 15.710
  step 1400/1999 best 15.476
  step 1450/1999 best 15.390
  step 1500/1999 best 15.611
  step 1550/1999 best 15.492
  step 1600/1999 best 15.652
  step 1650/1999 best 15.519
  step 1700/1999 best 15.589
  step 1750/1999 best 15.700
  step 1800/1999 best 15.509
  step 1850/1999 best 15.580
  step 1900/1999 best 15.541
  step 1950/1999 best 15.546
saved SBC_CHAINS_cnn_vmim__n1_seed_s2_sim412_row390509_noise9561_9740_91 (240000, 4) acc=0.214
  step 0/1999 best -20.944
  step 50/1999 best -0.381
  step 100/1999 best 6.161
  step 150/1999 best 7.016
  step 200/1999 best 11.274
  step 250/1999 best 15.175
  step 300/1999 best 15.793
  step 350/1999 best 16.718
  step 400/1999 best 15.297
  step 450/1999 best 16.190
  step 500/1999 best 16.839
  step 550/1999 best 17.172
  step 600/1999 best 17.309
  step 650/1999 best 17.037
  step 700/1999 best 17.367
  step 750/1999 best 17.154
  step 800/1999 best 17.287
  step 850/1999 best 17.068
  step 900/1999 best 17.258
  step 950/1999 best 17.293
  step 1000/1999 best 17.098
  step 1050/1999 best 17.041
  step 1100/1999 best 17.164
  step 1150/1999 best 17.332
  step 1200/1999 best 17.177
  step 1250/1999 best 17.264
  step 1300/1999 best 17.262
  step 1350/1999 best 17.334
  step 1400/1999 best 17.385
  step 1450/1999 best 17.232
  step 1500/1999 best 17.200
  step 1550/1999 best 17.316
  step 1600/1999 best 17.324
  step 1650/1999 best 17.401
  step 1700/1999 best 17.297
  step 1750/1999 best 17.380
  step 1800/1999 best 17.379
  step 1850/1999 best 17.304
  step 1900/1999 best 17.258
  step 1950/1999 best 17.373
saved SBC_CHAINS_cnn_vmim__n1_seed_s2_sim1744_row1497801_noise5245_5424_5603 (240000, 4) acc=0.165
  step 0/1999 best -13.608
  step 50/1999 best -7.819
  step 100/1999 best -2.503
  step 150/1999 best -2.663
  step 200/1999 best -1.006
  step 250/1999 best 3.486
  step 300/1999 best 10.320
  step 350/1999 best 12.742
  step 400/1999 best 12.427
  step 450/1999 best 12.804
  step 500/1999 best 13.232
  step 550/1999 best 13.129
  step 600/1999 best 13.126
  step 650/1999 best 13.236
  step 700/1999 best 13.220
  step 750/1999 best 13.206
  step 800/1999 best 13.142
  step 850/1999 best 13.099
  step 900/1999 best 13.176
  step 950/1999 best 13.278
  step 1000/1999 best 13.281
  step 1050/1999 best 13.256
  step 1100/1999 best 13.286
  step 1150/1999 best 13.220
  step 1200/1999 best 13.277
  step 1250/1999 best 13.184
  step 1300/1999 best 13.177
  step 1350/1999 best 13.263
  step 1400/1999 best 13.151
  step 1450/1999 best 13.260
  step 1500/1999 best 13.019
  step 1550/1999 best 13.246
  step 1600/1999 best 13.265
  step 1650/1999 best 13.073
  step 1700/1999 best 13.141
  step 1750/1999 best 13.220
  step 1800/1999 best 13.249
  step 1850/1999 best 13.153
  step 1900/1999 best 13.271
  step 1950/1999 best 13.229
saved SBC_CHAINS_cnn_vmim__n1_seed_s2_sim2833_row2428675_noise3211_3390_3569 (240000, 4) acc=0.283
  step 0/1999 best -17.664
  step 50/1999 best -0.178
  step 100/1999 best 9.702
  step 150/1999 best 13.293
  step 200/1999 best 13.630
  step 250/1999 best 13.802
  step 300/1999 best 14.095
  step 350/1999 best 14.223
  step 400/1999 best 14.156
  step 450/1999 best 13.935
  step 500/1999 best 14.081
  step 550/1999 best 13.912
  step 600/1999 best 14.170
  step 650/1999 best 14.071
  step 700/1999 best 14.157
  step 750/1999 best 13.978
  step 800/1999 best 14.001
  step 850/1999 best 13.888
  step 900/1999 best 14.116
  step 950/1999 best 14.165
  step 1000/1999 best 14.078
  step 1050/1999 best 14.215
  step 1100/1999 best 13.966
  step 1150/1999 best 14.060
  step 1200/1999 best 14.025
  step 1250/1999 best 14.116
  step 1300/1999 best 13.992
  step 1350/1999 best 14.147
  step 1400/1999 best 13.954
  step 1450/1999 best 14.089
  step 1500/1999 best 14.193
  step 1550/1999 best 14.112
  step 1600/1999 best 14.148
  step 1650/1999 best 14.107
  step 1700/1999 best 14.126
  step 1750/1999 best 14.040
  step 1800/1999 best 14.110
  step 1850/1999 best 13.991
  step 1900/1999 best 14.016
  step 1950/1999 best 14.170
saved SBC_CHAINS_cnn_vmim__n1_seed_s2_sim2475_row2074980_noise9152_9331_9510 (240000, 4) acc=0.255
  step 0/1999 best -22.282
  step 50/1999 best 4.993
  step 100/1999 best 12.300
  step 150/1999 best 13.947
  step 200/1999 best 15.874
  step 250/1999 best 15.960
  step 300/1999 best 15.967
  step 350/1999 best 15.937
  step 400/1999 best 15.971
  step 450/1999 best 15.949
  step 500/1999 best 15.989
  step 550/1999 best 15.906
  step 600/1999 best 15.949
  step 650/1999 best 15.856
  step 700/1999 best 15.911
  step 750/1999 best 15.931
  step 800/1999 best 16.010
  step 850/1999 best 15.966
  step 900/1999 best 15.955
  step 950/1999 best 16.037
  step 1000/1999 best 15.934
  step 1050/1999 best 15.885
  step 1100/1999 best 15.961
  step 1150/1999 best 15.926
  step 1200/1999 best 15.874
  step 1250/1999 best 16.006
  step 1300/1999 best 15.983
  step 1350/1999 best 15.833
  step 1400/1999 best 15.966
  step 1450/1999 best 16.035
  step 1500/1999 best 16.047
  step 1550/1999 best 15.849
  step 1600/1999 best 15.933
  step 1650/1999 best 15.876
  step 1700/1999 best 15.931
  step 1750/1999 best 15.961
  step 1800/1999 best 15.952
  step 1850/1999 best 15.957
  step 1900/1999 best 15.948
  step 1950/1999 best 15.835
saved SBC_CHAINS_cnn_vmim__n1_seed_s2_sim963_row912058_noise9742_93_272 (240000, 4) acc=0.378
  step 0/1999 best -16.560
  step 50/1999 best 5.900
  step 100/1999 best 8.729
  step 150/1999 best 11.095
  step 200/1999 best 11.384
  step 250/1999 best 11.971
  step 300/1999 best 11.669
  step 350/1999 best 11.733
  step 400/1999 best 11.778
  step 450/1999 best 11.927
  step 500/1999 best 11.957
  step 550/1999 best 11.786
  step 600/1999 best 11.788
  step 650/1999 best 11.937
  step 700/1999 best 11.940
  step 750/1999 best 11.917
  step 800/1999 best 11.723
  step 850/1999 best 11.906
  step 900/1999 best 11.944
  step 950/1999 best 11.917
  step 1000/1999 best 12.011
  step 1050/1999 best 11.990
  step 1100/1999 best 12.009
  step 1150/1999 best 11.951
  step 1200/1999 best 11.834
  step 1250/1999 best 11.868
  step 1300/1999 best 12.010
  step 1350/1999 best 11.975
  step 1400/1999 best 11.966
  step 1450/1999 best 12.015
  step 1500/1999 best 11.894
  step 1550/1999 best 11.867
  step 1600/1999 best 11.885
  step 1650/1999 best 11.841
  step 1700/1999 best 11.908
  step 1750/1999 best 12.049
  step 1800/1999 best 11.945
  step 1850/1999 best 11.979
  step 1900/1999 best 11.896
  step 1950/1999 best 11.914
saved SBC_CHAINS_cnn_vmim__n1_seed_s2_sim1778_row1530769_noise9729_80_259 (240000, 4) acc=0.239
  step 0/1999 best -23.772
  step 50/1999 best -1.010
  step 100/1999 best 0.899
  step 150/1999 best 12.142
  step 200/1999 best 12.282
  step 250/1999 best 12.481
  step 300/1999 best 13.693
  step 350/1999 best 14.092
  step 400/1999 best 14.890
  step 450/1999 best 14.725
  step 500/1999 best 14.319
  step 550/1999 best 14.974
  step 600/1999 best 14.976
  step 650/1999 best 15.029
  step 700/1999 best 15.095
  step 750/1999 best 14.755
  step 800/1999 best 14.920
  step 850/1999 best 15.213
  step 900/1999 best 15.107
  step 950/1999 best 15.163
  step 1000/1999 best 14.996
  step 1050/1999 best 15.095
  step 1100/1999 best 15.132
  step 1150/1999 best 15.082
  step 1200/1999 best 15.141
  step 1250/1999 best 15.150
  step 1300/1999 best 15.187
  step 1350/1999 best 15.130
  step 1400/1999 best 15.034
  step 1450/1999 best 15.216
  step 1500/1999 best 15.178
  step 1550/1999 best 15.138
  step 1600/1999 best 14.883
  step 1650/1999 best 15.098
  step 1700/1999 best 14.948
  step 1750/1999 best 15.097
  step 1800/1999 best 15.197
  step 1850/1999 best 15.125
  step 1900/1999 best 15.035
  step 1950/1999 best 15.153
saved SBC_CHAINS_cnn_vmim__n1_seed_s2_sim3058_row2653107_noise1599_1778_1957 (240000, 4) acc=0.220
  step 0/1999 best -15.550
  step 50/1999 best -0.446
  step 100/1999 best 1.698
  step 150/1999 best 7.433
  step 200/1999 best 14.923
  step 250/1999 best 16.555
  step 300/1999 best 16.565
  step 350/1999 best 17.137
  step 400/1999 best 16.858
  step 450/1999 best 17.106
  step 500/1999 best 17.064
  step 550/1999 best 17.109
  step 600/1999 best 16.977
  step 650/1999 best 17.014
  step 700/1999 best 17.152
  step 750/1999 best 17.142
  step 800/1999 best 17.138
  step 850/1999 best 17.032
  step 900/1999 best 16.918
  step 950/1999 best 17.077
  step 1000/1999 best 17.002
  step 1050/1999 best 16.892
  step 1100/1999 best 17.120
  step 1150/1999 best 17.072
  step 1200/1999 best 16.953
  step 1250/1999 best 17.108
  step 1300/1999 best 16.994
  step 1350/1999 best 17.155
  step 1400/1999 best 17.002
  step 1450/1999 best 17.133
  step 1500/1999 best 17.030
  step 1550/1999 best 17.023
  step 1600/1999 best 17.054
  step 1650/1999 best 17.063
  step 1700/1999 best 17.028
  step 1750/1999 best 16.990
  step 1800/1999 best 17.144
  step 1850/1999 best 16.846
  step 1900/1999 best 17.118
  step 1950/1999 best 17.010
saved SBC_CHAINS_cnn_vmim__n1_seed_s2_sim2056_row1666927_noise2875_3054_3233 (240000, 4) acc=0.348
  step 0/1999 best -27.762
  step 50/1999 best -0.967
  step 100/1999 best 7.355
  step 150/1999 best 13.086
  step 200/1999 best 14.840
  step 250/1999 best 14.801
  step 300/1999 best 14.743
  step 350/1999 best 14.868
  step 400/1999 best 14.814
  step 450/1999 best 14.771
  step 500/1999 best 15.042
  step 550/1999 best 15.019
  step 600/1999 best 15.061
  step 650/1999 best 14.876
  step 700/1999 best 15.045
  step 750/1999 best 14.964
  step 800/1999 best 14.952
  step 850/1999 best 15.103
  step 900/1999 best 14.772
  step 950/1999 best 14.906
  step 1000/1999 best 15.073
  step 1050/1999 best 14.891
  step 1100/1999 best 14.913
  step 1150/1999 best 14.953
  step 1200/1999 best 15.135
  step 1250/1999 best 14.959
  step 1300/1999 best 14.952
  step 1350/1999 best 14.935
  step 1400/1999 best 14.977
  step 1450/1999 best 15.137
  step 1500/1999 best 15.073
  step 1550/1999 best 15.097
  step 1600/1999 best 15.048
  step 1650/1999 best 15.015
  step 1700/1999 best 14.912
  step 1750/1999 best 15.060
  step 1800/1999 best 15.027
  step 1850/1999 best 15.059
  step 1900/1999 best 14.788
  step 1950/1999 best 15.072
saved SBC_CHAINS_cnn_vmim__n1_seed_s2_sim2378_row1977125_noise9577_9756_107 (240000, 4) acc=0.216
  step 0/1999 best -14.893
  step 50/1999 best -6.535
  step 100/1999 best -1.966
  step 150/1999 best 7.747
  step 200/1999 best 7.893
  step 250/1999 best 8.430
  step 300/1999 best 11.581
  step 350/1999 best 12.799
  step 400/1999 best 13.040
  step 450/1999 best 13.117
  step 500/1999 best 12.732
  step 550/1999 best 13.220
  step 600/1999 best 13.031
  step 650/1999 best 13.288
  step 700/1999 best 13.298
  step 750/1999 best 13.291
  step 800/1999 best 13.227
  step 850/1999 best 13.236
  step 900/1999 best 13.221
  step 950/1999 best 13.074
  step 1000/1999 best 13.126
  step 1050/1999 best 13.301
  step 1100/1999 best 13.187
  step 1150/1999 best 13.212
  step 1200/1999 best 13.121
  step 1250/1999 best 13.310
  step 1300/1999 best 13.029
  step 1350/1999 best 13.245
  step 1400/1999 best 13.164
  step 1450/1999 best 13.194
  step 1500/1999 best 13.236
  step 1550/1999 best 13.198
  step 1600/1999 best 13.120
  step 1650/1999 best 13.111
  step 1700/1999 best 13.164
  step 1750/1999 best 13.353
  step 1800/1999 best 13.316
  step 1850/1999 best 13.142
  step 1900/1999 best 13.271
  step 1950/1999 best 13.235
saved SBC_CHAINS_cnn_vmim__n1_seed_s2_sim2434_row2033235_noise6719_6898_7077 (240000, 4) acc=0.166
  step 0/1999 best -25.540
  step 50/1999 best 11.768
  step 100/1999 best 11.975
  step 150/1999 best 14.455
  step 200/1999 best 15.519
  step 250/1999 best 16.755
  step 300/1999 best 16.712
  step 350/1999 best 16.727
  step 400/1999 best 17.092
  step 450/1999 best 16.977
  step 500/1999 best 17.008
  step 550/1999 best 16.998
  step 600/1999 best 16.969
  step 650/1999 best 17.073
  step 700/1999 best 17.006
  step 750/1999 best 17.169
  step 800/1999 best 17.020
  step 850/1999 best 17.106
  step 900/1999 best 17.015
  step 950/1999 best 17.071
  step 1000/1999 best 17.199
  step 1050/1999 best 17.040
  step 1100/1999 best 17.207
  step 1150/1999 best 16.942
  step 1200/1999 best 17.087
  step 1250/1999 best 17.181
  step 1300/1999 best 17.012
  step 1350/1999 best 17.145
  step 1400/1999 best 17.106
  step 1450/1999 best 16.981
  step 1500/1999 best 17.114
  step 1550/1999 best 17.136
  step 1600/1999 best 16.869
  step 1650/1999 best 17.031
  step 1700/1999 best 17.083
  step 1750/1999 best 16.998
  step 1800/1999 best 17.078
  step 1850/1999 best 17.128
  step 1900/1999 best 16.987
  step 1950/1999 best 17.169
saved SBC_CHAINS_cnn_vmim__n1_seed_s2_sim2002_row1613016_noise6932_7111_7290 (240000, 4) acc=0.338
  step 0/1999 best -20.543
  step 50/1999 best 8.199
  step 100/1999 best 12.632
  step 150/1999 best 14.173
  step 200/1999 best 15.328
  step 250/1999 best 15.613
  step 300/1999 best 15.559
  step 350/1999 best 15.771
  step 400/1999 best 15.969
  step 450/1999 best 15.901
  step 500/1999 best 15.886
  step 550/1999 best 15.994
  step 600/1999 best 15.797
  step 650/1999 best 15.918
  step 700/1999 best 15.971
  step 750/1999 best 15.962
  step 800/1999 best 15.683
  step 850/1999 best 15.852
  step 900/1999 best 15.975
  step 950/1999 best 15.715
  step 1000/1999 best 15.880
  step 1050/1999 best 15.919
  step 1100/1999 best 15.889
  step 1150/1999 best 15.930
  step 1200/1999 best 15.881
  step 1250/1999 best 15.938
  step 1300/1999 best 15.924
  step 1350/1999 best 15.999
  step 1400/1999 best 15.930
  step 1450/1999 best 15.818
  step 1500/1999 best 15.947
  step 1550/1999 best 15.744
  step 1600/1999 best 15.834
  step 1650/1999 best 15.799
  step 1700/1999 best 15.746
  step 1750/1999 best 15.937
  step 1800/1999 best 15.679
  step 1850/1999 best 15.730
  step 1900/1999 best 15.833
  step 1950/1999 best 15.957
saved SBC_CHAINS_cnn_vmim__n1_seed_s2_sim128_row119344_noise580_759_938 (240000, 4) acc=0.212
  step 0/1999 best -21.884
  step 50/1999 best 5.539
  step 100/1999 best 5.741
  step 150/1999 best 7.090
  step 200/1999 best 7.038
  step 250/1999 best 10.910
  step 300/1999 best 10.576
  step 350/1999 best 11.898
  step 400/1999 best 11.218
  step 450/1999 best 14.386
  step 500/1999 best 15.241
  step 550/1999 best 15.232
  step 600/1999 best 15.218
  step 650/1999 best 15.792
  step 700/1999 best 15.903
  step 750/1999 best 15.461
  step 800/1999 best 15.935
  step 850/1999 best 15.726
  step 900/1999 best 15.881
  step 950/1999 best 15.975
  step 1000/1999 best 15.907
  step 1050/1999 best 15.964
  step 1100/1999 best 16.044
  step 1150/1999 best 15.955
  step 1200/1999 best 15.989
  step 1250/1999 best 15.879
  step 1300/1999 best 15.914
  step 1350/1999 best 15.886
  step 1400/1999 best 15.866
  step 1450/1999 best 15.763
  step 1500/1999 best 16.014
  step 1550/1999 best 15.982
  step 1600/1999 best 15.947
  step 1650/1999 best 15.938
  step 1700/1999 best 15.929
  step 1750/1999 best 15.915
  step 1800/1999 best 15.974
  step 1850/1999 best 16.001
  step 1900/1999 best 15.842
  step 1950/1999 best 15.968
saved SBC_CHAINS_cnn_vmim__n1_seed_s2_sim916_row865093_noise2089_2268_2447 (240000, 4) acc=0.300
  step 0/1999 best -21.067
  step 50/1999 best 1.667
  step 100/1999 best 14.668
  step 150/1999 best 15.775
  step 200/1999 best 16.119
  step 250/1999 best 16.390
  step 300/1999 best 16.461
  step 350/1999 best 16.035
  step 400/1999 best 16.326
  step 450/1999 best 16.357
  step 500/1999 best 16.383
  step 550/1999 best 16.521
  step 600/1999 best 16.483
  step 650/1999 best 16.171
  step 700/1999 best 16.575
  step 750/1999 best 16.547
  step 800/1999 best 16.353
  step 850/1999 best 16.509
  step 900/1999 best 16.450
  step 950/1999 best 16.533
  step 1000/1999 best 16.448
  step 1050/1999 best 16.504
  step 1100/1999 best 16.373
  step 1150/1999 best 16.516
  step 1200/1999 best 16.561
  step 1250/1999 best 16.453
  step 1300/1999 best 16.413
  step 1350/1999 best 16.407
  step 1400/1999 best 16.449
  step 1450/1999 best 16.564
  step 1500/1999 best 16.402
  step 1550/1999 best 16.602
  step 1600/1999 best 16.395
  step 1650/1999 best 16.587
  step 1700/1999 best 16.402
  step 1750/1999 best 16.528
  step 1800/1999 best 16.498
  step 1850/1999 best 16.440
  step 1900/1999 best 16.369
  step 1950/1999 best 16.405
saved SBC_CHAINS_cnn_vmim__n1_seed_s2_sim291_row277060_noise6048_6227_6406 (240000, 4) acc=0.278
  step 0/1999 best -28.566
  step 50/1999 best 10.436
  step 100/1999 best 10.845
  step 150/1999 best 12.370
  step 200/1999 best 12.917
  step 250/1999 best 15.745
  step 300/1999 best 16.255
  step 350/1999 best 16.081
  step 400/1999 best 16.275
  step 450/1999 best 15.973
  step 500/1999 best 16.183
  step 550/1999 best 16.393
  step 600/1999 best 16.388
  step 650/1999 best 16.291
  step 700/1999 best 16.408
  step 750/1999 best 16.265
  step 800/1999 best 16.158
  step 850/1999 best 16.356
  step 900/1999 best 16.460
  step 950/1999 best 16.437
  step 1000/1999 best 16.300
  step 1050/1999 best 16.315
  step 1100/1999 best 16.234
  step 1150/1999 best 16.175
  step 1200/1999 best 16.404
  step 1250/1999 best 16.381
  step 1300/1999 best 16.437
  step 1350/1999 best 16.037
  step 1400/1999 best 16.370
  step 1450/1999 best 16.276
  step 1500/1999 best 16.385
  step 1550/1999 best 16.443
  step 1600/1999 best 16.346
  step 1650/1999 best 16.448
  step 1700/1999 best 16.358
  step 1750/1999 best 16.407
  step 1800/1999 best 16.480
  step 1850/1999 best 16.303
  step 1900/1999 best 16.404
  step 1950/1999 best 16.432
saved SBC_CHAINS_cnn_vmim__n1_seed_s2_sim349_row335086_noise5106_5285_5464 (240000, 4) acc=0.238
  step 0/1999 best -26.923
  step 50/1999 best -4.277
  step 100/1999 best 4.167
  step 150/1999 best 5.730
  step 200/1999 best 9.868
  step 250/1999 best 18.235
  step 300/1999 best 18.008
  step 350/1999 best 17.969
  step 400/1999 best 17.962
  step 450/1999 best 17.789
  step 500/1999 best 18.040
  step 550/1999 best 18.045
  step 600/1999 best 18.111
  step 650/1999 best 18.253
  step 700/1999 best 17.791
  step 750/1999 best 18.112
  step 800/1999 best 18.254
  step 850/1999 best 18.367
  step 900/1999 best 17.978
  step 950/1999 best 18.217
  step 1000/1999 best 18.183
  step 1050/1999 best 18.292
  step 1100/1999 best 18.346
  step 1150/1999 best 18.353
  step 1200/1999 best 18.371
  step 1250/1999 best 18.304
  step 1300/1999 best 18.254
  step 1350/1999 best 18.072
  step 1400/1999 best 18.184
  step 1450/1999 best 18.153
  step 1500/1999 best 18.167
  step 1550/1999 best 18.185
  step 1600/1999 best 18.258
  step 1650/1999 best 18.221
  step 1700/1999 best 18.363
  step 1750/1999 best 18.292
  step 1800/1999 best 18.250
  step 1850/1999 best 18.315
  step 1900/1999 best 18.329
  step 1950/1999 best 18.288
saved SBC_CHAINS_cnn_vmim__n1_seed_s2_sim1354_row1163542_noise8106_8285_8464 (240000, 4) acc=0.214
  step 0/1999 best -15.161
  step 50/1999 best -4.131
  step 100/1999 best 9.181
  step 150/1999 best 11.211
  step 200/1999 best 15.677
  step 250/1999 best 15.433
  step 300/1999 best 15.570
  step 350/1999 best 16.051
  step 400/1999 best 15.862
  step 450/1999 best 16.056
  step 500/1999 best 16.173
  step 550/1999 best 16.081
  step 600/1999 best 16.281
  step 650/1999 best 16.134
  step 700/1999 best 16.313
  step 750/1999 best 16.267
  step 800/1999 best 16.370
  step 850/1999 best 16.257
  step 900/1999 best 16.240
  step 950/1999 best 16.336
  step 1000/1999 best 16.192
  step 1050/1999 best 16.300
  step 1100/1999 best 16.213
  step 1150/1999 best 16.201
  step 1200/1999 best 16.280
  step 1250/1999 best 16.357
  step 1300/1999 best 16.116
  step 1350/1999 best 16.250
  step 1400/1999 best 16.365
  step 1450/1999 best 16.073
  step 1500/1999 best 16.240
  step 1550/1999 best 16.328
  step 1600/1999 best 16.235
  step 1650/1999 best 16.169
  step 1700/1999 best 16.242
  step 1750/1999 best 16.310
  step 1800/1999 best 16.140
  step 1850/1999 best 16.214
  step 1900/1999 best 16.288
  step 1950/1999 best 16.337
saved SBC_CHAINS_cnn_vmim__n1_seed_s2_sim651_row604866_noise3218_3397_3576 (240000, 4) acc=0.232
  step 0/1999 best -20.348
  step 50/1999 best -0.354
  step 100/1999 best 2.349
  step 150/1999 best 2.498
  step 200/1999 best 2.577
  step 250/1999 best 13.137
  step 300/1999 best 14.102
  step 350/1999 best 15.592
  step 400/1999 best 16.512
  step 450/1999 best 16.816
  step 500/1999 best 16.251
  step 550/1999 best 16.036
  step 600/1999 best 16.593
  step 650/1999 best 16.898
  step 700/1999 best 16.750
  step 750/1999 best 16.843
  step 800/1999 best 16.883
  step 850/1999 best 16.887
  step 900/1999 best 16.863
  step 950/1999 best 16.969
  step 1000/1999 best 16.855
  step 1050/1999 best 16.960
  step 1100/1999 best 16.714
  step 1150/1999 best 17.037
  step 1200/1999 best 16.887
  step 1250/1999 best 16.985
  step 1300/1999 best 16.857
  step 1350/1999 best 17.027
  step 1400/1999 best 16.944
  step 1450/1999 best 16.825
  step 1500/1999 best 16.934
  step 1550/1999 best 16.936
  step 1600/1999 best 16.960
  step 1650/1999 best 16.953
  step 1700/1999 best 17.020
  step 1750/1999 best 17.005
  step 1800/1999 best 16.906
  step 1850/1999 best 16.982
  step 1900/1999 best 16.938
  step 1950/1999 best 16.958
saved SBC_CHAINS_cnn_vmim__n1_seed_s2_sim292_row278511_noise7499_7678_7857 (240000, 4) acc=0.246
  step 0/1999 best -27.207
  step 50/1999 best 0.737
  step 100/1999 best 9.246
  step 150/1999 best 14.036
  step 200/1999 best 14.028
  step 250/1999 best 15.028
  step 300/1999 best 15.038
  step 350/1999 best 15.090
  step 400/1999 best 15.108
  step 450/1999 best 15.132
  step 500/1999 best 15.151
  step 550/1999 best 15.236
  step 600/1999 best 15.270
  step 650/1999 best 15.305
  step 700/1999 best 15.276
  step 750/1999 best 15.262
  step 800/1999 best 15.290
  step 850/1999 best 15.281
  step 900/1999 best 15.200
  step 950/1999 best 15.130
  step 1000/1999 best 15.124
  step 1050/1999 best 15.254
  step 1100/1999 best 15.095
  step 1150/1999 best 15.242
  step 1200/1999 best 15.187
  step 1250/1999 best 15.299
  step 1300/1999 best 15.285
  step 1350/1999 best 15.183
  step 1400/1999 best 15.198
  step 1450/1999 best 15.153
  step 1500/1999 best 15.180
  step 1550/1999 best 15.163
  step 1600/1999 best 15.282
  step 1650/1999 best 15.081
  step 1700/1999 best 15.204
  step 1750/1999 best 15.093
  step 1800/1999 best 14.892
  step 1850/1999 best 15.012
  step 1900/1999 best 15.209
  step 1950/1999 best 15.255
saved SBC_CHAINS_cnn_vmim__n1_seed_s2_sim811_row760905_noise6009_6188_6367 (240000, 4) acc=0.295
  step 0/1999 best -27.835
  step 50/1999 best 8.980
  step 100/1999 best 10.557
  step 150/1999 best 12.400
  step 200/1999 best 13.623
  step 250/1999 best 13.706
  step 300/1999 best 13.688
  step 350/1999 best 13.754
  step 400/1999 best 13.642
  step 450/1999 best 13.568
  step 500/1999 best 13.709
  step 550/1999 best 13.626
  step 600/1999 best 13.810
  step 650/1999 best 13.815
  step 700/1999 best 13.640
  step 750/1999 best 13.880
  step 800/1999 best 13.813
  step 850/1999 best 13.665
  step 900/1999 best 13.658
  step 950/1999 best 13.750
  step 1000/1999 best 13.527
  step 1050/1999 best 13.628
  step 1100/1999 best 13.717
  step 1150/1999 best 13.822
  step 1200/1999 best 13.738
  step 1250/1999 best 13.693
  step 1300/1999 best 13.819
  step 1350/1999 best 13.699
  step 1400/1999 best 13.830
  step 1450/1999 best 13.812
  step 1500/1999 best 13.709
  step 1550/1999 best 13.734
  step 1600/1999 best 13.553
  step 1650/1999 best 13.769
  step 1700/1999 best 13.849
  step 1750/1999 best 13.618
  step 1800/1999 best 13.849
  step 1850/1999 best 13.639
  step 1900/1999 best 13.606
  step 1950/1999 best 13.872
saved SBC_CHAINS_cnn_vmim__n1_seed_s2_sim218_row204767_noise2551_2730_2909 (240000, 4) acc=0.215
  step 0/1999 best -12.844
  step 50/1999 best 4.786
  step 100/1999 best 7.948
  step 150/1999 best 12.097
  step 200/1999 best 12.840
  step 250/1999 best 13.002
  step 300/1999 best 13.977
  step 350/1999 best 13.738
  step 400/1999 best 14.064
  step 450/1999 best 13.895
  step 500/1999 best 14.020
  step 550/1999 best 14.088
  step 600/1999 best 13.788
  step 650/1999 best 14.097
  step 700/1999 best 14.133
  step 750/1999 best 14.045
  step 800/1999 best 14.124
  step 850/1999 best 14.117
  step 900/1999 best 13.979
  step 950/1999 best 14.022
  step 1000/1999 best 13.995
  step 1050/1999 best 13.953
  step 1100/1999 best 14.155
  step 1150/1999 best 13.955
  step 1200/1999 best 13.956
  step 1250/1999 best 14.084
  step 1300/1999 best 13.947
  step 1350/1999 best 13.960
  step 1400/1999 best 14.114
  step 1450/1999 best 14.059
  step 1500/1999 best 14.144
  step 1550/1999 best 14.062
  step 1600/1999 best 14.047
  step 1650/1999 best 13.954
  step 1700/1999 best 14.183
  step 1750/1999 best 14.061
  step 1800/1999 best 14.060
  step 1850/1999 best 14.010
  step 1900/1999 best 14.023
  step 1950/1999 best 14.056
saved SBC_CHAINS_cnn_vmim__n1_seed_s2_sim2383_row1982702_noise5326_5505_5684 (240000, 4) acc=0.244
  step 0/1999 best -25.099
  step 50/1999 best -5.164
  step 100/1999 best 9.582
  step 150/1999 best 14.383
  step 200/1999 best 14.693
  step 250/1999 best 14.683
  step 300/1999 best 14.728
  step 350/1999 best 14.672
  step 400/1999 best 14.678
  step 450/1999 best 14.533
  step 500/1999 best 14.588
  step 550/1999 best 14.603
  step 600/1999 best 14.751
  step 650/1999 best 14.569
  step 700/1999 best 14.726
  step 750/1999 best 14.691
  step 800/1999 best 14.747
  step 850/1999 best 14.510
  step 900/1999 best 14.683
  step 950/1999 best 14.720
  step 1000/1999 best 14.789
  step 1050/1999 best 14.708
  step 1100/1999 best 14.694
  step 1150/1999 best 14.608
  step 1200/1999 best 14.557
  step 1250/1999 best 14.505
  step 1300/1999 best 14.650
  step 1350/1999 best 14.663
  step 1400/1999 best 14.715
  step 1450/1999 best 14.738
  step 1500/1999 best 14.648
  step 1550/1999 best 14.751
  step 1600/1999 best 14.779
  step 1650/1999 best 14.559
  step 1700/1999 best 14.571
  step 1750/1999 best 14.782
  step 1800/1999 best 14.682
  step 1850/1999 best 14.768
  step 1900/1999 best 14.745
  step 1950/1999 best 14.778
saved SBC_CHAINS_cnn_vmim__n1_seed_s2_sim2469_row2068548_noise2720_2899_3078 (240000, 4) acc=0.212
  step 0/1999 best -6.039
  step 50/1999 best -5.127
  step 100/1999 best 4.146
  step 150/1999 best 8.138
  step 200/1999 best 12.342
  step 250/1999 best 15.328
  step 300/1999 best 15.416
  step 350/1999 best 15.666
  step 400/1999 best 15.873
  step 450/1999 best 15.672
  step 500/1999 best 15.943
  step 550/1999 best 16.236
  step 600/1999 best 16.068
  step 650/1999 best 16.187
  step 700/1999 best 16.152
  step 750/1999 best 16.196
  step 800/1999 best 15.895
  step 850/1999 best 16.359
  step 900/1999 best 16.105
  step 950/1999 best 16.289
  step 1000/1999 best 16.270
  step 1050/1999 best 16.099
  step 1100/1999 best 16.310
  step 1150/1999 best 16.247
  step 1200/1999 best 16.285
  step 1250/1999 best 16.303
  step 1300/1999 best 16.113
  step 1350/1999 best 16.273
  step 1400/1999 best 16.331
  step 1450/1999 best 16.304
  step 1500/1999 best 16.237
  step 1550/1999 best 16.262
  step 1600/1999 best 16.213
  step 1650/1999 best 16.346
  step 1700/1999 best 16.324
  step 1750/1999 best 16.167
  step 1800/1999 best 16.270
  step 1850/1999 best 16.253
  step 1900/1999 best 16.301
  step 1950/1999 best 16.246
saved SBC_CHAINS_cnn_vmim__n1_seed_s2_sim1729_row1482839_noise111_290_469 (240000, 4) acc=0.256
  step 0/1999 best -23.695
  step 50/1999 best 6.710
  step 100/1999 best 11.325
  step 150/1999 best 11.371
  step 200/1999 best 13.992
  step 250/1999 best 14.144
  step 300/1999 best 14.513
  step 350/1999 best 14.464
  step 400/1999 best 14.498
  step 450/1999 best 14.488
  step 500/1999 best 14.336
  step 550/1999 best 14.562
  step 600/1999 best 14.400
  step 650/1999 best 14.353
  step 700/1999 best 14.539
  step 750/1999 best 14.616
  step 800/1999 best 14.624
  step 850/1999 best 14.371
  step 900/1999 best 14.577
  step 950/1999 best 14.582
  step 1000/1999 best 14.581
  step 1050/1999 best 14.393
  step 1100/1999 best 14.563
  step 1150/1999 best 14.418
  step 1200/1999 best 14.390
  step 1250/1999 best 14.570
  step 1300/1999 best 14.252
  step 1350/1999 best 14.472
  step 1400/1999 best 14.526
  step 1450/1999 best 14.549
  step 1500/1999 best 14.591
  step 1550/1999 best 14.549
  step 1600/1999 best 14.429
  step 1650/1999 best 14.571
  step 1700/1999 best 14.629
  step 1750/1999 best 14.431
  step 1800/1999 best 14.497
  step 1850/1999 best 14.415
  step 1900/1999 best 14.401
  step 1950/1999 best 14.439
saved SBC_CHAINS_cnn_vmim__n1_seed_s2_sim1219_row1037992_noise1320_1499_1678 (240000, 4) acc=0.215
  step 0/1999 best -31.683
  step 50/1999 best 12.859
  step 100/1999 best 12.885
  step 150/1999 best 12.942
  step 200/1999 best 13.866
  step 250/1999 best 14.248
  step 300/1999 best 14.039
  step 350/1999 best 14.120
  step 400/1999 best 14.038
  step 450/1999 best 14.271
  step 500/1999 best 14.196
  step 550/1999 best 14.226
  step 600/1999 best 14.035
  step 650/1999 best 14.265
  step 700/1999 best 14.188
  step 750/1999 best 14.262
  step 800/1999 best 14.154
  step 850/1999 best 14.233
  step 900/1999 best 14.167
  step 950/1999 best 14.013
  step 1000/1999 best 14.229
  step 1050/1999 best 14.227
  step 1100/1999 best 14.280
  step 1150/1999 best 14.099
  step 1200/1999 best 14.196
  step 1250/1999 best 14.060
  step 1300/1999 best 14.094
  step 1350/1999 best 14.131
  step 1400/1999 best 14.176
  step 1450/1999 best 14.178
  step 1500/1999 best 14.084
  step 1550/1999 best 14.196
  step 1600/1999 best 14.268
  step 1650/1999 best 14.172
  step 1700/1999 best 14.210
  step 1750/1999 best 13.973
  step 1800/1999 best 14.108
  step 1850/1999 best 14.209
  step 1900/1999 best 14.171
  step 1950/1999 best 14.207
saved SBC_CHAINS_cnn_vmim__n1_seed_s2_sim2547_row2146020_noise1568_1747_1926 (240000, 4) acc=0.203
  step 0/1999 best -19.507
  step 50/1999 best 9.027
  step 100/1999 best 9.878
  step 150/1999 best 10.466
  step 200/1999 best 10.415
  step 250/1999 best 12.632
  step 300/1999 best 13.056
  step 350/1999 best 13.451
  step 400/1999 best 14.279
  step 450/1999 best 13.759
  step 500/1999 best 14.223
  step 550/1999 best 14.100
  step 600/1999 best 14.155
  step 650/1999 best 14.118
  step 700/1999 best 14.206
  step 750/1999 best 14.206
  step 800/1999 best 14.207
  step 850/1999 best 14.188
  step 900/1999 best 14.037
  step 950/1999 best 14.096
  step 1000/1999 best 14.180
  step 1050/1999 best 14.180
  step 1100/1999 best 14.261
  step 1150/1999 best 14.323
  step 1200/1999 best 14.376
  step 1250/1999 best 14.177
  step 1300/1999 best 14.329
  step 1350/1999 best 14.220
  step 1400/1999 best 14.317
  step 1450/1999 best 14.115
  step 1500/1999 best 14.284
  step 1550/1999 best 14.242
  step 1600/1999 best 14.220
  step 1650/1999 best 14.118
  step 1700/1999 best 14.259
  step 1750/1999 best 14.286
  step 1800/1999 best 14.110
  step 1850/1999 best 14.225
  step 1900/1999 best 14.290
  step 1950/1999 best 14.108
saved SBC_CHAINS_cnn_vmim__n1_seed_s2_sim2937_row2532660_noise8916_9095_9274 (240000, 4) acc=0.191
  step 0/1999 best -17.012
  step 50/1999 best -0.826
  step 100/1999 best 0.348
  step 150/1999 best 0.841
  step 200/1999 best 5.790
  step 250/1999 best 8.579
  step 300/1999 best 12.133
  step 350/1999 best 12.264
  step 400/1999 best 13.262
  step 450/1999 best 13.359
  step 500/1999 best 12.824
  step 550/1999 best 13.808
  step 600/1999 best 13.970
  step 650/1999 best 14.037
  step 700/1999 best 14.038
  step 750/1999 best 14.116
  step 800/1999 best 13.692
  step 850/1999 best 14.055
  step 900/1999 best 13.761
  step 950/1999 best 13.806
  step 1000/1999 best 14.138
  step 1050/1999 best 14.028
  step 1100/1999 best 13.991
  step 1150/1999 best 14.097
  step 1200/1999 best 14.197
  step 1250/1999 best 14.076
  step 1300/1999 best 14.195
  step 1350/1999 best 14.045
  step 1400/1999 best 14.150
  step 1450/1999 best 14.077
  step 1500/1999 best 14.163
  step 1550/1999 best 14.197
  step 1600/1999 best 14.035
  step 1650/1999 best 13.943
  step 1700/1999 best 14.173
  step 1750/1999 best 14.059
  step 1800/1999 best 14.068
  step 1850/1999 best 14.163
  step 1900/1999 best 14.023
  step 1950/1999 best 14.055
saved SBC_CHAINS_cnn_vmim__n1_seed_s2_sim3028_row2623351_noise1327_1506_1685 (240000, 4) acc=0.266
  step 0/1999 best -25.231
  step 50/1999 best 6.412
  step 100/1999 best 14.925
  step 150/1999 best 13.199
  step 200/1999 best 14.177
  step 250/1999 best 15.198
  step 300/1999 best 15.226
  step 350/1999 best 15.268
  step 400/1999 best 15.336
  step 450/1999 best 15.282
  step 500/1999 best 15.322
  step 550/1999 best 15.237
  step 600/1999 best 15.232
  step 650/1999 best 15.249
  step 700/1999 best 15.320
  step 750/1999 best 15.257
  step 800/1999 best 15.212
  step 850/1999 best 15.228
  step 900/1999 best 15.279
  step 950/1999 best 15.207
  step 1000/1999 best 15.136
  step 1050/1999 best 15.299
  step 1100/1999 best 15.389
  step 1150/1999 best 15.327
  step 1200/1999 best 15.375
  step 1250/1999 best 15.270
  step 1300/1999 best 15.102
  step 1350/1999 best 15.312
  step 1400/1999 best 15.172
  step 1450/1999 best 15.224
  step 1500/1999 best 15.331
  step 1550/1999 best 15.282
  step 1600/1999 best 15.311
  step 1650/1999 best 15.161
  step 1700/1999 best 15.368
  step 1750/1999 best 15.157
  step 1800/1999 best 15.220
  step 1850/1999 best 15.288
  step 1900/1999 best 15.236
  step 1950/1999 best 15.213
saved SBC_CHAINS_cnn_vmim__n1_seed_s2_sim290_row276977_noise5965_6144_6323 (240000, 4) acc=0.231
  step 0/1999 best -25.775
  step 50/1999 best 11.598
  step 100/1999 best 12.519
  step 150/1999 best 15.199
  step 200/1999 best 16.549
  step 250/1999 best 16.660
  step 300/1999 best 16.537
  step 350/1999 best 16.734
  step 400/1999 best 16.852
  step 450/1999 best 16.743
  step 500/1999 best 16.638
  step 550/1999 best 16.835
  step 600/1999 best 16.663
  step 650/1999 best 16.804
  step 700/1999 best 16.817
  step 750/1999 best 16.759
  step 800/1999 best 16.803
  step 850/1999 best 16.679
  step 900/1999 best 16.761
  step 950/1999 best 16.801
  step 1000/1999 best 16.710
  step 1050/1999 best 16.774
  step 1100/1999 best 16.832
  step 1150/1999 best 16.757
  step 1200/1999 best 16.853
  step 1250/1999 best 16.574
  step 1300/1999 best 16.630
  step 1350/1999 best 16.805
  step 1400/1999 best 16.461
  step 1450/1999 best 16.780
  step 1500/1999 best 16.840
  step 1550/1999 best 16.791
  step 1600/1999 best 16.591
  step 1650/1999 best 16.688
  step 1700/1999 best 16.745
  step 1750/1999 best 16.808
  step 1800/1999 best 16.571
  step 1850/1999 best 16.711
  step 1900/1999 best 16.737
  step 1950/1999 best 16.631
saved SBC_CHAINS_cnn_vmim__n1_seed_s2_sim356_row342758_noise2950_3129_3308 (240000, 4) acc=0.251
  step 0/1999 best -13.727
  step 50/1999 best 3.741
  step 100/1999 best 10.626
  step 150/1999 best 10.961
  step 200/1999 best 13.325
  step 250/1999 best 13.794
  step 300/1999 best 13.672
  step 350/1999 best 13.603
  step 400/1999 best 13.767
  step 450/1999 best 13.745
  step 500/1999 best 13.709
  step 550/1999 best 13.752
  step 600/1999 best 13.736
  step 650/1999 best 13.643
  step 700/1999 best 13.674
  step 750/1999 best 13.615
  step 800/1999 best 13.759
  step 850/1999 best 13.725
  step 900/1999 best 13.711
  step 950/1999 best 13.737
  step 1000/1999 best 13.720
  step 1050/1999 best 13.676
  step 1100/1999 best 13.785
  step 1150/1999 best 13.776
  step 1200/1999 best 13.697
  step 1250/1999 best 13.702
  step 1300/1999 best 13.562
  step 1350/1999 best 13.769
  step 1400/1999 best 13.792
  step 1450/1999 best 13.659
  step 1500/1999 best 13.811
  step 1550/1999 best 13.647
  step 1600/1999 best 13.761
  step 1650/1999 best 13.683
  step 1700/1999 best 13.692
  step 1750/1999 best 13.755
  step 1800/1999 best 13.626
  step 1850/1999 best 13.744
  step 1900/1999 best 13.740
  step 1950/1999 best 13.705
saved SBC_CHAINS_cnn_vmim__n1_seed_s2_sim361_row347922_noise8114_8293_8472 (240000, 4) acc=0.348
  step 0/1999 best -20.319
  step 50/1999 best 0.005
  step 100/1999 best 0.083
  step 150/1999 best 3.250
  step 200/1999 best 13.681
  step 250/1999 best 13.881
  step 300/1999 best 14.758
  step 350/1999 best 14.445
  step 400/1999 best 14.566
  step 450/1999 best 14.570
  step 500/1999 best 15.531
  step 550/1999 best 15.596
  step 600/1999 best 15.743
  step 650/1999 best 15.947
  step 700/1999 best 15.765
  step 750/1999 best 15.993
  step 800/1999 best 15.947
  step 850/1999 best 15.501
  step 900/1999 best 15.825
  step 950/1999 best 15.873
  step 1000/1999 best 15.928
  step 1050/1999 best 15.588
  step 1100/1999 best 15.791
  step 1150/1999 best 15.842
  step 1200/1999 best 16.099
  step 1250/1999 best 15.826
  step 1300/1999 best 15.914
  step 1350/1999 best 15.886
  step 1400/1999 best 15.715
  step 1450/1999 best 15.947
  step 1500/1999 best 16.089
  step 1550/1999 best 15.948
  step 1600/1999 best 15.929
  step 1650/1999 best 16.007
  step 1700/1999 best 16.076
  step 1750/1999 best 16.035
  step 1800/1999 best 15.936
  step 1850/1999 best 15.831
  step 1900/1999 best 15.995
  step 1950/1999 best 16.008
saved SBC_CHAINS_cnn_vmim__n1_seed_s2_sim136_row127809_noise9045_9224_9403 (240000, 4) acc=0.153
