[stage3] arm=cnn_vmim_/n1_jitter/seed_s3  nle=/gscratch/ddehiwalage-don/sbi_master/cnn_vmim_/n1_jitter/seed_s3/nle
[NLE] scope=standard_t family=nsf loaded from /gscratch/ddehiwalage-don/sbi_master/cnn_vmim_/n1_jitter/seed_s3/nle/standard_t/nsf
targets this task: 151 | family=standard_t_nsf | chains -> /gscratch/ddehiwalage-don/sbi_master/cnn_vmim_/n1_jitter/seed_s3/chains/standard_t_nsf
  step 0/1999 best -19.067
  step 50/1999 best 10.886
  step 100/1999 best 12.301
  step 150/1999 best 14.136
  step 200/1999 best 13.787
  step 250/1999 best 13.958
  step 300/1999 best 14.085
  step 350/1999 best 13.808
  step 400/1999 best 14.244
  step 450/1999 best 14.257
  step 500/1999 best 13.932
  step 550/1999 best 14.183
  step 600/1999 best 14.187
  step 650/1999 best 14.174
  step 700/1999 best 14.169
  step 750/1999 best 14.260
  step 800/1999 best 13.940
  step 850/1999 best 14.247
  step 900/1999 best 14.107
  step 950/1999 best 14.260
  step 1000/1999 best 14.250
  step 1050/1999 best 14.244
  step 1100/1999 best 13.713
  step 1150/1999 best 14.272
  step 1200/1999 best 14.190
  step 1250/1999 best 14.210
  step 1300/1999 best 14.319
  step 1350/1999 best 14.192
  step 1400/1999 best 14.315
  step 1450/1999 best 14.206
  step 1500/1999 best 14.200
  step 1550/1999 best 14.336
  step 1600/1999 best 14.318
  step 1650/1999 best 13.889
  step 1700/1999 best 14.177
  step 1750/1999 best 14.152
  step 1800/1999 best 14.229
  step 1850/1999 best 14.245
  step 1900/1999 best 14.263
  step 1950/1999 best 14.186
saved SBC_CHAINS_cnn_vmim__n1_jitter_seed_s3_sim1921_row1532106_noise4646_4825_5004 (240000, 4) acc=0.160
  step 0/1999 best -19.821
  step 50/1999 best 3.404
  step 100/1999 best 9.499
  step 150/1999 best 9.043
  step 200/1999 best 9.444
  step 250/1999 best 9.846
  step 300/1999 best 9.939
  step 350/1999 best 9.775
  step 400/1999 best 9.670
  step 450/1999 best 9.822
  step 500/1999 best 9.803
  step 550/1999 best 9.727
  step 600/1999 best 9.695
  step 650/1999 best 9.680
  step 700/1999 best 9.646
  step 750/1999 best 9.387
  step 800/1999 best 9.780
  step 850/1999 best 9.832
  step 900/1999 best 9.858
  step 950/1999 best 9.858
  step 1000/1999 best 9.749
  step 1050/1999 best 9.629
  step 1100/1999 best 9.812
  step 1150/1999 best 9.806
  step 1200/1999 best 9.443
  step 1250/1999 best 9.710
  step 1300/1999 best 9.862
  step 1350/1999 best 9.857
  step 1400/1999 best 9.731
  step 1450/1999 best 9.845
  step 1500/1999 best 9.760
  step 1550/1999 best 9.905
  step 1600/1999 best 9.956
  step 1650/1999 best 9.842
  step 1700/1999 best 9.829
  step 1750/1999 best 9.785
  step 1800/1999 best 9.657
  step 1850/1999 best 9.670
  step 1900/1999 best 9.744
  step 1950/1999 best 9.580
saved SBC_CHAINS_cnn_vmim__n1_jitter_seed_s3_sim2859_row2454550_noise9430_9609_9788 (240000, 4) acc=0.292
  step 0/1999 best -21.948
  step 50/1999 best 4.553
  step 100/1999 best 7.669
  step 150/1999 best 11.323
  step 200/1999 best 12.016
  step 250/1999 best 12.324
  step 300/1999 best 12.546
  step 350/1999 best 12.692
  step 400/1999 best 12.474
  step 450/1999 best 12.422
  step 500/1999 best 12.609
  step 550/1999 best 12.666
  step 600/1999 best 12.663
  step 650/1999 best 12.597
  step 700/1999 best 12.661
  step 750/1999 best 12.467
  step 800/1999 best 12.434
  step 850/1999 best 12.503
  step 900/1999 best 12.635
  step 950/1999 best 12.342
  step 1000/1999 best 12.639
  step 1050/1999 best 12.578
  step 1100/1999 best 12.555
  step 1150/1999 best 12.724
  step 1200/1999 best 12.678
  step 1250/1999 best 12.551
  step 1300/1999 best 12.611
  step 1350/1999 best 12.547
  step 1400/1999 best 12.711
  step 1450/1999 best 12.622
  step 1500/1999 best 12.720
  step 1550/1999 best 12.634
  step 1600/1999 best 12.654
  step 1650/1999 best 12.459
  step 1700/1999 best 12.681
  step 1750/1999 best 12.676
  step 1800/1999 best 12.566
  step 1850/1999 best 12.717
  step 1900/1999 best 12.501
  step 1950/1999 best 12.582
saved SBC_CHAINS_cnn_vmim__n1_jitter_seed_s3_sim2907_row2502394_noise8134_8313_8492 (240000, 4) acc=0.271
  step 0/1999 best -11.789
  step 50/1999 best 5.597
  step 100/1999 best 5.541
  step 150/1999 best 13.110
  step 200/1999 best 13.475
  step 250/1999 best 14.536
  step 300/1999 best 16.308
  step 350/1999 best 16.319
  step 400/1999 best 16.328
  step 450/1999 best 16.420
  step 500/1999 best 16.341
  step 550/1999 best 16.331
  step 600/1999 best 16.208
  step 650/1999 best 16.518
  step 700/1999 best 16.049
  step 750/1999 best 16.197
  step 800/1999 best 16.313
  step 850/1999 best 16.413
  step 900/1999 best 16.445
  step 950/1999 best 16.336
  step 1000/1999 best 16.120
  step 1050/1999 best 16.436
  step 1100/1999 best 16.380
  step 1150/1999 best 16.324
  step 1200/1999 best 16.346
  step 1250/1999 best 16.367
  step 1300/1999 best 16.185
  step 1350/1999 best 16.389
  step 1400/1999 best 16.415
  step 1450/1999 best 16.511
  step 1500/1999 best 16.395
  step 1550/1999 best 16.185
  step 1600/1999 best 16.485
  step 1650/1999 best 16.435
  step 1700/1999 best 16.408
  step 1750/1999 best 16.482
  step 1800/1999 best 16.456
  step 1850/1999 best 16.471
  step 1900/1999 best 16.386
  step 1950/1999 best 16.255
saved SBC_CHAINS_cnn_vmim__n1_jitter_seed_s3_sim1978_row1589578_noise3150_3329_3508 (240000, 4) acc=0.196
  step 0/1999 best -13.949
  step 50/1999 best 0.146
  step 100/1999 best 6.818
  step 150/1999 best 14.144
  step 200/1999 best 14.700
  step 250/1999 best 14.426
  step 300/1999 best 14.892
  step 350/1999 best 15.003
  step 400/1999 best 14.915
  step 450/1999 best 14.857
  step 500/1999 best 14.586
  step 550/1999 best 14.703
  step 600/1999 best 14.813
  step 650/1999 best 14.722
  step 700/1999 best 14.927
  step 750/1999 best 14.856
  step 800/1999 best 14.944
  step 850/1999 best 15.030
  step 900/1999 best 14.854
  step 950/1999 best 14.964
  step 1000/1999 best 14.943
  step 1050/1999 best 14.941
  step 1100/1999 best 14.997
  step 1150/1999 best 14.990
  step 1200/1999 best 14.946
  step 1250/1999 best 14.892
  step 1300/1999 best 14.997
  step 1350/1999 best 14.903
  step 1400/1999 best 14.929
  step 1450/1999 best 14.894
  step 1500/1999 best 14.786
  step 1550/1999 best 14.983
  step 1600/1999 best 14.890
  step 1650/1999 best 14.890
  step 1700/1999 best 14.888
  step 1750/1999 best 15.026
  step 1800/1999 best 14.773
  step 1850/1999 best 14.810
  step 1900/1999 best 14.898
  step 1950/1999 best 14.999
saved SBC_CHAINS_cnn_vmim__n1_jitter_seed_s3_sim2463_row2062311_noise6311_6490_6669 (240000, 4) acc=0.259
  step 0/1999 best -14.932
  step 50/1999 best -2.366
  step 100/1999 best 4.543
  step 150/1999 best 8.145
  step 200/1999 best 10.957
  step 250/1999 best 13.194
  step 300/1999 best 14.576
  step 350/1999 best 14.682
  step 400/1999 best 14.625
  step 450/1999 best 14.867
  step 500/1999 best 15.236
  step 550/1999 best 15.097
  step 600/1999 best 15.224
  step 650/1999 best 14.934
  step 700/1999 best 15.013
  step 750/1999 best 15.204
  step 800/1999 best 14.942
  step 850/1999 best 15.177
  step 900/1999 best 15.086
  step 950/1999 best 15.114
  step 1000/1999 best 15.106
  step 1050/1999 best 15.222
  step 1100/1999 best 15.141
  step 1150/1999 best 15.202
  step 1200/1999 best 14.888
  step 1250/1999 best 15.264
  step 1300/1999 best 15.123
  step 1350/1999 best 15.107
  step 1400/1999 best 15.130
  step 1450/1999 best 15.127
  step 1500/1999 best 15.262
  step 1550/1999 best 15.049
  step 1600/1999 best 15.233
  step 1650/1999 best 15.301
  step 1700/1999 best 15.070
  step 1750/1999 best 15.237
  step 1800/1999 best 15.072
  step 1850/1999 best 15.233
  step 1900/1999 best 15.099
  step 1950/1999 best 15.126
saved SBC_CHAINS_cnn_vmim__n1_jitter_seed_s3_sim951_row900776_noise8288_8467_8646 (240000, 4) acc=0.179
  step 0/1999 best -8.136
  step 50/1999 best -3.212
  step 100/1999 best -1.526
  step 150/1999 best 8.963
  step 200/1999 best 8.460
  step 250/1999 best 12.836
  step 300/1999 best 12.644
  step 350/1999 best 12.644
  step 400/1999 best 13.222
  step 450/1999 best 12.680
  step 500/1999 best 13.400
  step 550/1999 best 13.489
  step 600/1999 best 13.036
  step 650/1999 best 13.218
  step 700/1999 best 13.228
  step 750/1999 best 13.362
  step 800/1999 best 13.516
  step 850/1999 best 13.500
  step 900/1999 best 13.418
  step 950/1999 best 13.309
  step 1000/1999 best 13.437
  step 1050/1999 best 13.275
  step 1100/1999 best 13.457
  step 1150/1999 best 13.419
  step 1200/1999 best 13.299
  step 1250/1999 best 13.434
  step 1300/1999 best 13.559
  step 1350/1999 best 13.587
  step 1400/1999 best 13.539
  step 1450/1999 best 13.522
  step 1500/1999 best 13.366
  step 1550/1999 best 13.558
  step 1600/1999 best 13.539
  step 1650/1999 best 13.248
  step 1700/1999 best 13.395
  step 1750/1999 best 13.460
  step 1800/1999 best 13.525
  step 1850/1999 best 13.425
  step 1900/1999 best 13.210
  step 1950/1999 best 13.482
saved SBC_CHAINS_cnn_vmim__n1_jitter_seed_s3_sim682_row633814_noise4682_4861_5040 (240000, 4) acc=0.177
  step 0/1999 best -21.517
  step 50/1999 best 2.487
  step 100/1999 best 4.640
  step 150/1999 best 11.106
  step 200/1999 best 14.001
  step 250/1999 best 15.030
  step 300/1999 best 15.724
  step 350/1999 best 15.527
  step 400/1999 best 15.728
  step 450/1999 best 15.920
  step 500/1999 best 15.820
  step 550/1999 best 15.800
  step 600/1999 best 15.696
  step 650/1999 best 15.542
  step 700/1999 best 15.799
  step 750/1999 best 16.075
  step 800/1999 best 15.603
  step 850/1999 best 15.997
  step 900/1999 best 15.613
  step 950/1999 best 15.885
  step 1000/1999 best 15.790
  step 1050/1999 best 16.068
  step 1100/1999 best 15.851
  step 1150/1999 best 15.812
  step 1200/1999 best 15.983
  step 1250/1999 best 16.016
  step 1300/1999 best 16.040
  step 1350/1999 best 15.788
  step 1400/1999 best 15.929
  step 1450/1999 best 16.006
  step 1500/1999 best 15.962
  step 1550/1999 best 16.045
  step 1600/1999 best 15.971
  step 1650/1999 best 15.849
  step 1700/1999 best 15.937
  step 1750/1999 best 16.008
  step 1800/1999 best 15.986
  step 1850/1999 best 16.057
  step 1900/1999 best 15.882
  step 1950/1999 best 16.025
saved SBC_CHAINS_cnn_vmim__n1_jitter_seed_s3_sim1189_row1007200_noise12_191_370 (240000, 4) acc=0.139
  step 0/1999 best -18.168
  step 50/1999 best -1.189
  step 100/1999 best -0.743
  step 150/1999 best 5.997
  step 200/1999 best 5.022
  step 250/1999 best 5.548
  step 300/1999 best 6.419
  step 350/1999 best 8.627
  step 400/1999 best 8.522
  step 450/1999 best 9.504
  step 500/1999 best 8.926
  step 550/1999 best 9.750
  step 600/1999 best 9.650
  step 650/1999 best 10.003
  step 700/1999 best 9.558
  step 750/1999 best 9.438
  step 800/1999 best 9.687
  step 850/1999 best 9.189
  step 900/1999 best 9.522
  step 950/1999 best 10.128
  step 1000/1999 best 10.138
  step 1050/1999 best 10.243
  step 1100/1999 best 10.224
  step 1150/1999 best 10.066
  step 1200/1999 best 10.436
  step 1250/1999 best 10.133
  step 1300/1999 best 10.474
  step 1350/1999 best 10.403
  step 1400/1999 best 10.115
  step 1450/1999 best 10.425
  step 1500/1999 best 10.301
  step 1550/1999 best 10.103
  step 1600/1999 best 10.244
  step 1650/1999 best 10.290
  step 1700/1999 best 10.142
  step 1750/1999 best 10.158
  step 1800/1999 best 10.306
  step 1850/1999 best 10.262
  step 1900/1999 best 10.056
  step 1950/1999 best 10.403
saved SBC_CHAINS_cnn_vmim__n1_jitter_seed_s3_sim2943_row2538268_noise4696_4875_5054 (240000, 4) acc=0.300
  step 0/1999 best -30.048
  step 50/1999 best -3.379
  step 100/1999 best 2.256
  step 150/1999 best 8.990
  step 200/1999 best 14.298
  step 250/1999 best 14.451
  step 300/1999 best 15.072
  step 350/1999 best 15.168
  step 400/1999 best 15.026
  step 450/1999 best 15.062
  step 500/1999 best 15.326
  step 550/1999 best 15.222
  step 600/1999 best 15.156
  step 650/1999 best 15.102
  step 700/1999 best 15.270
  step 750/1999 best 15.216
  step 800/1999 best 15.370
  step 850/1999 best 15.229
  step 900/1999 best 15.332
  step 950/1999 best 15.280
  step 1000/1999 best 15.385
  step 1050/1999 best 15.304
  step 1100/1999 best 15.302
  step 1150/1999 best 15.169
  step 1200/1999 best 15.353
  step 1250/1999 best 15.382
  step 1300/1999 best 15.345
  step 1350/1999 best 15.378
  step 1400/1999 best 15.229
  step 1450/1999 best 15.238
  step 1500/1999 best 15.309
  step 1550/1999 best 15.349
  step 1600/1999 best 15.032
  step 1650/1999 best 15.209
  step 1700/1999 best 15.164
  step 1750/1999 best 15.258
  step 1800/1999 best 15.378
  step 1850/1999 best 15.247
  step 1900/1999 best 15.332
  step 1950/1999 best 15.121
saved SBC_CHAINS_cnn_vmim__n1_jitter_seed_s3_sim873_row822256_noise8392_8571_8750 (240000, 4) acc=0.199
  step 0/1999 best -13.490
  step 50/1999 best -0.324
  step 100/1999 best 7.880
  step 150/1999 best 15.113
  step 200/1999 best 14.797
  step 250/1999 best 15.941
  step 300/1999 best 16.038
  step 350/1999 best 15.904
  step 400/1999 best 16.075
  step 450/1999 best 16.074
  step 500/1999 best 16.130
  step 550/1999 best 16.174
  step 600/1999 best 16.201
  step 650/1999 best 16.185
  step 700/1999 best 16.189
  step 750/1999 best 16.084
  step 800/1999 best 16.156
  step 850/1999 best 15.944
  step 900/1999 best 16.111
  step 950/1999 best 16.084
  step 1000/1999 best 16.141
  step 1050/1999 best 16.116
  step 1100/1999 best 16.114
  step 1150/1999 best 16.216
  step 1200/1999 best 16.078
  step 1250/1999 best 16.185
  step 1300/1999 best 15.988
  step 1350/1999 best 16.104
  step 1400/1999 best 16.154
  step 1450/1999 best 15.987
  step 1500/1999 best 16.134
  step 1550/1999 best 15.959
  step 1600/1999 best 16.084
  step 1650/1999 best 16.090
  step 1700/1999 best 16.139
  step 1750/1999 best 16.196
  step 1800/1999 best 16.070
  step 1850/1999 best 16.140
  step 1900/1999 best 15.985
  step 1950/1999 best 16.244
saved SBC_CHAINS_cnn_vmim__n1_jitter_seed_s3_sim884_row833666_noise146_325_504 (240000, 4) acc=0.315
  step 0/1999 best -16.746
  step 50/1999 best 2.994
  step 100/1999 best 9.121
  step 150/1999 best 12.217
  step 200/1999 best 14.854
  step 250/1999 best 15.776
  step 300/1999 best 15.737
  step 350/1999 best 15.406
  step 400/1999 best 15.733
  step 450/1999 best 15.754
  step 500/1999 best 15.678
  step 550/1999 best 15.568
  step 600/1999 best 15.762
  step 650/1999 best 15.674
  step 700/1999 best 15.708
  step 750/1999 best 15.617
  step 800/1999 best 15.684
  step 850/1999 best 15.698
  step 900/1999 best 15.788
  step 950/1999 best 15.777
  step 1000/1999 best 15.753
  step 1050/1999 best 15.649
  step 1100/1999 best 15.668
  step 1150/1999 best 15.547
  step 1200/1999 best 15.711
  step 1250/1999 best 15.750
  step 1300/1999 best 15.498
  step 1350/1999 best 15.681
  step 1400/1999 best 15.717
  step 1450/1999 best 15.673
  step 1500/1999 best 15.609
  step 1550/1999 best 15.738
  step 1600/1999 best 15.636
  step 1650/1999 best 15.602
  step 1700/1999 best 15.624
  step 1750/1999 best 15.661
  step 1800/1999 best 15.703
  step 1850/1999 best 15.624
  step 1900/1999 best 15.682
  step 1950/1999 best 15.751
saved SBC_CHAINS_cnn_vmim__n1_jitter_seed_s3_sim1419_row1201936_noise4704_4883_5062 (240000, 4) acc=0.192
  step 0/1999 best -13.105
  step 50/1999 best 11.035
  step 100/1999 best 10.820
  step 150/1999 best 15.752
  step 200/1999 best 15.500
  step 250/1999 best 16.448
  step 300/1999 best 16.284
  step 350/1999 best 16.195
  step 400/1999 best 16.142
  step 450/1999 best 16.324
  step 500/1999 best 16.491
  step 550/1999 best 16.391
  step 600/1999 best 16.453
  step 650/1999 best 16.427
  step 700/1999 best 16.367
  step 750/1999 best 16.441
  step 800/1999 best 16.464
  step 850/1999 best 16.444
  step 900/1999 best 16.364
  step 950/1999 best 16.515
  step 1000/1999 best 16.522
  step 1050/1999 best 16.462
  step 1100/1999 best 16.276
  step 1150/1999 best 16.405
  step 1200/1999 best 16.482
  step 1250/1999 best 16.513
  step 1300/1999 best 16.347
  step 1350/1999 best 16.434
  step 1400/1999 best 16.542
  step 1450/1999 best 16.579
  step 1500/1999 best 16.447
  step 1550/1999 best 16.521
  step 1600/1999 best 16.464
  step 1650/1999 best 16.386
  step 1700/1999 best 16.467
  step 1750/1999 best 16.396
  step 1800/1999 best 16.445
  step 1850/1999 best 16.396
  step 1900/1999 best 16.515
  step 1950/1999 best 16.392
saved SBC_CHAINS_cnn_vmim__n1_jitter_seed_s3_sim1424_row1206426_noise9194_9373_9552 (240000, 4) acc=0.220
  step 0/1999 best -19.999
  step 50/1999 best -3.481
  step 100/1999 best 11.448
  step 150/1999 best 15.962
  step 200/1999 best 16.403
  step 250/1999 best 16.403
  step 300/1999 best 16.241
  step 350/1999 best 16.250
  step 400/1999 best 16.948
  step 450/1999 best 16.976
  step 500/1999 best 16.656
  step 550/1999 best 16.648
  step 600/1999 best 16.949
  step 650/1999 best 16.681
  step 700/1999 best 16.896
  step 750/1999 best 16.794
  step 800/1999 best 16.928
  step 850/1999 best 16.827
  step 900/1999 best 16.621
  step 950/1999 best 16.914
  step 1000/1999 best 16.586
  step 1050/1999 best 16.928
  step 1100/1999 best 16.612
  step 1150/1999 best 16.921
  step 1200/1999 best 16.866
  step 1250/1999 best 16.932
  step 1300/1999 best 16.878
  step 1350/1999 best 16.759
  step 1400/1999 best 16.935
  step 1450/1999 best 16.858
  step 1500/1999 best 16.874
  step 1550/1999 best 16.881
  step 1600/1999 best 16.765
  step 1650/1999 best 16.831
  step 1700/1999 best 16.974
  step 1750/1999 best 16.970
  step 1800/1999 best 16.980
  step 1850/1999 best 16.920
  step 1900/1999 best 16.874
  step 1950/1999 best 16.854
saved SBC_CHAINS_cnn_vmim__n1_jitter_seed_s3_sim110_row109891_noise2783_2962_3141 (240000, 4) acc=0.194
  step 0/1999 best -18.666
  step 50/1999 best -0.367
  step 100/1999 best 10.643
  step 150/1999 best 10.643
  step 200/1999 best 11.882
  step 250/1999 best 10.470
  step 300/1999 best 12.809
  step 350/1999 best 14.208
  step 400/1999 best 13.537
  step 450/1999 best 14.332
  step 500/1999 best 14.303
  step 550/1999 best 14.388
  step 600/1999 best 14.541
  step 650/1999 best 14.459
  step 700/1999 best 14.321
  step 750/1999 best 14.427
  step 800/1999 best 14.528
  step 850/1999 best 14.426
  step 900/1999 best 14.584
  step 950/1999 best 14.512
  step 1000/1999 best 14.380
  step 1050/1999 best 14.445
  step 1100/1999 best 14.573
  step 1150/1999 best 14.599
  step 1200/1999 best 14.431
  step 1250/1999 best 14.352
  step 1300/1999 best 14.521
  step 1350/1999 best 14.317
  step 1400/1999 best 14.589
  step 1450/1999 best 14.518
  step 1500/1999 best 14.495
  step 1550/1999 best 14.560
  step 1600/1999 best 14.455
  step 1650/1999 best 14.136
  step 1700/1999 best 14.475
  step 1750/1999 best 14.430
  step 1800/1999 best 14.598
  step 1850/1999 best 14.453
  step 1900/1999 best 14.554
  step 1950/1999 best 14.529
saved SBC_CHAINS_cnn_vmim__n1_jitter_seed_s3_sim952_row901437_noise8949_9128_9307 (240000, 4) acc=0.212
  step 0/1999 best -20.931
  step 50/1999 best 1.174
  step 100/1999 best 0.742
  step 150/1999 best 6.266
  step 200/1999 best 9.242
  step 250/1999 best 9.317
  step 300/1999 best 9.317
  step 350/1999 best 10.464
  step 400/1999 best 10.416
  step 450/1999 best 10.054
  step 500/1999 best 9.644
  step 550/1999 best 10.216
  step 600/1999 best 10.219
  step 650/1999 best 10.282
  step 700/1999 best 10.376
  step 750/1999 best 10.311
  step 800/1999 best 10.491
  step 850/1999 best 10.416
  step 900/1999 best 10.401
  step 950/1999 best 10.359
  step 1000/1999 best 10.458
  step 1050/1999 best 10.467
  step 1100/1999 best 10.453
  step 1150/1999 best 10.515
  step 1200/1999 best 10.429
  step 1250/1999 best 10.176
  step 1300/1999 best 10.457
  step 1350/1999 best 10.491
  step 1400/1999 best 10.372
  step 1450/1999 best 10.389
  step 1500/1999 best 10.304
  step 1550/1999 best 10.513
  step 1600/1999 best 10.434
  step 1650/1999 best 10.554
  step 1700/1999 best 10.409
  step 1750/1999 best 10.276
  step 1800/1999 best 10.330
  step 1850/1999 best 10.554
  step 1900/1999 best 10.529
  step 1950/1999 best 10.158
saved SBC_CHAINS_cnn_vmim__n1_jitter_seed_s3_sim2944_row2539211_noise5639_5818_5997 (240000, 4) acc=0.285
  step 0/1999 best -12.824
  step 50/1999 best 4.939
  step 100/1999 best 8.841
  step 150/1999 best 12.344
  step 200/1999 best 11.461
  step 250/1999 best 13.154
  step 300/1999 best 13.227
  step 350/1999 best 13.195
  step 400/1999 best 13.130
  step 450/1999 best 13.468
  step 500/1999 best 13.583
  step 550/1999 best 13.268
  step 600/1999 best 13.578
  step 650/1999 best 13.668
  step 700/1999 best 13.677
  step 750/1999 best 13.675
  step 800/1999 best 13.357
  step 850/1999 best 13.545
  step 900/1999 best 13.599
  step 950/1999 best 13.519
  step 1000/1999 best 13.614
  step 1050/1999 best 13.535
  step 1100/1999 best 13.539
  step 1150/1999 best 13.718
  step 1200/1999 best 13.538
  step 1250/1999 best 13.497
  step 1300/1999 best 13.696
  step 1350/1999 best 13.467
  step 1400/1999 best 13.502
  step 1450/1999 best 13.524
  step 1500/1999 best 13.569
  step 1550/1999 best 13.501
  step 1600/1999 best 13.400
  step 1650/1999 best 13.612
  step 1700/1999 best 13.576
  step 1750/1999 best 13.630
  step 1800/1999 best 13.622
  step 1850/1999 best 13.607
  step 1900/1999 best 13.563
  step 1950/1999 best 13.565
saved SBC_CHAINS_cnn_vmim__n1_jitter_seed_s3_sim836_row785525_noise1145_1324_1503 (240000, 4) acc=0.149
  step 0/1999 best -20.603
  step 50/1999 best -2.748
  step 100/1999 best -2.712
  step 150/1999 best 1.101
  step 200/1999 best 2.180
  step 250/1999 best 4.095
  step 300/1999 best 5.274
  step 350/1999 best 4.757
  step 400/1999 best 13.595
  step 450/1999 best 11.927
  step 500/1999 best 13.819
  step 550/1999 best 14.607
  step 600/1999 best 14.660
  step 650/1999 best 13.728
  step 700/1999 best 14.826
  step 750/1999 best 14.856
  step 800/1999 best 15.027
  step 850/1999 best 14.958
  step 900/1999 best 15.079
  step 950/1999 best 15.083
  step 1000/1999 best 15.199
  step 1050/1999 best 15.049
  step 1100/1999 best 15.248
  step 1150/1999 best 14.857
  step 1200/1999 best 15.036
  step 1250/1999 best 15.240
  step 1300/1999 best 15.118
  step 1350/1999 best 14.902
  step 1400/1999 best 15.013
  step 1450/1999 best 15.014
  step 1500/1999 best 15.160
  step 1550/1999 best 15.146
  step 1600/1999 best 15.202
  step 1650/1999 best 15.073
  step 1700/1999 best 15.187
  step 1750/1999 best 15.253
  step 1800/1999 best 15.108
  step 1850/1999 best 14.979
  step 1900/1999 best 15.280
  step 1950/1999 best 14.979
saved SBC_CHAINS_cnn_vmim__n1_jitter_seed_s3_sim1531_row1308647_noise8307_8486_8665 (240000, 4) acc=0.116
  step 0/1999 best -12.869
  step 50/1999 best -5.066
  step 100/1999 best 0.296
  step 150/1999 best 1.652
  step 200/1999 best 4.880
  step 250/1999 best 5.935
  step 300/1999 best 14.785
  step 350/1999 best 14.631
  step 400/1999 best 15.141
  step 450/1999 best 14.411
  step 500/1999 best 15.204
  step 550/1999 best 15.156
  step 600/1999 best 15.324
  step 650/1999 best 15.063
  step 700/1999 best 14.846
  step 750/1999 best 15.216
  step 800/1999 best 14.922
  step 850/1999 best 15.135
  step 900/1999 best 15.300
  step 950/1999 best 15.229
  step 1000/1999 best 15.191
  step 1050/1999 best 15.206
  step 1100/1999 best 15.327
  step 1150/1999 best 15.192
  step 1200/1999 best 15.078
  step 1250/1999 best 15.258
  step 1300/1999 best 14.766
  step 1350/1999 best 15.059
  step 1400/1999 best 15.182
  step 1450/1999 best 14.998
  step 1500/1999 best 15.200
  step 1550/1999 best 15.287
  step 1600/1999 best 15.138
  step 1650/1999 best 14.980
  step 1700/1999 best 14.966
  step 1750/1999 best 15.143
  step 1800/1999 best 15.133
  step 1850/1999 best 15.243
  step 1900/1999 best 15.222
  step 1950/1999 best 15.130
saved SBC_CHAINS_cnn_vmim__n1_jitter_seed_s3_sim135_row126316_noise7552_7731_7910 (240000, 4) acc=0.158
  step 0/1999 best -18.907
  step 50/1999 best -0.881
  step 100/1999 best 10.088
  step 150/1999 best 12.326
  step 200/1999 best 10.123
  step 250/1999 best 12.984
  step 300/1999 best 12.702
  step 350/1999 best 12.986
  step 400/1999 best 13.216
  step 450/1999 best 13.276
  step 500/1999 best 13.128
  step 550/1999 best 13.030
  step 600/1999 best 13.130
  step 650/1999 best 13.087
  step 700/1999 best 13.178
  step 750/1999 best 13.110
  step 800/1999 best 13.288
  step 850/1999 best 13.142
  step 900/1999 best 13.216
  step 950/1999 best 13.115
  step 1000/1999 best 12.906
  step 1050/1999 best 13.069
  step 1100/1999 best 13.031
  step 1150/1999 best 13.157
  step 1200/1999 best 13.231
  step 1250/1999 best 13.170
  step 1300/1999 best 13.235
  step 1350/1999 best 13.286
  step 1400/1999 best 13.275
  step 1450/1999 best 13.175
  step 1500/1999 best 13.232
  step 1550/1999 best 13.254
  step 1600/1999 best 13.287
  step 1650/1999 best 13.200
  step 1700/1999 best 13.156
  step 1750/1999 best 13.167
  step 1800/1999 best 13.219
  step 1850/1999 best 13.212
  step 1900/1999 best 13.260
  step 1950/1999 best 13.298
saved SBC_CHAINS_cnn_vmim__n1_jitter_seed_s3_sim3081_row2676400_noise5236_5415_5594 (240000, 4) acc=0.267
  step 0/1999 best -18.545
  step 50/1999 best -2.418
  step 100/1999 best 11.401
  step 150/1999 best 11.105
  step 200/1999 best 11.567
  step 250/1999 best 12.017
  step 300/1999 best 12.223
  step 350/1999 best 12.137
  step 400/1999 best 12.183
  step 450/1999 best 12.153
  step 500/1999 best 12.239
  step 550/1999 best 12.252
  step 600/1999 best 12.063
  step 650/1999 best 12.134
  step 700/1999 best 12.300
  step 750/1999 best 12.266
  step 800/1999 best 12.011
  step 850/1999 best 12.357
  step 900/1999 best 12.284
  step 950/1999 best 12.284
  step 1000/1999 best 12.246
  step 1050/1999 best 12.167
  step 1100/1999 best 12.274
  step 1150/1999 best 12.267
  step 1200/1999 best 12.383
  step 1250/1999 best 12.260
  step 1300/1999 best 12.333
  step 1350/1999 best 12.125
  step 1400/1999 best 12.170
  step 1450/1999 best 12.262
  step 1500/1999 best 12.292
  step 1550/1999 best 12.252
  step 1600/1999 best 12.312
  step 1650/1999 best 12.024
  step 1700/1999 best 12.293
  step 1750/1999 best 12.319
  step 1800/1999 best 12.306
  step 1850/1999 best 12.145
  step 1900/1999 best 12.324
  step 1950/1999 best 12.320
saved SBC_CHAINS_cnn_vmim__n1_jitter_seed_s3_sim2901_row2496488_noise2228_2407_2586 (240000, 4) acc=0.227
  step 0/1999 best -17.810
  step 50/1999 best 5.866
  step 100/1999 best 12.676
  step 150/1999 best 13.298
  step 200/1999 best 13.650
  step 250/1999 best 14.463
  step 300/1999 best 14.463
  step 350/1999 best 14.659
  step 400/1999 best 14.533
  step 450/1999 best 14.533
  step 500/1999 best 16.027
  step 550/1999 best 15.285
  step 600/1999 best 15.928
  step 650/1999 best 16.106
  step 700/1999 best 15.641
  step 750/1999 best 15.899
  step 800/1999 best 16.177
  step 850/1999 best 15.499
  step 900/1999 best 16.042
  step 950/1999 best 15.899
  step 1000/1999 best 15.565
  step 1050/1999 best 15.859
  step 1100/1999 best 15.804
  step 1150/1999 best 16.103
  step 1200/1999 best 15.552
  step 1250/1999 best 15.819
  step 1300/1999 best 16.111
  step 1350/1999 best 16.301
  step 1400/1999 best 16.147
  step 1450/1999 best 15.739
  step 1500/1999 best 15.941
  step 1550/1999 best 15.808
  step 1600/1999 best 16.173
  step 1650/1999 best 15.872
  step 1700/1999 best 16.213
  step 1750/1999 best 16.331
  step 1800/1999 best 15.878
  step 1850/1999 best 15.899
  step 1900/1999 best 16.195
  step 1950/1999 best 15.910
saved SBC_CHAINS_cnn_vmim__n1_jitter_seed_s3_sim214_row200506_noise8118_8297_8476 (240000, 4) acc=0.221
  step 0/1999 best -21.626
  step 50/1999 best 2.902
  step 100/1999 best 15.485
  step 150/1999 best 15.139
  step 200/1999 best 16.379
  step 250/1999 best 15.688
  step 300/1999 best 16.801
  step 350/1999 best 16.364
  step 400/1999 best 16.662
  step 450/1999 best 16.788
  step 500/1999 best 16.700
  step 550/1999 best 16.564
  step 600/1999 best 16.656
  step 650/1999 best 16.649
  step 700/1999 best 16.859
  step 750/1999 best 16.842
  step 800/1999 best 16.641
  step 850/1999 best 16.674
  step 900/1999 best 16.673
  step 950/1999 best 16.644
  step 1000/1999 best 16.746
  step 1050/1999 best 16.727
  step 1100/1999 best 16.785
  step 1150/1999 best 16.728
  step 1200/1999 best 16.768
  step 1250/1999 best 16.777
  step 1300/1999 best 16.618
  step 1350/1999 best 16.867
  step 1400/1999 best 16.747
  step 1450/1999 best 16.716
  step 1500/1999 best 16.799
  step 1550/1999 best 16.803
  step 1600/1999 best 16.537
  step 1650/1999 best 16.875
  step 1700/1999 best 16.814
  step 1750/1999 best 16.481
  step 1800/1999 best 16.791
  step 1850/1999 best 16.864
  step 1900/1999 best 16.702
  step 1950/1999 best 16.776
saved SBC_CHAINS_cnn_vmim__n1_jitter_seed_s3_sim1996_row1607999_noise1915_2094_2273 (240000, 4) acc=0.175
  step 0/1999 best -22.406
  step 50/1999 best 5.100
  step 100/1999 best 14.140
  step 150/1999 best 15.639
  step 200/1999 best 16.210
  step 250/1999 best 16.110
  step 300/1999 best 16.280
  step 350/1999 best 15.919
  step 400/1999 best 16.041
  step 450/1999 best 16.427
  step 500/1999 best 16.184
  step 550/1999 best 16.103
  step 600/1999 best 16.146
  step 650/1999 best 16.438
  step 700/1999 best 16.239
  step 750/1999 best 16.362
  step 800/1999 best 16.242
  step 850/1999 best 16.286
  step 900/1999 best 16.338
  step 950/1999 best 16.422
  step 1000/1999 best 16.341
  step 1050/1999 best 16.262
  step 1100/1999 best 16.261
  step 1150/1999 best 16.378
  step 1200/1999 best 16.314
  step 1250/1999 best 16.277
  step 1300/1999 best 16.361
  step 1350/1999 best 16.399
  step 1400/1999 best 16.089
  step 1450/1999 best 16.362
  step 1500/1999 best 16.120
  step 1550/1999 best 16.273
  step 1600/1999 best 16.279
  step 1650/1999 best 16.237
  step 1700/1999 best 16.347
  step 1750/1999 best 16.406
  step 1800/1999 best 16.214
  step 1850/1999 best 16.327
  step 1900/1999 best 16.320
  step 1950/1999 best 16.333
saved SBC_CHAINS_cnn_vmim__n1_jitter_seed_s3_sim820_row769936_noise5212_5391_5570 (240000, 4) acc=0.158
  step 0/1999 best -21.630
  step 50/1999 best 13.430
  step 100/1999 best 13.101
  step 150/1999 best 13.605
  step 200/1999 best 13.445
  step 250/1999 best 13.755
  step 300/1999 best 14.152
  step 350/1999 best 14.245
  step 400/1999 best 14.287
  step 450/1999 best 14.111
  step 500/1999 best 14.125
  step 550/1999 best 13.961
  step 600/1999 best 14.079
  step 650/1999 best 14.138
  step 700/1999 best 14.220
  step 750/1999 best 14.060
  step 800/1999 best 14.095
  step 850/1999 best 14.034
  step 900/1999 best 14.059
  step 950/1999 best 14.054
  step 1000/1999 best 14.171
  step 1050/1999 best 13.971
  step 1100/1999 best 14.030
  step 1150/1999 best 14.242
  step 1200/1999 best 14.085
  step 1250/1999 best 14.189
  step 1300/1999 best 14.269
  step 1350/1999 best 14.175
  step 1400/1999 best 14.189
  step 1450/1999 best 14.211
  step 1500/1999 best 14.152
  step 1550/1999 best 14.238
  step 1600/1999 best 14.111
  step 1650/1999 best 14.047
  step 1700/1999 best 14.185
  step 1750/1999 best 14.107
  step 1800/1999 best 14.182
  step 1850/1999 best 14.043
  step 1900/1999 best 14.135
  step 1950/1999 best 14.196
saved SBC_CHAINS_cnn_vmim__n1_jitter_seed_s3_sim739_row688581_noise2481_2660_2839 (240000, 4) acc=0.140
  step 0/1999 best -22.723
  step 50/1999 best 3.008
  step 100/1999 best 11.862
  step 150/1999 best 15.576
  step 200/1999 best 15.762
  step 250/1999 best 15.966
  step 300/1999 best 15.817
  step 350/1999 best 15.776
  step 400/1999 best 15.947
  step 450/1999 best 15.931
  step 500/1999 best 16.004
  step 550/1999 best 15.827
  step 600/1999 best 15.885
  step 650/1999 best 15.994
  step 700/1999 best 15.779
  step 750/1999 best 16.024
  step 800/1999 best 15.825
  step 850/1999 best 15.872
  step 900/1999 best 15.950
  step 950/1999 best 15.900
  step 1000/1999 best 15.931
  step 1050/1999 best 15.623
  step 1100/1999 best 15.906
  step 1150/1999 best 15.871
  step 1200/1999 best 15.853
  step 1250/1999 best 15.897
  step 1300/1999 best 15.826
  step 1350/1999 best 15.863
  step 1400/1999 best 15.829
  step 1450/1999 best 16.014
  step 1500/1999 best 15.912
  step 1550/1999 best 15.991
  step 1600/1999 best 15.885
  step 1650/1999 best 16.014
  step 1700/1999 best 15.980
  step 1750/1999 best 15.966
  step 1800/1999 best 15.923
  step 1850/1999 best 15.905
  step 1900/1999 best 15.855
  step 1950/1999 best 15.882
saved SBC_CHAINS_cnn_vmim__n1_jitter_seed_s3_sim878_row827901_noise4209_4388_4567 (240000, 4) acc=0.326
  step 0/1999 best -13.820
  step 50/1999 best -0.496
  step 100/1999 best 10.245
  step 150/1999 best 12.208
  step 200/1999 best 13.828
  step 250/1999 best 13.582
  step 300/1999 best 13.727
  step 350/1999 best 13.691
  step 400/1999 best 13.644
  step 450/1999 best 13.726
  step 500/1999 best 13.674
  step 550/1999 best 13.544
  step 600/1999 best 13.882
  step 650/1999 best 13.685
  step 700/1999 best 13.698
  step 750/1999 best 13.715
  step 800/1999 best 13.797
  step 850/1999 best 13.747
  step 900/1999 best 13.690
  step 950/1999 best 13.701
  step 1000/1999 best 13.873
  step 1050/1999 best 13.875
  step 1100/1999 best 13.717
  step 1150/1999 best 13.802
  step 1200/1999 best 13.828
  step 1250/1999 best 13.634
  step 1300/1999 best 13.823
  step 1350/1999 best 13.798
  step 1400/1999 best 13.779
  step 1450/1999 best 13.762
  step 1500/1999 best 13.683
  step 1550/1999 best 13.774
  step 1600/1999 best 13.694
  step 1650/1999 best 13.859
  step 1700/1999 best 13.838
  step 1750/1999 best 13.849
  step 1800/1999 best 13.830
  step 1850/1999 best 13.799
  step 1900/1999 best 13.705
  step 1950/1999 best 13.673
saved SBC_CHAINS_cnn_vmim__n1_jitter_seed_s3_sim2552_row2151519_noise7067_7246_7425 (240000, 4) acc=0.193
  step 0/1999 best -24.572
  step 50/1999 best 0.997
  step 100/1999 best 8.027
  step 150/1999 best 8.437
  step 200/1999 best 10.583
  step 250/1999 best 11.834
  step 300/1999 best 12.273
  step 350/1999 best 11.896
  step 400/1999 best 12.716
  step 450/1999 best 12.419
  step 500/1999 best 12.964
  step 550/1999 best 12.694
  step 600/1999 best 12.682
  step 650/1999 best 13.101
  step 700/1999 best 12.991
  step 750/1999 best 12.877
  step 800/1999 best 13.000
  step 850/1999 best 12.954
  step 900/1999 best 13.032
  step 950/1999 best 13.035
  step 1000/1999 best 12.542
  step 1050/1999 best 13.106
  step 1100/1999 best 12.868
  step 1150/1999 best 12.907
  step 1200/1999 best 12.964
  step 1250/1999 best 12.767
  step 1300/1999 best 12.789
  step 1350/1999 best 12.978
  step 1400/1999 best 13.085
  step 1450/1999 best 13.063
  step 1500/1999 best 12.981
  step 1550/1999 best 13.041
  step 1600/1999 best 12.832
  step 1650/1999 best 12.686
  step 1700/1999 best 12.896
  step 1750/1999 best 12.857
  step 1800/1999 best 12.898
  step 1850/1999 best 12.942
  step 1900/1999 best 12.912
  step 1950/1999 best 13.047
saved SBC_CHAINS_cnn_vmim__n1_jitter_seed_s3_sim3093_row2688026_noise7034_7213_7392 (240000, 4) acc=0.209
  step 0/1999 best -23.039
  step 50/1999 best -5.856
  step 100/1999 best 8.473
  step 150/1999 best 13.541
  step 200/1999 best 12.073
  step 250/1999 best 13.582
  step 300/1999 best 13.359
  step 350/1999 best 13.738
  step 400/1999 best 13.599
  step 450/1999 best 13.828
  step 500/1999 best 13.649
  step 550/1999 best 13.832
  step 600/1999 best 13.891
  step 650/1999 best 13.598
  step 700/1999 best 13.628
  step 750/1999 best 13.869
  step 800/1999 best 13.771
  step 850/1999 best 13.773
  step 900/1999 best 13.760
  step 950/1999 best 13.624
  step 1000/1999 best 13.867
  step 1050/1999 best 13.699
  step 1100/1999 best 13.645
  step 1150/1999 best 13.820
  step 1200/1999 best 13.816
  step 1250/1999 best 13.646
  step 1300/1999 best 13.678
  step 1350/1999 best 13.861
  step 1400/1999 best 13.860
  step 1450/1999 best 13.912
  step 1500/1999 best 13.785
  step 1550/1999 best 13.761
  step 1600/1999 best 13.811
  step 1650/1999 best 13.841
  step 1700/1999 best 13.869
  step 1750/1999 best 13.842
  step 1800/1999 best 13.751
  step 1850/1999 best 13.865
  step 1900/1999 best 13.465
  step 1950/1999 best 13.916
saved SBC_CHAINS_cnn_vmim__n1_jitter_seed_s3_sim2455_row2054153_noise7981_8160_8339 (240000, 4) acc=0.213
  step 0/1999 best -12.631
  step 50/1999 best -4.129
  step 100/1999 best -1.070
  step 150/1999 best 7.329
  step 200/1999 best 13.158
  step 250/1999 best 14.242
  step 300/1999 best 14.729
  step 350/1999 best 14.365
  step 400/1999 best 14.571
  step 450/1999 best 14.648
  step 500/1999 best 14.893
  step 550/1999 best 14.766
  step 600/1999 best 14.939
  step 650/1999 best 14.913
  step 700/1999 best 14.948
  step 750/1999 best 14.758
  step 800/1999 best 14.904
  step 850/1999 best 14.709
  step 900/1999 best 14.919
  step 950/1999 best 14.885
  step 1000/1999 best 14.788
  step 1050/1999 best 14.947
  step 1100/1999 best 15.037
  step 1150/1999 best 14.812
  step 1200/1999 best 14.783
  step 1250/1999 best 14.974
  step 1300/1999 best 14.844
  step 1350/1999 best 15.014
  step 1400/1999 best 14.920
  step 1450/1999 best 14.955
  step 1500/1999 best 14.906
  step 1550/1999 best 14.942
  step 1600/1999 best 14.999
  step 1650/1999 best 14.768
  step 1700/1999 best 14.941
  step 1750/1999 best 14.651
  step 1800/1999 best 14.899
  step 1850/1999 best 14.883
  step 1900/1999 best 15.022
  step 1950/1999 best 14.981
saved SBC_CHAINS_cnn_vmim__n1_jitter_seed_s3_sim950_row899914_noise7426_7605_7784 (240000, 4) acc=0.191
  step 0/1999 best -23.026
  step 50/1999 best 5.785
  step 100/1999 best 11.376
  step 150/1999 best 12.727
  step 200/1999 best 12.456
  step 250/1999 best 12.495
  step 300/1999 best 12.473
  step 350/1999 best 12.700
  step 400/1999 best 12.683
  step 450/1999 best 12.771
  step 500/1999 best 12.579
  step 550/1999 best 12.831
  step 600/1999 best 12.627
  step 650/1999 best 12.824
  step 700/1999 best 12.728
  step 750/1999 best 12.788
  step 800/1999 best 12.747
  step 850/1999 best 12.724
  step 900/1999 best 12.718
  step 950/1999 best 12.635
  step 1000/1999 best 12.823
  step 1050/1999 best 12.843
  step 1100/1999 best 12.781
  step 1150/1999 best 12.542
  step 1200/1999 best 12.615
  step 1250/1999 best 12.607
  step 1300/1999 best 12.735
  step 1350/1999 best 12.747
  step 1400/1999 best 12.753
  step 1450/1999 best 12.749
  step 1500/1999 best 12.686
  step 1550/1999 best 12.805
  step 1600/1999 best 12.777
  step 1650/1999 best 12.729
  step 1700/1999 best 12.748
  step 1750/1999 best 12.730
  step 1800/1999 best 12.762
  step 1850/1999 best 12.802
  step 1900/1999 best 12.718
  step 1950/1999 best 12.705
saved SBC_CHAINS_cnn_vmim__n1_jitter_seed_s3_sim2984_row2579299_noise6415_6594_6773 (240000, 4) acc=0.275
  step 0/1999 best -12.039
  step 50/1999 best -5.564
  step 100/1999 best -1.228
  step 150/1999 best -0.824
  step 200/1999 best 1.711
  step 250/1999 best 2.816
  step 300/1999 best 5.996
  step 350/1999 best 6.607
  step 400/1999 best 6.673
  step 450/1999 best 6.554
  step 500/1999 best 6.554
  step 550/1999 best 7.759
  step 600/1999 best 6.877
  step 650/1999 best 7.466
  step 700/1999 best 7.877
  step 750/1999 best 7.398
  step 800/1999 best 7.479
  step 850/1999 best 7.608
  step 900/1999 best 7.526
  step 950/1999 best 7.670
  step 1000/1999 best 7.670
  step 1050/1999 best 7.380
  step 1100/1999 best 8.062
  step 1150/1999 best 8.098
  step 1200/1999 best 8.098
  step 1250/1999 best 8.169
  step 1300/1999 best 8.184
  step 1350/1999 best 7.565
  step 1400/1999 best 7.742
  step 1450/1999 best 7.957
  step 1500/1999 best 7.974
  step 1550/1999 best 7.820
  step 1600/1999 best 7.826
  step 1650/1999 best 8.028
  step 1700/1999 best 7.625
  step 1750/1999 best 7.344
  step 1800/1999 best 7.823
  step 1850/1999 best 8.069
  step 1900/1999 best 8.023
  step 1950/1999 best 8.080
saved SBC_CHAINS_cnn_vmim__n1_jitter_seed_s3_sim2872_row2467754_noise2978_3157_3336 (240000, 4) acc=0.418
  step 0/1999 best -12.483
  step 50/1999 best -0.180
  step 100/1999 best 13.363
  step 150/1999 best 14.427
  step 200/1999 best 14.207
  step 250/1999 best 14.631
  step 300/1999 best 14.641
  step 350/1999 best 14.581
  step 400/1999 best 14.613
  step 450/1999 best 14.738
  step 500/1999 best 14.859
  step 550/1999 best 14.673
  step 600/1999 best 14.905
  step 650/1999 best 14.752
  step 700/1999 best 14.976
  step 750/1999 best 14.959
  step 800/1999 best 14.793
  step 850/1999 best 14.863
  step 900/1999 best 14.872
  step 950/1999 best 14.607
  step 1000/1999 best 14.931
  step 1050/1999 best 14.661
  step 1100/1999 best 14.891
  step 1150/1999 best 14.804
  step 1200/1999 best 14.799
  step 1250/1999 best 14.970
  step 1300/1999 best 14.890
  step 1350/1999 best 14.685
  step 1400/1999 best 14.772
  step 1450/1999 best 14.931
  step 1500/1999 best 14.933
  step 1550/1999 best 14.667
  step 1600/1999 best 14.617
  step 1650/1999 best 14.907
  step 1700/1999 best 14.856
  step 1750/1999 best 14.820
  step 1800/1999 best 14.904
  step 1850/1999 best 14.831
  step 1900/1999 best 14.913
  step 1950/1999 best 14.667
saved SBC_CHAINS_cnn_vmim__n1_jitter_seed_s3_sim1993_row1604277_noise8021_8200_8379 (240000, 4) acc=0.177
  step 0/1999 best 10.207
  step 50/1999 best 10.295
  step 100/1999 best 10.629
  step 150/1999 best 10.307
  step 200/1999 best 10.337
  step 250/1999 best 10.429
  step 300/1999 best 10.386
  step 350/1999 best 10.445
  step 400/1999 best 10.249
  step 450/1999 best 10.269
  step 500/1999 best 10.483
  step 550/1999 best 10.367
  step 600/1999 best 10.407
  step 650/1999 best 10.453
  step 700/1999 best 10.437
  step 750/1999 best 10.529
  step 800/1999 best 10.307
  step 850/1999 best 10.433
  step 900/1999 best 10.470
  step 950/1999 best 10.379
  step 1000/1999 best 10.435
  step 1050/1999 best 10.400
  step 1100/1999 best 10.487
  step 1150/1999 best 10.516
  step 1200/1999 best 10.454
  step 1250/1999 best 10.488
  step 1300/1999 best 10.460
  step 1350/1999 best 10.228
  step 1400/1999 best 10.320
  step 1450/1999 best 10.419
  step 1500/1999 best 10.384
  step 1550/1999 best 10.390
  step 1600/1999 best 10.377
  step 1650/1999 best 10.308
  step 1700/1999 best 10.407
  step 1750/1999 best 10.268
  step 1800/1999 best 10.370
  step 1850/1999 best 10.242
  step 1900/1999 best 10.366
  step 1950/1999 best 10.332
saved SBC_CHAINS_cnn_vmim__n1_jitter_seed_s3_sim199_row185427_noise2867_3046_3225 (240000, 4) acc=0.352
  step 0/1999 best -14.199
  step 50/1999 best 4.705
  step 100/1999 best 7.816
  step 150/1999 best 14.218
  step 200/1999 best 16.223
  step 250/1999 best 15.758
  step 300/1999 best 16.366
  step 350/1999 best 16.113
  step 400/1999 best 16.335
  step 450/1999 best 16.349
  step 500/1999 best 16.405
  step 550/1999 best 16.251
  step 600/1999 best 16.366
  step 650/1999 best 16.377
  step 700/1999 best 16.245
  step 750/1999 best 16.216
  step 800/1999 best 16.319
  step 850/1999 best 16.321
  step 900/1999 best 16.411
  step 950/1999 best 16.413
  step 1000/1999 best 16.236
  step 1050/1999 best 16.346
  step 1100/1999 best 16.325
  step 1150/1999 best 16.356
  step 1200/1999 best 16.145
  step 1250/1999 best 16.284
  step 1300/1999 best 16.198
  step 1350/1999 best 16.217
  step 1400/1999 best 16.226
  step 1450/1999 best 16.357
  step 1500/1999 best 16.270
  step 1550/1999 best 16.387
  step 1600/1999 best 16.410
  step 1650/1999 best 16.424
  step 1700/1999 best 16.321
  step 1750/1999 best 16.418
  step 1800/1999 best 16.418
  step 1850/1999 best 16.402
  step 1900/1999 best 16.264
  step 1950/1999 best 16.313
saved SBC_CHAINS_cnn_vmim__n1_jitter_seed_s3_sim885_row834312_noise792_971_1150 (240000, 4) acc=0.243
  step 0/1999 best -22.486
  step 50/1999 best -2.535
  step 100/1999 best 3.870
  step 150/1999 best 12.112
  step 200/1999 best 12.112
  step 250/1999 best 13.616
  step 300/1999 best 15.282
  step 350/1999 best 15.668
  step 400/1999 best 16.084
  step 450/1999 best 15.884
  step 500/1999 best 15.864
  step 550/1999 best 16.301
  step 600/1999 best 16.121
  step 650/1999 best 16.048
  step 700/1999 best 16.372
  step 750/1999 best 16.166
  step 800/1999 best 16.401
  step 850/1999 best 16.431
  step 900/1999 best 16.335
  step 950/1999 best 16.424
  step 1000/1999 best 16.501
  step 1050/1999 best 16.441
  step 1100/1999 best 16.447
  step 1150/1999 best 16.304
  step 1200/1999 best 16.288
  step 1250/1999 best 16.322
  step 1300/1999 best 16.234
  step 1350/1999 best 16.133
  step 1400/1999 best 16.361
  step 1450/1999 best 16.234
  step 1500/1999 best 16.517
  step 1550/1999 best 16.371
  step 1600/1999 best 16.186
  step 1650/1999 best 16.386
  step 1700/1999 best 16.293
  step 1750/1999 best 16.228
  step 1800/1999 best 16.419
  step 1850/1999 best 16.479
  step 1900/1999 best 16.270
  step 1950/1999 best 16.112
saved SBC_CHAINS_cnn_vmim__n1_jitter_seed_s3_sim346_row332956_noise2976_3155_3334 (240000, 4) acc=0.150
  step 0/1999 best -15.942
  step 50/1999 best -3.432
  step 100/1999 best 2.770
  step 150/1999 best 3.864
  step 200/1999 best 9.584
  step 250/1999 best 13.322
  step 300/1999 best 13.775
  step 350/1999 best 14.531
  step 400/1999 best 14.457
  step 450/1999 best 14.729
  step 500/1999 best 14.733
  step 550/1999 best 14.677
  step 600/1999 best 14.654
  step 650/1999 best 14.731
  step 700/1999 best 14.696
  step 750/1999 best 14.512
  step 800/1999 best 14.731
  step 850/1999 best 14.879
  step 900/1999 best 14.668
  step 950/1999 best 14.424
  step 1000/1999 best 14.677
  step 1050/1999 best 14.696
  step 1100/1999 best 14.467
  step 1150/1999 best 14.401
  step 1200/1999 best 14.789
  step 1250/1999 best 14.881
  step 1300/1999 best 14.650
  step 1350/1999 best 14.693
  step 1400/1999 best 14.818
  step 1450/1999 best 14.683
  step 1500/1999 best 14.666
  step 1550/1999 best 14.649
  step 1600/1999 best 14.635
  step 1650/1999 best 14.806
  step 1700/1999 best 14.645
  step 1750/1999 best 14.714
  step 1800/1999 best 14.624
  step 1850/1999 best 14.736
  step 1900/1999 best 14.725
  step 1950/1999 best 14.807
saved SBC_CHAINS_cnn_vmim__n1_jitter_seed_s3_sim2458_row2057485_noise1485_1664_1843 (240000, 4) acc=0.209
  step 0/1999 best -15.538
  step 50/1999 best 11.410
  step 100/1999 best 15.073
  step 150/1999 best 14.773
  step 200/1999 best 14.751
  step 250/1999 best 14.520
  step 300/1999 best 14.915
  step 350/1999 best 15.222
  step 400/1999 best 15.631
  step 450/1999 best 15.693
  step 500/1999 best 15.642
  step 550/1999 best 15.736
  step 600/1999 best 15.681
  step 650/1999 best 15.413
  step 700/1999 best 15.602
  step 750/1999 best 15.671
  step 800/1999 best 15.711
  step 850/1999 best 15.661
  step 900/1999 best 15.667
  step 950/1999 best 15.647
  step 1000/1999 best 15.529
  step 1050/1999 best 15.569
  step 1100/1999 best 15.668
  step 1150/1999 best 15.632
  step 1200/1999 best 15.569
  step 1250/1999 best 15.619
  step 1300/1999 best 15.565
  step 1350/1999 best 15.688
  step 1400/1999 best 15.677
  step 1450/1999 best 15.687
  step 1500/1999 best 15.604
  step 1550/1999 best 15.538
  step 1600/1999 best 15.524
  step 1650/1999 best 15.687
  step 1700/1999 best 15.523
  step 1750/1999 best 15.701
  step 1800/1999 best 15.583
  step 1850/1999 best 15.652
  step 1900/1999 best 15.636
  step 1950/1999 best 15.641
saved SBC_CHAINS_cnn_vmim__n1_jitter_seed_s3_sim343_row329637_noise9485_9664_15 (240000, 4) acc=0.173
  step 0/1999 best -28.738
  step 50/1999 best -1.929
  step 100/1999 best 2.792
  step 150/1999 best 6.286
  step 200/1999 best 15.160
  step 250/1999 best 15.217
  step 300/1999 best 14.249
  step 350/1999 best 15.106
  step 400/1999 best 15.838
  step 450/1999 best 15.882
  step 500/1999 best 15.617
  step 550/1999 best 15.750
  step 600/1999 best 16.118
  step 650/1999 best 15.900
  step 700/1999 best 15.818
  step 750/1999 best 15.780
  step 800/1999 best 16.038
  step 850/1999 best 15.993
  step 900/1999 best 15.816
  step 950/1999 best 15.950
  step 1000/1999 best 16.018
  step 1050/1999 best 16.075
  step 1100/1999 best 16.082
  step 1150/1999 best 15.792
  step 1200/1999 best 16.003
  step 1250/1999 best 15.988
  step 1300/1999 best 16.134
  step 1350/1999 best 15.957
  step 1400/1999 best 15.965
  step 1450/1999 best 16.003
  step 1500/1999 best 15.962
  step 1550/1999 best 16.025
  step 1600/1999 best 16.094
  step 1650/1999 best 15.989
  step 1700/1999 best 15.942
  step 1750/1999 best 15.934
  step 1800/1999 best 15.932
  step 1850/1999 best 16.077
  step 1900/1999 best 15.985
  step 1950/1999 best 16.066
saved SBC_CHAINS_cnn_vmim__n1_jitter_seed_s3_sim1195_row1013358_noise6170_6349_6528 (240000, 4) acc=0.184
  step 0/1999 best -16.007
  step 50/1999 best 0.239
  step 100/1999 best 9.572
  step 150/1999 best 10.716
  step 200/1999 best 12.952
  step 250/1999 best 13.429
  step 300/1999 best 15.274
  step 350/1999 best 16.399
  step 400/1999 best 16.260
  step 450/1999 best 16.148
  step 500/1999 best 16.186
  step 550/1999 best 16.652
  step 600/1999 best 16.559
  step 650/1999 best 16.803
  step 700/1999 best 16.427
  step 750/1999 best 16.750
  step 800/1999 best 16.690
  step 850/1999 best 16.548
  step 900/1999 best 16.310
  step 950/1999 best 16.478
  step 1000/1999 best 16.682
  step 1050/1999 best 16.464
  step 1100/1999 best 16.640
  step 1150/1999 best 16.671
  step 1200/1999 best 16.396
  step 1250/1999 best 16.760
  step 1300/1999 best 16.549
  step 1350/1999 best 16.681
  step 1400/1999 best 16.482
  step 1450/1999 best 16.750
  step 1500/1999 best 16.727
  step 1550/1999 best 16.338
  step 1600/1999 best 16.500
  step 1650/1999 best 16.550
  step 1700/1999 best 16.583
  step 1750/1999 best 16.693
  step 1800/1999 best 16.654
  step 1850/1999 best 16.629
  step 1900/1999 best 16.709
  step 1950/1999 best 16.486
saved SBC_CHAINS_cnn_vmim__n1_jitter_seed_s3_sim207_row193414_noise1026_1205_1384 (240000, 4) acc=0.170
  step 0/1999 best -12.235
  step 50/1999 best 5.160
  step 100/1999 best 11.792
  step 150/1999 best 13.424
  step 200/1999 best 12.585
  step 250/1999 best 12.585
  step 300/1999 best 12.294
  step 350/1999 best 14.075
  step 400/1999 best 14.541
  step 450/1999 best 14.270
  step 500/1999 best 14.925
  step 550/1999 best 14.918
  step 600/1999 best 15.012
  step 650/1999 best 14.387
  step 700/1999 best 14.887
  step 750/1999 best 14.760
  step 800/1999 best 14.068
  step 850/1999 best 14.837
  step 900/1999 best 14.911
  step 950/1999 best 14.597
  step 1000/1999 best 14.994
  step 1050/1999 best 14.863
  step 1100/1999 best 14.938
  step 1150/1999 best 14.569
  step 1200/1999 best 14.906
  step 1250/1999 best 14.847
  step 1300/1999 best 14.668
  step 1350/1999 best 14.961
  step 1400/1999 best 14.572
  step 1450/1999 best 14.718
  step 1500/1999 best 14.598
  step 1550/1999 best 14.521
  step 1600/1999 best 14.903
  step 1650/1999 best 14.820
  step 1700/1999 best 14.919
  step 1750/1999 best 14.576
  step 1800/1999 best 14.661
  step 1850/1999 best 14.766
  step 1900/1999 best 14.800
  step 1950/1999 best 14.804
saved SBC_CHAINS_cnn_vmim__n1_jitter_seed_s3_sim1312_row1121189_noise5065_5244_5423 (240000, 4) acc=0.256
  step 0/1999 best -21.323
  step 50/1999 best 3.722
  step 100/1999 best 12.013
  step 150/1999 best 12.772
  step 200/1999 best 12.104
  step 250/1999 best 12.954
  step 300/1999 best 13.038
  step 350/1999 best 12.528
  step 400/1999 best 13.052
  step 450/1999 best 12.977
  step 500/1999 best 13.154
  step 550/1999 best 13.095
  step 600/1999 best 13.001
  step 650/1999 best 13.200
  step 700/1999 best 13.075
  step 750/1999 best 13.138
  step 800/1999 best 13.133
  step 850/1999 best 13.134
  step 900/1999 best 13.042
  step 950/1999 best 13.063
  step 1000/1999 best 13.166
  step 1050/1999 best 12.988
  step 1100/1999 best 13.160
  step 1150/1999 best 13.089
  step 1200/1999 best 13.114
  step 1250/1999 best 13.144
  step 1300/1999 best 13.186
  step 1350/1999 best 13.177
  step 1400/1999 best 13.223
  step 1450/1999 best 13.221
  step 1500/1999 best 13.127
  step 1550/1999 best 13.078
  step 1600/1999 best 13.034
  step 1650/1999 best 13.080
  step 1700/1999 best 13.190
  step 1750/1999 best 13.246
  step 1800/1999 best 13.142
  step 1850/1999 best 12.913
  step 1900/1999 best 13.262
  step 1950/1999 best 13.213
saved SBC_CHAINS_cnn_vmim__n1_jitter_seed_s3_sim2611_row2210532_noise7112_7291_7470 (240000, 4) acc=0.210
  step 0/1999 best -20.759
  step 50/1999 best 10.034
  step 100/1999 best 12.892
  step 150/1999 best 12.690
  step 200/1999 best 13.258
  step 250/1999 best 13.652
  step 300/1999 best 14.193
  step 350/1999 best 13.843
  step 400/1999 best 14.305
  step 450/1999 best 14.140
  step 500/1999 best 14.050
  step 550/1999 best 14.286
  step 600/1999 best 14.291
  step 650/1999 best 14.093
  step 700/1999 best 14.366
  step 750/1999 best 14.428
  step 800/1999 best 14.333
  step 850/1999 best 14.142
  step 900/1999 best 14.423
  step 950/1999 best 14.006
  step 1000/1999 best 14.246
  step 1050/1999 best 14.240
  step 1100/1999 best 14.359
  step 1150/1999 best 14.209
  step 1200/1999 best 14.421
  step 1250/1999 best 14.111
  step 1300/1999 best 14.004
  step 1350/1999 best 14.392
  step 1400/1999 best 14.322
  step 1450/1999 best 14.322
  step 1500/1999 best 14.255
  step 1550/1999 best 14.293
  step 1600/1999 best 14.361
  step 1650/1999 best 14.362
  step 1700/1999 best 14.311
  step 1750/1999 best 14.139
  step 1800/1999 best 14.360
  step 1850/1999 best 14.305
  step 1900/1999 best 14.417
  step 1950/1999 best 14.260
saved SBC_CHAINS_cnn_vmim__n1_jitter_seed_s3_sim2476_row2075973_noise317_496_675 (240000, 4) acc=0.189
  step 0/1999 best -16.638
  step 50/1999 best 5.976
  step 100/1999 best 12.656
  step 150/1999 best 15.194
  step 200/1999 best 15.506
  step 250/1999 best 16.467
  step 300/1999 best 16.367
  step 350/1999 best 16.158
  step 400/1999 best 16.210
  step 450/1999 best 16.357
  step 500/1999 best 16.146
  step 550/1999 best 16.413
  step 600/1999 best 16.342
  step 650/1999 best 16.342
  step 700/1999 best 16.282
  step 750/1999 best 16.269
  step 800/1999 best 16.321
  step 850/1999 best 16.491
  step 900/1999 best 16.460
  step 950/1999 best 16.217
  step 1000/1999 best 16.310
  step 1050/1999 best 16.501
  step 1100/1999 best 16.328
  step 1150/1999 best 16.403
  step 1200/1999 best 16.286
  step 1250/1999 best 16.244
  step 1300/1999 best 16.383
  step 1350/1999 best 16.187
  step 1400/1999 best 16.200
  step 1450/1999 best 16.265
  step 1500/1999 best 16.354
  step 1550/1999 best 16.504
  step 1600/1999 best 16.422
  step 1650/1999 best 16.394
  step 1700/1999 best 16.379
  step 1750/1999 best 16.362
  step 1800/1999 best 16.402
  step 1850/1999 best 16.408
  step 1900/1999 best 16.419
  step 1950/1999 best 16.341
saved SBC_CHAINS_cnn_vmim__n1_jitter_seed_s3_sim1432_row1214123_noise7063_7242_7421 (240000, 4) acc=0.181
  step 0/1999 best -22.266
  step 50/1999 best 3.333
  step 100/1999 best 7.972
  step 150/1999 best 8.471
  step 200/1999 best 9.294
  step 250/1999 best 10.669
  step 300/1999 best 10.470
  step 350/1999 best 10.638
  step 400/1999 best 10.660
  step 450/1999 best 10.433
  step 500/1999 best 10.439
  step 550/1999 best 10.602
  step 600/1999 best 10.695
  step 650/1999 best 10.499
  step 700/1999 best 10.517
  step 750/1999 best 10.525
  step 800/1999 best 10.592
  step 850/1999 best 10.518
  step 900/1999 best 10.649
  step 950/1999 best 10.682
  step 1000/1999 best 10.549
  step 1050/1999 best 10.344
  step 1100/1999 best 10.670
  step 1150/1999 best 10.640
  step 1200/1999 best 10.493
  step 1250/1999 best 10.660
  step 1300/1999 best 10.699
  step 1350/1999 best 10.708
  step 1400/1999 best 10.371
  step 1450/1999 best 10.704
  step 1500/1999 best 10.407
  step 1550/1999 best 10.546
  step 1600/1999 best 10.593
  step 1650/1999 best 10.600
  step 1700/1999 best 10.587
  step 1750/1999 best 10.663
  step 1800/1999 best 10.622
  step 1850/1999 best 10.608
  step 1900/1999 best 10.709
  step 1950/1999 best 10.451
saved SBC_CHAINS_cnn_vmim__n1_jitter_seed_s3_sim2854_row2449441_noise4321_4500_4679 (240000, 4) acc=0.256
  step 0/1999 best -23.393
  step 50/1999 best -4.182
  step 100/1999 best 8.734
  step 150/1999 best 8.707
  step 200/1999 best 12.074
  step 250/1999 best 13.617
  step 300/1999 best 13.983
  step 350/1999 best 14.085
  step 400/1999 best 13.954
  step 450/1999 best 14.206
  step 500/1999 best 14.111
  step 550/1999 best 14.122
  step 600/1999 best 14.136
  step 650/1999 best 14.128
  step 700/1999 best 14.217
  step 750/1999 best 14.104
  step 800/1999 best 14.165
  step 850/1999 best 14.253
  step 900/1999 best 14.120
  step 950/1999 best 14.050
  step 1000/1999 best 14.213
  step 1050/1999 best 14.078
  step 1100/1999 best 14.235
  step 1150/1999 best 14.073
  step 1200/1999 best 14.217
  step 1250/1999 best 14.151
  step 1300/1999 best 14.139
  step 1350/1999 best 14.225
  step 1400/1999 best 14.189
  step 1450/1999 best 14.234
  step 1500/1999 best 14.069
  step 1550/1999 best 14.064
  step 1600/1999 best 14.203
  step 1650/1999 best 14.097
  step 1700/1999 best 14.023
  step 1750/1999 best 14.046
  step 1800/1999 best 14.085
  step 1850/1999 best 14.204
  step 1900/1999 best 14.046
  step 1950/1999 best 14.023
saved SBC_CHAINS_cnn_vmim__n1_jitter_seed_s3_sim2620_row2219961_noise6713_6892_7071 (240000, 4) acc=0.266
  step 0/1999 best -21.040
  step 50/1999 best -3.492
  step 100/1999 best 0.897
  step 150/1999 best 9.523
  step 200/1999 best 12.735
  step 250/1999 best 13.775
  step 300/1999 best 14.662
  step 350/1999 best 14.700
  step 400/1999 best 14.796
  step 450/1999 best 14.392
  step 500/1999 best 14.584
  step 550/1999 best 14.743
  step 600/1999 best 14.729
  step 650/1999 best 14.804
  step 700/1999 best 14.772
  step 750/1999 best 14.843
  step 800/1999 best 14.789
  step 850/1999 best 14.731
  step 900/1999 best 14.752
  step 950/1999 best 14.789
  step 1000/1999 best 14.785
  step 1050/1999 best 14.782
  step 1100/1999 best 14.770
  step 1150/1999 best 14.729
  step 1200/1999 best 14.711
  step 1250/1999 best 14.806
  step 1300/1999 best 14.803
  step 1350/1999 best 14.865
  step 1400/1999 best 14.783
  step 1450/1999 best 14.762
  step 1500/1999 best 14.681
  step 1550/1999 best 14.680
  step 1600/1999 best 14.685
  step 1650/1999 best 14.702
  step 1700/1999 best 14.833
  step 1750/1999 best 14.690
  step 1800/1999 best 14.874
  step 1850/1999 best 14.727
  step 1900/1999 best 14.767
  step 1950/1999 best 14.736
saved SBC_CHAINS_cnn_vmim__n1_jitter_seed_s3_sim2541_row2140805_noise6181_6360_6539 (240000, 4) acc=0.270
  step 0/1999 best -21.298
  step 50/1999 best 8.672
  step 100/1999 best 13.765
  step 150/1999 best 15.991
  step 200/1999 best 15.572
  step 250/1999 best 16.128
  step 300/1999 best 16.266
  step 350/1999 best 16.040
  step 400/1999 best 16.090
  step 450/1999 best 16.070
  step 500/1999 best 16.043
  step 550/1999 best 16.262
  step 600/1999 best 16.301
  step 650/1999 best 16.064
  step 700/1999 best 16.084
  step 750/1999 best 16.049
  step 800/1999 best 15.811
  step 850/1999 best 16.345
  step 900/1999 best 16.067
  step 950/1999 best 16.212
  step 1000/1999 best 16.014
  step 1050/1999 best 16.276
  step 1100/1999 best 16.231
  step 1150/1999 best 15.914
  step 1200/1999 best 16.204
  step 1250/1999 best 16.188
  step 1300/1999 best 16.141
  step 1350/1999 best 16.102
  step 1400/1999 best 16.156
  step 1450/1999 best 15.973
  step 1500/1999 best 16.107
  step 1550/1999 best 16.318
  step 1600/1999 best 16.206
  step 1650/1999 best 16.155
  step 1700/1999 best 16.073
  step 1750/1999 best 16.309
  step 1800/1999 best 16.325
  step 1850/1999 best 16.121
  step 1900/1999 best 16.307
  step 1950/1999 best 16.183
saved SBC_CHAINS_cnn_vmim__n1_jitter_seed_s3_sim1756_row1509799_noise7415_7594_7773 (240000, 4) acc=0.193
  step 0/1999 best -24.185
  step 50/1999 best 2.542
  step 100/1999 best 7.891
  step 150/1999 best 8.017
  step 200/1999 best 8.972
  step 250/1999 best 9.517
  step 300/1999 best 10.247
  step 350/1999 best 10.887
  step 400/1999 best 10.515
  step 450/1999 best 10.592
  step 500/1999 best 11.038
  step 550/1999 best 11.014
  step 600/1999 best 10.833
  step 650/1999 best 10.991
  step 700/1999 best 10.878
  step 750/1999 best 10.805
  step 800/1999 best 10.847
  step 850/1999 best 10.974
  step 900/1999 best 11.014
  step 950/1999 best 10.886
  step 1000/1999 best 10.965
  step 1050/1999 best 11.008
  step 1100/1999 best 10.909
  step 1150/1999 best 10.761
  step 1200/1999 best 10.720
  step 1250/1999 best 10.930
  step 1300/1999 best 10.753
  step 1350/1999 best 10.902
  step 1400/1999 best 10.943
  step 1450/1999 best 10.814
  step 1500/1999 best 10.764
  step 1550/1999 best 11.014
  step 1600/1999 best 10.983
  step 1650/1999 best 10.816
  step 1700/1999 best 10.913
  step 1750/1999 best 10.895
  step 1800/1999 best 10.965
  step 1850/1999 best 10.995
  step 1900/1999 best 10.992
  step 1950/1999 best 11.040
saved SBC_CHAINS_cnn_vmim__n1_jitter_seed_s3_sim1231_row1049524_noise3024_3203_3382 (240000, 4) acc=0.146
  step 0/1999 best -16.149
  step 50/1999 best 8.333
  step 100/1999 best 9.882
  step 150/1999 best 12.628
  step 200/1999 best 14.743
  step 250/1999 best 14.729
  step 300/1999 best 14.505
  step 350/1999 best 14.253
  step 400/1999 best 14.536
  step 450/1999 best 14.608
  step 500/1999 best 14.309
  step 550/1999 best 14.407
  step 600/1999 best 14.546
  step 650/1999 best 14.446
  step 700/1999 best 14.641
  step 750/1999 best 14.659
  step 800/1999 best 14.700
  step 850/1999 best 14.709
  step 900/1999 best 14.765
  step 950/1999 best 14.606
  step 1000/1999 best 14.670
  step 1050/1999 best 14.667
  step 1100/1999 best 14.620
  step 1150/1999 best 14.549
  step 1200/1999 best 14.735
  step 1250/1999 best 14.817
  step 1300/1999 best 14.727
  step 1350/1999 best 14.785
  step 1400/1999 best 14.510
  step 1450/1999 best 14.536
  step 1500/1999 best 14.696
  step 1550/1999 best 14.810
  step 1600/1999 best 14.486
  step 1650/1999 best 14.719
  step 1700/1999 best 14.693
  step 1750/1999 best 14.637
  step 1800/1999 best 14.716
  step 1850/1999 best 14.742
  step 1900/1999 best 14.813
  step 1950/1999 best 14.749
saved SBC_CHAINS_cnn_vmim__n1_jitter_seed_s3_sim1453_row1235411_noise8695_8874_9053 (240000, 4) acc=0.133
  step 0/1999 best -13.224
  step 50/1999 best -3.139
  step 100/1999 best 6.417
  step 150/1999 best 8.463
  step 200/1999 best 11.425
  step 250/1999 best 14.003
  step 300/1999 best 13.078
  step 350/1999 best 13.160
  step 400/1999 best 14.035
  step 450/1999 best 13.930
  step 500/1999 best 13.137
  step 550/1999 best 13.852
  step 600/1999 best 13.617
  step 650/1999 best 13.933
  step 700/1999 best 14.165
  step 750/1999 best 14.031
  step 800/1999 best 14.138
  step 850/1999 best 14.131
  step 900/1999 best 13.960
  step 950/1999 best 13.913
  step 1000/1999 best 14.019
  step 1050/1999 best 14.047
  step 1100/1999 best 14.088
  step 1150/1999 best 13.988
  step 1200/1999 best 14.115
  step 1250/1999 best 13.948
  step 1300/1999 best 13.798
  step 1350/1999 best 14.096
  step 1400/1999 best 14.166
  step 1450/1999 best 14.193
  step 1500/1999 best 14.081
  step 1550/1999 best 14.087
  step 1600/1999 best 14.086
  step 1650/1999 best 14.071
  step 1700/1999 best 13.904
  step 1750/1999 best 13.897
  step 1800/1999 best 13.892
  step 1850/1999 best 14.015
  step 1900/1999 best 13.866
  step 1950/1999 best 14.022
saved SBC_CHAINS_cnn_vmim__n1_jitter_seed_s3_sim2398_row1997831_noise799_978_1157 (240000, 4) acc=0.164
  step 0/1999 best -27.514
  step 50/1999 best -3.805
  step 100/1999 best -0.528
  step 150/1999 best 0.886
  step 200/1999 best 2.625
  step 250/1999 best 6.336
  step 300/1999 best 8.779
  step 350/1999 best 13.196
  step 400/1999 best 13.771
  step 450/1999 best 14.313
  step 500/1999 best 16.121
  step 550/1999 best 16.176
  step 600/1999 best 16.268
  step 650/1999 best 16.324
  step 700/1999 best 16.487
  step 750/1999 best 16.488
  step 800/1999 best 16.476
  step 850/1999 best 16.520
  step 900/1999 best 16.486
  step 950/1999 best 16.569
  step 1000/1999 best 16.513
  step 1050/1999 best 16.563
  step 1100/1999 best 16.537
  step 1150/1999 best 16.556
  step 1200/1999 best 16.477
  step 1250/1999 best 16.565
  step 1300/1999 best 16.439
  step 1350/1999 best 16.590
  step 1400/1999 best 16.477
  step 1450/1999 best 16.492
  step 1500/1999 best 16.467
  step 1550/1999 best 16.536
  step 1600/1999 best 16.512
  step 1650/1999 best 16.463
  step 1700/1999 best 16.466
  step 1750/1999 best 16.516
  step 1800/1999 best 16.503
  step 1850/1999 best 16.361
  step 1900/1999 best 16.434
  step 1950/1999 best 16.402
saved SBC_CHAINS_cnn_vmim__n1_jitter_seed_s3_sim2055_row1665265_noise1213_1392_1571 (240000, 4) acc=0.213
  step 0/1999 best -17.818
  step 50/1999 best -4.431
  step 100/1999 best 1.322
  step 150/1999 best 1.208
  step 200/1999 best 9.485
  step 250/1999 best 12.497
  step 300/1999 best 14.365
  step 350/1999 best 13.460
  step 400/1999 best 14.233
  step 450/1999 best 15.130
  step 500/1999 best 15.042
  step 550/1999 best 15.248
  step 600/1999 best 14.777
  step 650/1999 best 15.209
  step 700/1999 best 15.239
  step 750/1999 best 15.131
  step 800/1999 best 14.943
  step 850/1999 best 15.391
  step 900/1999 best 15.240
  step 950/1999 best 15.399
  step 1000/1999 best 15.378
  step 1050/1999 best 15.390
  step 1100/1999 best 15.260
  step 1150/1999 best 15.431
  step 1200/1999 best 15.323
  step 1250/1999 best 15.407
  step 1300/1999 best 15.401
  step 1350/1999 best 15.289
  step 1400/1999 best 15.195
  step 1450/1999 best 15.384
  step 1500/1999 best 15.354
  step 1550/1999 best 15.221
  step 1600/1999 best 15.352
  step 1650/1999 best 15.431
  step 1700/1999 best 15.440
  step 1750/1999 best 15.157
  step 1800/1999 best 15.177
  step 1850/1999 best 15.427
  step 1900/1999 best 15.398
  step 1950/1999 best 15.228
saved SBC_CHAINS_cnn_vmim__n1_jitter_seed_s3_sim652_row605737_noise4089_4268_4447 (240000, 4) acc=0.180
  step 0/1999 best -19.701
  step 50/1999 best -1.526
  step 100/1999 best 0.887
  step 150/1999 best 10.520
  step 200/1999 best 10.936
  step 250/1999 best 12.790
  step 300/1999 best 13.341
  step 350/1999 best 13.112
  step 400/1999 best 13.155
  step 450/1999 best 13.307
  step 500/1999 best 13.112
  step 550/1999 best 13.256
  step 600/1999 best 13.291
  step 650/1999 best 13.348
  step 700/1999 best 13.285
  step 750/1999 best 13.429
  step 800/1999 best 13.327
  step 850/1999 best 13.493
  step 900/1999 best 13.191
  step 950/1999 best 13.071
  step 1000/1999 best 13.320
  step 1050/1999 best 13.440
  step 1100/1999 best 13.443
  step 1150/1999 best 13.373
  step 1200/1999 best 13.533
  step 1250/1999 best 13.354
  step 1300/1999 best 13.467
  step 1350/1999 best 13.447
  step 1400/1999 best 13.324
  step 1450/1999 best 13.401
  step 1500/1999 best 13.376
  step 1550/1999 best 13.487
  step 1600/1999 best 13.349
  step 1650/1999 best 13.452
  step 1700/1999 best 13.395
  step 1750/1999 best 13.451
  step 1800/1999 best 13.531
  step 1850/1999 best 13.459
  step 1900/1999 best 13.364
  step 1950/1999 best 13.301
saved SBC_CHAINS_cnn_vmim__n1_jitter_seed_s3_sim3094_row2689117_noise8125_8304_8483 (240000, 4) acc=0.189
  step 0/1999 best -23.014
  step 50/1999 best -1.484
  step 100/1999 best -0.146
  step 150/1999 best 10.720
  step 200/1999 best 13.433
  step 250/1999 best 13.741
  step 300/1999 best 13.152
  step 350/1999 best 11.911
  step 400/1999 best 13.647
  step 450/1999 best 14.452
  step 500/1999 best 13.775
  step 550/1999 best 13.576
  step 600/1999 best 14.395
  step 650/1999 best 13.828
  step 700/1999 best 14.402
  step 750/1999 best 14.695
  step 800/1999 best 14.452
  step 850/1999 best 14.610
  step 900/1999 best 14.637
  step 950/1999 best 14.572
  step 1000/1999 best 14.319
  step 1050/1999 best 14.842
  step 1100/1999 best 14.720
  step 1150/1999 best 14.653
  step 1200/1999 best 14.653
  step 1250/1999 best 14.433
  step 1300/1999 best 14.711
  step 1350/1999 best 14.678
  step 1400/1999 best 14.421
  step 1450/1999 best 14.702
  step 1500/1999 best 14.586
  step 1550/1999 best 14.491
  step 1600/1999 best 14.445
  step 1650/1999 best 14.757
  step 1700/1999 best 14.500
  step 1750/1999 best 14.609
  step 1800/1999 best 14.416
  step 1850/1999 best 14.776
  step 1900/1999 best 14.598
  step 1950/1999 best 14.440
saved SBC_CHAINS_cnn_vmim__n1_jitter_seed_s3_sim2374_row1973204_noise5656_5835_6014 (240000, 4) acc=0.195
  step 0/1999 best -21.051
  step 50/1999 best -8.151
  step 100/1999 best -4.896
  step 150/1999 best 0.950
  step 200/1999 best -1.498
  step 250/1999 best 0.676
  step 300/1999 best 9.690
  step 350/1999 best 13.335
  step 400/1999 best 14.027
  step 450/1999 best 14.285
  step 500/1999 best 14.628
  step 550/1999 best 13.805
  step 600/1999 best 14.279
  step 650/1999 best 15.058
  step 700/1999 best 14.565
  step 750/1999 best 14.780
  step 800/1999 best 14.808
  step 850/1999 best 14.780
  step 900/1999 best 14.867
  step 950/1999 best 14.845
  step 1000/1999 best 14.873
  step 1050/1999 best 15.093
  step 1100/1999 best 15.053
  step 1150/1999 best 14.922
  step 1200/1999 best 14.800
  step 1250/1999 best 14.931
  step 1300/1999 best 15.107
  step 1350/1999 best 15.109
  step 1400/1999 best 14.780
  step 1450/1999 best 14.888
  step 1500/1999 best 15.092
  step 1550/1999 best 15.077
  step 1600/1999 best 14.962
  step 1650/1999 best 15.049
  step 1700/1999 best 14.865
  step 1750/1999 best 15.042
  step 1800/1999 best 14.934
  step 1850/1999 best 14.956
  step 1900/1999 best 14.792
  step 1950/1999 best 15.024
saved SBC_CHAINS_cnn_vmim__n1_jitter_seed_s3_sim325_row311710_noise1386_1565_1744 (240000, 4) acc=0.124
  step 0/1999 best -18.594
  step 50/1999 best -2.900
  step 100/1999 best -2.890
  step 150/1999 best 2.164
  step 200/1999 best 1.662
  step 250/1999 best 5.688
  step 300/1999 best 13.622
  step 350/1999 best 13.767
  step 400/1999 best 14.260
  step 450/1999 best 15.952
  step 500/1999 best 15.564
  step 550/1999 best 15.857
  step 600/1999 best 16.021
  step 650/1999 best 15.959
  step 700/1999 best 16.110
  step 750/1999 best 15.981
  step 800/1999 best 16.086
  step 850/1999 best 16.114
  step 900/1999 best 15.934
  step 950/1999 best 15.972
  step 1000/1999 best 15.994
  step 1050/1999 best 16.098
  step 1100/1999 best 16.105
  step 1150/1999 best 16.059
  step 1200/1999 best 16.140
  step 1250/1999 best 15.932
  step 1300/1999 best 16.013
  step 1350/1999 best 15.945
  step 1400/1999 best 15.995
  step 1450/1999 best 16.090
  step 1500/1999 best 16.020
  step 1550/1999 best 16.045
  step 1600/1999 best 16.134
  step 1650/1999 best 16.039
  step 1700/1999 best 16.153
  step 1750/1999 best 16.021
  step 1800/1999 best 15.815
  step 1850/1999 best 16.150
  step 1900/1999 best 16.130
  step 1950/1999 best 16.097
saved SBC_CHAINS_cnn_vmim__n1_jitter_seed_s3_sim970_row919448_noise7304_7483_7662 (240000, 4) acc=0.234
  step 0/1999 best -30.189
  step 50/1999 best -3.668
  step 100/1999 best 12.153
  step 150/1999 best 12.153
  step 200/1999 best 11.547
  step 250/1999 best 14.777
  step 300/1999 best 14.948
  step 350/1999 best 15.413
  step 400/1999 best 15.635
  step 450/1999 best 15.536
  step 500/1999 best 15.587
  step 550/1999 best 15.754
  step 600/1999 best 15.579
  step 650/1999 best 15.600
  step 700/1999 best 15.775
  step 750/1999 best 15.704
  step 800/1999 best 15.586
  step 850/1999 best 15.736
  step 900/1999 best 15.634
  step 950/1999 best 15.778
  step 1000/1999 best 15.639
  step 1050/1999 best 15.681
  step 1100/1999 best 15.620
  step 1150/1999 best 15.804
  step 1200/1999 best 15.318
  step 1250/1999 best 15.683
  step 1300/1999 best 15.728
  step 1350/1999 best 15.545
  step 1400/1999 best 15.829
  step 1450/1999 best 15.829
  step 1500/1999 best 15.769
  step 1550/1999 best 15.739
  step 1600/1999 best 15.714
  step 1650/1999 best 15.615
  step 1700/1999 best 15.806
  step 1750/1999 best 15.817
  step 1800/1999 best 15.726
  step 1850/1999 best 15.814
  step 1900/1999 best 15.697
  step 1950/1999 best 15.582
saved SBC_CHAINS_cnn_vmim__n1_jitter_seed_s3_sim1731_row1484028_noise1300_1479_1658 (240000, 4) acc=0.176
  step 0/1999 best -14.547
  step 50/1999 best 3.802
  step 100/1999 best 14.601
  step 150/1999 best 14.601
  step 200/1999 best 15.544
  step 250/1999 best 16.737
  step 300/1999 best 16.575
  step 350/1999 best 16.815
  step 400/1999 best 16.561
  step 450/1999 best 16.634
  step 500/1999 best 16.859
  step 550/1999 best 16.882
  step 600/1999 best 16.764
  step 650/1999 best 16.637
  step 700/1999 best 16.636
  step 750/1999 best 16.535
  step 800/1999 best 16.613
  step 850/1999 best 16.811
  step 900/1999 best 16.819
  step 950/1999 best 16.436
  step 1000/1999 best 16.555
  step 1050/1999 best 16.792
  step 1100/1999 best 16.885
  step 1150/1999 best 16.855
  step 1200/1999 best 16.680
  step 1250/1999 best 16.543
  step 1300/1999 best 16.830
  step 1350/1999 best 16.594
  step 1400/1999 best 16.745
  step 1450/1999 best 16.785
  step 1500/1999 best 16.761
  step 1550/1999 best 16.821
  step 1600/1999 best 16.837
  step 1650/1999 best 16.836
  step 1700/1999 best 16.709
  step 1750/1999 best 16.828
  step 1800/1999 best 16.627
  step 1850/1999 best 16.679
  step 1900/1999 best 16.870
  step 1950/1999 best 16.823
saved SBC_CHAINS_cnn_vmim__n1_jitter_seed_s3_sim274_row260056_noise8700_8879_9058 (240000, 4) acc=0.186
  step 0/1999 best -18.847
  step 50/1999 best -0.343
  step 100/1999 best 8.186
  step 150/1999 best 11.067
  step 200/1999 best 12.221
  step 250/1999 best 12.631
  step 300/1999 best 12.601
  step 350/1999 best 12.556
  step 400/1999 best 12.442
  step 450/1999 best 12.757
  step 500/1999 best 12.530
  step 550/1999 best 12.879
  step 600/1999 best 12.871
  step 650/1999 best 12.869
  step 700/1999 best 12.838
  step 750/1999 best 12.884
  step 800/1999 best 12.886
  step 850/1999 best 12.854
  step 900/1999 best 12.810
  step 950/1999 best 12.838
  step 1000/1999 best 12.863
  step 1050/1999 best 12.847
  step 1100/1999 best 12.978
  step 1150/1999 best 12.902
  step 1200/1999 best 12.894
  step 1250/1999 best 12.669
  step 1300/1999 best 12.916
  step 1350/1999 best 12.987
  step 1400/1999 best 12.939
  step 1450/1999 best 12.746
  step 1500/1999 best 12.934
  step 1550/1999 best 12.950
  step 1600/1999 best 12.965
  step 1650/1999 best 12.920
  step 1700/1999 best 12.956
  step 1750/1999 best 12.879
  step 1800/1999 best 12.882
  step 1850/1999 best 12.830
  step 1900/1999 best 12.748
  step 1950/1999 best 12.901
saved SBC_CHAINS_cnn_vmim__n1_jitter_seed_s3_sim3004_row2599459_noise6919_7098_7277 (240000, 4) acc=0.250
  step 0/1999 best -17.707
  step 50/1999 best 3.209
  step 100/1999 best 12.945
  step 150/1999 best 14.903
  step 200/1999 best 15.551
  step 250/1999 best 14.896
  step 300/1999 best 15.309
  step 350/1999 best 15.324
  step 400/1999 best 15.375
  step 450/1999 best 15.373
  step 500/1999 best 15.618
  step 550/1999 best 15.720
  step 600/1999 best 15.786
  step 650/1999 best 15.582
  step 700/1999 best 15.620
  step 750/1999 best 15.562
  step 800/1999 best 15.417
  step 850/1999 best 15.756
  step 900/1999 best 15.639
  step 950/1999 best 15.601
  step 1000/1999 best 15.731
  step 1050/1999 best 15.609
  step 1100/1999 best 15.734
  step 1150/1999 best 15.706
  step 1200/1999 best 15.660
  step 1250/1999 best 15.728
  step 1300/1999 best 15.720
  step 1350/1999 best 15.741
  step 1400/1999 best 15.779
  step 1450/1999 best 15.780
  step 1500/1999 best 15.584
  step 1550/1999 best 15.565
  step 1600/1999 best 15.535
  step 1650/1999 best 15.595
  step 1700/1999 best 15.698
  step 1750/1999 best 15.712
  step 1800/1999 best 15.540
  step 1850/1999 best 15.723
  step 1900/1999 best 15.591
  step 1950/1999 best 15.609
saved SBC_CHAINS_cnn_vmim__n1_jitter_seed_s3_sim271_row257310_noise5954_6133_6312 (240000, 4) acc=0.191
  step 0/1999 best -22.702
  step 50/1999 best 0.871
  step 100/1999 best 11.070
  step 150/1999 best 10.478
  step 200/1999 best 11.512
  step 250/1999 best 12.144
  step 300/1999 best 12.523
  step 350/1999 best 12.276
  step 400/1999 best 12.538
  step 450/1999 best 12.780
  step 500/1999 best 12.295
  step 550/1999 best 12.718
  step 600/1999 best 12.691
  step 650/1999 best 12.772
  step 700/1999 best 12.758
  step 750/1999 best 12.672
  step 800/1999 best 12.724
  step 850/1999 best 12.778
  step 900/1999 best 12.783
  step 950/1999 best 12.672
  step 1000/1999 best 12.642
  step 1050/1999 best 12.666
  step 1100/1999 best 12.847
  step 1150/1999 best 12.824
  step 1200/1999 best 12.661
  step 1250/1999 best 12.795
  step 1300/1999 best 12.609
  step 1350/1999 best 12.689
  step 1400/1999 best 12.845
  step 1450/1999 best 12.700
  step 1500/1999 best 12.760
  step 1550/1999 best 12.593
  step 1600/1999 best 12.696
  step 1650/1999 best 12.688
  step 1700/1999 best 12.721
  step 1750/1999 best 12.837
  step 1800/1999 best 12.719
  step 1850/1999 best 12.665
  step 1900/1999 best 12.611
  step 1950/1999 best 12.602
saved SBC_CHAINS_cnn_vmim__n1_jitter_seed_s3_sim1232_row1050307_noise3807_3986_4165 (240000, 4) acc=0.158
  step 0/1999 best -18.810
  step 50/1999 best 3.934
  step 100/1999 best 5.027
  step 150/1999 best 7.745
  step 200/1999 best 12.646
  step 250/1999 best 14.315
  step 300/1999 best 15.315
  step 350/1999 best 15.874
  step 400/1999 best 16.063
  step 450/1999 best 15.850
  step 500/1999 best 16.080
  step 550/1999 best 15.704
  step 600/1999 best 15.976
  step 650/1999 best 16.034
  step 700/1999 best 15.947
  step 750/1999 best 15.958
  step 800/1999 best 15.982
  step 850/1999 best 16.136
  step 900/1999 best 16.058
  step 950/1999 best 16.211
  step 1000/1999 best 16.129
  step 1050/1999 best 15.970
  step 1100/1999 best 16.153
  step 1150/1999 best 16.239
  step 1200/1999 best 15.931
  step 1250/1999 best 16.068
  step 1300/1999 best 16.120
  step 1350/1999 best 15.987
  step 1400/1999 best 16.032
  step 1450/1999 best 15.930
  step 1500/1999 best 16.099
  step 1550/1999 best 16.075
  step 1600/1999 best 15.998
  step 1650/1999 best 15.931
  step 1700/1999 best 15.866
  step 1750/1999 best 15.988
  step 1800/1999 best 15.951
  step 1850/1999 best 16.060
  step 1900/1999 best 15.875
  step 1950/1999 best 16.135
saved SBC_CHAINS_cnn_vmim__n1_jitter_seed_s3_sim742_row691140_noise5040_5219_5398 (240000, 4) acc=0.162
  step 0/1999 best -19.298
  step 50/1999 best 2.916
  step 100/1999 best 12.534
  step 150/1999 best 13.219
  step 200/1999 best 14.447
  step 250/1999 best 14.667
  step 300/1999 best 14.605
  step 350/1999 best 14.484
  step 400/1999 best 14.411
  step 450/1999 best 14.620
  step 500/1999 best 14.532
  step 550/1999 best 14.588
  step 600/1999 best 14.631
  step 650/1999 best 14.396
  step 700/1999 best 14.432
  step 750/1999 best 14.656
  step 800/1999 best 14.478
  step 850/1999 best 14.593
  step 900/1999 best 14.561
  step 950/1999 best 14.485
  step 1000/1999 best 14.629
  step 1050/1999 best 14.451
  step 1100/1999 best 14.621
  step 1150/1999 best 14.617
  step 1200/1999 best 14.657
  step 1250/1999 best 14.522
  step 1300/1999 best 14.646
  step 1350/1999 best 14.579
  step 1400/1999 best 14.537
  step 1450/1999 best 14.388
  step 1500/1999 best 14.562
  step 1550/1999 best 14.621
  step 1600/1999 best 14.380
  step 1650/1999 best 14.578
  step 1700/1999 best 14.646
  step 1750/1999 best 14.617
  step 1800/1999 best 14.549
  step 1850/1999 best 14.555
  step 1900/1999 best 14.551
  step 1950/1999 best 14.623
saved SBC_CHAINS_cnn_vmim__n1_jitter_seed_s3_sim2367_row1966342_noise8622_8801_8980 (240000, 4) acc=0.269
  step 0/1999 best -19.161
  step 50/1999 best -1.430
  step 100/1999 best 4.652
  step 150/1999 best 8.747
  step 200/1999 best 7.928
  step 250/1999 best 13.472
  step 300/1999 best 11.062
  step 350/1999 best 15.820
  step 400/1999 best 15.555
  step 450/1999 best 16.267
  step 500/1999 best 15.445
  step 550/1999 best 16.311
  step 600/1999 best 16.467
  step 650/1999 best 16.373
  step 700/1999 best 16.067
  step 750/1999 best 16.465
  step 800/1999 best 16.420
  step 850/1999 best 16.395
  step 900/1999 best 16.558
  step 950/1999 best 16.315
  step 1000/1999 best 16.591
  step 1050/1999 best 16.524
  step 1100/1999 best 16.541
  step 1150/1999 best 16.558
  step 1200/1999 best 16.218
  step 1250/1999 best 16.415
  step 1300/1999 best 16.585
  step 1350/1999 best 16.390
  step 1400/1999 best 16.432
  step 1450/1999 best 16.315
  step 1500/1999 best 16.467
  step 1550/1999 best 16.414
  step 1600/1999 best 16.417
  step 1650/1999 best 16.429
  step 1700/1999 best 16.396
  step 1750/1999 best 16.484
  step 1800/1999 best 16.500
  step 1850/1999 best 16.595
  step 1900/1999 best 16.415
  step 1950/1999 best 16.592
saved SBC_CHAINS_cnn_vmim__n1_jitter_seed_s3_sim1533_row1310693_noise525_704_883 (240000, 4) acc=0.139
  step 0/1999 best -19.963
  step 50/1999 best 9.338
  step 100/1999 best 15.689
  step 150/1999 best 15.975
  step 200/1999 best 16.232
  step 250/1999 best 16.006
  step 300/1999 best 16.243
  step 350/1999 best 16.151
  step 400/1999 best 16.086
  step 450/1999 best 16.242
  step 500/1999 best 16.156
  step 550/1999 best 16.198
  step 600/1999 best 16.170
  step 650/1999 best 16.146
  step 700/1999 best 16.200
  step 750/1999 best 16.261
  step 800/1999 best 16.289
  step 850/1999 best 16.208
  step 900/1999 best 16.219
  step 950/1999 best 16.130
  step 1000/1999 best 16.261
  step 1050/1999 best 16.297
  step 1100/1999 best 16.302
  step 1150/1999 best 16.221
  step 1200/1999 best 16.248
  step 1250/1999 best 16.204
  step 1300/1999 best 16.234
  step 1350/1999 best 16.243
  step 1400/1999 best 16.139
  step 1450/1999 best 16.152
  step 1500/1999 best 16.280
  step 1550/1999 best 16.157
  step 1600/1999 best 16.021
  step 1650/1999 best 16.265
  step 1700/1999 best 16.233
  step 1750/1999 best 16.141
  step 1800/1999 best 16.267
  step 1850/1999 best 16.212
  step 1900/1999 best 16.174
  step 1950/1999 best 16.059
saved SBC_CHAINS_cnn_vmim__n1_jitter_seed_s3_sim1994_row1605056_noise8800_8979_9158 (240000, 4) acc=0.264
  step 0/1999 best -23.103
  step 50/1999 best -0.512
  step 100/1999 best 4.189
  step 150/1999 best 11.615
  step 200/1999 best 12.377
  step 250/1999 best 15.633
  step 300/1999 best 16.038
  step 350/1999 best 15.882
  step 400/1999 best 15.955
  step 450/1999 best 16.015
  step 500/1999 best 15.872
  step 550/1999 best 16.015
  step 600/1999 best 15.786
  step 650/1999 best 15.959
  step 700/1999 best 15.995
  step 750/1999 best 15.894
  step 800/1999 best 15.876
  step 850/1999 best 15.739
  step 900/1999 best 15.844
  step 950/1999 best 15.892
  step 1000/1999 best 15.952
  step 1050/1999 best 15.996
  step 1100/1999 best 16.035
  step 1150/1999 best 15.783
  step 1200/1999 best 15.933
  step 1250/1999 best 15.967
  step 1300/1999 best 16.052
  step 1350/1999 best 15.960
  step 1400/1999 best 15.988
  step 1450/1999 best 16.062
  step 1500/1999 best 16.090
  step 1550/1999 best 15.829
  step 1600/1999 best 16.080
  step 1650/1999 best 16.028
  step 1700/1999 best 16.055
  step 1750/1999 best 16.005
  step 1800/1999 best 16.086
  step 1850/1999 best 15.951
  step 1900/1999 best 15.891
  step 1950/1999 best 16.027
saved SBC_CHAINS_cnn_vmim__n1_jitter_seed_s3_sim975_row924811_noise2839_3018_3197 (240000, 4) acc=0.294
  step 0/1999 best -24.025
  step 50/1999 best -6.991
  step 100/1999 best -3.297
  step 150/1999 best 7.127
  step 200/1999 best 10.355
  step 250/1999 best 11.064
  step 300/1999 best 11.131
  step 350/1999 best 11.321
  step 400/1999 best 11.459
  step 450/1999 best 11.653
  step 500/1999 best 11.452
  step 550/1999 best 11.597
  step 600/1999 best 11.586
  step 650/1999 best 11.358
  step 700/1999 best 11.501
  step 750/1999 best 11.606
  step 800/1999 best 11.466
  step 850/1999 best 11.368
  step 900/1999 best 11.583
  step 950/1999 best 11.646
  step 1000/1999 best 11.632
  step 1050/1999 best 11.532
  step 1100/1999 best 11.583
  step 1150/1999 best 11.576
  step 1200/1999 best 11.522
  step 1250/1999 best 11.400
  step 1300/1999 best 11.549
  step 1350/1999 best 11.388
  step 1400/1999 best 11.642
  step 1450/1999 best 11.472
  step 1500/1999 best 11.498
  step 1550/1999 best 11.467
  step 1600/1999 best 11.521
  step 1650/1999 best 11.631
  step 1700/1999 best 11.639
  step 1750/1999 best 11.556
  step 1800/1999 best 11.561
  step 1850/1999 best 11.525
  step 1900/1999 best 11.566
  step 1950/1999 best 11.382
saved SBC_CHAINS_cnn_vmim__n1_jitter_seed_s3_sim2902_row2497351_noise3091_3270_3449 (240000, 4) acc=0.198
  step 0/1999 best -19.359
  step 50/1999 best 9.723
  step 100/1999 best 12.147
  step 150/1999 best 11.695
  step 200/1999 best 11.475
  step 250/1999 best 11.796
  step 300/1999 best 12.538
  step 350/1999 best 12.372
  step 400/1999 best 12.547
  step 450/1999 best 12.291
  step 500/1999 best 12.554
  step 550/1999 best 12.492
  step 600/1999 best 12.552
  step 650/1999 best 12.360
  step 700/1999 best 12.472
  step 750/1999 best 12.170
  step 800/1999 best 12.150
  step 850/1999 best 12.517
  step 900/1999 best 12.589
  step 950/1999 best 12.458
  step 1000/1999 best 12.651
  step 1050/1999 best 12.417
  step 1100/1999 best 12.618
  step 1150/1999 best 12.463
  step 1200/1999 best 12.455
  step 1250/1999 best 12.369
  step 1300/1999 best 12.553
  step 1350/1999 best 12.350
  step 1400/1999 best 12.495
  step 1450/1999 best 12.590
  step 1500/1999 best 12.488
  step 1550/1999 best 12.606
  step 1600/1999 best 12.645
  step 1650/1999 best 12.619
  step 1700/1999 best 12.517
  step 1750/1999 best 12.428
  step 1800/1999 best 12.618
  step 1850/1999 best 12.574
  step 1900/1999 best 12.321
  step 1950/1999 best 12.400
saved SBC_CHAINS_cnn_vmim__n1_jitter_seed_s3_sim2011_row1622397_noise6485_6664_6843 (240000, 4) acc=0.118
  step 0/1999 best -1.430
  step 50/1999 best -0.841
  step 100/1999 best 11.486
  step 150/1999 best 11.969
  step 200/1999 best 13.206
  step 250/1999 best 13.389
  step 300/1999 best 14.331
  step 350/1999 best 14.242
  step 400/1999 best 14.261
  step 450/1999 best 14.085
  step 500/1999 best 14.100
  step 550/1999 best 14.161
  step 600/1999 best 14.110
  step 650/1999 best 14.020
  step 700/1999 best 14.209
  step 750/1999 best 14.117
  step 800/1999 best 14.317
  step 850/1999 best 14.237
  step 900/1999 best 13.918
  step 950/1999 best 14.300
  step 1000/1999 best 14.194
  step 1050/1999 best 14.317
  step 1100/1999 best 14.145
  step 1150/1999 best 13.975
  step 1200/1999 best 14.237
  step 1250/1999 best 14.290
  step 1300/1999 best 14.073
  step 1350/1999 best 14.182
  step 1400/1999 best 14.309
  step 1450/1999 best 14.230
  step 1500/1999 best 14.186
  step 1550/1999 best 14.108
  step 1600/1999 best 14.343
  step 1650/1999 best 14.215
  step 1700/1999 best 14.386
  step 1750/1999 best 14.307
  step 1800/1999 best 14.364
  step 1850/1999 best 13.986
  step 1900/1999 best 14.023
  step 1950/1999 best 14.350
saved SBC_CHAINS_cnn_vmim__n1_jitter_seed_s3_sim452_row430321_noise233_412_591 (240000, 4) acc=0.138
  step 0/1999 best -21.745
  step 50/1999 best -5.571
  step 100/1999 best -3.152
  step 150/1999 best 6.474
  step 200/1999 best 7.950
  step 250/1999 best 9.008
  step 300/1999 best 9.658
  step 350/1999 best 10.703
  step 400/1999 best 10.158
  step 450/1999 best 9.708
  step 500/1999 best 10.163
  step 550/1999 best 10.323
  step 600/1999 best 10.174
  step 650/1999 best 10.580
  step 700/1999 best 10.484
  step 750/1999 best 10.436
  step 800/1999 best 10.655
  step 850/1999 best 10.468
  step 900/1999 best 10.560
  step 950/1999 best 10.594
  step 1000/1999 best 10.071
  step 1050/1999 best 10.248
  step 1100/1999 best 10.088
  step 1150/1999 best 10.451
  step 1200/1999 best 10.617
  step 1250/1999 best 10.467
  step 1300/1999 best 10.532
  step 1350/1999 best 10.538
  step 1400/1999 best 10.179
  step 1450/1999 best 10.552
  step 1500/1999 best 10.369
  step 1550/1999 best 10.576
  step 1600/1999 best 10.482
  step 1650/1999 best 10.468
  step 1700/1999 best 10.513
  step 1750/1999 best 10.628
  step 1800/1999 best 10.352
  step 1850/1999 best 10.527
  step 1900/1999 best 10.671
  step 1950/1999 best 10.087
saved SBC_CHAINS_cnn_vmim__n1_jitter_seed_s3_sim2853_row2448375_noise3255_3434_3613 (240000, 4) acc=0.243
  step 0/1999 best -24.904
  step 50/1999 best 7.076
  step 100/1999 best 7.911
  step 150/1999 best 10.882
  step 200/1999 best 11.626
  step 250/1999 best 11.634
  step 300/1999 best 11.803
  step 350/1999 best 11.894
  step 400/1999 best 11.875
  step 450/1999 best 11.778
  step 500/1999 best 11.671
  step 550/1999 best 11.819
  step 600/1999 best 11.645
  step 650/1999 best 11.754
  step 700/1999 best 11.885
  step 750/1999 best 11.825
  step 800/1999 best 11.885
  step 850/1999 best 11.939
  step 900/1999 best 11.617
  step 950/1999 best 11.816
  step 1000/1999 best 11.792
  step 1050/1999 best 11.893
  step 1100/1999 best 11.863
  step 1150/1999 best 11.948
  step 1200/1999 best 11.912
  step 1250/1999 best 11.796
  step 1300/1999 best 11.892
  step 1350/1999 best 11.844
  step 1400/1999 best 11.878
  step 1450/1999 best 11.828
  step 1500/1999 best 11.834
  step 1550/1999 best 11.806
  step 1600/1999 best 11.807
  step 1650/1999 best 11.872
  step 1700/1999 best 11.908
  step 1750/1999 best 11.738
  step 1800/1999 best 11.726
  step 1850/1999 best 11.897
  step 1900/1999 best 11.807
  step 1950/1999 best 11.692
saved SBC_CHAINS_cnn_vmim__n1_jitter_seed_s3_sim2995_row2590054_noise7342_7521_7700 (240000, 4) acc=0.301
  step 0/1999 best -2.405
  step 50/1999 best 7.299
  step 100/1999 best 9.134
  step 150/1999 best 12.802
  step 200/1999 best 11.781
  step 250/1999 best 12.014
  step 300/1999 best 12.730
  step 350/1999 best 13.013
  step 400/1999 best 13.465
  step 450/1999 best 13.237
  step 500/1999 best 13.301
  step 550/1999 best 13.433
  step 600/1999 best 13.251
  step 650/1999 best 12.981
  step 700/1999 best 13.475
  step 750/1999 best 13.312
  step 800/1999 best 13.362
  step 850/1999 best 13.424
  step 900/1999 best 13.163
  step 950/1999 best 13.299
  step 1000/1999 best 13.237
  step 1050/1999 best 13.287
  step 1100/1999 best 13.466
  step 1150/1999 best 13.011
  step 1200/1999 best 13.472
  step 1250/1999 best 13.222
  step 1300/1999 best 13.373
  step 1350/1999 best 13.489
  step 1400/1999 best 13.197
  step 1450/1999 best 13.466
  step 1500/1999 best 13.275
  step 1550/1999 best 13.343
  step 1600/1999 best 13.224
  step 1650/1999 best 13.431
  step 1700/1999 best 13.250
  step 1750/1999 best 13.436
  step 1800/1999 best 13.448
  step 1850/1999 best 13.307
  step 1900/1999 best 13.442
  step 1950/1999 best 13.349
saved SBC_CHAINS_cnn_vmim__n1_jitter_seed_s3_sim921_row870549_noise7545_7724_7903 (240000, 4) acc=0.137
  step 0/1999 best -25.524
  step 50/1999 best -1.587
  step 100/1999 best -1.587
  step 150/1999 best -0.187
  step 200/1999 best 1.623
  step 250/1999 best 13.411
  step 300/1999 best 11.797
  step 350/1999 best 14.104
  step 400/1999 best 14.027
  step 450/1999 best 15.270
  step 500/1999 best 15.682
  step 550/1999 best 16.033
  step 600/1999 best 16.093
  step 650/1999 best 16.068
  step 700/1999 best 15.939
  step 750/1999 best 15.890
  step 800/1999 best 15.887
  step 850/1999 best 16.049
  step 900/1999 best 16.046
  step 950/1999 best 16.002
  step 1000/1999 best 15.956
  step 1050/1999 best 16.123
  step 1100/1999 best 15.972
  step 1150/1999 best 15.923
  step 1200/1999 best 16.138
  step 1250/1999 best 15.960
  step 1300/1999 best 16.123
  step 1350/1999 best 16.053
  step 1400/1999 best 16.020
  step 1450/1999 best 15.820
  step 1500/1999 best 15.876
  step 1550/1999 best 16.072
  step 1600/1999 best 16.100
  step 1650/1999 best 16.056
  step 1700/1999 best 15.941
  step 1750/1999 best 16.050
  step 1800/1999 best 16.032
  step 1850/1999 best 16.117
  step 1900/1999 best 16.045
  step 1950/1999 best 15.879
saved SBC_CHAINS_cnn_vmim__n1_jitter_seed_s3_sim178_row169670_noise1766_1945_2124 (240000, 4) acc=0.150
  step 0/1999 best -23.745
  step 50/1999 best -1.563
  step 100/1999 best -0.144
  step 150/1999 best 12.217
  step 200/1999 best 14.346
  step 250/1999 best 15.329
  step 300/1999 best 15.423
  step 350/1999 best 15.504
  step 400/1999 best 15.524
  step 450/1999 best 15.702
  step 500/1999 best 15.496
  step 550/1999 best 15.631
  step 600/1999 best 15.631
  step 650/1999 best 15.764
  step 700/1999 best 15.703
  step 750/1999 best 15.573
  step 800/1999 best 15.712
  step 850/1999 best 15.684
  step 900/1999 best 15.719
  step 950/1999 best 15.707
  step 1000/1999 best 15.693
  step 1050/1999 best 15.514
  step 1100/1999 best 15.492
  step 1150/1999 best 15.712
  step 1200/1999 best 15.729
  step 1250/1999 best 15.520
  step 1300/1999 best 15.653
  step 1350/1999 best 15.593
  step 1400/1999 best 15.746
  step 1450/1999 best 15.534
  step 1500/1999 best 15.628
  step 1550/1999 best 15.622
  step 1600/1999 best 15.637
  step 1650/1999 best 15.694
  step 1700/1999 best 15.650
  step 1750/1999 best 15.619
  step 1800/1999 best 15.613
  step 1850/1999 best 15.686
  step 1900/1999 best 15.749
  step 1950/1999 best 15.640
saved SBC_CHAINS_cnn_vmim__n1_jitter_seed_s3_sim962_row911270_noise8954_9133_9312 (240000, 4) acc=0.296
  step 0/1999 best -24.903
  step 50/1999 best 0.386
  step 100/1999 best 1.599
  step 150/1999 best 1.599
  step 200/1999 best 1.599
  step 250/1999 best 3.714
  step 300/1999 best 8.833
  step 350/1999 best 8.769
  step 400/1999 best 10.531
  step 450/1999 best 11.192
  step 500/1999 best 10.515
  step 550/1999 best 11.047
  step 600/1999 best 11.396
  step 650/1999 best 11.231
  step 700/1999 best 11.746
  step 750/1999 best 11.457
  step 800/1999 best 11.616
  step 850/1999 best 11.591
  step 900/1999 best 11.278
  step 950/1999 best 11.688
  step 1000/1999 best 11.733
  step 1050/1999 best 11.665
  step 1100/1999 best 11.227
  step 1150/1999 best 11.434
  step 1200/1999 best 11.794
  step 1250/1999 best 11.633
  step 1300/1999 best 11.665
  step 1350/1999 best 11.754
  step 1400/1999 best 11.741
  step 1450/1999 best 11.566
  step 1500/1999 best 11.720
  step 1550/1999 best 11.538
  step 1600/1999 best 11.614
  step 1650/1999 best 11.761
  step 1700/1999 best 11.664
  step 1750/1999 best 11.301
  step 1800/1999 best 11.321
  step 1850/1999 best 11.723
  step 1900/1999 best 11.710
  step 1950/1999 best 11.423
saved SBC_CHAINS_cnn_vmim__n1_jitter_seed_s3_sim673_row624627_noise5323_5502_5681 (240000, 4) acc=0.103
  step 0/1999 best -16.509
  step 50/1999 best 5.051
  step 100/1999 best 9.827
  step 150/1999 best 13.152
  step 200/1999 best 14.799
  step 250/1999 best 13.933
  step 300/1999 best 14.629
  step 350/1999 best 14.860
  step 400/1999 best 14.956
  step 450/1999 best 14.763
  step 500/1999 best 14.831
  step 550/1999 best 14.808
  step 600/1999 best 14.857
  step 650/1999 best 14.911
  step 700/1999 best 14.739
  step 750/1999 best 14.838
  step 800/1999 best 14.637
  step 850/1999 best 14.832
  step 900/1999 best 14.926
  step 950/1999 best 14.903
  step 1000/1999 best 14.719
  step 1050/1999 best 14.776
  step 1100/1999 best 14.784
  step 1150/1999 best 14.921
  step 1200/1999 best 14.842
  step 1250/1999 best 14.850
  step 1300/1999 best 14.913
  step 1350/1999 best 14.929
  step 1400/1999 best 14.886
  step 1450/1999 best 14.902
  step 1500/1999 best 14.777
  step 1550/1999 best 14.805
  step 1600/1999 best 14.786
  step 1650/1999 best 14.814
  step 1700/1999 best 14.856
  step 1750/1999 best 14.882
  step 1800/1999 best 14.842
  step 1850/1999 best 14.934
  step 1900/1999 best 14.717
  step 1950/1999 best 14.796
saved SBC_CHAINS_cnn_vmim__n1_jitter_seed_s3_sim2528_row2127459_noise2663_2842_3021 (240000, 4) acc=0.295
  step 0/1999 best -17.263
  step 50/1999 best 10.241
  step 100/1999 best 9.489
  step 150/1999 best 10.745
  step 200/1999 best 12.730
  step 250/1999 best 13.699
  step 300/1999 best 13.556
  step 350/1999 best 13.740
  step 400/1999 best 13.734
  step 450/1999 best 13.730
  step 500/1999 best 13.822
  step 550/1999 best 13.700
  step 600/1999 best 13.713
  step 650/1999 best 13.860
  step 700/1999 best 13.818
  step 750/1999 best 13.942
  step 800/1999 best 13.809
  step 850/1999 best 13.784
  step 900/1999 best 13.926
  step 950/1999 best 13.649
  step 1000/1999 best 13.823
  step 1050/1999 best 13.902
  step 1100/1999 best 13.833
  step 1150/1999 best 13.816
  step 1200/1999 best 13.914
  step 1250/1999 best 13.884
  step 1300/1999 best 13.782
  step 1350/1999 best 13.708
  step 1400/1999 best 13.817
  step 1450/1999 best 13.953
  step 1500/1999 best 13.793
  step 1550/1999 best 13.890
  step 1600/1999 best 13.850
  step 1650/1999 best 13.884
  step 1700/1999 best 13.935
  step 1750/1999 best 13.811
  step 1800/1999 best 13.767
  step 1850/1999 best 13.947
  step 1900/1999 best 13.879
  step 1950/1999 best 13.890
saved SBC_CHAINS_cnn_vmim__n1_jitter_seed_s3_sim2365_row1964408_noise6688_6867_7046 (240000, 4) acc=0.209
  step 0/1999 best -20.861
  step 50/1999 best 2.328
  step 100/1999 best 10.007
  step 150/1999 best 10.007
  step 200/1999 best 14.046
  step 250/1999 best 15.923
  step 300/1999 best 15.674
  step 350/1999 best 15.858
  step 400/1999 best 16.091
  step 450/1999 best 15.875
  step 500/1999 best 15.964
  step 550/1999 best 16.175
  step 600/1999 best 16.060
  step 650/1999 best 16.054
  step 700/1999 best 15.995
  step 750/1999 best 16.091
  step 800/1999 best 16.129
  step 850/1999 best 16.108
  step 900/1999 best 16.147
  step 950/1999 best 16.110
  step 1000/1999 best 16.173
  step 1050/1999 best 16.139
  step 1100/1999 best 16.150
  step 1150/1999 best 16.108
  step 1200/1999 best 15.871
  step 1250/1999 best 16.116
  step 1300/1999 best 15.995
  step 1350/1999 best 16.134
  step 1400/1999 best 16.120
  step 1450/1999 best 16.074
  step 1500/1999 best 16.055
  step 1550/1999 best 16.131
  step 1600/1999 best 15.910
  step 1650/1999 best 15.813
  step 1700/1999 best 16.177
  step 1750/1999 best 16.124
  step 1800/1999 best 16.169
  step 1850/1999 best 16.056
  step 1900/1999 best 16.069
  step 1950/1999 best 16.161
saved SBC_CHAINS_cnn_vmim__n1_jitter_seed_s3_sim910_row859642_noise6466_6645_6824 (240000, 4) acc=0.155
  step 0/1999 best -10.686
  step 50/1999 best -3.135
  step 100/1999 best 3.798
  step 150/1999 best 10.987
  step 200/1999 best 15.804
  step 250/1999 best 15.804
  step 300/1999 best 15.687
  step 350/1999 best 15.432
  step 400/1999 best 15.563
  step 450/1999 best 16.022
  step 500/1999 best 16.291
  step 550/1999 best 16.322
  step 600/1999 best 16.347
  step 650/1999 best 16.173
  step 700/1999 best 16.490
  step 750/1999 best 16.268
  step 800/1999 best 16.145
  step 850/1999 best 16.235
  step 900/1999 best 16.319
  step 950/1999 best 16.386
  step 1000/1999 best 16.429
  step 1050/1999 best 16.472
  step 1100/1999 best 16.239
  step 1150/1999 best 16.440
  step 1200/1999 best 16.316
  step 1250/1999 best 16.327
  step 1300/1999 best 16.477
  step 1350/1999 best 16.341
  step 1400/1999 best 16.325
  step 1450/1999 best 16.211
  step 1500/1999 best 16.384
  step 1550/1999 best 16.222
  step 1600/1999 best 16.310
  step 1650/1999 best 16.407
  step 1700/1999 best 16.380
  step 1750/1999 best 16.253
  step 1800/1999 best 16.252
  step 1850/1999 best 16.323
  step 1900/1999 best 16.440
  step 1950/1999 best 16.368
saved SBC_CHAINS_cnn_vmim__n1_jitter_seed_s3_sim428_row406915_noise6311_6490_6669 (240000, 4) acc=0.152
  step 0/1999 best -17.048
  step 50/1999 best 1.549
  step 100/1999 best 12.189
  step 150/1999 best 12.080
  step 200/1999 best 13.451
  step 250/1999 best 13.318
  step 300/1999 best 13.934
  step 350/1999 best 14.663
  step 400/1999 best 15.905
  step 450/1999 best 15.739
  step 500/1999 best 16.023
  step 550/1999 best 16.449
  step 600/1999 best 16.289
  step 650/1999 best 16.476
  step 700/1999 best 16.321
  step 750/1999 best 16.454
  step 800/1999 best 16.530
  step 850/1999 best 16.372
  step 900/1999 best 15.921
  step 950/1999 best 16.300
  step 1000/1999 best 16.399
  step 1050/1999 best 16.218
  step 1100/1999 best 16.267
  step 1150/1999 best 16.261
  step 1200/1999 best 16.472
  step 1250/1999 best 16.467
  step 1300/1999 best 16.403
  step 1350/1999 best 16.303
  step 1400/1999 best 16.401
  step 1450/1999 best 16.419
  step 1500/1999 best 16.410
  step 1550/1999 best 16.110
  step 1600/1999 best 16.349
  step 1650/1999 best 16.435
  step 1700/1999 best 16.437
  step 1750/1999 best 16.539
  step 1800/1999 best 16.439
  step 1850/1999 best 16.446
  step 1900/1999 best 16.406
  step 1950/1999 best 16.482
saved SBC_CHAINS_cnn_vmim__n1_jitter_seed_s3_sim1216_row1034406_noise7562_7741_7920 (240000, 4) acc=0.216
  step 0/1999 best -24.867
  step 50/1999 best 1.696
  step 100/1999 best 2.398
  step 150/1999 best 6.892
  step 200/1999 best 8.795
  step 250/1999 best 12.609
  step 300/1999 best 13.655
  step 350/1999 best 13.525
  step 400/1999 best 13.931
  step 450/1999 best 13.930
  step 500/1999 best 13.906
  step 550/1999 best 14.140
  step 600/1999 best 14.283
  step 650/1999 best 14.129
  step 700/1999 best 14.217
  step 750/1999 best 14.013
  step 800/1999 best 13.860
  step 850/1999 best 14.064
  step 900/1999 best 14.152
  step 950/1999 best 14.116
  step 1000/1999 best 14.196
  step 1050/1999 best 13.943
  step 1100/1999 best 13.931
  step 1150/1999 best 14.131
  step 1200/1999 best 14.149
  step 1250/1999 best 14.062
  step 1300/1999 best 14.171
  step 1350/1999 best 14.229
  step 1400/1999 best 14.172
  step 1450/1999 best 14.206
  step 1500/1999 best 14.219
  step 1550/1999 best 14.164
  step 1600/1999 best 13.979
  step 1650/1999 best 14.262
  step 1700/1999 best 14.036
  step 1750/1999 best 14.150
  step 1800/1999 best 14.172
  step 1850/1999 best 14.217
  step 1900/1999 best 13.957
  step 1950/1999 best 14.076
saved SBC_CHAINS_cnn_vmim__n1_jitter_seed_s3_sim289_row275122_noise4110_4289_4468 (240000, 4) acc=0.161
  step 0/1999 best -8.097
  step 50/1999 best -4.463
  step 100/1999 best 8.636
  step 150/1999 best 9.334
  step 200/1999 best 9.479
  step 250/1999 best 9.638
  step 300/1999 best 9.727
  step 350/1999 best 9.724
  step 400/1999 best 9.774
  step 450/1999 best 9.710
  step 500/1999 best 9.696
  step 550/1999 best 9.503
  step 600/1999 best 9.570
  step 650/1999 best 9.797
  step 700/1999 best 9.743
  step 750/1999 best 9.833
  step 800/1999 best 9.696
  step 850/1999 best 9.620
  step 900/1999 best 9.814
  step 950/1999 best 9.855
  step 1000/1999 best 9.740
  step 1050/1999 best 9.749
  step 1100/1999 best 9.517
  step 1150/1999 best 9.790
  step 1200/1999 best 9.841
  step 1250/1999 best 9.892
  step 1300/1999 best 9.663
  step 1350/1999 best 9.698
  step 1400/1999 best 9.633
  step 1450/1999 best 9.845
  step 1500/1999 best 9.700
  step 1550/1999 best 9.642
  step 1600/1999 best 9.833
  step 1650/1999 best 9.777
  step 1700/1999 best 9.762
  step 1750/1999 best 9.817
  step 1800/1999 best 9.650
  step 1850/1999 best 9.767
  step 1900/1999 best 9.732
  step 1950/1999 best 9.632
saved SBC_CHAINS_cnn_vmim__n1_jitter_seed_s3_sim2839_row2434295_noise8831_9010_9189 (240000, 4) acc=0.227
  step 0/1999 best -18.348
  step 50/1999 best 3.114
  step 100/1999 best 9.653
  step 150/1999 best 11.055
  step 200/1999 best 12.809
  step 250/1999 best 12.730
  step 300/1999 best 12.676
  step 350/1999 best 12.864
  step 400/1999 best 12.830
  step 450/1999 best 12.979
  step 500/1999 best 12.881
  step 550/1999 best 12.896
  step 600/1999 best 12.769
  step 650/1999 best 12.840
  step 700/1999 best 12.925
  step 750/1999 best 12.770
  step 800/1999 best 12.958
  step 850/1999 best 12.894
  step 900/1999 best 12.844
  step 950/1999 best 12.865
  step 1000/1999 best 12.915
  step 1050/1999 best 12.804
  step 1100/1999 best 12.843
  step 1150/1999 best 12.883
  step 1200/1999 best 12.986
  step 1250/1999 best 12.874
  step 1300/1999 best 12.895
  step 1350/1999 best 12.948
  step 1400/1999 best 12.934
  step 1450/1999 best 12.906
  step 1500/1999 best 12.878
  step 1550/1999 best 12.719
  step 1600/1999 best 12.977
  step 1650/1999 best 12.871
  step 1700/1999 best 12.809
  step 1750/1999 best 12.996
  step 1800/1999 best 12.976
  step 1850/1999 best 12.880
  step 1900/1999 best 12.793
  step 1950/1999 best 12.850
saved SBC_CHAINS_cnn_vmim__n1_jitter_seed_s3_sim3074_row2669123_noise7787_7966_8145 (240000, 4) acc=0.307
  step 0/1999 best -14.236
  step 50/1999 best 2.490
  step 100/1999 best 4.288
  step 150/1999 best 9.104
  step 200/1999 best 13.474
  step 250/1999 best 15.463
  step 300/1999 best 15.397
  step 350/1999 best 15.865
  step 400/1999 best 16.086
  step 450/1999 best 16.096
  step 500/1999 best 16.267
  step 550/1999 best 16.152
  step 600/1999 best 16.118
  step 650/1999 best 16.089
  step 700/1999 best 16.292
  step 750/1999 best 15.963
  step 800/1999 best 16.188
  step 850/1999 best 15.961
  step 900/1999 best 16.089
  step 950/1999 best 16.301
  step 1000/1999 best 16.137
  step 1050/1999 best 16.262
  step 1100/1999 best 16.256
  step 1150/1999 best 16.295
  step 1200/1999 best 16.231
  step 1250/1999 best 16.362
  step 1300/1999 best 16.006
  step 1350/1999 best 16.156
  step 1400/1999 best 16.100
  step 1450/1999 best 16.176
  step 1500/1999 best 16.125
  step 1550/1999 best 16.112
  step 1600/1999 best 16.285
  step 1650/1999 best 16.329
  step 1700/1999 best 16.295
  step 1750/1999 best 16.056
  step 1800/1999 best 16.332
  step 1850/1999 best 16.197
  step 1900/1999 best 16.275
  step 1950/1999 best 16.333
saved SBC_CHAINS_cnn_vmim__n1_jitter_seed_s3_sim826_row775349_noise797_976_1155 (240000, 4) acc=0.153
  step 0/1999 best -16.900
  step 50/1999 best 3.055
  step 100/1999 best 1.921
  step 150/1999 best 3.747
  step 200/1999 best 7.040
  step 250/1999 best 13.455
  step 300/1999 best 14.550
  step 350/1999 best 15.473
  step 400/1999 best 15.866
  step 450/1999 best 15.708
  step 500/1999 best 15.942
  step 550/1999 best 15.716
  step 600/1999 best 15.894
  step 650/1999 best 15.863
  step 700/1999 best 15.882
  step 750/1999 best 15.953
  step 800/1999 best 15.916
  step 850/1999 best 15.741
  step 900/1999 best 15.666
  step 950/1999 best 15.879
  step 1000/1999 best 15.852
  step 1050/1999 best 15.859
  step 1100/1999 best 15.944
  step 1150/1999 best 15.884
  step 1200/1999 best 15.723
  step 1250/1999 best 15.763
  step 1300/1999 best 15.808
  step 1350/1999 best 15.659
  step 1400/1999 best 15.962
  step 1450/1999 best 15.841
  step 1500/1999 best 15.951
  step 1550/1999 best 15.937
  step 1600/1999 best 15.948
  step 1650/1999 best 15.891
  step 1700/1999 best 15.904
  step 1750/1999 best 15.915
  step 1800/1999 best 15.934
  step 1850/1999 best 15.955
  step 1900/1999 best 15.798
  step 1950/1999 best 15.895
saved SBC_CHAINS_cnn_vmim__n1_jitter_seed_s3_sim886_row835795_noise2275_2454_2633 (240000, 4) acc=0.219
  step 0/1999 best -23.331
  step 50/1999 best -3.860
  step 100/1999 best 1.627
  step 150/1999 best 3.353
  step 200/1999 best 2.511
  step 250/1999 best 8.940
  step 300/1999 best 9.384
  step 350/1999 best 9.012
  step 400/1999 best 11.217
  step 450/1999 best 9.647
  step 500/1999 best 11.254
  step 550/1999 best 10.682
  step 600/1999 best 11.221
  step 650/1999 best 11.330
  step 700/1999 best 11.250
  step 750/1999 best 10.909
  step 800/1999 best 11.512
  step 850/1999 best 11.604
  step 900/1999 best 11.682
  step 950/1999 best 11.588
  step 1000/1999 best 11.699
  step 1050/1999 best 11.686
  step 1100/1999 best 11.598
  step 1150/1999 best 11.619
  step 1200/1999 best 11.584
  step 1250/1999 best 11.611
  step 1300/1999 best 11.117
  step 1350/1999 best 11.708
  step 1400/1999 best 11.495
  step 1450/1999 best 11.351
  step 1500/1999 best 11.713
  step 1550/1999 best 11.471
  step 1600/1999 best 11.320
  step 1650/1999 best 11.540
  step 1700/1999 best 11.383
  step 1750/1999 best 11.694
  step 1800/1999 best 11.544
  step 1850/1999 best 11.436
  step 1900/1999 best 11.722
  step 1950/1999 best 11.505
saved SBC_CHAINS_cnn_vmim__n1_jitter_seed_s3_sim3022_row2617953_noise5757_5936_6115 (240000, 4) acc=0.301
  step 0/1999 best -16.356
  step 50/1999 best -6.825
  step 100/1999 best 11.549
  step 150/1999 best 13.128
  step 200/1999 best 13.186
  step 250/1999 best 13.080
  step 300/1999 best 13.148
  step 350/1999 best 13.266
  step 400/1999 best 13.482
  step 450/1999 best 13.418
  step 500/1999 best 13.105
  step 550/1999 best 13.264
  step 600/1999 best 13.273
  step 650/1999 best 13.294
  step 700/1999 best 13.322
  step 750/1999 best 13.318
  step 800/1999 best 13.295
  step 850/1999 best 13.316
  step 900/1999 best 13.553
  step 950/1999 best 13.425
  step 1000/1999 best 13.219
  step 1050/1999 best 13.387
  step 1100/1999 best 13.444
  step 1150/1999 best 13.507
  step 1200/1999 best 13.352
  step 1250/1999 best 13.405
  step 1300/1999 best 13.561
  step 1350/1999 best 13.466
  step 1400/1999 best 13.377
  step 1450/1999 best 13.453
  step 1500/1999 best 13.214
  step 1550/1999 best 13.422
  step 1600/1999 best 13.418
  step 1650/1999 best 13.503
  step 1700/1999 best 13.493
  step 1750/1999 best 13.400
  step 1800/1999 best 13.255
  step 1850/1999 best 13.473
  step 1900/1999 best 13.208
  step 1950/1999 best 13.440
saved SBC_CHAINS_cnn_vmim__n1_jitter_seed_s3_sim2474_row2073468_noise7640_7819_7998 (240000, 4) acc=0.161
  step 0/1999 best -23.383
  step 50/1999 best -7.951
  step 100/1999 best 0.439
  step 150/1999 best 5.947
  step 200/1999 best 11.635
  step 250/1999 best 12.168
  step 300/1999 best 12.598
  step 350/1999 best 12.536
  step 400/1999 best 12.698
  step 450/1999 best 12.993
  step 500/1999 best 12.627
  step 550/1999 best 12.836
  step 600/1999 best 12.962
  step 650/1999 best 12.976
  step 700/1999 best 12.907
  step 750/1999 best 12.884
  step 800/1999 best 12.807
  step 850/1999 best 12.890
  step 900/1999 best 12.927
  step 950/1999 best 12.930
  step 1000/1999 best 12.924
  step 1050/1999 best 13.085
  step 1100/1999 best 13.043
  step 1150/1999 best 12.950
  step 1200/1999 best 13.036
  step 1250/1999 best 12.943
  step 1300/1999 best 13.049
  step 1350/1999 best 12.787
  step 1400/1999 best 13.015
  step 1450/1999 best 12.942
  step 1500/1999 best 12.844
  step 1550/1999 best 12.931
  step 1600/1999 best 12.908
  step 1650/1999 best 13.027
  step 1700/1999 best 12.750
  step 1750/1999 best 13.083
  step 1800/1999 best 13.054
  step 1850/1999 best 12.928
  step 1900/1999 best 13.048
  step 1950/1999 best 12.892
saved SBC_CHAINS_cnn_vmim__n1_jitter_seed_s3_sim2588_row2187658_noise3894_4073_4252 (240000, 4) acc=0.232
  step 0/1999 best -27.387
  step 50/1999 best -3.064
  step 100/1999 best 2.869
  step 150/1999 best 5.246
  step 200/1999 best 5.752
  step 250/1999 best 7.282
  step 300/1999 best 7.591
  step 350/1999 best 7.771
  step 400/1999 best 7.703
  step 450/1999 best 7.664
  step 500/1999 best 7.877
  step 550/1999 best 7.222
  step 600/1999 best 7.255
  step 650/1999 best 7.887
  step 700/1999 best 7.657
  step 750/1999 best 7.556
  step 800/1999 best 7.759
  step 850/1999 best 7.890
  step 900/1999 best 7.830
  step 950/1999 best 7.816
  step 1000/1999 best 7.783
  step 1050/1999 best 7.751
  step 1100/1999 best 7.193
  step 1150/1999 best 7.903
  step 1200/1999 best 7.658
  step 1250/1999 best 7.755
  step 1300/1999 best 7.564
  step 1350/1999 best 7.773
  step 1400/1999 best 7.442
  step 1450/1999 best 7.834
  step 1500/1999 best 7.706
  step 1550/1999 best 7.323
  step 1600/1999 best 7.594
  step 1650/1999 best 7.749
  step 1700/1999 best 7.631
  step 1750/1999 best 7.471
  step 1800/1999 best 7.667
  step 1850/1999 best 7.625
  step 1900/1999 best 7.641
  step 1950/1999 best 7.773
saved SBC_CHAINS_cnn_vmim__n1_jitter_seed_s3_sim685_row636543_noise7411_7590_7769 (240000, 4) acc=0.197
  step 0/1999 best -12.664
  step 50/1999 best 7.809
  step 100/1999 best 8.606
  step 150/1999 best 10.245
  step 200/1999 best 10.847
  step 250/1999 best 11.651
  step 300/1999 best 11.667
  step 350/1999 best 11.594
  step 400/1999 best 11.638
  step 450/1999 best 11.672
  step 500/1999 best 11.540
  step 550/1999 best 11.545
  step 600/1999 best 11.733
  step 650/1999 best 11.577
  step 700/1999 best 11.378
  step 750/1999 best 11.446
  step 800/1999 best 11.464
  step 850/1999 best 11.567
  step 900/1999 best 11.755
  step 950/1999 best 11.763
  step 1000/1999 best 11.518
  step 1050/1999 best 11.640
  step 1100/1999 best 11.642
  step 1150/1999 best 11.683
  step 1200/1999 best 11.671
  step 1250/1999 best 11.647
  step 1300/1999 best 11.624
  step 1350/1999 best 11.786
  step 1400/1999 best 11.473
  step 1450/1999 best 11.551
  step 1500/1999 best 11.624
  step 1550/1999 best 11.561
  step 1600/1999 best 11.601
  step 1650/1999 best 11.592
  step 1700/1999 best 11.577
  step 1750/1999 best 11.618
  step 1800/1999 best 11.682
  step 1850/1999 best 11.614
  step 1900/1999 best 11.745
  step 1950/1999 best 11.766
saved SBC_CHAINS_cnn_vmim__n1_jitter_seed_s3_sim3085_row2680362_noise9198_9377_9556 (240000, 4) acc=0.201
  step 0/1999 best -20.871
  step 50/1999 best 3.123
  step 100/1999 best 11.457
  step 150/1999 best 10.792
  step 200/1999 best 14.696
  step 250/1999 best 14.696
  step 300/1999 best 14.658
  step 350/1999 best 14.545
  step 400/1999 best 14.625
  step 450/1999 best 14.635
  step 500/1999 best 14.510
  step 550/1999 best 14.385
  step 600/1999 best 14.532
  step 650/1999 best 14.368
  step 700/1999 best 14.587
  step 750/1999 best 14.578
  step 800/1999 best 14.697
  step 850/1999 best 14.607
  step 900/1999 best 14.545
  step 950/1999 best 14.570
  step 1000/1999 best 14.498
  step 1050/1999 best 14.604
  step 1100/1999 best 14.717
  step 1150/1999 best 14.686
  step 1200/1999 best 14.609
  step 1250/1999 best 14.625
  step 1300/1999 best 14.430
  step 1350/1999 best 14.625
  step 1400/1999 best 14.644
  step 1450/1999 best 14.664
  step 1500/1999 best 14.674
  step 1550/1999 best 14.600
  step 1600/1999 best 14.566
  step 1650/1999 best 14.660
  step 1700/1999 best 14.490
  step 1750/1999 best 14.620
  step 1800/1999 best 14.604
  step 1850/1999 best 14.642
  step 1900/1999 best 14.608
  step 1950/1999 best 14.596
saved SBC_CHAINS_cnn_vmim__n1_jitter_seed_s3_sim2542_row2141145_noise6521_6700_6879 (240000, 4) acc=0.237
  step 0/1999 best -20.180
  step 50/1999 best 0.798
  step 100/1999 best 0.283
  step 150/1999 best 6.649
  step 200/1999 best 12.303
  step 250/1999 best 14.327
  step 300/1999 best 13.478
  step 350/1999 best 13.932
  step 400/1999 best 14.512
  step 450/1999 best 14.461
  step 500/1999 best 14.633
  step 550/1999 best 14.728
  step 600/1999 best 14.648
  step 650/1999 best 14.747
  step 700/1999 best 14.697
  step 750/1999 best 14.635
  step 800/1999 best 14.698
  step 850/1999 best 14.614
  step 900/1999 best 14.569
  step 950/1999 best 14.678
  step 1000/1999 best 14.617
  step 1050/1999 best 14.745
  step 1100/1999 best 14.744
  step 1150/1999 best 14.686
  step 1200/1999 best 14.727
  step 1250/1999 best 14.732
  step 1300/1999 best 14.674
  step 1350/1999 best 14.703
  step 1400/1999 best 14.596
  step 1450/1999 best 14.752
  step 1500/1999 best 14.685
  step 1550/1999 best 14.781
  step 1600/1999 best 14.716
  step 1650/1999 best 14.656
  step 1700/1999 best 14.666
  step 1750/1999 best 14.690
  step 1800/1999 best 14.759
  step 1850/1999 best 14.696
  step 1900/1999 best 14.558
  step 1950/1999 best 14.728
saved SBC_CHAINS_cnn_vmim__n1_jitter_seed_s3_sim640_row593102_noise1282_1461_1640 (240000, 4) acc=0.245
  step 0/1999 best -1.518
  step 50/1999 best 3.029
  step 100/1999 best 8.819
  step 150/1999 best 12.170
  step 200/1999 best 12.091
  step 250/1999 best 13.010
  step 300/1999 best 13.064
  step 350/1999 best 12.946
  step 400/1999 best 12.697
  step 450/1999 best 13.113
  step 500/1999 best 13.153
  step 550/1999 best 13.262
  step 600/1999 best 13.297
  step 650/1999 best 13.111
  step 700/1999 best 13.276
  step 750/1999 best 13.308
  step 800/1999 best 13.234
  step 850/1999 best 13.113
  step 900/1999 best 13.065
  step 950/1999 best 13.318
  step 1000/1999 best 13.276
  step 1050/1999 best 12.912
  step 1100/1999 best 13.253
  step 1150/1999 best 13.265
  step 1200/1999 best 13.119
  step 1250/1999 best 13.196
  step 1300/1999 best 13.128
  step 1350/1999 best 13.281
  step 1400/1999 best 13.273
  step 1450/1999 best 13.213
  step 1500/1999 best 13.206
  step 1550/1999 best 13.249
  step 1600/1999 best 13.156
  step 1650/1999 best 13.275
  step 1700/1999 best 13.288
  step 1750/1999 best 13.247
  step 1800/1999 best 13.284
  step 1850/1999 best 13.223
  step 1900/1999 best 13.207
  step 1950/1999 best 13.158
saved SBC_CHAINS_cnn_vmim__n1_jitter_seed_s3_sim3082_row2677109_noise5945_6124_6303 (240000, 4) acc=0.244
  step 0/1999 best -22.192
  step 50/1999 best -8.302
  step 100/1999 best 4.877
  step 150/1999 best 5.365
  step 200/1999 best 5.253
  step 250/1999 best 6.111
  step 300/1999 best 7.382
  step 350/1999 best 7.448
  step 400/1999 best 7.448
  step 450/1999 best 7.386
  step 500/1999 best 6.808
  step 550/1999 best 7.513
  step 600/1999 best 7.566
  step 650/1999 best 7.574
  step 700/1999 best 7.353
  step 750/1999 best 7.497
  step 800/1999 best 7.515
  step 850/1999 best 7.515
  step 900/1999 best 7.584
  step 950/1999 best 7.407
  step 1000/1999 best 7.331
  step 1050/1999 best 7.353
  step 1100/1999 best 6.882
  step 1150/1999 best 7.484
  step 1200/1999 best 7.358
  step 1250/1999 best 7.359
  step 1300/1999 best 7.281
  step 1350/1999 best 7.324
  step 1400/1999 best 7.390
  step 1450/1999 best 7.332
  step 1500/1999 best 7.335
  step 1550/1999 best 7.395
  step 1600/1999 best 7.340
  step 1650/1999 best 7.216
  step 1700/1999 best 7.216
  step 1750/1999 best 7.295
  step 1800/1999 best 6.362
  step 1850/1999 best 7.554
  step 1900/1999 best 7.274
  step 1950/1999 best 7.006
saved SBC_CHAINS_cnn_vmim__n1_jitter_seed_s3_sim2871_row2466823_noise2047_2226_2405 (240000, 4) acc=0.401
  step 0/1999 best -12.863
  step 50/1999 best 7.769
  step 100/1999 best 12.334
  step 150/1999 best 12.327
  step 200/1999 best 12.664
  step 250/1999 best 12.679
  step 300/1999 best 12.782
  step 350/1999 best 12.735
  step 400/1999 best 12.648
  step 450/1999 best 12.778
  step 500/1999 best 12.683
  step 550/1999 best 12.797
  step 600/1999 best 12.752
  step 650/1999 best 12.721
  step 700/1999 best 12.791
  step 750/1999 best 12.745
  step 800/1999 best 12.699
  step 850/1999 best 12.761
  step 900/1999 best 12.786
  step 950/1999 best 12.613
  step 1000/1999 best 12.526
  step 1050/1999 best 12.763
  step 1100/1999 best 12.761
  step 1150/1999 best 12.674
  step 1200/1999 best 12.754
  step 1250/1999 best 12.761
  step 1300/1999 best 12.672
  step 1350/1999 best 12.775
  step 1400/1999 best 12.748
  step 1450/1999 best 12.599
  step 1500/1999 best 12.757
  step 1550/1999 best 12.684
  step 1600/1999 best 12.532
  step 1650/1999 best 12.677
  step 1700/1999 best 12.744
  step 1750/1999 best 12.759
  step 1800/1999 best 12.714
  step 1850/1999 best 12.724
  step 1900/1999 best 12.727
  step 1950/1999 best 12.683
saved SBC_CHAINS_cnn_vmim__n1_jitter_seed_s3_sim2990_row2585572_noise2860_3039_3218 (240000, 4) acc=0.288
  step 0/1999 best -31.629
  step 50/1999 best -10.913
  step 100/1999 best -1.522
  step 150/1999 best 8.116
  step 200/1999 best 8.909
  step 250/1999 best 9.228
  step 300/1999 best 10.644
  step 350/1999 best 10.845
  step 400/1999 best 11.209
  step 450/1999 best 11.131
  step 500/1999 best 11.369
  step 550/1999 best 11.046
  step 600/1999 best 11.328
  step 650/1999 best 11.216
  step 700/1999 best 11.346
  step 750/1999 best 11.288
  step 800/1999 best 11.173
  step 850/1999 best 11.385
  step 900/1999 best 11.286
  step 950/1999 best 11.319
  step 1000/1999 best 11.445
  step 1050/1999 best 11.463
  step 1100/1999 best 11.319
  step 1150/1999 best 11.433
  step 1200/1999 best 11.444
  step 1250/1999 best 11.233
  step 1300/1999 best 11.378
  step 1350/1999 best 11.439
  step 1400/1999 best 11.097
  step 1450/1999 best 11.411
  step 1500/1999 best 11.384
  step 1550/1999 best 11.479
  step 1600/1999 best 11.426
  step 1650/1999 best 11.263
  step 1700/1999 best 11.291
  step 1750/1999 best 11.331
  step 1800/1999 best 11.390
  step 1850/1999 best 11.386
  step 1900/1999 best 11.449
  step 1950/1999 best 11.309
saved SBC_CHAINS_cnn_vmim__n1_jitter_seed_s3_sim2823_row2418855_noise3219_3398_3577 (240000, 4) acc=0.195
  step 0/1999 best -21.660
  step 50/1999 best 4.092
  step 100/1999 best 3.857
  step 150/1999 best 13.833
  step 200/1999 best 14.773
  step 250/1999 best 14.904
  step 300/1999 best 14.678
  step 350/1999 best 14.380
  step 400/1999 best 15.080
  step 450/1999 best 14.862
  step 500/1999 best 14.955
  step 550/1999 best 15.106
  step 600/1999 best 15.248
  step 650/1999 best 14.908
  step 700/1999 best 15.222
  step 750/1999 best 15.055
  step 800/1999 best 14.602
  step 850/1999 best 15.114
  step 900/1999 best 15.188
  step 950/1999 best 15.232
  step 1000/1999 best 14.988
  step 1050/1999 best 14.966
  step 1100/1999 best 15.203
  step 1150/1999 best 14.912
  step 1200/1999 best 15.002
  step 1250/1999 best 15.033
  step 1300/1999 best 14.867
  step 1350/1999 best 15.172
  step 1400/1999 best 15.109
  step 1450/1999 best 15.173
  step 1500/1999 best 15.165
  step 1550/1999 best 15.229
  step 1600/1999 best 15.264
  step 1650/1999 best 14.883
  step 1700/1999 best 15.255
  step 1750/1999 best 15.213
  step 1800/1999 best 15.046
  step 1850/1999 best 15.010
  step 1900/1999 best 15.048
  step 1950/1999 best 15.298
saved SBC_CHAINS_cnn_vmim__n1_jitter_seed_s3_sim754_row703535_noise7607_7786_7965 (240000, 4) acc=0.173
  step 0/1999 best -19.856
  step 50/1999 best -0.067
  step 100/1999 best 13.581
  step 150/1999 best 15.748
  step 200/1999 best 15.806
  step 250/1999 best 16.535
  step 300/1999 best 16.561
  step 350/1999 best 16.603
  step 400/1999 best 16.434
  step 450/1999 best 16.828
  step 500/1999 best 17.022
  step 550/1999 best 16.934
  step 600/1999 best 17.098
  step 650/1999 best 16.957
  step 700/1999 best 17.020
  step 750/1999 best 16.957
  step 800/1999 best 16.921
  step 850/1999 best 17.027
  step 900/1999 best 16.834
  step 950/1999 best 17.013
  step 1000/1999 best 16.917
  step 1050/1999 best 16.866
  step 1100/1999 best 16.993
  step 1150/1999 best 16.996
  step 1200/1999 best 17.049
  step 1250/1999 best 16.978
  step 1300/1999 best 17.067
  step 1350/1999 best 16.942
  step 1400/1999 best 16.954
  step 1450/1999 best 16.863
  step 1500/1999 best 17.069
  step 1550/1999 best 16.895
  step 1600/1999 best 16.787
  step 1650/1999 best 17.115
  step 1700/1999 best 17.145
  step 1750/1999 best 17.040
  step 1800/1999 best 16.986
  step 1850/1999 best 17.138
  step 1900/1999 best 16.990
  step 1950/1999 best 17.058
saved SBC_CHAINS_cnn_vmim__n1_jitter_seed_s3_sim1288_row1105153_noise685_864_1043 (240000, 4) acc=0.207
  step 0/1999 best -24.345
  step 50/1999 best 6.760
  step 100/1999 best 12.953
  step 150/1999 best 15.536
  step 200/1999 best 15.996
  step 250/1999 best 16.348
  step 300/1999 best 16.079
  step 350/1999 best 16.497
  step 400/1999 best 16.592
  step 450/1999 best 16.528
  step 500/1999 best 16.706
  step 550/1999 best 16.425
  step 600/1999 best 16.470
  step 650/1999 best 16.743
  step 700/1999 best 16.556
  step 750/1999 best 16.546
  step 800/1999 best 16.528
  step 850/1999 best 16.686
  step 900/1999 best 16.712
  step 950/1999 best 16.613
  step 1000/1999 best 16.561
  step 1050/1999 best 16.734
  step 1100/1999 best 16.587
  step 1150/1999 best 16.618
  step 1200/1999 best 16.627
  step 1250/1999 best 16.562
  step 1300/1999 best 16.483
  step 1350/1999 best 16.654
  step 1400/1999 best 16.683
  step 1450/1999 best 16.766
  step 1500/1999 best 16.713
  step 1550/1999 best 16.622
  step 1600/1999 best 16.713
  step 1650/1999 best 16.636
  step 1700/1999 best 16.695
  step 1750/1999 best 16.622
  step 1800/1999 best 16.572
  step 1850/1999 best 16.734
  step 1900/1999 best 16.635
  step 1950/1999 best 16.555
saved SBC_CHAINS_cnn_vmim__n1_jitter_seed_s3_sim116_row115960_noise8852_9031_9210 (240000, 4) acc=0.205
  step 0/1999 best -13.905
  step 50/1999 best -1.695
  step 100/1999 best 0.032
  step 150/1999 best 12.734
  step 200/1999 best 15.197
  step 250/1999 best 16.266
  step 300/1999 best 16.387
  step 350/1999 best 16.228
  step 400/1999 best 16.171
  step 450/1999 best 16.283
  step 500/1999 best 16.224
  step 550/1999 best 16.491
  step 600/1999 best 16.199
  step 650/1999 best 16.496
  step 700/1999 best 16.383
  step 750/1999 best 16.553
  step 800/1999 best 16.420
  step 850/1999 best 16.570
  step 900/1999 best 16.374
  step 950/1999 best 16.414
  step 1000/1999 best 16.274
  step 1050/1999 best 16.162
  step 1100/1999 best 16.370
  step 1150/1999 best 16.429
  step 1200/1999 best 16.542
  step 1250/1999 best 16.477
  step 1300/1999 best 16.472
  step 1350/1999 best 16.518
  step 1400/1999 best 16.424
  step 1450/1999 best 16.466
  step 1500/1999 best 16.497
  step 1550/1999 best 16.547
  step 1600/1999 best 16.524
  step 1650/1999 best 16.480
  step 1700/1999 best 16.427
  step 1750/1999 best 16.437
  step 1800/1999 best 16.400
  step 1850/1999 best 16.472
  step 1900/1999 best 16.378
  step 1950/1999 best 16.538
saved SBC_CHAINS_cnn_vmim__n1_jitter_seed_s3_sim364_row350166_noise530_709_888 (240000, 4) acc=0.152
  step 0/1999 best -18.648
  step 50/1999 best 9.233
  step 100/1999 best 9.572
  step 150/1999 best 11.747
  step 200/1999 best 15.289
  step 250/1999 best 15.106
  step 300/1999 best 15.714
  step 350/1999 best 15.710
  step 400/1999 best 16.022
  step 450/1999 best 15.908
  step 500/1999 best 16.085
  step 550/1999 best 16.004
  step 600/1999 best 15.958
  step 650/1999 best 15.853
  step 700/1999 best 15.959
  step 750/1999 best 16.030
  step 800/1999 best 15.954
  step 850/1999 best 15.957
  step 900/1999 best 15.878
  step 950/1999 best 16.074
  step 1000/1999 best 15.972
  step 1050/1999 best 15.973
  step 1100/1999 best 15.828
  step 1150/1999 best 15.949
  step 1200/1999 best 15.918
  step 1250/1999 best 16.007
  step 1300/1999 best 15.968
  step 1350/1999 best 16.053
  step 1400/1999 best 15.832
  step 1450/1999 best 15.890
  step 1500/1999 best 15.937
  step 1550/1999 best 16.058
  step 1600/1999 best 16.065
  step 1650/1999 best 15.919
  step 1700/1999 best 15.945
  step 1750/1999 best 16.047
  step 1800/1999 best 16.006
  step 1850/1999 best 15.895
  step 1900/1999 best 15.879
  step 1950/1999 best 15.941
saved SBC_CHAINS_cnn_vmim__n1_jitter_seed_s3_sim1761_row1514685_noise2473_2652_2831 (240000, 4) acc=0.212
  step 0/1999 best -16.702
  step 50/1999 best 3.905
  step 100/1999 best 2.852
  step 150/1999 best 2.187
  step 200/1999 best 6.567
  step 250/1999 best 13.186
  step 300/1999 best 14.501
  step 350/1999 best 15.419
  step 400/1999 best 15.443
  step 450/1999 best 15.909
  step 500/1999 best 16.037
  step 550/1999 best 15.926
  step 600/1999 best 15.861
  step 650/1999 best 15.882
  step 700/1999 best 15.704
  step 750/1999 best 15.941
  step 800/1999 best 15.914
  step 850/1999 best 15.809
  step 900/1999 best 15.883
  step 950/1999 best 16.020
  step 1000/1999 best 15.933
  step 1050/1999 best 15.909
  step 1100/1999 best 15.975
  step 1150/1999 best 15.984
  step 1200/1999 best 15.878
  step 1250/1999 best 15.950
  step 1300/1999 best 15.840
  step 1350/1999 best 15.882
  step 1400/1999 best 15.989
  step 1450/1999 best 15.921
  step 1500/1999 best 16.061
  step 1550/1999 best 15.948
  step 1600/1999 best 16.020
  step 1650/1999 best 16.048
  step 1700/1999 best 15.927
  step 1750/1999 best 16.015
  step 1800/1999 best 16.020
  step 1850/1999 best 15.930
  step 1900/1999 best 16.016
  step 1950/1999 best 15.939
saved SBC_CHAINS_cnn_vmim__n1_jitter_seed_s3_sim1502_row1279399_noise8543_8722_8901 (240000, 4) acc=0.198
  step 0/1999 best -27.649
  step 50/1999 best -3.522
  step 100/1999 best 9.885
  step 150/1999 best 15.423
  step 200/1999 best 15.999
  step 250/1999 best 15.822
  step 300/1999 best 16.271
  step 350/1999 best 16.341
  step 400/1999 best 16.224
  step 450/1999 best 16.475
  step 500/1999 best 16.399
  step 550/1999 best 16.333
  step 600/1999 best 16.522
  step 650/1999 best 16.322
  step 700/1999 best 16.448
  step 750/1999 best 16.479
  step 800/1999 best 16.437
  step 850/1999 best 16.431
  step 900/1999 best 16.355
  step 950/1999 best 16.439
  step 1000/1999 best 16.573
  step 1050/1999 best 16.554
  step 1100/1999 best 16.391
  step 1150/1999 best 16.485
  step 1200/1999 best 16.487
  step 1250/1999 best 16.498
  step 1300/1999 best 16.352
  step 1350/1999 best 16.531
  step 1400/1999 best 16.415
  step 1450/1999 best 16.444
  step 1500/1999 best 16.556
  step 1550/1999 best 16.475
  step 1600/1999 best 16.471
  step 1650/1999 best 16.149
  step 1700/1999 best 16.514
  step 1750/1999 best 16.540
  step 1800/1999 best 16.539
  step 1850/1999 best 16.463
  step 1900/1999 best 16.554
  step 1950/1999 best 16.446
saved SBC_CHAINS_cnn_vmim__n1_jitter_seed_s3_sim339_row325834_noise5682_5861_6040 (240000, 4) acc=0.188
  step 0/1999 best -19.988
  step 50/1999 best 4.739
  step 100/1999 best 12.544
  step 150/1999 best 12.946
  step 200/1999 best 13.260
  step 250/1999 best 13.529
  step 300/1999 best 13.399
  step 350/1999 best 13.417
  step 400/1999 best 13.242
  step 450/1999 best 13.270
  step 500/1999 best 13.389
  step 550/1999 best 13.528
  step 600/1999 best 13.301
  step 650/1999 best 13.558
  step 700/1999 best 13.382
  step 750/1999 best 13.437
  step 800/1999 best 13.203
  step 850/1999 best 13.495
  step 900/1999 best 13.367
  step 950/1999 best 13.394
  step 1000/1999 best 13.506
  step 1050/1999 best 13.547
  step 1100/1999 best 13.371
  step 1150/1999 best 13.508
  step 1200/1999 best 13.495
  step 1250/1999 best 13.474
  step 1300/1999 best 13.479
  step 1350/1999 best 13.457
  step 1400/1999 best 13.521
  step 1450/1999 best 13.435
  step 1500/1999 best 13.539
  step 1550/1999 best 13.461
  step 1600/1999 best 13.560
  step 1650/1999 best 13.365
  step 1700/1999 best 13.469
  step 1750/1999 best 13.478
  step 1800/1999 best 13.443
  step 1850/1999 best 13.540
  step 1900/1999 best 13.466
  step 1950/1999 best 13.381
saved SBC_CHAINS_cnn_vmim__n1_jitter_seed_s3_sim2461_row2060014_noise4014_4193_4372 (240000, 4) acc=0.232
  step 0/1999 best -18.169
  step 50/1999 best 2.031
  step 100/1999 best 13.590
  step 150/1999 best 15.477
  step 200/1999 best 15.164
  step 250/1999 best 15.616
  step 300/1999 best 15.893
  step 350/1999 best 15.720
  step 400/1999 best 15.696
  step 450/1999 best 15.834
  step 500/1999 best 15.869
  step 550/1999 best 15.825
  step 600/1999 best 15.912
  step 650/1999 best 15.658
  step 700/1999 best 15.809
  step 750/1999 best 15.612
  step 800/1999 best 15.869
  step 850/1999 best 15.871
  step 900/1999 best 15.785
  step 950/1999 best 15.876
  step 1000/1999 best 15.885
  step 1050/1999 best 15.648
  step 1100/1999 best 15.768
  step 1150/1999 best 15.838
  step 1200/1999 best 15.768
  step 1250/1999 best 15.985
  step 1300/1999 best 15.934
  step 1350/1999 best 15.930
  step 1400/1999 best 15.920
  step 1450/1999 best 15.957
  step 1500/1999 best 15.883
  step 1550/1999 best 15.742
  step 1600/1999 best 15.916
  step 1650/1999 best 15.919
  step 1700/1999 best 15.967
  step 1750/1999 best 15.761
  step 1800/1999 best 15.698
  step 1850/1999 best 15.895
  step 1900/1999 best 15.911
  step 1950/1999 best 15.847
saved SBC_CHAINS_cnn_vmim__n1_jitter_seed_s3_sim259_row245178_noise3650_3829_4008 (240000, 4) acc=0.220
  step 0/1999 best -25.705
  step 50/1999 best 6.607
  step 100/1999 best 7.493
  step 150/1999 best 11.930
  step 200/1999 best 13.131
  step 250/1999 best 14.805
  step 300/1999 best 14.043
  step 350/1999 best 14.771
  step 400/1999 best 14.754
  step 450/1999 best 14.929
  step 500/1999 best 15.059
  step 550/1999 best 15.059
  step 600/1999 best 15.034
  step 650/1999 best 15.076
  step 700/1999 best 14.909
  step 750/1999 best 15.158
  step 800/1999 best 15.151
  step 850/1999 best 15.144
  step 900/1999 best 15.072
  step 950/1999 best 15.121
  step 1000/1999 best 15.162
  step 1050/1999 best 15.046
  step 1100/1999 best 15.026
  step 1150/1999 best 15.128
  step 1200/1999 best 15.110
  step 1250/1999 best 15.004
  step 1300/1999 best 15.171
  step 1350/1999 best 15.097
  step 1400/1999 best 15.124
  step 1450/1999 best 15.143
  step 1500/1999 best 15.180
  step 1550/1999 best 15.085
  step 1600/1999 best 15.076
  step 1650/1999 best 15.066
  step 1700/1999 best 14.964
  step 1750/1999 best 15.078
  step 1800/1999 best 15.075
  step 1850/1999 best 15.215
  step 1900/1999 best 15.017
  step 1950/1999 best 15.093
saved SBC_CHAINS_cnn_vmim__n1_jitter_seed_s3_sim1207_row1025711_noise8695_8874_9053 (240000, 4) acc=0.162
  step 0/1999 best -19.922
  step 50/1999 best 7.862
  step 100/1999 best 13.842
  step 150/1999 best 15.721
  step 200/1999 best 16.448
  step 250/1999 best 16.716
  step 300/1999 best 16.700
  step 350/1999 best 16.586
  step 400/1999 best 16.793
  step 450/1999 best 16.653
  step 500/1999 best 16.837
  step 550/1999 best 16.845
  step 600/1999 best 16.575
  step 650/1999 best 16.687
  step 700/1999 best 16.754
  step 750/1999 best 16.832
  step 800/1999 best 16.623
  step 850/1999 best 16.675
  step 900/1999 best 16.773
  step 950/1999 best 16.706
  step 1000/1999 best 16.679
  step 1050/1999 best 16.753
  step 1100/1999 best 16.309
  step 1150/1999 best 16.709
  step 1200/1999 best 16.716
  step 1250/1999 best 16.775
  step 1300/1999 best 16.636
  step 1350/1999 best 16.441
  step 1400/1999 best 16.738
  step 1450/1999 best 16.821
  step 1500/1999 best 16.735
  step 1550/1999 best 16.810
  step 1600/1999 best 16.812
  step 1650/1999 best 16.576
  step 1700/1999 best 16.665
  step 1750/1999 best 16.661
  step 1800/1999 best 16.763
  step 1850/1999 best 16.630
  step 1900/1999 best 16.568
  step 1950/1999 best 16.703
saved SBC_CHAINS_cnn_vmim__n1_jitter_seed_s3_sim285_row271384_noise372_551_730 (240000, 4) acc=0.182
  step 0/1999 best -13.545
  step 50/1999 best -3.905
  step 100/1999 best 0.519
  step 150/1999 best 3.786
  step 200/1999 best 10.693
  step 250/1999 best 8.932
  step 300/1999 best 13.360
  step 350/1999 best 14.977
  step 400/1999 best 15.190
  step 450/1999 best 14.902
  step 500/1999 best 15.321
  step 550/1999 best 15.982
  step 600/1999 best 15.887
  step 650/1999 best 15.615
  step 700/1999 best 15.999
  step 750/1999 best 15.946
  step 800/1999 best 15.970
  step 850/1999 best 16.051
  step 900/1999 best 16.071
  step 950/1999 best 15.747
  step 1000/1999 best 16.029
  step 1050/1999 best 16.006
  step 1100/1999 best 15.582
  step 1150/1999 best 16.071
  step 1200/1999 best 15.874
  step 1250/1999 best 16.060
  step 1300/1999 best 15.868
  step 1350/1999 best 16.041
  step 1400/1999 best 15.915
  step 1450/1999 best 16.031
  step 1500/1999 best 15.896
  step 1550/1999 best 16.110
  step 1600/1999 best 16.058
  step 1650/1999 best 16.140
  step 1700/1999 best 15.895
  step 1750/1999 best 16.045
  step 1800/1999 best 15.978
  step 1850/1999 best 15.907
  step 1900/1999 best 16.103
  step 1950/1999 best 15.974
saved SBC_CHAINS_cnn_vmim__n1_jitter_seed_s3_sim440_row418505_noise8073_8252_8431 (240000, 4) acc=0.139
  step 0/1999 best -30.030
  step 50/1999 best -5.034
  step 100/1999 best -0.801
  step 150/1999 best 8.886
  step 200/1999 best 9.695
  step 250/1999 best 10.070
  step 300/1999 best 10.553
  step 350/1999 best 11.292
  step 400/1999 best 11.170
  step 450/1999 best 11.024
  step 500/1999 best 11.281
  step 550/1999 best 11.177
  step 600/1999 best 11.336
  step 650/1999 best 11.119
  step 700/1999 best 11.342
  step 750/1999 best 10.966
  step 800/1999 best 11.369
  step 850/1999 best 11.161
  step 900/1999 best 11.401
  step 950/1999 best 11.230
  step 1000/1999 best 11.320
  step 1050/1999 best 11.384
  step 1100/1999 best 11.220
  step 1150/1999 best 11.204
  step 1200/1999 best 11.375
  step 1250/1999 best 11.273
  step 1300/1999 best 11.221
  step 1350/1999 best 11.439
  step 1400/1999 best 11.262
  step 1450/1999 best 11.360
  step 1500/1999 best 11.308
  step 1550/1999 best 11.274
  step 1600/1999 best 11.358
  step 1650/1999 best 11.335
  step 1700/1999 best 11.416
  step 1750/1999 best 11.099
  step 1800/1999 best 11.391
  step 1850/1999 best 11.226
  step 1900/1999 best 11.341
  step 1950/1999 best 11.178
saved SBC_CHAINS_cnn_vmim__n1_jitter_seed_s3_sim2836_row2431968_noise6504_6683_6862 (240000, 4) acc=0.211
  step 0/1999 best -25.239
  step 50/1999 best -7.332
  step 100/1999 best -1.622
  step 150/1999 best 1.705
  step 200/1999 best 11.279
  step 250/1999 best 12.446
  step 300/1999 best 13.596
  step 350/1999 best 13.339
  step 400/1999 best 13.605
  step 450/1999 best 13.611
  step 500/1999 best 13.597
  step 550/1999 best 13.628
  step 600/1999 best 13.506
  step 650/1999 best 13.575
  step 700/1999 best 13.647
  step 750/1999 best 13.640
  step 800/1999 best 13.665
  step 850/1999 best 13.742
  step 900/1999 best 13.690
  step 950/1999 best 13.571
  step 1000/1999 best 13.506
  step 1050/1999 best 13.733
  step 1100/1999 best 13.591
  step 1150/1999 best 13.710
  step 1200/1999 best 13.698
  step 1250/1999 best 13.638
  step 1300/1999 best 13.664
  step 1350/1999 best 13.500
  step 1400/1999 best 13.734
  step 1450/1999 best 13.505
  step 1500/1999 best 13.731
  step 1550/1999 best 13.485
  step 1600/1999 best 13.697
  step 1650/1999 best 13.581
  step 1700/1999 best 13.568
  step 1750/1999 best 13.696
  step 1800/1999 best 13.632
  step 1850/1999 best 13.686
  step 1900/1999 best 13.584
  step 1950/1999 best 13.637
saved SBC_CHAINS_cnn_vmim__n1_jitter_seed_s3_sim2515_row2114111_noise8971_9150_9329 (240000, 4) acc=0.251
  step 0/1999 best -21.761
  step 50/1999 best -7.345
  step 100/1999 best 3.053
  step 150/1999 best 8.973
  step 200/1999 best 11.774
  step 250/1999 best 12.800
  step 300/1999 best 13.014
  step 350/1999 best 12.846
  step 400/1999 best 13.512
  step 450/1999 best 13.452
  step 500/1999 best 13.596
  step 550/1999 best 13.593
  step 600/1999 best 13.520
  step 650/1999 best 13.623
  step 700/1999 best 13.564
  step 750/1999 best 13.503
  step 800/1999 best 13.602
  step 850/1999 best 13.460
  step 900/1999 best 13.382
  step 950/1999 best 13.531
  step 1000/1999 best 13.593
  step 1050/1999 best 13.529
  step 1100/1999 best 13.593
  step 1150/1999 best 13.560
  step 1200/1999 best 13.582
  step 1250/1999 best 13.522
  step 1300/1999 best 13.613
  step 1350/1999 best 13.616
  step 1400/1999 best 13.538
  step 1450/1999 best 13.440
  step 1500/1999 best 13.619
  step 1550/1999 best 13.533
  step 1600/1999 best 13.593
  step 1650/1999 best 13.603
  step 1700/1999 best 13.653
  step 1750/1999 best 13.639
  step 1800/1999 best 13.526
  step 1850/1999 best 13.605
  step 1900/1999 best 13.618
  step 1950/1999 best 13.553
saved SBC_CHAINS_cnn_vmim__n1_jitter_seed_s3_sim2602_row2201353_noise7761_7940_8119 (240000, 4) acc=0.289
  step 0/1999 best -14.137
  step 50/1999 best 8.257
  step 100/1999 best 11.462
  step 150/1999 best 14.793
  step 200/1999 best 14.585
  step 250/1999 best 14.685
  step 300/1999 best 14.748
  step 350/1999 best 14.796
  step 400/1999 best 14.893
  step 450/1999 best 14.718
  step 500/1999 best 14.889
  step 550/1999 best 14.760
  step 600/1999 best 14.745
  step 650/1999 best 14.770
  step 700/1999 best 14.646
  step 750/1999 best 14.910
  step 800/1999 best 14.739
  step 850/1999 best 14.768
  step 900/1999 best 14.736
  step 950/1999 best 14.696
  step 1000/1999 best 14.628
  step 1050/1999 best 14.671
  step 1100/1999 best 14.723
  step 1150/1999 best 14.768
  step 1200/1999 best 14.886
  step 1250/1999 best 14.662
  step 1300/1999 best 14.808
  step 1350/1999 best 14.859
  step 1400/1999 best 14.804
  step 1450/1999 best 14.803
  step 1500/1999 best 14.795
  step 1550/1999 best 14.693
  step 1600/1999 best 14.789
  step 1650/1999 best 14.831
  step 1700/1999 best 14.757
  step 1750/1999 best 14.752
  step 1800/1999 best 14.845
  step 1850/1999 best 14.873
  step 1900/1999 best 14.890
  step 1950/1999 best 14.848
saved SBC_CHAINS_cnn_vmim__n1_jitter_seed_s3_sim2535_row2134052_noise9256_9435_9614 (240000, 4) acc=0.290
  step 0/1999 best -12.996
  step 50/1999 best -0.729
  step 100/1999 best 11.721
  step 150/1999 best 11.805
  step 200/1999 best 14.551
  step 250/1999 best 14.900
  step 300/1999 best 14.751
  step 350/1999 best 14.202
  step 400/1999 best 14.811
  step 450/1999 best 15.697
  step 500/1999 best 15.412
  step 550/1999 best 15.473
  step 600/1999 best 15.281
  step 650/1999 best 15.502
  step 700/1999 best 15.644
  step 750/1999 best 15.540
  step 800/1999 best 15.369
  step 850/1999 best 15.550
  step 900/1999 best 15.510
  step 950/1999 best 15.595
  step 1000/1999 best 15.543
  step 1050/1999 best 15.598
  step 1100/1999 best 15.548
  step 1150/1999 best 15.483
  step 1200/1999 best 15.473
  step 1250/1999 best 15.413
  step 1300/1999 best 15.520
  step 1350/1999 best 15.580
  step 1400/1999 best 15.609
  step 1450/1999 best 15.497
  step 1500/1999 best 15.522
  step 1550/1999 best 15.569
  step 1600/1999 best 15.617
  step 1650/1999 best 15.339
  step 1700/1999 best 15.615
  step 1750/1999 best 15.597
  step 1800/1999 best 15.669
  step 1850/1999 best 15.684
  step 1900/1999 best 15.574
  step 1950/1999 best 15.531
saved SBC_CHAINS_cnn_vmim__n1_jitter_seed_s3_sim1513_row1290294_noise9610_9789_140 (240000, 4) acc=0.183
  step 0/1999 best -17.308
  step 50/1999 best -5.705
  step 100/1999 best 3.998
  step 150/1999 best 5.751
  step 200/1999 best 10.642
  step 250/1999 best 12.735
  step 300/1999 best 13.111
  step 350/1999 best 12.410
  step 400/1999 best 13.186
  step 450/1999 best 13.328
  step 500/1999 best 13.255
  step 550/1999 best 13.155
  step 600/1999 best 13.292
  step 650/1999 best 13.215
  step 700/1999 best 13.235
  step 750/1999 best 13.288
  step 800/1999 best 13.293
  step 850/1999 best 13.300
  step 900/1999 best 13.070
  step 950/1999 best 13.093
  step 1000/1999 best 13.242
  step 1050/1999 best 13.184
  step 1100/1999 best 13.277
  step 1150/1999 best 13.332
  step 1200/1999 best 13.284
  step 1250/1999 best 13.239
  step 1300/1999 best 13.214
  step 1350/1999 best 13.332
  step 1400/1999 best 13.267
  step 1450/1999 best 13.252
  step 1500/1999 best 13.170
  step 1550/1999 best 13.234
  step 1600/1999 best 13.183
  step 1650/1999 best 13.392
  step 1700/1999 best 13.151
  step 1750/1999 best 13.271
  step 1800/1999 best 13.297
  step 1850/1999 best 13.296
  step 1900/1999 best 13.238
  step 1950/1999 best 13.294
saved SBC_CHAINS_cnn_vmim__n1_jitter_seed_s3_sim2637_row2236978_noise4074_4253_4432 (240000, 4) acc=0.185
  step 0/1999 best -22.055
  step 50/1999 best -0.715
  step 100/1999 best 4.102
  step 150/1999 best 5.208
  step 200/1999 best 13.297
  step 250/1999 best 15.325
  step 300/1999 best 15.168
  step 350/1999 best 15.967
  step 400/1999 best 16.153
  step 450/1999 best 16.395
  step 500/1999 best 16.514
  step 550/1999 best 16.461
  step 600/1999 best 16.435
  step 650/1999 best 16.501
  step 700/1999 best 16.666
  step 750/1999 best 16.641
  step 800/1999 best 16.411
  step 850/1999 best 16.549
  step 900/1999 best 16.637
  step 950/1999 best 16.730
  step 1000/1999 best 16.733
  step 1050/1999 best 16.695
  step 1100/1999 best 16.679
  step 1150/1999 best 16.781
  step 1200/1999 best 16.601
  step 1250/1999 best 16.646
  step 1300/1999 best 16.721
  step 1350/1999 best 16.473
  step 1400/1999 best 16.621
  step 1450/1999 best 16.684
  step 1500/1999 best 16.744
  step 1550/1999 best 16.690
  step 1600/1999 best 16.631
  step 1650/1999 best 16.639
  step 1700/1999 best 16.809
  step 1750/1999 best 16.724
  step 1800/1999 best 16.804
  step 1850/1999 best 16.649
  step 1900/1999 best 16.800
  step 1950/1999 best 16.794
saved SBC_CHAINS_cnn_vmim__n1_jitter_seed_s3_sim1527_row1304078_noise3738_3917_4096 (240000, 4) acc=0.151
  step 0/1999 best -9.959
  step 50/1999 best 2.308
  step 100/1999 best 14.768
  step 150/1999 best 14.643
  step 200/1999 best 15.473
  step 250/1999 best 15.641
  step 300/1999 best 15.605
  step 350/1999 best 15.744
  step 400/1999 best 15.565
  step 450/1999 best 15.705
  step 500/1999 best 15.765
  step 550/1999 best 15.549
  step 600/1999 best 15.638
  step 650/1999 best 15.550
  step 700/1999 best 15.737
  step 750/1999 best 15.692
  step 800/1999 best 15.761
  step 850/1999 best 15.680
  step 900/1999 best 15.484
  step 950/1999 best 15.509
  step 1000/1999 best 15.833
  step 1050/1999 best 15.728
  step 1100/1999 best 15.837
  step 1150/1999 best 15.672
  step 1200/1999 best 15.550
  step 1250/1999 best 15.682
  step 1300/1999 best 15.540
  step 1350/1999 best 15.763
  step 1400/1999 best 15.716
  step 1450/1999 best 15.802
  step 1500/1999 best 15.726
  step 1550/1999 best 15.656
  step 1600/1999 best 15.562
  step 1650/1999 best 15.689
  step 1700/1999 best 15.825
  step 1750/1999 best 15.689
  step 1800/1999 best 15.771
  step 1850/1999 best 15.799
  step 1900/1999 best 15.627
  step 1950/1999 best 15.516
saved SBC_CHAINS_cnn_vmim__n1_jitter_seed_s3_sim903_row852003_noise8655_8834_9013 (240000, 4) acc=0.214
  step 0/1999 best -22.860
  step 50/1999 best 3.117
  step 100/1999 best 6.632
  step 150/1999 best 9.040
  step 200/1999 best 9.041
  step 250/1999 best 13.605
  step 300/1999 best 13.798
  step 350/1999 best 14.260
  step 400/1999 best 14.214
  step 450/1999 best 14.356
  step 500/1999 best 13.917
  step 550/1999 best 14.446
  step 600/1999 best 14.469
  step 650/1999 best 14.438
  step 700/1999 best 14.576
  step 750/1999 best 14.584
  step 800/1999 best 14.441
  step 850/1999 best 14.333
  step 900/1999 best 14.549
  step 950/1999 best 14.460
  step 1000/1999 best 14.191
  step 1050/1999 best 14.450
  step 1100/1999 best 14.349
  step 1150/1999 best 14.484
  step 1200/1999 best 14.449
  step 1250/1999 best 14.477
  step 1300/1999 best 14.536
  step 1350/1999 best 14.348
  step 1400/1999 best 14.485
  step 1450/1999 best 14.615
  step 1500/1999 best 14.534
  step 1550/1999 best 14.385
  step 1600/1999 best 14.563
  step 1650/1999 best 14.394
  step 1700/1999 best 14.579
  step 1750/1999 best 14.614
  step 1800/1999 best 14.211
  step 1850/1999 best 14.364
  step 1900/1999 best 14.478
  step 1950/1999 best 14.457
saved SBC_CHAINS_cnn_vmim__n1_jitter_seed_s3_sim992_row941802_noise174_353_532 (240000, 4) acc=0.150
  step 0/1999 best -11.149
  step 50/1999 best 11.521
  step 100/1999 best 12.194
  step 150/1999 best 14.502
  step 200/1999 best 14.466
  step 250/1999 best 14.572
  step 300/1999 best 14.842
  step 350/1999 best 14.789
  step 400/1999 best 14.748
  step 450/1999 best 14.657
  step 500/1999 best 14.709
  step 550/1999 best 14.679
  step 600/1999 best 14.752
  step 650/1999 best 14.620
  step 700/1999 best 14.801
  step 750/1999 best 14.617
  step 800/1999 best 14.717
  step 850/1999 best 14.731
  step 900/1999 best 14.757
  step 950/1999 best 14.693
  step 1000/1999 best 14.745
  step 1050/1999 best 14.648
  step 1100/1999 best 14.812
  step 1150/1999 best 14.654
  step 1200/1999 best 14.835
  step 1250/1999 best 14.662
  step 1300/1999 best 14.837
  step 1350/1999 best 14.490
  step 1400/1999 best 14.627
  step 1450/1999 best 14.807
  step 1500/1999 best 14.812
  step 1550/1999 best 14.585
  step 1600/1999 best 14.789
  step 1650/1999 best 14.581
  step 1700/1999 best 14.745
  step 1750/1999 best 14.551
  step 1800/1999 best 14.562
  step 1850/1999 best 14.666
  step 1900/1999 best 14.581
  step 1950/1999 best 14.746
saved SBC_CHAINS_cnn_vmim__n1_jitter_seed_s3_sim2462_row2061324_noise5324_5503_5682 (240000, 4) acc=0.288
  step 0/1999 best -17.501
  step 50/1999 best 6.163
  step 100/1999 best 12.371
  step 150/1999 best 14.950
  step 200/1999 best 16.462
  step 250/1999 best 16.982
  step 300/1999 best 16.834
  step 350/1999 best 16.676
  step 400/1999 best 16.450
  step 450/1999 best 16.798
  step 500/1999 best 16.823
  step 550/1999 best 16.915
  step 600/1999 best 16.755
  step 650/1999 best 17.037
  step 700/1999 best 16.938
  step 750/1999 best 16.899
  step 800/1999 best 16.942
  step 850/1999 best 16.926
  step 900/1999 best 16.932
  step 950/1999 best 17.042
  step 1000/1999 best 16.888
  step 1050/1999 best 16.830
  step 1100/1999 best 16.902
  step 1150/1999 best 16.932
  step 1200/1999 best 16.993
  step 1250/1999 best 17.009
  step 1300/1999 best 16.880
  step 1350/1999 best 16.884
  step 1400/1999 best 16.742
  step 1450/1999 best 16.983
  step 1500/1999 best 17.007
  step 1550/1999 best 16.916
  step 1600/1999 best 16.966
  step 1650/1999 best 16.905
  step 1700/1999 best 16.951
  step 1750/1999 best 16.954
  step 1800/1999 best 16.850
  step 1850/1999 best 16.985
  step 1900/1999 best 17.050
  step 1950/1999 best 16.738
saved SBC_CHAINS_cnn_vmim__n1_jitter_seed_s3_sim1437_row1219102_noise2214_2393_2572 (240000, 4) acc=0.256
  step 0/1999 best -19.111
  step 50/1999 best 8.037
  step 100/1999 best 11.213
  step 150/1999 best 16.021
  step 200/1999 best 16.398
  step 250/1999 best 16.761
  step 300/1999 best 16.783
  step 350/1999 best 16.772
  step 400/1999 best 16.575
  step 450/1999 best 16.595
  step 500/1999 best 16.623
  step 550/1999 best 16.667
  step 600/1999 best 16.773
  step 650/1999 best 16.834
  step 700/1999 best 16.651
  step 750/1999 best 16.794
  step 800/1999 best 16.749
  step 850/1999 best 16.811
  step 900/1999 best 16.795
  step 950/1999 best 16.687
  step 1000/1999 best 16.636
  step 1050/1999 best 16.870
  step 1100/1999 best 16.843
  step 1150/1999 best 16.858
  step 1200/1999 best 16.658
  step 1250/1999 best 16.777
  step 1300/1999 best 16.722
  step 1350/1999 best 16.796
  step 1400/1999 best 16.860
  step 1450/1999 best 16.808
  step 1500/1999 best 16.731
  step 1550/1999 best 16.800
  step 1600/1999 best 16.732
  step 1650/1999 best 16.785
  step 1700/1999 best 16.753
  step 1750/1999 best 16.793
  step 1800/1999 best 16.855
  step 1850/1999 best 16.725
  step 1900/1999 best 16.760
  step 1950/1999 best 16.874
saved SBC_CHAINS_cnn_vmim__n1_jitter_seed_s3_sim1286_row1103713_noise9073_9252_9431 (240000, 4) acc=0.219
  step 0/1999 best -19.641
  step 50/1999 best -4.972
  step 100/1999 best 8.303
  step 150/1999 best 11.864
  step 200/1999 best 13.492
  step 250/1999 best 14.252
  step 300/1999 best 14.141
  step 350/1999 best 14.223
  step 400/1999 best 14.188
  step 450/1999 best 14.227
  step 500/1999 best 14.124
  step 550/1999 best 14.206
  step 600/1999 best 14.010
  step 650/1999 best 13.872
  step 700/1999 best 14.190
  step 750/1999 best 14.241
  step 800/1999 best 14.104
  step 850/1999 best 14.210
  step 900/1999 best 14.233
  step 950/1999 best 14.185
  step 1000/1999 best 14.191
  step 1050/1999 best 14.180
  step 1100/1999 best 14.113
  step 1150/1999 best 14.132
  step 1200/1999 best 14.105
  step 1250/1999 best 14.042
  step 1300/1999 best 13.943
  step 1350/1999 best 14.265
  step 1400/1999 best 14.039
  step 1450/1999 best 14.075
  step 1500/1999 best 14.252
  step 1550/1999 best 14.171
  step 1600/1999 best 14.239
  step 1650/1999 best 14.174
  step 1700/1999 best 14.054
  step 1750/1999 best 14.194
  step 1800/1999 best 14.122
  step 1850/1999 best 14.200
  step 1900/1999 best 14.068
  step 1950/1999 best 13.999
saved SBC_CHAINS_cnn_vmim__n1_jitter_seed_s3_sim2449_row2048779_noise2607_2786_2965 (240000, 4) acc=0.252
  step 0/1999 best -15.920
  step 50/1999 best 11.353
  step 100/1999 best 15.133
  step 150/1999 best 17.203
  step 200/1999 best 16.551
  step 250/1999 best 17.244
  step 300/1999 best 17.281
  step 350/1999 best 17.213
  step 400/1999 best 17.233
  step 450/1999 best 17.089
  step 500/1999 best 17.303
  step 550/1999 best 17.263
  step 600/1999 best 16.980
  step 650/1999 best 17.168
  step 700/1999 best 16.972
  step 750/1999 best 17.206
  step 800/1999 best 17.209
  step 850/1999 best 17.308
  step 900/1999 best 17.227
  step 950/1999 best 17.181
  step 1000/1999 best 17.144
  step 1050/1999 best 17.301
  step 1100/1999 best 17.166
  step 1150/1999 best 17.093
  step 1200/1999 best 17.202
  step 1250/1999 best 17.304
  step 1300/1999 best 17.081
  step 1350/1999 best 17.155
  step 1400/1999 best 17.038
  step 1450/1999 best 17.228
  step 1500/1999 best 17.280
  step 1550/1999 best 17.142
  step 1600/1999 best 17.254
  step 1650/1999 best 17.252
  step 1700/1999 best 17.116
  step 1750/1999 best 17.160
  step 1800/1999 best 17.221
  step 1850/1999 best 17.265
  step 1900/1999 best 17.174
  step 1950/1999 best 17.229
saved SBC_CHAINS_cnn_vmim__n1_jitter_seed_s3_sim1287_row1104531_noise63_242_421 (240000, 4) acc=0.293
  step 0/1999 best -20.780
  step 50/1999 best 14.543
  step 100/1999 best 15.092
  step 150/1999 best 16.169
  step 200/1999 best 16.175
  step 250/1999 best 16.441
  step 300/1999 best 16.246
  step 350/1999 best 16.681
  step 400/1999 best 16.467
  step 450/1999 best 16.632
  step 500/1999 best 16.610
  step 550/1999 best 16.664
  step 600/1999 best 16.398
  step 650/1999 best 16.590
  step 700/1999 best 16.722
  step 750/1999 best 16.728
  step 800/1999 best 16.750
  step 850/1999 best 16.649
  step 900/1999 best 16.652
  step 950/1999 best 16.582
  step 1000/1999 best 16.704
  step 1050/1999 best 16.689
  step 1100/1999 best 16.626
  step 1150/1999 best 16.656
  step 1200/1999 best 16.432
  step 1250/1999 best 16.663
  step 1300/1999 best 16.604
  step 1350/1999 best 16.512
  step 1400/1999 best 16.663
  step 1450/1999 best 16.594
  step 1500/1999 best 16.662
  step 1550/1999 best 16.529
  step 1600/1999 best 16.656
  step 1650/1999 best 16.390
  step 1700/1999 best 16.642
  step 1750/1999 best 16.617
  step 1800/1999 best 16.635
  step 1850/1999 best 16.668
  step 1900/1999 best 16.682
  step 1950/1999 best 16.607
saved SBC_CHAINS_cnn_vmim__n1_jitter_seed_s3_sim200_row186111_noise3551_3730_3909 (240000, 4) acc=0.195
  step 0/1999 best -15.471
  step 50/1999 best 1.964
  step 100/1999 best 2.812
  step 150/1999 best 10.686
  step 200/1999 best 10.686
  step 250/1999 best 15.380
  step 300/1999 best 15.174
  step 350/1999 best 16.146
  step 400/1999 best 15.552
  step 450/1999 best 16.222
  step 500/1999 best 16.076
  step 550/1999 best 16.032
  step 600/1999 best 15.837
  step 650/1999 best 15.891
  step 700/1999 best 15.755
  step 750/1999 best 16.040
  step 800/1999 best 16.092
  step 850/1999 best 15.942
  step 900/1999 best 16.075
  step 950/1999 best 16.068
  step 1000/1999 best 16.114
  step 1050/1999 best 16.125
  step 1100/1999 best 16.100
  step 1150/1999 best 15.819
  step 1200/1999 best 16.154
  step 1250/1999 best 16.150
  step 1300/1999 best 16.031
  step 1350/1999 best 16.170
  step 1400/1999 best 15.907
  step 1450/1999 best 15.890
  step 1500/1999 best 16.050
  step 1550/1999 best 15.981
  step 1600/1999 best 16.118
  step 1650/1999 best 16.165
  step 1700/1999 best 15.951
  step 1750/1999 best 15.965
  step 1800/1999 best 15.961
  step 1850/1999 best 16.028
  step 1900/1999 best 16.073
  step 1950/1999 best 16.180
saved SBC_CHAINS_cnn_vmim__n1_jitter_seed_s3_sim730_row679385_noise3113_3292_3471 (240000, 4) acc=0.183
  step 0/1999 best -12.315
  step 50/1999 best 1.466
  step 100/1999 best 12.688
  step 150/1999 best 16.696
  step 200/1999 best 16.707
  step 250/1999 best 16.409
  step 300/1999 best 16.826
  step 350/1999 best 16.838
  step 400/1999 best 16.551
  step 450/1999 best 16.828
  step 500/1999 best 16.893
  step 550/1999 best 16.987
  step 600/1999 best 16.859
  step 650/1999 best 16.678
  step 700/1999 best 16.839
  step 750/1999 best 16.721
  step 800/1999 best 16.715
  step 850/1999 best 16.957
  step 900/1999 best 16.764
  step 950/1999 best 16.945
  step 1000/1999 best 16.868
  step 1050/1999 best 16.912
  step 1100/1999 best 16.941
  step 1150/1999 best 16.788
  step 1200/1999 best 16.961
  step 1250/1999 best 16.882
  step 1300/1999 best 16.791
  step 1350/1999 best 16.694
  step 1400/1999 best 16.912
  step 1450/1999 best 16.928
  step 1500/1999 best 16.911
  step 1550/1999 best 16.895
  step 1600/1999 best 16.825
  step 1650/1999 best 16.830
  step 1700/1999 best 16.930
  step 1750/1999 best 16.801
  step 1800/1999 best 16.825
  step 1850/1999 best 16.946
  step 1900/1999 best 16.983
  step 1950/1999 best 16.769
saved SBC_CHAINS_cnn_vmim__n1_jitter_seed_s3_sim1450_row1232158_noise5442_5621_5800 (240000, 4) acc=0.189
  step 0/1999 best -18.654
  step 50/1999 best -5.801
  step 100/1999 best -5.454
  step 150/1999 best 2.253
  step 200/1999 best 8.276
  step 250/1999 best 8.295
  step 300/1999 best 12.660
  step 350/1999 best 13.026
  step 400/1999 best 13.208
  step 450/1999 best 13.162
  step 500/1999 best 13.933
  step 550/1999 best 14.273
  step 600/1999 best 14.239
  step 650/1999 best 14.027
  step 700/1999 best 13.975
  step 750/1999 best 14.206
  step 800/1999 best 13.724
  step 850/1999 best 14.093
  step 900/1999 best 14.263
  step 950/1999 best 14.231
  step 1000/1999 best 14.168
  step 1050/1999 best 14.087
  step 1100/1999 best 14.251
  step 1150/1999 best 14.229
  step 1200/1999 best 14.187
  step 1250/1999 best 14.237
  step 1300/1999 best 14.295
  step 1350/1999 best 14.163
  step 1400/1999 best 13.965
  step 1450/1999 best 14.328
  step 1500/1999 best 14.204
  step 1550/1999 best 14.118
  step 1600/1999 best 14.287
  step 1650/1999 best 14.291
  step 1700/1999 best 14.166
  step 1750/1999 best 14.231
  step 1800/1999 best 14.145
  step 1850/1999 best 14.222
  step 1900/1999 best 14.180
  step 1950/1999 best 14.221
saved SBC_CHAINS_cnn_vmim__n1_jitter_seed_s3_sim406_row384695_noise3747_3926_4105 (240000, 4) acc=0.125
  step 0/1999 best -28.595
  step 50/1999 best 6.341
  step 100/1999 best 8.378
  step 150/1999 best 9.437
  step 200/1999 best 12.078
  step 250/1999 best 13.433
  step 300/1999 best 13.535
  step 350/1999 best 13.464
  step 400/1999 best 13.518
  step 450/1999 best 13.620
  step 500/1999 best 13.597
  step 550/1999 best 13.524
  step 600/1999 best 13.469
  step 650/1999 best 13.612
  step 700/1999 best 13.414
  step 750/1999 best 13.565
  step 800/1999 best 13.556
  step 850/1999 best 13.504
  step 900/1999 best 13.599
  step 950/1999 best 13.591
  step 1000/1999 best 13.450
  step 1050/1999 best 13.508
  step 1100/1999 best 13.417
  step 1150/1999 best 13.473
  step 1200/1999 best 13.621
  step 1250/1999 best 13.478
  step 1300/1999 best 13.495
  step 1350/1999 best 13.437
  step 1400/1999 best 13.572
  step 1450/1999 best 13.561
  step 1500/1999 best 13.579
  step 1550/1999 best 13.642
  step 1600/1999 best 13.559
  step 1650/1999 best 13.547
  step 1700/1999 best 13.540
  step 1750/1999 best 13.541
  step 1800/1999 best 13.484
  step 1850/1999 best 13.538
  step 1900/1999 best 13.584
  step 1950/1999 best 13.435
saved SBC_CHAINS_cnn_vmim__n1_jitter_seed_s3_sim2595_row2194484_noise892_1071_1250 (240000, 4) acc=0.278
  step 0/1999 best -23.781
  step 50/1999 best 2.367
  step 100/1999 best 5.090
  step 150/1999 best 4.889
  step 200/1999 best 3.926
  step 250/1999 best 8.024
  step 300/1999 best 7.699
  step 350/1999 best 7.788
  step 400/1999 best 7.900
  step 450/1999 best 7.704
  step 500/1999 best 7.290
  step 550/1999 best 7.667
  step 600/1999 best 7.671
  step 650/1999 best 7.911
  step 700/1999 best 7.799
  step 750/1999 best 8.012
  step 800/1999 best 7.699
  step 850/1999 best 7.858
  step 900/1999 best 7.936
  step 950/1999 best 7.985
  step 1000/1999 best 7.419
  step 1050/1999 best 7.711
  step 1100/1999 best 7.508
  step 1150/1999 best 7.746
  step 1200/1999 best 7.725
  step 1250/1999 best 7.753
  step 1300/1999 best 7.916
  step 1350/1999 best 7.831
  step 1400/1999 best 7.566
  step 1450/1999 best 7.759
  step 1500/1999 best 7.990
  step 1550/1999 best 7.480
  step 1600/1999 best 7.972
  step 1650/1999 best 7.929
  step 1700/1999 best 7.868
  step 1750/1999 best 7.612
  step 1800/1999 best 8.006
  step 1850/1999 best 7.912
  step 1900/1999 best 7.962
  step 1950/1999 best 7.900
saved SBC_CHAINS_cnn_vmim__n1_jitter_seed_s3_sim2857_row2452597_noise7477_7656_7835 (240000, 4) acc=0.307
  step 0/1999 best -20.427
  step 50/1999 best 5.387
  step 100/1999 best 15.851
  step 150/1999 best 16.742
  step 200/1999 best 16.623
  step 250/1999 best 16.745
  step 300/1999 best 16.484
  step 350/1999 best 16.638
  step 400/1999 best 16.850
  step 450/1999 best 16.772
  step 500/1999 best 17.005
  step 550/1999 best 16.954
  step 600/1999 best 16.868
  step 650/1999 best 16.897
  step 700/1999 best 16.891
  step 750/1999 best 16.603
  step 800/1999 best 16.759
  step 850/1999 best 16.886
  step 900/1999 best 16.751
  step 950/1999 best 16.971
  step 1000/1999 best 17.000
  step 1050/1999 best 16.967
  step 1100/1999 best 16.954
  step 1150/1999 best 16.867
  step 1200/1999 best 16.902
  step 1250/1999 best 16.846
  step 1300/1999 best 16.749
  step 1350/1999 best 16.897
  step 1400/1999 best 16.971
  step 1450/1999 best 16.936
  step 1500/1999 best 16.840
  step 1550/1999 best 16.924
  step 1600/1999 best 16.990
  step 1650/1999 best 16.711
  step 1700/1999 best 16.934
  step 1750/1999 best 16.970
  step 1800/1999 best 16.871
  step 1850/1999 best 16.974
  step 1900/1999 best 16.793
  step 1950/1999 best 17.001
saved SBC_CHAINS_cnn_vmim__n1_jitter_seed_s3_sim1364_row1172107_noise7843_8022_8201 (240000, 4) acc=0.201
  step 0/1999 best -16.266
  step 50/1999 best -0.033
  step 100/1999 best 4.765
  step 150/1999 best 8.759
  step 200/1999 best 11.229
  step 250/1999 best 13.818
  step 300/1999 best 14.763
  step 350/1999 best 15.072
  step 400/1999 best 14.823
  step 450/1999 best 15.193
  step 500/1999 best 15.263
  step 550/1999 best 15.093
  step 600/1999 best 15.273
  step 650/1999 best 15.286
  step 700/1999 best 15.384
  step 750/1999 best 15.266
  step 800/1999 best 15.252
  step 850/1999 best 15.411
  step 900/1999 best 15.243
  step 950/1999 best 15.212
  step 1000/1999 best 15.313
  step 1050/1999 best 15.176
  step 1100/1999 best 15.196
  step 1150/1999 best 15.324
  step 1200/1999 best 15.253
  step 1250/1999 best 15.437
  step 1300/1999 best 15.427
  step 1350/1999 best 15.254
  step 1400/1999 best 15.354
  step 1450/1999 best 15.219
  step 1500/1999 best 15.288
  step 1550/1999 best 15.171
  step 1600/1999 best 15.375
  step 1650/1999 best 15.307
  step 1700/1999 best 15.367
  step 1750/1999 best 15.433
  step 1800/1999 best 15.443
  step 1850/1999 best 15.387
  step 1900/1999 best 15.441
  step 1950/1999 best 15.193
saved SBC_CHAINS_cnn_vmim__n1_jitter_seed_s3_sim650_row603035_noise1387_1566_1745 (240000, 4) acc=0.152
  step 0/1999 best -18.838
  step 50/1999 best 6.175
  step 100/1999 best 7.093
  step 150/1999 best 11.265
  step 200/1999 best 11.246
  step 250/1999 best 11.723
  step 300/1999 best 11.904
  step 350/1999 best 11.722
  step 400/1999 best 11.729
  step 450/1999 best 11.835
  step 500/1999 best 11.805
  step 550/1999 best 11.944
  step 600/1999 best 11.723
  step 650/1999 best 11.785
  step 700/1999 best 11.834
  step 750/1999 best 11.570
  step 800/1999 best 11.750
  step 850/1999 best 11.959
  step 900/1999 best 11.791
  step 950/1999 best 11.926
  step 1000/1999 best 11.886
  step 1050/1999 best 11.770
  step 1100/1999 best 11.858
  step 1150/1999 best 11.898
  step 1200/1999 best 11.872
  step 1250/1999 best 11.945
  step 1300/1999 best 11.909
  step 1350/1999 best 11.689
  step 1400/1999 best 11.803
  step 1450/1999 best 11.918
  step 1500/1999 best 11.858
  step 1550/1999 best 11.674
  step 1600/1999 best 11.946
  step 1650/1999 best 11.804
  step 1700/1999 best 11.702
  step 1750/1999 best 11.841
  step 1800/1999 best 11.592
  step 1850/1999 best 11.869
  step 1900/1999 best 11.806
  step 1950/1999 best 11.809
saved SBC_CHAINS_cnn_vmim__n1_jitter_seed_s3_sim2931_row2526247_noise2503_2682_2861 (240000, 4) acc=0.260
  step 0/1999 best -24.526
  step 50/1999 best 5.339
  step 100/1999 best 11.558
  step 150/1999 best 13.999
  step 200/1999 best 15.559
  step 250/1999 best 15.915
  step 300/1999 best 15.972
  step 350/1999 best 15.746
  step 400/1999 best 15.715
  step 450/1999 best 16.002
  step 500/1999 best 15.830
  step 550/1999 best 15.794
  step 600/1999 best 15.941
  step 650/1999 best 15.961
  step 700/1999 best 15.987
  step 750/1999 best 15.825
  step 800/1999 best 15.644
  step 850/1999 best 15.885
  step 900/1999 best 15.937
  step 950/1999 best 15.799
  step 1000/1999 best 15.954
  step 1050/1999 best 15.805
  step 1100/1999 best 15.868
  step 1150/1999 best 15.929
  step 1200/1999 best 15.799
  step 1250/1999 best 15.987
  step 1300/1999 best 15.841
  step 1350/1999 best 15.833
  step 1400/1999 best 15.810
  step 1450/1999 best 15.931
  step 1500/1999 best 15.878
  step 1550/1999 best 15.922
  step 1600/1999 best 15.770
  step 1650/1999 best 15.914
  step 1700/1999 best 15.936
  step 1750/1999 best 15.972
  step 1800/1999 best 15.771
  step 1850/1999 best 15.912
  step 1900/1999 best 15.794
  step 1950/1999 best 15.967
saved SBC_CHAINS_cnn_vmim__n1_jitter_seed_s3_sim1435_row1217426_noise538_717_896 (240000, 4) acc=0.210
  step 0/1999 best -10.536
  step 50/1999 best 7.073
  step 100/1999 best 15.586
  step 150/1999 best 16.585
  step 200/1999 best 16.852
  step 250/1999 best 17.065
  step 300/1999 best 16.830
  step 350/1999 best 16.995
  step 400/1999 best 17.171
  step 450/1999 best 17.076
  step 500/1999 best 16.979
  step 550/1999 best 16.958
  step 600/1999 best 17.018
  step 650/1999 best 16.886
  step 700/1999 best 17.192
  step 750/1999 best 17.194
  step 800/1999 best 17.128
  step 850/1999 best 17.185
  step 900/1999 best 17.115
  step 950/1999 best 17.069
  step 1000/1999 best 17.062
  step 1050/1999 best 16.643
  step 1100/1999 best 17.150
  step 1150/1999 best 16.989
  step 1200/1999 best 16.819
  step 1250/1999 best 16.996
  step 1300/1999 best 16.968
  step 1350/1999 best 17.082
  step 1400/1999 best 16.977
  step 1450/1999 best 17.069
  step 1500/1999 best 17.107
  step 1550/1999 best 17.035
  step 1600/1999 best 17.148
  step 1650/1999 best 17.198
  step 1700/1999 best 17.048
  step 1750/1999 best 17.138
  step 1800/1999 best 17.026
  step 1850/1999 best 17.170
  step 1900/1999 best 17.099
  step 1950/1999 best 17.062
saved SBC_CHAINS_cnn_vmim__n1_jitter_seed_s3_sim273_row259153_noise7797_7976_8155 (240000, 4) acc=0.225
  step 0/1999 best -19.578
  step 50/1999 best -0.522
  step 100/1999 best 13.793
  step 150/1999 best 15.574
  step 200/1999 best 16.854
  step 250/1999 best 16.951
  step 300/1999 best 16.964
  step 350/1999 best 16.707
  step 400/1999 best 16.714
  step 450/1999 best 16.900
  step 500/1999 best 17.023
  step 550/1999 best 16.950
  step 600/1999 best 16.774
  step 650/1999 best 16.909
  step 700/1999 best 16.829
  step 750/1999 best 16.784
  step 800/1999 best 16.954
  step 850/1999 best 16.907
  step 900/1999 best 16.903
  step 950/1999 best 16.972
  step 1000/1999 best 16.977
  step 1050/1999 best 16.923
  step 1100/1999 best 16.793
  step 1150/1999 best 16.908
  step 1200/1999 best 16.956
  step 1250/1999 best 16.865
  step 1300/1999 best 16.934
  step 1350/1999 best 16.874
  step 1400/1999 best 16.928
  step 1450/1999 best 16.841
  step 1500/1999 best 16.910
  step 1550/1999 best 16.989
  step 1600/1999 best 16.950
  step 1650/1999 best 16.990
  step 1700/1999 best 16.932
  step 1750/1999 best 16.933
  step 1800/1999 best 16.865
  step 1850/1999 best 16.923
  step 1900/1999 best 16.975
  step 1950/1999 best 16.995
saved SBC_CHAINS_cnn_vmim__n1_jitter_seed_s3_sim1352_row1161796_noise6360_6539_6718 (240000, 4) acc=0.280
  step 0/1999 best -17.404
  step 50/1999 best -5.286
  step 100/1999 best 3.579
  step 150/1999 best 12.504
  step 200/1999 best 13.570
  step 250/1999 best 14.198
  step 300/1999 best 14.368
  step 350/1999 best 14.556
  step 400/1999 best 14.701
  step 450/1999 best 14.730
  step 500/1999 best 14.432
  step 550/1999 best 14.583
  step 600/1999 best 14.796
  step 650/1999 best 14.665
  step 700/1999 best 14.706
  step 750/1999 best 14.634
  step 800/1999 best 14.779
  step 850/1999 best 14.769
  step 900/1999 best 14.707
  step 950/1999 best 14.756
  step 1000/1999 best 14.727
  step 1050/1999 best 14.712
  step 1100/1999 best 14.632
  step 1150/1999 best 14.556
  step 1200/1999 best 14.538
  step 1250/1999 best 14.752
  step 1300/1999 best 14.768
  step 1350/1999 best 14.515
  step 1400/1999 best 14.624
  step 1450/1999 best 14.755
  step 1500/1999 best 14.646
  step 1550/1999 best 14.639
  step 1600/1999 best 14.658
  step 1650/1999 best 14.642
  step 1700/1999 best 14.719
  step 1750/1999 best 14.757
  step 1800/1999 best 14.559
  step 1850/1999 best 14.651
  step 1900/1999 best 14.684
  step 1950/1999 best 14.590
saved SBC_CHAINS_cnn_vmim__n1_jitter_seed_s3_sim2452_row2051155_noise4983_5162_5341 (240000, 4) acc=0.224
  step 0/1999 best -14.566
  step 50/1999 best -3.064
  step 100/1999 best 8.774
  step 150/1999 best 8.774
  step 200/1999 best 12.548
  step 250/1999 best 11.436
  step 300/1999 best 13.711
  step 350/1999 best 14.606
  step 400/1999 best 15.101
  step 450/1999 best 15.165
  step 500/1999 best 15.706
  step 550/1999 best 15.675
  step 600/1999 best 15.598
  step 650/1999 best 15.754
  step 700/1999 best 15.586
  step 750/1999 best 15.712
  step 800/1999 best 15.376
  step 850/1999 best 15.613
  step 900/1999 best 15.651
  step 950/1999 best 15.743
  step 1000/1999 best 15.715
  step 1050/1999 best 15.782
  step 1100/1999 best 15.418
  step 1150/1999 best 15.590
  step 1200/1999 best 15.574
  step 1250/1999 best 15.505
  step 1300/1999 best 15.373
  step 1350/1999 best 15.446
  step 1400/1999 best 15.479
  step 1450/1999 best 15.536
  step 1500/1999 best 15.695
  step 1550/1999 best 15.690
  step 1600/1999 best 15.275
  step 1650/1999 best 15.372
  step 1700/1999 best 15.699
  step 1750/1999 best 15.624
  step 1800/1999 best 15.577
  step 1850/1999 best 15.678
  step 1900/1999 best 15.601
  step 1950/1999 best 15.702
saved SBC_CHAINS_cnn_vmim__n1_jitter_seed_s3_sim1768_row1520863_noise9651_2_181 (240000, 4) acc=0.180
  step 0/1999 best -14.823
  step 50/1999 best 12.900
  step 100/1999 best 16.212
  step 150/1999 best 16.541
  step 200/1999 best 16.876
  step 250/1999 best 16.967
  step 300/1999 best 16.876
  step 350/1999 best 16.834
  step 400/1999 best 16.928
  step 450/1999 best 16.963
  step 500/1999 best 16.968
  step 550/1999 best 16.805
  step 600/1999 best 16.895
  step 650/1999 best 16.941
  step 700/1999 best 16.980
  step 750/1999 best 16.999
  step 800/1999 best 16.908
  step 850/1999 best 17.001
  step 900/1999 best 16.951
  step 950/1999 best 16.946
  step 1000/1999 best 16.875
  step 1050/1999 best 16.900
  step 1100/1999 best 16.961
  step 1150/1999 best 17.014
  step 1200/1999 best 16.992
  step 1250/1999 best 17.051
  step 1300/1999 best 16.840
  step 1350/1999 best 16.988
  step 1400/1999 best 17.001
  step 1450/1999 best 16.827
  step 1500/1999 best 16.979
  step 1550/1999 best 16.927
  step 1600/1999 best 16.978
  step 1650/1999 best 16.932
  step 1700/1999 best 16.962
  step 1750/1999 best 17.006
  step 1800/1999 best 16.951
  step 1850/1999 best 16.846
  step 1900/1999 best 16.982
  step 1950/1999 best 16.863
saved SBC_CHAINS_cnn_vmim__n1_jitter_seed_s3_sim1358_row1167255_noise1991_2170_2349 (240000, 4) acc=0.333
  step 0/1999 best -26.544
  step 50/1999 best 3.308
  step 100/1999 best 6.139
  step 150/1999 best 11.591
  step 200/1999 best 14.436
  step 250/1999 best 15.097
  step 300/1999 best 15.495
  step 350/1999 best 15.902
  step 400/1999 best 15.474
  step 450/1999 best 15.797
  step 500/1999 best 15.907
  step 550/1999 best 15.750
  step 600/1999 best 15.797
  step 650/1999 best 15.554
  step 700/1999 best 15.640
  step 750/1999 best 15.867
  step 800/1999 best 15.845
  step 850/1999 best 15.888
  step 900/1999 best 15.727
  step 950/1999 best 15.990
  step 1000/1999 best 15.665
  step 1050/1999 best 15.808
  step 1100/1999 best 15.746
  step 1150/1999 best 15.812
  step 1200/1999 best 15.758
  step 1250/1999 best 15.768
  step 1300/1999 best 15.899
  step 1350/1999 best 15.935
  step 1400/1999 best 15.953
  step 1450/1999 best 15.758
  step 1500/1999 best 15.923
  step 1550/1999 best 15.879
  step 1600/1999 best 15.851
  step 1650/1999 best 15.882
  step 1700/1999 best 15.974
  step 1750/1999 best 15.869
  step 1800/1999 best 15.916
  step 1850/1999 best 15.854
  step 1900/1999 best 15.826
  step 1950/1999 best 15.919
saved SBC_CHAINS_cnn_vmim__n1_jitter_seed_s3_sim1426_row1208498_noise1438_1617_1796 (240000, 4) acc=0.196
  step 0/1999 best -12.658
  step 50/1999 best 10.209
  step 100/1999 best 14.600
  step 150/1999 best 14.238
  step 200/1999 best 14.492
  step 250/1999 best 15.127
  step 300/1999 best 15.241
  step 350/1999 best 15.172
  step 400/1999 best 15.200
  step 450/1999 best 15.148
  step 500/1999 best 15.191
  step 550/1999 best 15.201
  step 600/1999 best 15.259
  step 650/1999 best 15.181
  step 700/1999 best 15.247
  step 750/1999 best 15.159
  step 800/1999 best 15.224
  step 850/1999 best 15.214
  step 900/1999 best 15.253
  step 950/1999 best 15.152
  step 1000/1999 best 15.133
  step 1050/1999 best 15.208
  step 1100/1999 best 15.053
  step 1150/1999 best 15.219
  step 1200/1999 best 15.222
  step 1250/1999 best 15.121
  step 1300/1999 best 15.197
  step 1350/1999 best 15.204
  step 1400/1999 best 15.246
  step 1450/1999 best 15.209
  step 1500/1999 best 15.135
  step 1550/1999 best 15.200
  step 1600/1999 best 15.257
  step 1650/1999 best 15.159
  step 1700/1999 best 15.199
  step 1750/1999 best 15.269
  step 1800/1999 best 15.049
  step 1850/1999 best 15.055
  step 1900/1999 best 15.217
  step 1950/1999 best 15.283
saved SBC_CHAINS_cnn_vmim__n1_jitter_seed_s3_sim902_row851169_noise7821_8000_8179 (240000, 4) acc=0.206
  step 0/1999 best -16.040
  step 50/1999 best -2.178
  step 100/1999 best 7.776
  step 150/1999 best 7.870
  step 200/1999 best 10.436
  step 250/1999 best 14.300
  step 300/1999 best 15.214
  step 350/1999 best 16.024
  step 400/1999 best 15.835
  step 450/1999 best 16.318
  step 500/1999 best 16.150
  step 550/1999 best 16.314
  step 600/1999 best 16.262
  step 650/1999 best 16.173
  step 700/1999 best 16.327
  step 750/1999 best 16.194
  step 800/1999 best 16.182
  step 850/1999 best 16.434
  step 900/1999 best 16.121
  step 950/1999 best 16.435
  step 1000/1999 best 16.382
  step 1050/1999 best 16.376
  step 1100/1999 best 16.294
  step 1150/1999 best 16.317
  step 1200/1999 best 16.191
  step 1250/1999 best 16.290
  step 1300/1999 best 16.363
  step 1350/1999 best 16.291
  step 1400/1999 best 16.231
  step 1450/1999 best 16.371
  step 1500/1999 best 16.430
  step 1550/1999 best 16.323
  step 1600/1999 best 16.141
  step 1650/1999 best 16.370
  step 1700/1999 best 16.332
  step 1750/1999 best 16.406
  step 1800/1999 best 16.419
  step 1850/1999 best 16.393
  step 1900/1999 best 16.279
  step 1950/1999 best 16.405
saved SBC_CHAINS_cnn_vmim__n1_jitter_seed_s3_sim441_row419665_noise9233_9412_9591 (240000, 4) acc=0.166
  step 0/1999 best -10.515
  step 50/1999 best -2.894
  step 100/1999 best 7.914
  step 150/1999 best 9.873
  step 200/1999 best 10.127
  step 250/1999 best 11.261
  step 300/1999 best 12.513
  step 350/1999 best 12.380
  step 400/1999 best 12.003
  step 450/1999 best 11.957
  step 500/1999 best 12.451
  step 550/1999 best 12.455
  step 600/1999 best 12.405
  step 650/1999 best 12.470
  step 700/1999 best 12.416
  step 750/1999 best 12.482
  step 800/1999 best 12.514
  step 850/1999 best 12.274
  step 900/1999 best 12.425
  step 950/1999 best 12.217
  step 1000/1999 best 12.310
  step 1050/1999 best 12.355
  step 1100/1999 best 12.362
  step 1150/1999 best 12.496
  step 1200/1999 best 12.257
  step 1250/1999 best 12.460
  step 1300/1999 best 12.579
  step 1350/1999 best 12.525
  step 1400/1999 best 12.470
  step 1450/1999 best 12.437
  step 1500/1999 best 12.472
  step 1550/1999 best 12.479
  step 1600/1999 best 12.452
  step 1650/1999 best 12.308
  step 1700/1999 best 12.406
  step 1750/1999 best 12.512
  step 1800/1999 best 12.526
  step 1850/1999 best 12.502
  step 1900/1999 best 12.379
  step 1950/1999 best 12.446
saved SBC_CHAINS_cnn_vmim__n1_jitter_seed_s3_sim2920_row2515749_noise1833_2012_2191 (240000, 4) acc=0.239
  step 0/1999 best -26.460
  step 50/1999 best -7.129
  step 100/1999 best 6.556
  step 150/1999 best 14.276
  step 200/1999 best 15.157
  step 250/1999 best 15.243
  step 300/1999 best 15.709
  step 350/1999 best 16.409
  step 400/1999 best 16.161
  step 450/1999 best 16.348
  step 500/1999 best 16.443
  step 550/1999 best 16.426
  step 600/1999 best 16.469
  step 650/1999 best 16.379
  step 700/1999 best 16.325
  step 750/1999 best 16.305
  step 800/1999 best 16.167
  step 850/1999 best 16.343
  step 900/1999 best 16.481
  step 950/1999 best 16.446
  step 1000/1999 best 16.450
  step 1050/1999 best 16.480
  step 1100/1999 best 16.308
  step 1150/1999 best 16.243
  step 1200/1999 best 16.369
  step 1250/1999 best 16.440
  step 1300/1999 best 16.466
  step 1350/1999 best 16.355
  step 1400/1999 best 16.419
  step 1450/1999 best 16.247
  step 1500/1999 best 16.478
  step 1550/1999 best 16.351
  step 1600/1999 best 16.375
  step 1650/1999 best 16.459
  step 1700/1999 best 16.388
  step 1750/1999 best 16.409
  step 1800/1999 best 16.268
  step 1850/1999 best 16.344
  step 1900/1999 best 16.485
  step 1950/1999 best 16.479
saved SBC_CHAINS_cnn_vmim__n1_jitter_seed_s3_sim175_row166693_noise8617_8796_8975 (240000, 4) acc=0.195
  step 0/1999 best -26.130
  step 50/1999 best -1.157
  step 100/1999 best -2.287
  step 150/1999 best -0.380
  step 200/1999 best 0.629
  step 250/1999 best 6.235
  step 300/1999 best 7.428
  step 350/1999 best 13.449
  step 400/1999 best 15.176
  step 450/1999 best 14.724
  step 500/1999 best 15.571
  step 550/1999 best 15.117
  step 600/1999 best 15.074
  step 650/1999 best 15.119
  step 700/1999 best 15.172
  step 750/1999 best 15.191
  step 800/1999 best 15.382
  step 850/1999 best 15.135
  step 900/1999 best 15.332
  step 950/1999 best 15.377
  step 1000/1999 best 15.049
  step 1050/1999 best 15.296
  step 1100/1999 best 15.491
  step 1150/1999 best 15.416
  step 1200/1999 best 15.469
  step 1250/1999 best 15.552
  step 1300/1999 best 15.439
  step 1350/1999 best 15.257
  step 1400/1999 best 15.270
  step 1450/1999 best 15.388
  step 1500/1999 best 15.558
  step 1550/1999 best 15.315
  step 1600/1999 best 15.417
  step 1650/1999 best 15.330
  step 1700/1999 best 15.508
  step 1750/1999 best 15.526
  step 1800/1999 best 15.424
  step 1850/1999 best 15.432
  step 1900/1999 best 15.464
  step 1950/1999 best 15.344
saved SBC_CHAINS_cnn_vmim__n1_jitter_seed_s3_sim1183_row1001908_noise4548_4727_4906 (240000, 4) acc=0.129
  step 0/1999 best -13.605
  step 50/1999 best 6.089
  step 100/1999 best 6.468
  step 150/1999 best 12.891
  step 200/1999 best 14.989
  step 250/1999 best 15.184
  step 300/1999 best 15.999
  step 350/1999 best 15.852
  step 400/1999 best 15.962
  step 450/1999 best 15.710
  step 500/1999 best 15.956
  step 550/1999 best 15.988
  step 600/1999 best 15.924
  step 650/1999 best 15.796
  step 700/1999 best 16.034
  step 750/1999 best 15.674
  step 800/1999 best 15.989
  step 850/1999 best 16.092
  step 900/1999 best 16.024
  step 950/1999 best 15.905
  step 1000/1999 best 16.044
  step 1050/1999 best 16.015
  step 1100/1999 best 16.064
  step 1150/1999 best 15.992
  step 1200/1999 best 15.990
  step 1250/1999 best 15.979
  step 1300/1999 best 16.051
  step 1350/1999 best 15.973
  step 1400/1999 best 15.759
  step 1450/1999 best 15.873
  step 1500/1999 best 16.038
  step 1550/1999 best 15.806
  step 1600/1999 best 16.076
  step 1650/1999 best 15.711
  step 1700/1999 best 16.024
  step 1750/1999 best 15.910
  step 1800/1999 best 16.048
  step 1850/1999 best 15.801
  step 1900/1999 best 15.961
  step 1950/1999 best 15.963
saved SBC_CHAINS_cnn_vmim__n1_jitter_seed_s3_sim369_row355819_noise6183_6362_6541 (240000, 4) acc=0.145
  step 0/1999 best -24.106
  step 50/1999 best -2.580
  step 100/1999 best 6.442
  step 150/1999 best 7.196
  step 200/1999 best 11.115
  step 250/1999 best 12.450
  step 300/1999 best 12.319
  step 350/1999 best 12.270
  step 400/1999 best 12.431
  step 450/1999 best 12.535
  step 500/1999 best 12.385
  step 550/1999 best 12.483
  step 600/1999 best 12.558
  step 650/1999 best 12.547
  step 700/1999 best 12.566
  step 750/1999 best 12.363
  step 800/1999 best 12.623
  step 850/1999 best 12.483
  step 900/1999 best 12.619
  step 950/1999 best 12.586
  step 1000/1999 best 12.546
  step 1050/1999 best 12.527
  step 1100/1999 best 12.551
  step 1150/1999 best 12.525
  step 1200/1999 best 12.537
  step 1250/1999 best 12.627
  step 1300/1999 best 12.498
  step 1350/1999 best 12.657
  step 1400/1999 best 12.368
  step 1450/1999 best 12.460
  step 1500/1999 best 12.578
  step 1550/1999 best 12.636
  step 1600/1999 best 12.553
  step 1650/1999 best 12.541
  step 1700/1999 best 12.673
  step 1750/1999 best 12.416
  step 1800/1999 best 12.452
  step 1850/1999 best 12.517
  step 1900/1999 best 12.592
  step 1950/1999 best 12.466
saved SBC_CHAINS_cnn_vmim__n1_jitter_seed_s3_sim3064_row2659794_noise8286_8465_8644 (240000, 4) acc=0.217
  step 0/1999 best -15.913
  step 50/1999 best 1.941
  step 100/1999 best 9.178
  step 150/1999 best 9.985
  step 200/1999 best 11.625
  step 250/1999 best 11.819
  step 300/1999 best 11.443
  step 350/1999 best 11.968
  step 400/1999 best 12.211
  step 450/1999 best 12.140
  step 500/1999 best 12.113
  step 550/1999 best 12.314
  step 600/1999 best 12.029
  step 650/1999 best 12.204
  step 700/1999 best 11.906
  step 750/1999 best 12.301
  step 800/1999 best 12.170
  step 850/1999 best 12.157
  step 900/1999 best 12.242
  step 950/1999 best 12.250
  step 1000/1999 best 12.151
  step 1050/1999 best 12.154
  step 1100/1999 best 12.205
  step 1150/1999 best 12.136
  step 1200/1999 best 12.212
  step 1250/1999 best 12.233
  step 1300/1999 best 12.231
  step 1350/1999 best 12.097
  step 1400/1999 best 12.348
  step 1450/1999 best 12.269
  step 1500/1999 best 12.145
  step 1550/1999 best 12.204
  step 1600/1999 best 12.120
  step 1650/1999 best 12.047
  step 1700/1999 best 12.181
  step 1750/1999 best 12.254
  step 1800/1999 best 12.327
  step 1850/1999 best 12.279
  step 1900/1999 best 12.319
  step 1950/1999 best 12.013
saved SBC_CHAINS_cnn_vmim__n1_jitter_seed_s3_sim2925_row2520641_noise6725_6904_7083 (240000, 4) acc=0.239
  step 0/1999 best -20.601
  step 50/1999 best 3.730
  step 100/1999 best 7.043
  step 150/1999 best 9.057
  step 200/1999 best 12.959
  step 250/1999 best 14.505
  step 300/1999 best 14.425
  step 350/1999 best 14.427
  step 400/1999 best 14.408
  step 450/1999 best 14.287
  step 500/1999 best 14.520
  step 550/1999 best 14.338
  step 600/1999 best 14.419
  step 650/1999 best 14.432
  step 700/1999 best 14.367
  step 750/1999 best 14.186
  step 800/1999 best 14.522
  step 850/1999 best 14.394
  step 900/1999 best 14.527
  step 950/1999 best 14.599
  step 1000/1999 best 14.381
  step 1050/1999 best 14.371
  step 1100/1999 best 14.451
  step 1150/1999 best 14.272
  step 1200/1999 best 14.474
  step 1250/1999 best 14.605
  step 1300/1999 best 14.548
  step 1350/1999 best 14.570
  step 1400/1999 best 14.626
  step 1450/1999 best 14.339
  step 1500/1999 best 14.464
  step 1550/1999 best 14.550
  step 1600/1999 best 14.386
  step 1650/1999 best 14.660
  step 1700/1999 best 14.565
  step 1750/1999 best 14.641
  step 1800/1999 best 14.449
  step 1850/1999 best 14.486
  step 1900/1999 best 14.629
  step 1950/1999 best 14.521
saved SBC_CHAINS_cnn_vmim__n1_jitter_seed_s3_sim733_row682525_noise6253_6432_6611 (240000, 4) acc=0.135
  step 0/1999 best -26.052
  step 50/1999 best 0.036
  step 100/1999 best 2.791
  step 150/1999 best 11.521
  step 200/1999 best 11.386
  step 250/1999 best 11.402
  step 300/1999 best 13.378
  step 350/1999 best 13.333
  step 400/1999 best 12.691
  step 450/1999 best 12.921
  step 500/1999 best 13.616
  step 550/1999 best 13.340
  step 600/1999 best 13.652
  step 650/1999 best 13.601
  step 700/1999 best 13.415
  step 750/1999 best 13.428
  step 800/1999 best 13.701
  step 850/1999 best 13.702
  step 900/1999 best 13.726
  step 950/1999 best 13.673
  step 1000/1999 best 13.656
  step 1050/1999 best 13.130
  step 1100/1999 best 13.374
  step 1150/1999 best 13.261
  step 1200/1999 best 13.145
  step 1250/1999 best 13.666
  step 1300/1999 best 13.541
  step 1350/1999 best 13.586
  step 1400/1999 best 12.926
  step 1450/1999 best 13.655
  step 1500/1999 best 13.552
  step 1550/1999 best 13.504
  step 1600/1999 best 13.482
  step 1650/1999 best 13.627
  step 1700/1999 best 13.588
  step 1750/1999 best 13.651
  step 1800/1999 best 13.423
  step 1850/1999 best 13.249
  step 1900/1999 best 13.570
  step 1950/1999 best 13.407
saved SBC_CHAINS_cnn_vmim__n1_jitter_seed_s3_sim844_row793768_noise9388_9567_9746 (240000, 4) acc=0.157
  step 0/1999 best -21.019
  step 50/1999 best 0.036
  step 100/1999 best 7.793
  step 150/1999 best 9.737
  step 200/1999 best 10.735
  step 250/1999 best 11.085
  step 300/1999 best 12.271
  step 350/1999 best 13.528
  step 400/1999 best 13.659
  step 450/1999 best 13.706
  step 500/1999 best 13.575
  step 550/1999 best 13.825
  step 600/1999 best 13.795
  step 650/1999 best 13.680
  step 700/1999 best 13.605
  step 750/1999 best 13.654
  step 800/1999 best 13.738
  step 850/1999 best 13.653
  step 900/1999 best 13.729
  step 950/1999 best 13.764
  step 1000/1999 best 13.693
  step 1050/1999 best 13.782
  step 1100/1999 best 13.781
  step 1150/1999 best 13.690
  step 1200/1999 best 13.733
  step 1250/1999 best 13.574
  step 1300/1999 best 13.728
  step 1350/1999 best 13.561
  step 1400/1999 best 13.704
  step 1450/1999 best 13.554
  step 1500/1999 best 13.861
  step 1550/1999 best 13.480
  step 1600/1999 best 13.812
  step 1650/1999 best 13.671
  step 1700/1999 best 13.809
  step 1750/1999 best 13.708
  step 1800/1999 best 13.505
  step 1850/1999 best 13.673
  step 1900/1999 best 13.761
  step 1950/1999 best 13.899
saved SBC_CHAINS_cnn_vmim__n1_jitter_seed_s3_sim655_row608501_noise6853_7032_7211 (240000, 4) acc=0.115
  step 0/1999 best -24.177
  step 50/1999 best 4.671
  step 100/1999 best 8.353
  step 150/1999 best 10.904
  step 200/1999 best 10.488
  step 250/1999 best 10.618
  step 300/1999 best 11.240
  step 350/1999 best 11.026
  step 400/1999 best 11.324
  step 450/1999 best 11.444
  step 500/1999 best 11.491
  step 550/1999 best 11.607
  step 600/1999 best 11.316
  step 650/1999 best 11.497
  step 700/1999 best 11.696
  step 750/1999 best 11.307
  step 800/1999 best 11.761
  step 850/1999 best 11.673
  step 900/1999 best 11.707
  step 950/1999 best 11.720
  step 1000/1999 best 11.643
  step 1050/1999 best 11.735
  step 1100/1999 best 11.561
  step 1150/1999 best 11.806
  step 1200/1999 best 11.549
  step 1250/1999 best 11.519
  step 1300/1999 best 11.477
  step 1350/1999 best 11.355
  step 1400/1999 best 11.497
  step 1450/1999 best 11.678
  step 1500/1999 best 11.702
  step 1550/1999 best 11.709
  step 1600/1999 best 11.580
  step 1650/1999 best 11.538
  step 1700/1999 best 11.658
  step 1750/1999 best 11.468
  step 1800/1999 best 11.669
  step 1850/1999 best 11.823
  step 1900/1999 best 11.743
  step 1950/1999 best 11.621
saved SBC_CHAINS_cnn_vmim__n1_jitter_seed_s3_sim1771_row1523190_noise2150_2329_2508 (240000, 4) acc=0.108
