[stage3] arm=cnn_vmim_/n1/seed_s2  nle=/gscratch/ddehiwalage-don/sbi_master/cnn_vmim_/n1/seed_s2/nle
[NLE] scope=standard_t family=nsf loaded from /gscratch/ddehiwalage-don/sbi_master/cnn_vmim_/n1/seed_s2/nle/standard_t/nsf
targets this task: 151 | family=standard_t_nsf | chains -> /gscratch/ddehiwalage-don/sbi_master/cnn_vmim_/n1/seed_s2/chains/standard_t_nsf
  step 0/1999 best -26.711
  step 50/1999 best 1.018
  step 100/1999 best 5.622
  step 150/1999 best 6.467
  step 200/1999 best 8.890
  step 250/1999 best 11.533
  step 300/1999 best 12.978
  step 350/1999 best 13.025
  step 400/1999 best 13.052
  step 450/1999 best 13.715
  step 500/1999 best 12.999
  step 550/1999 best 13.258
  step 600/1999 best 13.497
  step 650/1999 best 13.382
  step 700/1999 best 13.454
  step 750/1999 best 13.414
  step 800/1999 best 13.398
  step 850/1999 best 13.093
  step 900/1999 best 13.456
  step 950/1999 best 13.484
  step 1000/1999 best 13.488
  step 1050/1999 best 13.375
  step 1100/1999 best 13.538
  step 1150/1999 best 13.482
  step 1200/1999 best 13.530
  step 1250/1999 best 13.470
  step 1300/1999 best 13.550
  step 1350/1999 best 13.502
  step 1400/1999 best 13.621
  step 1450/1999 best 13.295
  step 1500/1999 best 13.615
  step 1550/1999 best 13.255
  step 1600/1999 best 13.539
  step 1650/1999 best 13.386
  step 1700/1999 best 13.495
  step 1750/1999 best 13.622
  step 1800/1999 best 13.541
  step 1850/1999 best 13.674
  step 1900/1999 best 13.598
  step 1950/1999 best 13.584
saved SBC_CHAINS_cnn_vmim__n1_seed_s2_sim2432_row2031451_noise4935_5114_5293 (240000, 4) acc=0.157
  step 0/1999 best -15.769
  step 50/1999 best -5.757
  step 100/1999 best -1.925
  step 150/1999 best 1.113
  step 200/1999 best 2.676
  step 250/1999 best 14.530
  step 300/1999 best 13.751
  step 350/1999 best 14.189
  step 400/1999 best 15.107
  step 450/1999 best 14.847
  step 500/1999 best 15.653
  step 550/1999 best 15.538
  step 600/1999 best 15.397
  step 650/1999 best 15.822
  step 700/1999 best 15.852
  step 750/1999 best 15.663
  step 800/1999 best 15.785
  step 850/1999 best 15.592
  step 900/1999 best 15.842
  step 950/1999 best 15.649
  step 1000/1999 best 15.564
  step 1050/1999 best 15.598
  step 1100/1999 best 15.525
  step 1150/1999 best 15.792
  step 1200/1999 best 15.829
  step 1250/1999 best 15.798
  step 1300/1999 best 15.710
  step 1350/1999 best 15.679
  step 1400/1999 best 15.705
  step 1450/1999 best 15.786
  step 1500/1999 best 15.884
  step 1550/1999 best 15.865
  step 1600/1999 best 15.632
  step 1650/1999 best 15.745
  step 1700/1999 best 15.877
  step 1750/1999 best 15.884
  step 1800/1999 best 15.729
  step 1850/1999 best 15.634
  step 1900/1999 best 15.849
  step 1950/1999 best 15.821
saved SBC_CHAINS_cnn_vmim__n1_seed_s2_sim2914_row2509790_noise5702_5881_6060 (240000, 4) acc=0.215
  step 0/1999 best -19.428
  step 50/1999 best -1.424
  step 100/1999 best 6.423
  step 150/1999 best 11.444
  step 200/1999 best 12.220
  step 250/1999 best 11.950
  step 300/1999 best 12.106
  step 350/1999 best 12.231
  step 400/1999 best 12.351
  step 450/1999 best 12.337
  step 500/1999 best 12.408
  step 550/1999 best 12.260
  step 600/1999 best 12.323
  step 650/1999 best 12.304
  step 700/1999 best 12.242
  step 750/1999 best 12.174
  step 800/1999 best 12.302
  step 850/1999 best 12.275
  step 900/1999 best 12.314
  step 950/1999 best 12.189
  step 1000/1999 best 12.348
  step 1050/1999 best 12.359
  step 1100/1999 best 12.317
  step 1150/1999 best 12.297
  step 1200/1999 best 12.110
  step 1250/1999 best 12.205
  step 1300/1999 best 12.260
  step 1350/1999 best 12.343
  step 1400/1999 best 12.247
  step 1450/1999 best 12.338
  step 1500/1999 best 12.360
  step 1550/1999 best 12.212
  step 1600/1999 best 12.338
  step 1650/1999 best 12.189
  step 1700/1999 best 12.286
  step 1750/1999 best 12.291
  step 1800/1999 best 12.357
  step 1850/1999 best 12.306
  step 1900/1999 best 12.352
  step 1950/1999 best 12.225
saved SBC_CHAINS_cnn_vmim__n1_seed_s2_sim2402_row2001217_noise4185_4364_4543 (240000, 4) acc=0.293
  step 0/1999 best -17.999
  step 50/1999 best -3.628
  step 100/1999 best 1.691
  step 150/1999 best 12.849
  step 200/1999 best 13.585
  step 250/1999 best 13.475
  step 300/1999 best 13.539
  step 350/1999 best 13.814
  step 400/1999 best 14.069
  step 450/1999 best 14.124
  step 500/1999 best 14.157
  step 550/1999 best 14.215
  step 600/1999 best 14.194
  step 650/1999 best 14.170
  step 700/1999 best 14.172
  step 750/1999 best 14.221
  step 800/1999 best 14.145
  step 850/1999 best 14.208
  step 900/1999 best 14.234
  step 950/1999 best 14.130
  step 1000/1999 best 14.182
  step 1050/1999 best 13.988
  step 1100/1999 best 14.228
  step 1150/1999 best 14.174
  step 1200/1999 best 14.057
  step 1250/1999 best 14.240
  step 1300/1999 best 14.191
  step 1350/1999 best 14.149
  step 1400/1999 best 14.101
  step 1450/1999 best 14.243
  step 1500/1999 best 14.038
  step 1550/1999 best 14.099
  step 1600/1999 best 14.095
  step 1650/1999 best 14.166
  step 1700/1999 best 14.144
  step 1750/1999 best 14.181
  step 1800/1999 best 14.160
  step 1850/1999 best 14.198
  step 1900/1999 best 14.120
  step 1950/1999 best 14.157
saved SBC_CHAINS_cnn_vmim__n1_seed_s2_sim2989_row2584459_noise1747_1926_2105 (240000, 4) acc=0.300
  step 0/1999 best -16.816
  step 50/1999 best 5.731
  step 100/1999 best 11.106
  step 150/1999 best 10.801
  step 200/1999 best 11.830
  step 250/1999 best 11.636
  step 300/1999 best 12.236
  step 350/1999 best 11.821
  step 400/1999 best 12.721
  step 450/1999 best 12.545
  step 500/1999 best 12.632
  step 550/1999 best 12.614
  step 600/1999 best 12.735
  step 650/1999 best 12.642
  step 700/1999 best 12.649
  step 750/1999 best 12.596
  step 800/1999 best 12.787
  step 850/1999 best 12.591
  step 900/1999 best 12.696
  step 950/1999 best 12.634
  step 1000/1999 best 12.525
  step 1050/1999 best 12.738
  step 1100/1999 best 12.759
  step 1150/1999 best 12.479
  step 1200/1999 best 12.458
  step 1250/1999 best 12.689
  step 1300/1999 best 12.612
  step 1350/1999 best 12.581
  step 1400/1999 best 12.662
  step 1450/1999 best 12.760
  step 1500/1999 best 12.665
  step 1550/1999 best 12.655
  step 1600/1999 best 12.632
  step 1650/1999 best 12.527
  step 1700/1999 best 12.707
  step 1750/1999 best 12.681
  step 1800/1999 best 12.688
  step 1850/1999 best 12.767
  step 1900/1999 best 12.624
  step 1950/1999 best 12.557
saved SBC_CHAINS_cnn_vmim__n1_seed_s2_sim2605_row2204417_noise997_1176_1355 (240000, 4) acc=0.158
  step 0/1999 best -23.857
  step 50/1999 best 1.496
  step 100/1999 best 7.931
  step 150/1999 best 16.786
  step 200/1999 best 16.171
  step 250/1999 best 17.464
  step 300/1999 best 17.969
  step 350/1999 best 17.952
  step 400/1999 best 17.857
  step 450/1999 best 18.009
  step 500/1999 best 18.047
  step 550/1999 best 18.182
  step 600/1999 best 18.163
  step 650/1999 best 18.325
  step 700/1999 best 18.171
  step 750/1999 best 18.160
  step 800/1999 best 18.256
  step 850/1999 best 18.050
  step 900/1999 best 18.293
  step 950/1999 best 18.143
  step 1000/1999 best 18.277
  step 1050/1999 best 18.267
  step 1100/1999 best 18.317
  step 1150/1999 best 18.278
  step 1200/1999 best 18.070
  step 1250/1999 best 18.306
  step 1300/1999 best 18.090
  step 1350/1999 best 18.203
  step 1400/1999 best 18.290
  step 1450/1999 best 18.302
  step 1500/1999 best 18.149
  step 1550/1999 best 18.310
  step 1600/1999 best 18.223
  step 1650/1999 best 18.166
  step 1700/1999 best 18.341
  step 1750/1999 best 18.248
  step 1800/1999 best 18.267
  step 1850/1999 best 18.322
  step 1900/1999 best 18.314
  step 1950/1999 best 18.334
saved SBC_CHAINS_cnn_vmim__n1_seed_s2_sim1372_row1180712_noise6620_6799_6978 (240000, 4) acc=0.318
  step 0/1999 best -24.063
  step 50/1999 best 2.244
  step 100/1999 best 9.754
  step 150/1999 best 13.903
  step 200/1999 best 14.649
  step 250/1999 best 15.047
  step 300/1999 best 15.382
  step 350/1999 best 15.821
  step 400/1999 best 15.678
  step 450/1999 best 15.786
  step 500/1999 best 15.571
  step 550/1999 best 15.679
  step 600/1999 best 15.610
  step 650/1999 best 15.654
  step 700/1999 best 15.708
  step 750/1999 best 15.832
  step 800/1999 best 15.859
  step 850/1999 best 15.779
  step 900/1999 best 15.775
  step 950/1999 best 15.823
  step 1000/1999 best 15.706
  step 1050/1999 best 15.787
  step 1100/1999 best 15.777
  step 1150/1999 best 15.889
  step 1200/1999 best 15.847
  step 1250/1999 best 15.829
  step 1300/1999 best 15.748
  step 1350/1999 best 15.713
  step 1400/1999 best 15.743
  step 1450/1999 best 15.674
  step 1500/1999 best 15.814
  step 1550/1999 best 15.771
  step 1600/1999 best 15.852
  step 1650/1999 best 15.808
  step 1700/1999 best 15.790
  step 1750/1999 best 15.809
  step 1800/1999 best 15.878
  step 1850/1999 best 15.829
  step 1900/1999 best 15.712
  step 1950/1999 best 15.817
saved SBC_CHAINS_cnn_vmim__n1_seed_s2_sim1447_row1229505_noise2789_2968_3147 (240000, 4) acc=0.254
  step 0/1999 best -28.269
  step 50/1999 best -3.394
  step 100/1999 best 13.252
  step 150/1999 best 14.892
  step 200/1999 best 15.269
  step 250/1999 best 15.774
  step 300/1999 best 15.670
  step 350/1999 best 15.677
  step 400/1999 best 15.929
  step 450/1999 best 15.907
  step 500/1999 best 15.753
  step 550/1999 best 15.939
  step 600/1999 best 15.769
  step 650/1999 best 15.826
  step 700/1999 best 15.987
  step 750/1999 best 15.841
  step 800/1999 best 15.900
  step 850/1999 best 15.794
  step 900/1999 best 15.929
  step 950/1999 best 15.842
  step 1000/1999 best 15.886
  step 1050/1999 best 15.844
  step 1100/1999 best 15.882
  step 1150/1999 best 15.830
  step 1200/1999 best 15.996
  step 1250/1999 best 15.953
  step 1300/1999 best 15.899
  step 1350/1999 best 15.983
  step 1400/1999 best 15.759
  step 1450/1999 best 15.943
  step 1500/1999 best 15.810
  step 1550/1999 best 15.876
  step 1600/1999 best 15.837
  step 1650/1999 best 15.923
  step 1700/1999 best 15.893
  step 1750/1999 best 15.703
  step 1800/1999 best 15.981
  step 1850/1999 best 15.944
  step 1900/1999 best 15.841
  step 1950/1999 best 15.936
saved SBC_CHAINS_cnn_vmim__n1_seed_s2_sim355_row341343_noise1535_1714_1893 (240000, 4) acc=0.266
  step 0/1999 best -19.746
  step 50/1999 best -4.594
  step 100/1999 best 9.123
  step 150/1999 best 10.924
  step 200/1999 best 14.318
  step 250/1999 best 15.375
  step 300/1999 best 15.170
  step 350/1999 best 15.620
  step 400/1999 best 15.596
  step 450/1999 best 15.630
  step 500/1999 best 15.651
  step 550/1999 best 15.658
  step 600/1999 best 15.477
  step 650/1999 best 15.632
  step 700/1999 best 15.545
  step 750/1999 best 15.540
  step 800/1999 best 15.655
  step 850/1999 best 15.725
  step 900/1999 best 15.590
  step 950/1999 best 15.448
  step 1000/1999 best 15.295
  step 1050/1999 best 15.644
  step 1100/1999 best 15.511
  step 1150/1999 best 15.730
  step 1200/1999 best 15.609
  step 1250/1999 best 15.633
  step 1300/1999 best 15.540
  step 1350/1999 best 15.506
  step 1400/1999 best 15.690
  step 1450/1999 best 15.620
  step 1500/1999 best 15.627
  step 1550/1999 best 15.711
  step 1600/1999 best 15.578
  step 1650/1999 best 15.596
  step 1700/1999 best 15.668
  step 1750/1999 best 15.739
  step 1800/1999 best 15.578
  step 1850/1999 best 15.693
  step 1900/1999 best 15.659
  step 1950/1999 best 15.541
saved SBC_CHAINS_cnn_vmim__n1_seed_s2_sim716_row665465_noise8849_9028_9207 (240000, 4) acc=0.283
  step 0/1999 best -18.674
  step 50/1999 best 1.394
  step 100/1999 best 13.431
  step 150/1999 best 13.738
  step 200/1999 best 15.179
  step 250/1999 best 15.099
  step 300/1999 best 15.387
  step 350/1999 best 15.305
  step 400/1999 best 15.127
  step 450/1999 best 15.424
  step 500/1999 best 15.367
  step 550/1999 best 15.295
  step 600/1999 best 15.303
  step 650/1999 best 15.385
  step 700/1999 best 15.160
  step 750/1999 best 15.374
  step 800/1999 best 15.423
  step 850/1999 best 15.355
  step 900/1999 best 15.306
  step 950/1999 best 15.419
  step 1000/1999 best 15.350
  step 1050/1999 best 15.272
  step 1100/1999 best 15.322
  step 1150/1999 best 15.438
  step 1200/1999 best 15.359
  step 1250/1999 best 15.340
  step 1300/1999 best 15.276
  step 1350/1999 best 15.459
  step 1400/1999 best 15.237
  step 1450/1999 best 15.430
  step 1500/1999 best 15.288
  step 1550/1999 best 15.417
  step 1600/1999 best 15.230
  step 1650/1999 best 15.333
  step 1700/1999 best 15.225
  step 1750/1999 best 15.279
  step 1800/1999 best 15.216
  step 1850/1999 best 15.370
  step 1900/1999 best 15.360
  step 1950/1999 best 15.371
saved SBC_CHAINS_cnn_vmim__n1_seed_s2_sim1460_row1242191_noise5647_5826_6005 (240000, 4) acc=0.287
  step 0/1999 best -22.171
  step 50/1999 best 4.046
  step 100/1999 best 6.710
  step 150/1999 best 13.219
  step 200/1999 best 15.609
  step 250/1999 best 15.867
  step 300/1999 best 16.043
  step 350/1999 best 16.807
  step 400/1999 best 16.176
  step 450/1999 best 16.647
  step 500/1999 best 16.549
  step 550/1999 best 16.719
  step 600/1999 best 16.765
  step 650/1999 best 16.693
  step 700/1999 best 16.625
  step 750/1999 best 16.431
  step 800/1999 best 16.740
  step 850/1999 best 16.806
  step 900/1999 best 16.698
  step 950/1999 best 16.692
  step 1000/1999 best 16.820
  step 1050/1999 best 16.614
  step 1100/1999 best 16.709
  step 1150/1999 best 16.779
  step 1200/1999 best 16.615
  step 1250/1999 best 16.735
  step 1300/1999 best 16.485
  step 1350/1999 best 16.469
  step 1400/1999 best 16.672
  step 1450/1999 best 16.656
  step 1500/1999 best 16.678
  step 1550/1999 best 16.749
  step 1600/1999 best 16.632
  step 1650/1999 best 16.574
  step 1700/1999 best 16.641
  step 1750/1999 best 16.724
  step 1800/1999 best 16.448
  step 1850/1999 best 16.680
  step 1900/1999 best 16.771
  step 1950/1999 best 16.689
saved SBC_CHAINS_cnn_vmim__n1_seed_s2_sim333_row319930_noise9606_9785_136 (240000, 4) acc=0.188
  step 0/1999 best -19.301
  step 50/1999 best 0.423
  step 100/1999 best 12.967
  step 150/1999 best 12.967
  step 200/1999 best 12.967
  step 250/1999 best 14.984
  step 300/1999 best 14.820
  step 350/1999 best 15.384
  step 400/1999 best 15.474
  step 450/1999 best 15.293
  step 500/1999 best 14.992
  step 550/1999 best 15.100
  step 600/1999 best 15.332
  step 650/1999 best 15.370
  step 700/1999 best 15.411
  step 750/1999 best 15.472
  step 800/1999 best 15.398
  step 850/1999 best 15.368
  step 900/1999 best 15.209
  step 950/1999 best 15.415
  step 1000/1999 best 15.536
  step 1050/1999 best 15.425
  step 1100/1999 best 15.182
  step 1150/1999 best 15.360
  step 1200/1999 best 15.254
  step 1250/1999 best 15.361
  step 1300/1999 best 15.345
  step 1350/1999 best 15.390
  step 1400/1999 best 15.381
  step 1450/1999 best 15.337
  step 1500/1999 best 15.447
  step 1550/1999 best 15.492
  step 1600/1999 best 15.313
  step 1650/1999 best 15.364
  step 1700/1999 best 15.198
  step 1750/1999 best 15.344
  step 1800/1999 best 15.406
  step 1850/1999 best 15.482
  step 1900/1999 best 15.393
  step 1950/1999 best 15.372
saved SBC_CHAINS_cnn_vmim__n1_seed_s2_sim2366_row1965864_noise8144_8323_8502 (240000, 4) acc=0.203
  step 0/1999 best -19.531
  step 50/1999 best 7.867
  step 100/1999 best 9.514
  step 150/1999 best 13.360
  step 200/1999 best 15.673
  step 250/1999 best 16.431
  step 300/1999 best 16.730
  step 350/1999 best 16.884
  step 400/1999 best 16.936
  step 450/1999 best 16.813
  step 500/1999 best 16.709
  step 550/1999 best 16.810
  step 600/1999 best 16.765
  step 650/1999 best 16.636
  step 700/1999 best 16.591
  step 750/1999 best 16.826
  step 800/1999 best 16.816
  step 850/1999 best 16.944
  step 900/1999 best 16.908
  step 950/1999 best 16.959
  step 1000/1999 best 16.889
  step 1050/1999 best 16.803
  step 1100/1999 best 16.826
  step 1150/1999 best 16.903
  step 1200/1999 best 16.867
  step 1250/1999 best 16.918
  step 1300/1999 best 16.864
  step 1350/1999 best 16.980
  step 1400/1999 best 16.764
  step 1450/1999 best 16.815
  step 1500/1999 best 16.869
  step 1550/1999 best 16.970
  step 1600/1999 best 16.764
  step 1650/1999 best 16.985
  step 1700/1999 best 16.911
  step 1750/1999 best 16.863
  step 1800/1999 best 16.942
  step 1850/1999 best 16.926
  step 1900/1999 best 16.791
  step 1950/1999 best 16.788
saved SBC_CHAINS_cnn_vmim__n1_seed_s2_sim741_row690167_noise4067_4246_4425 (240000, 4) acc=0.289
  step 0/1999 best -22.992
  step 50/1999 best -6.167
  step 100/1999 best 7.551
  step 150/1999 best 10.229
  step 200/1999 best 11.349
  step 250/1999 best 12.364
  step 300/1999 best 12.482
  step 350/1999 best 13.080
  step 400/1999 best 12.538
  step 450/1999 best 12.853
  step 500/1999 best 12.986
  step 550/1999 best 12.877
  step 600/1999 best 12.968
  step 650/1999 best 13.011
  step 700/1999 best 12.763
  step 750/1999 best 12.555
  step 800/1999 best 12.689
  step 850/1999 best 12.990
  step 900/1999 best 12.957
  step 950/1999 best 12.964
  step 1000/1999 best 12.811
  step 1050/1999 best 13.038
  step 1100/1999 best 12.882
  step 1150/1999 best 13.057
  step 1200/1999 best 12.835
  step 1250/1999 best 13.007
  step 1300/1999 best 12.690
  step 1350/1999 best 12.811
  step 1400/1999 best 12.925
  step 1450/1999 best 12.851
  step 1500/1999 best 13.061
  step 1550/1999 best 12.825
  step 1600/1999 best 12.895
  step 1650/1999 best 12.831
  step 1700/1999 best 13.076
  step 1750/1999 best 12.926
  step 1800/1999 best 13.014
  step 1850/1999 best 12.994
  step 1900/1999 best 13.056
  step 1950/1999 best 12.704
saved SBC_CHAINS_cnn_vmim__n1_seed_s2_sim2510_row2109524_noise4384_4563_4742 (240000, 4) acc=0.155
  step 0/1999 best -21.840
  step 50/1999 best -0.620
  step 100/1999 best 9.986
  step 150/1999 best 11.407
  step 200/1999 best 13.720
  step 250/1999 best 13.915
  step 300/1999 best 13.848
  step 350/1999 best 14.755
  step 400/1999 best 14.865
  step 450/1999 best 14.588
  step 500/1999 best 14.495
  step 550/1999 best 14.879
  step 600/1999 best 14.899
  step 650/1999 best 14.838
  step 700/1999 best 14.425
  step 750/1999 best 14.512
  step 800/1999 best 14.523
  step 850/1999 best 14.853
  step 900/1999 best 14.393
  step 950/1999 best 14.789
  step 1000/1999 best 14.870
  step 1050/1999 best 14.831
  step 1100/1999 best 14.562
  step 1150/1999 best 14.583
  step 1200/1999 best 14.706
  step 1250/1999 best 14.725
  step 1300/1999 best 14.558
  step 1350/1999 best 14.469
  step 1400/1999 best 14.573
  step 1450/1999 best 14.669
  step 1500/1999 best 14.839
  step 1550/1999 best 14.567
  step 1600/1999 best 14.754
  step 1650/1999 best 14.827
  step 1700/1999 best 14.780
  step 1750/1999 best 14.639
  step 1800/1999 best 14.801
  step 1850/1999 best 14.828
  step 1900/1999 best 14.825
  step 1950/1999 best 14.903
saved SBC_CHAINS_cnn_vmim__n1_seed_s2_sim2439_row2038247_noise1903_2082_2261 (240000, 4) acc=0.136
  step 0/1999 best -25.148
  step 50/1999 best 9.434
  step 100/1999 best 13.555
  step 150/1999 best 13.445
  step 200/1999 best 14.217
  step 250/1999 best 14.388
  step 300/1999 best 14.441
  step 350/1999 best 14.640
  step 400/1999 best 14.468
  step 450/1999 best 14.438
  step 500/1999 best 14.546
  step 550/1999 best 14.491
  step 600/1999 best 14.566
  step 650/1999 best 14.532
  step 700/1999 best 14.655
  step 750/1999 best 14.539
  step 800/1999 best 14.649
  step 850/1999 best 14.658
  step 900/1999 best 14.539
  step 950/1999 best 14.505
  step 1000/1999 best 14.585
  step 1050/1999 best 14.463
  step 1100/1999 best 14.518
  step 1150/1999 best 14.521
  step 1200/1999 best 14.400
  step 1250/1999 best 14.637
  step 1300/1999 best 14.660
  step 1350/1999 best 14.605
  step 1400/1999 best 14.546
  step 1450/1999 best 14.669
  step 1500/1999 best 14.658
  step 1550/1999 best 14.494
  step 1600/1999 best 14.493
  step 1650/1999 best 14.546
  step 1700/1999 best 14.607
  step 1750/1999 best 14.578
  step 1800/1999 best 14.580
  step 1850/1999 best 14.592
  step 1900/1999 best 14.648
  step 1950/1999 best 14.498
saved SBC_CHAINS_cnn_vmim__n1_seed_s2_sim439_row417748_noise7316_7495_7674 (240000, 4) acc=0.289
  step 0/1999 best -31.364
  step 50/1999 best -5.065
  step 100/1999 best 4.214
  step 150/1999 best 12.083
  step 200/1999 best 11.755
  step 250/1999 best 12.209
  step 300/1999 best 12.097
  step 350/1999 best 12.277
  step 400/1999 best 12.310
  step 450/1999 best 12.496
  step 500/1999 best 12.401
  step 550/1999 best 12.488
  step 600/1999 best 12.547
  step 650/1999 best 12.400
  step 700/1999 best 12.452
  step 750/1999 best 12.487
  step 800/1999 best 12.531
  step 850/1999 best 12.286
  step 900/1999 best 12.567
  step 950/1999 best 12.557
  step 1000/1999 best 12.546
  step 1050/1999 best 12.533
  step 1100/1999 best 12.429
  step 1150/1999 best 12.499
  step 1200/1999 best 12.301
  step 1250/1999 best 12.557
  step 1300/1999 best 12.588
  step 1350/1999 best 12.433
  step 1400/1999 best 12.511
  step 1450/1999 best 12.501
  step 1500/1999 best 12.603
  step 1550/1999 best 12.373
  step 1600/1999 best 12.372
  step 1650/1999 best 12.337
  step 1700/1999 best 12.492
  step 1750/1999 best 12.572
  step 1800/1999 best 12.429
  step 1850/1999 best 12.508
  step 1900/1999 best 12.357
  step 1950/1999 best 12.491
saved SBC_CHAINS_cnn_vmim__n1_seed_s2_sim919_row868303_noise5299_5478_5657 (240000, 4) acc=0.252
  step 0/1999 best -19.368
  step 50/1999 best 1.442
  step 100/1999 best 3.364
  step 150/1999 best 3.927
  step 200/1999 best 7.958
  step 250/1999 best 10.126
  step 300/1999 best 13.104
  step 350/1999 best 14.188
  step 400/1999 best 14.405
  step 450/1999 best 14.265
  step 500/1999 best 14.472
  step 550/1999 best 14.809
  step 600/1999 best 14.891
  step 650/1999 best 15.038
  step 700/1999 best 15.009
  step 750/1999 best 15.090
  step 800/1999 best 15.120
  step 850/1999 best 15.009
  step 900/1999 best 15.051
  step 950/1999 best 14.941
  step 1000/1999 best 15.140
  step 1050/1999 best 15.056
  step 1100/1999 best 14.991
  step 1150/1999 best 14.998
  step 1200/1999 best 15.047
  step 1250/1999 best 15.019
  step 1300/1999 best 14.987
  step 1350/1999 best 15.020
  step 1400/1999 best 15.003
  step 1450/1999 best 15.124
  step 1500/1999 best 15.155
  step 1550/1999 best 15.134
  step 1600/1999 best 15.060
  step 1650/1999 best 14.896
  step 1700/1999 best 15.078
  step 1750/1999 best 14.981
  step 1800/1999 best 14.940
  step 1850/1999 best 15.107
  step 1900/1999 best 14.992
  step 1950/1999 best 14.953
saved SBC_CHAINS_cnn_vmim__n1_seed_s2_sim1000_row946749_noise8121_8300_8479 (240000, 4) acc=0.303
  step 0/1999 best -23.718
  step 50/1999 best -5.175
  step 100/1999 best 6.943
  step 150/1999 best 8.060
  step 200/1999 best 9.122
  step 250/1999 best 8.368
  step 300/1999 best 9.095
  step 350/1999 best 9.694
  step 400/1999 best 10.167
  step 450/1999 best 10.043
  step 500/1999 best 10.163
  step 550/1999 best 10.067
  step 600/1999 best 10.093
  step 650/1999 best 10.241
  step 700/1999 best 10.191
  step 750/1999 best 10.251
  step 800/1999 best 10.294
  step 850/1999 best 10.281
  step 900/1999 best 10.121
  step 950/1999 best 10.046
  step 1000/1999 best 10.242
  step 1050/1999 best 10.110
  step 1100/1999 best 9.990
  step 1150/1999 best 10.283
  step 1200/1999 best 10.182
  step 1250/1999 best 10.330
  step 1300/1999 best 10.249
  step 1350/1999 best 10.216
  step 1400/1999 best 10.277
  step 1450/1999 best 10.184
  step 1500/1999 best 10.086
  step 1550/1999 best 10.165
  step 1600/1999 best 10.125
  step 1650/1999 best 10.128
  step 1700/1999 best 10.221
  step 1750/1999 best 10.169
  step 1800/1999 best 10.070
  step 1850/1999 best 10.332
  step 1900/1999 best 10.228
  step 1950/1999 best 10.140
saved SBC_CHAINS_cnn_vmim__n1_seed_s2_sim2545_row2144004_noise9380_9559_9738 (240000, 4) acc=0.261
  step 0/1999 best -21.928
  step 50/1999 best -2.032
  step 100/1999 best 6.102
  step 150/1999 best 7.965
  step 200/1999 best 12.323
  step 250/1999 best 11.159
  step 300/1999 best 12.236
  step 350/1999 best 14.645
  step 400/1999 best 15.420
  step 450/1999 best 15.009
  step 500/1999 best 15.207
  step 550/1999 best 15.323
  step 600/1999 best 15.030
  step 650/1999 best 15.296
  step 700/1999 best 15.379
  step 750/1999 best 15.307
  step 800/1999 best 15.418
  step 850/1999 best 15.428
  step 900/1999 best 15.403
  step 950/1999 best 15.337
  step 1000/1999 best 15.245
  step 1050/1999 best 15.323
  step 1100/1999 best 15.458
  step 1150/1999 best 15.348
  step 1200/1999 best 15.472
  step 1250/1999 best 15.098
  step 1300/1999 best 15.319
  step 1350/1999 best 15.418
  step 1400/1999 best 15.345
  step 1450/1999 best 15.407
  step 1500/1999 best 15.424
  step 1550/1999 best 15.261
  step 1600/1999 best 15.506
  step 1650/1999 best 15.387
  step 1700/1999 best 15.517
  step 1750/1999 best 15.348
  step 1800/1999 best 15.371
  step 1850/1999 best 15.467
  step 1900/1999 best 15.275
  step 1950/1999 best 15.325
saved SBC_CHAINS_cnn_vmim__n1_seed_s2_sim2446_row2045877_noise9533_9712_63 (240000, 4) acc=0.135
  step 0/1999 best -16.783
  step 50/1999 best -5.157
  step 100/1999 best -0.496
  step 150/1999 best -0.496
  step 200/1999 best 3.547
  step 250/1999 best 2.915
  step 300/1999 best 3.279
  step 350/1999 best 8.505
  step 400/1999 best 13.777
  step 450/1999 best 14.397
  step 500/1999 best 15.243
  step 550/1999 best 15.323
  step 600/1999 best 15.264
  step 650/1999 best 15.133
  step 700/1999 best 15.431
  step 750/1999 best 15.381
  step 800/1999 best 15.450
  step 850/1999 best 15.401
  step 900/1999 best 15.340
  step 950/1999 best 15.406
  step 1000/1999 best 15.340
  step 1050/1999 best 15.420
  step 1100/1999 best 15.515
  step 1150/1999 best 15.294
  step 1200/1999 best 15.313
  step 1250/1999 best 15.464
  step 1300/1999 best 15.505
  step 1350/1999 best 15.497
  step 1400/1999 best 15.437
  step 1450/1999 best 15.426
  step 1500/1999 best 15.411
  step 1550/1999 best 15.378
  step 1600/1999 best 15.440
  step 1650/1999 best 15.430
  step 1700/1999 best 15.508
  step 1750/1999 best 15.526
  step 1800/1999 best 15.534
  step 1850/1999 best 15.323
  step 1900/1999 best 15.578
  step 1950/1999 best 15.565
saved SBC_CHAINS_cnn_vmim__n1_seed_s2_sim2386_row1985845_noise8469_8648_8827 (240000, 4) acc=0.142
  step 0/1999 best -19.834
  step 50/1999 best -0.609
  step 100/1999 best 0.582
  step 150/1999 best 10.791
  step 200/1999 best 13.521
  step 250/1999 best 14.504
  step 300/1999 best 14.861
  step 350/1999 best 14.733
  step 400/1999 best 15.017
  step 450/1999 best 14.961
  step 500/1999 best 15.010
  step 550/1999 best 14.993
  step 600/1999 best 15.114
  step 650/1999 best 15.045
  step 700/1999 best 15.046
  step 750/1999 best 15.042
  step 800/1999 best 15.163
  step 850/1999 best 14.957
  step 900/1999 best 15.128
  step 950/1999 best 15.158
  step 1000/1999 best 14.998
  step 1050/1999 best 14.968
  step 1100/1999 best 14.938
  step 1150/1999 best 15.075
  step 1200/1999 best 15.135
  step 1250/1999 best 15.173
  step 1300/1999 best 14.956
  step 1350/1999 best 15.126
  step 1400/1999 best 15.133
  step 1450/1999 best 14.963
  step 1500/1999 best 15.159
  step 1550/1999 best 15.059
  step 1600/1999 best 15.070
  step 1650/1999 best 14.991
  step 1700/1999 best 15.010
  step 1750/1999 best 15.214
  step 1800/1999 best 15.194
  step 1850/1999 best 15.128
  step 1900/1999 best 14.848
  step 1950/1999 best 15.049
saved SBC_CHAINS_cnn_vmim__n1_seed_s2_sim2385_row1984016_noise6640_6819_6998 (240000, 4) acc=0.199
  step 0/1999 best -24.307
  step 50/1999 best -6.914
  step 100/1999 best 1.187
  step 150/1999 best 13.237
  step 200/1999 best 14.326
  step 250/1999 best 14.363
  step 300/1999 best 14.480
  step 350/1999 best 14.851
  step 400/1999 best 15.008
  step 450/1999 best 14.921
  step 500/1999 best 14.757
  step 550/1999 best 14.827
  step 600/1999 best 14.948
  step 650/1999 best 14.976
  step 700/1999 best 15.059
  step 750/1999 best 14.854
  step 800/1999 best 14.963
  step 850/1999 best 14.824
  step 900/1999 best 15.005
  step 950/1999 best 14.862
  step 1000/1999 best 15.077
  step 1050/1999 best 15.050
  step 1100/1999 best 15.101
  step 1150/1999 best 14.961
  step 1200/1999 best 15.047
  step 1250/1999 best 15.016
  step 1300/1999 best 14.997
  step 1350/1999 best 14.893
  step 1400/1999 best 15.038
  step 1450/1999 best 15.086
  step 1500/1999 best 14.960
  step 1550/1999 best 14.951
  step 1600/1999 best 14.821
  step 1650/1999 best 15.026
  step 1700/1999 best 15.046
  step 1750/1999 best 15.044
  step 1800/1999 best 15.093
  step 1850/1999 best 14.857
  step 1900/1999 best 15.008
  step 1950/1999 best 15.026
saved SBC_CHAINS_cnn_vmim__n1_seed_s2_sim2906_row2501227_noise6967_7146_7325 (240000, 4) acc=0.338
  step 0/1999 best -20.892
  step 50/1999 best 0.059
  step 100/1999 best -0.406
  step 150/1999 best 4.832
  step 200/1999 best 6.635
  step 250/1999 best 14.121
  step 300/1999 best 14.214
  step 350/1999 best 14.467
  step 400/1999 best 15.690
  step 450/1999 best 15.775
  step 500/1999 best 15.898
  step 550/1999 best 15.954
  step 600/1999 best 15.897
  step 650/1999 best 15.864
  step 700/1999 best 15.879
  step 750/1999 best 15.861
  step 800/1999 best 15.802
  step 850/1999 best 15.932
  step 900/1999 best 15.850
  step 950/1999 best 15.837
  step 1000/1999 best 15.929
  step 1050/1999 best 15.765
  step 1100/1999 best 15.694
  step 1150/1999 best 15.920
  step 1200/1999 best 15.788
  step 1250/1999 best 15.702
  step 1300/1999 best 15.623
  step 1350/1999 best 15.862
  step 1400/1999 best 15.948
  step 1450/1999 best 15.911
  step 1500/1999 best 15.890
  step 1550/1999 best 15.760
  step 1600/1999 best 15.939
  step 1650/1999 best 15.960
  step 1700/1999 best 15.870
  step 1750/1999 best 15.797
  step 1800/1999 best 15.840
  step 1850/1999 best 15.925
  step 1900/1999 best 15.901
  step 1950/1999 best 15.914
saved SBC_CHAINS_cnn_vmim__n1_seed_s2_sim717_row666868_noise424_603_782 (240000, 4) acc=0.250
  step 0/1999 best -9.996
  step 50/1999 best 2.202
  step 100/1999 best 13.996
  step 150/1999 best 15.286
  step 200/1999 best 16.045
  step 250/1999 best 15.991
  step 300/1999 best 16.117
  step 350/1999 best 16.112
  step 400/1999 best 16.137
  step 450/1999 best 16.200
  step 500/1999 best 16.186
  step 550/1999 best 16.074
  step 600/1999 best 15.998
  step 650/1999 best 16.128
  step 700/1999 best 16.033
  step 750/1999 best 16.063
  step 800/1999 best 16.161
  step 850/1999 best 16.101
  step 900/1999 best 16.133
  step 950/1999 best 15.982
  step 1000/1999 best 16.083
  step 1050/1999 best 16.141
  step 1100/1999 best 16.092
  step 1150/1999 best 16.056
  step 1200/1999 best 16.044
  step 1250/1999 best 16.074
  step 1300/1999 best 16.161
  step 1350/1999 best 16.093
  step 1400/1999 best 16.130
  step 1450/1999 best 16.175
  step 1500/1999 best 16.040
  step 1550/1999 best 15.985
  step 1600/1999 best 16.183
  step 1650/1999 best 15.991
  step 1700/1999 best 16.083
  step 1750/1999 best 16.120
  step 1800/1999 best 16.009
  step 1850/1999 best 15.975
  step 1900/1999 best 16.130
  step 1950/1999 best 16.163
saved SBC_CHAINS_cnn_vmim__n1_seed_s2_sim2060_row1670556_noise6504_6683_6862 (240000, 4) acc=0.312
  step 0/1999 best -29.174
  step 50/1999 best 2.110
  step 100/1999 best 11.181
  step 150/1999 best 13.439
  step 200/1999 best 15.522
  step 250/1999 best 15.826
  step 300/1999 best 15.744
  step 350/1999 best 15.640
  step 400/1999 best 15.856
  step 450/1999 best 15.834
  step 500/1999 best 15.807
  step 550/1999 best 15.844
  step 600/1999 best 15.678
  step 650/1999 best 15.717
  step 700/1999 best 15.719
  step 750/1999 best 15.692
  step 800/1999 best 15.869
  step 850/1999 best 15.752
  step 900/1999 best 15.698
  step 950/1999 best 15.873
  step 1000/1999 best 15.745
  step 1050/1999 best 15.750
  step 1100/1999 best 15.623
  step 1150/1999 best 15.710
  step 1200/1999 best 15.641
  step 1250/1999 best 15.728
  step 1300/1999 best 15.835
  step 1350/1999 best 15.890
  step 1400/1999 best 15.798
  step 1450/1999 best 15.817
  step 1500/1999 best 15.668
  step 1550/1999 best 15.682
  step 1600/1999 best 15.731
  step 1650/1999 best 15.857
  step 1700/1999 best 15.720
  step 1750/1999 best 15.734
  step 1800/1999 best 15.802
  step 1850/1999 best 15.674
  step 1900/1999 best 15.823
  step 1950/1999 best 15.822
saved SBC_CHAINS_cnn_vmim__n1_seed_s2_sim957_row906839_noise4523_4702_4881 (240000, 4) acc=0.338
  step 0/1999 best -27.937
  step 50/1999 best -12.957
  step 100/1999 best 3.339
  step 150/1999 best 13.787
  step 200/1999 best 16.498
  step 250/1999 best 15.888
  step 300/1999 best 15.551
  step 350/1999 best 14.227
  step 400/1999 best 16.087
  step 450/1999 best 15.241
  step 500/1999 best 15.046
  step 550/1999 best 15.795
  step 600/1999 best 16.350
  step 650/1999 best 15.879
  step 700/1999 best 16.787
  step 750/1999 best 16.702
  step 800/1999 best 16.305
  step 850/1999 best 16.336
  step 900/1999 best 16.609
  step 950/1999 best 16.368
  step 1000/1999 best 16.735
  step 1050/1999 best 16.349
  step 1100/1999 best 16.526
  step 1150/1999 best 16.726
  step 1200/1999 best 16.446
  step 1250/1999 best 16.436
  step 1300/1999 best 16.544
  step 1350/1999 best 16.421
  step 1400/1999 best 16.737
  step 1450/1999 best 16.538
  step 1500/1999 best 16.774
  step 1550/1999 best 16.758
  step 1600/1999 best 16.753
  step 1650/1999 best 16.641
  step 1700/1999 best 16.677
  step 1750/1999 best 16.712
  step 1800/1999 best 16.698
  step 1850/1999 best 16.656
  step 1900/1999 best 16.449
  step 1950/1999 best 16.753
saved SBC_CHAINS_cnn_vmim__n1_seed_s2_sim1738_row1491692_noise8964_9143_9322 (240000, 4) acc=0.142
  step 0/1999 best -24.314
  step 50/1999 best -7.029
  step 100/1999 best -2.539
  step 150/1999 best 6.169
  step 200/1999 best 6.677
  step 250/1999 best 10.671
  step 300/1999 best 11.850
  step 350/1999 best 13.472
  step 400/1999 best 13.531
  step 450/1999 best 13.552
  step 500/1999 best 13.908
  step 550/1999 best 13.932
  step 600/1999 best 13.927
  step 650/1999 best 13.907
  step 700/1999 best 13.973
  step 750/1999 best 14.069
  step 800/1999 best 14.116
  step 850/1999 best 13.703
  step 900/1999 best 14.064
  step 950/1999 best 14.026
  step 1000/1999 best 14.047
  step 1050/1999 best 13.991
  step 1100/1999 best 14.026
  step 1150/1999 best 13.998
  step 1200/1999 best 14.103
  step 1250/1999 best 14.029
  step 1300/1999 best 13.879
  step 1350/1999 best 14.086
  step 1400/1999 best 13.973
  step 1450/1999 best 14.083
  step 1500/1999 best 13.815
  step 1550/1999 best 14.041
  step 1600/1999 best 14.040
  step 1650/1999 best 13.973
  step 1700/1999 best 13.948
  step 1750/1999 best 14.057
  step 1800/1999 best 14.050
  step 1850/1999 best 14.102
  step 1900/1999 best 14.071
  step 1950/1999 best 14.109
saved SBC_CHAINS_cnn_vmim__n1_seed_s2_sim2977_row2572242_noise9186_9365_9544 (240000, 4) acc=0.272
  step 0/1999 best -9.113
  step 50/1999 best 10.071
  step 100/1999 best 11.933
  step 150/1999 best 13.835
  step 200/1999 best 14.664
  step 250/1999 best 14.380
  step 300/1999 best 14.568
  step 350/1999 best 14.662
  step 400/1999 best 14.525
  step 450/1999 best 14.790
  step 500/1999 best 14.534
  step 550/1999 best 14.804
  step 600/1999 best 14.708
  step 650/1999 best 14.625
  step 700/1999 best 14.763
  step 750/1999 best 14.765
  step 800/1999 best 14.645
  step 850/1999 best 14.690
  step 900/1999 best 14.587
  step 950/1999 best 14.690
  step 1000/1999 best 14.728
  step 1050/1999 best 14.761
  step 1100/1999 best 14.529
  step 1150/1999 best 14.699
  step 1200/1999 best 14.693
  step 1250/1999 best 14.581
  step 1300/1999 best 14.634
  step 1350/1999 best 14.688
  step 1400/1999 best 14.588
  step 1450/1999 best 14.685
  step 1500/1999 best 14.690
  step 1550/1999 best 14.691
  step 1600/1999 best 14.561
  step 1650/1999 best 14.736
  step 1700/1999 best 14.782
  step 1750/1999 best 14.660
  step 1800/1999 best 14.616
  step 1850/1999 best 14.773
  step 1900/1999 best 14.614
  step 1950/1999 best 14.687
saved SBC_CHAINS_cnn_vmim__n1_seed_s2_sim2047_row1657428_noise3204_3383_3562 (240000, 4) acc=0.307
  step 0/1999 best -19.864
  step 50/1999 best 11.596
  step 100/1999 best 15.611
  step 150/1999 best 16.039
  step 200/1999 best 16.226
  step 250/1999 best 16.248
  step 300/1999 best 16.153
  step 350/1999 best 16.315
  step 400/1999 best 16.374
  step 450/1999 best 16.268
  step 500/1999 best 16.264
  step 550/1999 best 16.191
  step 600/1999 best 16.237
  step 650/1999 best 16.280
  step 700/1999 best 16.333
  step 750/1999 best 16.267
  step 800/1999 best 16.253
  step 850/1999 best 16.357
  step 900/1999 best 16.337
  step 950/1999 best 16.217
  step 1000/1999 best 16.343
  step 1050/1999 best 16.175
  step 1100/1999 best 16.272
  step 1150/1999 best 16.342
  step 1200/1999 best 16.218
  step 1250/1999 best 16.258
  step 1300/1999 best 16.330
  step 1350/1999 best 16.347
  step 1400/1999 best 16.251
  step 1450/1999 best 16.335
  step 1500/1999 best 16.224
  step 1550/1999 best 16.343
  step 1600/1999 best 16.107
  step 1650/1999 best 16.270
  step 1700/1999 best 16.298
  step 1750/1999 best 16.355
  step 1800/1999 best 16.188
  step 1850/1999 best 16.326
  step 1900/1999 best 16.276
  step 1950/1999 best 16.315
saved SBC_CHAINS_cnn_vmim__n1_seed_s2_sim890_row839550_noise6030_6209_6388 (240000, 4) acc=0.388
  step 0/1999 best -23.031
  step 50/1999 best 9.271
  step 100/1999 best 7.378
  step 150/1999 best 13.577
  step 200/1999 best 14.996
  step 250/1999 best 13.870
  step 300/1999 best 15.995
  step 350/1999 best 16.650
  step 400/1999 best 16.826
  step 450/1999 best 16.752
  step 500/1999 best 16.818
  step 550/1999 best 16.880
  step 600/1999 best 17.101
  step 650/1999 best 16.881
  step 700/1999 best 17.065
  step 750/1999 best 16.979
  step 800/1999 best 17.116
  step 850/1999 best 17.126
  step 900/1999 best 17.005
  step 950/1999 best 16.859
  step 1000/1999 best 16.879
  step 1050/1999 best 17.063
  step 1100/1999 best 17.120
  step 1150/1999 best 17.032
  step 1200/1999 best 17.081
  step 1250/1999 best 16.880
  step 1300/1999 best 17.098
  step 1350/1999 best 17.043
  step 1400/1999 best 17.037
  step 1450/1999 best 17.056
  step 1500/1999 best 17.069
  step 1550/1999 best 17.046
  step 1600/1999 best 17.023
  step 1650/1999 best 16.946
  step 1700/1999 best 17.027
  step 1750/1999 best 16.968
  step 1800/1999 best 17.014
  step 1850/1999 best 17.048
  step 1900/1999 best 16.952
  step 1950/1999 best 17.090
saved SBC_CHAINS_cnn_vmim__n1_seed_s2_sim729_row678272_noise2000_2179_2358 (240000, 4) acc=0.286
  step 0/1999 best -23.250
  step 50/1999 best 3.499
  step 100/1999 best 3.499
  step 150/1999 best 12.205
  step 200/1999 best 11.544
  step 250/1999 best 12.633
  step 300/1999 best 12.523
  step 350/1999 best 12.904
  step 400/1999 best 12.793
  step 450/1999 best 12.918
  step 500/1999 best 13.215
  step 550/1999 best 13.119
  step 600/1999 best 13.141
  step 650/1999 best 13.176
  step 700/1999 best 13.031
  step 750/1999 best 13.173
  step 800/1999 best 13.230
  step 850/1999 best 13.184
  step 900/1999 best 13.139
  step 950/1999 best 13.247
  step 1000/1999 best 13.013
  step 1050/1999 best 13.024
  step 1100/1999 best 13.273
  step 1150/1999 best 13.226
  step 1200/1999 best 13.240
  step 1250/1999 best 13.265
  step 1300/1999 best 13.199
  step 1350/1999 best 13.278
  step 1400/1999 best 13.146
  step 1450/1999 best 13.236
  step 1500/1999 best 13.259
  step 1550/1999 best 13.176
  step 1600/1999 best 12.951
  step 1650/1999 best 13.277
  step 1700/1999 best 13.072
  step 1750/1999 best 13.079
  step 1800/1999 best 13.229
  step 1850/1999 best 13.148
  step 1900/1999 best 13.168
  step 1950/1999 best 13.271
saved SBC_CHAINS_cnn_vmim__n1_seed_s2_sim2389_row1988391_noise1187_1366_1545 (240000, 4) acc=0.247
  step 0/1999 best -29.450
  step 50/1999 best 8.516
  step 100/1999 best 9.046
  step 150/1999 best 12.009
  step 200/1999 best 12.652
  step 250/1999 best 13.277
  step 300/1999 best 13.037
  step 350/1999 best 13.243
  step 400/1999 best 13.177
  step 450/1999 best 13.079
  step 500/1999 best 13.346
  step 550/1999 best 13.269
  step 600/1999 best 13.435
  step 650/1999 best 13.191
  step 700/1999 best 13.326
  step 750/1999 best 13.353
  step 800/1999 best 13.396
  step 850/1999 best 13.203
  step 900/1999 best 13.349
  step 950/1999 best 13.199
  step 1000/1999 best 13.424
  step 1050/1999 best 13.314
  step 1100/1999 best 13.188
  step 1150/1999 best 13.409
  step 1200/1999 best 13.349
  step 1250/1999 best 13.387
  step 1300/1999 best 13.258
  step 1350/1999 best 13.447
  step 1400/1999 best 13.369
  step 1450/1999 best 13.390
  step 1500/1999 best 13.386
  step 1550/1999 best 13.050
  step 1600/1999 best 13.284
  step 1650/1999 best 13.335
  step 1700/1999 best 13.209
  step 1750/1999 best 13.084
  step 1800/1999 best 13.261
  step 1850/1999 best 13.362
  step 1900/1999 best 13.276
  step 1950/1999 best 13.411
saved SBC_CHAINS_cnn_vmim__n1_seed_s2_sim2606_row2205823_noise2403_2582_2761 (240000, 4) acc=0.196
  step 0/1999 best -18.695
  step 50/1999 best 13.306
  step 100/1999 best 16.202
  step 150/1999 best 16.749
  step 200/1999 best 16.654
  step 250/1999 best 16.631
  step 300/1999 best 16.557
  step 350/1999 best 16.593
  step 400/1999 best 16.607
  step 450/1999 best 16.753
  step 500/1999 best 16.556
  step 550/1999 best 16.605
  step 600/1999 best 16.647
  step 650/1999 best 16.552
  step 700/1999 best 16.693
  step 750/1999 best 16.758
  step 800/1999 best 16.648
  step 850/1999 best 16.638
  step 900/1999 best 16.607
  step 950/1999 best 16.771
  step 1000/1999 best 16.626
  step 1050/1999 best 16.687
  step 1100/1999 best 16.727
  step 1150/1999 best 16.662
  step 1200/1999 best 16.747
  step 1250/1999 best 16.704
  step 1300/1999 best 16.682
  step 1350/1999 best 16.708
  step 1400/1999 best 16.717
  step 1450/1999 best 16.702
  step 1500/1999 best 16.712
  step 1550/1999 best 16.694
  step 1600/1999 best 16.733
  step 1650/1999 best 16.647
  step 1700/1999 best 16.581
  step 1750/1999 best 16.753
  step 1800/1999 best 16.624
  step 1850/1999 best 16.523
  step 1900/1999 best 16.656
  step 1950/1999 best 16.731
saved SBC_CHAINS_cnn_vmim__n1_seed_s2_sim1976_row1587530_noise1102_1281_1460 (240000, 4) acc=0.364
  step 0/1999 best -27.582
  step 50/1999 best -0.879
  step 100/1999 best 7.094
  step 150/1999 best 15.512
  step 200/1999 best 15.185
  step 250/1999 best 15.827
  step 300/1999 best 16.201
  step 350/1999 best 16.042
  step 400/1999 best 16.208
  step 450/1999 best 16.278
  step 500/1999 best 16.185
  step 550/1999 best 16.319
  step 600/1999 best 15.804
  step 650/1999 best 16.359
  step 700/1999 best 16.292
  step 750/1999 best 16.331
  step 800/1999 best 16.352
  step 850/1999 best 16.411
  step 900/1999 best 16.276
  step 950/1999 best 16.159
  step 1000/1999 best 16.398
  step 1050/1999 best 16.335
  step 1100/1999 best 16.193
  step 1150/1999 best 16.442
  step 1200/1999 best 16.294
  step 1250/1999 best 16.228
  step 1300/1999 best 16.353
  step 1350/1999 best 16.254
  step 1400/1999 best 16.457
  step 1450/1999 best 16.419
  step 1500/1999 best 16.358
  step 1550/1999 best 16.398
  step 1600/1999 best 16.248
  step 1650/1999 best 16.386
  step 1700/1999 best 16.308
  step 1750/1999 best 16.333
  step 1800/1999 best 16.460
  step 1850/1999 best 16.387
  step 1900/1999 best 16.248
  step 1950/1999 best 16.421
saved SBC_CHAINS_cnn_vmim__n1_seed_s2_sim880_row829089_noise5397_5576_5755 (240000, 4) acc=0.289
  step 0/1999 best -16.490
  step 50/1999 best 10.752
  step 100/1999 best 11.852
  step 150/1999 best 15.121
  step 200/1999 best 16.758
  step 250/1999 best 16.895
  step 300/1999 best 16.821
  step 350/1999 best 16.900
  step 400/1999 best 17.219
  step 450/1999 best 17.245
  step 500/1999 best 17.120
  step 550/1999 best 17.248
  step 600/1999 best 17.088
  step 650/1999 best 17.338
  step 700/1999 best 17.177
  step 750/1999 best 17.072
  step 800/1999 best 17.103
  step 850/1999 best 17.225
  step 900/1999 best 17.201
  step 950/1999 best 17.213
  step 1000/1999 best 17.337
  step 1050/1999 best 17.260
  step 1100/1999 best 17.208
  step 1150/1999 best 17.203
  step 1200/1999 best 17.215
  step 1250/1999 best 17.114
  step 1300/1999 best 17.275
  step 1350/1999 best 17.240
  step 1400/1999 best 17.130
  step 1450/1999 best 17.166
  step 1500/1999 best 17.244
  step 1550/1999 best 17.186
  step 1600/1999 best 17.301
  step 1650/1999 best 17.287
  step 1700/1999 best 17.241
  step 1750/1999 best 17.071
  step 1800/1999 best 17.242
  step 1850/1999 best 17.227
  step 1900/1999 best 17.155
  step 1950/1999 best 17.248
saved SBC_CHAINS_cnn_vmim__n1_seed_s2_sim176_row167331_noise9255_9434_9613 (240000, 4) acc=0.267
  step 0/1999 best -15.939
  step 50/1999 best 0.589
  step 100/1999 best 5.645
  step 150/1999 best 7.161
  step 200/1999 best 9.580
  step 250/1999 best 11.897
  step 300/1999 best 16.224
  step 350/1999 best 16.513
  step 400/1999 best 17.393
  step 450/1999 best 17.592
  step 500/1999 best 17.683
  step 550/1999 best 17.573
  step 600/1999 best 17.917
  step 650/1999 best 17.812
  step 700/1999 best 17.929
  step 750/1999 best 18.161
  step 800/1999 best 17.752
  step 850/1999 best 18.185
  step 900/1999 best 17.906
  step 950/1999 best 18.137
  step 1000/1999 best 18.172
  step 1050/1999 best 17.975
  step 1100/1999 best 18.095
  step 1150/1999 best 18.021
  step 1200/1999 best 18.060
  step 1250/1999 best 18.152
  step 1300/1999 best 18.170
  step 1350/1999 best 18.103
  step 1400/1999 best 18.111
  step 1450/1999 best 18.144
  step 1500/1999 best 18.064
  step 1550/1999 best 18.177
  step 1600/1999 best 18.187
  step 1650/1999 best 18.004
  step 1700/1999 best 18.023
  step 1750/1999 best 18.172
  step 1800/1999 best 17.983
  step 1850/1999 best 18.076
  step 1900/1999 best 18.121
  step 1950/1999 best 18.153
saved SBC_CHAINS_cnn_vmim__n1_seed_s2_sim1210_row1028457_noise1613_1792_1971 (240000, 4) acc=0.229
  step 0/1999 best -22.177
  step 50/1999 best 1.418
  step 100/1999 best 4.029
  step 150/1999 best 9.472
  step 200/1999 best 14.968
  step 250/1999 best 15.161
  step 300/1999 best 16.012
  step 350/1999 best 16.381
  step 400/1999 best 16.668
  step 450/1999 best 16.934
  step 500/1999 best 16.809
  step 550/1999 best 16.742
  step 600/1999 best 16.868
  step 650/1999 best 16.760
  step 700/1999 best 16.807
  step 750/1999 best 16.917
  step 800/1999 best 16.930
  step 850/1999 best 16.921
  step 900/1999 best 16.766
  step 950/1999 best 16.859
  step 1000/1999 best 16.787
  step 1050/1999 best 16.843
  step 1100/1999 best 16.719
  step 1150/1999 best 16.799
  step 1200/1999 best 16.730
  step 1250/1999 best 16.907
  step 1300/1999 best 16.695
  step 1350/1999 best 16.713
  step 1400/1999 best 16.715
  step 1450/1999 best 16.927
  step 1500/1999 best 16.911
  step 1550/1999 best 16.890
  step 1600/1999 best 16.788
  step 1650/1999 best 16.851
  step 1700/1999 best 16.864
  step 1750/1999 best 16.894
  step 1800/1999 best 16.879
  step 1850/1999 best 16.868
  step 1900/1999 best 16.839
  step 1950/1999 best 16.761
saved SBC_CHAINS_cnn_vmim__n1_seed_s2_sim892_row841893_noise8373_8552_8731 (240000, 4) acc=0.313
  step 0/1999 best -17.816
  step 50/1999 best 0.150
  step 100/1999 best 8.852
  step 150/1999 best 10.177
  step 200/1999 best 13.928
  step 250/1999 best 13.977
  step 300/1999 best 14.336
  step 350/1999 best 14.170
  step 400/1999 best 14.298
  step 450/1999 best 14.328
  step 500/1999 best 14.392
  step 550/1999 best 14.359
  step 600/1999 best 14.353
  step 650/1999 best 14.298
  step 700/1999 best 14.357
  step 750/1999 best 14.242
  step 800/1999 best 14.329
  step 850/1999 best 14.201
  step 900/1999 best 14.245
  step 950/1999 best 14.381
  step 1000/1999 best 14.376
  step 1050/1999 best 14.332
  step 1100/1999 best 14.280
  step 1150/1999 best 14.414
  step 1200/1999 best 14.412
  step 1250/1999 best 14.449
  step 1300/1999 best 14.460
  step 1350/1999 best 14.387
  step 1400/1999 best 14.321
  step 1450/1999 best 14.368
  step 1500/1999 best 14.459
  step 1550/1999 best 14.358
  step 1600/1999 best 14.301
  step 1650/1999 best 14.122
  step 1700/1999 best 14.397
  step 1750/1999 best 14.354
  step 1800/1999 best 14.421
  step 1850/1999 best 14.199
  step 1900/1999 best 14.224
  step 1950/1999 best 14.223
saved SBC_CHAINS_cnn_vmim__n1_seed_s2_sim823_row772704_noise7980_8159_8338 (240000, 4) acc=0.234
  step 0/1999 best -11.979
  step 50/1999 best 7.201
  step 100/1999 best 10.626
  step 150/1999 best 11.916
  step 200/1999 best 12.115
  step 250/1999 best 12.375
  step 300/1999 best 12.429
  step 350/1999 best 12.476
  step 400/1999 best 12.432
  step 450/1999 best 12.515
  step 500/1999 best 12.535
  step 550/1999 best 12.527
  step 600/1999 best 12.552
  step 650/1999 best 12.538
  step 700/1999 best 12.449
  step 750/1999 best 12.545
  step 800/1999 best 12.443
  step 850/1999 best 12.454
  step 900/1999 best 12.378
  step 950/1999 best 12.514
  step 1000/1999 best 12.370
  step 1050/1999 best 12.508
  step 1100/1999 best 12.443
  step 1150/1999 best 12.419
  step 1200/1999 best 12.490
  step 1250/1999 best 12.524
  step 1300/1999 best 12.462
  step 1350/1999 best 12.527
  step 1400/1999 best 12.509
  step 1450/1999 best 12.481
  step 1500/1999 best 12.489
  step 1550/1999 best 12.575
  step 1600/1999 best 12.391
  step 1650/1999 best 12.499
  step 1700/1999 best 12.515
  step 1750/1999 best 12.461
  step 1800/1999 best 12.431
  step 1850/1999 best 12.452
  step 1900/1999 best 12.425
  step 1950/1999 best 12.368
saved SBC_CHAINS_cnn_vmim__n1_seed_s2_sim979_row928550_noise6578_6757_6936 (240000, 4) acc=0.292
  step 0/1999 best -25.993
  step 50/1999 best -3.140
  step 100/1999 best 9.404
  step 150/1999 best 13.499
  step 200/1999 best 13.554
  step 250/1999 best 14.389
  step 300/1999 best 14.190
  step 350/1999 best 14.474
  step 400/1999 best 14.655
  step 450/1999 best 14.448
  step 500/1999 best 14.630
  step 550/1999 best 14.516
  step 600/1999 best 14.597
  step 650/1999 best 14.668
  step 700/1999 best 14.561
  step 750/1999 best 14.534
  step 800/1999 best 14.620
  step 850/1999 best 14.519
  step 900/1999 best 14.511
  step 950/1999 best 14.611
  step 1000/1999 best 14.659
  step 1050/1999 best 14.620
  step 1100/1999 best 14.658
  step 1150/1999 best 14.616
  step 1200/1999 best 14.616
  step 1250/1999 best 14.613
  step 1300/1999 best 14.461
  step 1350/1999 best 14.689
  step 1400/1999 best 14.660
  step 1450/1999 best 14.704
  step 1500/1999 best 14.579
  step 1550/1999 best 14.649
  step 1600/1999 best 14.473
  step 1650/1999 best 14.643
  step 1700/1999 best 14.682
  step 1750/1999 best 14.419
  step 1800/1999 best 14.582
  step 1850/1999 best 14.599
  step 1900/1999 best 14.575
  step 1950/1999 best 14.591
saved SBC_CHAINS_cnn_vmim__n1_seed_s2_sim446_row424544_noise4284_4463_4642 (240000, 4) acc=0.277
  step 0/1999 best -13.677
  step 50/1999 best -2.973
  step 100/1999 best 7.059
  step 150/1999 best 8.643
  step 200/1999 best 10.509
  step 250/1999 best 11.165
  step 300/1999 best 11.369
  step 350/1999 best 10.725
  step 400/1999 best 11.026
  step 450/1999 best 10.996
  step 500/1999 best 11.159
  step 550/1999 best 11.623
  step 600/1999 best 10.948
  step 650/1999 best 10.997
  step 700/1999 best 11.346
  step 750/1999 best 11.443
  step 800/1999 best 11.498
  step 850/1999 best 11.105
  step 900/1999 best 11.542
  step 950/1999 best 11.543
  step 1000/1999 best 11.510
  step 1050/1999 best 11.129
  step 1100/1999 best 11.380
  step 1150/1999 best 11.436
  step 1200/1999 best 11.328
  step 1250/1999 best 11.413
  step 1300/1999 best 11.530
  step 1350/1999 best 11.573
  step 1400/1999 best 11.459
  step 1450/1999 best 11.271
  step 1500/1999 best 11.513
  step 1550/1999 best 11.551
  step 1600/1999 best 11.551
  step 1650/1999 best 11.452
  step 1700/1999 best 11.334
  step 1750/1999 best 11.268
  step 1800/1999 best 11.547
  step 1850/1999 best 11.576
  step 1900/1999 best 11.371
  step 1950/1999 best 11.456
saved SBC_CHAINS_cnn_vmim__n1_seed_s2_sim2858_row2453048_noise7928_8107_8286 (240000, 4) acc=0.144
  step 0/1999 best -12.017
  step 50/1999 best 1.300
  step 100/1999 best 7.185
  step 150/1999 best 10.914
  step 200/1999 best 12.365
  step 250/1999 best 12.337
  step 300/1999 best 12.428
  step 350/1999 best 12.422
  step 400/1999 best 12.336
  step 450/1999 best 12.495
  step 500/1999 best 12.484
  step 550/1999 best 12.487
  step 600/1999 best 12.429
  step 650/1999 best 12.157
  step 700/1999 best 12.390
  step 750/1999 best 12.227
  step 800/1999 best 12.358
  step 850/1999 best 12.377
  step 900/1999 best 12.361
  step 950/1999 best 12.424
  step 1000/1999 best 12.311
  step 1050/1999 best 12.072
  step 1100/1999 best 12.281
  step 1150/1999 best 12.390
  step 1200/1999 best 12.492
  step 1250/1999 best 12.267
  step 1300/1999 best 12.430
  step 1350/1999 best 12.369
  step 1400/1999 best 12.403
  step 1450/1999 best 12.383
  step 1500/1999 best 12.415
  step 1550/1999 best 12.455
  step 1600/1999 best 12.381
  step 1650/1999 best 12.330
  step 1700/1999 best 12.231
  step 1750/1999 best 12.397
  step 1800/1999 best 12.291
  step 1850/1999 best 12.473
  step 1900/1999 best 12.310
  step 1950/1999 best 12.407
saved SBC_CHAINS_cnn_vmim__n1_seed_s2_sim1933_row1544050_noise6762_6941_7120 (240000, 4) acc=0.260
  step 0/1999 best -9.928
  step 50/1999 best 5.998
  step 100/1999 best 15.227
  step 150/1999 best 16.759
  step 200/1999 best 17.880
  step 250/1999 best 17.611
  step 300/1999 best 18.077
  step 350/1999 best 17.884
  step 400/1999 best 18.035
  step 450/1999 best 17.916
  step 500/1999 best 18.068
  step 550/1999 best 17.971
  step 600/1999 best 17.966
  step 650/1999 best 17.800
  step 700/1999 best 18.020
  step 750/1999 best 17.959
  step 800/1999 best 17.965
  step 850/1999 best 17.861
  step 900/1999 best 17.957
  step 950/1999 best 18.085
  step 1000/1999 best 18.029
  step 1050/1999 best 18.077
  step 1100/1999 best 18.020
  step 1150/1999 best 18.039
  step 1200/1999 best 18.077
  step 1250/1999 best 18.054
  step 1300/1999 best 17.982
  step 1350/1999 best 18.063
  step 1400/1999 best 17.918
  step 1450/1999 best 18.027
  step 1500/1999 best 17.928
  step 1550/1999 best 18.079
  step 1600/1999 best 18.024
  step 1650/1999 best 18.018
  step 1700/1999 best 17.937
  step 1750/1999 best 18.052
  step 1800/1999 best 18.047
  step 1850/1999 best 17.906
  step 1900/1999 best 17.966
  step 1950/1999 best 18.033
saved SBC_CHAINS_cnn_vmim__n1_seed_s2_sim1371_row1179179_noise5087_5266_5445 (240000, 4) acc=0.363
  step 0/1999 best -29.203
  step 50/1999 best -3.933
  step 100/1999 best 8.630
  step 150/1999 best 10.754
  step 200/1999 best 11.447
  step 250/1999 best 11.808
  step 300/1999 best 12.003
  step 350/1999 best 11.662
  step 400/1999 best 12.026
  step 450/1999 best 12.029
  step 500/1999 best 11.983
  step 550/1999 best 12.081
  step 600/1999 best 11.892
  step 650/1999 best 11.932
  step 700/1999 best 12.054
  step 750/1999 best 12.021
  step 800/1999 best 12.156
  step 850/1999 best 12.070
  step 900/1999 best 11.941
  step 950/1999 best 12.140
  step 1000/1999 best 12.007
  step 1050/1999 best 11.967
  step 1100/1999 best 12.072
  step 1150/1999 best 12.213
  step 1200/1999 best 12.097
  step 1250/1999 best 12.134
  step 1300/1999 best 12.183
  step 1350/1999 best 12.027
  step 1400/1999 best 12.014
  step 1450/1999 best 12.061
  step 1500/1999 best 12.050
  step 1550/1999 best 12.072
  step 1600/1999 best 12.026
  step 1650/1999 best 12.081
  step 1700/1999 best 12.145
  step 1750/1999 best 12.033
  step 1800/1999 best 12.054
  step 1850/1999 best 12.075
  step 1900/1999 best 12.094
  step 1950/1999 best 11.930
saved SBC_CHAINS_cnn_vmim__n1_seed_s2_sim949_row898273_noise5785_5964_6143 (240000, 4) acc=0.269
  step 0/1999 best -15.832
  step 50/1999 best 7.387
  step 100/1999 best 7.887
  step 150/1999 best 11.740
  step 200/1999 best 13.053
  step 250/1999 best 14.656
  step 300/1999 best 13.564
  step 350/1999 best 15.746
  step 400/1999 best 15.296
  step 450/1999 best 15.919
  step 500/1999 best 15.510
  step 550/1999 best 15.989
  step 600/1999 best 15.651
  step 650/1999 best 15.967
  step 700/1999 best 15.947
  step 750/1999 best 15.938
  step 800/1999 best 16.021
  step 850/1999 best 15.927
  step 900/1999 best 15.893
  step 950/1999 best 15.934
  step 1000/1999 best 16.077
  step 1050/1999 best 15.990
  step 1100/1999 best 15.907
  step 1150/1999 best 15.909
  step 1200/1999 best 15.981
  step 1250/1999 best 16.114
  step 1300/1999 best 16.070
  step 1350/1999 best 16.016
  step 1400/1999 best 16.077
  step 1450/1999 best 16.086
  step 1500/1999 best 16.101
  step 1550/1999 best 16.008
  step 1600/1999 best 16.012
  step 1650/1999 best 15.958
  step 1700/1999 best 15.967
  step 1750/1999 best 16.029
  step 1800/1999 best 16.032
  step 1850/1999 best 16.036
  step 1900/1999 best 16.065
  step 1950/1999 best 15.936
saved SBC_CHAINS_cnn_vmim__n1_seed_s2_sim2992_row2587476_noise4764_4943_5122 (240000, 4) acc=0.208
  step 0/1999 best -22.337
  step 50/1999 best -4.808
  step 100/1999 best 10.487
  step 150/1999 best 12.797
  step 200/1999 best 12.285
  step 250/1999 best 12.726
  step 300/1999 best 12.418
  step 350/1999 best 12.663
  step 400/1999 best 12.907
  step 450/1999 best 12.711
  step 500/1999 best 12.771
  step 550/1999 best 12.919
  step 600/1999 best 12.817
  step 650/1999 best 12.917
  step 700/1999 best 12.937
  step 750/1999 best 12.925
  step 800/1999 best 12.711
  step 850/1999 best 12.947
  step 900/1999 best 12.783
  step 950/1999 best 12.872
  step 1000/1999 best 12.816
  step 1050/1999 best 12.756
  step 1100/1999 best 12.777
  step 1150/1999 best 12.905
  step 1200/1999 best 12.951
  step 1250/1999 best 12.834
  step 1300/1999 best 12.895
  step 1350/1999 best 12.949
  step 1400/1999 best 12.893
  step 1450/1999 best 12.908
  step 1500/1999 best 12.907
  step 1550/1999 best 12.922
  step 1600/1999 best 13.008
  step 1650/1999 best 12.763
  step 1700/1999 best 12.786
  step 1750/1999 best 12.893
  step 1800/1999 best 12.806
  step 1850/1999 best 12.859
  step 1900/1999 best 12.888
  step 1950/1999 best 12.805
saved SBC_CHAINS_cnn_vmim__n1_seed_s2_sim2618_row2217410_noise4162_4341_4520 (240000, 4) acc=0.191
  step 0/1999 best -25.414
  step 50/1999 best -0.563
  step 100/1999 best 3.254
  step 150/1999 best 15.823
  step 200/1999 best 17.816
  step 250/1999 best 17.324
  step 300/1999 best 17.228
  step 350/1999 best 17.824
  step 400/1999 best 17.915
  step 450/1999 best 17.899
  step 500/1999 best 17.786
  step 550/1999 best 18.185
  step 600/1999 best 18.111
  step 650/1999 best 18.209
  step 700/1999 best 18.351
  step 750/1999 best 18.001
  step 800/1999 best 18.226
  step 850/1999 best 18.201
  step 900/1999 best 18.298
  step 950/1999 best 18.090
  step 1000/1999 best 18.240
  step 1050/1999 best 18.281
  step 1100/1999 best 18.132
  step 1150/1999 best 18.214
  step 1200/1999 best 18.209
  step 1250/1999 best 18.198
  step 1300/1999 best 18.220
  step 1350/1999 best 18.270
  step 1400/1999 best 18.255
  step 1450/1999 best 18.336
  step 1500/1999 best 18.253
  step 1550/1999 best 18.302
  step 1600/1999 best 18.161
  step 1650/1999 best 18.219
  step 1700/1999 best 18.172
  step 1750/1999 best 18.315
  step 1800/1999 best 18.072
  step 1850/1999 best 18.324
  step 1900/1999 best 18.133
  step 1950/1999 best 18.282
saved SBC_CHAINS_cnn_vmim__n1_seed_s2_sim1444_row1226849_noise133_312_491 (240000, 4) acc=0.269
  step 0/1999 best -21.668
  step 50/1999 best -7.528
  step 100/1999 best 7.262
  step 150/1999 best 11.350
  step 200/1999 best 12.748
  step 250/1999 best 14.040
  step 300/1999 best 14.209
  step 350/1999 best 14.370
  step 400/1999 best 14.684
  step 450/1999 best 14.597
  step 500/1999 best 14.686
  step 550/1999 best 14.664
  step 600/1999 best 14.758
  step 650/1999 best 14.680
  step 700/1999 best 14.643
  step 750/1999 best 14.705
  step 800/1999 best 14.661
  step 850/1999 best 14.679
  step 900/1999 best 14.760
  step 950/1999 best 14.617
  step 1000/1999 best 14.640
  step 1050/1999 best 14.643
  step 1100/1999 best 14.759
  step 1150/1999 best 14.694
  step 1200/1999 best 14.639
  step 1250/1999 best 14.691
  step 1300/1999 best 14.754
  step 1350/1999 best 14.575
  step 1400/1999 best 14.634
  step 1450/1999 best 14.760
  step 1500/1999 best 14.538
  step 1550/1999 best 14.707
  step 1600/1999 best 14.693
  step 1650/1999 best 14.750
  step 1700/1999 best 14.728
  step 1750/1999 best 14.651
  step 1800/1999 best 14.764
  step 1850/1999 best 14.645
  step 1900/1999 best 14.747
  step 1950/1999 best 14.676
saved SBC_CHAINS_cnn_vmim__n1_seed_s2_sim871_row820934_noise7070_7249_7428 (240000, 4) acc=0.338
  step 0/1999 best -5.878
  step 50/1999 best 7.544
  step 100/1999 best 9.570
  step 150/1999 best 12.991
  step 200/1999 best 13.211
  step 250/1999 best 13.469
  step 300/1999 best 13.452
  step 350/1999 best 13.487
  step 400/1999 best 13.346
  step 450/1999 best 13.440
  step 500/1999 best 13.309
  step 550/1999 best 13.470
  step 600/1999 best 13.287
  step 650/1999 best 13.460
  step 700/1999 best 13.451
  step 750/1999 best 13.493
  step 800/1999 best 13.502
  step 850/1999 best 13.486
  step 900/1999 best 13.469
  step 950/1999 best 13.453
  step 1000/1999 best 13.546
  step 1050/1999 best 13.565
  step 1100/1999 best 13.290
  step 1150/1999 best 13.118
  step 1200/1999 best 13.369
  step 1250/1999 best 13.258
  step 1300/1999 best 13.512
  step 1350/1999 best 13.400
  step 1400/1999 best 13.501
  step 1450/1999 best 13.455
  step 1500/1999 best 13.322
  step 1550/1999 best 13.330
  step 1600/1999 best 13.407
  step 1650/1999 best 13.106
  step 1700/1999 best 13.424
  step 1750/1999 best 13.547
  step 1800/1999 best 13.411
  step 1850/1999 best 13.503
  step 1900/1999 best 13.513
  step 1950/1999 best 13.317
saved SBC_CHAINS_cnn_vmim__n1_seed_s2_sim842_row791640_noise7260_7439_7618 (240000, 4) acc=0.194
  step 0/1999 best -18.692
  step 50/1999 best 10.171
  step 100/1999 best 11.653
  step 150/1999 best 14.515
  step 200/1999 best 14.946
  step 250/1999 best 15.086
  step 300/1999 best 15.170
  step 350/1999 best 15.304
  step 400/1999 best 15.205
  step 450/1999 best 15.069
  step 500/1999 best 15.229
  step 550/1999 best 15.254
  step 600/1999 best 15.204
  step 650/1999 best 15.225
  step 700/1999 best 15.201
  step 750/1999 best 15.312
  step 800/1999 best 15.328
  step 850/1999 best 15.210
  step 900/1999 best 15.126
  step 950/1999 best 15.143
  step 1000/1999 best 15.102
  step 1050/1999 best 15.117
  step 1100/1999 best 15.163
  step 1150/1999 best 15.190
  step 1200/1999 best 15.296
  step 1250/1999 best 15.225
  step 1300/1999 best 15.214
  step 1350/1999 best 15.226
  step 1400/1999 best 15.129
  step 1450/1999 best 15.097
  step 1500/1999 best 15.237
  step 1550/1999 best 15.154
  step 1600/1999 best 15.283
  step 1650/1999 best 15.215
  step 1700/1999 best 15.226
  step 1750/1999 best 15.257
  step 1800/1999 best 15.192
  step 1850/1999 best 15.238
  step 1900/1999 best 15.169
  step 1950/1999 best 15.200
saved SBC_CHAINS_cnn_vmim__n1_seed_s2_sim817_row766189_noise1465_1644_1823 (240000, 4) acc=0.278
  step 0/1999 best -21.231
  step 50/1999 best 1.746
  step 100/1999 best 10.970
  step 150/1999 best 12.805
  step 200/1999 best 13.796
  step 250/1999 best 13.896
  step 300/1999 best 13.860
  step 350/1999 best 13.914
  step 400/1999 best 13.826
  step 450/1999 best 13.944
  step 500/1999 best 13.885
  step 550/1999 best 13.756
  step 600/1999 best 13.926
  step 650/1999 best 13.918
  step 700/1999 best 13.633
  step 750/1999 best 13.919
  step 800/1999 best 13.874
  step 850/1999 best 13.858
  step 900/1999 best 13.752
  step 950/1999 best 13.897
  step 1000/1999 best 13.885
  step 1050/1999 best 13.870
  step 1100/1999 best 13.852
  step 1150/1999 best 13.958
  step 1200/1999 best 13.962
  step 1250/1999 best 13.870
  step 1300/1999 best 13.816
  step 1350/1999 best 13.814
  step 1400/1999 best 13.936
  step 1450/1999 best 13.901
  step 1500/1999 best 13.854
  step 1550/1999 best 13.857
  step 1600/1999 best 13.882
  step 1650/1999 best 13.924
  step 1700/1999 best 13.889
  step 1750/1999 best 13.865
  step 1800/1999 best 13.859
  step 1850/1999 best 13.867
  step 1900/1999 best 13.960
  step 1950/1999 best 13.962
saved SBC_CHAINS_cnn_vmim__n1_seed_s2_sim961_row910947_noise8631_8810_8989 (240000, 4) acc=0.353
  step 0/1999 best -21.507
  step 50/1999 best -2.409
  step 100/1999 best 14.839
  step 150/1999 best 14.553
  step 200/1999 best 16.118
  step 250/1999 best 15.466
  step 300/1999 best 15.968
  step 350/1999 best 16.282
  step 400/1999 best 16.178
  step 450/1999 best 16.213
  step 500/1999 best 16.119
  step 550/1999 best 16.196
  step 600/1999 best 16.154
  step 650/1999 best 16.227
  step 700/1999 best 15.981
  step 750/1999 best 16.239
  step 800/1999 best 16.245
  step 850/1999 best 16.199
  step 900/1999 best 16.061
  step 950/1999 best 16.225
  step 1000/1999 best 16.153
  step 1050/1999 best 16.144
  step 1100/1999 best 15.987
  step 1150/1999 best 16.112
  step 1200/1999 best 16.104
  step 1250/1999 best 16.222
  step 1300/1999 best 16.327
  step 1350/1999 best 16.131
  step 1400/1999 best 16.205
  step 1450/1999 best 16.019
  step 1500/1999 best 16.276
  step 1550/1999 best 16.279
  step 1600/1999 best 16.295
  step 1650/1999 best 16.308
  step 1700/1999 best 16.328
  step 1750/1999 best 16.169
  step 1800/1999 best 16.318
  step 1850/1999 best 16.210
  step 1900/1999 best 16.225
  step 1950/1999 best 16.259
saved SBC_CHAINS_cnn_vmim__n1_seed_s2_sim1291_row1108736_noise4268_4447_4626 (240000, 4) acc=0.258
  step 0/1999 best -26.392
  step 50/1999 best -3.953
  step 100/1999 best 2.297
  step 150/1999 best 10.132
  step 200/1999 best 13.298
  step 250/1999 best 13.973
  step 300/1999 best 15.214
  step 350/1999 best 15.249
  step 400/1999 best 15.294
  step 450/1999 best 15.243
  step 500/1999 best 15.408
  step 550/1999 best 15.324
  step 600/1999 best 15.412
  step 650/1999 best 15.344
  step 700/1999 best 15.313
  step 750/1999 best 15.280
  step 800/1999 best 15.498
  step 850/1999 best 15.469
  step 900/1999 best 15.370
  step 950/1999 best 15.400
  step 1000/1999 best 15.450
  step 1050/1999 best 15.338
  step 1100/1999 best 15.410
  step 1150/1999 best 15.420
  step 1200/1999 best 15.418
  step 1250/1999 best 15.479
  step 1300/1999 best 15.391
  step 1350/1999 best 15.407
  step 1400/1999 best 15.453
  step 1450/1999 best 15.359
  step 1500/1999 best 15.483
  step 1550/1999 best 15.399
  step 1600/1999 best 15.380
  step 1650/1999 best 15.351
  step 1700/1999 best 15.510
  step 1750/1999 best 15.430
  step 1800/1999 best 15.352
  step 1850/1999 best 15.495
  step 1900/1999 best 15.430
  step 1950/1999 best 15.424
saved SBC_CHAINS_cnn_vmim__n1_seed_s2_sim794_row743195_noise7955_8134_8313 (240000, 4) acc=0.318
  step 0/1999 best -25.701
  step 50/1999 best -3.460
  step 100/1999 best 8.273
  step 150/1999 best 8.518
  step 200/1999 best 10.657
  step 250/1999 best 13.609
  step 300/1999 best 15.366
  step 350/1999 best 14.531
  step 400/1999 best 15.297
  step 450/1999 best 14.805
  step 500/1999 best 15.095
  step 550/1999 best 15.251
  step 600/1999 best 14.993
  step 650/1999 best 15.262
  step 700/1999 best 15.444
  step 750/1999 best 15.290
  step 800/1999 best 15.258
  step 850/1999 best 15.309
  step 900/1999 best 15.374
  step 950/1999 best 15.277
  step 1000/1999 best 15.349
  step 1050/1999 best 15.269
  step 1100/1999 best 15.192
  step 1150/1999 best 15.301
  step 1200/1999 best 15.401
  step 1250/1999 best 15.355
  step 1300/1999 best 15.362
  step 1350/1999 best 15.268
  step 1400/1999 best 15.312
  step 1450/1999 best 15.375
  step 1500/1999 best 15.318
  step 1550/1999 best 15.358
  step 1600/1999 best 15.349
  step 1650/1999 best 15.282
  step 1700/1999 best 15.319
  step 1750/1999 best 15.334
  step 1800/1999 best 15.423
  step 1850/1999 best 15.260
  step 1900/1999 best 15.272
  step 1950/1999 best 15.170
saved SBC_CHAINS_cnn_vmim__n1_seed_s2_sim715_row664258_noise7642_7821_8000 (240000, 4) acc=0.263
  step 0/1999 best -25.265
  step 50/1999 best 0.856
  step 100/1999 best 4.151
  step 150/1999 best 13.168
  step 200/1999 best 14.164
  step 250/1999 best 15.010
  step 300/1999 best 15.350
  step 350/1999 best 15.216
  step 400/1999 best 15.545
  step 450/1999 best 15.497
  step 500/1999 best 15.493
  step 550/1999 best 15.547
  step 600/1999 best 15.318
  step 650/1999 best 15.500
  step 700/1999 best 15.418
  step 750/1999 best 15.270
  step 800/1999 best 15.389
  step 850/1999 best 15.241
  step 900/1999 best 15.549
  step 950/1999 best 15.395
  step 1000/1999 best 15.314
  step 1050/1999 best 15.328
  step 1100/1999 best 15.436
  step 1150/1999 best 15.521
  step 1200/1999 best 15.426
  step 1250/1999 best 15.373
  step 1300/1999 best 15.462
  step 1350/1999 best 15.373
  step 1400/1999 best 15.257
  step 1450/1999 best 15.534
  step 1500/1999 best 15.447
  step 1550/1999 best 15.506
  step 1600/1999 best 15.351
  step 1650/1999 best 15.538
  step 1700/1999 best 15.418
  step 1750/1999 best 15.521
  step 1800/1999 best 15.492
  step 1850/1999 best 15.566
  step 1900/1999 best 15.389
  step 1950/1999 best 15.561
saved SBC_CHAINS_cnn_vmim__n1_seed_s2_sim2379_row1978828_noise1452_1631_1810 (240000, 4) acc=0.185
  step 0/1999 best -8.007
  step 50/1999 best -1.088
  step 100/1999 best 2.234
  step 150/1999 best 9.092
  step 200/1999 best 12.212
  step 250/1999 best 15.889
  step 300/1999 best 16.375
  step 350/1999 best 16.362
  step 400/1999 best 16.334
  step 450/1999 best 16.553
  step 500/1999 best 16.462
  step 550/1999 best 16.423
  step 600/1999 best 16.519
  step 650/1999 best 16.537
  step 700/1999 best 16.600
  step 750/1999 best 16.575
  step 800/1999 best 16.575
  step 850/1999 best 16.638
  step 900/1999 best 16.598
  step 950/1999 best 16.457
  step 1000/1999 best 16.603
  step 1050/1999 best 16.590
  step 1100/1999 best 16.659
  step 1150/1999 best 16.601
  step 1200/1999 best 16.524
  step 1250/1999 best 16.506
  step 1300/1999 best 16.640
  step 1350/1999 best 16.635
  step 1400/1999 best 16.515
  step 1450/1999 best 16.409
  step 1500/1999 best 16.595
  step 1550/1999 best 16.528
  step 1600/1999 best 16.586
  step 1650/1999 best 16.473
  step 1700/1999 best 16.461
  step 1750/1999 best 16.661
  step 1800/1999 best 16.617
  step 1850/1999 best 16.615
  step 1900/1999 best 16.560
  step 1950/1999 best 16.593
saved SBC_CHAINS_cnn_vmim__n1_seed_s2_sim1185_row1003588_noise6228_6407_6586 (240000, 4) acc=0.238
  step 0/1999 best -18.866
  step 50/1999 best -0.151
  step 100/1999 best 5.298
  step 150/1999 best 6.612
  step 200/1999 best 12.044
  step 250/1999 best 13.300
  step 300/1999 best 13.351
  step 350/1999 best 13.035
  step 400/1999 best 14.221
  step 450/1999 best 14.344
  step 500/1999 best 14.231
  step 550/1999 best 14.415
  step 600/1999 best 14.457
  step 650/1999 best 14.370
  step 700/1999 best 14.314
  step 750/1999 best 14.507
  step 800/1999 best 14.354
  step 850/1999 best 14.019
  step 900/1999 best 14.414
  step 950/1999 best 14.472
  step 1000/1999 best 14.309
  step 1050/1999 best 14.584
  step 1100/1999 best 14.539
  step 1150/1999 best 14.295
  step 1200/1999 best 14.454
  step 1250/1999 best 14.518
  step 1300/1999 best 14.528
  step 1350/1999 best 14.337
  step 1400/1999 best 14.383
  step 1450/1999 best 14.527
  step 1500/1999 best 14.318
  step 1550/1999 best 14.228
  step 1600/1999 best 14.472
  step 1650/1999 best 14.419
  step 1700/1999 best 14.538
  step 1750/1999 best 14.450
  step 1800/1999 best 14.393
  step 1850/1999 best 14.470
  step 1900/1999 best 14.575
  step 1950/1999 best 14.522
saved SBC_CHAINS_cnn_vmim__n1_seed_s2_sim3021_row2616016_noise3820_3999_4178 (240000, 4) acc=0.237
  step 0/1999 best -16.443
  step 50/1999 best 2.288
  step 100/1999 best 9.377
  step 150/1999 best 11.374
  step 200/1999 best 15.734
  step 250/1999 best 17.411
  step 300/1999 best 17.376
  step 350/1999 best 17.319
  step 400/1999 best 17.633
  step 450/1999 best 17.306
  step 500/1999 best 17.670
  step 550/1999 best 17.698
  step 600/1999 best 17.598
  step 650/1999 best 17.703
  step 700/1999 best 17.763
  step 750/1999 best 17.786
  step 800/1999 best 17.729
  step 850/1999 best 17.617
  step 900/1999 best 17.512
  step 950/1999 best 17.538
  step 1000/1999 best 17.424
  step 1050/1999 best 17.511
  step 1100/1999 best 17.719
  step 1150/1999 best 17.732
  step 1200/1999 best 17.728
  step 1250/1999 best 17.750
  step 1300/1999 best 17.760
  step 1350/1999 best 17.630
  step 1400/1999 best 17.659
  step 1450/1999 best 17.660
  step 1500/1999 best 17.662
  step 1550/1999 best 17.794
  step 1600/1999 best 17.764
  step 1650/1999 best 17.665
  step 1700/1999 best 17.663
  step 1750/1999 best 17.622
  step 1800/1999 best 17.753
  step 1850/1999 best 17.796
  step 1900/1999 best 17.675
  step 1950/1999 best 17.534
saved SBC_CHAINS_cnn_vmim__n1_seed_s2_sim286_row272438_noise1426_1605_1784 (240000, 4) acc=0.304
  step 0/1999 best -23.878
  step 50/1999 best 10.805
  step 100/1999 best 12.388
  step 150/1999 best 14.219
  step 200/1999 best 13.953
  step 250/1999 best 14.176
  step 300/1999 best 14.043
  step 350/1999 best 14.140
  step 400/1999 best 14.107
  step 450/1999 best 14.197
  step 500/1999 best 14.147
  step 550/1999 best 14.214
  step 600/1999 best 14.141
  step 650/1999 best 14.112
  step 700/1999 best 14.135
  step 750/1999 best 14.078
  step 800/1999 best 14.167
  step 850/1999 best 14.106
  step 900/1999 best 14.143
  step 950/1999 best 14.192
  step 1000/1999 best 14.152
  step 1050/1999 best 14.210
  step 1100/1999 best 14.139
  step 1150/1999 best 14.199
  step 1200/1999 best 14.236
  step 1250/1999 best 14.214
  step 1300/1999 best 14.195
  step 1350/1999 best 14.188
  step 1400/1999 best 14.168
  step 1450/1999 best 14.194
  step 1500/1999 best 14.158
  step 1550/1999 best 14.047
  step 1600/1999 best 14.152
  step 1650/1999 best 14.122
  step 1700/1999 best 14.116
  step 1750/1999 best 14.168
  step 1800/1999 best 14.267
  step 1850/1999 best 14.064
  step 1900/1999 best 14.037
  step 1950/1999 best 14.190
saved SBC_CHAINS_cnn_vmim__n1_seed_s2_sim973_row922413_noise441_620_799 (240000, 4) acc=0.340
  step 0/1999 best -13.017
  step 50/1999 best 6.234
  step 100/1999 best 6.673
  step 150/1999 best 14.715
  step 200/1999 best 13.383
  step 250/1999 best 13.731
  step 300/1999 best 14.557
  step 350/1999 best 14.568
  step 400/1999 best 14.722
  step 450/1999 best 14.385
  step 500/1999 best 14.707
  step 550/1999 best 14.587
  step 600/1999 best 14.757
  step 650/1999 best 14.749
  step 700/1999 best 14.777
  step 750/1999 best 14.622
  step 800/1999 best 14.954
  step 850/1999 best 14.832
  step 900/1999 best 14.813
  step 950/1999 best 14.856
  step 1000/1999 best 14.871
  step 1050/1999 best 14.907
  step 1100/1999 best 14.899
  step 1150/1999 best 14.889
  step 1200/1999 best 14.744
  step 1250/1999 best 14.516
  step 1300/1999 best 14.927
  step 1350/1999 best 14.889
  step 1400/1999 best 14.747
  step 1450/1999 best 14.919
  step 1500/1999 best 14.938
  step 1550/1999 best 14.841
  step 1600/1999 best 14.835
  step 1650/1999 best 14.795
  step 1700/1999 best 14.599
  step 1750/1999 best 14.721
  step 1800/1999 best 14.780
  step 1850/1999 best 14.895
  step 1900/1999 best 14.877
  step 1950/1999 best 14.843
saved SBC_CHAINS_cnn_vmim__n1_seed_s2_sim2371_row1970162_noise2614_2793_2972 (240000, 4) acc=0.228
  step 0/1999 best -21.311
  step 50/1999 best 9.934
  step 100/1999 best 11.361
  step 150/1999 best 16.056
  step 200/1999 best 16.332
  step 250/1999 best 16.558
  step 300/1999 best 17.576
  step 350/1999 best 17.238
  step 400/1999 best 17.448
  step 450/1999 best 17.304
  step 500/1999 best 17.563
  step 550/1999 best 17.473
  step 600/1999 best 17.581
  step 650/1999 best 17.640
  step 700/1999 best 17.531
  step 750/1999 best 17.581
  step 800/1999 best 17.386
  step 850/1999 best 17.470
  step 900/1999 best 17.611
  step 950/1999 best 17.374
  step 1000/1999 best 17.532
  step 1050/1999 best 17.524
  step 1100/1999 best 17.576
  step 1150/1999 best 17.615
  step 1200/1999 best 17.624
  step 1250/1999 best 17.640
  step 1300/1999 best 17.550
  step 1350/1999 best 17.438
  step 1400/1999 best 17.573
  step 1450/1999 best 17.635
  step 1500/1999 best 17.527
  step 1550/1999 best 17.550
  step 1600/1999 best 17.518
  step 1650/1999 best 17.480
  step 1700/1999 best 17.569
  step 1750/1999 best 17.501
  step 1800/1999 best 17.516
  step 1850/1999 best 17.531
  step 1900/1999 best 17.565
  step 1950/1999 best 17.342
saved SBC_CHAINS_cnn_vmim__n1_seed_s2_sim266_row252453_noise1097_1276_1455 (240000, 4) acc=0.254
  step 0/1999 best -19.423
  step 50/1999 best 2.496
  step 100/1999 best 3.837
  step 150/1999 best 3.906
  step 200/1999 best 5.434
  step 250/1999 best 14.316
  step 300/1999 best 14.204
  step 350/1999 best 16.621
  step 400/1999 best 17.818
  step 450/1999 best 17.593
  step 500/1999 best 17.616
  step 550/1999 best 17.814
  step 600/1999 best 17.947
  step 650/1999 best 17.906
  step 700/1999 best 17.897
  step 750/1999 best 17.943
  step 800/1999 best 17.701
  step 850/1999 best 17.842
  step 900/1999 best 17.962
  step 950/1999 best 17.973
  step 1000/1999 best 17.733
  step 1050/1999 best 17.916
  step 1100/1999 best 17.854
  step 1150/1999 best 17.991
  step 1200/1999 best 17.886
  step 1250/1999 best 17.804
  step 1300/1999 best 17.994
  step 1350/1999 best 17.929
  step 1400/1999 best 17.975
  step 1450/1999 best 17.952
  step 1500/1999 best 17.992
  step 1550/1999 best 17.941
  step 1600/1999 best 17.906
  step 1650/1999 best 17.942
  step 1700/1999 best 17.978
  step 1750/1999 best 17.895
  step 1800/1999 best 17.931
  step 1850/1999 best 17.956
  step 1900/1999 best 17.954
  step 1950/1999 best 17.891
saved SBC_CHAINS_cnn_vmim__n1_seed_s2_sim183_row174066_noise6162_6341_6520 (240000, 4) acc=0.236
  step 0/1999 best -21.466
  step 50/1999 best -1.521
  step 100/1999 best 6.553
  step 150/1999 best 9.359
  step 200/1999 best 11.125
  step 250/1999 best 11.028
  step 300/1999 best 11.071
  step 350/1999 best 11.041
  step 400/1999 best 11.115
  step 450/1999 best 11.207
  step 500/1999 best 11.148
  step 550/1999 best 11.306
  step 600/1999 best 11.112
  step 650/1999 best 11.248
  step 700/1999 best 11.053
  step 750/1999 best 10.849
  step 800/1999 best 11.019
  step 850/1999 best 11.207
  step 900/1999 best 11.131
  step 950/1999 best 11.214
  step 1000/1999 best 11.091
  step 1050/1999 best 11.162
  step 1100/1999 best 11.101
  step 1150/1999 best 11.184
  step 1200/1999 best 11.265
  step 1250/1999 best 11.248
  step 1300/1999 best 11.181
  step 1350/1999 best 11.188
  step 1400/1999 best 11.292
  step 1450/1999 best 11.219
  step 1500/1999 best 11.096
  step 1550/1999 best 11.068
  step 1600/1999 best 11.180
  step 1650/1999 best 11.259
  step 1700/1999 best 11.132
  step 1750/1999 best 11.196
  step 1800/1999 best 11.095
  step 1850/1999 best 11.214
  step 1900/1999 best 11.218
  step 1950/1999 best 11.085
saved SBC_CHAINS_cnn_vmim__n1_seed_s2_sim139_row130114_noise1522_1701_1880 (240000, 4) acc=0.287
  step 0/1999 best -17.504
  step 50/1999 best -5.435
  step 100/1999 best 11.999
  step 150/1999 best 12.487
  step 200/1999 best 13.780
  step 250/1999 best 13.918
  step 300/1999 best 13.796
  step 350/1999 best 13.936
  step 400/1999 best 13.880
  step 450/1999 best 14.093
  step 500/1999 best 13.938
  step 550/1999 best 13.934
  step 600/1999 best 14.036
  step 650/1999 best 14.013
  step 700/1999 best 14.010
  step 750/1999 best 13.865
  step 800/1999 best 13.803
  step 850/1999 best 13.978
  step 900/1999 best 13.871
  step 950/1999 best 13.982
  step 1000/1999 best 14.040
  step 1050/1999 best 13.989
  step 1100/1999 best 14.004
  step 1150/1999 best 13.982
  step 1200/1999 best 14.080
  step 1250/1999 best 13.970
  step 1300/1999 best 13.948
  step 1350/1999 best 14.008
  step 1400/1999 best 13.797
  step 1450/1999 best 14.079
  step 1500/1999 best 14.114
  step 1550/1999 best 14.126
  step 1600/1999 best 13.927
  step 1650/1999 best 14.026
  step 1700/1999 best 13.905
  step 1750/1999 best 13.936
  step 1800/1999 best 14.121
  step 1850/1999 best 14.004
  step 1900/1999 best 13.969
  step 1950/1999 best 13.780
saved SBC_CHAINS_cnn_vmim__n1_seed_s2_sim2355_row1955015_noise6123_6302_6481 (240000, 4) acc=0.157
  step 0/1999 best -20.597
  step 50/1999 best -2.812
  step 100/1999 best 5.171
  step 150/1999 best 8.477
  step 200/1999 best 11.409
  step 250/1999 best 10.767
  step 300/1999 best 11.137
  step 350/1999 best 10.880
  step 400/1999 best 10.743
  step 450/1999 best 11.323
  step 500/1999 best 11.462
  step 550/1999 best 11.358
  step 600/1999 best 11.175
  step 650/1999 best 11.516
  step 700/1999 best 11.219
  step 750/1999 best 11.528
  step 800/1999 best 11.285
  step 850/1999 best 11.299
  step 900/1999 best 11.275
  step 950/1999 best 11.308
  step 1000/1999 best 11.590
  step 1050/1999 best 11.498
  step 1100/1999 best 11.237
  step 1150/1999 best 11.288
  step 1200/1999 best 11.332
  step 1250/1999 best 11.346
  step 1300/1999 best 11.433
  step 1350/1999 best 11.268
  step 1400/1999 best 11.171
  step 1450/1999 best 11.304
  step 1500/1999 best 11.188
  step 1550/1999 best 11.413
  step 1600/1999 best 11.407
  step 1650/1999 best 11.393
  step 1700/1999 best 11.352
  step 1750/1999 best 11.536
  step 1800/1999 best 11.364
  step 1850/1999 best 11.441
  step 1900/1999 best 11.571
  step 1950/1999 best 11.306
saved SBC_CHAINS_cnn_vmim__n1_seed_s2_sim2587_row2186988_noise3224_3403_3582 (240000, 4) acc=0.162
  step 0/1999 best -17.613
  step 50/1999 best 2.292
  step 100/1999 best 6.178
  step 150/1999 best 14.585
  step 200/1999 best 14.879
  step 250/1999 best 15.048
  step 300/1999 best 14.854
  step 350/1999 best 15.116
  step 400/1999 best 15.616
  step 450/1999 best 15.403
  step 500/1999 best 15.518
  step 550/1999 best 15.512
  step 600/1999 best 15.506
  step 650/1999 best 15.358
  step 700/1999 best 15.270
  step 750/1999 best 15.436
  step 800/1999 best 15.454
  step 850/1999 best 15.429
  step 900/1999 best 15.579
  step 950/1999 best 15.508
  step 1000/1999 best 15.465
  step 1050/1999 best 15.539
  step 1100/1999 best 15.471
  step 1150/1999 best 15.504
  step 1200/1999 best 15.446
  step 1250/1999 best 15.392
  step 1300/1999 best 15.374
  step 1350/1999 best 15.490
  step 1400/1999 best 15.506
  step 1450/1999 best 15.417
  step 1500/1999 best 15.394
  step 1550/1999 best 15.484
  step 1600/1999 best 15.515
  step 1650/1999 best 15.540
  step 1700/1999 best 15.594
  step 1750/1999 best 15.447
  step 1800/1999 best 15.420
  step 1850/1999 best 15.548
  step 1900/1999 best 15.484
  step 1950/1999 best 15.367
saved SBC_CHAINS_cnn_vmim__n1_seed_s2_sim727_row676730_noise458_637_816 (240000, 4) acc=0.238
  step 0/1999 best -22.425
  step 50/1999 best -3.182
  step 100/1999 best 12.915
  step 150/1999 best 13.255
  step 200/1999 best 12.443
  step 250/1999 best 12.355
  step 300/1999 best 13.545
  step 350/1999 best 14.725
  step 400/1999 best 14.851
  step 450/1999 best 15.127
  step 500/1999 best 15.507
  step 550/1999 best 15.601
  step 600/1999 best 15.462
  step 650/1999 best 15.310
  step 700/1999 best 15.275
  step 750/1999 best 15.468
  step 800/1999 best 15.200
  step 850/1999 best 15.381
  step 900/1999 best 15.588
  step 950/1999 best 15.447
  step 1000/1999 best 15.455
  step 1050/1999 best 15.348
  step 1100/1999 best 15.366
  step 1150/1999 best 15.575
  step 1200/1999 best 15.545
  step 1250/1999 best 15.386
  step 1300/1999 best 15.462
  step 1350/1999 best 15.550
  step 1400/1999 best 15.615
  step 1450/1999 best 15.417
  step 1500/1999 best 15.377
  step 1550/1999 best 15.462
  step 1600/1999 best 15.424
  step 1650/1999 best 15.359
  step 1700/1999 best 15.485
  step 1750/1999 best 15.500
  step 1800/1999 best 15.482
  step 1850/1999 best 15.474
  step 1900/1999 best 15.480
  step 1950/1999 best 15.480
saved SBC_CHAINS_cnn_vmim__n1_seed_s2_sim2464_row2063762_noise7762_7941_8120 (240000, 4) acc=0.139
  step 0/1999 best -7.687
  step 50/1999 best 7.670
  step 100/1999 best 11.161
  step 150/1999 best 14.808
  step 200/1999 best 15.069
  step 250/1999 best 14.875
  step 300/1999 best 15.211
  step 350/1999 best 15.230
  step 400/1999 best 15.296
  step 450/1999 best 15.226
  step 500/1999 best 15.371
  step 550/1999 best 15.307
  step 600/1999 best 15.355
  step 650/1999 best 15.387
  step 700/1999 best 15.267
  step 750/1999 best 15.379
  step 800/1999 best 15.365
  step 850/1999 best 15.321
  step 900/1999 best 15.404
  step 950/1999 best 15.182
  step 1000/1999 best 15.325
  step 1050/1999 best 15.373
  step 1100/1999 best 15.110
  step 1150/1999 best 15.414
  step 1200/1999 best 15.390
  step 1250/1999 best 15.137
  step 1300/1999 best 15.209
  step 1350/1999 best 15.257
  step 1400/1999 best 15.298
  step 1450/1999 best 15.250
  step 1500/1999 best 15.226
  step 1550/1999 best 15.364
  step 1600/1999 best 15.403
  step 1650/1999 best 15.341
  step 1700/1999 best 15.395
  step 1750/1999 best 15.382
  step 1800/1999 best 15.210
  step 1850/1999 best 15.335
  step 1900/1999 best 15.377
  step 1950/1999 best 15.409
saved SBC_CHAINS_cnn_vmim__n1_seed_s2_sim1525_row1302336_noise1996_2175_2354 (240000, 4) acc=0.259
  step 0/1999 best -13.657
  step 50/1999 best 14.029
  step 100/1999 best 16.207
  step 150/1999 best 16.417
  step 200/1999 best 16.123
  step 250/1999 best 16.633
  step 300/1999 best 16.715
  step 350/1999 best 16.718
  step 400/1999 best 16.833
  step 450/1999 best 16.561
  step 500/1999 best 16.787
  step 550/1999 best 16.291
  step 600/1999 best 16.618
  step 650/1999 best 16.697
  step 700/1999 best 16.781
  step 750/1999 best 16.801
  step 800/1999 best 16.636
  step 850/1999 best 16.788
  step 900/1999 best 16.633
  step 950/1999 best 16.700
  step 1000/1999 best 16.827
  step 1050/1999 best 16.693
  step 1100/1999 best 16.792
  step 1150/1999 best 16.592
  step 1200/1999 best 16.693
  step 1250/1999 best 16.837
  step 1300/1999 best 16.634
  step 1350/1999 best 16.788
  step 1400/1999 best 16.706
  step 1450/1999 best 16.793
  step 1500/1999 best 16.684
  step 1550/1999 best 16.709
  step 1600/1999 best 16.777
  step 1650/1999 best 16.708
  step 1700/1999 best 16.651
  step 1750/1999 best 16.794
  step 1800/1999 best 16.684
  step 1850/1999 best 16.808
  step 1900/1999 best 16.606
  step 1950/1999 best 16.730
saved SBC_CHAINS_cnn_vmim__n1_seed_s2_sim897_row846547_noise3199_3378_3557 (240000, 4) acc=0.407
  step 0/1999 best -22.406
  step 50/1999 best 1.114
  step 100/1999 best 4.027
  step 150/1999 best 7.387
  step 200/1999 best 14.012
  step 250/1999 best 12.783
  step 300/1999 best 16.319
  step 350/1999 best 16.585
  step 400/1999 best 16.615
  step 450/1999 best 16.654
  step 500/1999 best 16.663
  step 550/1999 best 16.476
  step 600/1999 best 16.695
  step 650/1999 best 16.660
  step 700/1999 best 16.718
  step 750/1999 best 16.714
  step 800/1999 best 16.758
  step 850/1999 best 16.560
  step 900/1999 best 16.694
  step 950/1999 best 16.543
  step 1000/1999 best 16.784
  step 1050/1999 best 16.774
  step 1100/1999 best 16.788
  step 1150/1999 best 16.714
  step 1200/1999 best 16.677
  step 1250/1999 best 16.777
  step 1300/1999 best 16.708
  step 1350/1999 best 16.520
  step 1400/1999 best 16.753
  step 1450/1999 best 16.724
  step 1500/1999 best 16.709
  step 1550/1999 best 16.701
  step 1600/1999 best 16.750
  step 1650/1999 best 16.770
  step 1700/1999 best 16.690
  step 1750/1999 best 16.588
  step 1800/1999 best 16.731
  step 1850/1999 best 16.671
  step 1900/1999 best 16.722
  step 1950/1999 best 16.705
saved SBC_CHAINS_cnn_vmim__n1_seed_s2_sim1221_row1039708_noise3036_3215_3394 (240000, 4) acc=0.205
  step 0/1999 best -20.010
  step 50/1999 best 3.395
  step 100/1999 best 7.907
  step 150/1999 best 11.235
  step 200/1999 best 13.802
  step 250/1999 best 17.032
  step 300/1999 best 16.675
  step 350/1999 best 18.104
  step 400/1999 best 18.164
  step 450/1999 best 18.163
  step 500/1999 best 18.265
  step 550/1999 best 18.637
  step 600/1999 best 18.026
  step 650/1999 best 18.544
  step 700/1999 best 18.416
  step 750/1999 best 18.571
  step 800/1999 best 18.383
  step 850/1999 best 18.456
  step 900/1999 best 18.494
  step 950/1999 best 18.524
  step 1000/1999 best 18.534
  step 1050/1999 best 18.528
  step 1100/1999 best 18.447
  step 1150/1999 best 18.480
  step 1200/1999 best 18.427
  step 1250/1999 best 18.667
  step 1300/1999 best 18.544
  step 1350/1999 best 18.643
  step 1400/1999 best 18.588
  step 1450/1999 best 18.503
  step 1500/1999 best 18.509
  step 1550/1999 best 18.673
  step 1600/1999 best 18.540
  step 1650/1999 best 18.618
  step 1700/1999 best 18.572
  step 1750/1999 best 18.313
  step 1800/1999 best 18.655
  step 1850/1999 best 18.651
  step 1900/1999 best 18.581
  step 1950/1999 best 18.652
saved SBC_CHAINS_cnn_vmim__n1_seed_s2_sim1282_row1099851_noise5211_5390_5569 (240000, 4) acc=0.226
  step 0/1999 best -18.408
  step 50/1999 best 3.623
  step 100/1999 best 2.892
  step 150/1999 best 7.348
  step 200/1999 best 10.993
  step 250/1999 best 9.782
  step 300/1999 best 11.831
  step 350/1999 best 13.731
  step 400/1999 best 16.589
  step 450/1999 best 16.589
  step 500/1999 best 17.298
  step 550/1999 best 17.317
  step 600/1999 best 17.493
  step 650/1999 best 17.809
  step 700/1999 best 17.796
  step 750/1999 best 17.919
  step 800/1999 best 17.680
  step 850/1999 best 17.689
  step 900/1999 best 17.728
  step 950/1999 best 17.688
  step 1000/1999 best 17.863
  step 1050/1999 best 18.003
  step 1100/1999 best 17.880
  step 1150/1999 best 17.726
  step 1200/1999 best 17.888
  step 1250/1999 best 17.826
  step 1300/1999 best 17.883
  step 1350/1999 best 17.914
  step 1400/1999 best 17.720
  step 1450/1999 best 17.653
  step 1500/1999 best 17.761
  step 1550/1999 best 17.788
  step 1600/1999 best 17.955
  step 1650/1999 best 17.972
  step 1700/1999 best 18.025
  step 1750/1999 best 17.881
  step 1800/1999 best 18.012
  step 1850/1999 best 17.948
  step 1900/1999 best 17.858
  step 1950/1999 best 17.831
saved SBC_CHAINS_cnn_vmim__n1_seed_s2_sim1198_row1016344_noise9156_9335_9514 (240000, 4) acc=0.173
  step 0/1999 best -21.576
  step 50/1999 best 4.156
  step 100/1999 best 14.800
  step 150/1999 best 14.838
  step 200/1999 best 15.162
  step 250/1999 best 15.423
  step 300/1999 best 15.343
  step 350/1999 best 15.368
  step 400/1999 best 15.221
  step 450/1999 best 15.233
  step 500/1999 best 15.370
  step 550/1999 best 15.126
  step 600/1999 best 15.496
  step 650/1999 best 15.278
  step 700/1999 best 15.327
  step 750/1999 best 15.322
  step 800/1999 best 15.478
  step 850/1999 best 15.414
  step 900/1999 best 15.446
  step 950/1999 best 15.440
  step 1000/1999 best 15.259
  step 1050/1999 best 15.167
  step 1100/1999 best 15.241
  step 1150/1999 best 15.325
  step 1200/1999 best 15.322
  step 1250/1999 best 15.271
  step 1300/1999 best 15.297
  step 1350/1999 best 15.354
  step 1400/1999 best 15.434
  step 1450/1999 best 15.523
  step 1500/1999 best 15.384
  step 1550/1999 best 15.293
  step 1600/1999 best 15.396
  step 1650/1999 best 15.407
  step 1700/1999 best 15.446
  step 1750/1999 best 15.313
  step 1800/1999 best 15.424
  step 1850/1999 best 15.397
  step 1900/1999 best 15.392
  step 1950/1999 best 15.481
saved SBC_CHAINS_cnn_vmim__n1_seed_s2_sim421_row399961_noise9185_9364_9543 (240000, 4) acc=0.234
  step 0/1999 best -21.945
  step 50/1999 best 9.718
  step 100/1999 best 13.657
  step 150/1999 best 16.114
  step 200/1999 best 16.601
  step 250/1999 best 16.560
  step 300/1999 best 16.609
  step 350/1999 best 16.570
  step 400/1999 best 16.627
  step 450/1999 best 16.677
  step 500/1999 best 16.581
  step 550/1999 best 16.576
  step 600/1999 best 16.688
  step 650/1999 best 16.631
  step 700/1999 best 16.553
  step 750/1999 best 16.590
  step 800/1999 best 16.653
  step 850/1999 best 16.484
  step 900/1999 best 16.609
  step 950/1999 best 16.692
  step 1000/1999 best 16.575
  step 1050/1999 best 16.593
  step 1100/1999 best 16.578
  step 1150/1999 best 16.644
  step 1200/1999 best 16.551
  step 1250/1999 best 16.587
  step 1300/1999 best 16.563
  step 1350/1999 best 16.659
  step 1400/1999 best 16.663
  step 1450/1999 best 16.632
  step 1500/1999 best 16.578
  step 1550/1999 best 16.496
  step 1600/1999 best 16.567
  step 1650/1999 best 16.533
  step 1700/1999 best 16.647
  step 1750/1999 best 16.578
  step 1800/1999 best 16.680
  step 1850/1999 best 16.585
  step 1900/1999 best 16.633
  step 1950/1999 best 16.468
saved SBC_CHAINS_cnn_vmim__n1_seed_s2_sim812_row761364_noise6468_6647_6826 (240000, 4) acc=0.360
  step 0/1999 best -16.448
  step 50/1999 best 2.520
  step 100/1999 best 2.501
  step 150/1999 best 7.407
  step 200/1999 best 10.775
  step 250/1999 best 15.527
  step 300/1999 best 15.345
  step 350/1999 best 15.279
  step 400/1999 best 16.130
  step 450/1999 best 16.169
  step 500/1999 best 16.214
  step 550/1999 best 16.326
  step 600/1999 best 16.145
  step 650/1999 best 16.305
  step 700/1999 best 16.267
  step 750/1999 best 16.407
  step 800/1999 best 16.309
  step 850/1999 best 16.282
  step 900/1999 best 16.109
  step 950/1999 best 16.166
  step 1000/1999 best 16.388
  step 1050/1999 best 16.392
  step 1100/1999 best 16.446
  step 1150/1999 best 16.294
  step 1200/1999 best 16.309
  step 1250/1999 best 16.298
  step 1300/1999 best 16.226
  step 1350/1999 best 16.183
  step 1400/1999 best 16.362
  step 1450/1999 best 16.402
  step 1500/1999 best 16.441
  step 1550/1999 best 16.422
  step 1600/1999 best 16.372
  step 1650/1999 best 16.375
  step 1700/1999 best 16.295
  step 1750/1999 best 16.436
  step 1800/1999 best 16.295
  step 1850/1999 best 16.476
  step 1900/1999 best 16.390
  step 1950/1999 best 16.239
saved SBC_CHAINS_cnn_vmim__n1_seed_s2_sim1741_row1494753_noise2197_2376_2555 (240000, 4) acc=0.240
  step 0/1999 best -4.359
  step 50/1999 best 4.231
  step 100/1999 best 16.226
  step 150/1999 best 15.472
  step 200/1999 best 16.954
  step 250/1999 best 17.318
  step 300/1999 best 17.175
  step 350/1999 best 17.216
  step 400/1999 best 17.152
  step 450/1999 best 17.234
  step 500/1999 best 17.333
  step 550/1999 best 17.165
  step 600/1999 best 17.356
  step 650/1999 best 17.227
  step 700/1999 best 17.267
  step 750/1999 best 17.260
  step 800/1999 best 17.299
  step 850/1999 best 17.323
  step 900/1999 best 17.248
  step 950/1999 best 17.275
  step 1000/1999 best 17.319
  step 1050/1999 best 17.335
  step 1100/1999 best 17.376
  step 1150/1999 best 17.194
  step 1200/1999 best 17.373
  step 1250/1999 best 17.357
  step 1300/1999 best 17.284
  step 1350/1999 best 17.355
  step 1400/1999 best 17.142
  step 1450/1999 best 17.294
  step 1500/1999 best 17.312
  step 1550/1999 best 17.307
  step 1600/1999 best 17.335
  step 1650/1999 best 17.281
  step 1700/1999 best 17.306
  step 1750/1999 best 17.384
  step 1800/1999 best 17.232
  step 1850/1999 best 17.242
  step 1900/1999 best 17.353
  step 1950/1999 best 17.183
saved SBC_CHAINS_cnn_vmim__n1_seed_s2_sim187_row178275_noise543_722_901 (240000, 4) acc=0.374
  step 0/1999 best -26.187
  step 50/1999 best 1.528
  step 100/1999 best 9.690
  step 150/1999 best 13.910
  step 200/1999 best 14.885
  step 250/1999 best 15.077
  step 300/1999 best 15.474
  step 350/1999 best 15.484
  step 400/1999 best 15.624
  step 450/1999 best 15.655
  step 500/1999 best 15.503
  step 550/1999 best 15.619
  step 600/1999 best 15.706
  step 650/1999 best 15.536
  step 700/1999 best 15.678
  step 750/1999 best 15.756
  step 800/1999 best 15.687
  step 850/1999 best 15.538
  step 900/1999 best 15.586
  step 950/1999 best 15.465
  step 1000/1999 best 15.626
  step 1050/1999 best 15.621
  step 1100/1999 best 15.721
  step 1150/1999 best 15.573
  step 1200/1999 best 15.723
  step 1250/1999 best 15.553
  step 1300/1999 best 15.623
  step 1350/1999 best 15.653
  step 1400/1999 best 15.645
  step 1450/1999 best 15.682
  step 1500/1999 best 15.602
  step 1550/1999 best 15.677
  step 1600/1999 best 15.720
  step 1650/1999 best 15.503
  step 1700/1999 best 15.617
  step 1750/1999 best 15.669
  step 1800/1999 best 15.732
  step 1850/1999 best 15.609
  step 1900/1999 best 15.661
  step 1950/1999 best 15.637
saved SBC_CHAINS_cnn_vmim__n1_seed_s2_sim2048_row1658506_noise4282_4461_4640 (240000, 4) acc=0.280
  step 0/1999 best -24.248
  step 50/1999 best -0.817
  step 100/1999 best 2.470
  step 150/1999 best 4.153
  step 200/1999 best 17.317
  step 250/1999 best 17.445
  step 300/1999 best 17.426
  step 350/1999 best 17.237
  step 400/1999 best 17.415
  step 450/1999 best 17.487
  step 500/1999 best 17.621
  step 550/1999 best 17.620
  step 600/1999 best 17.864
  step 650/1999 best 17.845
  step 700/1999 best 17.672
  step 750/1999 best 17.982
  step 800/1999 best 17.814
  step 850/1999 best 17.893
  step 900/1999 best 17.950
  step 950/1999 best 17.814
  step 1000/1999 best 17.898
  step 1050/1999 best 17.894
  step 1100/1999 best 17.897
  step 1150/1999 best 17.949
  step 1200/1999 best 17.898
  step 1250/1999 best 17.970
  step 1300/1999 best 17.898
  step 1350/1999 best 17.984
  step 1400/1999 best 17.957
  step 1450/1999 best 17.921
  step 1500/1999 best 17.921
  step 1550/1999 best 17.873
  step 1600/1999 best 17.972
  step 1650/1999 best 17.959
  step 1700/1999 best 17.919
  step 1750/1999 best 17.969
  step 1800/1999 best 17.986
  step 1850/1999 best 17.873
  step 1900/1999 best 18.002
  step 1950/1999 best 17.751
saved SBC_CHAINS_cnn_vmim__n1_seed_s2_sim202_row188970_noise6410_6589_6768 (240000, 4) acc=0.228
  step 0/1999 best -4.040
  step 50/1999 best 0.716
  step 100/1999 best 2.687
  step 150/1999 best 6.993
  step 200/1999 best 5.811
  step 250/1999 best 14.253
  step 300/1999 best 14.736
  step 350/1999 best 15.856
  step 400/1999 best 16.512
  step 450/1999 best 16.509
  step 500/1999 best 16.390
  step 550/1999 best 16.532
  step 600/1999 best 16.574
  step 650/1999 best 16.388
  step 700/1999 best 16.526
  step 750/1999 best 16.599
  step 800/1999 best 16.416
  step 850/1999 best 16.384
  step 900/1999 best 16.562
  step 950/1999 best 16.476
  step 1000/1999 best 16.180
  step 1050/1999 best 16.543
  step 1100/1999 best 16.594
  step 1150/1999 best 16.582
  step 1200/1999 best 16.585
  step 1250/1999 best 16.379
  step 1300/1999 best 16.415
  step 1350/1999 best 16.554
  step 1400/1999 best 16.416
  step 1450/1999 best 16.511
  step 1500/1999 best 16.551
  step 1550/1999 best 16.521
  step 1600/1999 best 16.619
  step 1650/1999 best 16.549
  step 1700/1999 best 16.583
  step 1750/1999 best 16.572
  step 1800/1999 best 16.493
  step 1850/1999 best 16.535
  step 1900/1999 best 16.490
  step 1950/1999 best 16.458
saved SBC_CHAINS_cnn_vmim__n1_seed_s2_sim1261_row1079560_noise3576_3755_3934 (240000, 4) acc=0.291
  step 0/1999 best -7.272
  step 50/1999 best 4.280
  step 100/1999 best 9.925
  step 150/1999 best 13.866
  step 200/1999 best 14.873
  step 250/1999 best 15.243
  step 300/1999 best 15.147
  step 350/1999 best 15.302
  step 400/1999 best 14.493
  step 450/1999 best 14.897
  step 500/1999 best 15.440
  step 550/1999 best 15.150
  step 600/1999 best 14.898
  step 650/1999 best 15.509
  step 700/1999 best 15.346
  step 750/1999 best 15.412
  step 800/1999 best 15.469
  step 850/1999 best 15.299
  step 900/1999 best 15.588
  step 950/1999 best 15.385
  step 1000/1999 best 15.470
  step 1050/1999 best 15.524
  step 1100/1999 best 15.551
  step 1150/1999 best 15.503
  step 1200/1999 best 15.476
  step 1250/1999 best 15.469
  step 1300/1999 best 15.498
  step 1350/1999 best 15.359
  step 1400/1999 best 15.574
  step 1450/1999 best 15.436
  step 1500/1999 best 15.410
  step 1550/1999 best 15.197
  step 1600/1999 best 15.478
  step 1650/1999 best 15.529
  step 1700/1999 best 15.551
  step 1750/1999 best 15.556
  step 1800/1999 best 15.305
  step 1850/1999 best 15.362
  step 1900/1999 best 15.325
  step 1950/1999 best 15.462
saved SBC_CHAINS_cnn_vmim__n1_seed_s2_sim676_row627180_noise7876_8055_8234 (240000, 4) acc=0.205
  step 0/1999 best -15.778
  step 50/1999 best 0.235
  step 100/1999 best 7.578
  step 150/1999 best 14.616
  step 200/1999 best 14.349
  step 250/1999 best 14.996
  step 300/1999 best 15.238
  step 350/1999 best 14.864
  step 400/1999 best 15.104
  step 450/1999 best 15.092
  step 500/1999 best 15.033
  step 550/1999 best 15.007
  step 600/1999 best 15.176
  step 650/1999 best 15.013
  step 700/1999 best 15.243
  step 750/1999 best 15.258
  step 800/1999 best 15.185
  step 850/1999 best 15.213
  step 900/1999 best 15.128
  step 950/1999 best 15.131
  step 1000/1999 best 15.075
  step 1050/1999 best 15.075
  step 1100/1999 best 15.011
  step 1150/1999 best 15.025
  step 1200/1999 best 15.097
  step 1250/1999 best 15.154
  step 1300/1999 best 15.053
  step 1350/1999 best 15.083
  step 1400/1999 best 14.916
  step 1450/1999 best 15.180
  step 1500/1999 best 15.162
  step 1550/1999 best 15.151
  step 1600/1999 best 15.171
  step 1650/1999 best 15.142
  step 1700/1999 best 15.188
  step 1750/1999 best 15.147
  step 1800/1999 best 15.208
  step 1850/1999 best 15.105
  step 1900/1999 best 15.188
  step 1950/1999 best 15.124
saved SBC_CHAINS_cnn_vmim__n1_seed_s2_sim219_row205889_noise3673_3852_4031 (240000, 4) acc=0.208
  step 0/1999 best -19.751
  step 50/1999 best 12.533
  step 100/1999 best 11.924
  step 150/1999 best 14.488
  step 200/1999 best 13.775
  step 250/1999 best 14.195
  step 300/1999 best 14.514
  step 350/1999 best 14.424
  step 400/1999 best 14.524
  step 450/1999 best 14.495
  step 500/1999 best 14.361
  step 550/1999 best 14.496
  step 600/1999 best 14.571
  step 650/1999 best 14.404
  step 700/1999 best 14.430
  step 750/1999 best 14.458
  step 800/1999 best 14.426
  step 850/1999 best 14.448
  step 900/1999 best 14.599
  step 950/1999 best 14.534
  step 1000/1999 best 14.562
  step 1050/1999 best 14.613
  step 1100/1999 best 14.525
  step 1150/1999 best 14.572
  step 1200/1999 best 14.591
  step 1250/1999 best 14.364
  step 1300/1999 best 14.530
  step 1350/1999 best 14.531
  step 1400/1999 best 14.467
  step 1450/1999 best 14.584
  step 1500/1999 best 14.565
  step 1550/1999 best 14.498
  step 1600/1999 best 14.337
  step 1650/1999 best 14.531
  step 1700/1999 best 14.639
  step 1750/1999 best 14.563
  step 1800/1999 best 14.591
  step 1850/1999 best 14.446
  step 1900/1999 best 14.392
  step 1950/1999 best 14.592
saved SBC_CHAINS_cnn_vmim__n1_seed_s2_sim2384_row1983604_noise6228_6407_6586 (240000, 4) acc=0.254
  step 0/1999 best -21.662
  step 50/1999 best 3.749
  step 100/1999 best 14.889
  step 150/1999 best 17.272
  step 200/1999 best 18.039
  step 250/1999 best 18.063
  step 300/1999 best 18.053
  step 350/1999 best 18.185
  step 400/1999 best 18.149
  step 450/1999 best 17.836
  step 500/1999 best 18.101
  step 550/1999 best 18.178
  step 600/1999 best 18.084
  step 650/1999 best 18.016
  step 700/1999 best 18.137
  step 750/1999 best 17.992
  step 800/1999 best 18.140
  step 850/1999 best 18.171
  step 900/1999 best 18.034
  step 950/1999 best 18.111
  step 1000/1999 best 17.946
  step 1050/1999 best 18.172
  step 1100/1999 best 18.144
  step 1150/1999 best 17.957
  step 1200/1999 best 18.141
  step 1250/1999 best 18.087
  step 1300/1999 best 18.081
  step 1350/1999 best 18.080
  step 1400/1999 best 18.059
  step 1450/1999 best 18.189
  step 1500/1999 best 18.025
  step 1550/1999 best 18.217
  step 1600/1999 best 18.077
  step 1650/1999 best 18.131
  step 1700/1999 best 18.040
  step 1750/1999 best 18.160
  step 1800/1999 best 18.158
  step 1850/1999 best 18.171
  step 1900/1999 best 17.945
  step 1950/1999 best 18.101
saved SBC_CHAINS_cnn_vmim__n1_seed_s2_sim189_row180378_noise2646_2825_3004 (240000, 4) acc=0.324
  step 0/1999 best -18.209
  step 50/1999 best 13.292
  step 100/1999 best 14.462
  step 150/1999 best 15.626
  step 200/1999 best 15.791
  step 250/1999 best 15.725
  step 300/1999 best 15.728
  step 350/1999 best 15.903
  step 400/1999 best 15.774
  step 450/1999 best 15.929
  step 500/1999 best 15.693
  step 550/1999 best 15.788
  step 600/1999 best 15.844
  step 650/1999 best 15.766
  step 700/1999 best 15.911
  step 750/1999 best 15.752
  step 800/1999 best 15.854
  step 850/1999 best 15.872
  step 900/1999 best 15.797
  step 950/1999 best 15.765
  step 1000/1999 best 15.772
  step 1050/1999 best 15.781
  step 1100/1999 best 15.718
  step 1150/1999 best 15.892
  step 1200/1999 best 15.856
  step 1250/1999 best 15.850
  step 1300/1999 best 15.808
  step 1350/1999 best 15.776
  step 1400/1999 best 15.842
  step 1450/1999 best 15.806
  step 1500/1999 best 15.779
  step 1550/1999 best 15.819
  step 1600/1999 best 15.644
  step 1650/1999 best 15.875
  step 1700/1999 best 15.763
  step 1750/1999 best 15.816
  step 1800/1999 best 15.807
  step 1850/1999 best 15.836
  step 1900/1999 best 15.824
  step 1950/1999 best 15.709
saved SBC_CHAINS_cnn_vmim__n1_seed_s2_sim2072_row1682566_noise8686_8865_9044 (240000, 4) acc=0.302
  step 0/1999 best -20.163
  step 50/1999 best 5.914
  step 100/1999 best 5.532
  step 150/1999 best 13.555
  step 200/1999 best 13.994
  step 250/1999 best 13.636
  step 300/1999 best 14.105
  step 350/1999 best 13.519
  step 400/1999 best 13.809
  step 450/1999 best 14.115
  step 500/1999 best 13.999
  step 550/1999 best 14.329
  step 600/1999 best 14.110
  step 650/1999 best 14.300
  step 700/1999 best 14.266
  step 750/1999 best 14.088
  step 800/1999 best 14.276
  step 850/1999 best 14.263
  step 900/1999 best 13.970
  step 950/1999 best 14.089
  step 1000/1999 best 14.279
  step 1050/1999 best 14.251
  step 1100/1999 best 14.364
  step 1150/1999 best 14.353
  step 1200/1999 best 14.255
  step 1250/1999 best 14.262
  step 1300/1999 best 14.078
  step 1350/1999 best 14.378
  step 1400/1999 best 14.279
  step 1450/1999 best 13.985
  step 1500/1999 best 14.279
  step 1550/1999 best 14.320
  step 1600/1999 best 14.224
  step 1650/1999 best 14.137
  step 1700/1999 best 14.204
  step 1750/1999 best 14.232
  step 1800/1999 best 14.016
  step 1850/1999 best 14.229
  step 1900/1999 best 14.270
  step 1950/1999 best 14.208
saved SBC_CHAINS_cnn_vmim__n1_seed_s2_sim745_row694702_noise8602_8781_8960 (240000, 4) acc=0.224
  step 0/1999 best -21.023
  step 50/1999 best 0.062
  step 100/1999 best 14.164
  step 150/1999 best 13.120
  step 200/1999 best 14.365
  step 250/1999 best 14.568
  step 300/1999 best 14.908
  step 350/1999 best 14.926
  step 400/1999 best 15.059
  step 450/1999 best 15.121
  step 500/1999 best 14.973
  step 550/1999 best 14.873
  step 600/1999 best 14.952
  step 650/1999 best 14.761
  step 700/1999 best 15.083
  step 750/1999 best 14.971
  step 800/1999 best 14.938
  step 850/1999 best 15.067
  step 900/1999 best 15.134
  step 950/1999 best 15.088
  step 1000/1999 best 15.075
  step 1050/1999 best 15.044
  step 1100/1999 best 14.937
  step 1150/1999 best 14.901
  step 1200/1999 best 15.127
  step 1250/1999 best 15.044
  step 1300/1999 best 15.025
  step 1350/1999 best 15.136
  step 1400/1999 best 15.117
  step 1450/1999 best 14.904
  step 1500/1999 best 15.143
  step 1550/1999 best 15.144
  step 1600/1999 best 15.082
  step 1650/1999 best 15.146
  step 1700/1999 best 15.066
  step 1750/1999 best 15.136
  step 1800/1999 best 15.169
  step 1850/1999 best 14.902
  step 1900/1999 best 15.000
  step 1950/1999 best 15.010
saved SBC_CHAINS_cnn_vmim__n1_seed_s2_sim2450_row2049290_noise3118_3297_3476 (240000, 4) acc=0.167
  step 0/1999 best -23.764
  step 50/1999 best -1.053
  step 100/1999 best 8.430
  step 150/1999 best 12.144
  step 200/1999 best 13.908
  step 250/1999 best 13.263
  step 300/1999 best 13.724
  step 350/1999 best 13.741
  step 400/1999 best 13.848
  step 450/1999 best 13.969
  step 500/1999 best 13.747
  step 550/1999 best 13.660
  step 600/1999 best 13.921
  step 650/1999 best 13.864
  step 700/1999 best 13.878
  step 750/1999 best 13.864
  step 800/1999 best 13.645
  step 850/1999 best 13.752
  step 900/1999 best 13.864
  step 950/1999 best 13.912
  step 1000/1999 best 13.776
  step 1050/1999 best 13.827
  step 1100/1999 best 13.920
  step 1150/1999 best 13.834
  step 1200/1999 best 13.818
  step 1250/1999 best 13.793
  step 1300/1999 best 13.795
  step 1350/1999 best 13.891
  step 1400/1999 best 13.930
  step 1450/1999 best 13.667
  step 1500/1999 best 13.896
  step 1550/1999 best 13.881
  step 1600/1999 best 13.797
  step 1650/1999 best 13.846
  step 1700/1999 best 13.920
  step 1750/1999 best 13.830
  step 1800/1999 best 13.948
  step 1850/1999 best 13.809
  step 1900/1999 best 13.939
  step 1950/1999 best 13.866
saved SBC_CHAINS_cnn_vmim__n1_seed_s2_sim2540_row2139055_noise4431_4610_4789 (240000, 4) acc=0.203
  step 0/1999 best -25.429
  step 50/1999 best 2.870
  step 100/1999 best 12.668
  step 150/1999 best 15.374
  step 200/1999 best 16.907
  step 250/1999 best 16.035
  step 300/1999 best 16.994
  step 350/1999 best 17.010
  step 400/1999 best 17.101
  step 450/1999 best 17.141
  step 500/1999 best 17.199
  step 550/1999 best 17.048
  step 600/1999 best 17.068
  step 650/1999 best 17.089
  step 700/1999 best 17.227
  step 750/1999 best 17.187
  step 800/1999 best 17.074
  step 850/1999 best 17.091
  step 900/1999 best 17.127
  step 950/1999 best 17.172
  step 1000/1999 best 16.989
  step 1050/1999 best 17.125
  step 1100/1999 best 16.876
  step 1150/1999 best 17.115
  step 1200/1999 best 17.244
  step 1250/1999 best 17.159
  step 1300/1999 best 17.137
  step 1350/1999 best 17.094
  step 1400/1999 best 17.095
  step 1450/1999 best 17.194
  step 1500/1999 best 17.019
  step 1550/1999 best 17.040
  step 1600/1999 best 17.106
  step 1650/1999 best 17.136
  step 1700/1999 best 17.188
  step 1750/1999 best 17.204
  step 1800/1999 best 17.037
  step 1850/1999 best 16.873
  step 1900/1999 best 17.194
  step 1950/1999 best 17.125
saved SBC_CHAINS_cnn_vmim__n1_seed_s2_sim1755_row1508914_noise6530_6709_6888 (240000, 4) acc=0.247
  step 0/1999 best -18.538
  step 50/1999 best 0.089
  step 100/1999 best 1.198
  step 150/1999 best 8.683
  step 200/1999 best 13.962
  step 250/1999 best 15.662
  step 300/1999 best 15.509
  step 350/1999 best 15.921
  step 400/1999 best 15.548
  step 450/1999 best 15.665
  step 500/1999 best 15.817
  step 550/1999 best 15.905
  step 600/1999 best 15.883
  step 650/1999 best 15.939
  step 700/1999 best 15.811
  step 750/1999 best 15.689
  step 800/1999 best 15.938
  step 850/1999 best 15.574
  step 900/1999 best 15.885
  step 950/1999 best 15.829
  step 1000/1999 best 15.834
  step 1050/1999 best 15.946
  step 1100/1999 best 15.883
  step 1150/1999 best 15.794
  step 1200/1999 best 15.921
  step 1250/1999 best 15.914
  step 1300/1999 best 15.964
  step 1350/1999 best 15.813
  step 1400/1999 best 15.781
  step 1450/1999 best 15.807
  step 1500/1999 best 15.905
  step 1550/1999 best 15.783
  step 1600/1999 best 15.973
  step 1650/1999 best 15.791
  step 1700/1999 best 15.750
  step 1750/1999 best 15.826
  step 1800/1999 best 15.887
  step 1850/1999 best 15.831
  step 1900/1999 best 15.881
  step 1950/1999 best 15.800
saved SBC_CHAINS_cnn_vmim__n1_seed_s2_sim3003_row2598459_noise5919_6098_6277 (240000, 4) acc=0.277
  step 0/1999 best -19.664
  step 50/1999 best 6.490
  step 100/1999 best 11.556
  step 150/1999 best 11.556
  step 200/1999 best 11.364
  step 250/1999 best 11.939
  step 300/1999 best 11.969
  step 350/1999 best 11.957
  step 400/1999 best 11.736
  step 450/1999 best 11.983
  step 500/1999 best 11.485
  step 550/1999 best 12.168
  step 600/1999 best 12.231
  step 650/1999 best 12.015
  step 700/1999 best 11.553
  step 750/1999 best 12.124
  step 800/1999 best 12.090
  step 850/1999 best 12.260
  step 900/1999 best 12.270
  step 950/1999 best 12.243
  step 1000/1999 best 12.175
  step 1050/1999 best 12.287
  step 1100/1999 best 11.942
  step 1150/1999 best 12.104
  step 1200/1999 best 12.235
  step 1250/1999 best 12.274
  step 1300/1999 best 12.173
  step 1350/1999 best 12.087
  step 1400/1999 best 12.134
  step 1450/1999 best 12.118
  step 1500/1999 best 12.184
  step 1550/1999 best 12.137
  step 1600/1999 best 12.321
  step 1650/1999 best 12.244
  step 1700/1999 best 12.296
  step 1750/1999 best 12.130
  step 1800/1999 best 12.240
  step 1850/1999 best 12.286
  step 1900/1999 best 12.215
  step 1950/1999 best 12.034
saved SBC_CHAINS_cnn_vmim__n1_seed_s2_sim2942_row2537811_noise4239_4418_4597 (240000, 4) acc=0.139
  step 0/1999 best -20.454
  step 50/1999 best -3.503
  step 100/1999 best 9.539
  step 150/1999 best 9.539
  step 200/1999 best 11.482
  step 250/1999 best 12.414
  step 300/1999 best 12.818
  step 350/1999 best 13.712
  step 400/1999 best 13.551
  step 450/1999 best 13.857
  step 500/1999 best 13.830
  step 550/1999 best 13.829
  step 600/1999 best 13.914
  step 650/1999 best 13.937
  step 700/1999 best 13.998
  step 750/1999 best 13.891
  step 800/1999 best 13.748
  step 850/1999 best 13.682
  step 900/1999 best 14.029
  step 950/1999 best 13.927
  step 1000/1999 best 13.794
  step 1050/1999 best 13.969
  step 1100/1999 best 13.840
  step 1150/1999 best 14.058
  step 1200/1999 best 13.835
  step 1250/1999 best 13.958
  step 1300/1999 best 13.771
  step 1350/1999 best 13.975
  step 1400/1999 best 13.795
  step 1450/1999 best 13.821
  step 1500/1999 best 14.037
  step 1550/1999 best 14.042
  step 1600/1999 best 13.906
  step 1650/1999 best 13.963
  step 1700/1999 best 14.008
  step 1750/1999 best 14.018
  step 1800/1999 best 13.955
  step 1850/1999 best 14.023
  step 1900/1999 best 13.997
  step 1950/1999 best 13.819
saved SBC_CHAINS_cnn_vmim__n1_seed_s2_sim2404_row2003844_noise6812_6991_7170 (240000, 4) acc=0.188
  step 0/1999 best -13.946
  step 50/1999 best 1.007
  step 100/1999 best 9.946
  step 150/1999 best 10.822
  step 200/1999 best 12.446
  step 250/1999 best 12.913
  step 300/1999 best 12.730
  step 350/1999 best 13.037
  step 400/1999 best 13.153
  step 450/1999 best 13.038
  step 500/1999 best 13.149
  step 550/1999 best 12.893
  step 600/1999 best 13.160
  step 650/1999 best 13.194
  step 700/1999 best 13.028
  step 750/1999 best 13.104
  step 800/1999 best 12.941
  step 850/1999 best 13.100
  step 900/1999 best 13.157
  step 950/1999 best 12.962
  step 1000/1999 best 13.173
  step 1050/1999 best 13.218
  step 1100/1999 best 13.039
  step 1150/1999 best 13.175
  step 1200/1999 best 13.055
  step 1250/1999 best 13.210
  step 1300/1999 best 13.103
  step 1350/1999 best 13.088
  step 1400/1999 best 13.017
  step 1450/1999 best 13.178
  step 1500/1999 best 12.991
  step 1550/1999 best 13.145
  step 1600/1999 best 13.105
  step 1650/1999 best 13.168
  step 1700/1999 best 13.146
  step 1750/1999 best 13.041
  step 1800/1999 best 13.157
  step 1850/1999 best 13.137
  step 1900/1999 best 13.227
  step 1950/1999 best 13.151
saved SBC_CHAINS_cnn_vmim__n1_seed_s2_sim2467_row2066632_noise804_983_1162 (240000, 4) acc=0.257
  step 0/1999 best -24.104
  step 50/1999 best -2.707
  step 100/1999 best 3.578
  step 150/1999 best 9.917
  step 200/1999 best 11.999
  step 250/1999 best 13.751
  step 300/1999 best 14.541
  step 350/1999 best 14.453
  step 400/1999 best 14.337
  step 450/1999 best 14.653
  step 500/1999 best 14.735
  step 550/1999 best 14.600
  step 600/1999 best 14.491
  step 650/1999 best 14.338
  step 700/1999 best 14.730
  step 750/1999 best 14.689
  step 800/1999 best 14.705
  step 850/1999 best 14.600
  step 900/1999 best 14.645
  step 950/1999 best 14.714
  step 1000/1999 best 14.756
  step 1050/1999 best 14.645
  step 1100/1999 best 14.679
  step 1150/1999 best 14.663
  step 1200/1999 best 14.722
  step 1250/1999 best 14.581
  step 1300/1999 best 14.643
  step 1350/1999 best 14.616
  step 1400/1999 best 14.689
  step 1450/1999 best 14.629
  step 1500/1999 best 14.688
  step 1550/1999 best 14.667
  step 1600/1999 best 14.689
  step 1650/1999 best 14.640
  step 1700/1999 best 14.729
  step 1750/1999 best 14.546
  step 1800/1999 best 14.712
  step 1850/1999 best 14.615
  step 1900/1999 best 14.552
  step 1950/1999 best 14.650
saved SBC_CHAINS_cnn_vmim__n1_seed_s2_sim2978_row2573848_noise964_1143_1322 (240000, 4) acc=0.326
  step 0/1999 best -29.007
  step 50/1999 best 7.683
  step 100/1999 best 16.817
  step 150/1999 best 16.573
  step 200/1999 best 16.782
  step 250/1999 best 16.734
  step 300/1999 best 16.952
  step 350/1999 best 16.862
  step 400/1999 best 16.909
  step 450/1999 best 16.958
  step 500/1999 best 16.971
  step 550/1999 best 16.908
  step 600/1999 best 17.073
  step 650/1999 best 17.076
  step 700/1999 best 16.985
  step 750/1999 best 17.065
  step 800/1999 best 17.032
  step 850/1999 best 16.920
  step 900/1999 best 16.979
  step 950/1999 best 17.040
  step 1000/1999 best 16.841
  step 1050/1999 best 17.113
  step 1100/1999 best 17.000
  step 1150/1999 best 16.942
  step 1200/1999 best 17.030
  step 1250/1999 best 17.089
  step 1300/1999 best 17.023
  step 1350/1999 best 16.970
  step 1400/1999 best 17.050
  step 1450/1999 best 17.129
  step 1500/1999 best 16.881
  step 1550/1999 best 16.981
  step 1600/1999 best 17.063
  step 1650/1999 best 17.056
  step 1700/1999 best 17.077
  step 1750/1999 best 17.142
  step 1800/1999 best 17.146
  step 1850/1999 best 17.014
  step 1900/1999 best 16.937
  step 1950/1999 best 16.997
saved SBC_CHAINS_cnn_vmim__n1_seed_s2_sim1448_row1230688_noise3972_4151_4330 (240000, 4) acc=0.272
  step 0/1999 best -28.086
  step 50/1999 best 5.937
  step 100/1999 best 7.343
  step 150/1999 best 8.464
  step 200/1999 best 11.589
  step 250/1999 best 11.507
  step 300/1999 best 11.817
  step 350/1999 best 11.846
  step 400/1999 best 11.733
  step 450/1999 best 11.732
  step 500/1999 best 11.899
  step 550/1999 best 11.913
  step 600/1999 best 11.772
  step 650/1999 best 11.905
  step 700/1999 best 11.963
  step 750/1999 best 11.795
  step 800/1999 best 11.937
  step 850/1999 best 11.749
  step 900/1999 best 11.734
  step 950/1999 best 11.531
  step 1000/1999 best 11.736
  step 1050/1999 best 11.762
  step 1100/1999 best 11.749
  step 1150/1999 best 11.897
  step 1200/1999 best 11.836
  step 1250/1999 best 11.800
  step 1300/1999 best 11.783
  step 1350/1999 best 11.915
  step 1400/1999 best 11.947
  step 1450/1999 best 11.715
  step 1500/1999 best 11.945
  step 1550/1999 best 11.782
  step 1600/1999 best 11.952
  step 1650/1999 best 11.766
  step 1700/1999 best 11.965
  step 1750/1999 best 11.920
  step 1800/1999 best 11.892
  step 1850/1999 best 11.884
  step 1900/1999 best 11.780
  step 1950/1999 best 11.889
saved SBC_CHAINS_cnn_vmim__n1_seed_s2_sim2480_row2079936_noise4280_4459_4638 (240000, 4) acc=0.308
  step 0/1999 best -18.263
  step 50/1999 best 5.519
  step 100/1999 best 8.259
  step 150/1999 best 11.253
  step 200/1999 best 12.988
  step 250/1999 best 12.587
  step 300/1999 best 13.241
  step 350/1999 best 13.309
  step 400/1999 best 13.354
  step 450/1999 best 12.780
  step 500/1999 best 13.191
  step 550/1999 best 13.076
  step 600/1999 best 13.298
  step 650/1999 best 13.416
  step 700/1999 best 13.440
  step 750/1999 best 13.324
  step 800/1999 best 13.284
  step 850/1999 best 13.384
  step 900/1999 best 13.337
  step 950/1999 best 13.175
  step 1000/1999 best 13.173
  step 1050/1999 best 13.334
  step 1100/1999 best 13.385
  step 1150/1999 best 13.461
  step 1200/1999 best 13.437
  step 1250/1999 best 13.354
  step 1300/1999 best 13.301
  step 1350/1999 best 13.446
  step 1400/1999 best 13.472
  step 1450/1999 best 13.491
  step 1500/1999 best 13.494
  step 1550/1999 best 13.428
  step 1600/1999 best 13.377
  step 1650/1999 best 13.366
  step 1700/1999 best 13.353
  step 1750/1999 best 13.472
  step 1800/1999 best 13.317
  step 1850/1999 best 13.328
  step 1900/1999 best 13.308
  step 1950/1999 best 13.497
saved SBC_CHAINS_cnn_vmim__n1_seed_s2_sim2846_row2441655_noise6363_6542_6721 (240000, 4) acc=0.190
  step 0/1999 best -27.898
  step 50/1999 best 8.196
  step 100/1999 best 12.277
  step 150/1999 best 12.422
  step 200/1999 best 15.199
  step 250/1999 best 15.502
  step 300/1999 best 15.705
  step 350/1999 best 15.545
  step 400/1999 best 15.905
  step 450/1999 best 15.505
  step 500/1999 best 15.780
  step 550/1999 best 15.735
  step 600/1999 best 15.802
  step 650/1999 best 15.696
  step 700/1999 best 15.843
  step 750/1999 best 15.801
  step 800/1999 best 15.647
  step 850/1999 best 15.727
  step 900/1999 best 15.574
  step 950/1999 best 15.802
  step 1000/1999 best 15.778
  step 1050/1999 best 15.657
  step 1100/1999 best 15.823
  step 1150/1999 best 15.832
  step 1200/1999 best 15.819
  step 1250/1999 best 15.797
  step 1300/1999 best 15.770
  step 1350/1999 best 15.799
  step 1400/1999 best 15.640
  step 1450/1999 best 15.589
  step 1500/1999 best 15.699
  step 1550/1999 best 15.590
  step 1600/1999 best 15.791
  step 1650/1999 best 15.638
  step 1700/1999 best 15.729
  step 1750/1999 best 15.711
  step 1800/1999 best 15.699
  step 1850/1999 best 15.721
  step 1900/1999 best 15.741
  step 1950/1999 best 15.633
saved SBC_CHAINS_cnn_vmim__n1_seed_s2_sim1220_row1038387_noise1715_1894_2073 (240000, 4) acc=0.185
  step 0/1999 best -28.781
  step 50/1999 best 1.728
  step 100/1999 best 6.554
  step 150/1999 best 10.473
  step 200/1999 best 11.705
  step 250/1999 best 11.739
  step 300/1999 best 11.894
  step 350/1999 best 11.784
  step 400/1999 best 11.709
  step 450/1999 best 11.836
  step 500/1999 best 11.821
  step 550/1999 best 11.891
  step 600/1999 best 11.880
  step 650/1999 best 11.718
  step 700/1999 best 11.904
  step 750/1999 best 11.904
  step 800/1999 best 11.874
  step 850/1999 best 11.914
  step 900/1999 best 11.896
  step 950/1999 best 11.694
  step 1000/1999 best 11.700
  step 1050/1999 best 11.872
  step 1100/1999 best 11.805
  step 1150/1999 best 11.852
  step 1200/1999 best 11.908
  step 1250/1999 best 11.791
  step 1300/1999 best 11.958
  step 1350/1999 best 11.932
  step 1400/1999 best 11.751
  step 1450/1999 best 11.879
  step 1500/1999 best 11.834
  step 1550/1999 best 11.888
  step 1600/1999 best 11.771
  step 1650/1999 best 11.777
  step 1700/1999 best 11.829
  step 1750/1999 best 11.781
  step 1800/1999 best 11.915
  step 1850/1999 best 11.798
  step 1900/1999 best 11.827
  step 1950/1999 best 11.719
saved SBC_CHAINS_cnn_vmim__n1_seed_s2_sim1543_row1320408_noise412_591_770 (240000, 4) acc=0.422
  step 0/1999 best -16.497
  step 50/1999 best 2.457
  step 100/1999 best 10.707
  step 150/1999 best 15.731
  step 200/1999 best 15.815
  step 250/1999 best 15.865
  step 300/1999 best 16.028
  step 350/1999 best 16.048
  step 400/1999 best 16.094
  step 450/1999 best 15.963
  step 500/1999 best 16.113
  step 550/1999 best 16.072
  step 600/1999 best 16.113
  step 650/1999 best 16.186
  step 700/1999 best 16.079
  step 750/1999 best 16.137
  step 800/1999 best 16.045
  step 850/1999 best 16.141
  step 900/1999 best 16.040
  step 950/1999 best 16.170
  step 1000/1999 best 16.188
  step 1050/1999 best 16.154
  step 1100/1999 best 16.023
  step 1150/1999 best 16.078
  step 1200/1999 best 16.136
  step 1250/1999 best 16.070
  step 1300/1999 best 16.063
  step 1350/1999 best 16.177
  step 1400/1999 best 15.998
  step 1450/1999 best 16.037
  step 1500/1999 best 16.209
  step 1550/1999 best 16.087
  step 1600/1999 best 16.182
  step 1650/1999 best 16.020
  step 1700/1999 best 16.166
  step 1750/1999 best 16.156
  step 1800/1999 best 16.157
  step 1850/1999 best 16.101
  step 1900/1999 best 16.135
  step 1950/1999 best 16.132
saved SBC_CHAINS_cnn_vmim__n1_seed_s2_sim969_row918291_noise6147_6326_6505 (240000, 4) acc=0.363
  step 0/1999 best -19.521
  step 50/1999 best 3.907
  step 100/1999 best 4.132
  step 150/1999 best 16.812
  step 200/1999 best 16.974
  step 250/1999 best 16.670
  step 300/1999 best 17.417
  step 350/1999 best 17.551
  step 400/1999 best 17.689
  step 450/1999 best 17.339
  step 500/1999 best 17.452
  step 550/1999 best 17.601
  step 600/1999 best 17.475
  step 650/1999 best 17.669
  step 700/1999 best 17.651
  step 750/1999 best 17.538
  step 800/1999 best 17.568
  step 850/1999 best 17.680
  step 900/1999 best 17.510
  step 950/1999 best 17.644
  step 1000/1999 best 17.550
  step 1050/1999 best 17.657
  step 1100/1999 best 17.660
  step 1150/1999 best 17.383
  step 1200/1999 best 17.570
  step 1250/1999 best 17.566
  step 1300/1999 best 17.458
  step 1350/1999 best 17.519
  step 1400/1999 best 17.546
  step 1450/1999 best 17.604
  step 1500/1999 best 17.664
  step 1550/1999 best 17.523
  step 1600/1999 best 17.538
  step 1650/1999 best 17.637
  step 1700/1999 best 17.543
  step 1750/1999 best 17.583
  step 1800/1999 best 17.593
  step 1850/1999 best 17.649
  step 1900/1999 best 17.605
  step 1950/1999 best 17.564
saved SBC_CHAINS_cnn_vmim__n1_seed_s2_sim345_row331207_noise1227_1406_1585 (240000, 4) acc=0.238
  step 0/1999 best -16.215
  step 50/1999 best 4.723
  step 100/1999 best 6.673
  step 150/1999 best 10.096
  step 200/1999 best 10.275
  step 250/1999 best 12.843
  step 300/1999 best 14.003
  step 350/1999 best 13.993
  step 400/1999 best 14.089
  step 450/1999 best 14.091
  step 500/1999 best 14.110
  step 550/1999 best 14.237
  step 600/1999 best 13.960
  step 650/1999 best 14.204
  step 700/1999 best 14.231
  step 750/1999 best 14.116
  step 800/1999 best 14.255
  step 850/1999 best 13.913
  step 900/1999 best 14.001
  step 950/1999 best 14.165
  step 1000/1999 best 14.132
  step 1050/1999 best 14.320
  step 1100/1999 best 14.313
  step 1150/1999 best 14.209
  step 1200/1999 best 14.113
  step 1250/1999 best 14.109
  step 1300/1999 best 14.194
  step 1350/1999 best 14.166
  step 1400/1999 best 14.184
  step 1450/1999 best 14.278
  step 1500/1999 best 14.175
  step 1550/1999 best 14.278
  step 1600/1999 best 14.334
  step 1650/1999 best 14.272
  step 1700/1999 best 14.035
  step 1750/1999 best 14.307
  step 1800/1999 best 14.136
  step 1850/1999 best 14.260
  step 1900/1999 best 14.272
  step 1950/1999 best 14.197
saved SBC_CHAINS_cnn_vmim__n1_seed_s2_sim3092_row2687675_noise6683_6862_7041 (240000, 4) acc=0.268
  step 0/1999 best -26.109
  step 50/1999 best -7.494
  step 100/1999 best 5.937
  step 150/1999 best 9.446
  step 200/1999 best 10.873
  step 250/1999 best 10.736
  step 300/1999 best 10.968
  step 350/1999 best 10.829
  step 400/1999 best 10.939
  step 450/1999 best 11.015
  step 500/1999 best 10.953
  step 550/1999 best 11.054
  step 600/1999 best 11.023
  step 650/1999 best 10.959
  step 700/1999 best 10.812
  step 750/1999 best 10.876
  step 800/1999 best 10.926
  step 850/1999 best 10.989
  step 900/1999 best 11.020
  step 950/1999 best 10.878
  step 1000/1999 best 11.019
  step 1050/1999 best 11.001
  step 1100/1999 best 11.023
  step 1150/1999 best 11.018
  step 1200/1999 best 11.012
  step 1250/1999 best 10.837
  step 1300/1999 best 10.874
  step 1350/1999 best 10.924
  step 1400/1999 best 10.859
  step 1450/1999 best 10.995
  step 1500/1999 best 11.022
  step 1550/1999 best 10.935
  step 1600/1999 best 10.919
  step 1650/1999 best 11.014
  step 1700/1999 best 10.942
  step 1750/1999 best 11.026
  step 1800/1999 best 10.806
  step 1850/1999 best 10.996
  step 1900/1999 best 10.986
  step 1950/1999 best 10.883
saved SBC_CHAINS_cnn_vmim__n1_seed_s2_sim2479_row2078505_noise2849_3028_3207 (240000, 4) acc=0.371
  step 0/1999 best -9.683
  step 50/1999 best -0.003
  step 100/1999 best 12.573
  step 150/1999 best 11.688
  step 200/1999 best 13.677
  step 250/1999 best 13.213
  step 300/1999 best 12.559
  step 350/1999 best 14.576
  step 400/1999 best 14.896
  step 450/1999 best 14.637
  step 500/1999 best 16.457
  step 550/1999 best 15.929
  step 600/1999 best 16.303
  step 650/1999 best 16.135
  step 700/1999 best 16.261
  step 750/1999 best 16.015
  step 800/1999 best 16.302
  step 850/1999 best 16.314
  step 900/1999 best 16.553
  step 950/1999 best 16.256
  step 1000/1999 best 16.506
  step 1050/1999 best 16.336
  step 1100/1999 best 16.559
  step 1150/1999 best 16.467
  step 1200/1999 best 16.229
  step 1250/1999 best 16.408
  step 1300/1999 best 16.314
  step 1350/1999 best 16.454
  step 1400/1999 best 16.598
  step 1450/1999 best 16.428
  step 1500/1999 best 16.493
  step 1550/1999 best 16.449
  step 1600/1999 best 16.457
  step 1650/1999 best 16.354
  step 1700/1999 best 16.360
  step 1750/1999 best 16.362
  step 1800/1999 best 16.210
  step 1850/1999 best 16.418
  step 1900/1999 best 16.364
  step 1950/1999 best 16.560
saved SBC_CHAINS_cnn_vmim__n1_seed_s2_sim658_row611662_noise186_365_544 (240000, 4) acc=0.173
  step 0/1999 best -8.572
  step 50/1999 best 0.629
  step 100/1999 best 2.272
  step 150/1999 best 2.656
  step 200/1999 best 9.576
  step 250/1999 best 13.210
  step 300/1999 best 12.515
  step 350/1999 best 13.680
  step 400/1999 best 13.384
  step 450/1999 best 13.255
  step 500/1999 best 13.314
  step 550/1999 best 13.413
  step 600/1999 best 13.628
  step 650/1999 best 13.477
  step 700/1999 best 13.463
  step 750/1999 best 13.361
  step 800/1999 best 13.556
  step 850/1999 best 13.576
  step 900/1999 best 13.585
  step 950/1999 best 13.320
  step 1000/1999 best 13.619
  step 1050/1999 best 13.469
  step 1100/1999 best 13.573
  step 1150/1999 best 13.570
  step 1200/1999 best 13.394
  step 1250/1999 best 13.661
  step 1300/1999 best 13.617
  step 1350/1999 best 13.506
  step 1400/1999 best 13.662
  step 1450/1999 best 13.623
  step 1500/1999 best 13.600
  step 1550/1999 best 13.538
  step 1600/1999 best 13.573
  step 1650/1999 best 13.485
  step 1700/1999 best 13.574
  step 1750/1999 best 13.327
  step 1800/1999 best 13.602
  step 1850/1999 best 13.457
  step 1900/1999 best 13.399
  step 1950/1999 best 13.296
saved SBC_CHAINS_cnn_vmim__n1_seed_s2_sim211_row197647_noise5259_5438_5617 (240000, 4) acc=0.168
  step 0/1999 best -21.967
  step 50/1999 best 2.699
  step 100/1999 best 2.699
  step 150/1999 best 8.289
  step 200/1999 best 12.123
  step 250/1999 best 14.824
  step 300/1999 best 14.304
  step 350/1999 best 14.860
  step 400/1999 best 14.848
  step 450/1999 best 15.465
  step 500/1999 best 15.486
  step 550/1999 best 15.451
  step 600/1999 best 15.454
  step 650/1999 best 15.379
  step 700/1999 best 15.483
  step 750/1999 best 15.475
  step 800/1999 best 15.544
  step 850/1999 best 15.541
  step 900/1999 best 15.622
  step 950/1999 best 15.378
  step 1000/1999 best 15.594
  step 1050/1999 best 15.544
  step 1100/1999 best 15.452
  step 1150/1999 best 15.473
  step 1200/1999 best 15.456
  step 1250/1999 best 15.511
  step 1300/1999 best 15.391
  step 1350/1999 best 15.390
  step 1400/1999 best 15.412
  step 1450/1999 best 15.474
  step 1500/1999 best 15.395
  step 1550/1999 best 15.482
  step 1600/1999 best 15.619
  step 1650/1999 best 15.508
  step 1700/1999 best 15.472
  step 1750/1999 best 15.641
  step 1800/1999 best 15.621
  step 1850/1999 best 15.482
  step 1900/1999 best 15.577
  step 1950/1999 best 15.418
saved SBC_CHAINS_cnn_vmim__n1_seed_s2_sim2092_row1702479_noise8943_9122_9301 (240000, 4) acc=0.249
  step 0/1999 best -20.144
  step 50/1999 best 6.915
  step 100/1999 best 12.478
  step 150/1999 best 13.488
  step 200/1999 best 14.155
  step 250/1999 best 14.287
  step 300/1999 best 14.487
  step 350/1999 best 14.613
  step 400/1999 best 14.649
  step 450/1999 best 14.562
  step 500/1999 best 14.630
  step 550/1999 best 14.672
  step 600/1999 best 14.505
  step 650/1999 best 14.608
  step 700/1999 best 14.591
  step 750/1999 best 14.694
  step 800/1999 best 14.692
  step 850/1999 best 14.731
  step 900/1999 best 14.614
  step 950/1999 best 14.791
  step 1000/1999 best 14.652
  step 1050/1999 best 14.574
  step 1100/1999 best 14.712
  step 1150/1999 best 14.611
  step 1200/1999 best 14.778
  step 1250/1999 best 14.819
  step 1300/1999 best 14.582
  step 1350/1999 best 14.646
  step 1400/1999 best 14.766
  step 1450/1999 best 14.817
  step 1500/1999 best 14.802
  step 1550/1999 best 14.711
  step 1600/1999 best 14.749
  step 1650/1999 best 14.714
  step 1700/1999 best 14.688
  step 1750/1999 best 14.701
  step 1800/1999 best 14.675
  step 1850/1999 best 14.621
  step 1900/1999 best 14.730
  step 1950/1999 best 14.675
saved SBC_CHAINS_cnn_vmim__n1_seed_s2_sim2091_row1701511_noise7975_8154_8333 (240000, 4) acc=0.290
  step 0/1999 best -25.837
  step 50/1999 best -0.034
  step 100/1999 best 3.931
  step 150/1999 best 7.946
  step 200/1999 best 14.424
  step 250/1999 best 17.159
  step 300/1999 best 17.176
  step 350/1999 best 16.478
  step 400/1999 best 17.373
  step 450/1999 best 17.136
  step 500/1999 best 17.276
  step 550/1999 best 17.224
  step 600/1999 best 17.059
  step 650/1999 best 17.281
  step 700/1999 best 17.235
  step 750/1999 best 17.355
  step 800/1999 best 17.539
  step 850/1999 best 17.162
  step 900/1999 best 17.533
  step 950/1999 best 17.152
  step 1000/1999 best 17.381
  step 1050/1999 best 17.390
  step 1100/1999 best 17.341
  step 1150/1999 best 17.411
  step 1200/1999 best 17.256
  step 1250/1999 best 17.355
  step 1300/1999 best 17.580
  step 1350/1999 best 17.510
  step 1400/1999 best 17.490
  step 1450/1999 best 17.529
  step 1500/1999 best 17.414
  step 1550/1999 best 17.243
  step 1600/1999 best 17.516
  step 1650/1999 best 17.395
  step 1700/1999 best 17.521
  step 1750/1999 best 17.488
  step 1800/1999 best 17.322
  step 1850/1999 best 17.133
  step 1900/1999 best 17.352
  step 1950/1999 best 17.461
saved SBC_CHAINS_cnn_vmim__n1_seed_s2_sim1750_row1503032_noise648_827_1006 (240000, 4) acc=0.158
  step 0/1999 best -9.844
  step 50/1999 best -0.003
  step 100/1999 best 1.599
  step 150/1999 best 2.450
  step 200/1999 best 2.919
  step 250/1999 best 15.227
  step 300/1999 best 15.105
  step 350/1999 best 14.884
  step 400/1999 best 15.785
  step 450/1999 best 16.074
  step 500/1999 best 16.089
  step 550/1999 best 16.157
  step 600/1999 best 15.715
  step 650/1999 best 16.020
  step 700/1999 best 15.806
  step 750/1999 best 16.029
  step 800/1999 best 15.915
  step 850/1999 best 16.093
  step 900/1999 best 15.984
  step 950/1999 best 15.946
  step 1000/1999 best 16.158
  step 1050/1999 best 15.992
  step 1100/1999 best 16.112
  step 1150/1999 best 16.130
  step 1200/1999 best 16.025
  step 1250/1999 best 15.985
  step 1300/1999 best 15.950
  step 1350/1999 best 16.028
  step 1400/1999 best 15.987
  step 1450/1999 best 15.924
  step 1500/1999 best 16.011
  step 1550/1999 best 16.084
  step 1600/1999 best 15.924
  step 1650/1999 best 15.965
  step 1700/1999 best 16.045
  step 1750/1999 best 16.120
  step 1800/1999 best 16.157
  step 1850/1999 best 15.967
  step 1900/1999 best 16.020
  step 1950/1999 best 16.028
saved SBC_CHAINS_cnn_vmim__n1_seed_s2_sim3076_row2671273_noise109_288_467 (240000, 4) acc=0.272
  step 0/1999 best -27.758
  step 50/1999 best -2.016
  step 100/1999 best -2.016
  step 150/1999 best -0.458
  step 200/1999 best 4.605
  step 250/1999 best 11.349
  step 300/1999 best 14.330
  step 350/1999 best 14.305
  step 400/1999 best 14.347
  step 450/1999 best 14.549
  step 500/1999 best 14.600
  step 550/1999 best 14.276
  step 600/1999 best 14.178
  step 650/1999 best 14.881
  step 700/1999 best 14.866
  step 750/1999 best 14.791
  step 800/1999 best 14.498
  step 850/1999 best 14.588
  step 900/1999 best 14.698
  step 950/1999 best 14.469
  step 1000/1999 best 14.747
  step 1050/1999 best 14.572
  step 1100/1999 best 14.471
  step 1150/1999 best 14.836
  step 1200/1999 best 14.804
  step 1250/1999 best 14.804
  step 1300/1999 best 14.822
  step 1350/1999 best 14.667
  step 1400/1999 best 14.773
  step 1450/1999 best 14.730
  step 1500/1999 best 14.866
  step 1550/1999 best 14.592
  step 1600/1999 best 14.794
  step 1650/1999 best 14.716
  step 1700/1999 best 14.740
  step 1750/1999 best 14.765
  step 1800/1999 best 14.749
  step 1850/1999 best 14.744
  step 1900/1999 best 14.825
  step 1950/1999 best 14.840
saved SBC_CHAINS_cnn_vmim__n1_seed_s2_sim2524_row2123265_noise8297_8476_8655 (240000, 4) acc=0.124
  step 0/1999 best -3.648
  step 50/1999 best 9.823
  step 100/1999 best 12.625
  step 150/1999 best 13.489
  step 200/1999 best 13.581
  step 250/1999 best 13.666
  step 300/1999 best 13.577
  step 350/1999 best 13.580
  step 400/1999 best 13.700
  step 450/1999 best 13.600
  step 500/1999 best 13.709
  step 550/1999 best 13.746
  step 600/1999 best 13.652
  step 650/1999 best 13.795
  step 700/1999 best 13.707
  step 750/1999 best 13.698
  step 800/1999 best 13.663
  step 850/1999 best 13.681
  step 900/1999 best 13.598
  step 950/1999 best 13.630
  step 1000/1999 best 13.783
  step 1050/1999 best 13.646
  step 1100/1999 best 13.744
  step 1150/1999 best 13.660
  step 1200/1999 best 13.590
  step 1250/1999 best 13.667
  step 1300/1999 best 13.742
  step 1350/1999 best 13.720
  step 1400/1999 best 13.674
  step 1450/1999 best 13.661
  step 1500/1999 best 13.759
  step 1550/1999 best 13.779
  step 1600/1999 best 13.731
  step 1650/1999 best 13.499
  step 1700/1999 best 13.717
  step 1750/1999 best 13.699
  step 1800/1999 best 13.744
  step 1850/1999 best 13.783
  step 1900/1999 best 13.657
  step 1950/1999 best 13.683
saved SBC_CHAINS_cnn_vmim__n1_seed_s2_sim920_row869783_noise6779_6958_7137 (240000, 4) acc=0.313
  step 0/1999 best -22.936
  step 50/1999 best -1.750
  step 100/1999 best -0.676
  step 150/1999 best 10.318
  step 200/1999 best 15.140
  step 250/1999 best 14.435
  step 300/1999 best 16.309
  step 350/1999 best 16.639
  step 400/1999 best 16.329
  step 450/1999 best 16.394
  step 500/1999 best 16.302
  step 550/1999 best 16.681
  step 600/1999 best 16.634
  step 650/1999 best 16.550
  step 700/1999 best 16.559
  step 750/1999 best 16.681
  step 800/1999 best 16.698
  step 850/1999 best 16.828
  step 900/1999 best 16.522
  step 950/1999 best 16.629
  step 1000/1999 best 16.694
  step 1050/1999 best 16.735
  step 1100/1999 best 16.667
  step 1150/1999 best 16.768
  step 1200/1999 best 16.736
  step 1250/1999 best 16.537
  step 1300/1999 best 16.837
  step 1350/1999 best 16.721
  step 1400/1999 best 16.814
  step 1450/1999 best 16.499
  step 1500/1999 best 16.852
  step 1550/1999 best 16.667
  step 1600/1999 best 16.601
  step 1650/1999 best 16.761
  step 1700/1999 best 16.646
  step 1750/1999 best 16.734
  step 1800/1999 best 16.701
  step 1850/1999 best 16.595
  step 1900/1999 best 16.727
  step 1950/1999 best 16.757
saved SBC_CHAINS_cnn_vmim__n1_seed_s2_sim334_row320027_noise9703_54_233 (240000, 4) acc=0.172
  step 0/1999 best -15.822
  step 50/1999 best 0.900
  step 100/1999 best 14.012
  step 150/1999 best 16.426
  step 200/1999 best 16.436
  step 250/1999 best 16.946
  step 300/1999 best 16.827
  step 350/1999 best 16.798
  step 400/1999 best 17.070
  step 450/1999 best 17.041
  step 500/1999 best 16.874
  step 550/1999 best 16.828
  step 600/1999 best 16.960
  step 650/1999 best 17.069
  step 700/1999 best 17.027
  step 750/1999 best 16.995
  step 800/1999 best 17.071
  step 850/1999 best 16.982
  step 900/1999 best 16.897
  step 950/1999 best 16.848
  step 1000/1999 best 17.036
  step 1050/1999 best 17.108
  step 1100/1999 best 17.012
  step 1150/1999 best 17.107
  step 1200/1999 best 17.008
  step 1250/1999 best 17.057
  step 1300/1999 best 17.034
  step 1350/1999 best 17.023
  step 1400/1999 best 17.043
  step 1450/1999 best 16.977
  step 1500/1999 best 17.117
  step 1550/1999 best 17.073
  step 1600/1999 best 16.773
  step 1650/1999 best 16.952
  step 1700/1999 best 16.966
  step 1750/1999 best 17.096
  step 1800/1999 best 17.020
  step 1850/1999 best 17.091
  step 1900/1999 best 17.072
  step 1950/1999 best 17.085
saved SBC_CHAINS_cnn_vmim__n1_seed_s2_sim344_row330917_noise937_1116_1295 (240000, 4) acc=0.243
  step 0/1999 best -19.309
  step 50/1999 best -4.059
  step 100/1999 best 9.154
  step 150/1999 best 9.142
  step 200/1999 best 12.324
  step 250/1999 best 12.104
  step 300/1999 best 12.336
  step 350/1999 best 12.645
  step 400/1999 best 12.176
  step 450/1999 best 12.643
  step 500/1999 best 12.244
  step 550/1999 best 12.112
  step 600/1999 best 12.525
  step 650/1999 best 12.344
  step 700/1999 best 12.537
  step 750/1999 best 12.528
  step 800/1999 best 12.473
  step 850/1999 best 12.590
  step 900/1999 best 12.548
  step 950/1999 best 12.559
  step 1000/1999 best 12.499
  step 1050/1999 best 12.486
  step 1100/1999 best 12.583
  step 1150/1999 best 12.560
  step 1200/1999 best 12.422
  step 1250/1999 best 12.439
  step 1300/1999 best 12.542
  step 1350/1999 best 12.422
  step 1400/1999 best 12.423
  step 1450/1999 best 12.279
  step 1500/1999 best 12.578
  step 1550/1999 best 12.554
  step 1600/1999 best 12.483
  step 1650/1999 best 12.678
  step 1700/1999 best 12.438
  step 1750/1999 best 12.491
  step 1800/1999 best 12.571
  step 1850/1999 best 12.473
  step 1900/1999 best 12.610
  step 1950/1999 best 12.602
saved SBC_CHAINS_cnn_vmim__n1_seed_s2_sim2593_row2192324_noise8560_8739_8918 (240000, 4) acc=0.180
  step 0/1999 best -24.502
  step 50/1999 best -1.917
  step 100/1999 best 5.295
  step 150/1999 best 8.711
  step 200/1999 best 15.649
  step 250/1999 best 16.251
  step 300/1999 best 16.575
  step 350/1999 best 16.201
  step 400/1999 best 16.357
  step 450/1999 best 16.501
  step 500/1999 best 16.559
  step 550/1999 best 16.552
  step 600/1999 best 16.564
  step 650/1999 best 16.611
  step 700/1999 best 16.546
  step 750/1999 best 16.537
  step 800/1999 best 16.514
  step 850/1999 best 16.456
  step 900/1999 best 16.646
  step 950/1999 best 16.660
  step 1000/1999 best 16.599
  step 1050/1999 best 16.476
  step 1100/1999 best 16.439
  step 1150/1999 best 16.462
  step 1200/1999 best 16.599
  step 1250/1999 best 16.506
  step 1300/1999 best 16.603
  step 1350/1999 best 16.632
  step 1400/1999 best 16.516
  step 1450/1999 best 16.636
  step 1500/1999 best 16.577
  step 1550/1999 best 16.517
  step 1600/1999 best 16.578
  step 1650/1999 best 16.661
  step 1700/1999 best 16.490
  step 1750/1999 best 16.621
  step 1800/1999 best 16.610
  step 1850/1999 best 16.380
  step 1900/1999 best 16.578
  step 1950/1999 best 16.362
saved SBC_CHAINS_cnn_vmim__n1_seed_s2_sim1214_row1032154_noise5310_5489_5668 (240000, 4) acc=0.220
  step 0/1999 best -18.093
  step 50/1999 best -4.208
  step 100/1999 best -3.073
  step 150/1999 best 8.096
  step 200/1999 best 12.173
  step 250/1999 best 11.965
  step 300/1999 best 12.210
  step 350/1999 best 12.415
  step 400/1999 best 12.380
  step 450/1999 best 12.608
  step 500/1999 best 12.604
  step 550/1999 best 12.553
  step 600/1999 best 12.596
  step 650/1999 best 12.609
  step 700/1999 best 12.623
  step 750/1999 best 12.439
  step 800/1999 best 12.596
  step 850/1999 best 12.562
  step 900/1999 best 12.567
  step 950/1999 best 12.442
  step 1000/1999 best 12.505
  step 1050/1999 best 12.595
  step 1100/1999 best 12.575
  step 1150/1999 best 12.586
  step 1200/1999 best 12.567
  step 1250/1999 best 12.609
  step 1300/1999 best 12.619
  step 1350/1999 best 12.629
  step 1400/1999 best 12.581
  step 1450/1999 best 12.574
  step 1500/1999 best 12.497
  step 1550/1999 best 12.461
  step 1600/1999 best 12.601
  step 1650/1999 best 12.380
  step 1700/1999 best 12.620
  step 1750/1999 best 12.574
  step 1800/1999 best 12.306
  step 1850/1999 best 12.664
  step 1900/1999 best 12.681
  step 1950/1999 best 12.612
saved SBC_CHAINS_cnn_vmim__n1_seed_s2_sim3104_row2699789_noise8969_9148_9327 (240000, 4) acc=0.276
  step 0/1999 best -20.783
  step 50/1999 best 8.600
  step 100/1999 best 8.672
  step 150/1999 best 11.299
  step 200/1999 best 12.022
  step 250/1999 best 12.106
  step 300/1999 best 12.360
  step 350/1999 best 12.573
  step 400/1999 best 12.630
  step 450/1999 best 12.594
  step 500/1999 best 12.586
  step 550/1999 best 12.856
  step 600/1999 best 12.488
  step 650/1999 best 12.671
  step 700/1999 best 12.822
  step 750/1999 best 12.825
  step 800/1999 best 12.724
  step 850/1999 best 12.823
  step 900/1999 best 12.761
  step 950/1999 best 12.821
  step 1000/1999 best 12.789
  step 1050/1999 best 12.844
  step 1100/1999 best 12.743
  step 1150/1999 best 12.874
  step 1200/1999 best 12.909
  step 1250/1999 best 12.896
  step 1300/1999 best 12.931
  step 1350/1999 best 12.677
  step 1400/1999 best 12.894
  step 1450/1999 best 12.613
  step 1500/1999 best 12.923
  step 1550/1999 best 12.639
  step 1600/1999 best 12.815
  step 1650/1999 best 12.912
  step 1700/1999 best 12.825
  step 1750/1999 best 12.641
  step 1800/1999 best 12.825
  step 1850/1999 best 12.589
  step 1900/1999 best 12.720
  step 1950/1999 best 12.733
saved SBC_CHAINS_cnn_vmim__n1_seed_s2_sim2599_row2198405_noise4813_4992_5171 (240000, 4) acc=0.189
  step 0/1999 best -19.090
  step 50/1999 best -1.681
  step 100/1999 best 2.075
  step 150/1999 best 2.933
  step 200/1999 best 8.911
  step 250/1999 best 15.049
  step 300/1999 best 15.715
  step 350/1999 best 15.192
  step 400/1999 best 16.241
  step 450/1999 best 16.284
  step 500/1999 best 16.337
  step 550/1999 best 16.222
  step 600/1999 best 16.314
  step 650/1999 best 16.379
  step 700/1999 best 16.281
  step 750/1999 best 16.177
  step 800/1999 best 15.957
  step 850/1999 best 16.288
  step 900/1999 best 16.217
  step 950/1999 best 16.451
  step 1000/1999 best 16.199
  step 1050/1999 best 16.287
  step 1100/1999 best 16.330
  step 1150/1999 best 16.340
  step 1200/1999 best 16.329
  step 1250/1999 best 16.222
  step 1300/1999 best 16.370
  step 1350/1999 best 16.361
  step 1400/1999 best 16.302
  step 1450/1999 best 16.287
  step 1500/1999 best 15.976
  step 1550/1999 best 16.322
  step 1600/1999 best 16.376
  step 1650/1999 best 16.451
  step 1700/1999 best 16.206
  step 1750/1999 best 16.223
  step 1800/1999 best 16.420
  step 1850/1999 best 16.430
  step 1900/1999 best 16.300
  step 1950/1999 best 16.367
saved SBC_CHAINS_cnn_vmim__n1_seed_s2_sim657_row610764_noise9116_9295_9474 (240000, 4) acc=0.230
  step 0/1999 best -26.102
  step 50/1999 best 3.671
  step 100/1999 best 6.520
  step 150/1999 best 13.224
  step 200/1999 best 16.346
  step 250/1999 best 16.987
  step 300/1999 best 17.221
  step 350/1999 best 17.386
  step 400/1999 best 17.297
  step 450/1999 best 17.190
  step 500/1999 best 17.397
  step 550/1999 best 17.294
  step 600/1999 best 17.365
  step 650/1999 best 17.363
  step 700/1999 best 17.314
  step 750/1999 best 17.316
  step 800/1999 best 17.275
  step 850/1999 best 17.316
  step 900/1999 best 17.410
  step 950/1999 best 17.279
  step 1000/1999 best 17.336
  step 1050/1999 best 17.342
  step 1100/1999 best 17.293
  step 1150/1999 best 17.270
  step 1200/1999 best 17.243
  step 1250/1999 best 17.348
  step 1300/1999 best 17.329
  step 1350/1999 best 17.271
  step 1400/1999 best 17.267
  step 1450/1999 best 17.318
  step 1500/1999 best 17.210
  step 1550/1999 best 17.351
  step 1600/1999 best 17.249
  step 1650/1999 best 17.343
  step 1700/1999 best 17.280
  step 1750/1999 best 17.314
  step 1800/1999 best 17.351
  step 1850/1999 best 17.333
  step 1900/1999 best 17.269
  step 1950/1999 best 17.345
saved SBC_CHAINS_cnn_vmim__n1_seed_s2_sim181_row172550_noise4646_4825_5004 (240000, 4) acc=0.362
  step 0/1999 best -26.814
  step 50/1999 best -1.039
  step 100/1999 best 3.982
  step 150/1999 best 8.821
  step 200/1999 best 10.068
  step 250/1999 best 10.516
  step 300/1999 best 10.782
  step 350/1999 best 10.847
  step 400/1999 best 10.588
  step 450/1999 best 10.772
  step 500/1999 best 10.855
  step 550/1999 best 10.854
  step 600/1999 best 10.869
  step 650/1999 best 10.815
  step 700/1999 best 10.752
  step 750/1999 best 10.828
  step 800/1999 best 10.711
  step 850/1999 best 10.617
  step 900/1999 best 10.742
  step 950/1999 best 10.786
  step 1000/1999 best 10.689
  step 1050/1999 best 10.820
  step 1100/1999 best 10.673
  step 1150/1999 best 10.841
  step 1200/1999 best 10.668
  step 1250/1999 best 10.743
  step 1300/1999 best 10.869
  step 1350/1999 best 10.676
  step 1400/1999 best 10.719
  step 1450/1999 best 10.770
  step 1500/1999 best 10.587
  step 1550/1999 best 10.634
  step 1600/1999 best 10.722
  step 1650/1999 best 10.700
  step 1700/1999 best 10.768
  step 1750/1999 best 10.812
  step 1800/1999 best 10.727
  step 1850/1999 best 10.831
  step 1900/1999 best 10.824
  step 1950/1999 best 10.839
saved SBC_CHAINS_cnn_vmim__n1_seed_s2_sim2401_row2000918_noise3886_4065_4244 (240000, 4) acc=0.322
  step 0/1999 best -23.404
  step 50/1999 best 7.733
  step 100/1999 best 11.236
  step 150/1999 best 11.977
  step 200/1999 best 12.346
  step 250/1999 best 12.174
  step 300/1999 best 12.177
  step 350/1999 best 12.172
  step 400/1999 best 12.256
  step 450/1999 best 12.345
  step 500/1999 best 12.249
  step 550/1999 best 12.204
  step 600/1999 best 12.337
  step 650/1999 best 12.334
  step 700/1999 best 12.321
  step 750/1999 best 12.223
  step 800/1999 best 12.213
  step 850/1999 best 12.158
  step 900/1999 best 12.340
  step 950/1999 best 12.261
  step 1000/1999 best 12.128
  step 1050/1999 best 12.198
  step 1100/1999 best 12.241
  step 1150/1999 best 12.290
  step 1200/1999 best 12.273
  step 1250/1999 best 12.316
  step 1300/1999 best 12.353
  step 1350/1999 best 12.146
  step 1400/1999 best 12.253
  step 1450/1999 best 12.188
  step 1500/1999 best 12.261
  step 1550/1999 best 12.124
  step 1600/1999 best 12.155
  step 1650/1999 best 12.073
  step 1700/1999 best 12.305
  step 1750/1999 best 12.189
  step 1800/1999 best 12.197
  step 1850/1999 best 12.317
  step 1900/1999 best 12.174
  step 1950/1999 best 12.307
saved SBC_CHAINS_cnn_vmim__n1_seed_s2_sim1309_row1118565_noise2441_2620_2799 (240000, 4) acc=0.295
  step 0/1999 best -24.573
  step 50/1999 best 12.666
  step 100/1999 best 14.314
  step 150/1999 best 14.314
  step 200/1999 best 13.473
  step 250/1999 best 14.281
  step 300/1999 best 15.074
  step 350/1999 best 14.800
  step 400/1999 best 15.069
  step 450/1999 best 14.796
  step 500/1999 best 15.058
  step 550/1999 best 15.157
  step 600/1999 best 14.828
  step 650/1999 best 14.907
  step 700/1999 best 15.180
  step 750/1999 best 15.016
  step 800/1999 best 15.148
  step 850/1999 best 15.091
  step 900/1999 best 15.197
  step 950/1999 best 15.014
  step 1000/1999 best 15.018
  step 1050/1999 best 15.110
  step 1100/1999 best 14.953
  step 1150/1999 best 15.025
  step 1200/1999 best 15.043
  step 1250/1999 best 15.180
  step 1300/1999 best 14.908
  step 1350/1999 best 15.101
  step 1400/1999 best 15.127
  step 1450/1999 best 15.120
  step 1500/1999 best 14.947
  step 1550/1999 best 15.178
  step 1600/1999 best 15.068
  step 1650/1999 best 14.999
  step 1700/1999 best 15.094
  step 1750/1999 best 15.157
  step 1800/1999 best 15.109
  step 1850/1999 best 14.871
  step 1900/1999 best 14.899
  step 1950/1999 best 14.929
saved SBC_CHAINS_cnn_vmim__n1_seed_s2_sim212_row198339_noise5951_6130_6309 (240000, 4) acc=0.174
  step 0/1999 best -12.930
  step 50/1999 best 0.403
  step 100/1999 best 2.400
  step 150/1999 best 3.292
  step 200/1999 best 6.432
  step 250/1999 best 13.834
  step 300/1999 best 13.751
  step 350/1999 best 12.855
  step 400/1999 best 14.270
  step 450/1999 best 15.564
  step 500/1999 best 13.725
  step 550/1999 best 15.493
  step 600/1999 best 14.879
  step 650/1999 best 15.515
  step 700/1999 best 15.582
  step 750/1999 best 15.687
  step 800/1999 best 15.606
  step 850/1999 best 15.458
  step 900/1999 best 15.462
  step 950/1999 best 15.477
  step 1000/1999 best 15.735
  step 1050/1999 best 15.619
  step 1100/1999 best 15.542
  step 1150/1999 best 15.613
  step 1200/1999 best 15.515
  step 1250/1999 best 15.519
  step 1300/1999 best 15.743
  step 1350/1999 best 15.455
  step 1400/1999 best 15.738
  step 1450/1999 best 15.656
  step 1500/1999 best 15.550
  step 1550/1999 best 15.702
  step 1600/1999 best 15.673
  step 1650/1999 best 15.649
  step 1700/1999 best 15.684
  step 1750/1999 best 15.520
  step 1800/1999 best 15.561
  step 1850/1999 best 15.587
  step 1900/1999 best 15.739
  step 1950/1999 best 15.476
saved SBC_CHAINS_cnn_vmim__n1_seed_s2_sim760_row709928_noise4172_4351_4530 (240000, 4) acc=0.207
  step 0/1999 best -22.275
  step 50/1999 best 2.296
  step 100/1999 best 6.641
  step 150/1999 best 9.124
  step 200/1999 best 10.056
  step 250/1999 best 12.406
  step 300/1999 best 12.254
  step 350/1999 best 12.613
  step 400/1999 best 12.675
  step 450/1999 best 12.398
  step 500/1999 best 12.880
  step 550/1999 best 12.652
  step 600/1999 best 12.449
  step 650/1999 best 12.589
  step 700/1999 best 12.601
  step 750/1999 best 12.593
  step 800/1999 best 12.845
  step 850/1999 best 12.810
  step 900/1999 best 12.807
  step 950/1999 best 12.815
  step 1000/1999 best 12.866
  step 1050/1999 best 12.851
  step 1100/1999 best 12.827
  step 1150/1999 best 12.747
  step 1200/1999 best 12.818
  step 1250/1999 best 12.930
  step 1300/1999 best 12.851
  step 1350/1999 best 12.712
  step 1400/1999 best 12.558
  step 1450/1999 best 12.734
  step 1500/1999 best 12.872
  step 1550/1999 best 12.777
  step 1600/1999 best 12.815
  step 1650/1999 best 12.906
  step 1700/1999 best 12.784
  step 1750/1999 best 12.945
  step 1800/1999 best 12.521
  step 1850/1999 best 12.800
  step 1900/1999 best 12.925
  step 1950/1999 best 12.851
saved SBC_CHAINS_cnn_vmim__n1_seed_s2_sim2512_row2111506_noise6366_6545_6724 (240000, 4) acc=0.146
  step 0/1999 best -20.352
  step 50/1999 best 0.293
  step 100/1999 best 2.203
  step 150/1999 best 9.122
  step 200/1999 best 11.061
  step 250/1999 best 11.147
  step 300/1999 best 13.995
  step 350/1999 best 15.953
  step 400/1999 best 16.409
  step 450/1999 best 16.863
  step 500/1999 best 16.594
  step 550/1999 best 16.787
  step 600/1999 best 17.028
  step 650/1999 best 16.796
  step 700/1999 best 16.966
  step 750/1999 best 16.987
  step 800/1999 best 17.013
  step 850/1999 best 16.985
  step 900/1999 best 17.095
  step 950/1999 best 16.892
  step 1000/1999 best 17.032
  step 1050/1999 best 17.134
  step 1100/1999 best 16.991
  step 1150/1999 best 16.988
  step 1200/1999 best 17.059
  step 1250/1999 best 16.811
  step 1300/1999 best 17.037
  step 1350/1999 best 17.019
  step 1400/1999 best 16.992
  step 1450/1999 best 17.046
  step 1500/1999 best 17.009
  step 1550/1999 best 17.066
  step 1600/1999 best 16.858
  step 1650/1999 best 16.921
  step 1700/1999 best 16.992
  step 1750/1999 best 17.024
  step 1800/1999 best 16.864
  step 1850/1999 best 17.115
  step 1900/1999 best 16.923
  step 1950/1999 best 17.054
saved SBC_CHAINS_cnn_vmim__n1_seed_s2_sim1762_row1515589_noise3377_3556_3735 (240000, 4) acc=0.209
  step 0/1999 best -22.141
  step 50/1999 best -1.070
  step 100/1999 best 8.450
  step 150/1999 best 15.274
  step 200/1999 best 14.797
  step 250/1999 best 15.201
  step 300/1999 best 15.619
  step 350/1999 best 15.540
  step 400/1999 best 15.266
  step 450/1999 best 15.631
  step 500/1999 best 15.792
  step 550/1999 best 15.515
  step 600/1999 best 15.696
  step 650/1999 best 15.589
  step 700/1999 best 15.686
  step 750/1999 best 15.558
  step 800/1999 best 15.719
  step 850/1999 best 15.730
  step 900/1999 best 15.435
  step 950/1999 best 15.536
  step 1000/1999 best 15.765
  step 1050/1999 best 15.693
  step 1100/1999 best 15.697
  step 1150/1999 best 15.648
  step 1200/1999 best 15.610
  step 1250/1999 best 15.642
  step 1300/1999 best 15.572
  step 1350/1999 best 15.293
  step 1400/1999 best 15.529
  step 1450/1999 best 15.747
  step 1500/1999 best 15.430
  step 1550/1999 best 15.584
  step 1600/1999 best 15.664
  step 1650/1999 best 15.658
  step 1700/1999 best 15.637
  step 1750/1999 best 15.646
  step 1800/1999 best 15.755
  step 1850/1999 best 15.633
  step 1900/1999 best 15.674
  step 1950/1999 best 15.595
saved SBC_CHAINS_cnn_vmim__n1_seed_s2_sim2451_row2050222_noise4050_4229_4408 (240000, 4) acc=0.135
  step 0/1999 best -21.339
  step 50/1999 best 1.292
  step 100/1999 best 11.046
  step 150/1999 best 10.617
  step 200/1999 best 10.490
  step 250/1999 best 12.088
  step 300/1999 best 13.587
  step 350/1999 best 15.291
  step 400/1999 best 15.208
  step 450/1999 best 15.230
  step 500/1999 best 15.426
  step 550/1999 best 15.339
  step 600/1999 best 15.445
  step 650/1999 best 15.258
  step 700/1999 best 15.316
  step 750/1999 best 15.225
  step 800/1999 best 15.272
  step 850/1999 best 15.405
  step 900/1999 best 14.985
  step 950/1999 best 15.348
  step 1000/1999 best 15.318
  step 1050/1999 best 15.453
  step 1100/1999 best 15.233
  step 1150/1999 best 15.362
  step 1200/1999 best 15.395
  step 1250/1999 best 15.304
  step 1300/1999 best 15.449
  step 1350/1999 best 15.418
  step 1400/1999 best 15.302
  step 1450/1999 best 15.222
  step 1500/1999 best 15.123
  step 1550/1999 best 15.422
  step 1600/1999 best 15.391
  step 1650/1999 best 15.390
  step 1700/1999 best 15.356
  step 1750/1999 best 15.212
  step 1800/1999 best 15.350
  step 1850/1999 best 15.414
  step 1900/1999 best 15.318
  step 1950/1999 best 15.385
saved SBC_CHAINS_cnn_vmim__n1_seed_s2_sim994_row943068_noise1440_1619_1798 (240000, 4) acc=0.300
  step 0/1999 best -16.097
  step 50/1999 best -1.571
  step 100/1999 best 1.962
  step 150/1999 best 5.234
  step 200/1999 best 7.951
  step 250/1999 best 13.583
  step 300/1999 best 12.508
  step 350/1999 best 14.667
  step 400/1999 best 14.991
  step 450/1999 best 15.091
  step 500/1999 best 15.557
  step 550/1999 best 15.526
  step 600/1999 best 15.944
  step 650/1999 best 15.270
  step 700/1999 best 15.822
  step 750/1999 best 15.744
  step 800/1999 best 15.743
  step 850/1999 best 15.962
  step 900/1999 best 15.641
  step 950/1999 best 15.730
  step 1000/1999 best 15.786
  step 1050/1999 best 15.640
  step 1100/1999 best 15.816
  step 1150/1999 best 15.895
  step 1200/1999 best 15.862
  step 1250/1999 best 15.770
  step 1300/1999 best 15.708
  step 1350/1999 best 15.722
  step 1400/1999 best 15.879
  step 1450/1999 best 15.953
  step 1500/1999 best 15.711
  step 1550/1999 best 15.738
  step 1600/1999 best 15.952
  step 1650/1999 best 15.899
  step 1700/1999 best 15.820
  step 1750/1999 best 15.934
  step 1800/1999 best 15.976
  step 1850/1999 best 15.829
  step 1900/1999 best 15.973
  step 1950/1999 best 15.869
saved SBC_CHAINS_cnn_vmim__n1_seed_s2_sim1546_row1323775_noise3779_3958_4137 (240000, 4) acc=0.239
  step 0/1999 best -20.760
  step 50/1999 best 7.559
  step 100/1999 best 7.513
  step 150/1999 best 13.512
  step 200/1999 best 13.824
  step 250/1999 best 14.978
  step 300/1999 best 15.866
  step 350/1999 best 15.674
  step 400/1999 best 15.809
  step 450/1999 best 15.892
  step 500/1999 best 15.693
  step 550/1999 best 15.952
  step 600/1999 best 15.903
  step 650/1999 best 15.950
  step 700/1999 best 15.975
  step 750/1999 best 15.953
  step 800/1999 best 15.852
  step 850/1999 best 15.908
  step 900/1999 best 15.674
  step 950/1999 best 15.977
  step 1000/1999 best 15.894
  step 1050/1999 best 15.898
  step 1100/1999 best 15.895
  step 1150/1999 best 15.828
  step 1200/1999 best 15.974
  step 1250/1999 best 15.870
  step 1300/1999 best 15.786
  step 1350/1999 best 15.859
  step 1400/1999 best 15.932
  step 1450/1999 best 15.863
  step 1500/1999 best 15.900
  step 1550/1999 best 15.951
  step 1600/1999 best 15.987
  step 1650/1999 best 15.867
  step 1700/1999 best 15.998
  step 1750/1999 best 15.824
  step 1800/1999 best 15.946
  step 1850/1999 best 15.812
  step 1900/1999 best 15.902
  step 1950/1999 best 15.841
saved SBC_CHAINS_cnn_vmim__n1_seed_s2_sim3075_row2670479_noise9143_9322_9501 (240000, 4) acc=0.327
  step 0/1999 best -27.453
  step 50/1999 best 13.808
  step 100/1999 best 14.537
  step 150/1999 best 16.071
  step 200/1999 best 16.178
  step 250/1999 best 16.318
  step 300/1999 best 16.136
  step 350/1999 best 16.039
  step 400/1999 best 16.212
  step 450/1999 best 16.277
  step 500/1999 best 16.242
  step 550/1999 best 16.356
  step 600/1999 best 16.263
  step 650/1999 best 16.209
  step 700/1999 best 16.250
  step 750/1999 best 16.234
  step 800/1999 best 16.295
  step 850/1999 best 16.285
  step 900/1999 best 16.259
  step 950/1999 best 16.206
  step 1000/1999 best 16.231
  step 1050/1999 best 16.275
  step 1100/1999 best 16.309
  step 1150/1999 best 16.345
  step 1200/1999 best 16.153
  step 1250/1999 best 16.276
  step 1300/1999 best 16.159
  step 1350/1999 best 16.113
  step 1400/1999 best 16.129
  step 1450/1999 best 16.073
  step 1500/1999 best 16.194
  step 1550/1999 best 16.305
  step 1600/1999 best 16.197
  step 1650/1999 best 16.217
  step 1700/1999 best 16.234
  step 1750/1999 best 16.051
  step 1800/1999 best 16.216
  step 1850/1999 best 16.159
  step 1900/1999 best 16.291
  step 1950/1999 best 16.303
saved SBC_CHAINS_cnn_vmim__n1_seed_s2_sim2079_row1689313_noise5605_5784_5963 (240000, 4) acc=0.360
  step 0/1999 best -26.681
  step 50/1999 best -4.843
  step 100/1999 best 3.097
  step 150/1999 best 9.549
  step 200/1999 best 11.934
  step 250/1999 best 11.919
  step 300/1999 best 12.442
  step 350/1999 best 12.336
  step 400/1999 best 12.301
  step 450/1999 best 12.267
  step 500/1999 best 12.395
  step 550/1999 best 12.272
  step 600/1999 best 12.474
  step 650/1999 best 12.459
  step 700/1999 best 12.401
  step 750/1999 best 12.434
  step 800/1999 best 12.236
  step 850/1999 best 12.540
  step 900/1999 best 12.472
  step 950/1999 best 12.275
  step 1000/1999 best 12.580
  step 1050/1999 best 12.423
  step 1100/1999 best 12.506
  step 1150/1999 best 12.467
  step 1200/1999 best 12.553
  step 1250/1999 best 12.514
  step 1300/1999 best 12.481
  step 1350/1999 best 12.162
  step 1400/1999 best 12.445
  step 1450/1999 best 12.444
  step 1500/1999 best 12.555
  step 1550/1999 best 12.501
  step 1600/1999 best 12.567
  step 1650/1999 best 12.438
  step 1700/1999 best 12.263
  step 1750/1999 best 12.389
  step 1800/1999 best 12.555
  step 1850/1999 best 12.344
  step 1900/1999 best 12.386
  step 1950/1999 best 12.499
saved SBC_CHAINS_cnn_vmim__n1_seed_s2_sim2624_row2223634_noise558_737_916 (240000, 4) acc=0.184
  step 0/1999 best -19.657
  step 50/1999 best 3.051
  step 100/1999 best 12.335
  step 150/1999 best 14.352
  step 200/1999 best 17.676
  step 250/1999 best 16.871
  step 300/1999 best 17.561
  step 350/1999 best 17.826
  step 400/1999 best 18.404
  step 450/1999 best 18.085
  step 500/1999 best 18.554
  step 550/1999 best 18.611
  step 600/1999 best 18.507
  step 650/1999 best 18.538
  step 700/1999 best 18.611
  step 750/1999 best 18.322
  step 800/1999 best 18.427
  step 850/1999 best 18.572
  step 900/1999 best 18.664
  step 950/1999 best 18.481
  step 1000/1999 best 18.343
  step 1050/1999 best 18.569
  step 1100/1999 best 18.522
  step 1150/1999 best 18.558
  step 1200/1999 best 18.494
  step 1250/1999 best 18.546
  step 1300/1999 best 18.560
  step 1350/1999 best 18.635
  step 1400/1999 best 18.535
  step 1450/1999 best 18.467
  step 1500/1999 best 18.559
  step 1550/1999 best 18.371
  step 1600/1999 best 18.632
  step 1650/1999 best 18.550
  step 1700/1999 best 18.672
  step 1750/1999 best 18.526
  step 1800/1999 best 18.590
  step 1850/1999 best 18.624
  step 1900/1999 best 18.579
  step 1950/1999 best 18.609
saved SBC_CHAINS_cnn_vmim__n1_seed_s2_sim1366_row1174264_noise172_351_530 (240000, 4) acc=0.247
  step 0/1999 best -25.016
  step 50/1999 best 3.831
  step 100/1999 best 11.111
  step 150/1999 best 15.878
  step 200/1999 best 16.997
  step 250/1999 best 16.936
  step 300/1999 best 16.936
  step 350/1999 best 16.978
  step 400/1999 best 17.157
  step 450/1999 best 17.007
  step 500/1999 best 17.062
  step 550/1999 best 16.910
  step 600/1999 best 17.097
  step 650/1999 best 17.201
  step 700/1999 best 17.029
  step 750/1999 best 17.001
  step 800/1999 best 17.088
  step 850/1999 best 17.130
  step 900/1999 best 17.077
  step 950/1999 best 17.170
  step 1000/1999 best 17.031
  step 1050/1999 best 17.068
  step 1100/1999 best 17.124
  step 1150/1999 best 17.068
  step 1200/1999 best 17.015
  step 1250/1999 best 17.135
  step 1300/1999 best 17.187
  step 1350/1999 best 17.148
  step 1400/1999 best 17.190
  step 1450/1999 best 17.094
  step 1500/1999 best 17.021
  step 1550/1999 best 17.142
  step 1600/1999 best 17.144
  step 1650/1999 best 17.121
  step 1700/1999 best 16.975
  step 1750/1999 best 17.161
  step 1800/1999 best 16.996
  step 1850/1999 best 17.062
  step 1900/1999 best 17.123
  step 1950/1999 best 16.988
saved SBC_CHAINS_cnn_vmim__n1_seed_s2_sim1971_row1582829_noise6229_6408_6587 (240000, 4) acc=0.339
  step 0/1999 best -21.966
  step 50/1999 best 0.385
  step 100/1999 best 10.130
  step 150/1999 best 10.130
  step 200/1999 best 9.968
  step 250/1999 best 13.550
  step 300/1999 best 15.219
  step 350/1999 best 15.658
  step 400/1999 best 15.976
  step 450/1999 best 15.257
  step 500/1999 best 16.133
  step 550/1999 best 16.164
  step 600/1999 best 16.175
  step 650/1999 best 16.039
  step 700/1999 best 16.282
  step 750/1999 best 16.015
  step 800/1999 best 16.256
  step 850/1999 best 16.316
  step 900/1999 best 16.229
  step 950/1999 best 16.250
  step 1000/1999 best 16.029
  step 1050/1999 best 16.292
  step 1100/1999 best 16.336
  step 1150/1999 best 16.146
  step 1200/1999 best 16.103
  step 1250/1999 best 16.280
  step 1300/1999 best 16.220
  step 1350/1999 best 16.300
  step 1400/1999 best 16.234
  step 1450/1999 best 16.196
  step 1500/1999 best 16.094
  step 1550/1999 best 16.362
  step 1600/1999 best 16.083
  step 1650/1999 best 16.310
  step 1700/1999 best 16.287
  step 1750/1999 best 16.335
  step 1800/1999 best 16.345
  step 1850/1999 best 16.310
  step 1900/1999 best 16.292
  step 1950/1999 best 16.282
saved SBC_CHAINS_cnn_vmim__n1_seed_s2_sim1186_row1004481_noise7121_7300_7479 (240000, 4) acc=0.227
  step 0/1999 best -16.651
  step 50/1999 best 5.025
  step 100/1999 best 6.447
  step 150/1999 best 13.819
  step 200/1999 best 17.125
  step 250/1999 best 16.360
  step 300/1999 best 16.652
  step 350/1999 best 16.917
  step 400/1999 best 16.655
  step 450/1999 best 17.232
  step 500/1999 best 17.002
  step 550/1999 best 17.030
  step 600/1999 best 17.187
  step 650/1999 best 16.996
  step 700/1999 best 17.098
  step 750/1999 best 17.173
  step 800/1999 best 17.263
  step 850/1999 best 17.140
  step 900/1999 best 17.235
  step 950/1999 best 17.179
  step 1000/1999 best 17.239
  step 1050/1999 best 17.356
  step 1100/1999 best 17.244
  step 1150/1999 best 17.259
  step 1200/1999 best 17.297
  step 1250/1999 best 17.334
  step 1300/1999 best 17.187
  step 1350/1999 best 17.222
  step 1400/1999 best 17.269
  step 1450/1999 best 17.148
  step 1500/1999 best 17.190
  step 1550/1999 best 17.275
  step 1600/1999 best 17.323
  step 1650/1999 best 17.323
  step 1700/1999 best 17.225
  step 1750/1999 best 17.339
  step 1800/1999 best 17.319
  step 1850/1999 best 17.145
  step 1900/1999 best 17.207
  step 1950/1999 best 17.275
saved SBC_CHAINS_cnn_vmim__n1_seed_s2_sim1924_row1535613_noise8153_8332_8511 (240000, 4) acc=0.335
  step 0/1999 best -24.636
  step 50/1999 best 0.321
  step 100/1999 best 7.263
  step 150/1999 best 8.299
  step 200/1999 best 10.990
  step 250/1999 best 11.657
  step 300/1999 best 12.952
  step 350/1999 best 13.083
  step 400/1999 best 13.193
  step 450/1999 best 13.268
  step 500/1999 best 13.201
  step 550/1999 best 12.934
  step 600/1999 best 13.171
  step 650/1999 best 13.327
  step 700/1999 best 13.403
  step 750/1999 best 13.289
  step 800/1999 best 13.377
  step 850/1999 best 13.247
  step 900/1999 best 13.313
  step 950/1999 best 13.324
  step 1000/1999 best 13.313
  step 1050/1999 best 13.337
  step 1100/1999 best 13.285
  step 1150/1999 best 13.203
  step 1200/1999 best 13.413
  step 1250/1999 best 13.273
  step 1300/1999 best 13.204
  step 1350/1999 best 13.402
  step 1400/1999 best 13.300
  step 1450/1999 best 13.363
  step 1500/1999 best 13.338
  step 1550/1999 best 13.295
  step 1600/1999 best 13.103
  step 1650/1999 best 13.400
  step 1700/1999 best 13.327
  step 1750/1999 best 13.317
  step 1800/1999 best 13.314
  step 1850/1999 best 13.347
  step 1900/1999 best 13.346
  step 1950/1999 best 13.260
saved SBC_CHAINS_cnn_vmim__n1_seed_s2_sim2625_row2224307_noise1231_1410_1589 (240000, 4) acc=0.187
  step 0/1999 best -11.033
  step 50/1999 best 3.911
  step 100/1999 best 8.220
  step 150/1999 best 11.892
  step 200/1999 best 11.892
  step 250/1999 best 12.658
  step 300/1999 best 13.258
  step 350/1999 best 13.266
  step 400/1999 best 12.997
  step 450/1999 best 13.330
  step 500/1999 best 13.162
  step 550/1999 best 13.060
  step 600/1999 best 13.037
  step 650/1999 best 13.211
  step 700/1999 best 13.377
  step 750/1999 best 13.412
  step 800/1999 best 12.853
  step 850/1999 best 13.397
  step 900/1999 best 13.362
  step 950/1999 best 13.314
  step 1000/1999 best 13.190
  step 1050/1999 best 13.378
  step 1100/1999 best 13.217
  step 1150/1999 best 13.239
  step 1200/1999 best 13.403
  step 1250/1999 best 13.159
  step 1300/1999 best 13.364
  step 1350/1999 best 13.367
  step 1400/1999 best 13.338
  step 1450/1999 best 13.058
  step 1500/1999 best 13.350
  step 1550/1999 best 13.296
  step 1600/1999 best 13.424
  step 1650/1999 best 13.307
  step 1700/1999 best 13.325
  step 1750/1999 best 13.274
  step 1800/1999 best 13.129
  step 1850/1999 best 13.431
  step 1900/1999 best 13.264
  step 1950/1999 best 13.244
saved SBC_CHAINS_cnn_vmim__n1_seed_s2_sim2936_row2531086_noise7342_7521_7700 (240000, 4) acc=0.158
  step 0/1999 best -16.009
  step 50/1999 best 5.072
  step 100/1999 best 6.529
  step 150/1999 best 11.048
  step 200/1999 best 11.327
  step 250/1999 best 12.855
  step 300/1999 best 13.125
  step 350/1999 best 12.703
  step 400/1999 best 13.122
  step 450/1999 best 13.125
  step 500/1999 best 12.987
  step 550/1999 best 12.893
  step 600/1999 best 12.969
  step 650/1999 best 13.079
  step 700/1999 best 13.210
  step 750/1999 best 13.122
  step 800/1999 best 13.131
  step 850/1999 best 13.127
  step 900/1999 best 13.157
  step 950/1999 best 13.145
  step 1000/1999 best 13.225
  step 1050/1999 best 13.029
  step 1100/1999 best 13.078
  step 1150/1999 best 13.151
  step 1200/1999 best 13.230
  step 1250/1999 best 13.136
  step 1300/1999 best 13.307
  step 1350/1999 best 13.173
  step 1400/1999 best 13.171
  step 1450/1999 best 13.175
  step 1500/1999 best 13.131
  step 1550/1999 best 13.249
  step 1600/1999 best 13.268
  step 1650/1999 best 13.118
  step 1700/1999 best 13.192
  step 1750/1999 best 13.202
  step 1800/1999 best 13.178
  step 1850/1999 best 13.225
  step 1900/1999 best 13.042
  step 1950/1999 best 13.079
saved SBC_CHAINS_cnn_vmim__n1_seed_s2_sim2539_row2138312_noise3688_3867_4046 (240000, 4) acc=0.230
  step 0/1999 best -15.582
  step 50/1999 best -0.905
  step 100/1999 best 6.312
  step 150/1999 best 12.000
  step 200/1999 best 12.866
  step 250/1999 best 15.038
  step 300/1999 best 14.303
  step 350/1999 best 16.103
  step 400/1999 best 15.787
  step 450/1999 best 15.405
  step 500/1999 best 16.156
  step 550/1999 best 16.129
  step 600/1999 best 15.627
  step 650/1999 best 15.923
  step 700/1999 best 16.248
  step 750/1999 best 16.197
  step 800/1999 best 16.302
  step 850/1999 best 16.072
  step 900/1999 best 16.394
  step 950/1999 best 16.274
  step 1000/1999 best 16.333
  step 1050/1999 best 16.193
  step 1100/1999 best 16.310
  step 1150/1999 best 16.302
  step 1200/1999 best 16.430
  step 1250/1999 best 16.324
  step 1300/1999 best 16.366
  step 1350/1999 best 16.322
  step 1400/1999 best 16.290
  step 1450/1999 best 16.417
  step 1500/1999 best 16.419
  step 1550/1999 best 16.301
  step 1600/1999 best 16.430
  step 1650/1999 best 16.285
  step 1700/1999 best 16.376
  step 1750/1999 best 16.221
  step 1800/1999 best 16.454
  step 1850/1999 best 16.166
  step 1900/1999 best 16.263
  step 1950/1999 best 16.339
saved SBC_CHAINS_cnn_vmim__n1_seed_s2_sim664_row617977_noise6501_6680_6859 (240000, 4) acc=0.161
  step 0/1999 best -18.113
  step 50/1999 best 2.362
  step 100/1999 best 6.829
  step 150/1999 best 13.336
  step 200/1999 best 14.756
  step 250/1999 best 15.320
  step 300/1999 best 15.594
  step 350/1999 best 16.654
  step 400/1999 best 16.510
  step 450/1999 best 16.373
  step 500/1999 best 16.680
  step 550/1999 best 16.626
  step 600/1999 best 16.294
  step 650/1999 best 16.651
  step 700/1999 best 16.654
  step 750/1999 best 16.541
  step 800/1999 best 16.584
  step 850/1999 best 16.662
  step 900/1999 best 16.634
  step 950/1999 best 16.748
  step 1000/1999 best 16.630
  step 1050/1999 best 16.678
  step 1100/1999 best 16.634
  step 1150/1999 best 16.620
  step 1200/1999 best 16.666
  step 1250/1999 best 16.575
  step 1300/1999 best 16.638
  step 1350/1999 best 16.500
  step 1400/1999 best 16.608
  step 1450/1999 best 16.594
  step 1500/1999 best 16.701
  step 1550/1999 best 16.587
  step 1600/1999 best 16.631
  step 1650/1999 best 16.672
  step 1700/1999 best 16.703
  step 1750/1999 best 16.737
  step 1800/1999 best 16.731
  step 1850/1999 best 16.707
  step 1900/1999 best 16.725
  step 1950/1999 best 16.744
saved SBC_CHAINS_cnn_vmim__n1_seed_s2_sim904_row853481_noise305_484_663 (240000, 4) acc=0.320
  step 0/1999 best -17.841
  step 50/1999 best -0.140
  step 100/1999 best 1.248
  step 150/1999 best 5.723
  step 200/1999 best 5.973
  step 250/1999 best 12.013
  step 300/1999 best 15.597
  step 350/1999 best 15.855
  step 400/1999 best 17.048
  step 450/1999 best 17.023
  step 500/1999 best 17.118
  step 550/1999 best 17.130
  step 600/1999 best 17.170
  step 650/1999 best 16.882
  step 700/1999 best 17.255
  step 750/1999 best 17.071
  step 800/1999 best 17.162
  step 850/1999 best 17.039
  step 900/1999 best 17.089
  step 950/1999 best 17.223
  step 1000/1999 best 17.235
  step 1050/1999 best 17.137
  step 1100/1999 best 17.081
  step 1150/1999 best 17.132
  step 1200/1999 best 17.099
  step 1250/1999 best 17.098
  step 1300/1999 best 17.209
  step 1350/1999 best 17.130
  step 1400/1999 best 17.085
  step 1450/1999 best 16.998
  step 1500/1999 best 17.083
  step 1550/1999 best 17.151
  step 1600/1999 best 17.080
  step 1650/1999 best 17.208
  step 1700/1999 best 17.058
  step 1750/1999 best 17.259
  step 1800/1999 best 17.193
  step 1850/1999 best 17.163
  step 1900/1999 best 17.171
  step 1950/1999 best 17.181
saved SBC_CHAINS_cnn_vmim__n1_seed_s2_sim256_row242258_noise730_909_1088 (240000, 4) acc=0.228
  step 0/1999 best -26.841
  step 50/1999 best -2.634
  step 100/1999 best 6.217
  step 150/1999 best 11.757
  step 200/1999 best 15.098
  step 250/1999 best 14.496
  step 300/1999 best 17.069
  step 350/1999 best 17.517
  step 400/1999 best 17.559
  step 450/1999 best 17.460
  step 500/1999 best 17.657
  step 550/1999 best 17.560
  step 600/1999 best 17.671
  step 650/1999 best 17.440
  step 700/1999 best 17.643
  step 750/1999 best 17.622
  step 800/1999 best 17.585
  step 850/1999 best 17.403
  step 900/1999 best 17.647
  step 950/1999 best 17.621
  step 1000/1999 best 17.518
  step 1050/1999 best 17.540
  step 1100/1999 best 17.637
  step 1150/1999 best 17.605
  step 1200/1999 best 17.614
  step 1250/1999 best 17.573
  step 1300/1999 best 17.661
  step 1350/1999 best 17.593
  step 1400/1999 best 17.542
  step 1450/1999 best 17.533
  step 1500/1999 best 17.566
  step 1550/1999 best 17.547
  step 1600/1999 best 17.439
  step 1650/1999 best 17.505
  step 1700/1999 best 17.474
  step 1750/1999 best 17.493
  step 1800/1999 best 17.696
  step 1850/1999 best 17.558
  step 1900/1999 best 17.454
  step 1950/1999 best 17.593
saved SBC_CHAINS_cnn_vmim__n1_seed_s2_sim105_row104945_noise7665_7844_8023 (240000, 4) acc=0.237
  step 0/1999 best -29.526
  step 50/1999 best 9.492
  step 100/1999 best 13.930
  step 150/1999 best 15.543
  step 200/1999 best 16.274
  step 250/1999 best 16.084
  step 300/1999 best 16.329
  step 350/1999 best 16.375
  step 400/1999 best 16.237
  step 450/1999 best 16.330
  step 500/1999 best 16.358
  step 550/1999 best 16.292
  step 600/1999 best 16.391
  step 650/1999 best 16.359
  step 700/1999 best 16.251
  step 750/1999 best 16.166
  step 800/1999 best 16.250
  step 850/1999 best 16.352
  step 900/1999 best 16.413
  step 950/1999 best 16.374
  step 1000/1999 best 16.237
  step 1050/1999 best 16.298
  step 1100/1999 best 16.373
  step 1150/1999 best 16.393
  step 1200/1999 best 16.399
  step 1250/1999 best 16.367
  step 1300/1999 best 16.375
  step 1350/1999 best 16.430
  step 1400/1999 best 16.251
  step 1450/1999 best 16.135
  step 1500/1999 best 16.412
  step 1550/1999 best 16.235
  step 1600/1999 best 16.438
  step 1650/1999 best 16.440
  step 1700/1999 best 16.330
  step 1750/1999 best 16.314
  step 1800/1999 best 16.408
  step 1850/1999 best 16.204
  step 1900/1999 best 16.414
  step 1950/1999 best 16.295
saved SBC_CHAINS_cnn_vmim__n1_seed_s2_sim1369_row1177022_noise2930_3109_3288 (240000, 4) acc=0.346
  step 0/1999 best -24.089
  step 50/1999 best -1.902
  step 100/1999 best -1.753
  step 150/1999 best -0.753
  step 200/1999 best 7.935
  step 250/1999 best 8.336
  step 300/1999 best 10.373
  step 350/1999 best 12.621
  step 400/1999 best 12.950
  step 450/1999 best 12.929
  step 500/1999 best 14.104
  step 550/1999 best 14.753
  step 600/1999 best 15.044
  step 650/1999 best 15.171
  step 700/1999 best 15.200
  step 750/1999 best 15.175
  step 800/1999 best 15.224
  step 850/1999 best 15.336
  step 900/1999 best 15.227
  step 950/1999 best 15.130
  step 1000/1999 best 15.241
  step 1050/1999 best 15.431
  step 1100/1999 best 15.459
  step 1150/1999 best 15.296
  step 1200/1999 best 15.360
  step 1250/1999 best 15.346
  step 1300/1999 best 15.446
  step 1350/1999 best 15.273
  step 1400/1999 best 15.437
  step 1450/1999 best 15.362
  step 1500/1999 best 15.365
  step 1550/1999 best 15.260
  step 1600/1999 best 15.378
  step 1650/1999 best 15.404
  step 1700/1999 best 15.323
  step 1750/1999 best 15.355
  step 1800/1999 best 15.379
  step 1850/1999 best 15.486
  step 1900/1999 best 15.335
  step 1950/1999 best 15.408
saved SBC_CHAINS_cnn_vmim__n1_seed_s2_sim639_row592229_noise409_588_767 (240000, 4) acc=0.178
  step 0/1999 best -19.993
  step 50/1999 best 0.637
  step 100/1999 best 4.979
  step 150/1999 best 7.050
  step 200/1999 best 10.964
  step 250/1999 best 12.482
  step 300/1999 best 12.503
  step 350/1999 best 12.562
  step 400/1999 best 12.526
  step 450/1999 best 12.444
  step 500/1999 best 12.459
  step 550/1999 best 12.591
  step 600/1999 best 12.544
  step 650/1999 best 12.474
  step 700/1999 best 12.566
  step 750/1999 best 12.658
  step 800/1999 best 12.470
  step 850/1999 best 12.589
  step 900/1999 best 12.573
  step 950/1999 best 12.651
  step 1000/1999 best 12.388
  step 1050/1999 best 12.646
  step 1100/1999 best 12.579
  step 1150/1999 best 12.616
  step 1200/1999 best 12.671
  step 1250/1999 best 12.591
  step 1300/1999 best 12.596
  step 1350/1999 best 12.574
  step 1400/1999 best 12.471
  step 1450/1999 best 12.535
  step 1500/1999 best 12.608
  step 1550/1999 best 12.639
  step 1600/1999 best 12.442
  step 1650/1999 best 12.620
  step 1700/1999 best 12.679
  step 1750/1999 best 12.642
  step 1800/1999 best 12.668
  step 1850/1999 best 12.483
  step 1900/1999 best 12.623
  step 1950/1999 best 12.622
saved SBC_CHAINS_cnn_vmim__n1_seed_s2_sim3091_row2686657_noise5665_5844_6023 (240000, 4) acc=0.285
  step 0/1999 best -20.114
  step 50/1999 best 9.308
  step 100/1999 best 17.610
  step 150/1999 best 17.727
  step 200/1999 best 18.426
  step 250/1999 best 18.200
  step 300/1999 best 18.192
  step 350/1999 best 18.370
  step 400/1999 best 18.307
  step 450/1999 best 18.393
  step 500/1999 best 18.287
  step 550/1999 best 18.297
  step 600/1999 best 18.320
  step 650/1999 best 18.370
  step 700/1999 best 18.313
  step 750/1999 best 18.456
  step 800/1999 best 18.447
  step 850/1999 best 18.476
  step 900/1999 best 18.455
  step 950/1999 best 18.452
  step 1000/1999 best 18.242
  step 1050/1999 best 18.305
  step 1100/1999 best 18.386
  step 1150/1999 best 18.336
  step 1200/1999 best 18.372
  step 1250/1999 best 18.470
  step 1300/1999 best 18.472
  step 1350/1999 best 18.388
  step 1400/1999 best 18.376
  step 1450/1999 best 18.422
  step 1500/1999 best 18.440
  step 1550/1999 best 18.476
  step 1600/1999 best 18.429
  step 1650/1999 best 18.431
  step 1700/1999 best 18.369
  step 1750/1999 best 18.389
  step 1800/1999 best 18.463
  step 1850/1999 best 18.471
  step 1900/1999 best 18.389
  step 1950/1999 best 18.445
saved SBC_CHAINS_cnn_vmim__n1_seed_s2_sim1365_row1173296_noise9032_9211_9390 (240000, 4) acc=0.380
  step 0/1999 best -16.926
  step 50/1999 best -6.341
  step 100/1999 best 2.156
  step 150/1999 best 15.146
  step 200/1999 best 15.447
  step 250/1999 best 14.670
  step 300/1999 best 16.219
  step 350/1999 best 16.101
  step 400/1999 best 16.091
  step 450/1999 best 16.282
  step 500/1999 best 16.250
  step 550/1999 best 16.262
  step 600/1999 best 16.246
  step 650/1999 best 16.285
  step 700/1999 best 16.366
  step 750/1999 best 16.103
  step 800/1999 best 16.293
  step 850/1999 best 16.331
  step 900/1999 best 16.177
  step 950/1999 best 16.204
  step 1000/1999 best 16.288
  step 1050/1999 best 16.274
  step 1100/1999 best 16.229
  step 1150/1999 best 16.181
  step 1200/1999 best 16.002
  step 1250/1999 best 16.019
  step 1300/1999 best 16.179
  step 1350/1999 best 16.266
  step 1400/1999 best 16.285
  step 1450/1999 best 16.271
  step 1500/1999 best 16.306
  step 1550/1999 best 16.358
  step 1600/1999 best 16.304
  step 1650/1999 best 16.223
  step 1700/1999 best 16.338
  step 1750/1999 best 16.283
  step 1800/1999 best 16.177
  step 1850/1999 best 16.229
  step 1900/1999 best 16.292
  step 1950/1999 best 16.286
saved SBC_CHAINS_cnn_vmim__n1_seed_s2_sim93_row92817_noise5365_5544_5723 (240000, 4) acc=0.267
  step 0/1999 best -27.428
  step 50/1999 best 4.659
  step 100/1999 best 3.832
  step 150/1999 best 5.688
  step 200/1999 best 11.873
  step 250/1999 best 14.027
  step 300/1999 best 13.637
  step 350/1999 best 13.917
  step 400/1999 best 14.271
  step 450/1999 best 13.909
  step 500/1999 best 14.244
  step 550/1999 best 14.157
  step 600/1999 best 14.268
  step 650/1999 best 14.189
  step 700/1999 best 14.023
  step 750/1999 best 14.282
  step 800/1999 best 14.166
  step 850/1999 best 14.201
  step 900/1999 best 14.209
  step 950/1999 best 14.031
  step 1000/1999 best 14.213
  step 1050/1999 best 14.097
  step 1100/1999 best 14.000
  step 1150/1999 best 14.288
  step 1200/1999 best 14.169
  step 1250/1999 best 14.143
  step 1300/1999 best 14.148
  step 1350/1999 best 14.042
  step 1400/1999 best 14.028
  step 1450/1999 best 13.932
  step 1500/1999 best 14.251
  step 1550/1999 best 14.207
  step 1600/1999 best 14.253
  step 1650/1999 best 14.264
  step 1700/1999 best 14.173
  step 1750/1999 best 14.037
  step 1800/1999 best 14.193
  step 1850/1999 best 14.163
  step 1900/1999 best 14.292
  step 1950/1999 best 14.274
saved SBC_CHAINS_cnn_vmim__n1_seed_s2_sim2834_row2429643_noise4179_4358_4537 (240000, 4) acc=0.321
  step 0/1999 best -20.050
  step 50/1999 best -3.915
  step 100/1999 best 0.451
  step 150/1999 best 2.015
  step 200/1999 best 13.302
  step 250/1999 best 16.780
  step 300/1999 best 16.363
  step 350/1999 best 16.493
  step 400/1999 best 16.472
  step 450/1999 best 16.721
  step 500/1999 best 16.680
  step 550/1999 best 16.802
  step 600/1999 best 16.729
  step 650/1999 best 16.861
  step 700/1999 best 16.715
  step 750/1999 best 16.873
  step 800/1999 best 16.847
  step 850/1999 best 16.859
  step 900/1999 best 16.680
  step 950/1999 best 16.756
  step 1000/1999 best 16.783
  step 1050/1999 best 16.811
  step 1100/1999 best 16.788
  step 1150/1999 best 16.778
  step 1200/1999 best 16.791
  step 1250/1999 best 16.771
  step 1300/1999 best 16.656
  step 1350/1999 best 16.827
  step 1400/1999 best 16.829
  step 1450/1999 best 16.861
  step 1500/1999 best 16.828
  step 1550/1999 best 16.763
  step 1600/1999 best 16.761
  step 1650/1999 best 16.809
  step 1700/1999 best 16.738
  step 1750/1999 best 16.777
  step 1800/1999 best 16.768
  step 1850/1999 best 16.825
  step 1900/1999 best 16.473
  step 1950/1999 best 16.798
saved SBC_CHAINS_cnn_vmim__n1_seed_s2_sim436_row414441_noise4009_4188_4367 (240000, 4) acc=0.279
  step 0/1999 best -16.646
  step 50/1999 best -3.796
  step 100/1999 best -1.145
  step 150/1999 best 11.106
  step 200/1999 best 15.110
  step 250/1999 best 15.418
  step 300/1999 best 14.988
  step 350/1999 best 15.562
  step 400/1999 best 16.070
  step 450/1999 best 15.876
  step 500/1999 best 15.773
  step 550/1999 best 15.965
  step 600/1999 best 16.024
  step 650/1999 best 16.127
  step 700/1999 best 15.811
  step 750/1999 best 16.087
  step 800/1999 best 15.871
  step 850/1999 best 15.964
  step 900/1999 best 16.035
  step 950/1999 best 15.940
  step 1000/1999 best 16.001
  step 1050/1999 best 16.087
  step 1100/1999 best 16.035
  step 1150/1999 best 16.164
  step 1200/1999 best 15.804
  step 1250/1999 best 16.195
  step 1300/1999 best 16.183
  step 1350/1999 best 15.893
  step 1400/1999 best 16.209
  step 1450/1999 best 15.947
  step 1500/1999 best 16.147
  step 1550/1999 best 16.126
  step 1600/1999 best 16.195
  step 1650/1999 best 16.041
  step 1700/1999 best 16.144
  step 1750/1999 best 16.113
  step 1800/1999 best 16.132
  step 1850/1999 best 16.214
  step 1900/1999 best 16.123
  step 1950/1999 best 16.161
saved SBC_CHAINS_cnn_vmim__n1_seed_s2_sim663_row616123_noise4647_4826_5005 (240000, 4) acc=0.226
  step 0/1999 best -23.905
  step 50/1999 best 10.412
  step 100/1999 best 9.500
  step 150/1999 best 9.747
  step 200/1999 best 14.218
  step 250/1999 best 14.218
  step 300/1999 best 14.195
  step 350/1999 best 14.807
  step 400/1999 best 14.966
  step 450/1999 best 14.765
  step 500/1999 best 14.823
  step 550/1999 best 14.842
  step 600/1999 best 14.898
  step 650/1999 best 14.948
  step 700/1999 best 14.856
  step 750/1999 best 14.815
  step 800/1999 best 14.530
  step 850/1999 best 14.958
  step 900/1999 best 14.781
  step 950/1999 best 14.872
  step 1000/1999 best 14.961
  step 1050/1999 best 14.853
  step 1100/1999 best 15.016
  step 1150/1999 best 14.871
  step 1200/1999 best 14.801
  step 1250/1999 best 14.687
  step 1300/1999 best 14.856
  step 1350/1999 best 14.874
  step 1400/1999 best 14.937
  step 1450/1999 best 14.848
  step 1500/1999 best 14.921
  step 1550/1999 best 14.915
  step 1600/1999 best 14.888
  step 1650/1999 best 14.859
  step 1700/1999 best 14.832
  step 1750/1999 best 14.891
  step 1800/1999 best 14.986
  step 1850/1999 best 14.942
  step 1900/1999 best 15.034
  step 1950/1999 best 14.901
saved SBC_CHAINS_cnn_vmim__n1_seed_s2_sim2523_row2122485_noise7517_7696_7875 (240000, 4) acc=0.136
