[stage3] arm=cnn_vmim_/n1/seed_s4  nle=/gscratch/ddehiwalage-don/sbi_master/cnn_vmim_/n1/seed_s4/nle
[NLE] scope=standard_t family=nsf loaded from /gscratch/ddehiwalage-don/sbi_master/cnn_vmim_/n1/seed_s4/nle/standard_t/nsf
targets this task: 152 | family=standard_t_nsf | chains -> /gscratch/ddehiwalage-don/sbi_master/cnn_vmim_/n1/seed_s4/chains/standard_t_nsf
  step 0/1999 best -14.578
  step 50/1999 best 10.983
  step 100/1999 best 10.897
  step 150/1999 best 13.105
  step 200/1999 best 14.349
  step 250/1999 best 15.141
  step 300/1999 best 14.651
  step 350/1999 best 15.207
  step 400/1999 best 15.133
  step 450/1999 best 15.064
  step 500/1999 best 15.108
  step 550/1999 best 14.899
  step 600/1999 best 15.223
  step 650/1999 best 15.172
  step 700/1999 best 15.013
  step 750/1999 best 15.192
  step 800/1999 best 15.111
  step 850/1999 best 15.103
  step 900/1999 best 15.186
  step 950/1999 best 15.116
  step 1000/1999 best 14.996
  step 1050/1999 best 15.093
  step 1100/1999 best 15.141
  step 1150/1999 best 15.085
  step 1200/1999 best 15.092
  step 1250/1999 best 15.200
  step 1300/1999 best 15.144
  step 1350/1999 best 15.084
  step 1400/1999 best 14.970
  step 1450/1999 best 15.079
  step 1500/1999 best 14.971
  step 1550/1999 best 15.037
  step 1600/1999 best 15.066
  step 1650/1999 best 14.967
  step 1700/1999 best 15.178
  step 1750/1999 best 15.199
  step 1800/1999 best 15.153
  step 1850/1999 best 15.144
  step 1900/1999 best 15.072
  step 1950/1999 best 15.056
saved SBC_CHAINS_cnn_vmim__n1_seed_s4_sim2042_row1652395_noise7999_8178_8357 (240000, 4) acc=0.203
  step 0/1999 best -12.560
  step 50/1999 best 0.535
  step 100/1999 best 2.883
  step 150/1999 best 4.713
  step 200/1999 best 11.321
  step 250/1999 best 14.033
  step 300/1999 best 16.503
  step 350/1999 best 17.729
  step 400/1999 best 17.642
  step 450/1999 best 17.791
  step 500/1999 best 17.602
  step 550/1999 best 17.496
  step 600/1999 best 17.693
  step 650/1999 best 17.688
  step 700/1999 best 17.597
  step 750/1999 best 17.749
  step 800/1999 best 17.634
  step 850/1999 best 17.781
  step 900/1999 best 17.714
  step 950/1999 best 17.740
  step 1000/1999 best 17.541
  step 1050/1999 best 17.670
  step 1100/1999 best 17.503
  step 1150/1999 best 17.769
  step 1200/1999 best 17.677
  step 1250/1999 best 17.785
  step 1300/1999 best 17.670
  step 1350/1999 best 17.654
  step 1400/1999 best 17.663
  step 1450/1999 best 17.539
  step 1500/1999 best 17.673
  step 1550/1999 best 17.195
  step 1600/1999 best 17.633
  step 1650/1999 best 17.641
  step 1700/1999 best 17.752
  step 1750/1999 best 17.795
  step 1800/1999 best 17.814
  step 1850/1999 best 17.671
  step 1900/1999 best 17.817
  step 1950/1999 best 17.559
saved SBC_CHAINS_cnn_vmim__n1_seed_s4_sim280_row266929_noise5745_5924_6103 (240000, 4) acc=0.160
  step 0/1999 best -22.695
  step 50/1999 best -3.258
  step 100/1999 best 3.954
  step 150/1999 best 9.577
  step 200/1999 best 12.411
  step 250/1999 best 12.361
  step 300/1999 best 12.579
  step 350/1999 best 12.379
  step 400/1999 best 12.218
  step 450/1999 best 12.600
  step 500/1999 best 12.504
  step 550/1999 best 12.200
  step 600/1999 best 12.602
  step 650/1999 best 12.485
  step 700/1999 best 12.552
  step 750/1999 best 12.168
  step 800/1999 best 12.587
  step 850/1999 best 12.513
  step 900/1999 best 12.526
  step 950/1999 best 12.540
  step 1000/1999 best 12.579
  step 1050/1999 best 12.415
  step 1100/1999 best 12.461
  step 1150/1999 best 12.559
  step 1200/1999 best 12.549
  step 1250/1999 best 12.460
  step 1300/1999 best 12.511
  step 1350/1999 best 12.515
  step 1400/1999 best 12.583
  step 1450/1999 best 12.587
  step 1500/1999 best 12.629
  step 1550/1999 best 12.541
  step 1600/1999 best 12.387
  step 1650/1999 best 12.562
  step 1700/1999 best 12.592
  step 1750/1999 best 12.501
  step 1800/1999 best 12.514
  step 1850/1999 best 12.504
  step 1900/1999 best 12.402
  step 1950/1999 best 12.497
saved SBC_CHAINS_cnn_vmim__n1_seed_s4_sim2607_row2206666_noise3246_3425_3604 (240000, 4) acc=0.182
  step 0/1999 best -14.969
  step 50/1999 best -8.367
  step 100/1999 best -8.285
  step 150/1999 best -8.285
  step 200/1999 best -8.285
  step 250/1999 best -8.300
  step 300/1999 best -8.300
  step 350/1999 best -8.219
  step 400/1999 best -8.219
  step 450/1999 best -8.265
  step 500/1999 best -7.530
  step 550/1999 best -6.914
  step 600/1999 best -6.928
  step 650/1999 best -6.928
  step 700/1999 best -7.799
  step 750/1999 best -6.029
  step 800/1999 best -5.949
  step 850/1999 best -5.781
  step 900/1999 best -5.914
  step 950/1999 best -5.914
  step 1000/1999 best -5.737
  step 1050/1999 best -5.293
  step 1100/1999 best -6.043
  step 1150/1999 best -6.091
  step 1200/1999 best -6.202
  step 1250/1999 best -5.500
  step 1300/1999 best -5.500
  step 1350/1999 best -5.864
  step 1400/1999 best -5.868
  step 1450/1999 best -5.771
  step 1500/1999 best -5.771
  step 1550/1999 best -5.771
  step 1600/1999 best -5.517
  step 1650/1999 best -5.517
  step 1700/1999 best -5.517
  step 1750/1999 best -5.385
  step 1800/1999 best -5.123
  step 1850/1999 best -5.123
  step 1900/1999 best -5.862
  step 1950/1999 best -6.354
saved SBC_CHAINS_cnn_vmim__n1_seed_s4_sim2852_row2447648_noise2528_2707_2886 (240000, 4) acc=0.327
  step 0/1999 best -18.644
  step 50/1999 best -3.228
  step 100/1999 best -1.091
  step 150/1999 best 1.411
  step 200/1999 best 5.404
  step 250/1999 best 6.795
  step 300/1999 best 11.117
  step 350/1999 best 12.088
  step 400/1999 best 12.065
  step 450/1999 best 12.138
  step 500/1999 best 15.642
  step 550/1999 best 15.555
  step 600/1999 best 16.321
  step 650/1999 best 16.019
  step 700/1999 best 16.019
  step 750/1999 best 16.326
  step 800/1999 best 15.908
  step 850/1999 best 15.063
  step 900/1999 best 16.360
  step 950/1999 best 16.381
  step 1000/1999 best 16.739
  step 1050/1999 best 16.473
  step 1100/1999 best 16.650
  step 1150/1999 best 16.602
  step 1200/1999 best 16.307
  step 1250/1999 best 16.567
  step 1300/1999 best 16.708
  step 1350/1999 best 16.722
  step 1400/1999 best 16.456
  step 1450/1999 best 16.467
  step 1500/1999 best 16.703
  step 1550/1999 best 16.502
  step 1600/1999 best 16.574
  step 1650/1999 best 16.683
  step 1700/1999 best 16.627
  step 1750/1999 best 16.762
  step 1800/1999 best 16.635
  step 1850/1999 best 16.496
  step 1900/1999 best 16.608
  step 1950/1999 best 16.665
saved SBC_CHAINS_cnn_vmim__n1_seed_s4_sim99_row98576_noise1296_1475_1654 (240000, 4) acc=0.152
  step 0/1999 best -18.265
  step 50/1999 best 5.294
  step 100/1999 best 14.709
  step 150/1999 best 14.877
  step 200/1999 best 14.953
  step 250/1999 best 16.099
  step 300/1999 best 17.007
  step 350/1999 best 17.126
  step 400/1999 best 17.283
  step 450/1999 best 17.345
  step 500/1999 best 17.225
  step 550/1999 best 17.287
  step 600/1999 best 17.410
  step 650/1999 best 17.359
  step 700/1999 best 17.316
  step 750/1999 best 17.341
  step 800/1999 best 17.446
  step 850/1999 best 17.484
  step 900/1999 best 17.182
  step 950/1999 best 17.367
  step 1000/1999 best 17.479
  step 1050/1999 best 17.413
  step 1100/1999 best 17.488
  step 1150/1999 best 16.929
  step 1200/1999 best 17.210
  step 1250/1999 best 17.319
  step 1300/1999 best 17.316
  step 1350/1999 best 17.303
  step 1400/1999 best 17.222
  step 1450/1999 best 17.516
  step 1500/1999 best 17.422
  step 1550/1999 best 17.260
  step 1600/1999 best 17.434
  step 1650/1999 best 17.422
  step 1700/1999 best 17.000
  step 1750/1999 best 17.357
  step 1800/1999 best 17.160
  step 1850/1999 best 17.427
  step 1900/1999 best 17.450
  step 1950/1999 best 17.406
saved SBC_CHAINS_cnn_vmim__n1_seed_s4_sim268_row254451_noise3095_3274_3453 (240000, 4) acc=0.136
  step 0/1999 best -17.379
  step 50/1999 best -4.256
  step 100/1999 best -3.843
  step 150/1999 best -4.100
  step 200/1999 best 1.758
  step 250/1999 best 13.276
  step 300/1999 best 13.678
  step 350/1999 best 15.217
  step 400/1999 best 14.368
  step 450/1999 best 15.634
  step 500/1999 best 15.242
  step 550/1999 best 15.745
  step 600/1999 best 15.594
  step 650/1999 best 15.783
  step 700/1999 best 15.706
  step 750/1999 best 15.835
  step 800/1999 best 15.670
  step 850/1999 best 15.819
  step 900/1999 best 15.659
  step 950/1999 best 15.737
  step 1000/1999 best 15.688
  step 1050/1999 best 15.725
  step 1100/1999 best 15.808
  step 1150/1999 best 15.742
  step 1200/1999 best 15.589
  step 1250/1999 best 15.884
  step 1300/1999 best 15.821
  step 1350/1999 best 15.876
  step 1400/1999 best 15.862
  step 1450/1999 best 15.912
  step 1500/1999 best 15.739
  step 1550/1999 best 15.927
  step 1600/1999 best 15.604
  step 1650/1999 best 15.922
  step 1700/1999 best 15.934
  step 1750/1999 best 15.792
  step 1800/1999 best 15.767
  step 1850/1999 best 15.848
  step 1900/1999 best 15.722
  step 1950/1999 best 15.970
saved SBC_CHAINS_cnn_vmim__n1_seed_s4_sim331_row317947_noise7623_7802_7981 (240000, 4) acc=0.145
  step 0/1999 best -5.516
  step 50/1999 best 8.579
  step 100/1999 best 12.337
  step 150/1999 best 13.652
  step 200/1999 best 15.763
  step 250/1999 best 15.560
  step 300/1999 best 15.780
  step 350/1999 best 15.684
  step 400/1999 best 15.789
  step 450/1999 best 15.680
  step 500/1999 best 15.693
  step 550/1999 best 15.666
  step 600/1999 best 15.690
  step 650/1999 best 15.757
  step 700/1999 best 15.835
  step 750/1999 best 15.671
  step 800/1999 best 15.805
  step 850/1999 best 15.764
  step 900/1999 best 15.604
  step 950/1999 best 15.814
  step 1000/1999 best 15.706
  step 1050/1999 best 15.662
  step 1100/1999 best 15.724
  step 1150/1999 best 15.663
  step 1200/1999 best 15.669
  step 1250/1999 best 15.763
  step 1300/1999 best 15.805
  step 1350/1999 best 15.569
  step 1400/1999 best 15.688
  step 1450/1999 best 15.851
  step 1500/1999 best 15.849
  step 1550/1999 best 15.627
  step 1600/1999 best 15.775
  step 1650/1999 best 15.699
  step 1700/1999 best 15.697
  step 1750/1999 best 15.743
  step 1800/1999 best 15.646
  step 1850/1999 best 15.725
  step 1900/1999 best 15.830
  step 1950/1999 best 15.613
saved SBC_CHAINS_cnn_vmim__n1_seed_s4_sim968_row917506_noise5362_5541_5720 (240000, 4) acc=0.229
  step 0/1999 best -15.322
  step 50/1999 best -0.345
  step 100/1999 best 1.921
  step 150/1999 best 8.795
  step 200/1999 best 12.281
  step 250/1999 best 13.763
  step 300/1999 best 14.285
  step 350/1999 best 13.843
  step 400/1999 best 14.198
  step 450/1999 best 14.403
  step 500/1999 best 14.378
  step 550/1999 best 14.452
  step 600/1999 best 14.430
  step 650/1999 best 14.389
  step 700/1999 best 14.493
  step 750/1999 best 14.771
  step 800/1999 best 14.605
  step 850/1999 best 14.800
  step 900/1999 best 14.694
  step 950/1999 best 14.772
  step 1000/1999 best 14.506
  step 1050/1999 best 14.609
  step 1100/1999 best 14.658
  step 1150/1999 best 14.779
  step 1200/1999 best 14.691
  step 1250/1999 best 14.677
  step 1300/1999 best 14.674
  step 1350/1999 best 14.774
  step 1400/1999 best 14.835
  step 1450/1999 best 14.672
  step 1500/1999 best 14.603
  step 1550/1999 best 14.584
  step 1600/1999 best 14.736
  step 1650/1999 best 14.721
  step 1700/1999 best 14.822
  step 1750/1999 best 14.719
  step 1800/1999 best 14.813
  step 1850/1999 best 14.746
  step 1900/1999 best 14.690
  step 1950/1999 best 14.809
saved SBC_CHAINS_cnn_vmim__n1_seed_s4_sim2373_row1972377_noise4829_5008_5187 (240000, 4) acc=0.195
  step 0/1999 best -18.228
  step 50/1999 best 4.603
  step 100/1999 best 7.805
  step 150/1999 best 9.392
  step 200/1999 best 10.039
  step 250/1999 best 10.053
  step 300/1999 best 9.734
  step 350/1999 best 10.667
  step 400/1999 best 10.650
  step 450/1999 best 10.568
  step 500/1999 best 10.731
  step 550/1999 best 10.449
  step 600/1999 best 10.578
  step 650/1999 best 10.576
  step 700/1999 best 10.567
  step 750/1999 best 10.511
  step 800/1999 best 10.615
  step 850/1999 best 10.638
  step 900/1999 best 10.536
  step 950/1999 best 10.539
  step 1000/1999 best 10.626
  step 1050/1999 best 10.554
  step 1100/1999 best 10.585
  step 1150/1999 best 10.627
  step 1200/1999 best 10.656
  step 1250/1999 best 10.530
  step 1300/1999 best 10.333
  step 1350/1999 best 10.615
  step 1400/1999 best 10.415
  step 1450/1999 best 10.623
  step 1500/1999 best 10.550
  step 1550/1999 best 10.393
  step 1600/1999 best 10.597
  step 1650/1999 best 10.548
  step 1700/1999 best 10.576
  step 1750/1999 best 10.521
  step 1800/1999 best 10.482
  step 1850/1999 best 10.582
  step 1900/1999 best 10.706
  step 1950/1999 best 10.371
saved SBC_CHAINS_cnn_vmim__n1_seed_s4_sim763_row712609_noise6853_7032_7211 (240000, 4) acc=0.254
  step 0/1999 best -20.059
  step 50/1999 best 1.841
  step 100/1999 best 12.577
  step 150/1999 best 11.359
  step 200/1999 best 13.614
  step 250/1999 best 13.932
  step 300/1999 best 14.155
  step 350/1999 best 14.191
  step 400/1999 best 14.280
  step 450/1999 best 14.281
  step 500/1999 best 13.740
  step 550/1999 best 14.273
  step 600/1999 best 14.337
  step 650/1999 best 14.127
  step 700/1999 best 14.373
  step 750/1999 best 14.211
  step 800/1999 best 14.373
  step 850/1999 best 14.326
  step 900/1999 best 14.329
  step 950/1999 best 14.379
  step 1000/1999 best 14.242
  step 1050/1999 best 14.160
  step 1100/1999 best 14.275
  step 1150/1999 best 14.424
  step 1200/1999 best 14.219
  step 1250/1999 best 14.281
  step 1300/1999 best 14.348
  step 1350/1999 best 14.282
  step 1400/1999 best 14.313
  step 1450/1999 best 14.300
  step 1500/1999 best 14.276
  step 1550/1999 best 14.415
  step 1600/1999 best 14.393
  step 1650/1999 best 14.273
  step 1700/1999 best 14.307
  step 1750/1999 best 14.316
  step 1800/1999 best 14.317
  step 1850/1999 best 14.268
  step 1900/1999 best 14.404
  step 1950/1999 best 14.328
saved SBC_CHAINS_cnn_vmim__n1_seed_s4_sim2456_row2055317_noise9145_9324_9503 (240000, 4) acc=0.213
  step 0/1999 best -19.620
  step 50/1999 best -6.444
  step 100/1999 best 1.226
  step 150/1999 best 8.679
  step 200/1999 best 11.521
  step 250/1999 best 11.969
  step 300/1999 best 11.804
  step 350/1999 best 11.767
  step 400/1999 best 12.056
  step 450/1999 best 12.014
  step 500/1999 best 12.080
  step 550/1999 best 12.108
  step 600/1999 best 12.033
  step 650/1999 best 11.964
  step 700/1999 best 12.123
  step 750/1999 best 12.114
  step 800/1999 best 12.009
  step 850/1999 best 12.101
  step 900/1999 best 12.064
  step 950/1999 best 12.104
  step 1000/1999 best 12.059
  step 1050/1999 best 12.088
  step 1100/1999 best 12.068
  step 1150/1999 best 12.069
  step 1200/1999 best 12.152
  step 1250/1999 best 12.042
  step 1300/1999 best 12.180
  step 1350/1999 best 12.095
  step 1400/1999 best 12.128
  step 1450/1999 best 12.131
  step 1500/1999 best 12.059
  step 1550/1999 best 12.097
  step 1600/1999 best 12.158
  step 1650/1999 best 12.154
  step 1700/1999 best 12.168
  step 1750/1999 best 12.190
  step 1800/1999 best 12.050
  step 1850/1999 best 12.194
  step 1900/1999 best 12.028
  step 1950/1999 best 12.120
saved SBC_CHAINS_cnn_vmim__n1_seed_s4_sim2638_row2237547_noise4643_4822_5001 (240000, 4) acc=0.271
  step 0/1999 best -19.204
  step 50/1999 best 0.252
  step 100/1999 best 2.987
  step 150/1999 best 6.972
  step 200/1999 best 8.381
  step 250/1999 best 8.124
  step 300/1999 best 12.427
  step 350/1999 best 12.978
  step 400/1999 best 13.058
  step 450/1999 best 13.934
  step 500/1999 best 13.113
  step 550/1999 best 13.757
  step 600/1999 best 13.898
  step 650/1999 best 14.219
  step 700/1999 best 14.447
  step 750/1999 best 13.528
  step 800/1999 best 13.683
  step 850/1999 best 13.678
  step 900/1999 best 14.018
  step 950/1999 best 13.598
  step 1000/1999 best 14.278
  step 1050/1999 best 13.502
  step 1100/1999 best 13.972
  step 1150/1999 best 14.239
  step 1200/1999 best 14.434
  step 1250/1999 best 14.481
  step 1300/1999 best 14.356
  step 1350/1999 best 14.047
  step 1400/1999 best 14.244
  step 1450/1999 best 14.317
  step 1500/1999 best 13.526
  step 1550/1999 best 14.216
  step 1600/1999 best 13.489
  step 1650/1999 best 13.860
  step 1700/1999 best 14.064
  step 1750/1999 best 14.043
  step 1800/1999 best 13.969
  step 1850/1999 best 14.051
  step 1900/1999 best 14.436
  step 1950/1999 best 14.303
saved SBC_CHAINS_cnn_vmim__n1_seed_s4_sim3016_row2611084_noise8716_8895_9074 (240000, 4) acc=0.338
  step 0/1999 best -17.343
  step 50/1999 best -2.059
  step 100/1999 best 0.920
  step 150/1999 best 5.583
  step 200/1999 best 9.719
  step 250/1999 best 12.926
  step 300/1999 best 12.298
  step 350/1999 best 13.635
  step 400/1999 best 13.589
  step 450/1999 best 13.279
  step 500/1999 best 13.861
  step 550/1999 best 13.550
  step 600/1999 best 14.105
  step 650/1999 best 14.030
  step 700/1999 best 14.176
  step 750/1999 best 14.092
  step 800/1999 best 13.920
  step 850/1999 best 14.001
  step 900/1999 best 14.176
  step 950/1999 best 14.186
  step 1000/1999 best 14.081
  step 1050/1999 best 14.168
  step 1100/1999 best 14.176
  step 1150/1999 best 14.055
  step 1200/1999 best 13.958
  step 1250/1999 best 14.017
  step 1300/1999 best 14.235
  step 1350/1999 best 14.092
  step 1400/1999 best 14.216
  step 1450/1999 best 14.185
  step 1500/1999 best 14.075
  step 1550/1999 best 14.129
  step 1600/1999 best 14.148
  step 1650/1999 best 14.146
  step 1700/1999 best 13.974
  step 1750/1999 best 14.095
  step 1800/1999 best 14.219
  step 1850/1999 best 14.050
  step 1900/1999 best 14.232
  step 1950/1999 best 14.071
saved SBC_CHAINS_cnn_vmim__n1_seed_s4_sim2368_row1967330_noise9610_9789_140 (240000, 4) acc=0.171
  step 0/1999 best -11.415
  step 50/1999 best -10.634
  step 100/1999 best -8.257
  step 150/1999 best -5.647
  step 200/1999 best -4.143
  step 250/1999 best -3.746
  step 300/1999 best -1.452
  step 350/1999 best -1.452
  step 400/1999 best -1.452
  step 450/1999 best -1.452
  step 500/1999 best 0.813
  step 550/1999 best 1.467
  step 600/1999 best 1.467
  step 650/1999 best 2.427
  step 700/1999 best 2.427
  step 750/1999 best -0.257
  step 800/1999 best 2.388
  step 850/1999 best 2.388
  step 900/1999 best 2.424
  step 950/1999 best 2.424
  step 1000/1999 best 3.209
  step 1050/1999 best 3.219
  step 1100/1999 best 3.219
  step 1150/1999 best 3.219
  step 1200/1999 best 3.219
  step 1250/1999 best 3.219
  step 1300/1999 best 3.219
  step 1350/1999 best 3.219
  step 1400/1999 best 3.219
  step 1450/1999 best 3.481
  step 1500/1999 best 5.823
  step 1550/1999 best 5.643
  step 1600/1999 best 5.990
  step 1650/1999 best 5.990
  step 1700/1999 best 5.990
  step 1750/1999 best 5.990
  step 1800/1999 best 6.676
  step 1850/1999 best 10.344
  step 1900/1999 best 10.344
  step 1950/1999 best 11.046
saved SBC_CHAINS_cnn_vmim__n1_seed_s4_sim2841_row2436146_noise854_1033_1212 (240000, 4) acc=0.324
  step 0/1999 best -6.983
  step 50/1999 best 1.336
  step 100/1999 best 7.201
  step 150/1999 best 9.833
  step 200/1999 best 15.364
  step 250/1999 best 16.337
  step 300/1999 best 16.942
  step 350/1999 best 15.961
  step 400/1999 best 16.210
  step 450/1999 best 16.833
  step 500/1999 best 16.639
  step 550/1999 best 15.674
  step 600/1999 best 16.470
  step 650/1999 best 16.175
  step 700/1999 best 16.424
  step 750/1999 best 16.975
  step 800/1999 best 16.668
  step 850/1999 best 16.902
  step 900/1999 best 16.512
  step 950/1999 best 17.052
  step 1000/1999 best 16.993
  step 1050/1999 best 16.818
  step 1100/1999 best 16.566
  step 1150/1999 best 16.705
  step 1200/1999 best 16.751
  step 1250/1999 best 16.937
  step 1300/1999 best 16.981
  step 1350/1999 best 16.811
  step 1400/1999 best 16.610
  step 1450/1999 best 16.655
  step 1500/1999 best 16.941
  step 1550/1999 best 16.786
  step 1600/1999 best 16.907
  step 1650/1999 best 16.934
  step 1700/1999 best 16.995
  step 1750/1999 best 16.758
  step 1800/1999 best 16.797
  step 1850/1999 best 16.924
  step 1900/1999 best 16.801
  step 1950/1999 best 16.847
saved SBC_CHAINS_cnn_vmim__n1_seed_s4_sim898_row847751_noise4403_4582_4761 (240000, 4) acc=0.162
  step 0/1999 best -17.496
  step 50/1999 best -2.140
  step 100/1999 best 3.552
  step 150/1999 best 8.292
  step 200/1999 best 10.343
  step 250/1999 best 12.537
  step 300/1999 best 12.439
  step 350/1999 best 12.026
  step 400/1999 best 12.883
  step 450/1999 best 12.755
  step 500/1999 best 12.818
  step 550/1999 best 12.791
  step 600/1999 best 12.911
  step 650/1999 best 13.052
  step 700/1999 best 12.935
  step 750/1999 best 13.005
  step 800/1999 best 12.917
  step 850/1999 best 12.855
  step 900/1999 best 12.931
  step 950/1999 best 12.728
  step 1000/1999 best 12.845
  step 1050/1999 best 12.624
  step 1100/1999 best 12.766
  step 1150/1999 best 12.854
  step 1200/1999 best 12.654
  step 1250/1999 best 12.895
  step 1300/1999 best 12.869
  step 1350/1999 best 12.757
  step 1400/1999 best 12.985
  step 1450/1999 best 12.716
  step 1500/1999 best 12.922
  step 1550/1999 best 12.291
  step 1600/1999 best 12.932
  step 1650/1999 best 12.952
  step 1700/1999 best 12.827
  step 1750/1999 best 12.937
  step 1800/1999 best 12.873
  step 1850/1999 best 13.009
  step 1900/1999 best 12.790
  step 1950/1999 best 12.917
saved SBC_CHAINS_cnn_vmim__n1_seed_s4_sim2917_row2512918_noise8830_9009_9188 (240000, 4) acc=0.185
  step 0/1999 best -12.521
  step 50/1999 best 10.165
  step 100/1999 best 13.196
  step 150/1999 best 13.676
  step 200/1999 best 15.587
  step 250/1999 best 15.905
  step 300/1999 best 16.275
  step 350/1999 best 16.848
  step 400/1999 best 16.588
  step 450/1999 best 16.844
  step 500/1999 best 16.760
  step 550/1999 best 16.708
  step 600/1999 best 16.761
  step 650/1999 best 16.800
  step 700/1999 best 16.761
  step 750/1999 best 16.818
  step 800/1999 best 16.812
  step 850/1999 best 16.584
  step 900/1999 best 16.544
  step 950/1999 best 16.750
  step 1000/1999 best 16.720
  step 1050/1999 best 16.840
  step 1100/1999 best 16.728
  step 1150/1999 best 16.783
  step 1200/1999 best 16.867
  step 1250/1999 best 16.752
  step 1300/1999 best 16.895
  step 1350/1999 best 16.699
  step 1400/1999 best 16.816
  step 1450/1999 best 16.859
  step 1500/1999 best 16.799
  step 1550/1999 best 16.784
  step 1600/1999 best 16.694
  step 1650/1999 best 16.715
  step 1700/1999 best 16.697
  step 1750/1999 best 16.787
  step 1800/1999 best 16.760
  step 1850/1999 best 16.778
  step 1900/1999 best 16.800
  step 1950/1999 best 16.833
saved SBC_CHAINS_cnn_vmim__n1_seed_s4_sim1273_row1091592_noise5780_5959_6138 (240000, 4) acc=0.267
  step 0/1999 best -8.882
  step 50/1999 best -0.073
  step 100/1999 best 9.212
  step 150/1999 best 12.730
  step 200/1999 best 12.481
  step 250/1999 best 13.085
  step 300/1999 best 13.032
  step 350/1999 best 12.851
  step 400/1999 best 12.898
  step 450/1999 best 13.142
  step 500/1999 best 13.194
  step 550/1999 best 13.104
  step 600/1999 best 13.168
  step 650/1999 best 13.046
  step 700/1999 best 12.941
  step 750/1999 best 13.138
  step 800/1999 best 13.036
  step 850/1999 best 12.907
  step 900/1999 best 12.975
  step 950/1999 best 13.161
  step 1000/1999 best 12.991
  step 1050/1999 best 12.981
  step 1100/1999 best 12.937
  step 1150/1999 best 13.043
  step 1200/1999 best 13.127
  step 1250/1999 best 13.043
  step 1300/1999 best 12.995
  step 1350/1999 best 13.131
  step 1400/1999 best 13.118
  step 1450/1999 best 12.987
  step 1500/1999 best 13.058
  step 1550/1999 best 13.056
  step 1600/1999 best 13.013
  step 1650/1999 best 13.035
  step 1700/1999 best 13.006
  step 1750/1999 best 13.033
  step 1800/1999 best 13.139
  step 1850/1999 best 13.127
  step 1900/1999 best 13.039
  step 1950/1999 best 13.113
saved SBC_CHAINS_cnn_vmim__n1_seed_s4_sim2546_row2145330_noise878_1057_1236 (240000, 4) acc=0.181
  step 0/1999 best -20.247
  step 50/1999 best 5.950
  step 100/1999 best 10.930
  step 150/1999 best 12.297
  step 200/1999 best 12.758
  step 250/1999 best 13.952
  step 300/1999 best 14.020
  step 350/1999 best 14.160
  step 400/1999 best 13.642
  step 450/1999 best 14.280
  step 500/1999 best 13.963
  step 550/1999 best 14.316
  step 600/1999 best 14.328
  step 650/1999 best 13.992
  step 700/1999 best 14.105
  step 750/1999 best 14.190
  step 800/1999 best 14.191
  step 850/1999 best 14.385
  step 900/1999 best 14.255
  step 950/1999 best 13.845
  step 1000/1999 best 14.113
  step 1050/1999 best 14.419
  step 1100/1999 best 14.146
  step 1150/1999 best 14.347
  step 1200/1999 best 14.357
  step 1250/1999 best 14.263
  step 1300/1999 best 14.184
  step 1350/1999 best 14.278
  step 1400/1999 best 14.049
  step 1450/1999 best 14.386
  step 1500/1999 best 14.174
  step 1550/1999 best 14.385
  step 1600/1999 best 14.048
  step 1650/1999 best 14.377
  step 1700/1999 best 14.504
  step 1750/1999 best 14.377
  step 1800/1999 best 14.427
  step 1850/1999 best 14.368
  step 1900/1999 best 14.402
  step 1950/1999 best 14.108
saved SBC_CHAINS_cnn_vmim__n1_seed_s4_sim3009_row2604324_noise1956_2135_2314 (240000, 4) acc=0.344
  step 0/1999 best -18.842
  step 50/1999 best -3.327
  step 100/1999 best 0.133
  step 150/1999 best 0.475
  step 200/1999 best 0.214
  step 250/1999 best 0.214
  step 300/1999 best 2.277
  step 350/1999 best 1.008
  step 400/1999 best 2.182
  step 450/1999 best 4.665
  step 500/1999 best 5.373
  step 550/1999 best 10.809
  step 600/1999 best 12.396
  step 650/1999 best 11.429
  step 700/1999 best 15.010
  step 750/1999 best 14.967
  step 800/1999 best 14.967
  step 850/1999 best 15.282
  step 900/1999 best 16.331
  step 950/1999 best 16.274
  step 1000/1999 best 16.529
  step 1050/1999 best 16.089
  step 1100/1999 best 16.353
  step 1150/1999 best 16.400
  step 1200/1999 best 16.956
  step 1250/1999 best 16.854
  step 1300/1999 best 16.350
  step 1350/1999 best 16.761
  step 1400/1999 best 16.802
  step 1450/1999 best 16.821
  step 1500/1999 best 16.717
  step 1550/1999 best 16.928
  step 1600/1999 best 16.882
  step 1650/1999 best 16.921
  step 1700/1999 best 16.599
  step 1750/1999 best 17.030
  step 1800/1999 best 17.023
  step 1850/1999 best 16.635
  step 1900/1999 best 16.604
  step 1950/1999 best 16.854
saved SBC_CHAINS_cnn_vmim__n1_seed_s4_sim118_row117534_noise598_777_956 (240000, 4) acc=0.149
  step 0/1999 best -20.115
  step 50/1999 best 8.984
  step 100/1999 best 12.325
  step 150/1999 best 13.084
  step 200/1999 best 14.594
  step 250/1999 best 14.058
  step 300/1999 best 14.663
  step 350/1999 best 14.797
  step 400/1999 best 14.388
  step 450/1999 best 14.674
  step 500/1999 best 14.869
  step 550/1999 best 14.736
  step 600/1999 best 14.797
  step 650/1999 best 14.617
  step 700/1999 best 14.904
  step 750/1999 best 14.783
  step 800/1999 best 14.883
  step 850/1999 best 14.835
  step 900/1999 best 14.791
  step 950/1999 best 14.814
  step 1000/1999 best 14.697
  step 1050/1999 best 14.863
  step 1100/1999 best 14.665
  step 1150/1999 best 14.774
  step 1200/1999 best 14.566
  step 1250/1999 best 14.812
  step 1300/1999 best 14.863
  step 1350/1999 best 14.788
  step 1400/1999 best 14.878
  step 1450/1999 best 14.875
  step 1500/1999 best 14.839
  step 1550/1999 best 14.661
  step 1600/1999 best 14.856
  step 1650/1999 best 14.807
  step 1700/1999 best 14.697
  step 1750/1999 best 14.839
  step 1800/1999 best 14.627
  step 1850/1999 best 14.847
  step 1900/1999 best 14.714
  step 1950/1999 best 14.475
saved SBC_CHAINS_cnn_vmim__n1_seed_s4_sim1766_row1518003_noise6791_6970_7149 (240000, 4) acc=0.200
  step 0/1999 best -14.444
  step 50/1999 best 0.978
  step 100/1999 best 12.881
  step 150/1999 best 14.380
  step 200/1999 best 15.168
  step 250/1999 best 15.994
  step 300/1999 best 16.095
  step 350/1999 best 16.554
  step 400/1999 best 16.371
  step 450/1999 best 16.580
  step 500/1999 best 16.517
  step 550/1999 best 16.500
  step 600/1999 best 16.462
  step 650/1999 best 16.610
  step 700/1999 best 16.609
  step 750/1999 best 16.542
  step 800/1999 best 16.598
  step 850/1999 best 16.444
  step 900/1999 best 16.300
  step 950/1999 best 16.399
  step 1000/1999 best 16.537
  step 1050/1999 best 16.456
  step 1100/1999 best 16.536
  step 1150/1999 best 16.467
  step 1200/1999 best 16.591
  step 1250/1999 best 16.472
  step 1300/1999 best 16.486
  step 1350/1999 best 16.501
  step 1400/1999 best 16.540
  step 1450/1999 best 16.523
  step 1500/1999 best 16.455
  step 1550/1999 best 16.502
  step 1600/1999 best 16.610
  step 1650/1999 best 16.562
  step 1700/1999 best 16.563
  step 1750/1999 best 16.511
  step 1800/1999 best 16.395
  step 1850/1999 best 16.520
  step 1900/1999 best 16.479
  step 1950/1999 best 16.519
saved SBC_CHAINS_cnn_vmim__n1_seed_s4_sim1742_row1495564_noise3008_3187_3366 (240000, 4) acc=0.269
  step 0/1999 best -19.982
  step 50/1999 best -1.294
  step 100/1999 best 2.835
  step 150/1999 best 2.570
  step 200/1999 best 4.203
  step 250/1999 best 7.367
  step 300/1999 best 9.447
  step 350/1999 best 15.055
  step 400/1999 best 14.764
  step 450/1999 best 15.961
  step 500/1999 best 16.152
  step 550/1999 best 16.101
  step 600/1999 best 15.966
  step 650/1999 best 16.393
  step 700/1999 best 16.391
  step 750/1999 best 16.386
  step 800/1999 best 16.387
  step 850/1999 best 16.482
  step 900/1999 best 16.329
  step 950/1999 best 16.297
  step 1000/1999 best 16.376
  step 1050/1999 best 16.511
  step 1100/1999 best 16.422
  step 1150/1999 best 16.539
  step 1200/1999 best 16.508
  step 1250/1999 best 16.524
  step 1300/1999 best 16.185
  step 1350/1999 best 16.476
  step 1400/1999 best 16.248
  step 1450/1999 best 16.400
  step 1500/1999 best 16.363
  step 1550/1999 best 16.199
  step 1600/1999 best 16.376
  step 1650/1999 best 16.420
  step 1700/1999 best 16.386
  step 1750/1999 best 16.391
  step 1800/1999 best 16.367
  step 1850/1999 best 16.334
  step 1900/1999 best 16.496
  step 1950/1999 best 16.453
saved SBC_CHAINS_cnn_vmim__n1_seed_s4_sim1516_row1293413_noise2901_3080_3259 (240000, 4) acc=0.150
  step 0/1999 best -14.888
  step 50/1999 best -1.750
  step 100/1999 best 11.169
  step 150/1999 best 15.424
  step 200/1999 best 15.239
  step 250/1999 best 15.368
  step 300/1999 best 14.973
  step 350/1999 best 15.452
  step 400/1999 best 15.498
  step 450/1999 best 15.325
  step 500/1999 best 15.622
  step 550/1999 best 15.741
  step 600/1999 best 15.701
  step 650/1999 best 15.793
  step 700/1999 best 15.517
  step 750/1999 best 15.714
  step 800/1999 best 15.642
  step 850/1999 best 15.615
  step 900/1999 best 15.658
  step 950/1999 best 15.649
  step 1000/1999 best 15.537
  step 1050/1999 best 15.687
  step 1100/1999 best 15.609
  step 1150/1999 best 15.722
  step 1200/1999 best 15.575
  step 1250/1999 best 15.692
  step 1300/1999 best 15.768
  step 1350/1999 best 15.757
  step 1400/1999 best 15.614
  step 1450/1999 best 15.558
  step 1500/1999 best 15.623
  step 1550/1999 best 15.742
  step 1600/1999 best 15.748
  step 1650/1999 best 15.745
  step 1700/1999 best 15.548
  step 1750/1999 best 15.730
  step 1800/1999 best 15.608
  step 1850/1999 best 15.552
  step 1900/1999 best 15.554
  step 1950/1999 best 15.606
saved SBC_CHAINS_cnn_vmim__n1_seed_s4_sim1418_row1200454_noise3222_3401_3580 (240000, 4) acc=0.163
  step 0/1999 best -25.729
  step 50/1999 best -15.279
  step 100/1999 best -5.511
  step 150/1999 best 1.191
  step 200/1999 best 3.713
  step 250/1999 best 4.841
  step 300/1999 best 9.370
  step 350/1999 best 9.909
  step 400/1999 best 10.908
  step 450/1999 best 10.725
  step 500/1999 best 10.344
  step 550/1999 best 10.912
  step 600/1999 best 10.590
  step 650/1999 best 10.790
  step 700/1999 best 10.955
  step 750/1999 best 10.934
  step 800/1999 best 11.031
  step 850/1999 best 10.821
  step 900/1999 best 10.992
  step 950/1999 best 10.973
  step 1000/1999 best 10.879
  step 1050/1999 best 10.808
  step 1100/1999 best 10.927
  step 1150/1999 best 10.656
  step 1200/1999 best 11.008
  step 1250/1999 best 10.990
  step 1300/1999 best 11.004
  step 1350/1999 best 10.918
  step 1400/1999 best 11.034
  step 1450/1999 best 10.842
  step 1500/1999 best 10.807
  step 1550/1999 best 10.972
  step 1600/1999 best 10.976
  step 1650/1999 best 10.956
  step 1700/1999 best 10.944
  step 1750/1999 best 11.061
  step 1800/1999 best 11.001
  step 1850/1999 best 10.952
  step 1900/1999 best 10.923
  step 1950/1999 best 11.030
saved SBC_CHAINS_cnn_vmim__n1_seed_s4_sim2589_row2188655_noise4891_5070_5249 (240000, 4) acc=0.135
  step 0/1999 best -22.797
  step 50/1999 best 3.331
  step 100/1999 best 11.392
  step 150/1999 best 13.598
  step 200/1999 best 14.028
  step 250/1999 best 14.309
  step 300/1999 best 15.077
  step 350/1999 best 15.015
  step 400/1999 best 14.945
  step 450/1999 best 14.851
  step 500/1999 best 15.035
  step 550/1999 best 14.966
  step 600/1999 best 14.918
  step 650/1999 best 14.919
  step 700/1999 best 15.021
  step 750/1999 best 15.002
  step 800/1999 best 14.956
  step 850/1999 best 14.997
  step 900/1999 best 15.106
  step 950/1999 best 14.998
  step 1000/1999 best 15.070
  step 1050/1999 best 15.052
  step 1100/1999 best 15.015
  step 1150/1999 best 15.081
  step 1200/1999 best 14.955
  step 1250/1999 best 14.987
  step 1300/1999 best 14.933
  step 1350/1999 best 15.066
  step 1400/1999 best 15.103
  step 1450/1999 best 14.956
  step 1500/1999 best 14.937
  step 1550/1999 best 14.996
  step 1600/1999 best 14.870
  step 1650/1999 best 15.017
  step 1700/1999 best 15.141
  step 1750/1999 best 14.927
  step 1800/1999 best 14.901
  step 1850/1999 best 14.955
  step 1900/1999 best 15.092
  step 1950/1999 best 14.841
saved SBC_CHAINS_cnn_vmim__n1_seed_s4_sim2013_row1624912_noise9000_9179_9358 (240000, 4) acc=0.165
  step 0/1999 best -18.380
  step 50/1999 best -4.062
  step 100/1999 best 1.576
  step 150/1999 best 1.301
  step 200/1999 best 8.458
  step 250/1999 best 13.182
  step 300/1999 best 13.343
  step 350/1999 best 13.343
  step 400/1999 best 13.343
  step 450/1999 best 14.166
  step 500/1999 best 14.613
  step 550/1999 best 15.120
  step 600/1999 best 15.362
  step 650/1999 best 14.921
  step 700/1999 best 15.523
  step 750/1999 best 15.622
  step 800/1999 best 15.565
  step 850/1999 best 15.456
  step 900/1999 best 15.709
  step 950/1999 best 15.659
  step 1000/1999 best 15.486
  step 1050/1999 best 15.465
  step 1100/1999 best 15.578
  step 1150/1999 best 15.603
  step 1200/1999 best 15.471
  step 1250/1999 best 15.510
  step 1300/1999 best 15.278
  step 1350/1999 best 15.588
  step 1400/1999 best 15.473
  step 1450/1999 best 15.377
  step 1500/1999 best 15.426
  step 1550/1999 best 15.606
  step 1600/1999 best 15.598
  step 1650/1999 best 15.628
  step 1700/1999 best 15.594
  step 1750/1999 best 15.651
  step 1800/1999 best 15.434
  step 1850/1999 best 15.505
  step 1900/1999 best 15.562
  step 1950/1999 best 15.431
saved SBC_CHAINS_cnn_vmim__n1_seed_s4_sim247_row233918_noise2218_2397_2576 (240000, 4) acc=0.119
  step 0/1999 best -22.504
  step 50/1999 best -0.660
  step 100/1999 best 2.938
  step 150/1999 best 7.968
  step 200/1999 best 14.939
  step 250/1999 best 15.098
  step 300/1999 best 15.807
  step 350/1999 best 16.094
  step 400/1999 best 16.142
  step 450/1999 best 15.914
  step 500/1999 best 15.896
  step 550/1999 best 16.216
  step 600/1999 best 16.293
  step 650/1999 best 16.003
  step 700/1999 best 16.315
  step 750/1999 best 16.182
  step 800/1999 best 16.296
  step 850/1999 best 16.164
  step 900/1999 best 16.092
  step 950/1999 best 16.208
  step 1000/1999 best 16.242
  step 1050/1999 best 16.172
  step 1100/1999 best 16.159
  step 1150/1999 best 16.272
  step 1200/1999 best 16.288
  step 1250/1999 best 16.278
  step 1300/1999 best 16.306
  step 1350/1999 best 16.251
  step 1400/1999 best 16.140
  step 1450/1999 best 16.208
  step 1500/1999 best 16.265
  step 1550/1999 best 16.220
  step 1600/1999 best 16.241
  step 1650/1999 best 16.269
  step 1700/1999 best 16.085
  step 1750/1999 best 16.217
  step 1800/1999 best 16.273
  step 1850/1999 best 16.292
  step 1900/1999 best 16.255
  step 1950/1999 best 16.303
saved SBC_CHAINS_cnn_vmim__n1_seed_s4_sim442_row420755_noise495_674_853 (240000, 4) acc=0.226
  step 0/1999 best -19.829
  step 50/1999 best 13.516
  step 100/1999 best 15.642
  step 150/1999 best 16.812
  step 200/1999 best 15.976
  step 250/1999 best 15.745
  step 300/1999 best 16.716
  step 350/1999 best 16.969
  step 400/1999 best 16.463
  step 450/1999 best 16.850
  step 500/1999 best 16.980
  step 550/1999 best 16.989
  step 600/1999 best 16.795
  step 650/1999 best 16.962
  step 700/1999 best 17.080
  step 750/1999 best 17.100
  step 800/1999 best 17.115
  step 850/1999 best 17.015
  step 900/1999 best 16.730
  step 950/1999 best 16.931
  step 1000/1999 best 16.938
  step 1050/1999 best 17.003
  step 1100/1999 best 17.014
  step 1150/1999 best 16.790
  step 1200/1999 best 16.849
  step 1250/1999 best 17.110
  step 1300/1999 best 16.996
  step 1350/1999 best 16.951
  step 1400/1999 best 17.134
  step 1450/1999 best 17.027
  step 1500/1999 best 17.033
  step 1550/1999 best 17.003
  step 1600/1999 best 16.960
  step 1650/1999 best 16.783
  step 1700/1999 best 16.817
  step 1750/1999 best 16.973
  step 1800/1999 best 16.941
  step 1850/1999 best 17.041
  step 1900/1999 best 16.749
  step 1950/1999 best 17.066
saved SBC_CHAINS_cnn_vmim__n1_seed_s4_sim262_row248674_noise7146_7325_7504 (240000, 4) acc=0.122
  step 0/1999 best -18.216
  step 50/1999 best 11.561
  step 100/1999 best 10.508
  step 150/1999 best 10.508
  step 200/1999 best 11.689
  step 250/1999 best 13.247
  step 300/1999 best 13.332
  step 350/1999 best 13.332
  step 400/1999 best 14.924
  step 450/1999 best 15.368
  step 500/1999 best 15.732
  step 550/1999 best 16.207
  step 600/1999 best 16.207
  step 650/1999 best 16.002
  step 700/1999 best 15.964
  step 750/1999 best 16.180
  step 800/1999 best 15.537
  step 850/1999 best 15.549
  step 900/1999 best 15.673
  step 950/1999 best 15.837
  step 1000/1999 best 15.977
  step 1050/1999 best 16.164
  step 1100/1999 best 15.738
  step 1150/1999 best 16.281
  step 1200/1999 best 16.383
  step 1250/1999 best 16.003
  step 1300/1999 best 16.093
  step 1350/1999 best 16.250
  step 1400/1999 best 16.236
  step 1450/1999 best 16.182
  step 1500/1999 best 15.943
  step 1550/1999 best 16.089
  step 1600/1999 best 16.331
  step 1650/1999 best 15.964
  step 1700/1999 best 16.341
  step 1750/1999 best 16.150
  step 1800/1999 best 16.298
  step 1850/1999 best 16.264
  step 1900/1999 best 16.147
  step 1950/1999 best 15.958
saved SBC_CHAINS_cnn_vmim__n1_seed_s4_sim170_row161030_noise2954_3133_3312 (240000, 4) acc=0.132
  step 0/1999 best -19.331
  step 50/1999 best -2.981
  step 100/1999 best -0.625
  step 150/1999 best 1.459
  step 200/1999 best 3.943
  step 250/1999 best 10.836
  step 300/1999 best 13.601
  step 350/1999 best 13.601
  step 400/1999 best 14.552
  step 450/1999 best 14.552
  step 500/1999 best 14.208
  step 550/1999 best 14.859
  step 600/1999 best 14.807
  step 650/1999 best 15.130
  step 700/1999 best 15.161
  step 750/1999 best 15.011
  step 800/1999 best 14.981
  step 850/1999 best 14.991
  step 900/1999 best 14.622
  step 950/1999 best 14.620
  step 1000/1999 best 14.841
  step 1050/1999 best 14.857
  step 1100/1999 best 14.936
  step 1150/1999 best 14.848
  step 1200/1999 best 14.810
  step 1250/1999 best 15.030
  step 1300/1999 best 14.989
  step 1350/1999 best 14.701
  step 1400/1999 best 14.833
  step 1450/1999 best 14.861
  step 1500/1999 best 14.711
  step 1550/1999 best 14.985
  step 1600/1999 best 15.103
  step 1650/1999 best 15.040
  step 1700/1999 best 15.145
  step 1750/1999 best 15.066
  step 1800/1999 best 14.929
  step 1850/1999 best 15.070
  step 1900/1999 best 15.092
  step 1950/1999 best 14.987
saved SBC_CHAINS_cnn_vmim__n1_seed_s4_sim2043_row1653035_noise8639_8818_8997 (240000, 4) acc=0.199
  step 0/1999 best -20.854
  step 50/1999 best 6.578
  step 100/1999 best 14.643
  step 150/1999 best 14.643
  step 200/1999 best 11.601
  step 250/1999 best 12.575
  step 300/1999 best 13.403
  step 350/1999 best 13.499
  step 400/1999 best 15.115
  step 450/1999 best 15.052
  step 500/1999 best 15.087
  step 550/1999 best 15.566
  step 600/1999 best 15.464
  step 650/1999 best 15.509
  step 700/1999 best 15.204
  step 750/1999 best 15.456
  step 800/1999 best 15.543
  step 850/1999 best 15.126
  step 900/1999 best 15.430
  step 950/1999 best 15.512
  step 1000/1999 best 15.017
  step 1050/1999 best 15.237
  step 1100/1999 best 15.440
  step 1150/1999 best 15.297
  step 1200/1999 best 15.573
  step 1250/1999 best 15.452
  step 1300/1999 best 15.552
  step 1350/1999 best 15.594
  step 1400/1999 best 15.535
  step 1450/1999 best 15.515
  step 1500/1999 best 15.494
  step 1550/1999 best 15.269
  step 1600/1999 best 15.310
  step 1650/1999 best 14.954
  step 1700/1999 best 15.612
  step 1750/1999 best 15.241
  step 1800/1999 best 15.447
  step 1850/1999 best 15.340
  step 1900/1999 best 15.438
  step 1950/1999 best 15.619
saved SBC_CHAINS_cnn_vmim__n1_seed_s4_sim958_row907886_noise5570_5749_5928 (240000, 4) acc=0.146
  step 0/1999 best -22.329
  step 50/1999 best 1.836
  step 100/1999 best 7.748
  step 150/1999 best 15.210
  step 200/1999 best 14.464
  step 250/1999 best 15.822
  step 300/1999 best 15.982
  step 350/1999 best 16.055
  step 400/1999 best 16.019
  step 450/1999 best 15.696
  step 500/1999 best 16.066
  step 550/1999 best 15.905
  step 600/1999 best 16.003
  step 650/1999 best 16.016
  step 700/1999 best 15.979
  step 750/1999 best 15.848
  step 800/1999 best 15.925
  step 850/1999 best 16.049
  step 900/1999 best 15.974
  step 950/1999 best 16.026
  step 1000/1999 best 15.919
  step 1050/1999 best 15.781
  step 1100/1999 best 15.930
  step 1150/1999 best 15.973
  step 1200/1999 best 16.087
  step 1250/1999 best 15.913
  step 1300/1999 best 15.930
  step 1350/1999 best 15.921
  step 1400/1999 best 16.002
  step 1450/1999 best 16.064
  step 1500/1999 best 16.078
  step 1550/1999 best 16.049
  step 1600/1999 best 15.992
  step 1650/1999 best 15.901
  step 1700/1999 best 16.016
  step 1750/1999 best 15.946
  step 1800/1999 best 15.812
  step 1850/1999 best 15.870
  step 1900/1999 best 15.950
  step 1950/1999 best 16.004
saved SBC_CHAINS_cnn_vmim__n1_seed_s4_sim424_row402884_noise2280_2459_2638 (240000, 4) acc=0.228
  step 0/1999 best -22.618
  step 50/1999 best 0.270
  step 100/1999 best 11.009
  step 150/1999 best 13.655
  step 200/1999 best 13.914
  step 250/1999 best 13.947
  step 300/1999 best 13.930
  step 350/1999 best 13.990
  step 400/1999 best 14.285
  step 450/1999 best 14.105
  step 500/1999 best 14.100
  step 550/1999 best 14.362
  step 600/1999 best 14.218
  step 650/1999 best 14.263
  step 700/1999 best 14.232
  step 750/1999 best 14.317
  step 800/1999 best 14.261
  step 850/1999 best 14.225
  step 900/1999 best 14.370
  step 950/1999 best 14.244
  step 1000/1999 best 14.240
  step 1050/1999 best 14.221
  step 1100/1999 best 14.193
  step 1150/1999 best 14.147
  step 1200/1999 best 14.374
  step 1250/1999 best 14.295
  step 1300/1999 best 14.327
  step 1350/1999 best 14.312
  step 1400/1999 best 14.307
  step 1450/1999 best 14.301
  step 1500/1999 best 14.329
  step 1550/1999 best 14.091
  step 1600/1999 best 14.102
  step 1650/1999 best 14.246
  step 1700/1999 best 14.350
  step 1750/1999 best 14.180
  step 1800/1999 best 14.240
  step 1850/1999 best 14.323
  step 1900/1999 best 14.270
  step 1950/1999 best 14.238
saved SBC_CHAINS_cnn_vmim__n1_seed_s4_sim907_row856033_noise2857_3036_3215 (240000, 4) acc=0.214
  step 0/1999 best -16.542
  step 50/1999 best -0.261
  step 100/1999 best 4.973
  step 150/1999 best 10.246
  step 200/1999 best 11.043
  step 250/1999 best 12.440
  step 300/1999 best 13.065
  step 350/1999 best 13.588
  step 400/1999 best 13.571
  step 450/1999 best 13.689
  step 500/1999 best 13.386
  step 550/1999 best 13.681
  step 600/1999 best 13.774
  step 650/1999 best 13.634
  step 700/1999 best 13.739
  step 750/1999 best 13.685
  step 800/1999 best 13.831
  step 850/1999 best 13.732
  step 900/1999 best 13.642
  step 950/1999 best 13.760
  step 1000/1999 best 13.652
  step 1050/1999 best 13.702
  step 1100/1999 best 13.462
  step 1150/1999 best 13.823
  step 1200/1999 best 13.798
  step 1250/1999 best 13.676
  step 1300/1999 best 13.807
  step 1350/1999 best 13.766
  step 1400/1999 best 13.732
  step 1450/1999 best 13.821
  step 1500/1999 best 13.758
  step 1550/1999 best 13.806
  step 1600/1999 best 13.771
  step 1650/1999 best 13.528
  step 1700/1999 best 13.802
  step 1750/1999 best 13.740
  step 1800/1999 best 13.692
  step 1850/1999 best 13.776
  step 1900/1999 best 13.686
  step 1950/1999 best 13.675
saved SBC_CHAINS_cnn_vmim__n1_seed_s4_sim2548_row2147065_noise2613_2792_2971 (240000, 4) acc=0.212
  step 0/1999 best -24.488
  step 50/1999 best 9.675
  step 100/1999 best 11.343
  step 150/1999 best 13.279
  step 200/1999 best 16.455
  step 250/1999 best 16.547
  step 300/1999 best 16.887
  step 350/1999 best 16.674
  step 400/1999 best 16.540
  step 450/1999 best 17.129
  step 500/1999 best 16.574
  step 550/1999 best 16.883
  step 600/1999 best 17.000
  step 650/1999 best 17.070
  step 700/1999 best 17.063
  step 750/1999 best 17.021
  step 800/1999 best 17.104
  step 850/1999 best 17.042
  step 900/1999 best 17.007
  step 950/1999 best 17.053
  step 1000/1999 best 17.139
  step 1050/1999 best 17.125
  step 1100/1999 best 17.055
  step 1150/1999 best 17.080
  step 1200/1999 best 17.046
  step 1250/1999 best 17.000
  step 1300/1999 best 17.004
  step 1350/1999 best 17.045
  step 1400/1999 best 17.034
  step 1450/1999 best 17.092
  step 1500/1999 best 17.062
  step 1550/1999 best 17.194
  step 1600/1999 best 17.127
  step 1650/1999 best 17.131
  step 1700/1999 best 17.002
  step 1750/1999 best 17.177
  step 1800/1999 best 17.092
  step 1850/1999 best 16.964
  step 1900/1999 best 17.057
  step 1950/1999 best 17.007
saved SBC_CHAINS_cnn_vmim__n1_seed_s4_sim1268_row1086094_noise282_461_640 (240000, 4) acc=0.192
  step 0/1999 best -12.734
  step 50/1999 best -9.875
  step 100/1999 best -6.230
  step 150/1999 best -5.849
  step 200/1999 best -4.545
  step 250/1999 best -1.779
  step 300/1999 best 1.234
  step 350/1999 best 3.797
  step 400/1999 best 3.553
  step 450/1999 best 6.983
  step 500/1999 best 8.061
  step 550/1999 best 8.061
  step 600/1999 best 12.306
  step 650/1999 best 11.788
  step 700/1999 best 13.100
  step 750/1999 best 11.467
  step 800/1999 best 11.031
  step 850/1999 best 13.701
  step 900/1999 best 14.245
  step 950/1999 best 15.537
  step 1000/1999 best 12.469
  step 1050/1999 best 12.765
  step 1100/1999 best 14.209
  step 1150/1999 best 14.804
  step 1200/1999 best 15.081
  step 1250/1999 best 14.851
  step 1300/1999 best 15.594
  step 1350/1999 best 15.209
  step 1400/1999 best 14.686
  step 1450/1999 best 15.592
  step 1500/1999 best 15.502
  step 1550/1999 best 15.497
  step 1600/1999 best 15.660
  step 1650/1999 best 15.745
  step 1700/1999 best 15.535
  step 1750/1999 best 15.295
  step 1800/1999 best 15.580
  step 1850/1999 best 15.661
  step 1900/1999 best 15.683
  step 1950/1999 best 15.461
saved SBC_CHAINS_cnn_vmim__n1_seed_s4_sim92_row91923_noise4471_4650_4829 (240000, 4) acc=0.201
  step 0/1999 best -20.279
  step 50/1999 best -5.913
  step 100/1999 best -2.745
  step 150/1999 best 2.740
  step 200/1999 best 7.276
  step 250/1999 best 9.289
  step 300/1999 best 7.945
  step 350/1999 best 14.465
  step 400/1999 best 14.281
  step 450/1999 best 14.476
  step 500/1999 best 15.216
  step 550/1999 best 15.084
  step 600/1999 best 15.309
  step 650/1999 best 15.344
  step 700/1999 best 15.447
  step 750/1999 best 15.327
  step 800/1999 best 15.406
  step 850/1999 best 15.240
  step 900/1999 best 15.324
  step 950/1999 best 15.478
  step 1000/1999 best 15.416
  step 1050/1999 best 15.246
  step 1100/1999 best 15.135
  step 1150/1999 best 15.409
  step 1200/1999 best 15.510
  step 1250/1999 best 15.361
  step 1300/1999 best 15.285
  step 1350/1999 best 15.213
  step 1400/1999 best 15.546
  step 1450/1999 best 15.461
  step 1500/1999 best 15.238
  step 1550/1999 best 15.465
  step 1600/1999 best 15.296
  step 1650/1999 best 15.489
  step 1700/1999 best 15.460
  step 1750/1999 best 15.537
  step 1800/1999 best 15.154
  step 1850/1999 best 15.425
  step 1900/1999 best 15.295
  step 1950/1999 best 15.284
saved SBC_CHAINS_cnn_vmim__n1_seed_s4_sim326_row312205_noise1881_2060_2239 (240000, 4) acc=0.154
  step 0/1999 best -19.522
  step 50/1999 best 2.229
  step 100/1999 best 13.688
  step 150/1999 best 16.221
  step 200/1999 best 16.471
  step 250/1999 best 16.580
  step 300/1999 best 16.502
  step 350/1999 best 16.504
  step 400/1999 best 16.553
  step 450/1999 best 16.587
  step 500/1999 best 16.611
  step 550/1999 best 16.495
  step 600/1999 best 16.539
  step 650/1999 best 16.232
  step 700/1999 best 16.468
  step 750/1999 best 16.542
  step 800/1999 best 16.544
  step 850/1999 best 16.494
  step 900/1999 best 16.605
  step 950/1999 best 16.564
  step 1000/1999 best 16.518
  step 1050/1999 best 16.431
  step 1100/1999 best 16.499
  step 1150/1999 best 16.524
  step 1200/1999 best 16.479
  step 1250/1999 best 16.547
  step 1300/1999 best 16.415
  step 1350/1999 best 16.520
  step 1400/1999 best 16.414
  step 1450/1999 best 16.288
  step 1500/1999 best 16.404
  step 1550/1999 best 16.480
  step 1600/1999 best 16.456
  step 1650/1999 best 16.453
  step 1700/1999 best 16.440
  step 1750/1999 best 16.583
  step 1800/1999 best 16.460
  step 1850/1999 best 16.393
  step 1900/1999 best 16.524
  step 1950/1999 best 16.511
saved SBC_CHAINS_cnn_vmim__n1_seed_s4_sim1521_row1298364_noise7852_8031_8210 (240000, 4) acc=0.261
  step 0/1999 best -19.147
  step 50/1999 best 4.609
  step 100/1999 best 5.204
  step 150/1999 best 12.764
  step 200/1999 best 12.764
  step 250/1999 best 12.764
  step 300/1999 best 12.548
  step 350/1999 best 11.585
  step 400/1999 best 12.196
  step 450/1999 best 11.769
  step 500/1999 best 13.089
  step 550/1999 best 12.414
  step 600/1999 best 12.810
  step 650/1999 best 12.962
  step 700/1999 best 13.210
  step 750/1999 best 13.146
  step 800/1999 best 13.027
  step 850/1999 best 13.068
  step 900/1999 best 12.937
  step 950/1999 best 13.089
  step 1000/1999 best 12.956
  step 1050/1999 best 13.245
  step 1100/1999 best 13.139
  step 1150/1999 best 13.075
  step 1200/1999 best 13.078
  step 1250/1999 best 13.116
  step 1300/1999 best 13.115
  step 1350/1999 best 13.097
  step 1400/1999 best 13.214
  step 1450/1999 best 13.081
  step 1500/1999 best 13.097
  step 1550/1999 best 12.987
  step 1600/1999 best 13.162
  step 1650/1999 best 13.008
  step 1700/1999 best 12.997
  step 1750/1999 best 12.870
  step 1800/1999 best 12.994
  step 1850/1999 best 13.254
  step 1900/1999 best 12.926
  step 1950/1999 best 12.753
saved SBC_CHAINS_cnn_vmim__n1_seed_s4_sim3106_row2701949_noise1301_1480_1659 (240000, 4) acc=0.265
  step 0/1999 best -18.892
  step 50/1999 best 7.493
  step 100/1999 best 9.686
  step 150/1999 best 10.795
  step 200/1999 best 12.512
  step 250/1999 best 13.508
  step 300/1999 best 14.391
  step 350/1999 best 15.041
  step 400/1999 best 14.576
  step 450/1999 best 15.298
  step 500/1999 best 15.253
  step 550/1999 best 15.242
  step 600/1999 best 15.359
  step 650/1999 best 15.182
  step 700/1999 best 15.200
  step 750/1999 best 15.248
  step 800/1999 best 15.353
  step 850/1999 best 15.430
  step 900/1999 best 15.378
  step 950/1999 best 14.973
  step 1000/1999 best 15.286
  step 1050/1999 best 15.387
  step 1100/1999 best 15.474
  step 1150/1999 best 15.439
  step 1200/1999 best 15.363
  step 1250/1999 best 15.495
  step 1300/1999 best 15.193
  step 1350/1999 best 15.345
  step 1400/1999 best 15.279
  step 1450/1999 best 15.293
  step 1500/1999 best 15.450
  step 1550/1999 best 15.486
  step 1600/1999 best 15.401
  step 1650/1999 best 15.397
  step 1700/1999 best 15.400
  step 1750/1999 best 15.390
  step 1800/1999 best 15.380
  step 1850/1999 best 15.232
  step 1900/1999 best 15.433
  step 1950/1999 best 15.317
saved SBC_CHAINS_cnn_vmim__n1_seed_s4_sim1417_row1199216_noise1984_2163_2342 (240000, 4) acc=0.155
  step 0/1999 best -22.334
  step 50/1999 best -3.608
  step 100/1999 best 1.563
  step 150/1999 best 3.256
  step 200/1999 best 5.543
  step 250/1999 best 12.784
  step 300/1999 best 14.234
  step 350/1999 best 15.330
  step 400/1999 best 16.537
  step 450/1999 best 16.897
  step 500/1999 best 16.577
  step 550/1999 best 16.577
  step 600/1999 best 16.705
  step 650/1999 best 16.726
  step 700/1999 best 15.864
  step 750/1999 best 16.656
  step 800/1999 best 16.426
  step 850/1999 best 16.816
  step 900/1999 best 16.370
  step 950/1999 best 16.683
  step 1000/1999 best 16.505
  step 1050/1999 best 16.551
  step 1100/1999 best 16.882
  step 1150/1999 best 16.860
  step 1200/1999 best 16.792
  step 1250/1999 best 16.727
  step 1300/1999 best 16.809
  step 1350/1999 best 16.876
  step 1400/1999 best 16.893
  step 1450/1999 best 16.841
  step 1500/1999 best 16.736
  step 1550/1999 best 16.884
  step 1600/1999 best 16.903
  step 1650/1999 best 16.626
  step 1700/1999 best 16.856
  step 1750/1999 best 16.918
  step 1800/1999 best 16.796
  step 1850/1999 best 16.627
  step 1900/1999 best 16.777
  step 1950/1999 best 16.551
saved SBC_CHAINS_cnn_vmim__n1_seed_s4_sim1270_row1088444_noise2632_2811_2990 (240000, 4) acc=0.141
  step 0/1999 best -15.870
  step 50/1999 best 3.868
  step 100/1999 best 4.848
  step 150/1999 best 10.010
  step 200/1999 best 13.739
  step 250/1999 best 14.196
  step 300/1999 best 14.250
  step 350/1999 best 14.185
  step 400/1999 best 13.400
  step 450/1999 best 13.991
  step 500/1999 best 14.115
  step 550/1999 best 14.033
  step 600/1999 best 14.196
  step 650/1999 best 14.081
  step 700/1999 best 14.168
  step 750/1999 best 13.987
  step 800/1999 best 14.150
  step 850/1999 best 14.104
  step 900/1999 best 14.217
  step 950/1999 best 14.052
  step 1000/1999 best 13.937
  step 1050/1999 best 14.285
  step 1100/1999 best 14.105
  step 1150/1999 best 14.312
  step 1200/1999 best 13.749
  step 1250/1999 best 14.053
  step 1300/1999 best 13.755
  step 1350/1999 best 13.957
  step 1400/1999 best 14.169
  step 1450/1999 best 14.225
  step 1500/1999 best 13.978
  step 1550/1999 best 14.140
  step 1600/1999 best 13.836
  step 1650/1999 best 14.075
  step 1700/1999 best 13.943
  step 1750/1999 best 14.121
  step 1800/1999 best 14.051
  step 1850/1999 best 14.168
  step 1900/1999 best 14.250
  step 1950/1999 best 13.903
saved SBC_CHAINS_cnn_vmim__n1_seed_s4_sim3002_row2597802_noise5262_5441_5620 (240000, 4) acc=0.269
  step 0/1999 best -8.574
  step 50/1999 best 3.548
  step 100/1999 best 10.355
  step 150/1999 best 14.591
  step 200/1999 best 14.516
  step 250/1999 best 15.232
  step 300/1999 best 15.345
  step 350/1999 best 15.488
  step 400/1999 best 15.706
  step 450/1999 best 15.525
  step 500/1999 best 15.688
  step 550/1999 best 15.649
  step 600/1999 best 15.372
  step 650/1999 best 15.479
  step 700/1999 best 15.645
  step 750/1999 best 15.431
  step 800/1999 best 15.586
  step 850/1999 best 15.546
  step 900/1999 best 15.621
  step 950/1999 best 15.589
  step 1000/1999 best 15.632
  step 1050/1999 best 15.407
  step 1100/1999 best 15.422
  step 1150/1999 best 15.670
  step 1200/1999 best 15.631
  step 1250/1999 best 15.505
  step 1300/1999 best 15.643
  step 1350/1999 best 15.535
  step 1400/1999 best 15.563
  step 1450/1999 best 15.639
  step 1500/1999 best 15.624
  step 1550/1999 best 15.462
  step 1600/1999 best 15.642
  step 1650/1999 best 15.647
  step 1700/1999 best 15.472
  step 1750/1999 best 15.541
  step 1800/1999 best 15.388
  step 1850/1999 best 15.529
  step 1900/1999 best 15.665
  step 1950/1999 best 15.615
saved SBC_CHAINS_cnn_vmim__n1_seed_s4_sim283_row269479_noise8295_8474_8653 (240000, 4) acc=0.264
  step 0/1999 best -21.669
  step 50/1999 best 2.015
  step 100/1999 best 10.637
  step 150/1999 best 11.128
  step 200/1999 best 12.764
  step 250/1999 best 12.245
  step 300/1999 best 12.227
  step 350/1999 best 12.121
  step 400/1999 best 12.708
  step 450/1999 best 12.852
  step 500/1999 best 12.829
  step 550/1999 best 12.489
  step 600/1999 best 12.770
  step 650/1999 best 12.840
  step 700/1999 best 12.778
  step 750/1999 best 12.802
  step 800/1999 best 12.905
  step 850/1999 best 12.868
  step 900/1999 best 12.618
  step 950/1999 best 12.863
  step 1000/1999 best 12.732
  step 1050/1999 best 12.560
  step 1100/1999 best 12.719
  step 1150/1999 best 12.673
  step 1200/1999 best 12.333
  step 1250/1999 best 12.637
  step 1300/1999 best 12.822
  step 1350/1999 best 12.898
  step 1400/1999 best 12.703
  step 1450/1999 best 12.897
  step 1500/1999 best 12.840
  step 1550/1999 best 12.726
  step 1600/1999 best 12.943
  step 1650/1999 best 12.820
  step 1700/1999 best 12.407
  step 1750/1999 best 12.875
  step 1800/1999 best 12.614
  step 1850/1999 best 12.913
  step 1900/1999 best 12.642
  step 1950/1999 best 12.652
saved SBC_CHAINS_cnn_vmim__n1_seed_s4_sim681_row632169_noise3037_3216_3395 (240000, 4) acc=0.152
  step 0/1999 best -18.278
  step 50/1999 best 12.097
  step 100/1999 best 17.105
  step 150/1999 best 16.759
  step 200/1999 best 17.125
  step 250/1999 best 17.116
  step 300/1999 best 16.856
  step 350/1999 best 17.135
  step 400/1999 best 17.125
  step 450/1999 best 17.136
  step 500/1999 best 17.051
  step 550/1999 best 17.079
  step 600/1999 best 17.031
  step 650/1999 best 17.218
  step 700/1999 best 17.191
  step 750/1999 best 17.126
  step 800/1999 best 17.170
  step 850/1999 best 17.058
  step 900/1999 best 17.081
  step 950/1999 best 17.106
  step 1000/1999 best 17.229
  step 1050/1999 best 17.196
  step 1100/1999 best 17.180
  step 1150/1999 best 17.125
  step 1200/1999 best 17.191
  step 1250/1999 best 16.905
  step 1300/1999 best 17.247
  step 1350/1999 best 16.998
  step 1400/1999 best 17.146
  step 1450/1999 best 17.061
  step 1500/1999 best 16.952
  step 1550/1999 best 17.107
  step 1600/1999 best 17.217
  step 1650/1999 best 17.177
  step 1700/1999 best 17.106
  step 1750/1999 best 17.164
  step 1800/1999 best 17.139
  step 1850/1999 best 17.033
  step 1900/1999 best 17.183
  step 1950/1999 best 17.168
saved SBC_CHAINS_cnn_vmim__n1_seed_s4_sim1370_row1178695_noise4603_4782_4961 (240000, 4) acc=0.297
  step 0/1999 best -18.911
  step 50/1999 best -8.305
  step 100/1999 best -2.350
  step 150/1999 best -2.671
  step 200/1999 best -2.435
  step 250/1999 best -1.600
  step 300/1999 best -0.360
  step 350/1999 best 1.054
  step 400/1999 best 2.232
  step 450/1999 best 10.915
  step 500/1999 best 11.763
  step 550/1999 best 13.799
  step 600/1999 best 14.047
  step 650/1999 best 14.115
  step 700/1999 best 14.283
  step 750/1999 best 14.054
  step 800/1999 best 13.552
  step 850/1999 best 13.896
  step 900/1999 best 14.149
  step 950/1999 best 14.372
  step 1000/1999 best 14.313
  step 1050/1999 best 14.227
  step 1100/1999 best 14.447
  step 1150/1999 best 14.432
  step 1200/1999 best 14.417
  step 1250/1999 best 14.554
  step 1300/1999 best 14.140
  step 1350/1999 best 14.484
  step 1400/1999 best 14.472
  step 1450/1999 best 14.418
  step 1500/1999 best 14.142
  step 1550/1999 best 14.659
  step 1600/1999 best 14.655
  step 1650/1999 best 14.555
  step 1700/1999 best 14.477
  step 1750/1999 best 14.647
  step 1800/1999 best 14.178
  step 1850/1999 best 14.523
  step 1900/1999 best 14.536
  step 1950/1999 best 14.344
saved SBC_CHAINS_cnn_vmim__n1_seed_s4_sim2986_row2581118_noise8234_8413_8592 (240000, 4) acc=0.156
  step 0/1999 best -15.522
  step 50/1999 best -3.610
  step 100/1999 best 5.943
  step 150/1999 best 11.874
  step 200/1999 best 13.228
  step 250/1999 best 13.357
  step 300/1999 best 13.673
  step 350/1999 best 13.912
  step 400/1999 best 14.777
  step 450/1999 best 14.969
  step 500/1999 best 14.737
  step 550/1999 best 14.462
  step 600/1999 best 15.092
  step 650/1999 best 14.515
  step 700/1999 best 14.921
  step 750/1999 best 14.562
  step 800/1999 best 14.933
  step 850/1999 best 15.093
  step 900/1999 best 14.604
  step 950/1999 best 15.020
  step 1000/1999 best 14.949
  step 1050/1999 best 14.816
  step 1100/1999 best 14.656
  step 1150/1999 best 15.053
  step 1200/1999 best 14.932
  step 1250/1999 best 14.831
  step 1300/1999 best 15.121
  step 1350/1999 best 14.923
  step 1400/1999 best 15.187
  step 1450/1999 best 15.092
  step 1500/1999 best 14.690
  step 1550/1999 best 15.087
  step 1600/1999 best 14.966
  step 1650/1999 best 15.122
  step 1700/1999 best 14.922
  step 1750/1999 best 15.028
  step 1800/1999 best 14.939
  step 1850/1999 best 15.068
  step 1900/1999 best 14.771
  step 1950/1999 best 14.910
saved SBC_CHAINS_cnn_vmim__n1_seed_s4_sim638_row591665_noise9673_24_203 (240000, 4) acc=0.114
  step 0/1999 best -16.519
  step 50/1999 best 10.981
  step 100/1999 best 13.509
  step 150/1999 best 14.775
  step 200/1999 best 14.785
  step 250/1999 best 15.127
  step 300/1999 best 15.185
  step 350/1999 best 15.317
  step 400/1999 best 15.238
  step 450/1999 best 15.429
  step 500/1999 best 15.200
  step 550/1999 best 15.244
  step 600/1999 best 15.329
  step 650/1999 best 15.422
  step 700/1999 best 15.275
  step 750/1999 best 15.449
  step 800/1999 best 15.394
  step 850/1999 best 15.339
  step 900/1999 best 15.182
  step 950/1999 best 15.403
  step 1000/1999 best 15.387
  step 1050/1999 best 15.441
  step 1100/1999 best 15.340
  step 1150/1999 best 15.438
  step 1200/1999 best 15.247
  step 1250/1999 best 15.418
  step 1300/1999 best 15.342
  step 1350/1999 best 15.361
  step 1400/1999 best 15.364
  step 1450/1999 best 15.356
  step 1500/1999 best 15.323
  step 1550/1999 best 15.372
  step 1600/1999 best 15.351
  step 1650/1999 best 15.443
  step 1700/1999 best 15.323
  step 1750/1999 best 15.354
  step 1800/1999 best 15.178
  step 1850/1999 best 15.362
  step 1900/1999 best 15.457
  step 1950/1999 best 15.343
saved SBC_CHAINS_cnn_vmim__n1_seed_s4_sim895_row844856_noise1508_1687_1866 (240000, 4) acc=0.213
  step 0/1999 best -17.906
  step 50/1999 best 12.009
  step 100/1999 best 11.802
  step 150/1999 best 13.307
  step 200/1999 best 15.000
  step 250/1999 best 14.739
  step 300/1999 best 15.321
  step 350/1999 best 15.243
  step 400/1999 best 15.660
  step 450/1999 best 15.636
  step 500/1999 best 15.664
  step 550/1999 best 15.697
  step 600/1999 best 15.532
  step 650/1999 best 15.834
  step 700/1999 best 15.574
  step 750/1999 best 15.738
  step 800/1999 best 15.654
  step 850/1999 best 15.577
  step 900/1999 best 15.706
  step 950/1999 best 15.647
  step 1000/1999 best 15.597
  step 1050/1999 best 15.753
  step 1100/1999 best 15.728
  step 1150/1999 best 15.737
  step 1200/1999 best 15.599
  step 1250/1999 best 15.768
  step 1300/1999 best 15.866
  step 1350/1999 best 15.600
  step 1400/1999 best 15.470
  step 1450/1999 best 15.756
  step 1500/1999 best 15.568
  step 1550/1999 best 15.632
  step 1600/1999 best 15.668
  step 1650/1999 best 15.828
  step 1700/1999 best 15.773
  step 1750/1999 best 15.689
  step 1800/1999 best 15.829
  step 1850/1999 best 15.793
  step 1900/1999 best 15.696
  step 1950/1999 best 15.723
saved SBC_CHAINS_cnn_vmim__n1_seed_s4_sim1936_row1547242_noise126_305_484 (240000, 4) acc=0.135
  step 0/1999 best -21.168
  step 50/1999 best 3.568
  step 100/1999 best 13.090
  step 150/1999 best 14.465
  step 200/1999 best 14.345
  step 250/1999 best 14.413
  step 300/1999 best 14.882
  step 350/1999 best 14.850
  step 400/1999 best 14.765
  step 450/1999 best 14.545
  step 500/1999 best 14.785
  step 550/1999 best 15.067
  step 600/1999 best 14.628
  step 650/1999 best 14.674
  step 700/1999 best 14.900
  step 750/1999 best 14.967
  step 800/1999 best 14.925
  step 850/1999 best 14.975
  step 900/1999 best 15.023
  step 950/1999 best 14.950
  step 1000/1999 best 14.927
  step 1050/1999 best 15.033
  step 1100/1999 best 14.787
  step 1150/1999 best 14.809
  step 1200/1999 best 15.054
  step 1250/1999 best 14.983
  step 1300/1999 best 14.924
  step 1350/1999 best 14.834
  step 1400/1999 best 15.046
  step 1450/1999 best 14.931
  step 1500/1999 best 15.043
  step 1550/1999 best 15.054
  step 1600/1999 best 14.967
  step 1650/1999 best 14.951
  step 1700/1999 best 14.962
  step 1750/1999 best 14.997
  step 1800/1999 best 14.916
  step 1850/1999 best 14.826
  step 1900/1999 best 14.963
  step 1950/1999 best 15.039
saved SBC_CHAINS_cnn_vmim__n1_seed_s4_sim752_row701942_noise6014_6193_6372 (240000, 4) acc=0.146
  step 0/1999 best -9.663
  step 50/1999 best -2.461
  step 100/1999 best 4.750
  step 150/1999 best 6.907
  step 200/1999 best 9.916
  step 250/1999 best 11.765
  step 300/1999 best 10.670
  step 350/1999 best 12.288
  step 400/1999 best 13.712
  step 450/1999 best 13.560
  step 500/1999 best 13.599
  step 550/1999 best 14.380
  step 600/1999 best 14.193
  step 650/1999 best 14.102
  step 700/1999 best 14.289
  step 750/1999 best 14.412
  step 800/1999 best 14.709
  step 850/1999 best 14.736
  step 900/1999 best 14.610
  step 950/1999 best 14.718
  step 1000/1999 best 13.897
  step 1050/1999 best 14.490
  step 1100/1999 best 14.654
  step 1150/1999 best 14.479
  step 1200/1999 best 14.588
  step 1250/1999 best 14.856
  step 1300/1999 best 14.876
  step 1350/1999 best 14.776
  step 1400/1999 best 14.787
  step 1450/1999 best 14.713
  step 1500/1999 best 14.578
  step 1550/1999 best 14.382
  step 1600/1999 best 14.695
  step 1650/1999 best 14.720
  step 1700/1999 best 14.599
  step 1750/1999 best 14.440
  step 1800/1999 best 14.458
  step 1850/1999 best 14.689
  step 1900/1999 best 14.536
  step 1950/1999 best 14.830
saved SBC_CHAINS_cnn_vmim__n1_seed_s4_sim2913_row2508340_noise4252_4431_4610 (240000, 4) acc=0.255
  step 0/1999 best -15.790
  step 50/1999 best -8.337
  step 100/1999 best -2.618
  step 150/1999 best -3.035
  step 200/1999 best 1.629
  step 250/1999 best -0.099
  step 300/1999 best 4.854
  step 350/1999 best 5.474
  step 400/1999 best 6.911
  step 450/1999 best 8.578
  step 500/1999 best 5.687
  step 550/1999 best 10.708
  step 600/1999 best 10.668
  step 650/1999 best 8.938
  step 700/1999 best 10.066
  step 750/1999 best 10.316
  step 800/1999 best 10.316
  step 850/1999 best 10.582
  step 900/1999 best 10.569
  step 950/1999 best 10.384
  step 1000/1999 best 10.353
  step 1050/1999 best 10.634
  step 1100/1999 best 10.446
  step 1150/1999 best 10.357
  step 1200/1999 best 10.782
  step 1250/1999 best 10.566
  step 1300/1999 best 10.694
  step 1350/1999 best 10.384
  step 1400/1999 best 10.373
  step 1450/1999 best 10.927
  step 1500/1999 best 10.432
  step 1550/1999 best 10.767
  step 1600/1999 best 10.829
  step 1650/1999 best 10.832
  step 1700/1999 best 11.090
  step 1750/1999 best 11.040
  step 1800/1999 best 10.545
  step 1850/1999 best 10.443
  step 1900/1999 best 10.725
  step 1950/1999 best 11.077
saved SBC_CHAINS_cnn_vmim__n1_seed_s4_sim2845_row2440826_noise5534_5713_5892 (240000, 4) acc=0.268
  step 0/1999 best -14.464
  step 50/1999 best 8.221
  step 100/1999 best 11.407
  step 150/1999 best 10.895
  step 200/1999 best 12.209
  step 250/1999 best 11.622
  step 300/1999 best 12.311
  step 350/1999 best 12.491
  step 400/1999 best 12.160
  step 450/1999 best 12.202
  step 500/1999 best 12.361
  step 550/1999 best 12.433
  step 600/1999 best 12.296
  step 650/1999 best 12.529
  step 700/1999 best 12.199
  step 750/1999 best 12.461
  step 800/1999 best 12.400
  step 850/1999 best 12.019
  step 900/1999 best 12.330
  step 950/1999 best 12.552
  step 1000/1999 best 12.445
  step 1050/1999 best 12.538
  step 1100/1999 best 11.966
  step 1150/1999 best 12.424
  step 1200/1999 best 12.480
  step 1250/1999 best 12.543
  step 1300/1999 best 12.472
  step 1350/1999 best 12.517
  step 1400/1999 best 12.439
  step 1450/1999 best 12.411
  step 1500/1999 best 12.283
  step 1550/1999 best 12.253
  step 1600/1999 best 12.348
  step 1650/1999 best 12.406
  step 1700/1999 best 12.407
  step 1750/1999 best 12.568
  step 1800/1999 best 12.160
  step 1850/1999 best 12.286
  step 1900/1999 best 12.386
  step 1950/1999 best 12.487
saved SBC_CHAINS_cnn_vmim__n1_seed_s4_sim3007_row2602000_noise9460_9639_9818 (240000, 4) acc=0.193
  step 0/1999 best -31.003
  step 50/1999 best -8.080
  step 100/1999 best -9.164
  step 150/1999 best -5.395
  step 200/1999 best -0.110
  step 250/1999 best 2.377
  step 300/1999 best 8.259
  step 350/1999 best 11.009
  step 400/1999 best 11.517
  step 450/1999 best 10.962
  step 500/1999 best 10.962
  step 550/1999 best 11.210
  step 600/1999 best 11.500
  step 650/1999 best 11.886
  step 700/1999 best 10.995
  step 750/1999 best 11.096
  step 800/1999 best 11.312
  step 850/1999 best 12.123
  step 900/1999 best 12.163
  step 950/1999 best 12.375
  step 1000/1999 best 12.235
  step 1050/1999 best 12.241
  step 1100/1999 best 12.265
  step 1150/1999 best 11.898
  step 1200/1999 best 12.168
  step 1250/1999 best 12.362
  step 1300/1999 best 12.215
  step 1350/1999 best 12.302
  step 1400/1999 best 12.217
  step 1450/1999 best 12.261
  step 1500/1999 best 12.338
  step 1550/1999 best 12.275
  step 1600/1999 best 12.236
  step 1650/1999 best 12.076
  step 1700/1999 best 12.138
  step 1750/1999 best 12.264
  step 1800/1999 best 12.231
  step 1850/1999 best 12.162
  step 1900/1999 best 12.175
  step 1950/1999 best 12.352
saved SBC_CHAINS_cnn_vmim__n1_seed_s4_sim2518_row2117110_noise2142_2321_2500 (240000, 4) acc=0.114
  step 0/1999 best -17.967
  step 50/1999 best 6.644
  step 100/1999 best 11.238
  step 150/1999 best 14.263
  step 200/1999 best 15.777
  step 250/1999 best 16.264
  step 300/1999 best 16.161
  step 350/1999 best 16.253
  step 400/1999 best 16.056
  step 450/1999 best 16.167
  step 500/1999 best 16.076
  step 550/1999 best 16.164
  step 600/1999 best 16.046
  step 650/1999 best 16.186
  step 700/1999 best 15.998
  step 750/1999 best 16.168
  step 800/1999 best 16.107
  step 850/1999 best 16.110
  step 900/1999 best 16.141
  step 950/1999 best 16.193
  step 1000/1999 best 16.242
  step 1050/1999 best 16.139
  step 1100/1999 best 16.204
  step 1150/1999 best 16.152
  step 1200/1999 best 16.197
  step 1250/1999 best 16.013
  step 1300/1999 best 16.157
  step 1350/1999 best 16.262
  step 1400/1999 best 16.135
  step 1450/1999 best 16.147
  step 1500/1999 best 16.149
  step 1550/1999 best 16.229
  step 1600/1999 best 16.152
  step 1650/1999 best 16.172
  step 1700/1999 best 16.176
  step 1750/1999 best 16.207
  step 1800/1999 best 16.080
  step 1850/1999 best 16.197
  step 1900/1999 best 16.035
  step 1950/1999 best 16.162
saved SBC_CHAINS_cnn_vmim__n1_seed_s4_sim1981_row1592656_noise6228_6407_6586 (240000, 4) acc=0.258
  step 0/1999 best -18.095
  step 50/1999 best -4.033
  step 100/1999 best 2.449
  step 150/1999 best 7.484
  step 200/1999 best 12.263
  step 250/1999 best 12.263
  step 300/1999 best 14.154
  step 350/1999 best 14.330
  step 400/1999 best 14.350
  step 450/1999 best 14.099
  step 500/1999 best 14.614
  step 550/1999 best 14.557
  step 600/1999 best 14.447
  step 650/1999 best 14.645
  step 700/1999 best 14.580
  step 750/1999 best 14.683
  step 800/1999 best 14.673
  step 850/1999 best 14.582
  step 900/1999 best 14.689
  step 950/1999 best 14.603
  step 1000/1999 best 14.670
  step 1050/1999 best 14.687
  step 1100/1999 best 14.706
  step 1150/1999 best 14.735
  step 1200/1999 best 14.733
  step 1250/1999 best 14.560
  step 1300/1999 best 14.684
  step 1350/1999 best 14.536
  step 1400/1999 best 14.603
  step 1450/1999 best 14.755
  step 1500/1999 best 14.485
  step 1550/1999 best 14.542
  step 1600/1999 best 14.719
  step 1650/1999 best 14.586
  step 1700/1999 best 14.567
  step 1750/1999 best 14.707
  step 1800/1999 best 14.553
  step 1850/1999 best 14.470
  step 1900/1999 best 14.701
  step 1950/1999 best 14.508
saved SBC_CHAINS_cnn_vmim__n1_seed_s4_sim404_row382726_noise1778_1957_2136 (240000, 4) acc=0.135
  step 0/1999 best -19.395
  step 50/1999 best -11.358
  step 100/1999 best -4.924
  step 150/1999 best -1.972
  step 200/1999 best 6.301
  step 250/1999 best 9.731
  step 300/1999 best 10.880
  step 350/1999 best 10.880
  step 400/1999 best 12.663
  step 450/1999 best 14.385
  step 500/1999 best 13.883
  step 550/1999 best 13.540
  step 600/1999 best 14.003
  step 650/1999 best 14.003
  step 700/1999 best 13.267
  step 750/1999 best 13.989
  step 800/1999 best 12.370
  step 850/1999 best 13.953
  step 900/1999 best 14.605
  step 950/1999 best 14.674
  step 1000/1999 best 14.561
  step 1050/1999 best 13.966
  step 1100/1999 best 14.042
  step 1150/1999 best 14.434
  step 1200/1999 best 13.420
  step 1250/1999 best 14.190
  step 1300/1999 best 14.164
  step 1350/1999 best 14.327
  step 1400/1999 best 14.566
  step 1450/1999 best 14.308
  step 1500/1999 best 14.241
  step 1550/1999 best 14.349
  step 1600/1999 best 14.565
  step 1650/1999 best 13.799
  step 1700/1999 best 14.334
  step 1750/1999 best 14.384
  step 1800/1999 best 14.384
  step 1850/1999 best 14.286
  step 1900/1999 best 14.193
  step 1950/1999 best 14.407
saved SBC_CHAINS_cnn_vmim__n1_seed_s4_sim2908_row2503000_noise8740_8919_9098 (240000, 4) acc=0.186
  step 0/1999 best -19.833
  step 50/1999 best 6.077
  step 100/1999 best 13.351
  step 150/1999 best 14.178
  step 200/1999 best 13.453
  step 250/1999 best 14.357
  step 300/1999 best 14.009
  step 350/1999 best 14.419
  step 400/1999 best 14.380
  step 450/1999 best 14.275
  step 500/1999 best 14.326
  step 550/1999 best 14.159
  step 600/1999 best 14.371
  step 650/1999 best 14.380
  step 700/1999 best 14.451
  step 750/1999 best 14.485
  step 800/1999 best 14.331
  step 850/1999 best 14.446
  step 900/1999 best 14.190
  step 950/1999 best 14.431
  step 1000/1999 best 14.321
  step 1050/1999 best 14.494
  step 1100/1999 best 14.387
  step 1150/1999 best 14.309
  step 1200/1999 best 14.329
  step 1250/1999 best 14.400
  step 1300/1999 best 14.396
  step 1350/1999 best 14.138
  step 1400/1999 best 14.457
  step 1450/1999 best 14.431
  step 1500/1999 best 14.356
  step 1550/1999 best 14.252
  step 1600/1999 best 14.371
  step 1650/1999 best 14.416
  step 1700/1999 best 14.346
  step 1750/1999 best 14.321
  step 1800/1999 best 14.184
  step 1850/1999 best 14.334
  step 1900/1999 best 14.427
  step 1950/1999 best 14.457
saved SBC_CHAINS_cnn_vmim__n1_seed_s4_sim914_row863022_noise18_197_376 (240000, 4) acc=0.159
  step 0/1999 best -10.321
  step 50/1999 best 4.533
  step 100/1999 best 10.001
  step 150/1999 best 13.634
  step 200/1999 best 15.067
  step 250/1999 best 14.372
  step 300/1999 best 15.167
  step 350/1999 best 15.216
  step 400/1999 best 15.095
  step 450/1999 best 15.163
  step 500/1999 best 15.089
  step 550/1999 best 14.851
  step 600/1999 best 15.129
  step 650/1999 best 15.097
  step 700/1999 best 15.229
  step 750/1999 best 15.082
  step 800/1999 best 15.085
  step 850/1999 best 15.074
  step 900/1999 best 15.125
  step 950/1999 best 15.111
  step 1000/1999 best 14.948
  step 1050/1999 best 15.220
  step 1100/1999 best 15.172
  step 1150/1999 best 15.125
  step 1200/1999 best 15.044
  step 1250/1999 best 15.213
  step 1300/1999 best 15.201
  step 1350/1999 best 15.048
  step 1400/1999 best 15.025
  step 1450/1999 best 15.248
  step 1500/1999 best 15.176
  step 1550/1999 best 15.008
  step 1600/1999 best 15.148
  step 1650/1999 best 15.068
  step 1700/1999 best 15.072
  step 1750/1999 best 14.919
  step 1800/1999 best 15.034
  step 1850/1999 best 15.100
  step 1900/1999 best 15.108
  step 1950/1999 best 15.087
saved SBC_CHAINS_cnn_vmim__n1_seed_s4_sim1213_row1031559_noise4715_4894_5073 (240000, 4) acc=0.306
  step 0/1999 best -17.827
  step 50/1999 best -9.040
  step 100/1999 best -3.795
  step 150/1999 best -3.926
  step 200/1999 best -3.153
  step 250/1999 best -0.748
  step 300/1999 best 0.674
  step 350/1999 best 1.079
  step 400/1999 best 3.633
  step 450/1999 best 6.295
  step 500/1999 best 5.911
  step 550/1999 best 10.415
  step 600/1999 best 9.467
  step 650/1999 best 10.385
  step 700/1999 best 11.065
  step 750/1999 best 12.239
  step 800/1999 best 15.029
  step 850/1999 best 15.998
  step 900/1999 best 14.947
  step 950/1999 best 15.253
  step 1000/1999 best 15.774
  step 1050/1999 best 15.793
  step 1100/1999 best 15.550
  step 1150/1999 best 15.511
  step 1200/1999 best 15.823
  step 1250/1999 best 15.866
  step 1300/1999 best 15.725
  step 1350/1999 best 15.596
  step 1400/1999 best 15.748
  step 1450/1999 best 15.801
  step 1500/1999 best 15.821
  step 1550/1999 best 15.910
  step 1600/1999 best 15.850
  step 1650/1999 best 15.570
  step 1700/1999 best 15.860
  step 1750/1999 best 15.736
  step 1800/1999 best 15.806
  step 1850/1999 best 15.759
  step 1900/1999 best 15.842
  step 1950/1999 best 16.013
saved SBC_CHAINS_cnn_vmim__n1_seed_s4_sim97_row96852_noise9400_9579_9758 (240000, 4) acc=0.184
  step 0/1999 best -16.151
  step 50/1999 best 6.152
  step 100/1999 best 7.514
  step 150/1999 best 12.509
  step 200/1999 best 13.666
  step 250/1999 best 15.945
  step 300/1999 best 16.120
  step 350/1999 best 16.370
  step 400/1999 best 16.566
  step 450/1999 best 17.000
  step 500/1999 best 17.255
  step 550/1999 best 17.272
  step 600/1999 best 17.620
  step 650/1999 best 17.296
  step 700/1999 best 17.475
  step 750/1999 best 17.448
  step 800/1999 best 17.045
  step 850/1999 best 17.600
  step 900/1999 best 17.535
  step 950/1999 best 17.594
  step 1000/1999 best 17.489
  step 1050/1999 best 17.310
  step 1100/1999 best 17.489
  step 1150/1999 best 17.389
  step 1200/1999 best 17.381
  step 1250/1999 best 17.499
  step 1300/1999 best 17.147
  step 1350/1999 best 17.411
  step 1400/1999 best 17.494
  step 1450/1999 best 17.607
  step 1500/1999 best 17.483
  step 1550/1999 best 17.524
  step 1600/1999 best 17.643
  step 1650/1999 best 17.590
  step 1700/1999 best 17.598
  step 1750/1999 best 17.593
  step 1800/1999 best 17.663
  step 1850/1999 best 17.617
  step 1900/1999 best 17.589
  step 1950/1999 best 17.435
saved SBC_CHAINS_cnn_vmim__n1_seed_s4_sim267_row253888_noise2532_2711_2890 (240000, 4) acc=0.176
  step 0/1999 best -17.922
  step 50/1999 best 7.597
  step 100/1999 best 12.944
  step 150/1999 best 15.408
  step 200/1999 best 15.348
  step 250/1999 best 15.100
  step 300/1999 best 15.484
  step 350/1999 best 15.661
  step 400/1999 best 15.670
  step 450/1999 best 15.722
  step 500/1999 best 15.510
  step 550/1999 best 15.683
  step 600/1999 best 15.798
  step 650/1999 best 15.560
  step 700/1999 best 15.453
  step 750/1999 best 15.629
  step 800/1999 best 15.583
  step 850/1999 best 15.679
  step 900/1999 best 15.759
  step 950/1999 best 15.666
  step 1000/1999 best 15.695
  step 1050/1999 best 15.493
  step 1100/1999 best 15.646
  step 1150/1999 best 15.641
  step 1200/1999 best 15.740
  step 1250/1999 best 15.703
  step 1300/1999 best 15.794
  step 1350/1999 best 15.558
  step 1400/1999 best 15.739
  step 1450/1999 best 15.525
  step 1500/1999 best 15.673
  step 1550/1999 best 15.632
  step 1600/1999 best 15.796
  step 1650/1999 best 15.650
  step 1700/1999 best 15.727
  step 1750/1999 best 15.787
  step 1800/1999 best 15.747
  step 1850/1999 best 15.665
  step 1900/1999 best 15.807
  step 1950/1999 best 15.824
saved SBC_CHAINS_cnn_vmim__n1_seed_s4_sim915_row864527_noise1523_1702_1881 (240000, 4) acc=0.176
  step 0/1999 best -25.363
  step 50/1999 best -0.086
  step 100/1999 best 2.366
  step 150/1999 best 5.786
  step 200/1999 best 7.319
  step 250/1999 best 8.037
  step 300/1999 best 7.748
  step 350/1999 best 7.989
  step 400/1999 best 7.841
  step 450/1999 best 7.496
  step 500/1999 best 8.060
  step 550/1999 best 7.673
  step 600/1999 best 7.892
  step 650/1999 best 8.049
  step 700/1999 best 8.087
  step 750/1999 best 7.828
  step 800/1999 best 7.963
  step 850/1999 best 8.020
  step 900/1999 best 8.009
  step 950/1999 best 7.942
  step 1000/1999 best 8.001
  step 1050/1999 best 7.900
  step 1100/1999 best 8.013
  step 1150/1999 best 7.914
  step 1200/1999 best 7.892
  step 1250/1999 best 8.059
  step 1300/1999 best 7.977
  step 1350/1999 best 8.167
  step 1400/1999 best 7.796
  step 1450/1999 best 8.110
  step 1500/1999 best 7.926
  step 1550/1999 best 8.086
  step 1600/1999 best 8.037
  step 1650/1999 best 8.000
  step 1700/1999 best 8.123
  step 1750/1999 best 7.772
  step 1800/1999 best 8.011
  step 1850/1999 best 7.979
  step 1900/1999 best 7.905
  step 1950/1999 best 7.953
saved SBC_CHAINS_cnn_vmim__n1_seed_s4_sim2851_row2446413_noise1293_1472_1651 (240000, 4) acc=0.223
  step 0/1999 best -16.423
  step 50/1999 best -1.472
  step 100/1999 best 4.975
  step 150/1999 best 11.313
  step 200/1999 best 13.811
  step 250/1999 best 13.555
  step 300/1999 best 13.798
  step 350/1999 best 13.247
  step 400/1999 best 13.777
  step 450/1999 best 13.691
  step 500/1999 best 13.842
  step 550/1999 best 13.837
  step 600/1999 best 13.789
  step 650/1999 best 13.702
  step 700/1999 best 13.538
  step 750/1999 best 13.737
  step 800/1999 best 13.838
  step 850/1999 best 13.672
  step 900/1999 best 13.834
  step 950/1999 best 13.811
  step 1000/1999 best 13.798
  step 1050/1999 best 13.809
  step 1100/1999 best 13.798
  step 1150/1999 best 13.768
  step 1200/1999 best 13.774
  step 1250/1999 best 13.844
  step 1300/1999 best 13.754
  step 1350/1999 best 13.802
  step 1400/1999 best 13.606
  step 1450/1999 best 13.707
  step 1500/1999 best 13.811
  step 1550/1999 best 13.828
  step 1600/1999 best 13.718
  step 1650/1999 best 13.702
  step 1700/1999 best 13.869
  step 1750/1999 best 13.836
  step 1800/1999 best 13.812
  step 1850/1999 best 13.843
  step 1900/1999 best 13.756
  step 1950/1999 best 13.727
saved SBC_CHAINS_cnn_vmim__n1_seed_s4_sim2377_row1976052_noise8504_8683_8862 (240000, 4) acc=0.264
  step 0/1999 best -16.775
  step 50/1999 best 2.607
  step 100/1999 best 8.216
  step 150/1999 best 10.709
  step 200/1999 best 11.311
  step 250/1999 best 11.304
  step 300/1999 best 11.716
  step 350/1999 best 11.361
  step 400/1999 best 11.672
  step 450/1999 best 11.563
  step 500/1999 best 11.710
  step 550/1999 best 11.732
  step 600/1999 best 11.557
  step 650/1999 best 11.535
  step 700/1999 best 11.596
  step 750/1999 best 11.545
  step 800/1999 best 11.656
  step 850/1999 best 11.524
  step 900/1999 best 11.612
  step 950/1999 best 11.666
  step 1000/1999 best 11.660
  step 1050/1999 best 11.648
  step 1100/1999 best 11.600
  step 1150/1999 best 11.487
  step 1200/1999 best 11.600
  step 1250/1999 best 11.464
  step 1300/1999 best 11.584
  step 1350/1999 best 11.661
  step 1400/1999 best 11.546
  step 1450/1999 best 11.700
  step 1500/1999 best 11.693
  step 1550/1999 best 11.357
  step 1600/1999 best 11.632
  step 1650/1999 best 11.637
  step 1700/1999 best 11.636
  step 1750/1999 best 11.470
  step 1800/1999 best 11.574
  step 1850/1999 best 11.712
  step 1900/1999 best 11.671
  step 1950/1999 best 11.614
saved SBC_CHAINS_cnn_vmim__n1_seed_s4_sim2395_row1994115_noise6911_7090_7269 (240000, 4) acc=0.198
  step 0/1999 best -16.038
  step 50/1999 best 3.614
  step 100/1999 best 3.509
  step 150/1999 best 3.580
  step 200/1999 best 4.532
  step 250/1999 best 6.251
  step 300/1999 best 9.912
  step 350/1999 best 14.721
  step 400/1999 best 14.734
  step 450/1999 best 15.622
  step 500/1999 best 15.894
  step 550/1999 best 15.115
  step 600/1999 best 15.797
  step 650/1999 best 15.982
  step 700/1999 best 15.818
  step 750/1999 best 15.862
  step 800/1999 best 15.860
  step 850/1999 best 16.053
  step 900/1999 best 16.047
  step 950/1999 best 15.991
  step 1000/1999 best 15.929
  step 1050/1999 best 15.977
  step 1100/1999 best 15.818
  step 1150/1999 best 15.937
  step 1200/1999 best 15.911
  step 1250/1999 best 15.676
  step 1300/1999 best 16.047
  step 1350/1999 best 15.981
  step 1400/1999 best 15.919
  step 1450/1999 best 15.962
  step 1500/1999 best 15.965
  step 1550/1999 best 15.894
  step 1600/1999 best 16.060
  step 1650/1999 best 15.943
  step 1700/1999 best 16.088
  step 1750/1999 best 16.067
  step 1800/1999 best 16.052
  step 1850/1999 best 15.830
  step 1900/1999 best 15.750
  step 1950/1999 best 15.793
saved SBC_CHAINS_cnn_vmim__n1_seed_s4_sim2086_row1696052_noise2516_2695_2874 (240000, 4) acc=0.173
  step 0/1999 best -16.800
  step 50/1999 best 0.200
  step 100/1999 best 4.251
  step 150/1999 best 7.763
  step 200/1999 best 10.515
  step 250/1999 best 13.781
  step 300/1999 best 13.973
  step 350/1999 best 14.443
  step 400/1999 best 13.882
  step 450/1999 best 14.005
  step 500/1999 best 14.262
  step 550/1999 best 14.520
  step 600/1999 best 14.491
  step 650/1999 best 14.637
  step 700/1999 best 14.527
  step 750/1999 best 14.514
  step 800/1999 best 14.628
  step 850/1999 best 14.550
  step 900/1999 best 14.528
  step 950/1999 best 14.402
  step 1000/1999 best 14.493
  step 1050/1999 best 14.538
  step 1100/1999 best 14.488
  step 1150/1999 best 14.679
  step 1200/1999 best 14.592
  step 1250/1999 best 14.348
  step 1300/1999 best 14.655
  step 1350/1999 best 14.593
  step 1400/1999 best 14.606
  step 1450/1999 best 14.601
  step 1500/1999 best 14.502
  step 1550/1999 best 14.577
  step 1600/1999 best 14.578
  step 1650/1999 best 14.655
  step 1700/1999 best 14.556
  step 1750/1999 best 14.527
  step 1800/1999 best 14.641
  step 1850/1999 best 14.636
  step 1900/1999 best 14.576
  step 1950/1999 best 14.415
saved SBC_CHAINS_cnn_vmim__n1_seed_s4_sim2985_row2580026_noise7142_7321_7500 (240000, 4) acc=0.176
  step 0/1999 best -13.600
  step 50/1999 best -1.790
  step 100/1999 best -1.183
  step 150/1999 best 2.167
  step 200/1999 best 13.425
  step 250/1999 best 12.766
  step 300/1999 best 13.251
  step 350/1999 best 13.613
  step 400/1999 best 16.271
  step 450/1999 best 15.239
  step 500/1999 best 15.419
  step 550/1999 best 16.764
  step 600/1999 best 16.747
  step 650/1999 best 16.747
  step 700/1999 best 16.910
  step 750/1999 best 17.140
  step 800/1999 best 16.797
  step 850/1999 best 16.397
  step 900/1999 best 16.476
  step 950/1999 best 16.483
  step 1000/1999 best 17.125
  step 1050/1999 best 17.056
  step 1100/1999 best 17.047
  step 1150/1999 best 17.092
  step 1200/1999 best 16.992
  step 1250/1999 best 17.195
  step 1300/1999 best 17.202
  step 1350/1999 best 17.125
  step 1400/1999 best 17.248
  step 1450/1999 best 17.035
  step 1500/1999 best 17.147
  step 1550/1999 best 17.296
  step 1600/1999 best 16.988
  step 1650/1999 best 17.124
  step 1700/1999 best 17.234
  step 1750/1999 best 17.207
  step 1800/1999 best 17.294
  step 1850/1999 best 17.251
  step 1900/1999 best 17.106
  step 1950/1999 best 17.265
saved SBC_CHAINS_cnn_vmim__n1_seed_s4_sim184_row175744_noise7840_8019_8198 (240000, 4) acc=0.115
  step 0/1999 best -15.577
  step 50/1999 best 7.255
  step 100/1999 best 16.346
  step 150/1999 best 16.036
  step 200/1999 best 17.347
  step 250/1999 best 16.183
  step 300/1999 best 16.857
  step 350/1999 best 16.891
  step 400/1999 best 17.215
  step 450/1999 best 17.516
  step 500/1999 best 17.184
  step 550/1999 best 17.668
  step 600/1999 best 17.421
  step 650/1999 best 17.473
  step 700/1999 best 17.526
  step 750/1999 best 17.626
  step 800/1999 best 17.638
  step 850/1999 best 17.388
  step 900/1999 best 17.617
  step 950/1999 best 17.384
  step 1000/1999 best 17.671
  step 1050/1999 best 17.523
  step 1100/1999 best 17.463
  step 1150/1999 best 17.725
  step 1200/1999 best 17.381
  step 1250/1999 best 17.595
  step 1300/1999 best 17.747
  step 1350/1999 best 17.548
  step 1400/1999 best 17.626
  step 1450/1999 best 17.678
  step 1500/1999 best 17.631
  step 1550/1999 best 17.742
  step 1600/1999 best 17.700
  step 1650/1999 best 17.600
  step 1700/1999 best 17.603
  step 1750/1999 best 17.691
  step 1800/1999 best 17.575
  step 1850/1999 best 17.637
  step 1900/1999 best 17.716
  step 1950/1999 best 17.650
saved SBC_CHAINS_cnn_vmim__n1_seed_s4_sim1281_row1098049_noise3409_3588_3767 (240000, 4) acc=0.241
  step 0/1999 best -23.412
  step 50/1999 best -3.316
  step 100/1999 best 1.575
  step 150/1999 best 12.397
  step 200/1999 best 13.031
  step 250/1999 best 13.894
  step 300/1999 best 13.995
  step 350/1999 best 14.166
  step 400/1999 best 14.361
  step 450/1999 best 14.447
  step 500/1999 best 14.317
  step 550/1999 best 14.416
  step 600/1999 best 14.328
  step 650/1999 best 14.439
  step 700/1999 best 14.410
  step 750/1999 best 14.410
  step 800/1999 best 14.307
  step 850/1999 best 14.302
  step 900/1999 best 14.481
  step 950/1999 best 14.388
  step 1000/1999 best 14.305
  step 1050/1999 best 14.389
  step 1100/1999 best 14.441
  step 1150/1999 best 14.454
  step 1200/1999 best 14.404
  step 1250/1999 best 14.291
  step 1300/1999 best 14.400
  step 1350/1999 best 14.491
  step 1400/1999 best 14.410
  step 1450/1999 best 14.433
  step 1500/1999 best 14.427
  step 1550/1999 best 14.335
  step 1600/1999 best 14.420
  step 1650/1999 best 14.408
  step 1700/1999 best 14.379
  step 1750/1999 best 14.325
  step 1800/1999 best 14.412
  step 1850/1999 best 14.381
  step 1900/1999 best 14.460
  step 1950/1999 best 14.414
saved SBC_CHAINS_cnn_vmim__n1_seed_s4_sim3063_row2658802_noise7294_7473_7652 (240000, 4) acc=0.192
  step 0/1999 best -18.575
  step 50/1999 best -4.222
  step 100/1999 best 0.095
  step 150/1999 best 6.191
  step 200/1999 best 6.369
  step 250/1999 best 12.949
  step 300/1999 best 12.949
  step 350/1999 best 15.818
  step 400/1999 best 13.949
  step 450/1999 best 14.529
  step 500/1999 best 15.399
  step 550/1999 best 15.658
  step 600/1999 best 15.658
  step 650/1999 best 15.658
  step 700/1999 best 15.095
  step 750/1999 best 15.247
  step 800/1999 best 15.442
  step 850/1999 best 15.442
  step 900/1999 best 15.181
  step 950/1999 best 15.126
  step 1000/1999 best 15.823
  step 1050/1999 best 15.909
  step 1100/1999 best 15.941
  step 1150/1999 best 15.812
  step 1200/1999 best 16.028
  step 1250/1999 best 15.693
  step 1300/1999 best 15.946
  step 1350/1999 best 15.942
  step 1400/1999 best 15.967
  step 1450/1999 best 16.020
  step 1500/1999 best 16.013
  step 1550/1999 best 16.089
  step 1600/1999 best 15.664
  step 1650/1999 best 15.815
  step 1700/1999 best 15.946
  step 1750/1999 best 15.828
  step 1800/1999 best 15.832
  step 1850/1999 best 15.814
  step 1900/1999 best 15.937
  step 1950/1999 best 15.970
saved SBC_CHAINS_cnn_vmim__n1_seed_s4_sim802_row751296_noise6228_6407_6586 (240000, 4) acc=0.126
  step 0/1999 best -16.648
  step 50/1999 best -2.829
  step 100/1999 best 2.386
  step 150/1999 best 13.738
  step 200/1999 best 13.062
  step 250/1999 best 13.062
  step 300/1999 best 15.165
  step 350/1999 best 15.532
  step 400/1999 best 16.481
  step 450/1999 best 16.794
  step 500/1999 best 17.252
  step 550/1999 best 16.635
  step 600/1999 best 16.799
  step 650/1999 best 17.061
  step 700/1999 best 17.079
  step 750/1999 best 17.230
  step 800/1999 best 16.812
  step 850/1999 best 17.087
  step 900/1999 best 17.276
  step 950/1999 best 17.152
  step 1000/1999 best 17.212
  step 1050/1999 best 17.217
  step 1100/1999 best 17.220
  step 1150/1999 best 17.127
  step 1200/1999 best 17.007
  step 1250/1999 best 17.206
  step 1300/1999 best 17.114
  step 1350/1999 best 17.126
  step 1400/1999 best 17.049
  step 1450/1999 best 17.244
  step 1500/1999 best 17.173
  step 1550/1999 best 17.158
  step 1600/1999 best 17.208
  step 1650/1999 best 17.083
  step 1700/1999 best 17.100
  step 1750/1999 best 17.159
  step 1800/1999 best 17.120
  step 1850/1999 best 17.149
  step 1900/1999 best 17.259
  step 1950/1999 best 17.091
saved SBC_CHAINS_cnn_vmim__n1_seed_s4_sim1204_row1022137_noise5121_5300_5479 (240000, 4) acc=0.165
  step 0/1999 best -26.555
  step 50/1999 best -1.998
  step 100/1999 best -0.458
  step 150/1999 best 2.908
  step 200/1999 best 12.701
  step 250/1999 best 15.571
  step 300/1999 best 16.744
  step 350/1999 best 17.072
  step 400/1999 best 16.926
  step 450/1999 best 17.166
  step 500/1999 best 17.062
  step 550/1999 best 17.096
  step 600/1999 best 17.014
  step 650/1999 best 16.884
  step 700/1999 best 17.100
  step 750/1999 best 17.009
  step 800/1999 best 17.163
  step 850/1999 best 16.912
  step 900/1999 best 17.039
  step 950/1999 best 16.812
  step 1000/1999 best 17.082
  step 1050/1999 best 17.113
  step 1100/1999 best 17.179
  step 1150/1999 best 17.139
  step 1200/1999 best 17.108
  step 1250/1999 best 16.978
  step 1300/1999 best 16.980
  step 1350/1999 best 17.179
  step 1400/1999 best 17.018
  step 1450/1999 best 17.175
  step 1500/1999 best 17.171
  step 1550/1999 best 17.031
  step 1600/1999 best 17.122
  step 1650/1999 best 17.143
  step 1700/1999 best 17.139
  step 1750/1999 best 17.058
  step 1800/1999 best 17.114
  step 1850/1999 best 17.126
  step 1900/1999 best 17.026
  step 1950/1999 best 17.085
saved SBC_CHAINS_cnn_vmim__n1_seed_s4_sim1197_row1015031_noise7843_8022_8201 (240000, 4) acc=0.240
  step 0/1999 best -14.301
  step 50/1999 best 3.017
  step 100/1999 best 4.343
  step 150/1999 best 3.640
  step 200/1999 best 5.038
  step 250/1999 best 14.371
  step 300/1999 best 15.080
  step 350/1999 best 13.612
  step 400/1999 best 12.952
  step 450/1999 best 14.571
  step 500/1999 best 15.621
  step 550/1999 best 15.637
  step 600/1999 best 15.658
  step 650/1999 best 15.878
  step 700/1999 best 15.735
  step 750/1999 best 15.833
  step 800/1999 best 16.277
  step 850/1999 best 16.008
  step 900/1999 best 16.133
  step 950/1999 best 16.193
  step 1000/1999 best 15.835
  step 1050/1999 best 15.997
  step 1100/1999 best 15.960
  step 1150/1999 best 16.306
  step 1200/1999 best 15.959
  step 1250/1999 best 15.896
  step 1300/1999 best 16.215
  step 1350/1999 best 16.068
  step 1400/1999 best 16.178
  step 1450/1999 best 16.246
  step 1500/1999 best 16.044
  step 1550/1999 best 16.184
  step 1600/1999 best 15.979
  step 1650/1999 best 16.112
  step 1700/1999 best 15.811
  step 1750/1999 best 16.187
  step 1800/1999 best 16.070
  step 1850/1999 best 16.103
  step 1900/1999 best 15.863
  step 1950/1999 best 16.073
saved SBC_CHAINS_cnn_vmim__n1_seed_s4_sim1263_row1081792_noise5808_5987_6166 (240000, 4) acc=0.158
  step 0/1999 best -15.523
  step 50/1999 best -10.785
  step 100/1999 best -6.630
  step 150/1999 best -2.552
  step 200/1999 best -2.552
  step 250/1999 best -1.723
  step 300/1999 best -1.946
  step 350/1999 best -0.693
  step 400/1999 best -0.313
  step 450/1999 best 4.405
  step 500/1999 best 4.405
  step 550/1999 best 4.599
  step 600/1999 best 8.204
  step 650/1999 best 10.138
  step 700/1999 best 13.957
  step 750/1999 best 10.765
  step 800/1999 best 14.181
  step 850/1999 best 15.999
  step 900/1999 best 15.866
  step 950/1999 best 16.027
  step 1000/1999 best 16.086
  step 1050/1999 best 16.042
  step 1100/1999 best 16.285
  step 1150/1999 best 16.343
  step 1200/1999 best 15.946
  step 1250/1999 best 16.234
  step 1300/1999 best 16.272
  step 1350/1999 best 16.071
  step 1400/1999 best 16.013
  step 1450/1999 best 15.857
  step 1500/1999 best 15.938
  step 1550/1999 best 16.107
  step 1600/1999 best 16.002
  step 1650/1999 best 16.167
  step 1700/1999 best 15.983
  step 1750/1999 best 16.125
  step 1800/1999 best 16.258
  step 1850/1999 best 16.059
  step 1900/1999 best 16.192
  step 1950/1999 best 16.153
saved SBC_CHAINS_cnn_vmim__n1_seed_s4_sim100_row99008_noise1728_1907_2086 (240000, 4) acc=0.144
  step 0/1999 best -18.476
  step 50/1999 best -4.238
  step 100/1999 best 8.264
  step 150/1999 best 9.994
  step 200/1999 best 15.326
  step 250/1999 best 15.734
  step 300/1999 best 15.832
  step 350/1999 best 15.763
  step 400/1999 best 15.970
  step 450/1999 best 16.038
  step 500/1999 best 16.028
  step 550/1999 best 15.986
  step 600/1999 best 15.874
  step 650/1999 best 15.947
  step 700/1999 best 15.807
  step 750/1999 best 15.842
  step 800/1999 best 16.039
  step 850/1999 best 15.812
  step 900/1999 best 15.953
  step 950/1999 best 15.964
  step 1000/1999 best 16.016
  step 1050/1999 best 15.971
  step 1100/1999 best 15.990
  step 1150/1999 best 15.943
  step 1200/1999 best 15.942
  step 1250/1999 best 15.942
  step 1300/1999 best 16.014
  step 1350/1999 best 16.089
  step 1400/1999 best 15.887
  step 1450/1999 best 16.024
  step 1500/1999 best 15.890
  step 1550/1999 best 15.965
  step 1600/1999 best 15.931
  step 1650/1999 best 16.017
  step 1700/1999 best 15.893
  step 1750/1999 best 16.002
  step 1800/1999 best 16.007
  step 1850/1999 best 15.926
  step 1900/1999 best 15.857
  step 1950/1999 best 15.962
saved SBC_CHAINS_cnn_vmim__n1_seed_s4_sim1735_row1488323_noise5595_5774_5953 (240000, 4) acc=0.253
  step 0/1999 best -19.978
  step 50/1999 best -4.116
  step 100/1999 best 13.508
  step 150/1999 best 14.479
  step 200/1999 best 14.222
  step 250/1999 best 15.573
  step 300/1999 best 15.252
  step 350/1999 best 15.808
  step 400/1999 best 15.556
  step 450/1999 best 15.802
  step 500/1999 best 15.884
  step 550/1999 best 15.877
  step 600/1999 best 15.905
  step 650/1999 best 15.759
  step 700/1999 best 15.945
  step 750/1999 best 15.790
  step 800/1999 best 15.682
  step 850/1999 best 15.728
  step 900/1999 best 15.949
  step 950/1999 best 15.784
  step 1000/1999 best 15.710
  step 1050/1999 best 15.949
  step 1100/1999 best 15.951
  step 1150/1999 best 15.882
  step 1200/1999 best 15.880
  step 1250/1999 best 15.913
  step 1300/1999 best 15.937
  step 1350/1999 best 15.822
  step 1400/1999 best 15.727
  step 1450/1999 best 15.670
  step 1500/1999 best 15.783
  step 1550/1999 best 15.777
  step 1600/1999 best 15.919
  step 1650/1999 best 15.951
  step 1700/1999 best 15.868
  step 1750/1999 best 15.747
  step 1800/1999 best 15.890
  step 1850/1999 best 15.876
  step 1900/1999 best 15.773
  step 1950/1999 best 15.840
saved SBC_CHAINS_cnn_vmim__n1_seed_s4_sim448_row426948_noise6688_6867_7046 (240000, 4) acc=0.217
  step 0/1999 best -27.378
  step 50/1999 best -7.598
  step 100/1999 best -7.637
  step 150/1999 best -6.976
  step 200/1999 best -6.534
  step 250/1999 best 3.014
  step 300/1999 best 3.904
  step 350/1999 best 1.711
  step 400/1999 best 1.827
  step 450/1999 best 2.700
  step 500/1999 best 1.778
  step 550/1999 best 4.595
  step 600/1999 best 7.309
  step 650/1999 best 11.431
  step 700/1999 best 11.431
  step 750/1999 best 10.885
  step 800/1999 best 14.495
  step 850/1999 best 14.953
  step 900/1999 best 15.409
  step 950/1999 best 15.037
  step 1000/1999 best 15.008
  step 1050/1999 best 14.977
  step 1100/1999 best 15.077
  step 1150/1999 best 15.292
  step 1200/1999 best 15.480
  step 1250/1999 best 15.123
  step 1300/1999 best 15.069
  step 1350/1999 best 15.207
  step 1400/1999 best 15.203
  step 1450/1999 best 15.370
  step 1500/1999 best 14.902
  step 1550/1999 best 15.169
  step 1600/1999 best 15.460
  step 1650/1999 best 15.468
  step 1700/1999 best 15.102
  step 1750/1999 best 15.452
  step 1800/1999 best 15.354
  step 1850/1999 best 15.246
  step 1900/1999 best 15.415
  step 1950/1999 best 15.297
saved SBC_CHAINS_cnn_vmim__n1_seed_s4_sim1732_row1485251_noise2523_2702_2881 (240000, 4) acc=0.114
  step 0/1999 best -24.387
  step 50/1999 best 2.879
  step 100/1999 best 3.541
  step 150/1999 best 10.781
  step 200/1999 best 11.417
  step 250/1999 best 12.561
  step 300/1999 best 14.280
  step 350/1999 best 14.593
  step 400/1999 best 14.325
  step 450/1999 best 14.385
  step 500/1999 best 14.420
  step 550/1999 best 14.485
  step 600/1999 best 14.563
  step 650/1999 best 14.483
  step 700/1999 best 14.517
  step 750/1999 best 14.592
  step 800/1999 best 14.584
  step 850/1999 best 14.487
  step 900/1999 best 14.508
  step 950/1999 best 14.559
  step 1000/1999 best 14.546
  step 1050/1999 best 14.438
  step 1100/1999 best 14.529
  step 1150/1999 best 14.360
  step 1200/1999 best 14.493
  step 1250/1999 best 14.387
  step 1300/1999 best 14.413
  step 1350/1999 best 14.348
  step 1400/1999 best 14.536
  step 1450/1999 best 14.343
  step 1500/1999 best 14.534
  step 1550/1999 best 14.612
  step 1600/1999 best 14.548
  step 1650/1999 best 14.528
  step 1700/1999 best 14.594
  step 1750/1999 best 14.459
  step 1800/1999 best 14.560
  step 1850/1999 best 14.446
  step 1900/1999 best 14.362
  step 1950/1999 best 14.262
saved SBC_CHAINS_cnn_vmim__n1_seed_s4_sim367_row353055_noise3419_3598_3777 (240000, 4) acc=0.210
  step 0/1999 best -12.786
  step 50/1999 best 5.227
  step 100/1999 best 13.647
  step 150/1999 best 15.496
  step 200/1999 best 15.057
  step 250/1999 best 15.198
  step 300/1999 best 14.869
  step 350/1999 best 15.704
  step 400/1999 best 16.080
  step 450/1999 best 16.106
  step 500/1999 best 15.986
  step 550/1999 best 16.114
  step 600/1999 best 16.060
  step 650/1999 best 15.892
  step 700/1999 best 15.563
  step 750/1999 best 15.849
  step 800/1999 best 16.134
  step 850/1999 best 15.914
  step 900/1999 best 15.903
  step 950/1999 best 15.940
  step 1000/1999 best 16.130
  step 1050/1999 best 16.181
  step 1100/1999 best 16.136
  step 1150/1999 best 16.151
  step 1200/1999 best 16.086
  step 1250/1999 best 16.076
  step 1300/1999 best 16.030
  step 1350/1999 best 16.156
  step 1400/1999 best 15.971
  step 1450/1999 best 15.976
  step 1500/1999 best 16.152
  step 1550/1999 best 16.100
  step 1600/1999 best 16.087
  step 1650/1999 best 16.039
  step 1700/1999 best 16.187
  step 1750/1999 best 15.847
  step 1800/1999 best 16.220
  step 1850/1999 best 15.853
  step 1900/1999 best 15.915
  step 1950/1999 best 16.135
saved SBC_CHAINS_cnn_vmim__n1_seed_s4_sim1341_row1150654_noise5046_5225_5404 (240000, 4) acc=0.160
  step 0/1999 best -14.755
  step 50/1999 best -6.106
  step 100/1999 best 3.246
  step 150/1999 best 3.340
  step 200/1999 best 7.015
  step 250/1999 best 10.778
  step 300/1999 best 11.139
  step 350/1999 best 11.828
  step 400/1999 best 12.164
  step 450/1999 best 12.372
  step 500/1999 best 12.430
  step 550/1999 best 12.552
  step 600/1999 best 12.394
  step 650/1999 best 12.495
  step 700/1999 best 12.311
  step 750/1999 best 12.330
  step 800/1999 best 12.468
  step 850/1999 best 12.457
  step 900/1999 best 12.455
  step 950/1999 best 12.473
  step 1000/1999 best 12.351
  step 1050/1999 best 12.434
  step 1100/1999 best 12.521
  step 1150/1999 best 12.443
  step 1200/1999 best 12.433
  step 1250/1999 best 12.415
  step 1300/1999 best 12.524
  step 1350/1999 best 12.507
  step 1400/1999 best 12.499
  step 1450/1999 best 12.435
  step 1500/1999 best 12.352
  step 1550/1999 best 12.321
  step 1600/1999 best 12.446
  step 1650/1999 best 12.397
  step 1700/1999 best 12.339
  step 1750/1999 best 12.481
  step 1800/1999 best 12.406
  step 1850/1999 best 12.428
  step 1900/1999 best 12.326
  step 1950/1999 best 12.372
saved SBC_CHAINS_cnn_vmim__n1_seed_s4_sim2356_row1956574_noise7682_7861_8040 (240000, 4) acc=0.214
  step 0/1999 best -15.184
  step 50/1999 best -0.016
  step 100/1999 best 10.478
  step 150/1999 best 10.944
  step 200/1999 best 12.011
  step 250/1999 best 11.889
  step 300/1999 best 11.632
  step 350/1999 best 12.081
  step 400/1999 best 11.790
  step 450/1999 best 12.091
  step 500/1999 best 11.949
  step 550/1999 best 12.056
  step 600/1999 best 11.913
  step 650/1999 best 12.013
  step 700/1999 best 12.032
  step 750/1999 best 12.128
  step 800/1999 best 12.088
  step 850/1999 best 11.763
  step 900/1999 best 12.198
  step 950/1999 best 11.893
  step 1000/1999 best 12.105
  step 1050/1999 best 11.985
  step 1100/1999 best 12.072
  step 1150/1999 best 12.028
  step 1200/1999 best 12.110
  step 1250/1999 best 12.139
  step 1300/1999 best 12.187
  step 1350/1999 best 12.039
  step 1400/1999 best 11.871
  step 1450/1999 best 11.968
  step 1500/1999 best 12.005
  step 1550/1999 best 12.064
  step 1600/1999 best 12.004
  step 1650/1999 best 12.134
  step 1700/1999 best 12.083
  step 1750/1999 best 12.003
  step 1800/1999 best 12.066
  step 1850/1999 best 12.036
  step 1900/1999 best 11.973
  step 1950/1999 best 12.082
saved SBC_CHAINS_cnn_vmim__n1_seed_s4_sim764_row713570_noise7814_7993_8172 (240000, 4) acc=0.258
  step 0/1999 best -22.615
  step 50/1999 best -0.946
  step 100/1999 best 0.759
  step 150/1999 best 8.129
  step 200/1999 best 7.254
  step 250/1999 best 11.086
  step 300/1999 best 13.619
  step 350/1999 best 13.920
  step 400/1999 best 14.084
  step 450/1999 best 14.979
  step 500/1999 best 14.956
  step 550/1999 best 15.076
  step 600/1999 best 15.061
  step 650/1999 best 15.078
  step 700/1999 best 15.431
  step 750/1999 best 15.245
  step 800/1999 best 15.344
  step 850/1999 best 15.365
  step 900/1999 best 15.397
  step 950/1999 best 15.022
  step 1000/1999 best 14.965
  step 1050/1999 best 15.009
  step 1100/1999 best 15.251
  step 1150/1999 best 14.971
  step 1200/1999 best 15.259
  step 1250/1999 best 14.914
  step 1300/1999 best 15.368
  step 1350/1999 best 15.243
  step 1400/1999 best 15.170
  step 1450/1999 best 15.302
  step 1500/1999 best 15.182
  step 1550/1999 best 15.348
  step 1600/1999 best 15.433
  step 1650/1999 best 15.470
  step 1700/1999 best 15.224
  step 1750/1999 best 15.144
  step 1800/1999 best 15.194
  step 1850/1999 best 15.267
  step 1900/1999 best 15.302
  step 1950/1999 best 15.129
saved SBC_CHAINS_cnn_vmim__n1_seed_s4_sim142_row133189_noise4597_4776_4955 (240000, 4) acc=0.122
  step 0/1999 best -13.448
  step 50/1999 best 9.413
  step 100/1999 best 13.018
  step 150/1999 best 15.781
  step 200/1999 best 15.994
  step 250/1999 best 16.110
  step 300/1999 best 16.116
  step 350/1999 best 16.223
  step 400/1999 best 15.978
  step 450/1999 best 16.126
  step 500/1999 best 16.071
  step 550/1999 best 16.103
  step 600/1999 best 16.111
  step 650/1999 best 16.154
  step 700/1999 best 16.055
  step 750/1999 best 16.121
  step 800/1999 best 16.215
  step 850/1999 best 16.184
  step 900/1999 best 16.169
  step 950/1999 best 16.018
  step 1000/1999 best 16.173
  step 1050/1999 best 16.196
  step 1100/1999 best 16.094
  step 1150/1999 best 15.993
  step 1200/1999 best 16.198
  step 1250/1999 best 16.245
  step 1300/1999 best 16.099
  step 1350/1999 best 15.966
  step 1400/1999 best 16.113
  step 1450/1999 best 16.130
  step 1500/1999 best 16.251
  step 1550/1999 best 16.066
  step 1600/1999 best 16.069
  step 1650/1999 best 16.134
  step 1700/1999 best 16.160
  step 1750/1999 best 16.037
  step 1800/1999 best 16.103
  step 1850/1999 best 16.181
  step 1900/1999 best 16.209
  step 1950/1999 best 16.159
saved SBC_CHAINS_cnn_vmim__n1_seed_s4_sim1305_row1114236_noise7940_8119_8298 (240000, 4) acc=0.188
  step 0/1999 best -24.503
  step 50/1999 best -7.532
  step 100/1999 best 8.985
  step 150/1999 best 14.685
  step 200/1999 best 14.802
  step 250/1999 best 15.725
  step 300/1999 best 15.467
  step 350/1999 best 15.585
  step 400/1999 best 15.820
  step 450/1999 best 15.687
  step 500/1999 best 15.794
  step 550/1999 best 15.850
  step 600/1999 best 15.758
  step 650/1999 best 15.723
  step 700/1999 best 15.715
  step 750/1999 best 15.752
  step 800/1999 best 15.645
  step 850/1999 best 15.832
  step 900/1999 best 15.784
  step 950/1999 best 15.728
  step 1000/1999 best 15.715
  step 1050/1999 best 15.677
  step 1100/1999 best 15.748
  step 1150/1999 best 15.548
  step 1200/1999 best 15.756
  step 1250/1999 best 15.752
  step 1300/1999 best 15.885
  step 1350/1999 best 15.862
  step 1400/1999 best 15.863
  step 1450/1999 best 15.873
  step 1500/1999 best 15.804
  step 1550/1999 best 15.716
  step 1600/1999 best 15.646
  step 1650/1999 best 15.853
  step 1700/1999 best 15.806
  step 1750/1999 best 15.731
  step 1800/1999 best 15.769
  step 1850/1999 best 15.814
  step 1900/1999 best 15.739
  step 1950/1999 best 15.890
saved SBC_CHAINS_cnn_vmim__n1_seed_s4_sim434_row412362_noise1930_2109_2288 (240000, 4) acc=0.229
  step 0/1999 best -14.196
  step 50/1999 best 6.295
  step 100/1999 best 12.293
  step 150/1999 best 14.744
  step 200/1999 best 14.275
  step 250/1999 best 15.040
  step 300/1999 best 14.647
  step 350/1999 best 15.038
  step 400/1999 best 14.826
  step 450/1999 best 15.139
  step 500/1999 best 15.071
  step 550/1999 best 15.127
  step 600/1999 best 15.105
  step 650/1999 best 15.213
  step 700/1999 best 15.090
  step 750/1999 best 15.177
  step 800/1999 best 15.093
  step 850/1999 best 15.141
  step 900/1999 best 15.228
  step 950/1999 best 15.085
  step 1000/1999 best 15.195
  step 1050/1999 best 15.079
  step 1100/1999 best 15.001
  step 1150/1999 best 15.203
  step 1200/1999 best 14.981
  step 1250/1999 best 14.980
  step 1300/1999 best 15.090
  step 1350/1999 best 15.160
  step 1400/1999 best 15.035
  step 1450/1999 best 15.166
  step 1500/1999 best 15.026
  step 1550/1999 best 15.084
  step 1600/1999 best 15.010
  step 1650/1999 best 14.998
  step 1700/1999 best 14.963
  step 1750/1999 best 14.996
  step 1800/1999 best 15.241
  step 1850/1999 best 15.166
  step 1900/1999 best 15.085
  step 1950/1999 best 15.128
saved SBC_CHAINS_cnn_vmim__n1_seed_s4_sim877_row826039_noise2347_2526_2705 (240000, 4) acc=0.222
  step 0/1999 best -18.120
  step 50/1999 best -4.864
  step 100/1999 best 2.603
  step 150/1999 best 11.423
  step 200/1999 best 15.415
  step 250/1999 best 15.433
  step 300/1999 best 15.640
  step 350/1999 best 16.017
  step 400/1999 best 16.125
  step 450/1999 best 16.163
  step 500/1999 best 16.009
  step 550/1999 best 16.307
  step 600/1999 best 16.227
  step 650/1999 best 16.208
  step 700/1999 best 16.239
  step 750/1999 best 16.146
  step 800/1999 best 16.091
  step 850/1999 best 16.089
  step 900/1999 best 16.311
  step 950/1999 best 16.094
  step 1000/1999 best 16.178
  step 1050/1999 best 15.982
  step 1100/1999 best 16.220
  step 1150/1999 best 15.991
  step 1200/1999 best 16.258
  step 1250/1999 best 16.203
  step 1300/1999 best 16.200
  step 1350/1999 best 16.236
  step 1400/1999 best 16.290
  step 1450/1999 best 16.199
  step 1500/1999 best 16.198
  step 1550/1999 best 16.214
  step 1600/1999 best 16.152
  step 1650/1999 best 16.177
  step 1700/1999 best 16.220
  step 1750/1999 best 16.211
  step 1800/1999 best 16.202
  step 1850/1999 best 16.166
  step 1900/1999 best 16.271
  step 1950/1999 best 16.173
saved SBC_CHAINS_cnn_vmim__n1_seed_s4_sim1468_row1250118_noise3746_3925_4104 (240000, 4) acc=0.170
  step 0/1999 best -17.051
  step 50/1999 best -3.515
  step 100/1999 best -3.504
  step 150/1999 best 2.384
  step 200/1999 best 2.086
  step 250/1999 best 5.813
  step 300/1999 best 10.523
  step 350/1999 best 12.755
  step 400/1999 best 12.671
  step 450/1999 best 12.671
  step 500/1999 best 13.379
  step 550/1999 best 12.424
  step 600/1999 best 12.419
  step 650/1999 best 13.506
  step 700/1999 best 13.559
  step 750/1999 best 13.307
  step 800/1999 best 12.686
  step 850/1999 best 12.824
  step 900/1999 best 13.338
  step 950/1999 best 13.241
  step 1000/1999 best 13.662
  step 1050/1999 best 13.417
  step 1100/1999 best 13.358
  step 1150/1999 best 13.647
  step 1200/1999 best 13.482
  step 1250/1999 best 13.487
  step 1300/1999 best 13.484
  step 1350/1999 best 13.181
  step 1400/1999 best 13.125
  step 1450/1999 best 13.606
  step 1500/1999 best 13.254
  step 1550/1999 best 13.603
  step 1600/1999 best 13.589
  step 1650/1999 best 13.545
  step 1700/1999 best 13.193
  step 1750/1999 best 13.488
  step 1800/1999 best 13.182
  step 1850/1999 best 13.692
  step 1900/1999 best 13.692
  step 1950/1999 best 13.560
saved SBC_CHAINS_cnn_vmim__n1_seed_s4_sim2911_row2506580_noise2492_2671_2850 (240000, 4) acc=0.165
  step 0/1999 best -17.720
  step 50/1999 best 10.308
  step 100/1999 best 13.901
  step 150/1999 best 15.626
  step 200/1999 best 15.956
  step 250/1999 best 16.245
  step 300/1999 best 15.963
  step 350/1999 best 16.231
  step 400/1999 best 16.248
  step 450/1999 best 16.209
  step 500/1999 best 16.219
  step 550/1999 best 16.286
  step 600/1999 best 16.189
  step 650/1999 best 16.407
  step 700/1999 best 16.386
  step 750/1999 best 16.379
  step 800/1999 best 16.221
  step 850/1999 best 16.295
  step 900/1999 best 16.357
  step 950/1999 best 16.221
  step 1000/1999 best 16.416
  step 1050/1999 best 16.367
  step 1100/1999 best 16.272
  step 1150/1999 best 16.267
  step 1200/1999 best 16.331
  step 1250/1999 best 16.399
  step 1300/1999 best 16.206
  step 1350/1999 best 16.246
  step 1400/1999 best 16.127
  step 1450/1999 best 16.292
  step 1500/1999 best 16.328
  step 1550/1999 best 16.248
  step 1600/1999 best 16.335
  step 1650/1999 best 16.035
  step 1700/1999 best 16.371
  step 1750/1999 best 16.329
  step 1800/1999 best 16.369
  step 1850/1999 best 16.356
  step 1900/1999 best 16.314
  step 1950/1999 best 16.194
saved SBC_CHAINS_cnn_vmim__n1_seed_s4_sim1515_row1292822_noise2310_2489_2668 (240000, 4) acc=0.254
  step 0/1999 best -17.682
  step 50/1999 best 1.357
  step 100/1999 best 7.774
  step 150/1999 best 5.822
  step 200/1999 best 5.822
  step 250/1999 best 9.221
  step 300/1999 best 8.089
  step 350/1999 best 9.577
  step 400/1999 best 9.972
  step 450/1999 best 9.885
  step 500/1999 best 10.071
  step 550/1999 best 10.049
  step 600/1999 best 9.777
  step 650/1999 best 9.399
  step 700/1999 best 9.459
  step 750/1999 best 9.958
  step 800/1999 best 9.763
  step 850/1999 best 9.790
  step 900/1999 best 9.676
  step 950/1999 best 10.186
  step 1000/1999 best 10.095
  step 1050/1999 best 10.084
  step 1100/1999 best 10.237
  step 1150/1999 best 10.133
  step 1200/1999 best 10.042
  step 1250/1999 best 10.380
  step 1300/1999 best 9.954
  step 1350/1999 best 9.924
  step 1400/1999 best 10.142
  step 1450/1999 best 10.225
  step 1500/1999 best 10.250
  step 1550/1999 best 10.234
  step 1600/1999 best 9.911
  step 1650/1999 best 10.109
  step 1700/1999 best 9.522
  step 1750/1999 best 10.093
  step 1800/1999 best 9.957
  step 1850/1999 best 10.038
  step 1900/1999 best 10.124
  step 1950/1999 best 10.005
saved SBC_CHAINS_cnn_vmim__n1_seed_s4_sim2949_row2544460_noise1060_1239_1418 (240000, 4) acc=0.272
  step 0/1999 best -19.930
  step 50/1999 best -2.865
  step 100/1999 best 2.241
  step 150/1999 best 8.853
  step 200/1999 best 14.080
  step 250/1999 best 13.748
  step 300/1999 best 14.831
  step 350/1999 best 14.908
  step 400/1999 best 14.968
  step 450/1999 best 15.249
  step 500/1999 best 15.347
  step 550/1999 best 14.497
  step 600/1999 best 14.905
  step 650/1999 best 14.975
  step 700/1999 best 15.351
  step 750/1999 best 14.520
  step 800/1999 best 15.155
  step 850/1999 best 15.128
  step 900/1999 best 15.107
  step 950/1999 best 15.379
  step 1000/1999 best 15.358
  step 1050/1999 best 15.267
  step 1100/1999 best 15.290
  step 1150/1999 best 15.166
  step 1200/1999 best 15.338
  step 1250/1999 best 15.337
  step 1300/1999 best 15.272
  step 1350/1999 best 15.341
  step 1400/1999 best 14.998
  step 1450/1999 best 15.038
  step 1500/1999 best 15.245
  step 1550/1999 best 15.163
  step 1600/1999 best 15.370
  step 1650/1999 best 15.017
  step 1700/1999 best 15.173
  step 1750/1999 best 15.273
  step 1800/1999 best 15.290
  step 1850/1999 best 15.228
  step 1900/1999 best 15.072
  step 1950/1999 best 15.192
saved SBC_CHAINS_cnn_vmim__n1_seed_s4_sim2998_row2593230_noise690_869_1048 (240000, 4) acc=0.213
  step 0/1999 best -18.880
  step 50/1999 best 1.342
  step 100/1999 best 15.619
  step 150/1999 best 15.289
  step 200/1999 best 16.000
  step 250/1999 best 15.662
  step 300/1999 best 16.086
  step 350/1999 best 16.052
  step 400/1999 best 16.208
  step 450/1999 best 16.069
  step 500/1999 best 16.117
  step 550/1999 best 15.876
  step 600/1999 best 15.995
  step 650/1999 best 16.092
  step 700/1999 best 16.055
  step 750/1999 best 16.061
  step 800/1999 best 15.877
  step 850/1999 best 16.048
  step 900/1999 best 16.014
  step 950/1999 best 16.106
  step 1000/1999 best 16.142
  step 1050/1999 best 16.046
  step 1100/1999 best 15.975
  step 1150/1999 best 16.147
  step 1200/1999 best 16.051
  step 1250/1999 best 16.082
  step 1300/1999 best 16.008
  step 1350/1999 best 15.970
  step 1400/1999 best 16.189
  step 1450/1999 best 16.143
  step 1500/1999 best 15.939
  step 1550/1999 best 16.129
  step 1600/1999 best 15.981
  step 1650/1999 best 16.081
  step 1700/1999 best 16.169
  step 1750/1999 best 16.121
  step 1800/1999 best 16.078
  step 1850/1999 best 16.109
  step 1900/1999 best 16.194
  step 1950/1999 best 16.026
saved SBC_CHAINS_cnn_vmim__n1_seed_s4_sim2007_row1618406_noise2494_2673_2852 (240000, 4) acc=0.187
  step 0/1999 best -19.341
  step 50/1999 best -4.913
  step 100/1999 best 7.039
  step 150/1999 best 8.376
  step 200/1999 best 11.742
  step 250/1999 best 11.924
  step 300/1999 best 12.086
  step 350/1999 best 12.294
  step 400/1999 best 11.997
  step 450/1999 best 12.055
  step 500/1999 best 12.278
  step 550/1999 best 12.321
  step 600/1999 best 12.223
  step 650/1999 best 12.245
  step 700/1999 best 12.269
  step 750/1999 best 11.907
  step 800/1999 best 12.223
  step 850/1999 best 12.128
  step 900/1999 best 12.097
  step 950/1999 best 12.078
  step 1000/1999 best 12.277
  step 1050/1999 best 12.005
  step 1100/1999 best 12.220
  step 1150/1999 best 12.336
  step 1200/1999 best 12.369
  step 1250/1999 best 12.240
  step 1300/1999 best 11.989
  step 1350/1999 best 12.308
  step 1400/1999 best 12.072
  step 1450/1999 best 12.275
  step 1500/1999 best 12.202
  step 1550/1999 best 12.120
  step 1600/1999 best 11.989
  step 1650/1999 best 12.065
  step 1700/1999 best 12.329
  step 1750/1999 best 12.153
  step 1800/1999 best 11.974
  step 1850/1999 best 11.953
  step 1900/1999 best 12.064
  step 1950/1999 best 12.090
saved SBC_CHAINS_cnn_vmim__n1_seed_s4_sim3105_row2700584_noise9764_115_294 (240000, 4) acc=0.154
  step 0/1999 best -21.916
  step 50/1999 best -13.020
  step 100/1999 best -5.532
  step 150/1999 best 3.815
  step 200/1999 best 12.548
  step 250/1999 best 12.474
  step 300/1999 best 13.116
  step 350/1999 best 13.388
  step 400/1999 best 13.617
  step 450/1999 best 13.595
  step 500/1999 best 13.253
  step 550/1999 best 13.494
  step 600/1999 best 13.759
  step 650/1999 best 13.307
  step 700/1999 best 13.458
  step 750/1999 best 13.756
  step 800/1999 best 13.506
  step 850/1999 best 13.626
  step 900/1999 best 13.542
  step 950/1999 best 13.806
  step 1000/1999 best 13.733
  step 1050/1999 best 13.442
  step 1100/1999 best 13.707
  step 1150/1999 best 13.730
  step 1200/1999 best 13.778
  step 1250/1999 best 13.678
  step 1300/1999 best 13.743
  step 1350/1999 best 13.734
  step 1400/1999 best 13.572
  step 1450/1999 best 13.584
  step 1500/1999 best 13.761
  step 1550/1999 best 13.737
  step 1600/1999 best 13.692
  step 1650/1999 best 13.569
  step 1700/1999 best 13.509
  step 1750/1999 best 13.492
  step 1800/1999 best 13.823
  step 1850/1999 best 13.739
  step 1900/1999 best 13.728
  step 1950/1999 best 13.824
saved SBC_CHAINS_cnn_vmim__n1_seed_s4_sim2900_row2495593_noise1333_1512_1691 (240000, 4) acc=0.157
  step 0/1999 best -11.454
  step 50/1999 best -1.725
  step 100/1999 best 5.246
  step 150/1999 best 14.436
  step 200/1999 best 14.393
  step 250/1999 best 15.475
  step 300/1999 best 16.766
  step 350/1999 best 16.948
  step 400/1999 best 16.907
  step 450/1999 best 16.756
  step 500/1999 best 16.698
  step 550/1999 best 16.804
  step 600/1999 best 16.773
  step 650/1999 best 16.855
  step 700/1999 best 16.680
  step 750/1999 best 16.861
  step 800/1999 best 16.841
  step 850/1999 best 16.857
  step 900/1999 best 16.806
  step 950/1999 best 16.920
  step 1000/1999 best 16.851
  step 1050/1999 best 16.879
  step 1100/1999 best 16.842
  step 1150/1999 best 16.767
  step 1200/1999 best 16.869
  step 1250/1999 best 16.925
  step 1300/1999 best 16.786
  step 1350/1999 best 16.758
  step 1400/1999 best 16.839
  step 1450/1999 best 16.864
  step 1500/1999 best 16.855
  step 1550/1999 best 16.919
  step 1600/1999 best 16.836
  step 1650/1999 best 16.740
  step 1700/1999 best 16.883
  step 1750/1999 best 16.807
  step 1800/1999 best 16.837
  step 1850/1999 best 16.894
  step 1900/1999 best 16.851
  step 1950/1999 best 16.925
saved SBC_CHAINS_cnn_vmim__n1_seed_s4_sim1202_row1020124_noise3108_3287_3466 (240000, 4) acc=0.310
  step 0/1999 best -21.408
  step 50/1999 best -9.327
  step 100/1999 best -6.377
  step 150/1999 best -5.784
  step 200/1999 best 3.615
  step 250/1999 best 4.312
  step 300/1999 best 4.351
  step 350/1999 best 4.351
  step 400/1999 best 4.679
  step 450/1999 best 5.492
  step 500/1999 best 5.492
  step 550/1999 best 5.492
  step 600/1999 best 5.492
  step 650/1999 best 5.463
  step 700/1999 best 3.600
  step 750/1999 best 3.600
  step 800/1999 best 3.600
  step 850/1999 best 4.213
  step 900/1999 best 4.322
  step 950/1999 best 4.250
  step 1000/1999 best 4.250
  step 1050/1999 best 4.250
  step 1100/1999 best 4.250
  step 1150/1999 best 4.250
  step 1200/1999 best 4.250
  step 1250/1999 best 1.293
  step 1300/1999 best 1.631
  step 1350/1999 best 3.771
  step 1400/1999 best 4.122
  step 1450/1999 best 3.328
  step 1500/1999 best 3.328
  step 1550/1999 best 8.770
  step 1600/1999 best 8.770
  step 1650/1999 best 8.770
  step 1700/1999 best 8.504
  step 1750/1999 best 8.714
  step 1800/1999 best 8.714
  step 1850/1999 best 8.714
  step 1900/1999 best 8.708
  step 1950/1999 best 7.952
saved SBC_CHAINS_cnn_vmim__n1_seed_s4_sim2866_row2461766_noise6818_6997_7176 (240000, 4) acc=0.324
  step 0/1999 best -23.184
  step 50/1999 best -0.578
  step 100/1999 best 13.330
  step 150/1999 best 16.380
  step 200/1999 best 16.054
  step 250/1999 best 16.084
  step 300/1999 best 16.317
  step 350/1999 best 16.136
  step 400/1999 best 16.558
  step 450/1999 best 16.442
  step 500/1999 best 16.432
  step 550/1999 best 16.091
  step 600/1999 best 16.446
  step 650/1999 best 16.460
  step 700/1999 best 16.507
  step 750/1999 best 16.567
  step 800/1999 best 16.499
  step 850/1999 best 16.474
  step 900/1999 best 16.591
  step 950/1999 best 16.572
  step 1000/1999 best 16.472
  step 1050/1999 best 16.595
  step 1100/1999 best 16.517
  step 1150/1999 best 16.291
  step 1200/1999 best 16.506
  step 1250/1999 best 16.567
  step 1300/1999 best 16.392
  step 1350/1999 best 16.496
  step 1400/1999 best 16.547
  step 1450/1999 best 16.469
  step 1500/1999 best 16.483
  step 1550/1999 best 16.468
  step 1600/1999 best 16.364
  step 1650/1999 best 16.466
  step 1700/1999 best 16.564
  step 1750/1999 best 16.416
  step 1800/1999 best 16.608
  step 1850/1999 best 16.499
  step 1900/1999 best 16.631
  step 1950/1999 best 16.610
saved SBC_CHAINS_cnn_vmim__n1_seed_s4_sim1748_row1501414_noise8858_9037_9216 (240000, 4) acc=0.239
  step 0/1999 best -22.000
  step 50/1999 best 6.947
  step 100/1999 best 6.931
  step 150/1999 best 11.294
  step 200/1999 best 11.762
  step 250/1999 best 11.931
  step 300/1999 best 12.445
  step 350/1999 best 12.014
  step 400/1999 best 12.603
  step 450/1999 best 12.593
  step 500/1999 best 12.571
  step 550/1999 best 12.711
  step 600/1999 best 13.019
  step 650/1999 best 12.869
  step 700/1999 best 12.929
  step 750/1999 best 12.598
  step 800/1999 best 12.715
  step 850/1999 best 12.760
  step 900/1999 best 13.032
  step 950/1999 best 12.814
  step 1000/1999 best 13.016
  step 1050/1999 best 12.907
  step 1100/1999 best 12.950
  step 1150/1999 best 12.848
  step 1200/1999 best 12.738
  step 1250/1999 best 12.912
  step 1300/1999 best 12.959
  step 1350/1999 best 13.069
  step 1400/1999 best 13.036
  step 1450/1999 best 12.824
  step 1500/1999 best 13.030
  step 1550/1999 best 12.838
  step 1600/1999 best 12.968
  step 1650/1999 best 12.855
  step 1700/1999 best 13.096
  step 1750/1999 best 13.063
  step 1800/1999 best 12.562
  step 1850/1999 best 12.976
  step 1900/1999 best 12.412
  step 1950/1999 best 12.884
saved SBC_CHAINS_cnn_vmim__n1_seed_s4_sim688_row639218_noise258_437_616 (240000, 4) acc=0.096
  step 0/1999 best -26.021
  step 50/1999 best 0.200
  step 100/1999 best 11.855
  step 150/1999 best 9.949
  step 200/1999 best 11.460
  step 250/1999 best 11.952
  step 300/1999 best 12.898
  step 350/1999 best 13.226
  step 400/1999 best 13.614
  step 450/1999 best 13.400
  step 500/1999 best 13.238
  step 550/1999 best 13.533
  step 600/1999 best 13.442
  step 650/1999 best 13.456
  step 700/1999 best 13.450
  step 750/1999 best 13.425
  step 800/1999 best 13.588
  step 850/1999 best 13.341
  step 900/1999 best 13.527
  step 950/1999 best 13.504
  step 1000/1999 best 13.413
  step 1050/1999 best 13.462
  step 1100/1999 best 13.353
  step 1150/1999 best 13.627
  step 1200/1999 best 13.474
  step 1250/1999 best 13.505
  step 1300/1999 best 13.478
  step 1350/1999 best 13.554
  step 1400/1999 best 13.403
  step 1450/1999 best 13.361
  step 1500/1999 best 13.490
  step 1550/1999 best 13.572
  step 1600/1999 best 13.469
  step 1650/1999 best 13.418
  step 1700/1999 best 13.568
  step 1750/1999 best 13.596
  step 1800/1999 best 13.540
  step 1850/1999 best 13.435
  step 1900/1999 best 13.608
  step 1950/1999 best 13.520
saved SBC_CHAINS_cnn_vmim__n1_seed_s4_sim2530_row2129910_noise5114_5293_5472 (240000, 4) acc=0.145
  step 0/1999 best -20.345
  step 50/1999 best 8.977
  step 100/1999 best 11.690
  step 150/1999 best 11.570
  step 200/1999 best 12.223
  step 250/1999 best 12.562
  step 300/1999 best 12.259
  step 350/1999 best 12.380
  step 400/1999 best 12.399
  step 450/1999 best 12.511
  step 500/1999 best 12.583
  step 550/1999 best 12.630
  step 600/1999 best 12.628
  step 650/1999 best 12.667
  step 700/1999 best 12.636
  step 750/1999 best 12.688
  step 800/1999 best 12.607
  step 850/1999 best 12.710
  step 900/1999 best 12.458
  step 950/1999 best 12.400
  step 1000/1999 best 12.652
  step 1050/1999 best 12.623
  step 1100/1999 best 12.632
  step 1150/1999 best 12.561
  step 1200/1999 best 12.747
  step 1250/1999 best 12.767
  step 1300/1999 best 12.523
  step 1350/1999 best 12.454
  step 1400/1999 best 12.536
  step 1450/1999 best 12.741
  step 1500/1999 best 12.598
  step 1550/1999 best 12.593
  step 1600/1999 best 12.575
  step 1650/1999 best 12.705
  step 1700/1999 best 12.694
  step 1750/1999 best 12.769
  step 1800/1999 best 12.544
  step 1850/1999 best 12.710
  step 1900/1999 best 12.741
  step 1950/1999 best 12.510
saved SBC_CHAINS_cnn_vmim__n1_seed_s4_sim3098_row2693962_noise3142_3321_3500 (240000, 4) acc=0.174
  step 0/1999 best -8.606
  step 50/1999 best -3.287
  step 100/1999 best 8.646
  step 150/1999 best 10.942
  step 200/1999 best 12.369
  step 250/1999 best 13.334
  step 300/1999 best 13.058
  step 350/1999 best 13.171
  step 400/1999 best 13.505
  step 450/1999 best 13.458
  step 500/1999 best 13.429
  step 550/1999 best 13.511
  step 600/1999 best 13.506
  step 650/1999 best 13.457
  step 700/1999 best 13.359
  step 750/1999 best 13.382
  step 800/1999 best 13.412
  step 850/1999 best 13.460
  step 900/1999 best 13.489
  step 950/1999 best 13.556
  step 1000/1999 best 13.321
  step 1050/1999 best 13.579
  step 1100/1999 best 13.427
  step 1150/1999 best 13.442
  step 1200/1999 best 13.523
  step 1250/1999 best 13.465
  step 1300/1999 best 13.454
  step 1350/1999 best 13.629
  step 1400/1999 best 13.582
  step 1450/1999 best 13.557
  step 1500/1999 best 13.536
  step 1550/1999 best 13.517
  step 1600/1999 best 13.475
  step 1650/1999 best 13.478
  step 1700/1999 best 13.478
  step 1750/1999 best 13.586
  step 1800/1999 best 13.426
  step 1850/1999 best 13.472
  step 1900/1999 best 13.526
  step 1950/1999 best 13.479
saved SBC_CHAINS_cnn_vmim__n1_seed_s4_sim2437_row2036746_noise402_581_760 (240000, 4) acc=0.237
  step 0/1999 best -10.018
  step 50/1999 best 4.149
  step 100/1999 best 14.403
  step 150/1999 best 15.377
  step 200/1999 best 15.776
  step 250/1999 best 15.658
  step 300/1999 best 15.759
  step 350/1999 best 15.803
  step 400/1999 best 15.810
  step 450/1999 best 15.805
  step 500/1999 best 15.626
  step 550/1999 best 15.586
  step 600/1999 best 15.802
  step 650/1999 best 15.801
  step 700/1999 best 15.776
  step 750/1999 best 15.792
  step 800/1999 best 15.615
  step 850/1999 best 15.841
  step 900/1999 best 15.667
  step 950/1999 best 15.701
  step 1000/1999 best 15.759
  step 1050/1999 best 15.672
  step 1100/1999 best 15.812
  step 1150/1999 best 15.779
  step 1200/1999 best 15.846
  step 1250/1999 best 15.707
  step 1300/1999 best 15.728
  step 1350/1999 best 15.631
  step 1400/1999 best 15.840
  step 1450/1999 best 15.768
  step 1500/1999 best 15.719
  step 1550/1999 best 15.877
  step 1600/1999 best 15.724
  step 1650/1999 best 15.823
  step 1700/1999 best 15.790
  step 1750/1999 best 15.790
  step 1800/1999 best 15.771
  step 1850/1999 best 15.615
  step 1900/1999 best 15.866
  step 1950/1999 best 15.770
saved SBC_CHAINS_cnn_vmim__n1_seed_s4_sim1747_row1500564_noise8008_8187_8366 (240000, 4) acc=0.315
  step 0/1999 best -22.658
  step 50/1999 best -0.968
  step 100/1999 best 8.795
  step 150/1999 best 9.283
  step 200/1999 best 9.432
  step 250/1999 best 9.701
  step 300/1999 best 10.270
  step 350/1999 best 9.876
  step 400/1999 best 10.001
  step 450/1999 best 10.185
  step 500/1999 best 10.004
  step 550/1999 best 10.199
  step 600/1999 best 10.110
  step 650/1999 best 10.102
  step 700/1999 best 10.307
  step 750/1999 best 9.995
  step 800/1999 best 10.207
  step 850/1999 best 10.197
  step 900/1999 best 10.268
  step 950/1999 best 10.109
  step 1000/1999 best 10.084
  step 1050/1999 best 9.949
  step 1100/1999 best 10.249
  step 1150/1999 best 10.208
  step 1200/1999 best 10.278
  step 1250/1999 best 10.198
  step 1300/1999 best 10.303
  step 1350/1999 best 10.247
  step 1400/1999 best 10.294
  step 1450/1999 best 10.071
  step 1500/1999 best 10.201
  step 1550/1999 best 10.333
  step 1600/1999 best 10.255
  step 1650/1999 best 10.277
  step 1700/1999 best 10.308
  step 1750/1999 best 10.108
  step 1800/1999 best 10.265
  step 1850/1999 best 10.167
  step 1900/1999 best 10.248
  step 1950/1999 best 10.215
saved SBC_CHAINS_cnn_vmim__n1_seed_s4_sim679_row630361_noise1229_1408_1587 (240000, 4) acc=0.278
  step 0/1999 best -23.223
  step 50/1999 best 11.601
  step 100/1999 best 9.406
  step 150/1999 best 12.753
  step 200/1999 best 12.753
  step 250/1999 best 12.731
  step 300/1999 best 12.473
  step 350/1999 best 13.243
  step 400/1999 best 12.855
  step 450/1999 best 13.221
  step 500/1999 best 13.104
  step 550/1999 best 13.264
  step 600/1999 best 13.118
  step 650/1999 best 13.268
  step 700/1999 best 13.208
  step 750/1999 best 13.309
  step 800/1999 best 13.191
  step 850/1999 best 12.776
  step 900/1999 best 13.064
  step 950/1999 best 13.135
  step 1000/1999 best 13.127
  step 1050/1999 best 13.190
  step 1100/1999 best 12.858
  step 1150/1999 best 13.270
  step 1200/1999 best 12.935
  step 1250/1999 best 13.108
  step 1300/1999 best 12.931
  step 1350/1999 best 13.088
  step 1400/1999 best 13.058
  step 1450/1999 best 13.137
  step 1500/1999 best 13.187
  step 1550/1999 best 13.302
  step 1600/1999 best 13.041
  step 1650/1999 best 13.089
  step 1700/1999 best 13.271
  step 1750/1999 best 12.988
  step 1800/1999 best 13.296
  step 1850/1999 best 13.103
  step 1900/1999 best 13.118
  step 1950/1999 best 13.314
saved SBC_CHAINS_cnn_vmim__n1_seed_s4_sim2899_row2494346_noise86_265_444 (240000, 4) acc=0.145
  step 0/1999 best -18.133
  step 50/1999 best -4.965
  step 100/1999 best 2.886
  step 150/1999 best 9.945
  step 200/1999 best 11.870
  step 250/1999 best 12.396
  step 300/1999 best 12.053
  step 350/1999 best 13.290
  step 400/1999 best 13.446
  step 450/1999 best 13.627
  step 500/1999 best 13.255
  step 550/1999 best 13.556
  step 600/1999 best 13.728
  step 650/1999 best 13.661
  step 700/1999 best 13.809
  step 750/1999 best 13.573
  step 800/1999 best 13.713
  step 850/1999 best 13.844
  step 900/1999 best 13.790
  step 950/1999 best 13.770
  step 1000/1999 best 13.738
  step 1050/1999 best 13.673
  step 1100/1999 best 13.672
  step 1150/1999 best 13.518
  step 1200/1999 best 13.838
  step 1250/1999 best 13.671
  step 1300/1999 best 13.415
  step 1350/1999 best 13.639
  step 1400/1999 best 13.626
  step 1450/1999 best 13.584
  step 1500/1999 best 13.362
  step 1550/1999 best 13.740
  step 1600/1999 best 13.621
  step 1650/1999 best 13.747
  step 1700/1999 best 13.763
  step 1750/1999 best 13.693
  step 1800/1999 best 13.722
  step 1850/1999 best 13.859
  step 1900/1999 best 13.768
  step 1950/1999 best 13.808
saved SBC_CHAINS_cnn_vmim__n1_seed_s4_sim2980_row2575943_noise3059_3238_3417 (240000, 4) acc=0.131
  step 0/1999 best -26.178
  step 50/1999 best 2.959
  step 100/1999 best 3.352
  step 150/1999 best 7.307
  step 200/1999 best 8.788
  step 250/1999 best 9.703
  step 300/1999 best 9.428
  step 350/1999 best 10.009
  step 400/1999 best 9.920
  step 450/1999 best 9.648
  step 500/1999 best 10.055
  step 550/1999 best 10.023
  step 600/1999 best 9.890
  step 650/1999 best 9.894
  step 700/1999 best 9.956
  step 750/1999 best 10.069
  step 800/1999 best 10.109
  step 850/1999 best 9.996
  step 900/1999 best 9.950
  step 950/1999 best 9.695
  step 1000/1999 best 10.076
  step 1050/1999 best 9.905
  step 1100/1999 best 10.102
  step 1150/1999 best 9.948
  step 1200/1999 best 10.104
  step 1250/1999 best 10.102
  step 1300/1999 best 10.031
  step 1350/1999 best 9.973
  step 1400/1999 best 9.755
  step 1450/1999 best 9.987
  step 1500/1999 best 10.090
  step 1550/1999 best 9.981
  step 1600/1999 best 10.016
  step 1650/1999 best 9.776
  step 1700/1999 best 10.145
  step 1750/1999 best 9.943
  step 1800/1999 best 9.814
  step 1850/1999 best 10.120
  step 1900/1999 best 9.965
  step 1950/1999 best 9.850
saved SBC_CHAINS_cnn_vmim__n1_seed_s4_sim2629_row2228318_noise5242_5421_5600 (240000, 4) acc=0.132
  step 0/1999 best -12.443
  step 50/1999 best -12.443
  step 100/1999 best 7.213
  step 150/1999 best 7.213
  step 200/1999 best 7.702
  step 250/1999 best 7.781
  step 300/1999 best 6.935
  step 350/1999 best 7.908
  step 400/1999 best 7.112
  step 450/1999 best 8.875
  step 500/1999 best 8.377
  step 550/1999 best 8.487
  step 600/1999 best 8.618
  step 650/1999 best 8.411
  step 700/1999 best 9.561
  step 750/1999 best 9.402
  step 800/1999 best 9.402
  step 850/1999 best 9.428
  step 900/1999 best 9.133
  step 950/1999 best 9.133
  step 1000/1999 best 8.980
  step 1050/1999 best 9.059
  step 1100/1999 best 9.260
  step 1150/1999 best 9.248
  step 1200/1999 best 8.994
  step 1250/1999 best 8.798
  step 1300/1999 best 8.151
  step 1350/1999 best 8.333
  step 1400/1999 best 8.333
  step 1450/1999 best 8.873
  step 1500/1999 best 9.003
  step 1550/1999 best 9.116
  step 1600/1999 best 8.613
  step 1650/1999 best 9.096
  step 1700/1999 best 8.713
  step 1750/1999 best 9.211
  step 1800/1999 best 9.210
  step 1850/1999 best 8.916
  step 1900/1999 best 8.967
  step 1950/1999 best 8.989
saved SBC_CHAINS_cnn_vmim__n1_seed_s4_sim2864_row2459370_noise4422_4601_4780 (240000, 4) acc=0.328
  step 0/1999 best -20.076
  step 50/1999 best -9.272
  step 100/1999 best -4.554
  step 150/1999 best -3.906
  step 200/1999 best -2.133
  step 250/1999 best -2.133
  step 300/1999 best 1.373
  step 350/1999 best 3.636
  step 400/1999 best 3.486
  step 450/1999 best 4.462
  step 500/1999 best 4.462
  step 550/1999 best 9.295
  step 600/1999 best 10.604
  step 650/1999 best 9.086
  step 700/1999 best 11.463
  step 750/1999 best 11.841
  step 800/1999 best 10.994
  step 850/1999 best 12.252
  step 900/1999 best 12.705
  step 950/1999 best 11.947
  step 1000/1999 best 12.469
  step 1050/1999 best 12.721
  step 1100/1999 best 12.045
  step 1150/1999 best 13.369
  step 1200/1999 best 12.821
  step 1250/1999 best 13.220
  step 1300/1999 best 12.972
  step 1350/1999 best 13.088
  step 1400/1999 best 12.976
  step 1450/1999 best 13.350
  step 1500/1999 best 13.175
  step 1550/1999 best 13.640
  step 1600/1999 best 13.796
  step 1650/1999 best 13.071
  step 1700/1999 best 13.246
  step 1750/1999 best 13.728
  step 1800/1999 best 13.831
  step 1850/1999 best 13.572
  step 1900/1999 best 13.936
  step 1950/1999 best 13.586
saved SBC_CHAINS_cnn_vmim__n1_seed_s4_sim2830_row2425357_noise9721_72_251 (240000, 4) acc=0.209
  step 0/1999 best -14.786
  step 50/1999 best 3.772
  step 100/1999 best 10.751
  step 150/1999 best 13.849
  step 200/1999 best 16.514
  step 250/1999 best 16.530
  step 300/1999 best 17.028
  step 350/1999 best 17.020
  step 400/1999 best 17.121
  step 450/1999 best 17.309
  step 500/1999 best 17.322
  step 550/1999 best 17.376
  step 600/1999 best 17.267
  step 650/1999 best 17.163
  step 700/1999 best 17.270
  step 750/1999 best 17.224
  step 800/1999 best 17.429
  step 850/1999 best 17.243
  step 900/1999 best 17.363
  step 950/1999 best 17.427
  step 1000/1999 best 17.282
  step 1050/1999 best 17.116
  step 1100/1999 best 17.444
  step 1150/1999 best 17.344
  step 1200/1999 best 17.401
  step 1250/1999 best 17.284
  step 1300/1999 best 17.287
  step 1350/1999 best 17.291
  step 1400/1999 best 17.316
  step 1450/1999 best 17.322
  step 1500/1999 best 17.295
  step 1550/1999 best 17.250
  step 1600/1999 best 17.344
  step 1650/1999 best 17.240
  step 1700/1999 best 17.251
  step 1750/1999 best 17.349
  step 1800/1999 best 17.385
  step 1850/1999 best 17.387
  step 1900/1999 best 17.359
  step 1950/1999 best 17.308
saved SBC_CHAINS_cnn_vmim__n1_seed_s4_sim1990_row1601011_noise4755_4934_5113 (240000, 4) acc=0.177
  step 0/1999 best -23.162
  step 50/1999 best 0.389
  step 100/1999 best 7.507
  step 150/1999 best 12.307
  step 200/1999 best 12.832
  step 250/1999 best 14.118
  step 300/1999 best 14.686
  step 350/1999 best 14.709
  step 400/1999 best 14.815
  step 450/1999 best 14.843
  step 500/1999 best 14.710
  step 550/1999 best 14.717
  step 600/1999 best 14.779
  step 650/1999 best 14.829
  step 700/1999 best 14.557
  step 750/1999 best 14.761
  step 800/1999 best 14.717
  step 850/1999 best 14.781
  step 900/1999 best 14.901
  step 950/1999 best 14.597
  step 1000/1999 best 14.844
  step 1050/1999 best 14.758
  step 1100/1999 best 14.861
  step 1150/1999 best 14.863
  step 1200/1999 best 14.671
  step 1250/1999 best 14.869
  step 1300/1999 best 14.809
  step 1350/1999 best 14.654
  step 1400/1999 best 14.669
  step 1450/1999 best 14.850
  step 1500/1999 best 14.899
  step 1550/1999 best 14.884
  step 1600/1999 best 14.804
  step 1650/1999 best 14.720
  step 1700/1999 best 14.781
  step 1750/1999 best 14.804
  step 1800/1999 best 14.735
  step 1850/1999 best 14.786
  step 1900/1999 best 14.837
  step 1950/1999 best 14.896
saved SBC_CHAINS_cnn_vmim__n1_seed_s4_sim3069_row2664509_noise3173_3352_3531 (240000, 4) acc=0.180
  step 0/1999 best -17.136
  step 50/1999 best 10.582
  step 100/1999 best 13.167
  step 150/1999 best 12.801
  step 200/1999 best 14.225
  step 250/1999 best 15.262
  step 300/1999 best 15.997
  step 350/1999 best 16.589
  step 400/1999 best 16.368
  step 450/1999 best 16.782
  step 500/1999 best 17.012
  step 550/1999 best 16.772
  step 600/1999 best 17.003
  step 650/1999 best 16.946
  step 700/1999 best 16.931
  step 750/1999 best 17.005
  step 800/1999 best 16.983
  step 850/1999 best 17.038
  step 900/1999 best 17.093
  step 950/1999 best 17.047
  step 1000/1999 best 17.013
  step 1050/1999 best 17.077
  step 1100/1999 best 17.120
  step 1150/1999 best 16.799
  step 1200/1999 best 16.938
  step 1250/1999 best 17.049
  step 1300/1999 best 17.001
  step 1350/1999 best 16.884
  step 1400/1999 best 17.089
  step 1450/1999 best 17.022
  step 1500/1999 best 17.024
  step 1550/1999 best 17.032
  step 1600/1999 best 17.085
  step 1650/1999 best 17.044
  step 1700/1999 best 17.103
  step 1750/1999 best 16.636
  step 1800/1999 best 16.962
  step 1850/1999 best 17.145
  step 1900/1999 best 17.019
  step 1950/1999 best 17.117
saved SBC_CHAINS_cnn_vmim__n1_seed_s4_sim1269_row1087083_noise1271_1450_1629 (240000, 4) acc=0.213
  step 0/1999 best -17.132
  step 50/1999 best -2.794
  step 100/1999 best -0.594
  step 150/1999 best 8.301
  step 200/1999 best 11.171
  step 250/1999 best 12.651
  step 300/1999 best 14.397
  step 350/1999 best 14.773
  step 400/1999 best 14.763
  step 450/1999 best 14.655
  step 500/1999 best 14.815
  step 550/1999 best 14.336
  step 600/1999 best 14.705
  step 650/1999 best 14.737
  step 700/1999 best 14.823
  step 750/1999 best 14.933
  step 800/1999 best 14.862
  step 850/1999 best 14.583
  step 900/1999 best 14.748
  step 950/1999 best 14.720
  step 1000/1999 best 14.809
  step 1050/1999 best 14.961
  step 1100/1999 best 14.768
  step 1150/1999 best 14.877
  step 1200/1999 best 14.869
  step 1250/1999 best 14.773
  step 1300/1999 best 14.985
  step 1350/1999 best 14.877
  step 1400/1999 best 14.712
  step 1450/1999 best 14.906
  step 1500/1999 best 14.832
  step 1550/1999 best 14.925
  step 1600/1999 best 14.717
  step 1650/1999 best 14.815
  step 1700/1999 best 14.993
  step 1750/1999 best 14.792
  step 1800/1999 best 15.002
  step 1850/1999 best 14.893
  step 1900/1999 best 14.951
  step 1950/1999 best 14.669
saved SBC_CHAINS_cnn_vmim__n1_seed_s4_sim1234_row1052714_noise6214_6393_6572 (240000, 4) acc=0.116
  step 0/1999 best -13.422
  step 50/1999 best 12.560
  step 100/1999 best 14.007
  step 150/1999 best 13.884
  step 200/1999 best 15.463
  step 250/1999 best 15.243
  step 300/1999 best 15.383
  step 350/1999 best 15.448
  step 400/1999 best 15.432
  step 450/1999 best 15.466
  step 500/1999 best 15.362
  step 550/1999 best 15.462
  step 600/1999 best 15.703
  step 650/1999 best 15.712
  step 700/1999 best 15.580
  step 750/1999 best 15.516
  step 800/1999 best 15.735
  step 850/1999 best 15.397
  step 900/1999 best 15.507
  step 950/1999 best 15.618
  step 1000/1999 best 15.753
  step 1050/1999 best 15.746
  step 1100/1999 best 15.630
  step 1150/1999 best 15.369
  step 1200/1999 best 15.701
  step 1250/1999 best 15.587
  step 1300/1999 best 15.699
  step 1350/1999 best 15.506
  step 1400/1999 best 15.460
  step 1450/1999 best 15.712
  step 1500/1999 best 15.731
  step 1550/1999 best 15.733
  step 1600/1999 best 15.747
  step 1650/1999 best 15.763
  step 1700/1999 best 15.526
  step 1750/1999 best 15.641
  step 1800/1999 best 15.710
  step 1850/1999 best 15.780
  step 1900/1999 best 15.624
  step 1950/1999 best 15.594
saved SBC_CHAINS_cnn_vmim__n1_seed_s4_sim746_row695678_noise9578_9757_108 (240000, 4) acc=0.160
  step 0/1999 best -8.572
  step 50/1999 best 2.943
  step 100/1999 best 8.117
  step 150/1999 best 12.691
  step 200/1999 best 13.374
  step 250/1999 best 12.951
  step 300/1999 best 13.412
  step 350/1999 best 13.210
  step 400/1999 best 13.177
  step 450/1999 best 13.304
  step 500/1999 best 13.397
  step 550/1999 best 13.358
  step 600/1999 best 13.309
  step 650/1999 best 13.366
  step 700/1999 best 13.456
  step 750/1999 best 13.369
  step 800/1999 best 13.246
  step 850/1999 best 13.337
  step 900/1999 best 13.438
  step 950/1999 best 13.454
  step 1000/1999 best 13.250
  step 1050/1999 best 13.457
  step 1100/1999 best 13.520
  step 1150/1999 best 13.355
  step 1200/1999 best 13.393
  step 1250/1999 best 13.183
  step 1300/1999 best 13.310
  step 1350/1999 best 13.490
  step 1400/1999 best 13.455
  step 1450/1999 best 13.401
  step 1500/1999 best 13.364
  step 1550/1999 best 13.541
  step 1600/1999 best 13.440
  step 1650/1999 best 13.365
  step 1700/1999 best 13.488
  step 1750/1999 best 13.478
  step 1800/1999 best 13.308
  step 1850/1999 best 13.403
  step 1900/1999 best 13.406
  step 1950/1999 best 13.308
saved SBC_CHAINS_cnn_vmim__n1_seed_s4_sim133_row124915_noise6151_6330_6509 (240000, 4) acc=0.293
  step 0/1999 best -22.349
  step 50/1999 best 4.626
  step 100/1999 best 13.694
  step 150/1999 best 15.667
  step 200/1999 best 15.917
  step 250/1999 best 15.829
  step 300/1999 best 15.845
  step 350/1999 best 16.090
  step 400/1999 best 16.346
  step 450/1999 best 16.185
  step 500/1999 best 16.320
  step 550/1999 best 16.305
  step 600/1999 best 16.134
  step 650/1999 best 16.307
  step 700/1999 best 16.300
  step 750/1999 best 16.120
  step 800/1999 best 16.126
  step 850/1999 best 16.283
  step 900/1999 best 16.213
  step 950/1999 best 16.263
  step 1000/1999 best 16.223
  step 1050/1999 best 16.270
  step 1100/1999 best 16.131
  step 1150/1999 best 16.132
  step 1200/1999 best 16.045
  step 1250/1999 best 16.301
  step 1300/1999 best 16.202
  step 1350/1999 best 16.306
  step 1400/1999 best 16.117
  step 1450/1999 best 16.117
  step 1500/1999 best 16.078
  step 1550/1999 best 16.371
  step 1600/1999 best 16.251
  step 1650/1999 best 16.186
  step 1700/1999 best 16.371
  step 1750/1999 best 16.308
  step 1800/1999 best 16.308
  step 1850/1999 best 16.276
  step 1900/1999 best 16.293
  step 1950/1999 best 16.324
saved SBC_CHAINS_cnn_vmim__n1_seed_s4_sim435_row413228_noise2796_2975_3154 (240000, 4) acc=0.189
  step 0/1999 best -20.818
  step 50/1999 best 6.868
  step 100/1999 best 13.026
  step 150/1999 best 12.784
  step 200/1999 best 12.628
  step 250/1999 best 12.487
  step 300/1999 best 12.973
  step 350/1999 best 12.967
  step 400/1999 best 12.857
  step 450/1999 best 12.957
  step 500/1999 best 13.079
  step 550/1999 best 12.941
  step 600/1999 best 12.840
  step 650/1999 best 12.901
  step 700/1999 best 12.980
  step 750/1999 best 12.990
  step 800/1999 best 12.995
  step 850/1999 best 12.947
  step 900/1999 best 13.050
  step 950/1999 best 12.944
  step 1000/1999 best 12.796
  step 1050/1999 best 12.871
  step 1100/1999 best 13.012
  step 1150/1999 best 12.997
  step 1200/1999 best 12.877
  step 1250/1999 best 12.832
  step 1300/1999 best 13.037
  step 1350/1999 best 13.143
  step 1400/1999 best 13.051
  step 1450/1999 best 12.924
  step 1500/1999 best 12.918
  step 1550/1999 best 13.083
  step 1600/1999 best 12.902
  step 1650/1999 best 12.963
  step 1700/1999 best 13.083
  step 1750/1999 best 12.934
  step 1800/1999 best 13.063
  step 1850/1999 best 12.928
  step 1900/1999 best 12.945
  step 1950/1999 best 13.048
saved SBC_CHAINS_cnn_vmim__n1_seed_s4_sim2516_row2115348_noise380_559_738 (240000, 4) acc=0.235
  step 0/1999 best -19.317
  step 50/1999 best 7.022
  step 100/1999 best 10.611
  step 150/1999 best 13.065
  step 200/1999 best 13.612
  step 250/1999 best 13.396
  step 300/1999 best 13.425
  step 350/1999 best 13.657
  step 400/1999 best 13.551
  step 450/1999 best 13.637
  step 500/1999 best 13.564
  step 550/1999 best 13.706
  step 600/1999 best 13.442
  step 650/1999 best 13.446
  step 700/1999 best 13.716
  step 750/1999 best 13.656
  step 800/1999 best 13.523
  step 850/1999 best 13.605
  step 900/1999 best 13.653
  step 950/1999 best 13.728
  step 1000/1999 best 13.709
  step 1050/1999 best 13.431
  step 1100/1999 best 13.686
  step 1150/1999 best 13.754
  step 1200/1999 best 13.639
  step 1250/1999 best 13.677
  step 1300/1999 best 13.652
  step 1350/1999 best 13.691
  step 1400/1999 best 13.596
  step 1450/1999 best 13.720
  step 1500/1999 best 13.717
  step 1550/1999 best 13.770
  step 1600/1999 best 13.454
  step 1650/1999 best 13.660
  step 1700/1999 best 13.468
  step 1750/1999 best 13.730
  step 1800/1999 best 13.768
  step 1850/1999 best 13.648
  step 1900/1999 best 13.669
  step 1950/1999 best 13.632
saved SBC_CHAINS_cnn_vmim__n1_seed_s4_sim2397_row1996208_noise9004_9183_9362 (240000, 4) acc=0.277
  step 0/1999 best -15.230
  step 50/1999 best 0.549
  step 100/1999 best 6.255
  step 150/1999 best 6.002
  step 200/1999 best 11.964
  step 250/1999 best 12.668
  step 300/1999 best 13.122
  step 350/1999 best 13.482
  step 400/1999 best 13.751
  step 450/1999 best 13.609
  step 500/1999 best 13.664
  step 550/1999 best 13.596
  step 600/1999 best 13.742
  step 650/1999 best 13.589
  step 700/1999 best 13.801
  step 750/1999 best 13.689
  step 800/1999 best 13.715
  step 850/1999 best 13.670
  step 900/1999 best 13.664
  step 950/1999 best 13.803
  step 1000/1999 best 13.727
  step 1050/1999 best 13.733
  step 1100/1999 best 13.626
  step 1150/1999 best 13.651
  step 1200/1999 best 13.757
  step 1250/1999 best 13.786
  step 1300/1999 best 13.559
  step 1350/1999 best 13.685
  step 1400/1999 best 13.736
  step 1450/1999 best 13.707
  step 1500/1999 best 13.900
  step 1550/1999 best 13.652
  step 1600/1999 best 13.608
  step 1650/1999 best 13.683
  step 1700/1999 best 13.723
  step 1750/1999 best 13.671
  step 1800/1999 best 13.837
  step 1850/1999 best 13.706
  step 1900/1999 best 13.688
  step 1950/1999 best 13.858
saved SBC_CHAINS_cnn_vmim__n1_seed_s4_sim2536_row2135907_noise1283_1462_1641 (240000, 4) acc=0.143
  step 0/1999 best -21.488
  step 50/1999 best -8.494
  step 100/1999 best 5.886
  step 150/1999 best 11.495
  step 200/1999 best 12.967
  step 250/1999 best 12.967
  step 300/1999 best 12.550
  step 350/1999 best 13.496
  step 400/1999 best 12.284
  step 450/1999 best 13.799
  step 500/1999 best 12.908
  step 550/1999 best 13.333
  step 600/1999 best 13.483
  step 650/1999 best 13.203
  step 700/1999 best 13.614
  step 750/1999 best 13.595
  step 800/1999 best 12.916
  step 850/1999 best 13.525
  step 900/1999 best 14.006
  step 950/1999 best 13.969
  step 1000/1999 best 13.996
  step 1050/1999 best 13.125
  step 1100/1999 best 13.937
  step 1150/1999 best 13.771
  step 1200/1999 best 13.224
  step 1250/1999 best 13.828
  step 1300/1999 best 13.737
  step 1350/1999 best 13.757
  step 1400/1999 best 13.247
  step 1450/1999 best 13.172
  step 1500/1999 best 13.426
  step 1550/1999 best 14.003
  step 1600/1999 best 14.007
  step 1650/1999 best 13.482
  step 1700/1999 best 13.539
  step 1750/1999 best 13.584
  step 1800/1999 best 13.800
  step 1850/1999 best 13.385
  step 1900/1999 best 13.182
  step 1950/1999 best 13.749
saved SBC_CHAINS_cnn_vmim__n1_seed_s4_sim2918_row2513221_noise9133_9312_9491 (240000, 4) acc=0.275
  step 0/1999 best -18.064
  step 50/1999 best 1.172
  step 100/1999 best 8.902
  step 150/1999 best 13.905
  step 200/1999 best 15.223
  step 250/1999 best 16.910
  step 300/1999 best 16.491
  step 350/1999 best 17.191
  step 400/1999 best 17.216
  step 450/1999 best 16.884
  step 500/1999 best 17.030
  step 550/1999 best 16.772
  step 600/1999 best 16.956
  step 650/1999 best 17.248
  step 700/1999 best 16.772
  step 750/1999 best 17.052
  step 800/1999 best 17.131
  step 850/1999 best 17.287
  step 900/1999 best 17.207
  step 950/1999 best 17.057
  step 1000/1999 best 17.196
  step 1050/1999 best 17.085
  step 1100/1999 best 17.072
  step 1150/1999 best 17.149
  step 1200/1999 best 17.220
  step 1250/1999 best 16.911
  step 1300/1999 best 17.173
  step 1350/1999 best 17.230
  step 1400/1999 best 17.014
  step 1450/1999 best 17.060
  step 1500/1999 best 17.240
  step 1550/1999 best 17.272
  step 1600/1999 best 17.175
  step 1650/1999 best 17.197
  step 1700/1999 best 17.277
  step 1750/1999 best 17.111
  step 1800/1999 best 17.326
  step 1850/1999 best 17.230
  step 1900/1999 best 17.118
  step 1950/1999 best 17.240
saved SBC_CHAINS_cnn_vmim__n1_seed_s4_sim1984_row1595792_noise9364_9543_9722 (240000, 4) acc=0.165
  step 0/1999 best -21.727
  step 50/1999 best 2.259
  step 100/1999 best 7.147
  step 150/1999 best 12.542
  step 200/1999 best 15.175
  step 250/1999 best 15.119
  step 300/1999 best 15.361
  step 350/1999 best 15.535
  step 400/1999 best 15.247
  step 450/1999 best 15.261
  step 500/1999 best 15.688
  step 550/1999 best 15.522
  step 600/1999 best 15.501
  step 650/1999 best 15.679
  step 700/1999 best 15.613
  step 750/1999 best 15.513
  step 800/1999 best 15.668
  step 850/1999 best 15.585
  step 900/1999 best 15.241
  step 950/1999 best 15.650
  step 1000/1999 best 15.479
  step 1050/1999 best 15.634
  step 1100/1999 best 15.541
  step 1150/1999 best 15.553
  step 1200/1999 best 15.690
  step 1250/1999 best 15.498
  step 1300/1999 best 15.569
  step 1350/1999 best 15.462
  step 1400/1999 best 15.389
  step 1450/1999 best 15.613
  step 1500/1999 best 15.561
  step 1550/1999 best 15.473
  step 1600/1999 best 15.575
  step 1650/1999 best 15.547
  step 1700/1999 best 15.603
  step 1750/1999 best 15.676
  step 1800/1999 best 15.690
  step 1850/1999 best 15.571
  step 1900/1999 best 15.342
  step 1950/1999 best 15.481
saved SBC_CHAINS_cnn_vmim__n1_seed_s4_sim1965_row1576296_noise9524_9703_54 (240000, 4) acc=0.160
  step 0/1999 best -20.219
  step 50/1999 best -0.690
  step 100/1999 best 12.856
  step 150/1999 best 13.143
  step 200/1999 best 13.025
  step 250/1999 best 13.121
  step 300/1999 best 13.475
  step 350/1999 best 13.109
  step 400/1999 best 13.075
  step 450/1999 best 13.358
  step 500/1999 best 13.138
  step 550/1999 best 13.314
  step 600/1999 best 13.323
  step 650/1999 best 13.421
  step 700/1999 best 13.442
  step 750/1999 best 13.452
  step 800/1999 best 13.334
  step 850/1999 best 13.426
  step 900/1999 best 13.374
  step 950/1999 best 13.495
  step 1000/1999 best 13.497
  step 1050/1999 best 13.388
  step 1100/1999 best 13.289
  step 1150/1999 best 13.253
  step 1200/1999 best 13.271
  step 1250/1999 best 13.521
  step 1300/1999 best 13.481
  step 1350/1999 best 13.515
  step 1400/1999 best 13.376
  step 1450/1999 best 13.470
  step 1500/1999 best 13.484
  step 1550/1999 best 13.440
  step 1600/1999 best 13.394
  step 1650/1999 best 13.387
  step 1700/1999 best 13.377
  step 1750/1999 best 13.397
  step 1800/1999 best 13.340
  step 1850/1999 best 13.474
  step 1900/1999 best 13.480
  step 1950/1999 best 13.399
saved SBC_CHAINS_cnn_vmim__n1_seed_s4_sim2522_row2121660_noise6692_6871_7050 (240000, 4) acc=0.248
  step 0/1999 best -20.494
  step 50/1999 best -2.358
  step 100/1999 best 2.768
  step 150/1999 best 7.111
  step 200/1999 best 8.923
  step 250/1999 best 12.586
  step 300/1999 best 11.880
  step 350/1999 best 14.794
  step 400/1999 best 14.809
  step 450/1999 best 15.086
  step 500/1999 best 14.806
  step 550/1999 best 14.843
  step 600/1999 best 14.815
  step 650/1999 best 15.078
  step 700/1999 best 14.832
  step 750/1999 best 14.869
  step 800/1999 best 15.010
  step 850/1999 best 14.946
  step 900/1999 best 14.899
  step 950/1999 best 14.757
  step 1000/1999 best 15.045
  step 1050/1999 best 14.933
  step 1100/1999 best 14.933
  step 1150/1999 best 14.857
  step 1200/1999 best 14.709
  step 1250/1999 best 15.058
  step 1300/1999 best 14.918
  step 1350/1999 best 15.005
  step 1400/1999 best 15.077
  step 1450/1999 best 14.705
  step 1500/1999 best 14.894
  step 1550/1999 best 15.045
  step 1600/1999 best 15.062
  step 1650/1999 best 14.952
  step 1700/1999 best 15.040
  step 1750/1999 best 14.938
  step 1800/1999 best 14.958
  step 1850/1999 best 14.899
  step 1900/1999 best 14.787
  step 1950/1999 best 14.912
saved SBC_CHAINS_cnn_vmim__n1_seed_s4_sim3088_row2683330_noise2338_2517_2696 (240000, 4) acc=0.213
  step 0/1999 best -22.941
  step 50/1999 best 1.515
  step 100/1999 best 12.963
  step 150/1999 best 15.005
  step 200/1999 best 14.988
  step 250/1999 best 15.336
  step 300/1999 best 15.681
  step 350/1999 best 16.092
  step 400/1999 best 16.152
  step 450/1999 best 16.325
  step 500/1999 best 16.282
  step 550/1999 best 16.194
  step 600/1999 best 16.136
  step 650/1999 best 16.242
  step 700/1999 best 16.190
  step 750/1999 best 16.312
  step 800/1999 best 16.335
  step 850/1999 best 16.312
  step 900/1999 best 16.254
  step 950/1999 best 16.084
  step 1000/1999 best 16.281
  step 1050/1999 best 16.136
  step 1100/1999 best 16.243
  step 1150/1999 best 16.176
  step 1200/1999 best 16.267
  step 1250/1999 best 16.291
  step 1300/1999 best 16.079
  step 1350/1999 best 16.278
  step 1400/1999 best 16.085
  step 1450/1999 best 16.240
  step 1500/1999 best 16.168
  step 1550/1999 best 16.241
  step 1600/1999 best 16.265
  step 1650/1999 best 16.283
  step 1700/1999 best 16.186
  step 1750/1999 best 16.274
  step 1800/1999 best 16.092
  step 1850/1999 best 16.226
  step 1900/1999 best 16.273
  step 1950/1999 best 16.124
saved SBC_CHAINS_cnn_vmim__n1_seed_s4_sim1540_row1317724_noise7556_7735_7914 (240000, 4) acc=0.221
  step 0/1999 best -6.468
  step 50/1999 best -2.535
  step 100/1999 best 0.845
  step 150/1999 best 9.147
  step 200/1999 best 13.963
  step 250/1999 best 16.167
  step 300/1999 best 15.984
  step 350/1999 best 16.461
  step 400/1999 best 16.696
  step 450/1999 best 16.652
  step 500/1999 best 16.695
  step 550/1999 best 16.451
  step 600/1999 best 16.622
  step 650/1999 best 16.446
  step 700/1999 best 16.693
  step 750/1999 best 16.366
  step 800/1999 best 16.655
  step 850/1999 best 16.653
  step 900/1999 best 16.724
  step 950/1999 best 16.649
  step 1000/1999 best 16.560
  step 1050/1999 best 16.605
  step 1100/1999 best 16.528
  step 1150/1999 best 16.552
  step 1200/1999 best 16.667
  step 1250/1999 best 16.496
  step 1300/1999 best 16.480
  step 1350/1999 best 16.645
  step 1400/1999 best 16.660
  step 1450/1999 best 16.521
  step 1500/1999 best 16.561
  step 1550/1999 best 16.575
  step 1600/1999 best 16.645
  step 1650/1999 best 16.599
  step 1700/1999 best 16.579
  step 1750/1999 best 16.468
  step 1800/1999 best 16.614
  step 1850/1999 best 16.504
  step 1900/1999 best 16.652
  step 1950/1999 best 16.554
saved SBC_CHAINS_cnn_vmim__n1_seed_s4_sim1351_row1160344_noise4908_5087_5266 (240000, 4) acc=0.254
  step 0/1999 best -20.490
  step 50/1999 best 2.909
  step 100/1999 best 2.133
  step 150/1999 best 5.708
  step 200/1999 best 4.641
  step 250/1999 best 6.687
  step 300/1999 best 6.823
  step 350/1999 best 6.592
  step 400/1999 best 6.903
  step 450/1999 best 6.758
  step 500/1999 best 6.849
  step 550/1999 best 6.808
  step 600/1999 best 6.993
  step 650/1999 best 6.645
  step 700/1999 best 6.917
  step 750/1999 best 6.940
  step 800/1999 best 7.063
  step 850/1999 best 6.998
  step 900/1999 best 7.077
  step 950/1999 best 6.999
  step 1000/1999 best 6.951
  step 1050/1999 best 7.005
  step 1100/1999 best 6.926
  step 1150/1999 best 6.828
  step 1200/1999 best 7.077
  step 1250/1999 best 6.799
  step 1300/1999 best 6.890
  step 1350/1999 best 6.865
  step 1400/1999 best 6.953
  step 1450/1999 best 6.925
  step 1500/1999 best 7.076
  step 1550/1999 best 6.984
  step 1600/1999 best 7.007
  step 1650/1999 best 6.964
  step 1700/1999 best 7.067
  step 1750/1999 best 6.821
  step 1800/1999 best 7.022
  step 1850/1999 best 6.704
  step 1900/1999 best 7.002
  step 1950/1999 best 6.996
saved SBC_CHAINS_cnn_vmim__n1_seed_s4_sim2947_row2542387_noise8815_8994_9173 (240000, 4) acc=0.228
  step 0/1999 best -28.264
  step 50/1999 best -7.636
  step 100/1999 best 3.408
  step 150/1999 best 7.657
  step 200/1999 best 12.852
  step 250/1999 best 12.886
  step 300/1999 best 13.013
  step 350/1999 best 12.510
  step 400/1999 best 12.885
  step 450/1999 best 12.985
  step 500/1999 best 12.831
  step 550/1999 best 12.784
  step 600/1999 best 12.922
  step 650/1999 best 13.057
  step 700/1999 best 12.755
  step 750/1999 best 12.772
  step 800/1999 best 13.055
  step 850/1999 best 12.812
  step 900/1999 best 12.999
  step 950/1999 best 13.100
  step 1000/1999 best 12.835
  step 1050/1999 best 12.891
  step 1100/1999 best 13.046
  step 1150/1999 best 13.025
  step 1200/1999 best 12.930
  step 1250/1999 best 13.016
  step 1300/1999 best 13.035
  step 1350/1999 best 13.005
  step 1400/1999 best 12.933
  step 1450/1999 best 13.028
  step 1500/1999 best 12.898
  step 1550/1999 best 12.944
  step 1600/1999 best 13.041
  step 1650/1999 best 12.795
  step 1700/1999 best 12.935
  step 1750/1999 best 12.988
  step 1800/1999 best 13.002
  step 1850/1999 best 13.004
  step 1900/1999 best 13.021
  step 1950/1999 best 12.919
saved SBC_CHAINS_cnn_vmim__n1_seed_s4_sim2527_row2126912_noise2116_2295_2474 (240000, 4) acc=0.219
  step 0/1999 best -26.469
  step 50/1999 best 3.880
  step 100/1999 best 6.749
  step 150/1999 best 10.446
  step 200/1999 best 11.960
  step 250/1999 best 12.119
  step 300/1999 best 12.289
  step 350/1999 best 12.514
  step 400/1999 best 12.593
  step 450/1999 best 12.680
  step 500/1999 best 12.717
  step 550/1999 best 12.735
  step 600/1999 best 12.773
  step 650/1999 best 12.832
  step 700/1999 best 12.587
  step 750/1999 best 12.552
  step 800/1999 best 12.788
  step 850/1999 best 12.777
  step 900/1999 best 12.782
  step 950/1999 best 12.587
  step 1000/1999 best 12.724
  step 1050/1999 best 12.752
  step 1100/1999 best 12.585
  step 1150/1999 best 12.784
  step 1200/1999 best 12.694
  step 1250/1999 best 12.702
  step 1300/1999 best 12.794
  step 1350/1999 best 12.810
  step 1400/1999 best 12.577
  step 1450/1999 best 12.605
  step 1500/1999 best 12.783
  step 1550/1999 best 12.813
  step 1600/1999 best 12.777
  step 1650/1999 best 12.633
  step 1700/1999 best 12.647
  step 1750/1999 best 12.680
  step 1800/1999 best 12.536
  step 1850/1999 best 12.705
  step 1900/1999 best 12.641
  step 1950/1999 best 12.719
saved SBC_CHAINS_cnn_vmim__n1_seed_s4_sim2614_row2213861_noise613_792_971 (240000, 4) acc=0.190
  step 0/1999 best -27.883
  step 50/1999 best 11.156
  step 100/1999 best 15.138
  step 150/1999 best 16.149
  step 200/1999 best 16.198
  step 250/1999 best 16.102
  step 300/1999 best 16.165
  step 350/1999 best 16.158
  step 400/1999 best 16.139
  step 450/1999 best 16.341
  step 500/1999 best 16.271
  step 550/1999 best 16.239
  step 600/1999 best 16.174
  step 650/1999 best 16.347
  step 700/1999 best 16.018
  step 750/1999 best 16.242
  step 800/1999 best 16.313
  step 850/1999 best 16.362
  step 900/1999 best 16.323
  step 950/1999 best 16.358
  step 1000/1999 best 16.292
  step 1050/1999 best 16.269
  step 1100/1999 best 16.354
  step 1150/1999 best 16.231
  step 1200/1999 best 16.337
  step 1250/1999 best 16.236
  step 1300/1999 best 16.285
  step 1350/1999 best 16.297
  step 1400/1999 best 16.340
  step 1450/1999 best 16.310
  step 1500/1999 best 16.252
  step 1550/1999 best 16.239
  step 1600/1999 best 16.309
  step 1650/1999 best 16.304
  step 1700/1999 best 16.227
  step 1750/1999 best 16.379
  step 1800/1999 best 16.188
  step 1850/1999 best 16.332
  step 1900/1999 best 16.240
  step 1950/1999 best 16.338
saved SBC_CHAINS_cnn_vmim__n1_seed_s4_sim1520_row1297100_noise6588_6767_6946 (240000, 4) acc=0.246
  step 0/1999 best -22.096
  step 50/1999 best -1.466
  step 100/1999 best 0.872
  step 150/1999 best 11.849
  step 200/1999 best 15.218
  step 250/1999 best 15.634
  step 300/1999 best 16.152
  step 350/1999 best 16.608
  step 400/1999 best 16.564
  step 450/1999 best 16.661
  step 500/1999 best 16.843
  step 550/1999 best 16.733
  step 600/1999 best 16.685
  step 650/1999 best 16.910
  step 700/1999 best 16.718
  step 750/1999 best 16.899
  step 800/1999 best 16.873
  step 850/1999 best 16.835
  step 900/1999 best 16.888
  step 950/1999 best 16.626
  step 1000/1999 best 16.908
  step 1050/1999 best 16.755
  step 1100/1999 best 16.688
  step 1150/1999 best 16.846
  step 1200/1999 best 16.813
  step 1250/1999 best 16.680
  step 1300/1999 best 16.653
  step 1350/1999 best 16.702
  step 1400/1999 best 16.871
  step 1450/1999 best 16.914
  step 1500/1999 best 16.890
  step 1550/1999 best 16.867
  step 1600/1999 best 16.729
  step 1650/1999 best 16.871
  step 1700/1999 best 16.898
  step 1750/1999 best 16.860
  step 1800/1999 best 16.902
  step 1850/1999 best 16.930
  step 1900/1999 best 16.545
  step 1950/1999 best 16.845
saved SBC_CHAINS_cnn_vmim__n1_seed_s4_sim363_row349375_noise9567_9746_97 (240000, 4) acc=0.211
  step 0/1999 best -17.935
  step 50/1999 best -0.680
  step 100/1999 best 0.774
  step 150/1999 best 7.367
  step 200/1999 best 6.057
  step 250/1999 best 6.453
  step 300/1999 best 7.549
  step 350/1999 best 14.603
  step 400/1999 best 14.603
  step 450/1999 best 14.603
  step 500/1999 best 15.332
  step 550/1999 best 16.500
  step 600/1999 best 16.446
  step 650/1999 best 16.560
  step 700/1999 best 16.934
  step 750/1999 best 16.823
  step 800/1999 best 17.192
  step 850/1999 best 17.148
  step 900/1999 best 17.293
  step 950/1999 best 17.134
  step 1000/1999 best 17.005
  step 1050/1999 best 17.067
  step 1100/1999 best 16.947
  step 1150/1999 best 17.290
  step 1200/1999 best 17.084
  step 1250/1999 best 17.310
  step 1300/1999 best 17.125
  step 1350/1999 best 17.360
  step 1400/1999 best 17.046
  step 1450/1999 best 17.161
  step 1500/1999 best 16.968
  step 1550/1999 best 17.145
  step 1600/1999 best 17.213
  step 1650/1999 best 17.201
  step 1700/1999 best 17.225
  step 1750/1999 best 17.355
  step 1800/1999 best 17.054
  step 1850/1999 best 17.282
  step 1900/1999 best 17.180
  step 1950/1999 best 17.192
saved SBC_CHAINS_cnn_vmim__n1_seed_s4_sim261_row247783_noise6255_6434_6613 (240000, 4) acc=0.132
  step 0/1999 best -17.725
  step 50/1999 best 5.826
  step 100/1999 best 13.441
  step 150/1999 best 13.092
  step 200/1999 best 13.653
  step 250/1999 best 13.103
  step 300/1999 best 13.327
  step 350/1999 best 13.369
  step 400/1999 best 13.258
  step 450/1999 best 13.752
  step 500/1999 best 13.433
  step 550/1999 best 13.615
  step 600/1999 best 13.605
  step 650/1999 best 13.184
  step 700/1999 best 13.564
  step 750/1999 best 13.506
  step 800/1999 best 13.369
  step 850/1999 best 13.600
  step 900/1999 best 13.561
  step 950/1999 best 13.495
  step 1000/1999 best 13.614
  step 1050/1999 best 13.470
  step 1100/1999 best 13.697
  step 1150/1999 best 13.619
  step 1200/1999 best 13.554
  step 1250/1999 best 13.660
  step 1300/1999 best 13.542
  step 1350/1999 best 13.761
  step 1400/1999 best 13.706
  step 1450/1999 best 13.639
  step 1500/1999 best 13.520
  step 1550/1999 best 13.670
  step 1600/1999 best 13.660
  step 1650/1999 best 13.450
  step 1700/1999 best 13.523
  step 1750/1999 best 13.628
  step 1800/1999 best 13.568
  step 1850/1999 best 13.606
  step 1900/1999 best 13.562
  step 1950/1999 best 13.732
saved SBC_CHAINS_cnn_vmim__n1_seed_s4_sim674_row625078_noise5774_5953_6132 (240000, 4) acc=0.172
  step 0/1999 best -22.406
  step 50/1999 best -0.030
  step 100/1999 best 5.505
  step 150/1999 best 6.481
  step 200/1999 best 7.425
  step 250/1999 best 7.514
  step 300/1999 best 10.963
  step 350/1999 best 11.356
  step 400/1999 best 13.112
  step 450/1999 best 13.987
  step 500/1999 best 13.939
  step 550/1999 best 13.772
  step 600/1999 best 14.215
  step 650/1999 best 14.607
  step 700/1999 best 14.645
  step 750/1999 best 14.456
  step 800/1999 best 14.599
  step 850/1999 best 14.707
  step 900/1999 best 14.595
  step 950/1999 best 14.574
  step 1000/1999 best 14.407
  step 1050/1999 best 14.617
  step 1100/1999 best 14.674
  step 1150/1999 best 14.420
  step 1200/1999 best 14.616
  step 1250/1999 best 14.423
  step 1300/1999 best 14.442
  step 1350/1999 best 14.671
  step 1400/1999 best 14.430
  step 1450/1999 best 14.425
  step 1500/1999 best 14.653
  step 1550/1999 best 14.655
  step 1600/1999 best 14.514
  step 1650/1999 best 14.675
  step 1700/1999 best 14.373
  step 1750/1999 best 14.697
  step 1800/1999 best 14.540
  step 1850/1999 best 14.599
  step 1900/1999 best 14.636
  step 1950/1999 best 14.588
saved SBC_CHAINS_cnn_vmim__n1_seed_s4_sim2380_row1979506_noise2130_2309_2488 (240000, 4) acc=0.137
  step 0/1999 best -24.681
  step 50/1999 best -6.004
  step 100/1999 best 11.208
  step 150/1999 best 12.817
  step 200/1999 best 15.071
  step 250/1999 best 15.385
  step 300/1999 best 15.570
  step 350/1999 best 15.451
  step 400/1999 best 15.593
  step 450/1999 best 15.633
  step 500/1999 best 15.443
  step 550/1999 best 15.510
  step 600/1999 best 15.533
  step 650/1999 best 15.420
  step 700/1999 best 15.593
  step 750/1999 best 15.467
  step 800/1999 best 15.475
  step 850/1999 best 15.525
  step 900/1999 best 15.396
  step 950/1999 best 15.354
  step 1000/1999 best 15.530
  step 1050/1999 best 15.434
  step 1100/1999 best 15.452
  step 1150/1999 best 15.496
  step 1200/1999 best 15.534
  step 1250/1999 best 15.567
  step 1300/1999 best 15.546
  step 1350/1999 best 15.468
  step 1400/1999 best 15.576
  step 1450/1999 best 15.541
  step 1500/1999 best 15.619
  step 1550/1999 best 15.432
  step 1600/1999 best 15.417
  step 1650/1999 best 15.505
  step 1700/1999 best 15.432
  step 1750/1999 best 15.526
  step 1800/1999 best 15.559
  step 1850/1999 best 15.602
  step 1900/1999 best 15.559
  step 1950/1999 best 15.536
saved SBC_CHAINS_cnn_vmim__n1_seed_s4_sim447_row425073_noise4813_4992_5171 (240000, 4) acc=0.285
  step 0/1999 best -18.723
  step 50/1999 best 5.778
  step 100/1999 best 8.021
  step 150/1999 best 13.103
  step 200/1999 best 13.842
  step 250/1999 best 13.963
  step 300/1999 best 14.263
  step 350/1999 best 14.021
  step 400/1999 best 14.317
  step 450/1999 best 14.274
  step 500/1999 best 14.213
  step 550/1999 best 14.370
  step 600/1999 best 14.201
  step 650/1999 best 14.244
  step 700/1999 best 14.229
  step 750/1999 best 14.252
  step 800/1999 best 14.291
  step 850/1999 best 14.221
  step 900/1999 best 14.317
  step 950/1999 best 14.160
  step 1000/1999 best 14.293
  step 1050/1999 best 14.281
  step 1100/1999 best 14.173
  step 1150/1999 best 14.318
  step 1200/1999 best 14.285
  step 1250/1999 best 14.286
  step 1300/1999 best 14.368
  step 1350/1999 best 14.304
  step 1400/1999 best 14.340
  step 1450/1999 best 14.296
  step 1500/1999 best 14.268
  step 1550/1999 best 14.345
  step 1600/1999 best 14.263
  step 1650/1999 best 14.239
  step 1700/1999 best 14.258
  step 1750/1999 best 14.280
  step 1800/1999 best 14.285
  step 1850/1999 best 14.063
  step 1900/1999 best 14.292
  step 1950/1999 best 14.294
saved SBC_CHAINS_cnn_vmim__n1_seed_s4_sim2041_row1651143_noise6747_6926_7105 (240000, 4) acc=0.220
  step 0/1999 best -8.778
  step 50/1999 best 9.816
  step 100/1999 best 14.069
  step 150/1999 best 14.970
  step 200/1999 best 15.055
  step 250/1999 best 15.482
  step 300/1999 best 15.478
  step 350/1999 best 15.586
  step 400/1999 best 15.549
  step 450/1999 best 15.701
  step 500/1999 best 15.676
  step 550/1999 best 15.685
  step 600/1999 best 15.514
  step 650/1999 best 15.682
  step 700/1999 best 15.671
  step 750/1999 best 15.756
  step 800/1999 best 15.599
  step 850/1999 best 15.643
  step 900/1999 best 15.616
  step 950/1999 best 15.657
  step 1000/1999 best 15.679
  step 1050/1999 best 15.694
  step 1100/1999 best 15.678
  step 1150/1999 best 15.703
  step 1200/1999 best 15.609
  step 1250/1999 best 15.569
  step 1300/1999 best 15.513
  step 1350/1999 best 15.685
  step 1400/1999 best 15.706
  step 1450/1999 best 15.532
  step 1500/1999 best 15.545
  step 1550/1999 best 15.557
  step 1600/1999 best 15.630
  step 1650/1999 best 15.774
  step 1700/1999 best 15.536
  step 1750/1999 best 15.645
  step 1800/1999 best 15.718
  step 1850/1999 best 15.593
  step 1900/1999 best 15.661
  step 1950/1999 best 15.658
saved SBC_CHAINS_cnn_vmim__n1_seed_s4_sim974_row923996_noise2024_2203_2382 (240000, 4) acc=0.209
  step 0/1999 best -19.241
  step 50/1999 best -1.068
  step 100/1999 best 8.486
  step 150/1999 best 11.764
  step 200/1999 best 14.218
  step 250/1999 best 15.444
  step 300/1999 best 15.970
  step 350/1999 best 15.724
  step 400/1999 best 15.837
  step 450/1999 best 15.835
  step 500/1999 best 15.951
  step 550/1999 best 15.999
  step 600/1999 best 15.763
  step 650/1999 best 15.890
  step 700/1999 best 16.054
  step 750/1999 best 15.855
  step 800/1999 best 15.984
  step 850/1999 best 15.889
  step 900/1999 best 16.105
  step 950/1999 best 15.957
  step 1000/1999 best 16.021
  step 1050/1999 best 15.801
  step 1100/1999 best 15.952
  step 1150/1999 best 15.950
  step 1200/1999 best 15.833
  step 1250/1999 best 15.885
  step 1300/1999 best 15.854
  step 1350/1999 best 15.865
  step 1400/1999 best 15.920
  step 1450/1999 best 15.939
  step 1500/1999 best 16.011
  step 1550/1999 best 16.090
  step 1600/1999 best 15.893
  step 1650/1999 best 16.060
  step 1700/1999 best 15.989
  step 1750/1999 best 15.950
  step 1800/1999 best 16.047
  step 1850/1999 best 16.008
  step 1900/1999 best 15.879
  step 1950/1999 best 15.885
saved SBC_CHAINS_cnn_vmim__n1_seed_s4_sim129_row120016_noise1252_1431_1610 (240000, 4) acc=0.199
  step 0/1999 best -13.701
  step 50/1999 best 4.791
  step 100/1999 best 11.052
  step 150/1999 best 10.409
  step 200/1999 best 12.160
  step 250/1999 best 12.706
  step 300/1999 best 12.611
  step 350/1999 best 12.674
  step 400/1999 best 12.651
  step 450/1999 best 12.563
  step 500/1999 best 12.651
  step 550/1999 best 12.470
  step 600/1999 best 12.641
  step 650/1999 best 12.733
  step 700/1999 best 12.767
  step 750/1999 best 12.656
  step 800/1999 best 12.641
  step 850/1999 best 12.754
  step 900/1999 best 12.656
  step 950/1999 best 12.749
  step 1000/1999 best 12.748
  step 1050/1999 best 12.767
  step 1100/1999 best 12.642
  step 1150/1999 best 12.588
  step 1200/1999 best 12.715
  step 1250/1999 best 12.604
  step 1300/1999 best 12.768
  step 1350/1999 best 12.608
  step 1400/1999 best 12.454
  step 1450/1999 best 12.726
  step 1500/1999 best 12.737
  step 1550/1999 best 12.684
  step 1600/1999 best 12.770
  step 1650/1999 best 12.755
  step 1700/1999 best 12.760
  step 1750/1999 best 12.676
  step 1800/1999 best 12.713
  step 1850/1999 best 12.723
  step 1900/1999 best 12.710
  step 1950/1999 best 12.692
saved SBC_CHAINS_cnn_vmim__n1_seed_s4_sim140_row131636_noise3044_3223_3402 (240000, 4) acc=0.308
  step 0/1999 best -19.608
  step 50/1999 best -1.488
  step 100/1999 best 10.969
  step 150/1999 best 14.388
  step 200/1999 best 14.780
  step 250/1999 best 15.369
  step 300/1999 best 15.233
  step 350/1999 best 15.362
  step 400/1999 best 15.426
  step 450/1999 best 15.193
  step 500/1999 best 15.465
  step 550/1999 best 15.373
  step 600/1999 best 15.341
  step 650/1999 best 15.392
  step 700/1999 best 15.341
  step 750/1999 best 15.361
  step 800/1999 best 15.440
  step 850/1999 best 15.374
  step 900/1999 best 15.361
  step 950/1999 best 15.403
  step 1000/1999 best 15.291
  step 1050/1999 best 15.499
  step 1100/1999 best 15.337
  step 1150/1999 best 15.239
  step 1200/1999 best 15.507
  step 1250/1999 best 15.455
  step 1300/1999 best 15.492
  step 1350/1999 best 15.492
  step 1400/1999 best 15.419
  step 1450/1999 best 15.396
  step 1500/1999 best 15.436
  step 1550/1999 best 15.401
  step 1600/1999 best 15.478
  step 1650/1999 best 15.406
  step 1700/1999 best 15.344
  step 1750/1999 best 15.352
  step 1800/1999 best 15.423
  step 1850/1999 best 15.377
  step 1900/1999 best 15.446
  step 1950/1999 best 15.478
saved SBC_CHAINS_cnn_vmim__n1_seed_s4_sim2059_row1669802_noise5750_5929_6108 (240000, 4) acc=0.274
  step 0/1999 best -22.941
  step 50/1999 best -9.940
  step 100/1999 best -0.674
  step 150/1999 best 5.117
  step 200/1999 best 6.939
  step 250/1999 best 7.306
  step 300/1999 best 8.672
  step 350/1999 best 9.462
  step 400/1999 best 9.519
  step 450/1999 best 9.652
  step 500/1999 best 9.786
  step 550/1999 best 9.786
  step 600/1999 best 9.897
  step 650/1999 best 9.933
  step 700/1999 best 9.924
  step 750/1999 best 9.604
  step 800/1999 best 9.700
  step 850/1999 best 9.702
  step 900/1999 best 9.829
  step 950/1999 best 9.953
  step 1000/1999 best 9.890
  step 1050/1999 best 9.712
  step 1100/1999 best 9.712
  step 1150/1999 best 9.923
  step 1200/1999 best 9.797
  step 1250/1999 best 9.836
  step 1300/1999 best 9.767
  step 1350/1999 best 9.677
  step 1400/1999 best 9.972
  step 1450/1999 best 9.771
  step 1500/1999 best 9.952
  step 1550/1999 best 9.841
  step 1600/1999 best 9.887
  step 1650/1999 best 9.780
  step 1700/1999 best 9.909
  step 1750/1999 best 9.858
  step 1800/1999 best 10.006
  step 1850/1999 best 9.982
  step 1900/1999 best 9.647
  step 1950/1999 best 9.900
saved SBC_CHAINS_cnn_vmim__n1_seed_s4_sim3097_row2692749_noise1929_2108_2287 (240000, 4) acc=0.245
  step 0/1999 best -29.191
  step 50/1999 best -15.800
  step 100/1999 best -6.371
  step 150/1999 best -3.056
  step 200/1999 best 8.423
  step 250/1999 best 9.887
  step 300/1999 best 13.723
  step 350/1999 best 13.055
  step 400/1999 best 14.024
  step 450/1999 best 13.879
  step 500/1999 best 14.094
  step 550/1999 best 14.044
  step 600/1999 best 13.990
  step 650/1999 best 14.228
  step 700/1999 best 14.296
  step 750/1999 best 14.165
  step 800/1999 best 14.198
  step 850/1999 best 14.164
  step 900/1999 best 14.218
  step 950/1999 best 13.960
  step 1000/1999 best 14.207
  step 1050/1999 best 14.191
  step 1100/1999 best 14.250
  step 1150/1999 best 14.286
  step 1200/1999 best 14.207
  step 1250/1999 best 14.186
  step 1300/1999 best 14.131
  step 1350/1999 best 14.110
  step 1400/1999 best 14.249
  step 1450/1999 best 14.147
  step 1500/1999 best 14.228
  step 1550/1999 best 14.208
  step 1600/1999 best 14.046
  step 1650/1999 best 14.089
  step 1700/1999 best 14.273
  step 1750/1999 best 14.096
  step 1800/1999 best 14.281
  step 1850/1999 best 14.137
  step 1900/1999 best 14.190
  step 1950/1999 best 14.271
saved SBC_CHAINS_cnn_vmim__n1_seed_s4_sim403_row381149_noise201_380_559 (240000, 4) acc=0.141
  step 0/1999 best -22.592
  step 50/1999 best 3.123
  step 100/1999 best 12.263
  step 150/1999 best 15.800
  step 200/1999 best 15.586
  step 250/1999 best 16.732
  step 300/1999 best 16.354
  step 350/1999 best 16.718
  step 400/1999 best 17.136
  step 450/1999 best 16.660
  step 500/1999 best 17.038
  step 550/1999 best 17.077
  step 600/1999 best 17.067
  step 650/1999 best 16.898
  step 700/1999 best 17.207
  step 750/1999 best 17.176
  step 800/1999 best 16.815
  step 850/1999 best 17.016
  step 900/1999 best 17.119
  step 950/1999 best 17.216
  step 1000/1999 best 16.982
  step 1050/1999 best 16.952
  step 1100/1999 best 17.131
  step 1150/1999 best 16.990
  step 1200/1999 best 17.010
  step 1250/1999 best 16.908
  step 1300/1999 best 17.225
  step 1350/1999 best 17.060
  step 1400/1999 best 17.211
  step 1450/1999 best 17.048
  step 1500/1999 best 17.009
  step 1550/1999 best 16.967
  step 1600/1999 best 16.996
  step 1650/1999 best 17.072
  step 1700/1999 best 17.162
  step 1750/1999 best 17.247
  step 1800/1999 best 17.038
  step 1850/1999 best 17.219
  step 1900/1999 best 16.910
  step 1950/1999 best 17.070
saved SBC_CHAINS_cnn_vmim__n1_seed_s4_sim1456_row1238847_noise2303_2482_2661 (240000, 4) acc=0.164
  step 0/1999 best -21.163
  step 50/1999 best -0.228
  step 100/1999 best 4.080
  step 150/1999 best 9.742
  step 200/1999 best 12.374
  step 250/1999 best 12.596
  step 300/1999 best 12.321
  step 350/1999 best 12.187
  step 400/1999 best 12.524
  step 450/1999 best 12.427
  step 500/1999 best 12.552
  step 550/1999 best 12.526
  step 600/1999 best 12.601
  step 650/1999 best 12.419
  step 700/1999 best 12.378
  step 750/1999 best 12.518
  step 800/1999 best 12.418
  step 850/1999 best 12.581
  step 900/1999 best 12.511
  step 950/1999 best 12.360
  step 1000/1999 best 12.619
  step 1050/1999 best 12.448
  step 1100/1999 best 12.432
  step 1150/1999 best 12.493
  step 1200/1999 best 12.598
  step 1250/1999 best 12.438
  step 1300/1999 best 12.213
  step 1350/1999 best 12.530
  step 1400/1999 best 12.567
  step 1450/1999 best 12.623
  step 1500/1999 best 12.524
  step 1550/1999 best 12.452
  step 1600/1999 best 12.530
  step 1650/1999 best 12.535
  step 1700/1999 best 12.552
  step 1750/1999 best 12.467
  step 1800/1999 best 12.469
  step 1850/1999 best 12.562
  step 1900/1999 best 12.510
  step 1950/1999 best 12.580
saved SBC_CHAINS_cnn_vmim__n1_seed_s4_sim2403_row2002651_noise5619_5798_5977 (240000, 4) acc=0.206
  step 0/1999 best -23.809
  step 50/1999 best -1.901
  step 100/1999 best 8.504
  step 150/1999 best 9.216
  step 200/1999 best 10.922
  step 250/1999 best 10.534
  step 300/1999 best 13.863
  step 350/1999 best 13.540
  step 400/1999 best 13.071
  step 450/1999 best 14.006
  step 500/1999 best 14.312
  step 550/1999 best 14.414
  step 600/1999 best 14.594
  step 650/1999 best 14.523
  step 700/1999 best 14.293
  step 750/1999 best 14.349
  step 800/1999 best 14.665
  step 850/1999 best 14.548
  step 900/1999 best 14.402
  step 950/1999 best 14.551
  step 1000/1999 best 14.510
  step 1050/1999 best 14.652
  step 1100/1999 best 14.487
  step 1150/1999 best 14.488
  step 1200/1999 best 14.404
  step 1250/1999 best 14.366
  step 1300/1999 best 14.455
  step 1350/1999 best 14.534
  step 1400/1999 best 14.436
  step 1450/1999 best 14.512
  step 1500/1999 best 14.434
  step 1550/1999 best 14.440
  step 1600/1999 best 14.473
  step 1650/1999 best 14.540
  step 1700/1999 best 14.617
  step 1750/1999 best 14.591
  step 1800/1999 best 14.551
  step 1850/1999 best 14.625
  step 1900/1999 best 14.564
  step 1950/1999 best 14.473
saved SBC_CHAINS_cnn_vmim__n1_seed_s4_sim405_row383994_noise3046_3225_3404 (240000, 4) acc=0.147
  step 0/1999 best -8.646
  step 50/1999 best 1.172
  step 100/1999 best 13.899
  step 150/1999 best 17.523
  step 200/1999 best 17.279
  step 250/1999 best 17.289
  step 300/1999 best 17.246
  step 350/1999 best 17.492
  step 400/1999 best 17.396
  step 450/1999 best 17.558
  step 500/1999 best 17.526
  step 550/1999 best 17.536
  step 600/1999 best 17.449
  step 650/1999 best 17.527
  step 700/1999 best 17.427
  step 750/1999 best 17.476
  step 800/1999 best 17.582
  step 850/1999 best 17.532
  step 900/1999 best 17.565
  step 950/1999 best 17.558
  step 1000/1999 best 17.630
  step 1050/1999 best 17.697
  step 1100/1999 best 17.647
  step 1150/1999 best 17.557
  step 1200/1999 best 17.512
  step 1250/1999 best 17.528
  step 1300/1999 best 17.390
  step 1350/1999 best 17.651
  step 1400/1999 best 17.704
  step 1450/1999 best 17.509
  step 1500/1999 best 17.564
  step 1550/1999 best 17.477
  step 1600/1999 best 17.647
  step 1650/1999 best 17.569
  step 1700/1999 best 17.656
  step 1750/1999 best 17.710
  step 1800/1999 best 17.588
  step 1850/1999 best 17.614
  step 1900/1999 best 17.635
  step 1950/1999 best 17.677
saved SBC_CHAINS_cnn_vmim__n1_seed_s4_sim1359_row1168465_noise3201_3380_3559 (240000, 4) acc=0.233
  step 0/1999 best -17.065
  step 50/1999 best -4.220
  step 100/1999 best 8.569
  step 150/1999 best 9.440
  step 200/1999 best 13.063
  step 250/1999 best 13.014
  step 300/1999 best 13.273
  step 350/1999 best 13.313
  step 400/1999 best 13.535
  step 450/1999 best 13.471
  step 500/1999 best 13.541
  step 550/1999 best 13.275
  step 600/1999 best 13.551
  step 650/1999 best 13.189
  step 700/1999 best 13.457
  step 750/1999 best 13.593
  step 800/1999 best 13.523
  step 850/1999 best 13.309
  step 900/1999 best 13.428
  step 950/1999 best 13.279
  step 1000/1999 best 13.593
  step 1050/1999 best 13.352
  step 1100/1999 best 13.271
  step 1150/1999 best 13.344
  step 1200/1999 best 13.483
  step 1250/1999 best 13.580
  step 1300/1999 best 13.340
  step 1350/1999 best 13.425
  step 1400/1999 best 13.452
  step 1450/1999 best 13.511
  step 1500/1999 best 13.604
  step 1550/1999 best 13.290
  step 1600/1999 best 13.613
  step 1650/1999 best 13.397
  step 1700/1999 best 13.553
  step 1750/1999 best 13.478
  step 1800/1999 best 13.568
  step 1850/1999 best 13.551
  step 1900/1999 best 13.405
  step 1950/1999 best 13.474
saved SBC_CHAINS_cnn_vmim__n1_seed_s4_sim3055_row2650639_noise8959_9138_9317 (240000, 4) acc=0.165
  step 0/1999 best -26.137
  step 50/1999 best 12.800
  step 100/1999 best 12.743
  step 150/1999 best 12.743
  step 200/1999 best 13.778
  step 250/1999 best 15.396
  step 300/1999 best 15.269
  step 350/1999 best 15.293
  step 400/1999 best 15.759
  step 450/1999 best 16.198
  step 500/1999 best 16.075
  step 550/1999 best 16.192
  step 600/1999 best 16.108
  step 650/1999 best 16.362
  step 700/1999 best 15.760
  step 750/1999 best 15.930
  step 800/1999 best 16.027
  step 850/1999 best 16.220
  step 900/1999 best 16.279
  step 950/1999 best 16.160
  step 1000/1999 best 16.249
  step 1050/1999 best 16.306
  step 1100/1999 best 16.188
  step 1150/1999 best 16.171
  step 1200/1999 best 16.241
  step 1250/1999 best 15.982
  step 1300/1999 best 16.063
  step 1350/1999 best 16.280
  step 1400/1999 best 16.347
  step 1450/1999 best 16.325
  step 1500/1999 best 15.973
  step 1550/1999 best 16.345
  step 1600/1999 best 16.285
  step 1650/1999 best 16.169
  step 1700/1999 best 16.239
  step 1750/1999 best 16.163
  step 1800/1999 best 16.222
  step 1850/1999 best 16.335
  step 1900/1999 best 16.348
  step 1950/1999 best 16.177
saved SBC_CHAINS_cnn_vmim__n1_seed_s4_sim332_row318474_noise8150_8329_8508 (240000, 4) acc=0.138
  step 0/1999 best -18.800
  step 50/1999 best 5.867
  step 100/1999 best 10.070
  step 150/1999 best 16.267
  step 200/1999 best 16.654
  step 250/1999 best 16.558
  step 300/1999 best 16.839
  step 350/1999 best 16.791
  step 400/1999 best 16.653
  step 450/1999 best 16.823
  step 500/1999 best 16.691
  step 550/1999 best 16.513
  step 600/1999 best 16.680
  step 650/1999 best 16.746
  step 700/1999 best 16.710
  step 750/1999 best 16.822
  step 800/1999 best 16.792
  step 850/1999 best 16.659
  step 900/1999 best 16.755
  step 950/1999 best 16.621
  step 1000/1999 best 16.759
  step 1050/1999 best 16.791
  step 1100/1999 best 16.804
  step 1150/1999 best 16.727
  step 1200/1999 best 16.500
  step 1250/1999 best 16.806
  step 1300/1999 best 16.639
  step 1350/1999 best 16.749
  step 1400/1999 best 16.618
  step 1450/1999 best 16.709
  step 1500/1999 best 16.730
  step 1550/1999 best 16.734
  step 1600/1999 best 16.830
  step 1650/1999 best 16.658
  step 1700/1999 best 16.699
  step 1750/1999 best 16.686
  step 1800/1999 best 16.736
  step 1850/1999 best 16.748
  step 1900/1999 best 16.756
  step 1950/1999 best 16.715
saved SBC_CHAINS_cnn_vmim__n1_seed_s4_sim1357_row1166647_noise1383_1562_1741 (240000, 4) acc=0.362
  step 0/1999 best -24.243
  step 50/1999 best 4.784
  step 100/1999 best 8.420
  step 150/1999 best 8.896
  step 200/1999 best 10.570
  step 250/1999 best 10.495
  step 300/1999 best 10.488
  step 350/1999 best 10.365
  step 400/1999 best 10.028
  step 450/1999 best 10.585
  step 500/1999 best 10.471
  step 550/1999 best 10.527
  step 600/1999 best 10.270
  step 650/1999 best 10.357
  step 700/1999 best 10.487
  step 750/1999 best 10.252
  step 800/1999 best 10.467
  step 850/1999 best 10.406
  step 900/1999 best 10.099
  step 950/1999 best 10.489
  step 1000/1999 best 10.352
  step 1050/1999 best 10.602
  step 1100/1999 best 10.321
  step 1150/1999 best 10.368
  step 1200/1999 best 10.394
  step 1250/1999 best 10.481
  step 1300/1999 best 10.483
  step 1350/1999 best 10.493
  step 1400/1999 best 10.446
  step 1450/1999 best 10.559
  step 1500/1999 best 10.571
  step 1550/1999 best 10.376
  step 1600/1999 best 10.441
  step 1650/1999 best 10.501
  step 1700/1999 best 10.355
  step 1750/1999 best 10.573
  step 1800/1999 best 10.396
  step 1850/1999 best 10.372
  step 1900/1999 best 10.443
  step 1950/1999 best 10.391
saved SBC_CHAINS_cnn_vmim__n1_seed_s4_sim686_row637983_noise8851_9030_9209 (240000, 4) acc=0.268
  step 0/1999 best -21.214
  step 50/1999 best 11.137
  step 100/1999 best 11.263
  step 150/1999 best 11.870
  step 200/1999 best 12.805
  step 250/1999 best 13.197
  step 300/1999 best 13.606
  step 350/1999 best 13.979
  step 400/1999 best 13.982
  step 450/1999 best 13.984
  step 500/1999 best 14.105
  step 550/1999 best 13.681
  step 600/1999 best 13.760
  step 650/1999 best 13.866
  step 700/1999 best 13.610
  step 750/1999 best 13.441
  step 800/1999 best 14.014
  step 850/1999 best 13.647
  step 900/1999 best 13.969
  step 950/1999 best 13.292
  step 1000/1999 best 14.114
  step 1050/1999 best 13.713
  step 1100/1999 best 13.794
  step 1150/1999 best 13.976
  step 1200/1999 best 13.926
  step 1250/1999 best 13.627
  step 1300/1999 best 13.933
  step 1350/1999 best 13.842
  step 1400/1999 best 13.640
  step 1450/1999 best 14.015
  step 1500/1999 best 14.024
  step 1550/1999 best 13.795
  step 1600/1999 best 14.078
  step 1650/1999 best 14.033
  step 1700/1999 best 14.064
  step 1750/1999 best 13.879
  step 1800/1999 best 13.786
  step 1850/1999 best 14.087
  step 1900/1999 best 13.344
  step 1950/1999 best 13.827
saved SBC_CHAINS_cnn_vmim__n1_seed_s4_sim661_row614110_noise2634_2813_2992 (240000, 4) acc=0.231
