[stage3] arm=cnn_vmim_/n1_jitter/seed_s4  nle=/gscratch/ddehiwalage-don/sbi_master/cnn_vmim_/n1_jitter/seed_s4/nle
[NLE] scope=standard_t family=nsf loaded from /gscratch/ddehiwalage-don/sbi_master/cnn_vmim_/n1_jitter/seed_s4/nle/standard_t/nsf
targets this task: 152 | family=standard_t_nsf | chains -> /gscratch/ddehiwalage-don/sbi_master/cnn_vmim_/n1_jitter/seed_s4/chains/standard_t_nsf
  step 0/1999 best -21.988
  step 50/1999 best -2.275
  step 100/1999 best 1.801
  step 150/1999 best 6.586
  step 200/1999 best 11.622
  step 250/1999 best 14.067
  step 300/1999 best 13.856
  step 350/1999 best 13.482
  step 400/1999 best 12.871
  step 450/1999 best 13.870
  step 500/1999 best 14.248
  step 550/1999 best 14.019
  step 600/1999 best 14.231
  step 650/1999 best 14.098
  step 700/1999 best 14.363
  step 750/1999 best 14.266
  step 800/1999 best 14.458
  step 850/1999 best 14.257
  step 900/1999 best 14.449
  step 950/1999 best 14.433
  step 1000/1999 best 14.367
  step 1050/1999 best 14.395
  step 1100/1999 best 14.415
  step 1150/1999 best 14.174
  step 1200/1999 best 14.447
  step 1250/1999 best 14.326
  step 1300/1999 best 14.269
  step 1350/1999 best 14.293
  step 1400/1999 best 14.300
  step 1450/1999 best 14.189
  step 1500/1999 best 14.414
  step 1550/1999 best 14.356
  step 1600/1999 best 14.399
  step 1650/1999 best 14.287
  step 1700/1999 best 14.418
  step 1750/1999 best 14.424
  step 1800/1999 best 14.397
  step 1850/1999 best 14.386
  step 1900/1999 best 14.294
  step 1950/1999 best 14.417
saved SBC_CHAINS_cnn_vmim__n1_jitter_seed_s4_sim2042_row1652395_noise7999_8178_8357 (240000, 4) acc=0.203
  step 0/1999 best -16.863
  step 50/1999 best 1.617
  step 100/1999 best 8.966
  step 150/1999 best 12.321
  step 200/1999 best 16.474
  step 250/1999 best 16.474
  step 300/1999 best 16.378
  step 350/1999 best 15.883
  step 400/1999 best 15.676
  step 450/1999 best 16.513
  step 500/1999 best 16.689
  step 550/1999 best 16.801
  step 600/1999 best 17.043
  step 650/1999 best 17.009
  step 700/1999 best 16.974
  step 750/1999 best 16.862
  step 800/1999 best 16.969
  step 850/1999 best 17.004
  step 900/1999 best 16.953
  step 950/1999 best 17.021
  step 1000/1999 best 16.710
  step 1050/1999 best 17.079
  step 1100/1999 best 16.923
  step 1150/1999 best 16.991
  step 1200/1999 best 16.831
  step 1250/1999 best 17.101
  step 1300/1999 best 17.081
  step 1350/1999 best 17.084
  step 1400/1999 best 16.628
  step 1450/1999 best 16.800
  step 1500/1999 best 16.954
  step 1550/1999 best 17.024
  step 1600/1999 best 16.895
  step 1650/1999 best 16.907
  step 1700/1999 best 16.948
  step 1750/1999 best 16.854
  step 1800/1999 best 16.914
  step 1850/1999 best 16.829
  step 1900/1999 best 17.095
  step 1950/1999 best 17.026
saved SBC_CHAINS_cnn_vmim__n1_jitter_seed_s4_sim280_row266929_noise5745_5924_6103 (240000, 4) acc=0.132
  step 0/1999 best -12.229
  step 50/1999 best -3.325
  step 100/1999 best -0.342
  step 150/1999 best 2.091
  step 200/1999 best 12.416
  step 250/1999 best 12.156
  step 300/1999 best 12.545
  step 350/1999 best 11.689
  step 400/1999 best 11.616
  step 450/1999 best 11.951
  step 500/1999 best 12.249
  step 550/1999 best 12.272
  step 600/1999 best 12.437
  step 650/1999 best 12.715
  step 700/1999 best 12.838
  step 750/1999 best 12.710
  step 800/1999 best 12.703
  step 850/1999 best 12.559
  step 900/1999 best 12.422
  step 950/1999 best 12.307
  step 1000/1999 best 12.254
  step 1050/1999 best 12.871
  step 1100/1999 best 12.621
  step 1150/1999 best 12.497
  step 1200/1999 best 12.857
  step 1250/1999 best 12.571
  step 1300/1999 best 12.649
  step 1350/1999 best 12.683
  step 1400/1999 best 12.789
  step 1450/1999 best 12.880
  step 1500/1999 best 12.820
  step 1550/1999 best 12.797
  step 1600/1999 best 12.825
  step 1650/1999 best 12.764
  step 1700/1999 best 12.473
  step 1750/1999 best 12.833
  step 1800/1999 best 12.844
  step 1850/1999 best 12.727
  step 1900/1999 best 12.712
  step 1950/1999 best 12.826
saved SBC_CHAINS_cnn_vmim__n1_jitter_seed_s4_sim2607_row2206666_noise3246_3425_3604 (240000, 4) acc=0.165
  step 0/1999 best -16.499
  step 50/1999 best -5.772
  step 100/1999 best -0.160
  step 150/1999 best 6.754
  step 200/1999 best 7.766
  step 250/1999 best 10.370
  step 300/1999 best 10.211
  step 350/1999 best 10.821
  step 400/1999 best 10.923
  step 450/1999 best 11.016
  step 500/1999 best 11.478
  step 550/1999 best 11.303
  step 600/1999 best 11.320
  step 650/1999 best 11.256
  step 700/1999 best 11.228
  step 750/1999 best 11.305
  step 800/1999 best 11.406
  step 850/1999 best 11.169
  step 900/1999 best 11.228
  step 950/1999 best 11.092
  step 1000/1999 best 11.241
  step 1050/1999 best 11.143
  step 1100/1999 best 11.341
  step 1150/1999 best 11.413
  step 1200/1999 best 11.325
  step 1250/1999 best 11.232
  step 1300/1999 best 11.191
  step 1350/1999 best 11.346
  step 1400/1999 best 11.380
  step 1450/1999 best 11.184
  step 1500/1999 best 11.303
  step 1550/1999 best 11.291
  step 1600/1999 best 11.410
  step 1650/1999 best 11.349
  step 1700/1999 best 11.424
  step 1750/1999 best 11.303
  step 1800/1999 best 11.439
  step 1850/1999 best 11.336
  step 1900/1999 best 11.400
  step 1950/1999 best 11.426
saved SBC_CHAINS_cnn_vmim__n1_jitter_seed_s4_sim2852_row2447648_noise2528_2707_2886 (240000, 4) acc=0.248
  step 0/1999 best -12.255
  step 50/1999 best -6.680
  step 100/1999 best 1.514
  step 150/1999 best 1.937
  step 200/1999 best 7.613
  step 250/1999 best 7.613
  step 300/1999 best 8.824
  step 350/1999 best 12.059
  step 400/1999 best 14.569
  step 450/1999 best 13.928
  step 500/1999 best 13.950
  step 550/1999 best 15.248
  step 600/1999 best 15.220
  step 650/1999 best 15.415
  step 700/1999 best 16.050
  step 750/1999 best 15.653
  step 800/1999 best 15.705
  step 850/1999 best 15.862
  step 900/1999 best 15.656
  step 950/1999 best 15.656
  step 1000/1999 best 15.755
  step 1050/1999 best 15.866
  step 1100/1999 best 16.071
  step 1150/1999 best 16.049
  step 1200/1999 best 15.985
  step 1250/1999 best 15.839
  step 1300/1999 best 15.988
  step 1350/1999 best 15.957
  step 1400/1999 best 15.993
  step 1450/1999 best 15.926
  step 1500/1999 best 16.080
  step 1550/1999 best 15.819
  step 1600/1999 best 15.840
  step 1650/1999 best 15.616
  step 1700/1999 best 15.830
  step 1750/1999 best 15.911
  step 1800/1999 best 15.923
  step 1850/1999 best 15.860
  step 1900/1999 best 16.067
  step 1950/1999 best 16.100
saved SBC_CHAINS_cnn_vmim__n1_jitter_seed_s4_sim99_row98576_noise1296_1475_1654 (240000, 4) acc=0.123
  step 0/1999 best -19.549
  step 50/1999 best 1.831
  step 100/1999 best 5.122
  step 150/1999 best 5.122
  step 200/1999 best 4.822
  step 250/1999 best 12.228
  step 300/1999 best 13.462
  step 350/1999 best 14.037
  step 400/1999 best 14.037
  step 450/1999 best 11.701
  step 500/1999 best 14.535
  step 550/1999 best 15.342
  step 600/1999 best 14.864
  step 650/1999 best 16.055
  step 700/1999 best 16.228
  step 750/1999 best 16.521
  step 800/1999 best 16.905
  step 850/1999 best 17.024
  step 900/1999 best 16.575
  step 950/1999 best 16.599
  step 1000/1999 best 16.929
  step 1050/1999 best 16.661
  step 1100/1999 best 16.960
  step 1150/1999 best 16.918
  step 1200/1999 best 16.816
  step 1250/1999 best 17.074
  step 1300/1999 best 17.024
  step 1350/1999 best 16.842
  step 1400/1999 best 16.858
  step 1450/1999 best 17.148
  step 1500/1999 best 16.983
  step 1550/1999 best 17.194
  step 1600/1999 best 16.966
  step 1650/1999 best 16.898
  step 1700/1999 best 17.084
  step 1750/1999 best 17.101
  step 1800/1999 best 16.912
  step 1850/1999 best 17.110
  step 1900/1999 best 17.258
  step 1950/1999 best 16.900
saved SBC_CHAINS_cnn_vmim__n1_jitter_seed_s4_sim268_row254451_noise3095_3274_3453 (240000, 4) acc=0.104
  step 0/1999 best -16.931
  step 50/1999 best -4.511
  step 100/1999 best 4.998
  step 150/1999 best 4.342
  step 200/1999 best 4.342
  step 250/1999 best 5.366
  step 300/1999 best 12.601
  step 350/1999 best 13.490
  step 400/1999 best 13.287
  step 450/1999 best 13.287
  step 500/1999 best 9.073
  step 550/1999 best 11.965
  step 600/1999 best 12.288
  step 650/1999 best 14.103
  step 700/1999 best 14.178
  step 750/1999 best 14.213
  step 800/1999 best 13.891
  step 850/1999 best 13.667
  step 900/1999 best 14.546
  step 950/1999 best 13.578
  step 1000/1999 best 13.477
  step 1050/1999 best 12.503
  step 1100/1999 best 13.788
  step 1150/1999 best 14.078
  step 1200/1999 best 13.941
  step 1250/1999 best 14.167
  step 1300/1999 best 14.502
  step 1350/1999 best 14.741
  step 1400/1999 best 14.433
  step 1450/1999 best 14.462
  step 1500/1999 best 14.843
  step 1550/1999 best 14.806
  step 1600/1999 best 14.845
  step 1650/1999 best 14.839
  step 1700/1999 best 14.581
  step 1750/1999 best 14.475
  step 1800/1999 best 14.733
  step 1850/1999 best 14.666
  step 1900/1999 best 14.585
  step 1950/1999 best 14.875
saved SBC_CHAINS_cnn_vmim__n1_jitter_seed_s4_sim331_row317947_noise7623_7802_7981 (240000, 4) acc=0.179
  step 0/1999 best -8.850
  step 50/1999 best -0.044
  step 100/1999 best 5.373
  step 150/1999 best 6.748
  step 200/1999 best 8.282
  step 250/1999 best 13.161
  step 300/1999 best 14.045
  step 350/1999 best 14.592
  step 400/1999 best 15.122
  step 450/1999 best 15.064
  step 500/1999 best 15.052
  step 550/1999 best 15.003
  step 600/1999 best 15.130
  step 650/1999 best 15.108
  step 700/1999 best 15.175
  step 750/1999 best 14.966
  step 800/1999 best 15.010
  step 850/1999 best 14.906
  step 900/1999 best 14.911
  step 950/1999 best 15.075
  step 1000/1999 best 15.077
  step 1050/1999 best 14.975
  step 1100/1999 best 15.026
  step 1150/1999 best 15.070
  step 1200/1999 best 14.926
  step 1250/1999 best 14.981
  step 1300/1999 best 15.057
  step 1350/1999 best 14.946
  step 1400/1999 best 15.100
  step 1450/1999 best 15.142
  step 1500/1999 best 14.961
  step 1550/1999 best 15.139
  step 1600/1999 best 14.953
  step 1650/1999 best 15.028
  step 1700/1999 best 15.144
  step 1750/1999 best 15.115
  step 1800/1999 best 15.145
  step 1850/1999 best 15.106
  step 1900/1999 best 14.975
  step 1950/1999 best 15.068
saved SBC_CHAINS_cnn_vmim__n1_jitter_seed_s4_sim968_row917506_noise5362_5541_5720 (240000, 4) acc=0.191
  step 0/1999 best -19.639
  step 50/1999 best 0.256
  step 100/1999 best 12.064
  step 150/1999 best 12.064
  step 200/1999 best 12.771
  step 250/1999 best 13.262
  step 300/1999 best 13.485
  step 350/1999 best 13.161
  step 400/1999 best 13.780
  step 450/1999 best 14.307
  step 500/1999 best 14.346
  step 550/1999 best 14.060
  step 600/1999 best 13.960
  step 650/1999 best 14.252
  step 700/1999 best 14.015
  step 750/1999 best 14.192
  step 800/1999 best 14.084
  step 850/1999 best 14.154
  step 900/1999 best 14.088
  step 950/1999 best 14.020
  step 1000/1999 best 14.249
  step 1050/1999 best 14.087
  step 1100/1999 best 14.265
  step 1150/1999 best 14.135
  step 1200/1999 best 14.228
  step 1250/1999 best 14.212
  step 1300/1999 best 14.088
  step 1350/1999 best 14.325
  step 1400/1999 best 14.106
  step 1450/1999 best 14.004
  step 1500/1999 best 14.163
  step 1550/1999 best 14.065
  step 1600/1999 best 14.317
  step 1650/1999 best 14.245
  step 1700/1999 best 14.115
  step 1750/1999 best 14.237
  step 1800/1999 best 14.251
  step 1850/1999 best 13.878
  step 1900/1999 best 14.195
  step 1950/1999 best 14.006
saved SBC_CHAINS_cnn_vmim__n1_jitter_seed_s4_sim2373_row1972377_noise4829_5008_5187 (240000, 4) acc=0.149
  step 0/1999 best -14.036
  step 50/1999 best -2.132
  step 100/1999 best 6.593
  step 150/1999 best 9.366
  step 200/1999 best 10.635
  step 250/1999 best 10.741
  step 300/1999 best 10.283
  step 350/1999 best 10.331
  step 400/1999 best 10.489
  step 450/1999 best 10.745
  step 500/1999 best 10.944
  step 550/1999 best 10.813
  step 600/1999 best 10.911
  step 650/1999 best 10.685
  step 700/1999 best 10.916
  step 750/1999 best 10.621
  step 800/1999 best 10.766
  step 850/1999 best 11.021
  step 900/1999 best 10.973
  step 950/1999 best 10.970
  step 1000/1999 best 10.818
  step 1050/1999 best 10.998
  step 1100/1999 best 11.016
  step 1150/1999 best 10.716
  step 1200/1999 best 10.786
  step 1250/1999 best 11.007
  step 1300/1999 best 10.871
  step 1350/1999 best 10.976
  step 1400/1999 best 11.041
  step 1450/1999 best 10.810
  step 1500/1999 best 10.997
  step 1550/1999 best 10.868
  step 1600/1999 best 11.001
  step 1650/1999 best 10.534
  step 1700/1999 best 10.808
  step 1750/1999 best 10.914
  step 1800/1999 best 10.962
  step 1850/1999 best 10.956
  step 1900/1999 best 10.897
  step 1950/1999 best 10.891
saved SBC_CHAINS_cnn_vmim__n1_jitter_seed_s4_sim763_row712609_noise6853_7032_7211 (240000, 4) acc=0.192
  step 0/1999 best -12.857
  step 50/1999 best -3.707
  step 100/1999 best 1.718
  step 150/1999 best 10.928
  step 200/1999 best 11.586
  step 250/1999 best 11.741
  step 300/1999 best 12.573
  step 350/1999 best 11.593
  step 400/1999 best 12.492
  step 450/1999 best 12.242
  step 500/1999 best 13.140
  step 550/1999 best 13.166
  step 600/1999 best 13.571
  step 650/1999 best 13.399
  step 700/1999 best 13.341
  step 750/1999 best 13.457
  step 800/1999 best 13.398
  step 850/1999 best 13.519
  step 900/1999 best 13.431
  step 950/1999 best 13.516
  step 1000/1999 best 13.241
  step 1050/1999 best 13.540
  step 1100/1999 best 13.370
  step 1150/1999 best 13.530
  step 1200/1999 best 13.425
  step 1250/1999 best 13.490
  step 1300/1999 best 13.432
  step 1350/1999 best 13.354
  step 1400/1999 best 13.531
  step 1450/1999 best 13.560
  step 1500/1999 best 13.530
  step 1550/1999 best 13.529
  step 1600/1999 best 13.465
  step 1650/1999 best 13.477
  step 1700/1999 best 13.543
  step 1750/1999 best 13.500
  step 1800/1999 best 13.527
  step 1850/1999 best 13.329
  step 1900/1999 best 13.455
  step 1950/1999 best 13.268
saved SBC_CHAINS_cnn_vmim__n1_jitter_seed_s4_sim2456_row2055317_noise9145_9324_9503 (240000, 4) acc=0.204
  step 0/1999 best -12.053
  step 50/1999 best -1.500
  step 100/1999 best 6.198
  step 150/1999 best 10.467
  step 200/1999 best 10.467
  step 250/1999 best 12.070
  step 300/1999 best 11.940
  step 350/1999 best 11.993
  step 400/1999 best 12.161
  step 450/1999 best 12.168
  step 500/1999 best 12.042
  step 550/1999 best 11.881
  step 600/1999 best 12.026
  step 650/1999 best 12.120
  step 700/1999 best 11.944
  step 750/1999 best 12.189
  step 800/1999 best 12.173
  step 850/1999 best 12.092
  step 900/1999 best 12.161
  step 950/1999 best 12.259
  step 1000/1999 best 12.110
  step 1050/1999 best 12.062
  step 1100/1999 best 12.281
  step 1150/1999 best 12.217
  step 1200/1999 best 12.139
  step 1250/1999 best 12.090
  step 1300/1999 best 12.272
  step 1350/1999 best 12.159
  step 1400/1999 best 12.268
  step 1450/1999 best 12.148
  step 1500/1999 best 12.247
  step 1550/1999 best 12.128
  step 1600/1999 best 12.181
  step 1650/1999 best 12.080
  step 1700/1999 best 12.282
  step 1750/1999 best 12.254
  step 1800/1999 best 12.193
  step 1850/1999 best 12.222
  step 1900/1999 best 12.062
  step 1950/1999 best 12.126
saved SBC_CHAINS_cnn_vmim__n1_jitter_seed_s4_sim2638_row2237547_noise4643_4822_5001 (240000, 4) acc=0.196
  step 0/1999 best -9.550
  step 50/1999 best 0.440
  step 100/1999 best 8.438
  step 150/1999 best 8.377
  step 200/1999 best 11.556
  step 250/1999 best 12.032
  step 300/1999 best 13.420
  step 350/1999 best 12.673
  step 400/1999 best 12.712
  step 450/1999 best 13.411
  step 500/1999 best 13.523
  step 550/1999 best 13.434
  step 600/1999 best 13.174
  step 650/1999 best 13.529
  step 700/1999 best 13.252
  step 750/1999 best 13.482
  step 800/1999 best 13.429
  step 850/1999 best 13.422
  step 900/1999 best 13.560
  step 950/1999 best 13.456
  step 1000/1999 best 13.519
  step 1050/1999 best 13.451
  step 1100/1999 best 13.457
  step 1150/1999 best 13.455
  step 1200/1999 best 13.524
  step 1250/1999 best 13.545
  step 1300/1999 best 13.586
  step 1350/1999 best 13.443
  step 1400/1999 best 13.474
  step 1450/1999 best 13.456
  step 1500/1999 best 13.411
  step 1550/1999 best 13.579
  step 1600/1999 best 13.444
  step 1650/1999 best 13.517
  step 1700/1999 best 13.540
  step 1750/1999 best 13.534
  step 1800/1999 best 13.455
  step 1850/1999 best 13.577
  step 1900/1999 best 13.451
  step 1950/1999 best 13.576
saved SBC_CHAINS_cnn_vmim__n1_jitter_seed_s4_sim3016_row2611084_noise8716_8895_9074 (240000, 4) acc=0.356
  step 0/1999 best -16.911
  step 50/1999 best 3.571
  step 100/1999 best 12.047
  step 150/1999 best 12.595
  step 200/1999 best 13.394
  step 250/1999 best 13.386
  step 300/1999 best 12.607
  step 350/1999 best 13.726
  step 400/1999 best 13.851
  step 450/1999 best 13.626
  step 500/1999 best 13.849
  step 550/1999 best 13.500
  step 600/1999 best 13.911
  step 650/1999 best 13.752
  step 700/1999 best 13.522
  step 750/1999 best 13.870
  step 800/1999 best 13.807
  step 850/1999 best 13.693
  step 900/1999 best 13.373
  step 950/1999 best 13.719
  step 1000/1999 best 13.599
  step 1050/1999 best 13.857
  step 1100/1999 best 13.790
  step 1150/1999 best 13.927
  step 1200/1999 best 13.716
  step 1250/1999 best 13.769
  step 1300/1999 best 13.735
  step 1350/1999 best 13.787
  step 1400/1999 best 13.706
  step 1450/1999 best 13.832
  step 1500/1999 best 13.824
  step 1550/1999 best 13.765
  step 1600/1999 best 13.689
  step 1650/1999 best 13.817
  step 1700/1999 best 13.827
  step 1750/1999 best 13.771
  step 1800/1999 best 13.881
  step 1850/1999 best 13.871
  step 1900/1999 best 13.885
  step 1950/1999 best 13.722
saved SBC_CHAINS_cnn_vmim__n1_jitter_seed_s4_sim2368_row1967330_noise9610_9789_140 (240000, 4) acc=0.140
  step 0/1999 best -14.062
  step 50/1999 best 3.150
  step 100/1999 best 5.918
  step 150/1999 best 7.294
  step 200/1999 best 12.002
  step 250/1999 best 11.470
  step 300/1999 best 12.644
  step 350/1999 best 12.290
  step 400/1999 best 12.618
  step 450/1999 best 12.687
  step 500/1999 best 12.638
  step 550/1999 best 12.629
  step 600/1999 best 12.617
  step 650/1999 best 12.740
  step 700/1999 best 12.578
  step 750/1999 best 12.663
  step 800/1999 best 12.588
  step 850/1999 best 12.709
  step 900/1999 best 12.705
  step 950/1999 best 12.509
  step 1000/1999 best 12.665
  step 1050/1999 best 12.641
  step 1100/1999 best 12.736
  step 1150/1999 best 12.721
  step 1200/1999 best 12.659
  step 1250/1999 best 12.621
  step 1300/1999 best 12.625
  step 1350/1999 best 12.734
  step 1400/1999 best 12.725
  step 1450/1999 best 12.668
  step 1500/1999 best 12.584
  step 1550/1999 best 12.658
  step 1600/1999 best 12.655
  step 1650/1999 best 12.601
  step 1700/1999 best 12.640
  step 1750/1999 best 12.709
  step 1800/1999 best 12.761
  step 1850/1999 best 12.653
  step 1900/1999 best 12.665
  step 1950/1999 best 12.668
saved SBC_CHAINS_cnn_vmim__n1_jitter_seed_s4_sim2841_row2436146_noise854_1033_1212 (240000, 4) acc=0.302
  step 0/1999 best -16.186
  step 50/1999 best -0.730
  step 100/1999 best 2.028
  step 150/1999 best 4.143
  step 200/1999 best 13.967
  step 250/1999 best 15.836
  step 300/1999 best 15.625
  step 350/1999 best 16.260
  step 400/1999 best 16.231
  step 450/1999 best 16.128
  step 500/1999 best 16.155
  step 550/1999 best 15.788
  step 600/1999 best 16.244
  step 650/1999 best 16.320
  step 700/1999 best 16.195
  step 750/1999 best 16.051
  step 800/1999 best 16.245
  step 850/1999 best 16.270
  step 900/1999 best 16.164
  step 950/1999 best 16.185
  step 1000/1999 best 16.227
  step 1050/1999 best 16.038
  step 1100/1999 best 16.219
  step 1150/1999 best 16.168
  step 1200/1999 best 16.074
  step 1250/1999 best 16.085
  step 1300/1999 best 16.148
  step 1350/1999 best 16.303
  step 1400/1999 best 16.238
  step 1450/1999 best 16.228
  step 1500/1999 best 16.311
  step 1550/1999 best 16.234
  step 1600/1999 best 16.252
  step 1650/1999 best 16.224
  step 1700/1999 best 16.262
  step 1750/1999 best 16.306
  step 1800/1999 best 16.301
  step 1850/1999 best 16.255
  step 1900/1999 best 16.214
  step 1950/1999 best 16.305
saved SBC_CHAINS_cnn_vmim__n1_jitter_seed_s4_sim898_row847751_noise4403_4582_4761 (240000, 4) acc=0.286
  step 0/1999 best -11.124
  step 50/1999 best -2.816
  step 100/1999 best 10.195
  step 150/1999 best 10.992
  step 200/1999 best 11.176
  step 250/1999 best 11.156
  step 300/1999 best 11.380
  step 350/1999 best 11.446
  step 400/1999 best 11.684
  step 450/1999 best 11.889
  step 500/1999 best 11.852
  step 550/1999 best 12.207
  step 600/1999 best 12.245
  step 650/1999 best 12.269
  step 700/1999 best 12.207
  step 750/1999 best 12.065
  step 800/1999 best 12.098
  step 850/1999 best 12.210
  step 900/1999 best 12.138
  step 950/1999 best 12.177
  step 1000/1999 best 11.804
  step 1050/1999 best 12.189
  step 1100/1999 best 12.260
  step 1150/1999 best 12.157
  step 1200/1999 best 11.906
  step 1250/1999 best 12.161
  step 1300/1999 best 12.149
  step 1350/1999 best 12.204
  step 1400/1999 best 12.211
  step 1450/1999 best 12.056
  step 1500/1999 best 11.838
  step 1550/1999 best 11.965
  step 1600/1999 best 12.185
  step 1650/1999 best 11.986
  step 1700/1999 best 12.188
  step 1750/1999 best 12.001
  step 1800/1999 best 12.231
  step 1850/1999 best 12.214
  step 1900/1999 best 12.129
  step 1950/1999 best 12.165
saved SBC_CHAINS_cnn_vmim__n1_jitter_seed_s4_sim2917_row2512918_noise8830_9009_9188 (240000, 4) acc=0.248
  step 0/1999 best -9.723
  step 50/1999 best 2.272
  step 100/1999 best 10.286
  step 150/1999 best 10.542
  step 200/1999 best 15.767
  step 250/1999 best 15.739
  step 300/1999 best 15.781
  step 350/1999 best 16.052
  step 400/1999 best 15.833
  step 450/1999 best 16.066
  step 500/1999 best 16.032
  step 550/1999 best 15.945
  step 600/1999 best 16.084
  step 650/1999 best 16.089
  step 700/1999 best 16.248
  step 750/1999 best 16.247
  step 800/1999 best 16.091
  step 850/1999 best 15.923
  step 900/1999 best 16.037
  step 950/1999 best 16.220
  step 1000/1999 best 16.119
  step 1050/1999 best 16.085
  step 1100/1999 best 16.016
  step 1150/1999 best 16.171
  step 1200/1999 best 16.244
  step 1250/1999 best 16.111
  step 1300/1999 best 16.242
  step 1350/1999 best 16.003
  step 1400/1999 best 16.069
  step 1450/1999 best 16.263
  step 1500/1999 best 16.180
  step 1550/1999 best 16.270
  step 1600/1999 best 15.984
  step 1650/1999 best 16.033
  step 1700/1999 best 16.189
  step 1750/1999 best 16.058
  step 1800/1999 best 16.103
  step 1850/1999 best 16.077
  step 1900/1999 best 16.107
  step 1950/1999 best 16.177
saved SBC_CHAINS_cnn_vmim__n1_jitter_seed_s4_sim1273_row1091592_noise5780_5959_6138 (240000, 4) acc=0.174
  step 0/1999 best -9.536
  step 50/1999 best 4.726
  step 100/1999 best 4.545
  step 150/1999 best 10.573
  step 200/1999 best 10.714
  step 250/1999 best 12.557
  step 300/1999 best 12.558
  step 350/1999 best 12.694
  step 400/1999 best 12.431
  step 450/1999 best 12.388
  step 500/1999 best 12.697
  step 550/1999 best 12.649
  step 600/1999 best 12.702
  step 650/1999 best 12.678
  step 700/1999 best 12.624
  step 750/1999 best 12.485
  step 800/1999 best 12.562
  step 850/1999 best 12.652
  step 900/1999 best 12.622
  step 950/1999 best 12.683
  step 1000/1999 best 12.575
  step 1050/1999 best 12.557
  step 1100/1999 best 12.540
  step 1150/1999 best 12.612
  step 1200/1999 best 12.514
  step 1250/1999 best 12.466
  step 1300/1999 best 12.724
  step 1350/1999 best 12.665
  step 1400/1999 best 12.632
  step 1450/1999 best 12.538
  step 1500/1999 best 12.519
  step 1550/1999 best 12.577
  step 1600/1999 best 12.580
  step 1650/1999 best 12.596
  step 1700/1999 best 12.638
  step 1750/1999 best 12.576
  step 1800/1999 best 12.586
  step 1850/1999 best 12.647
  step 1900/1999 best 12.699
  step 1950/1999 best 12.611
saved SBC_CHAINS_cnn_vmim__n1_jitter_seed_s4_sim2546_row2145330_noise878_1057_1236 (240000, 4) acc=0.235
  step 0/1999 best -16.755
  step 50/1999 best 9.114
  step 100/1999 best 11.386
  step 150/1999 best 13.104
  step 200/1999 best 13.389
  step 250/1999 best 13.024
  step 300/1999 best 13.503
  step 350/1999 best 13.494
  step 400/1999 best 13.504
  step 450/1999 best 13.353
  step 500/1999 best 13.478
  step 550/1999 best 13.247
  step 600/1999 best 13.224
  step 650/1999 best 13.391
  step 700/1999 best 13.529
  step 750/1999 best 13.452
  step 800/1999 best 13.439
  step 850/1999 best 13.412
  step 900/1999 best 13.299
  step 950/1999 best 13.540
  step 1000/1999 best 13.420
  step 1050/1999 best 13.483
  step 1100/1999 best 13.423
  step 1150/1999 best 13.487
  step 1200/1999 best 13.396
  step 1250/1999 best 13.469
  step 1300/1999 best 13.505
  step 1350/1999 best 13.532
  step 1400/1999 best 13.554
  step 1450/1999 best 13.338
  step 1500/1999 best 13.545
  step 1550/1999 best 13.324
  step 1600/1999 best 13.452
  step 1650/1999 best 13.573
  step 1700/1999 best 13.582
  step 1750/1999 best 13.584
  step 1800/1999 best 13.518
  step 1850/1999 best 13.405
  step 1900/1999 best 13.492
  step 1950/1999 best 13.503
saved SBC_CHAINS_cnn_vmim__n1_jitter_seed_s4_sim3009_row2604324_noise1956_2135_2314 (240000, 4) acc=0.374
  step 0/1999 best -17.354
  step 50/1999 best -1.976
  step 100/1999 best 1.085
  step 150/1999 best 3.296
  step 200/1999 best 1.631
  step 250/1999 best 4.867
  step 300/1999 best 8.599
  step 350/1999 best 12.308
  step 400/1999 best 12.821
  step 450/1999 best 13.828
  step 500/1999 best 13.452
  step 550/1999 best 15.089
  step 600/1999 best 15.610
  step 650/1999 best 16.060
  step 700/1999 best 16.403
  step 750/1999 best 15.619
  step 800/1999 best 16.651
  step 850/1999 best 16.313
  step 900/1999 best 16.594
  step 950/1999 best 16.490
  step 1000/1999 best 16.428
  step 1050/1999 best 16.430
  step 1100/1999 best 16.152
  step 1150/1999 best 16.629
  step 1200/1999 best 16.120
  step 1250/1999 best 16.284
  step 1300/1999 best 16.344
  step 1350/1999 best 16.224
  step 1400/1999 best 16.123
  step 1450/1999 best 16.499
  step 1500/1999 best 16.279
  step 1550/1999 best 16.395
  step 1600/1999 best 16.549
  step 1650/1999 best 16.321
  step 1700/1999 best 16.529
  step 1750/1999 best 16.699
  step 1800/1999 best 16.471
  step 1850/1999 best 16.610
  step 1900/1999 best 16.663
  step 1950/1999 best 16.335
saved SBC_CHAINS_cnn_vmim__n1_jitter_seed_s4_sim118_row117534_noise598_777_956 (240000, 4) acc=0.138
  step 0/1999 best -17.736
  step 50/1999 best -3.888
  step 100/1999 best 4.226
  step 150/1999 best 12.689
  step 200/1999 best 14.302
  step 250/1999 best 14.318
  step 300/1999 best 14.177
  step 350/1999 best 14.086
  step 400/1999 best 14.508
  step 450/1999 best 14.526
  step 500/1999 best 14.160
  step 550/1999 best 14.592
  step 600/1999 best 14.365
  step 650/1999 best 14.193
  step 700/1999 best 14.622
  step 750/1999 best 14.305
  step 800/1999 best 14.680
  step 850/1999 best 14.508
  step 900/1999 best 14.596
  step 950/1999 best 14.557
  step 1000/1999 best 14.694
  step 1050/1999 best 14.724
  step 1100/1999 best 14.461
  step 1150/1999 best 14.603
  step 1200/1999 best 14.491
  step 1250/1999 best 14.509
  step 1300/1999 best 14.602
  step 1350/1999 best 14.625
  step 1400/1999 best 14.367
  step 1450/1999 best 14.611
  step 1500/1999 best 14.455
  step 1550/1999 best 14.710
  step 1600/1999 best 14.561
  step 1650/1999 best 14.468
  step 1700/1999 best 14.549
  step 1750/1999 best 14.468
  step 1800/1999 best 14.609
  step 1850/1999 best 14.436
  step 1900/1999 best 14.340
  step 1950/1999 best 14.608
saved SBC_CHAINS_cnn_vmim__n1_jitter_seed_s4_sim1766_row1518003_noise6791_6970_7149 (240000, 4) acc=0.238
  step 0/1999 best -11.835
  step 50/1999 best -3.476
  step 100/1999 best 1.831
  step 150/1999 best 7.886
  step 200/1999 best 14.681
  step 250/1999 best 14.409
  step 300/1999 best 15.828
  step 350/1999 best 15.613
  step 400/1999 best 15.889
  step 450/1999 best 15.771
  step 500/1999 best 16.006
  step 550/1999 best 15.807
  step 600/1999 best 16.079
  step 650/1999 best 16.037
  step 700/1999 best 15.884
  step 750/1999 best 15.810
  step 800/1999 best 15.912
  step 850/1999 best 16.094
  step 900/1999 best 15.672
  step 950/1999 best 15.851
  step 1000/1999 best 15.790
  step 1050/1999 best 15.977
  step 1100/1999 best 15.893
  step 1150/1999 best 15.767
  step 1200/1999 best 15.862
  step 1250/1999 best 15.992
  step 1300/1999 best 15.818
  step 1350/1999 best 15.907
  step 1400/1999 best 15.821
  step 1450/1999 best 15.937
  step 1500/1999 best 15.967
  step 1550/1999 best 15.898
  step 1600/1999 best 15.919
  step 1650/1999 best 15.829
  step 1700/1999 best 15.914
  step 1750/1999 best 15.656
  step 1800/1999 best 16.040
  step 1850/1999 best 15.862
  step 1900/1999 best 15.984
  step 1950/1999 best 15.864
saved SBC_CHAINS_cnn_vmim__n1_jitter_seed_s4_sim1742_row1495564_noise3008_3187_3366 (240000, 4) acc=0.186
  step 0/1999 best -21.011
  step 50/1999 best -5.765
  step 100/1999 best -1.878
  step 150/1999 best 4.966
  step 200/1999 best 5.585
  step 250/1999 best 9.591
  step 300/1999 best 10.138
  step 350/1999 best 13.230
  step 400/1999 best 14.405
  step 450/1999 best 15.289
  step 500/1999 best 15.385
  step 550/1999 best 15.472
  step 600/1999 best 15.794
  step 650/1999 best 16.248
  step 700/1999 best 16.095
  step 750/1999 best 16.117
  step 800/1999 best 16.318
  step 850/1999 best 16.416
  step 900/1999 best 16.251
  step 950/1999 best 16.244
  step 1000/1999 best 16.371
  step 1050/1999 best 16.102
  step 1100/1999 best 16.248
  step 1150/1999 best 16.127
  step 1200/1999 best 16.089
  step 1250/1999 best 16.527
  step 1300/1999 best 16.494
  step 1350/1999 best 16.157
  step 1400/1999 best 16.348
  step 1450/1999 best 16.352
  step 1500/1999 best 16.471
  step 1550/1999 best 16.191
  step 1600/1999 best 16.401
  step 1650/1999 best 16.452
  step 1700/1999 best 16.395
  step 1750/1999 best 16.158
  step 1800/1999 best 16.434
  step 1850/1999 best 16.476
  step 1900/1999 best 16.396
  step 1950/1999 best 16.367
saved SBC_CHAINS_cnn_vmim__n1_jitter_seed_s4_sim1516_row1293413_noise2901_3080_3259 (240000, 4) acc=0.120
  step 0/1999 best -13.495
  step 50/1999 best 4.388
  step 100/1999 best 12.159
  step 150/1999 best 12.662
  step 200/1999 best 14.225
  step 250/1999 best 14.636
  step 300/1999 best 14.939
  step 350/1999 best 15.132
  step 400/1999 best 14.904
  step 450/1999 best 15.220
  step 500/1999 best 14.950
  step 550/1999 best 15.182
  step 600/1999 best 15.286
  step 650/1999 best 15.147
  step 700/1999 best 15.125
  step 750/1999 best 15.282
  step 800/1999 best 15.191
  step 850/1999 best 15.238
  step 900/1999 best 15.260
  step 950/1999 best 15.268
  step 1000/1999 best 15.135
  step 1050/1999 best 15.218
  step 1100/1999 best 15.179
  step 1150/1999 best 15.250
  step 1200/1999 best 15.299
  step 1250/1999 best 15.190
  step 1300/1999 best 15.150
  step 1350/1999 best 15.080
  step 1400/1999 best 15.074
  step 1450/1999 best 15.054
  step 1500/1999 best 15.244
  step 1550/1999 best 15.212
  step 1600/1999 best 15.291
  step 1650/1999 best 15.126
  step 1700/1999 best 15.308
  step 1750/1999 best 15.274
  step 1800/1999 best 15.326
  step 1850/1999 best 15.246
  step 1900/1999 best 15.231
  step 1950/1999 best 15.193
saved SBC_CHAINS_cnn_vmim__n1_jitter_seed_s4_sim1418_row1200454_noise3222_3401_3580 (240000, 4) acc=0.193
  step 0/1999 best -22.096
  step 50/1999 best -3.628
  step 100/1999 best 2.215
  step 150/1999 best 9.276
  step 200/1999 best 9.446
  step 250/1999 best 9.959
  step 300/1999 best 9.391
  step 350/1999 best 10.207
  step 400/1999 best 9.968
  step 450/1999 best 10.232
  step 500/1999 best 10.119
  step 550/1999 best 10.192
  step 600/1999 best 9.786
  step 650/1999 best 10.244
  step 700/1999 best 10.053
  step 750/1999 best 10.066
  step 800/1999 best 10.144
  step 850/1999 best 10.293
  step 900/1999 best 10.094
  step 950/1999 best 10.039
  step 1000/1999 best 10.333
  step 1050/1999 best 10.194
  step 1100/1999 best 10.302
  step 1150/1999 best 10.120
  step 1200/1999 best 10.243
  step 1250/1999 best 10.283
  step 1300/1999 best 10.326
  step 1350/1999 best 10.157
  step 1400/1999 best 10.322
  step 1450/1999 best 10.030
  step 1500/1999 best 10.214
  step 1550/1999 best 10.296
  step 1600/1999 best 10.247
  step 1650/1999 best 10.284
  step 1700/1999 best 10.241
  step 1750/1999 best 10.135
  step 1800/1999 best 10.239
  step 1850/1999 best 10.212
  step 1900/1999 best 10.253
  step 1950/1999 best 10.070
saved SBC_CHAINS_cnn_vmim__n1_jitter_seed_s4_sim2589_row2188655_noise4891_5070_5249 (240000, 4) acc=0.185
  step 0/1999 best -15.716
  step 50/1999 best 7.938
  step 100/1999 best 10.720
  step 150/1999 best 11.674
  step 200/1999 best 13.579
  step 250/1999 best 14.208
  step 300/1999 best 13.891
  step 350/1999 best 14.723
  step 400/1999 best 14.324
  step 450/1999 best 14.704
  step 500/1999 best 14.699
  step 550/1999 best 14.747
  step 600/1999 best 14.690
  step 650/1999 best 14.827
  step 700/1999 best 14.798
  step 750/1999 best 14.665
  step 800/1999 best 14.571
  step 850/1999 best 14.763
  step 900/1999 best 14.868
  step 950/1999 best 14.697
  step 1000/1999 best 14.877
  step 1050/1999 best 14.769
  step 1100/1999 best 14.863
  step 1150/1999 best 14.823
  step 1200/1999 best 14.739
  step 1250/1999 best 14.738
  step 1300/1999 best 14.787
  step 1350/1999 best 14.770
  step 1400/1999 best 14.773
  step 1450/1999 best 14.752
  step 1500/1999 best 14.773
  step 1550/1999 best 14.843
  step 1600/1999 best 14.885
  step 1650/1999 best 14.729
  step 1700/1999 best 14.806
  step 1750/1999 best 14.783
  step 1800/1999 best 14.775
  step 1850/1999 best 14.796
  step 1900/1999 best 14.875
  step 1950/1999 best 14.867
saved SBC_CHAINS_cnn_vmim__n1_jitter_seed_s4_sim2013_row1624912_noise9000_9179_9358 (240000, 4) acc=0.343
  step 0/1999 best -7.617
  step 50/1999 best -5.115
  step 100/1999 best 0.136
  step 150/1999 best 1.070
  step 200/1999 best 1.101
  step 250/1999 best 5.311
  step 300/1999 best 5.311
  step 350/1999 best 3.344
  step 400/1999 best 3.214
  step 450/1999 best 6.878
  step 500/1999 best 8.105
  step 550/1999 best 7.559
  step 600/1999 best 10.882
  step 650/1999 best 12.966
  step 700/1999 best 14.325
  step 750/1999 best 14.755
  step 800/1999 best 14.536
  step 850/1999 best 14.544
  step 900/1999 best 14.727
  step 950/1999 best 14.518
  step 1000/1999 best 15.055
  step 1050/1999 best 14.472
  step 1100/1999 best 14.765
  step 1150/1999 best 15.078
  step 1200/1999 best 15.077
  step 1250/1999 best 15.088
  step 1300/1999 best 15.063
  step 1350/1999 best 14.905
  step 1400/1999 best 14.978
  step 1450/1999 best 14.716
  step 1500/1999 best 14.581
  step 1550/1999 best 14.820
  step 1600/1999 best 14.634
  step 1650/1999 best 15.002
  step 1700/1999 best 14.736
  step 1750/1999 best 14.818
  step 1800/1999 best 15.006
  step 1850/1999 best 14.912
  step 1900/1999 best 14.995
  step 1950/1999 best 15.021
saved SBC_CHAINS_cnn_vmim__n1_jitter_seed_s4_sim247_row233918_noise2218_2397_2576 (240000, 4) acc=0.219
  step 0/1999 best -13.959
  step 50/1999 best -4.248
  step 100/1999 best 9.524
  step 150/1999 best 12.303
  step 200/1999 best 12.303
  step 250/1999 best 11.645
  step 300/1999 best 13.193
  step 350/1999 best 15.029
  step 400/1999 best 14.966
  step 450/1999 best 13.514
  step 500/1999 best 13.609
  step 550/1999 best 15.268
  step 600/1999 best 15.336
  step 650/1999 best 15.585
  step 700/1999 best 14.320
  step 750/1999 best 15.857
  step 800/1999 best 15.693
  step 850/1999 best 15.597
  step 900/1999 best 15.527
  step 950/1999 best 15.703
  step 1000/1999 best 15.694
  step 1050/1999 best 15.576
  step 1100/1999 best 15.969
  step 1150/1999 best 15.851
  step 1200/1999 best 16.054
  step 1250/1999 best 15.882
  step 1300/1999 best 16.005
  step 1350/1999 best 16.100
  step 1400/1999 best 15.712
  step 1450/1999 best 15.951
  step 1500/1999 best 16.071
  step 1550/1999 best 15.829
  step 1600/1999 best 15.932
  step 1650/1999 best 15.956
  step 1700/1999 best 15.988
  step 1750/1999 best 15.996
  step 1800/1999 best 15.991
  step 1850/1999 best 15.723
  step 1900/1999 best 15.871
  step 1950/1999 best 16.082
saved SBC_CHAINS_cnn_vmim__n1_jitter_seed_s4_sim442_row420755_noise495_674_853 (240000, 4) acc=0.101
  step 0/1999 best -21.077
  step 50/1999 best -1.049
  step 100/1999 best 4.819
  step 150/1999 best 4.819
  step 200/1999 best 8.493
  step 250/1999 best 12.808
  step 300/1999 best 12.504
  step 350/1999 best 13.351
  step 400/1999 best 14.915
  step 450/1999 best 13.330
  step 500/1999 best 15.030
  step 550/1999 best 15.798
  step 600/1999 best 15.878
  step 650/1999 best 16.137
  step 700/1999 best 16.325
  step 750/1999 best 15.998
  step 800/1999 best 16.322
  step 850/1999 best 16.093
  step 900/1999 best 16.275
  step 950/1999 best 16.472
  step 1000/1999 best 16.315
  step 1050/1999 best 16.564
  step 1100/1999 best 16.578
  step 1150/1999 best 16.410
  step 1200/1999 best 16.283
  step 1250/1999 best 16.399
  step 1300/1999 best 16.538
  step 1350/1999 best 16.659
  step 1400/1999 best 16.619
  step 1450/1999 best 16.666
  step 1500/1999 best 16.521
  step 1550/1999 best 16.501
  step 1600/1999 best 16.605
  step 1650/1999 best 16.483
  step 1700/1999 best 16.345
  step 1750/1999 best 16.558
  step 1800/1999 best 16.223
  step 1850/1999 best 16.069
  step 1900/1999 best 16.527
  step 1950/1999 best 16.372
saved SBC_CHAINS_cnn_vmim__n1_jitter_seed_s4_sim262_row248674_noise7146_7325_7504 (240000, 4) acc=0.124
  step 0/1999 best -16.522
  step 50/1999 best -4.326
  step 100/1999 best 8.951
  step 150/1999 best 8.951
  step 200/1999 best 13.901
  step 250/1999 best 14.099
  step 300/1999 best 14.121
  step 350/1999 best 14.378
  step 400/1999 best 14.341
  step 450/1999 best 15.087
  step 500/1999 best 15.569
  step 550/1999 best 15.542
  step 600/1999 best 15.438
  step 650/1999 best 15.081
  step 700/1999 best 15.210
  step 750/1999 best 15.099
  step 800/1999 best 15.480
  step 850/1999 best 15.207
  step 900/1999 best 15.511
  step 950/1999 best 15.566
  step 1000/1999 best 15.526
  step 1050/1999 best 15.450
  step 1100/1999 best 15.479
  step 1150/1999 best 15.170
  step 1200/1999 best 15.513
  step 1250/1999 best 15.389
  step 1300/1999 best 15.381
  step 1350/1999 best 15.521
  step 1400/1999 best 15.443
  step 1450/1999 best 15.376
  step 1500/1999 best 15.427
  step 1550/1999 best 15.499
  step 1600/1999 best 15.481
  step 1650/1999 best 15.191
  step 1700/1999 best 15.549
  step 1750/1999 best 15.499
  step 1800/1999 best 15.362
  step 1850/1999 best 15.585
  step 1900/1999 best 15.483
  step 1950/1999 best 15.505
saved SBC_CHAINS_cnn_vmim__n1_jitter_seed_s4_sim170_row161030_noise2954_3133_3312 (240000, 4) acc=0.175
  step 0/1999 best -17.014
  step 50/1999 best 9.459
  step 100/1999 best 14.099
  step 150/1999 best 13.934
  step 200/1999 best 13.278
  step 250/1999 best 14.267
  step 300/1999 best 14.545
  step 350/1999 best 14.476
  step 400/1999 best 14.330
  step 450/1999 best 14.384
  step 500/1999 best 14.629
  step 550/1999 best 14.544
  step 600/1999 best 14.536
  step 650/1999 best 14.646
  step 700/1999 best 14.623
  step 750/1999 best 14.621
  step 800/1999 best 14.600
  step 850/1999 best 14.665
  step 900/1999 best 14.483
  step 950/1999 best 14.539
  step 1000/1999 best 14.525
  step 1050/1999 best 14.666
  step 1100/1999 best 14.581
  step 1150/1999 best 14.632
  step 1200/1999 best 14.498
  step 1250/1999 best 14.538
  step 1300/1999 best 14.514
  step 1350/1999 best 14.531
  step 1400/1999 best 14.374
  step 1450/1999 best 14.575
  step 1500/1999 best 14.565
  step 1550/1999 best 14.583
  step 1600/1999 best 14.646
  step 1650/1999 best 14.544
  step 1700/1999 best 14.612
  step 1750/1999 best 14.553
  step 1800/1999 best 14.547
  step 1850/1999 best 14.654
  step 1900/1999 best 14.647
  step 1950/1999 best 14.549
saved SBC_CHAINS_cnn_vmim__n1_jitter_seed_s4_sim2043_row1653035_noise8639_8818_8997 (240000, 4) acc=0.229
  step 0/1999 best -21.365
  step 50/1999 best -6.142
  step 100/1999 best -2.844
  step 150/1999 best 0.777
  step 200/1999 best 10.881
  step 250/1999 best 9.813
  step 300/1999 best 13.994
  step 350/1999 best 13.882
  step 400/1999 best 14.359
  step 450/1999 best 14.348
  step 500/1999 best 14.515
  step 550/1999 best 14.425
  step 600/1999 best 14.542
  step 650/1999 best 14.448
  step 700/1999 best 14.355
  step 750/1999 best 14.645
  step 800/1999 best 14.434
  step 850/1999 best 14.488
  step 900/1999 best 14.474
  step 950/1999 best 14.460
  step 1000/1999 best 14.622
  step 1050/1999 best 14.638
  step 1100/1999 best 14.467
  step 1150/1999 best 14.498
  step 1200/1999 best 14.558
  step 1250/1999 best 14.548
  step 1300/1999 best 14.383
  step 1350/1999 best 14.493
  step 1400/1999 best 14.553
  step 1450/1999 best 14.542
  step 1500/1999 best 14.542
  step 1550/1999 best 14.664
  step 1600/1999 best 14.396
  step 1650/1999 best 14.603
  step 1700/1999 best 14.546
  step 1750/1999 best 14.630
  step 1800/1999 best 14.281
  step 1850/1999 best 14.535
  step 1900/1999 best 14.566
  step 1950/1999 best 14.406
saved SBC_CHAINS_cnn_vmim__n1_jitter_seed_s4_sim958_row907886_noise5570_5749_5928 (240000, 4) acc=0.198
  step 0/1999 best -12.171
  step 50/1999 best -7.482
  step 100/1999 best -3.518
  step 150/1999 best -0.190
  step 200/1999 best 2.212
  step 250/1999 best 9.252
  step 300/1999 best 8.805
  step 350/1999 best 9.633
  step 400/1999 best 9.633
  step 450/1999 best 11.735
  step 500/1999 best 15.367
  step 550/1999 best 15.024
  step 600/1999 best 14.369
  step 650/1999 best 15.166
  step 700/1999 best 14.397
  step 750/1999 best 14.350
  step 800/1999 best 14.517
  step 850/1999 best 14.712
  step 900/1999 best 15.209
  step 950/1999 best 15.414
  step 1000/1999 best 15.772
  step 1050/1999 best 15.811
  step 1100/1999 best 15.580
  step 1150/1999 best 15.563
  step 1200/1999 best 15.040
  step 1250/1999 best 15.157
  step 1300/1999 best 15.571
  step 1350/1999 best 15.817
  step 1400/1999 best 15.489
  step 1450/1999 best 15.407
  step 1500/1999 best 15.753
  step 1550/1999 best 15.319
  step 1600/1999 best 15.729
  step 1650/1999 best 15.648
  step 1700/1999 best 15.504
  step 1750/1999 best 15.738
  step 1800/1999 best 15.786
  step 1850/1999 best 15.326
  step 1900/1999 best 15.498
  step 1950/1999 best 15.655
saved SBC_CHAINS_cnn_vmim__n1_jitter_seed_s4_sim424_row402884_noise2280_2459_2638 (240000, 4) acc=0.113
  step 0/1999 best -14.909
  step 50/1999 best -5.292
  step 100/1999 best -1.745
  step 150/1999 best 7.499
  step 200/1999 best 7.083
  step 250/1999 best 10.679
  step 300/1999 best 10.617
  step 350/1999 best 10.946
  step 400/1999 best 13.418
  step 450/1999 best 13.651
  step 500/1999 best 13.725
  step 550/1999 best 13.344
  step 600/1999 best 13.480
  step 650/1999 best 13.427
  step 700/1999 best 13.626
  step 750/1999 best 13.487
  step 800/1999 best 13.694
  step 850/1999 best 13.835
  step 900/1999 best 13.696
  step 950/1999 best 13.776
  step 1000/1999 best 13.614
  step 1050/1999 best 13.791
  step 1100/1999 best 13.818
  step 1150/1999 best 13.734
  step 1200/1999 best 13.774
  step 1250/1999 best 13.684
  step 1300/1999 best 13.752
  step 1350/1999 best 13.770
  step 1400/1999 best 13.658
  step 1450/1999 best 13.714
  step 1500/1999 best 13.526
  step 1550/1999 best 13.734
  step 1600/1999 best 13.696
  step 1650/1999 best 13.510
  step 1700/1999 best 13.554
  step 1750/1999 best 13.752
  step 1800/1999 best 13.793
  step 1850/1999 best 13.663
  step 1900/1999 best 13.622
  step 1950/1999 best 13.658
saved SBC_CHAINS_cnn_vmim__n1_jitter_seed_s4_sim907_row856033_noise2857_3036_3215 (240000, 4) acc=0.230
  step 0/1999 best -21.372
  step 50/1999 best -2.726
  step 100/1999 best 6.798
  step 150/1999 best 8.726
  step 200/1999 best 7.201
  step 250/1999 best 13.006
  step 300/1999 best 13.006
  step 350/1999 best 13.279
  step 400/1999 best 13.341
  step 450/1999 best 13.096
  step 500/1999 best 13.264
  step 550/1999 best 12.965
  step 600/1999 best 13.329
  step 650/1999 best 13.353
  step 700/1999 best 13.403
  step 750/1999 best 13.412
  step 800/1999 best 13.329
  step 850/1999 best 13.214
  step 900/1999 best 13.314
  step 950/1999 best 13.378
  step 1000/1999 best 13.302
  step 1050/1999 best 13.411
  step 1100/1999 best 13.535
  step 1150/1999 best 13.219
  step 1200/1999 best 13.474
  step 1250/1999 best 13.302
  step 1300/1999 best 13.322
  step 1350/1999 best 13.465
  step 1400/1999 best 13.389
  step 1450/1999 best 13.469
  step 1500/1999 best 13.146
  step 1550/1999 best 13.262
  step 1600/1999 best 13.357
  step 1650/1999 best 13.372
  step 1700/1999 best 13.328
  step 1750/1999 best 13.257
  step 1800/1999 best 13.522
  step 1850/1999 best 13.443
  step 1900/1999 best 13.259
  step 1950/1999 best 13.382
saved SBC_CHAINS_cnn_vmim__n1_jitter_seed_s4_sim2548_row2147065_noise2613_2792_2971 (240000, 4) acc=0.137
  step 0/1999 best -16.310
  step 50/1999 best 7.004
  step 100/1999 best 8.448
  step 150/1999 best 14.169
  step 200/1999 best 16.205
  step 250/1999 best 16.046
  step 300/1999 best 15.184
  step 350/1999 best 16.055
  step 400/1999 best 16.561
  step 450/1999 best 16.648
  step 500/1999 best 16.539
  step 550/1999 best 16.657
  step 600/1999 best 16.711
  step 650/1999 best 16.661
  step 700/1999 best 16.599
  step 750/1999 best 16.608
  step 800/1999 best 16.673
  step 850/1999 best 16.460
  step 900/1999 best 16.627
  step 950/1999 best 16.555
  step 1000/1999 best 16.638
  step 1050/1999 best 16.533
  step 1100/1999 best 16.322
  step 1150/1999 best 16.742
  step 1200/1999 best 16.583
  step 1250/1999 best 16.640
  step 1300/1999 best 16.539
  step 1350/1999 best 16.669
  step 1400/1999 best 16.739
  step 1450/1999 best 16.696
  step 1500/1999 best 16.616
  step 1550/1999 best 16.723
  step 1600/1999 best 16.741
  step 1650/1999 best 16.495
  step 1700/1999 best 16.543
  step 1750/1999 best 16.604
  step 1800/1999 best 16.590
  step 1850/1999 best 16.624
  step 1900/1999 best 16.606
  step 1950/1999 best 16.462
saved SBC_CHAINS_cnn_vmim__n1_jitter_seed_s4_sim1268_row1086094_noise282_461_640 (240000, 4) acc=0.179
  step 0/1999 best -16.856
  step 50/1999 best -4.769
  step 100/1999 best 4.143
  step 150/1999 best 7.197
  step 200/1999 best 8.363
  step 250/1999 best 13.073
  step 300/1999 best 13.927
  step 350/1999 best 14.579
  step 400/1999 best 14.415
  step 450/1999 best 13.762
  step 500/1999 best 14.640
  step 550/1999 best 14.640
  step 600/1999 best 14.954
  step 650/1999 best 14.764
  step 700/1999 best 14.440
  step 750/1999 best 14.704
  step 800/1999 best 14.392
  step 850/1999 best 14.618
  step 900/1999 best 14.704
  step 950/1999 best 14.723
  step 1000/1999 best 14.802
  step 1050/1999 best 14.787
  step 1100/1999 best 14.681
  step 1150/1999 best 14.806
  step 1200/1999 best 14.546
  step 1250/1999 best 14.591
  step 1300/1999 best 14.420
  step 1350/1999 best 14.815
  step 1400/1999 best 14.543
  step 1450/1999 best 14.722
  step 1500/1999 best 14.390
  step 1550/1999 best 14.887
  step 1600/1999 best 14.938
  step 1650/1999 best 14.731
  step 1700/1999 best 14.947
  step 1750/1999 best 14.843
  step 1800/1999 best 14.815
  step 1850/1999 best 14.805
  step 1900/1999 best 14.893
  step 1950/1999 best 14.823
saved SBC_CHAINS_cnn_vmim__n1_jitter_seed_s4_sim92_row91923_noise4471_4650_4829 (240000, 4) acc=0.152
  step 0/1999 best -14.880
  step 50/1999 best -3.038
  step 100/1999 best 7.686
  step 150/1999 best 14.010
  step 200/1999 best 13.323
  step 250/1999 best 13.733
  step 300/1999 best 14.439
  step 350/1999 best 14.618
  step 400/1999 best 14.706
  step 450/1999 best 14.664
  step 500/1999 best 14.852
  step 550/1999 best 14.563
  step 600/1999 best 14.480
  step 650/1999 best 14.576
  step 700/1999 best 14.852
  step 750/1999 best 14.616
  step 800/1999 best 14.727
  step 850/1999 best 14.749
  step 900/1999 best 14.800
  step 950/1999 best 14.755
  step 1000/1999 best 14.928
  step 1050/1999 best 14.878
  step 1100/1999 best 14.748
  step 1150/1999 best 14.835
  step 1200/1999 best 14.814
  step 1250/1999 best 14.808
  step 1300/1999 best 14.686
  step 1350/1999 best 14.777
  step 1400/1999 best 14.785
  step 1450/1999 best 14.595
  step 1500/1999 best 14.782
  step 1550/1999 best 14.830
  step 1600/1999 best 14.757
  step 1650/1999 best 14.879
  step 1700/1999 best 14.709
  step 1750/1999 best 14.912
  step 1800/1999 best 14.860
  step 1850/1999 best 14.878
  step 1900/1999 best 14.795
  step 1950/1999 best 14.764
saved SBC_CHAINS_cnn_vmim__n1_jitter_seed_s4_sim326_row312205_noise1881_2060_2239 (240000, 4) acc=0.144
  step 0/1999 best -18.809
  step 50/1999 best 2.586
  step 100/1999 best 3.738
  step 150/1999 best 12.657
  step 200/1999 best 13.673
  step 250/1999 best 14.746
  step 300/1999 best 16.267
  step 350/1999 best 16.178
  step 400/1999 best 16.594
  step 450/1999 best 16.128
  step 500/1999 best 16.272
  step 550/1999 best 16.391
  step 600/1999 best 16.291
  step 650/1999 best 16.600
  step 700/1999 best 16.676
  step 750/1999 best 16.463
  step 800/1999 best 16.482
  step 850/1999 best 16.569
  step 900/1999 best 16.381
  step 950/1999 best 16.592
  step 1000/1999 best 16.532
  step 1050/1999 best 16.565
  step 1100/1999 best 16.257
  step 1150/1999 best 16.596
  step 1200/1999 best 16.457
  step 1250/1999 best 16.468
  step 1300/1999 best 16.625
  step 1350/1999 best 16.447
  step 1400/1999 best 16.446
  step 1450/1999 best 16.499
  step 1500/1999 best 16.553
  step 1550/1999 best 16.447
  step 1600/1999 best 16.429
  step 1650/1999 best 16.372
  step 1700/1999 best 16.519
  step 1750/1999 best 16.551
  step 1800/1999 best 16.524
  step 1850/1999 best 16.659
  step 1900/1999 best 16.497
  step 1950/1999 best 16.488
saved SBC_CHAINS_cnn_vmim__n1_jitter_seed_s4_sim1521_row1298364_noise7852_8031_8210 (240000, 4) acc=0.139
  step 0/1999 best -10.788
  step 50/1999 best -0.949
  step 100/1999 best -0.991
  step 150/1999 best 5.554
  step 200/1999 best 9.651
  step 250/1999 best 12.333
  step 300/1999 best 12.343
  step 350/1999 best 12.611
  step 400/1999 best 12.651
  step 450/1999 best 12.769
  step 500/1999 best 12.791
  step 550/1999 best 12.847
  step 600/1999 best 12.897
  step 650/1999 best 12.860
  step 700/1999 best 12.872
  step 750/1999 best 12.873
  step 800/1999 best 12.817
  step 850/1999 best 12.864
  step 900/1999 best 12.919
  step 950/1999 best 12.820
  step 1000/1999 best 12.731
  step 1050/1999 best 12.820
  step 1100/1999 best 12.789
  step 1150/1999 best 12.736
  step 1200/1999 best 12.856
  step 1250/1999 best 12.802
  step 1300/1999 best 12.735
  step 1350/1999 best 12.784
  step 1400/1999 best 12.780
  step 1450/1999 best 12.814
  step 1500/1999 best 12.742
  step 1550/1999 best 12.753
  step 1600/1999 best 12.888
  step 1650/1999 best 12.788
  step 1700/1999 best 12.837
  step 1750/1999 best 12.762
  step 1800/1999 best 12.767
  step 1850/1999 best 12.875
  step 1900/1999 best 12.747
  step 1950/1999 best 12.909
saved SBC_CHAINS_cnn_vmim__n1_jitter_seed_s4_sim3106_row2701949_noise1301_1480_1659 (240000, 4) acc=0.385
  step 0/1999 best -20.301
  step 50/1999 best -1.846
  step 100/1999 best 1.805
  step 150/1999 best 1.720
  step 200/1999 best 1.999
  step 250/1999 best 2.592
  step 300/1999 best 7.694
  step 350/1999 best 13.448
  step 400/1999 best 14.296
  step 450/1999 best 13.752
  step 500/1999 best 14.157
  step 550/1999 best 14.609
  step 600/1999 best 14.187
  step 650/1999 best 14.821
  step 700/1999 best 14.054
  step 750/1999 best 14.604
  step 800/1999 best 14.373
  step 850/1999 best 14.643
  step 900/1999 best 14.524
  step 950/1999 best 14.542
  step 1000/1999 best 14.934
  step 1050/1999 best 14.724
  step 1100/1999 best 14.944
  step 1150/1999 best 14.636
  step 1200/1999 best 14.756
  step 1250/1999 best 14.656
  step 1300/1999 best 14.757
  step 1350/1999 best 14.692
  step 1400/1999 best 14.744
  step 1450/1999 best 14.751
  step 1500/1999 best 14.456
  step 1550/1999 best 14.837
  step 1600/1999 best 14.841
  step 1650/1999 best 14.847
  step 1700/1999 best 14.797
  step 1750/1999 best 14.719
  step 1800/1999 best 14.584
  step 1850/1999 best 14.831
  step 1900/1999 best 14.790
  step 1950/1999 best 14.651
saved SBC_CHAINS_cnn_vmim__n1_jitter_seed_s4_sim1417_row1199216_noise1984_2163_2342 (240000, 4) acc=0.181
  step 0/1999 best -11.456
  step 50/1999 best -0.129
  step 100/1999 best 7.198
  step 150/1999 best 6.985
  step 200/1999 best 12.327
  step 250/1999 best 11.773
  step 300/1999 best 14.362
  step 350/1999 best 14.546
  step 400/1999 best 14.493
  step 450/1999 best 15.466
  step 500/1999 best 15.612
  step 550/1999 best 16.195
  step 600/1999 best 16.417
  step 650/1999 best 16.075
  step 700/1999 best 15.652
  step 750/1999 best 16.033
  step 800/1999 best 16.136
  step 850/1999 best 16.491
  step 900/1999 best 16.467
  step 950/1999 best 16.168
  step 1000/1999 best 16.550
  step 1050/1999 best 16.386
  step 1100/1999 best 16.250
  step 1150/1999 best 16.585
  step 1200/1999 best 16.494
  step 1250/1999 best 16.443
  step 1300/1999 best 16.476
  step 1350/1999 best 16.332
  step 1400/1999 best 16.687
  step 1450/1999 best 16.670
  step 1500/1999 best 16.525
  step 1550/1999 best 16.556
  step 1600/1999 best 16.601
  step 1650/1999 best 16.477
  step 1700/1999 best 16.556
  step 1750/1999 best 16.550
  step 1800/1999 best 16.727
  step 1850/1999 best 16.662
  step 1900/1999 best 16.730
  step 1950/1999 best 16.407
saved SBC_CHAINS_cnn_vmim__n1_jitter_seed_s4_sim1270_row1088444_noise2632_2811_2990 (240000, 4) acc=0.118
  step 0/1999 best -9.597
  step 50/1999 best 1.331
  step 100/1999 best 3.694
  step 150/1999 best 8.416
  step 200/1999 best 10.132
  step 250/1999 best 10.224
  step 300/1999 best 12.967
  step 350/1999 best 12.967
  step 400/1999 best 13.192
  step 450/1999 best 13.063
  step 500/1999 best 13.396
  step 550/1999 best 13.244
  step 600/1999 best 13.267
  step 650/1999 best 13.407
  step 700/1999 best 13.300
  step 750/1999 best 13.050
  step 800/1999 best 13.185
  step 850/1999 best 13.409
  step 900/1999 best 13.205
  step 950/1999 best 13.435
  step 1000/1999 best 13.264
  step 1050/1999 best 13.297
  step 1100/1999 best 13.417
  step 1150/1999 best 13.363
  step 1200/1999 best 13.332
  step 1250/1999 best 13.233
  step 1300/1999 best 13.342
  step 1350/1999 best 13.290
  step 1400/1999 best 13.316
  step 1450/1999 best 13.189
  step 1500/1999 best 13.280
  step 1550/1999 best 13.352
  step 1600/1999 best 13.297
  step 1650/1999 best 13.361
  step 1700/1999 best 13.355
  step 1750/1999 best 13.338
  step 1800/1999 best 13.336
  step 1850/1999 best 13.403
  step 1900/1999 best 13.352
  step 1950/1999 best 13.222
saved SBC_CHAINS_cnn_vmim__n1_jitter_seed_s4_sim3002_row2597802_noise5262_5441_5620 (240000, 4) acc=0.339
  step 0/1999 best -11.688
  step 50/1999 best -1.176
  step 100/1999 best 12.372
  step 150/1999 best 13.215
  step 200/1999 best 14.186
  step 250/1999 best 13.851
  step 300/1999 best 14.710
  step 350/1999 best 14.440
  step 400/1999 best 14.722
  step 450/1999 best 14.701
  step 500/1999 best 14.076
  step 550/1999 best 14.253
  step 600/1999 best 14.680
  step 650/1999 best 14.598
  step 700/1999 best 14.731
  step 750/1999 best 14.679
  step 800/1999 best 14.781
  step 850/1999 best 14.609
  step 900/1999 best 14.578
  step 950/1999 best 14.694
  step 1000/1999 best 14.751
  step 1050/1999 best 14.627
  step 1100/1999 best 14.553
  step 1150/1999 best 14.739
  step 1200/1999 best 14.574
  step 1250/1999 best 14.738
  step 1300/1999 best 14.591
  step 1350/1999 best 14.755
  step 1400/1999 best 14.546
  step 1450/1999 best 14.721
  step 1500/1999 best 14.679
  step 1550/1999 best 14.725
  step 1600/1999 best 14.813
  step 1650/1999 best 14.623
  step 1700/1999 best 14.645
  step 1750/1999 best 14.659
  step 1800/1999 best 14.827
  step 1850/1999 best 14.728
  step 1900/1999 best 14.561
  step 1950/1999 best 14.522
saved SBC_CHAINS_cnn_vmim__n1_jitter_seed_s4_sim283_row269479_noise8295_8474_8653 (240000, 4) acc=0.131
  step 0/1999 best -12.515
  step 50/1999 best -1.557
  step 100/1999 best 12.000
  step 150/1999 best 12.915
  step 200/1999 best 13.104
  step 250/1999 best 13.015
  step 300/1999 best 13.044
  step 350/1999 best 12.866
  step 400/1999 best 12.912
  step 450/1999 best 12.793
  step 500/1999 best 12.985
  step 550/1999 best 13.108
  step 600/1999 best 13.143
  step 650/1999 best 13.043
  step 700/1999 best 13.048
  step 750/1999 best 12.924
  step 800/1999 best 12.914
  step 850/1999 best 12.931
  step 900/1999 best 13.110
  step 950/1999 best 13.166
  step 1000/1999 best 13.040
  step 1050/1999 best 13.110
  step 1100/1999 best 13.139
  step 1150/1999 best 12.978
  step 1200/1999 best 13.041
  step 1250/1999 best 13.030
  step 1300/1999 best 13.174
  step 1350/1999 best 12.824
  step 1400/1999 best 13.108
  step 1450/1999 best 13.091
  step 1500/1999 best 13.016
  step 1550/1999 best 13.016
  step 1600/1999 best 13.108
  step 1650/1999 best 13.063
  step 1700/1999 best 13.072
  step 1750/1999 best 12.940
  step 1800/1999 best 13.083
  step 1850/1999 best 13.111
  step 1900/1999 best 13.095
  step 1950/1999 best 13.032
saved SBC_CHAINS_cnn_vmim__n1_jitter_seed_s4_sim681_row632169_noise3037_3216_3395 (240000, 4) acc=0.258
  step 0/1999 best -12.657
  step 50/1999 best 11.319
  step 100/1999 best 16.161
  step 150/1999 best 16.060
  step 200/1999 best 16.476
  step 250/1999 best 16.342
  step 300/1999 best 16.542
  step 350/1999 best 16.697
  step 400/1999 best 16.420
  step 450/1999 best 16.635
  step 500/1999 best 16.325
  step 550/1999 best 16.500
  step 600/1999 best 16.678
  step 650/1999 best 16.528
  step 700/1999 best 16.692
  step 750/1999 best 16.556
  step 800/1999 best 16.613
  step 850/1999 best 16.563
  step 900/1999 best 16.706
  step 950/1999 best 16.666
  step 1000/1999 best 16.121
  step 1050/1999 best 16.586
  step 1100/1999 best 16.593
  step 1150/1999 best 16.285
  step 1200/1999 best 16.693
  step 1250/1999 best 16.640
  step 1300/1999 best 16.633
  step 1350/1999 best 16.542
  step 1400/1999 best 16.529
  step 1450/1999 best 16.493
  step 1500/1999 best 16.657
  step 1550/1999 best 16.671
  step 1600/1999 best 16.495
  step 1650/1999 best 16.584
  step 1700/1999 best 16.586
  step 1750/1999 best 16.682
  step 1800/1999 best 16.409
  step 1850/1999 best 16.520
  step 1900/1999 best 16.620
  step 1950/1999 best 16.555
saved SBC_CHAINS_cnn_vmim__n1_jitter_seed_s4_sim1370_row1178695_noise4603_4782_4961 (240000, 4) acc=0.180
  step 0/1999 best -10.624
  step 50/1999 best 3.013
  step 100/1999 best 7.427
  step 150/1999 best 7.335
  step 200/1999 best 9.843
  step 250/1999 best 10.359
  step 300/1999 best 12.344
  step 350/1999 best 12.726
  step 400/1999 best 13.017
  step 450/1999 best 13.012
  step 500/1999 best 13.517
  step 550/1999 best 13.332
  step 600/1999 best 13.081
  step 650/1999 best 13.361
  step 700/1999 best 13.504
  step 750/1999 best 13.433
  step 800/1999 best 13.439
  step 850/1999 best 13.399
  step 900/1999 best 13.350
  step 950/1999 best 13.372
  step 1000/1999 best 13.417
  step 1050/1999 best 13.218
  step 1100/1999 best 13.448
  step 1150/1999 best 13.483
  step 1200/1999 best 13.402
  step 1250/1999 best 13.429
  step 1300/1999 best 13.425
  step 1350/1999 best 13.372
  step 1400/1999 best 13.246
  step 1450/1999 best 13.502
  step 1500/1999 best 13.443
  step 1550/1999 best 13.426
  step 1600/1999 best 13.396
  step 1650/1999 best 13.441
  step 1700/1999 best 13.421
  step 1750/1999 best 13.412
  step 1800/1999 best 13.414
  step 1850/1999 best 13.467
  step 1900/1999 best 13.487
  step 1950/1999 best 13.423
saved SBC_CHAINS_cnn_vmim__n1_jitter_seed_s4_sim2986_row2581118_noise8234_8413_8592 (240000, 4) acc=0.339
  step 0/1999 best -18.600
  step 50/1999 best -2.703
  step 100/1999 best 3.407
  step 150/1999 best 12.759
  step 200/1999 best 13.920
  step 250/1999 best 13.826
  step 300/1999 best 14.315
  step 350/1999 best 14.397
  step 400/1999 best 14.249
  step 450/1999 best 14.331
  step 500/1999 best 14.317
  step 550/1999 best 14.333
  step 600/1999 best 14.160
  step 650/1999 best 14.393
  step 700/1999 best 14.326
  step 750/1999 best 14.449
  step 800/1999 best 14.295
  step 850/1999 best 14.241
  step 900/1999 best 14.378
  step 950/1999 best 14.280
  step 1000/1999 best 14.334
  step 1050/1999 best 14.373
  step 1100/1999 best 14.282
  step 1150/1999 best 14.184
  step 1200/1999 best 14.458
  step 1250/1999 best 14.442
  step 1300/1999 best 14.426
  step 1350/1999 best 14.327
  step 1400/1999 best 14.321
  step 1450/1999 best 14.184
  step 1500/1999 best 14.339
  step 1550/1999 best 14.343
  step 1600/1999 best 14.297
  step 1650/1999 best 14.315
  step 1700/1999 best 14.386
  step 1750/1999 best 14.305
  step 1800/1999 best 14.397
  step 1850/1999 best 14.396
  step 1900/1999 best 14.375
  step 1950/1999 best 14.313
saved SBC_CHAINS_cnn_vmim__n1_jitter_seed_s4_sim638_row591665_noise9673_24_203 (240000, 4) acc=0.262
  step 0/1999 best -15.139
  step 50/1999 best 2.806
  step 100/1999 best 10.819
  step 150/1999 best 10.581
  step 200/1999 best 13.520
  step 250/1999 best 14.143
  step 300/1999 best 14.304
  step 350/1999 best 14.304
  step 400/1999 best 14.220
  step 450/1999 best 14.022
  step 500/1999 best 14.343
  step 550/1999 best 14.528
  step 600/1999 best 14.458
  step 650/1999 best 14.589
  step 700/1999 best 14.631
  step 750/1999 best 14.549
  step 800/1999 best 14.497
  step 850/1999 best 14.487
  step 900/1999 best 14.544
  step 950/1999 best 14.378
  step 1000/1999 best 14.319
  step 1050/1999 best 14.346
  step 1100/1999 best 14.429
  step 1150/1999 best 14.515
  step 1200/1999 best 14.491
  step 1250/1999 best 14.466
  step 1300/1999 best 14.349
  step 1350/1999 best 14.441
  step 1400/1999 best 14.563
  step 1450/1999 best 14.438
  step 1500/1999 best 14.515
  step 1550/1999 best 14.520
  step 1600/1999 best 14.464
  step 1650/1999 best 14.594
  step 1700/1999 best 14.311
  step 1750/1999 best 14.424
  step 1800/1999 best 14.291
  step 1850/1999 best 14.434
  step 1900/1999 best 14.527
  step 1950/1999 best 14.546
saved SBC_CHAINS_cnn_vmim__n1_jitter_seed_s4_sim895_row844856_noise1508_1687_1866 (240000, 4) acc=0.200
  step 0/1999 best -11.079
  step 50/1999 best 2.247
  step 100/1999 best 2.784
  step 150/1999 best 7.697
  step 200/1999 best 8.828
  step 250/1999 best 14.728
  step 300/1999 best 14.250
  step 350/1999 best 14.815
  step 400/1999 best 14.788
  step 450/1999 best 14.999
  step 500/1999 best 15.161
  step 550/1999 best 15.226
  step 600/1999 best 15.268
  step 650/1999 best 15.109
  step 700/1999 best 15.208
  step 750/1999 best 15.078
  step 800/1999 best 15.173
  step 850/1999 best 15.162
  step 900/1999 best 15.333
  step 950/1999 best 15.187
  step 1000/1999 best 15.204
  step 1050/1999 best 15.205
  step 1100/1999 best 15.319
  step 1150/1999 best 15.036
  step 1200/1999 best 15.160
  step 1250/1999 best 15.238
  step 1300/1999 best 15.161
  step 1350/1999 best 15.350
  step 1400/1999 best 15.226
  step 1450/1999 best 15.252
  step 1500/1999 best 15.249
  step 1550/1999 best 15.207
  step 1600/1999 best 15.297
  step 1650/1999 best 15.242
  step 1700/1999 best 15.255
  step 1750/1999 best 15.341
  step 1800/1999 best 15.297
  step 1850/1999 best 15.051
  step 1900/1999 best 15.299
  step 1950/1999 best 15.288
saved SBC_CHAINS_cnn_vmim__n1_jitter_seed_s4_sim1936_row1547242_noise126_305_484 (240000, 4) acc=0.367
  step 0/1999 best -6.731
  step 50/1999 best 9.204
  step 100/1999 best 12.016
  step 150/1999 best 13.224
  step 200/1999 best 13.623
  step 250/1999 best 14.230
  step 300/1999 best 14.357
  step 350/1999 best 14.287
  step 400/1999 best 14.380
  step 450/1999 best 14.388
  step 500/1999 best 14.436
  step 550/1999 best 14.415
  step 600/1999 best 14.361
  step 650/1999 best 14.357
  step 700/1999 best 14.435
  step 750/1999 best 14.404
  step 800/1999 best 14.165
  step 850/1999 best 14.306
  step 900/1999 best 14.473
  step 950/1999 best 14.415
  step 1000/1999 best 14.393
  step 1050/1999 best 14.274
  step 1100/1999 best 14.381
  step 1150/1999 best 14.344
  step 1200/1999 best 14.454
  step 1250/1999 best 14.341
  step 1300/1999 best 14.431
  step 1350/1999 best 14.414
  step 1400/1999 best 14.325
  step 1450/1999 best 14.473
  step 1500/1999 best 14.451
  step 1550/1999 best 14.429
  step 1600/1999 best 14.387
  step 1650/1999 best 14.362
  step 1700/1999 best 14.397
  step 1750/1999 best 14.415
  step 1800/1999 best 14.360
  step 1850/1999 best 14.393
  step 1900/1999 best 14.323
  step 1950/1999 best 14.323
saved SBC_CHAINS_cnn_vmim__n1_jitter_seed_s4_sim752_row701942_noise6014_6193_6372 (240000, 4) acc=0.319
  step 0/1999 best -15.384
  step 50/1999 best 6.298
  step 100/1999 best 11.792
  step 150/1999 best 11.792
  step 200/1999 best 13.091
  step 250/1999 best 13.390
  step 300/1999 best 13.669
  step 350/1999 best 13.678
  step 400/1999 best 13.659
  step 450/1999 best 13.659
  step 500/1999 best 13.552
  step 550/1999 best 13.631
  step 600/1999 best 13.565
  step 650/1999 best 13.658
  step 700/1999 best 13.618
  step 750/1999 best 13.561
  step 800/1999 best 13.575
  step 850/1999 best 13.496
  step 900/1999 best 13.576
  step 950/1999 best 13.688
  step 1000/1999 best 13.488
  step 1050/1999 best 13.638
  step 1100/1999 best 13.724
  step 1150/1999 best 13.663
  step 1200/1999 best 13.725
  step 1250/1999 best 13.700
  step 1300/1999 best 13.649
  step 1350/1999 best 13.624
  step 1400/1999 best 13.568
  step 1450/1999 best 13.438
  step 1500/1999 best 13.527
  step 1550/1999 best 13.660
  step 1600/1999 best 13.682
  step 1650/1999 best 13.589
  step 1700/1999 best 13.675
  step 1750/1999 best 13.589
  step 1800/1999 best 13.589
  step 1850/1999 best 13.725
  step 1900/1999 best 13.502
  step 1950/1999 best 13.716
saved SBC_CHAINS_cnn_vmim__n1_jitter_seed_s4_sim2913_row2508340_noise4252_4431_4610 (240000, 4) acc=0.369
  step 0/1999 best -19.193
  step 50/1999 best -11.720
  step 100/1999 best -6.462
  step 150/1999 best -5.144
  step 200/1999 best 1.012
  step 250/1999 best 4.696
  step 300/1999 best 7.634
  step 350/1999 best 7.757
  step 400/1999 best 9.119
  step 450/1999 best 10.129
  step 500/1999 best 10.880
  step 550/1999 best 10.965
  step 600/1999 best 10.225
  step 650/1999 best 9.992
  step 700/1999 best 10.990
  step 750/1999 best 10.959
  step 800/1999 best 10.788
  step 850/1999 best 10.928
  step 900/1999 best 10.885
  step 950/1999 best 10.831
  step 1000/1999 best 10.995
  step 1050/1999 best 11.128
  step 1100/1999 best 11.033
  step 1150/1999 best 10.567
  step 1200/1999 best 10.696
  step 1250/1999 best 10.950
  step 1300/1999 best 10.981
  step 1350/1999 best 11.013
  step 1400/1999 best 11.044
  step 1450/1999 best 10.914
  step 1500/1999 best 11.001
  step 1550/1999 best 10.974
  step 1600/1999 best 10.879
  step 1650/1999 best 11.148
  step 1700/1999 best 11.116
  step 1750/1999 best 11.047
  step 1800/1999 best 11.093
  step 1850/1999 best 11.101
  step 1900/1999 best 10.857
  step 1950/1999 best 11.162
saved SBC_CHAINS_cnn_vmim__n1_jitter_seed_s4_sim2845_row2440826_noise5534_5713_5892 (240000, 4) acc=0.202
  step 0/1999 best -14.985
  step 50/1999 best -2.665
  step 100/1999 best -2.454
  step 150/1999 best 4.361
  step 200/1999 best 9.856
  step 250/1999 best 9.856
  step 300/1999 best 10.240
  step 350/1999 best 11.465
  step 400/1999 best 11.696
  step 450/1999 best 11.542
  step 500/1999 best 11.585
  step 550/1999 best 11.409
  step 600/1999 best 11.896
  step 650/1999 best 11.856
  step 700/1999 best 12.183
  step 750/1999 best 12.272
  step 800/1999 best 12.268
  step 850/1999 best 12.188
  step 900/1999 best 12.238
  step 950/1999 best 12.274
  step 1000/1999 best 12.060
  step 1050/1999 best 12.208
  step 1100/1999 best 12.219
  step 1150/1999 best 12.183
  step 1200/1999 best 12.044
  step 1250/1999 best 12.065
  step 1300/1999 best 12.183
  step 1350/1999 best 12.330
  step 1400/1999 best 12.246
  step 1450/1999 best 12.001
  step 1500/1999 best 12.208
  step 1550/1999 best 12.258
  step 1600/1999 best 12.134
  step 1650/1999 best 12.199
  step 1700/1999 best 12.124
  step 1750/1999 best 12.195
  step 1800/1999 best 12.076
  step 1850/1999 best 12.063
  step 1900/1999 best 12.101
  step 1950/1999 best 12.000
saved SBC_CHAINS_cnn_vmim__n1_jitter_seed_s4_sim3007_row2602000_noise9460_9639_9818 (240000, 4) acc=0.223
  step 0/1999 best -27.056
  step 50/1999 best -3.741
  step 100/1999 best 7.234
  step 150/1999 best 11.904
  step 200/1999 best 11.904
  step 250/1999 best 11.904
  step 300/1999 best 11.877
  step 350/1999 best 11.782
  step 400/1999 best 11.782
  step 450/1999 best 11.337
  step 500/1999 best 11.494
  step 550/1999 best 11.591
  step 600/1999 best 11.478
  step 650/1999 best 11.340
  step 700/1999 best 11.171
  step 750/1999 best 11.287
  step 800/1999 best 11.479
  step 850/1999 best 11.787
  step 900/1999 best 11.764
  step 950/1999 best 12.050
  step 1000/1999 best 11.782
  step 1050/1999 best 11.790
  step 1100/1999 best 11.852
  step 1150/1999 best 11.919
  step 1200/1999 best 11.953
  step 1250/1999 best 11.816
  step 1300/1999 best 11.879
  step 1350/1999 best 11.826
  step 1400/1999 best 11.791
  step 1450/1999 best 12.015
  step 1500/1999 best 12.016
  step 1550/1999 best 11.977
  step 1600/1999 best 11.996
  step 1650/1999 best 11.917
  step 1700/1999 best 11.923
  step 1750/1999 best 12.096
  step 1800/1999 best 11.807
  step 1850/1999 best 11.959
  step 1900/1999 best 12.026
  step 1950/1999 best 11.912
saved SBC_CHAINS_cnn_vmim__n1_jitter_seed_s4_sim2518_row2117110_noise2142_2321_2500 (240000, 4) acc=0.171
  step 0/1999 best -10.987
  step 50/1999 best 1.761
  step 100/1999 best 2.446
  step 150/1999 best 13.164
  step 200/1999 best 13.583
  step 250/1999 best 13.953
  step 300/1999 best 14.519
  step 350/1999 best 15.093
  step 400/1999 best 15.104
  step 450/1999 best 15.406
  step 500/1999 best 14.998
  step 550/1999 best 15.245
  step 600/1999 best 15.075
  step 650/1999 best 15.278
  step 700/1999 best 15.241
  step 750/1999 best 15.230
  step 800/1999 best 15.316
  step 850/1999 best 15.264
  step 900/1999 best 15.241
  step 950/1999 best 15.241
  step 1000/1999 best 15.184
  step 1050/1999 best 15.147
  step 1100/1999 best 15.158
  step 1150/1999 best 15.274
  step 1200/1999 best 15.306
  step 1250/1999 best 15.232
  step 1300/1999 best 15.305
  step 1350/1999 best 15.216
  step 1400/1999 best 15.171
  step 1450/1999 best 15.378
  step 1500/1999 best 15.364
  step 1550/1999 best 15.074
  step 1600/1999 best 15.207
  step 1650/1999 best 15.273
  step 1700/1999 best 15.386
  step 1750/1999 best 15.297
  step 1800/1999 best 15.392
  step 1850/1999 best 15.317
  step 1900/1999 best 15.340
  step 1950/1999 best 15.356
saved SBC_CHAINS_cnn_vmim__n1_jitter_seed_s4_sim1981_row1592656_noise6228_6407_6586 (240000, 4) acc=0.219
  step 0/1999 best -14.053
  step 50/1999 best -5.802
  step 100/1999 best -0.921
  step 150/1999 best -1.054
  step 200/1999 best -1.054
  step 250/1999 best 0.179
  step 300/1999 best 6.031
  step 350/1999 best 10.464
  step 400/1999 best 10.464
  step 450/1999 best 11.181
  step 500/1999 best 13.421
  step 550/1999 best 13.475
  step 600/1999 best 13.739
  step 650/1999 best 13.234
  step 700/1999 best 12.016
  step 750/1999 best 13.611
  step 800/1999 best 14.146
  step 850/1999 best 13.370
  step 900/1999 best 13.781
  step 950/1999 best 13.730
  step 1000/1999 best 13.878
  step 1050/1999 best 13.838
  step 1100/1999 best 14.158
  step 1150/1999 best 14.024
  step 1200/1999 best 14.134
  step 1250/1999 best 14.065
  step 1300/1999 best 14.196
  step 1350/1999 best 13.747
  step 1400/1999 best 13.974
  step 1450/1999 best 14.256
  step 1500/1999 best 14.140
  step 1550/1999 best 14.103
  step 1600/1999 best 14.092
  step 1650/1999 best 14.021
  step 1700/1999 best 13.947
  step 1750/1999 best 14.173
  step 1800/1999 best 14.158
  step 1850/1999 best 14.161
  step 1900/1999 best 14.115
  step 1950/1999 best 14.141
saved SBC_CHAINS_cnn_vmim__n1_jitter_seed_s4_sim404_row382726_noise1778_1957_2136 (240000, 4) acc=0.141
  step 0/1999 best -16.204
  step 50/1999 best -3.432
  step 100/1999 best -0.206
  step 150/1999 best 8.808
  step 200/1999 best 10.800
  step 250/1999 best 10.289
  step 300/1999 best 11.755
  step 350/1999 best 11.975
  step 400/1999 best 12.887
  step 450/1999 best 13.199
  step 500/1999 best 13.288
  step 550/1999 best 13.291
  step 600/1999 best 12.984
  step 650/1999 best 13.323
  step 700/1999 best 13.149
  step 750/1999 best 13.152
  step 800/1999 best 13.306
  step 850/1999 best 13.250
  step 900/1999 best 13.273
  step 950/1999 best 13.178
  step 1000/1999 best 13.316
  step 1050/1999 best 13.378
  step 1100/1999 best 13.369
  step 1150/1999 best 13.164
  step 1200/1999 best 13.274
  step 1250/1999 best 13.319
  step 1300/1999 best 13.277
  step 1350/1999 best 13.291
  step 1400/1999 best 13.357
  step 1450/1999 best 13.330
  step 1500/1999 best 13.375
  step 1550/1999 best 13.370
  step 1600/1999 best 13.191
  step 1650/1999 best 13.332
  step 1700/1999 best 13.321
  step 1750/1999 best 13.269
  step 1800/1999 best 13.300
  step 1850/1999 best 13.247
  step 1900/1999 best 13.275
  step 1950/1999 best 13.362
saved SBC_CHAINS_cnn_vmim__n1_jitter_seed_s4_sim2908_row2503000_noise8740_8919_9098 (240000, 4) acc=0.341
  step 0/1999 best -12.630
  step 50/1999 best -2.866
  step 100/1999 best 4.934
  step 150/1999 best 11.489
  step 200/1999 best 11.741
  step 250/1999 best 13.735
  step 300/1999 best 14.017
  step 350/1999 best 14.064
  step 400/1999 best 13.986
  step 450/1999 best 13.904
  step 500/1999 best 14.034
  step 550/1999 best 13.867
  step 600/1999 best 13.925
  step 650/1999 best 13.966
  step 700/1999 best 13.969
  step 750/1999 best 13.898
  step 800/1999 best 13.982
  step 850/1999 best 14.072
  step 900/1999 best 13.925
  step 950/1999 best 13.814
  step 1000/1999 best 13.980
  step 1050/1999 best 14.078
  step 1100/1999 best 14.099
  step 1150/1999 best 14.082
  step 1200/1999 best 13.987
  step 1250/1999 best 13.999
  step 1300/1999 best 14.013
  step 1350/1999 best 13.932
  step 1400/1999 best 13.906
  step 1450/1999 best 13.918
  step 1500/1999 best 14.065
  step 1550/1999 best 14.085
  step 1600/1999 best 13.950
  step 1650/1999 best 13.917
  step 1700/1999 best 13.903
  step 1750/1999 best 13.876
  step 1800/1999 best 13.836
  step 1850/1999 best 14.064
  step 1900/1999 best 14.010
  step 1950/1999 best 14.000
saved SBC_CHAINS_cnn_vmim__n1_jitter_seed_s4_sim914_row863022_noise18_197_376 (240000, 4) acc=0.304
  step 0/1999 best -10.105
  step 50/1999 best 13.509
  step 100/1999 best 12.947
  step 150/1999 best 13.154
  step 200/1999 best 13.252
  step 250/1999 best 12.911
  step 300/1999 best 12.839
  step 350/1999 best 13.706
  step 400/1999 best 14.541
  step 450/1999 best 14.388
  step 500/1999 best 14.588
  step 550/1999 best 14.624
  step 600/1999 best 14.424
  step 650/1999 best 14.635
  step 700/1999 best 14.684
  step 750/1999 best 14.654
  step 800/1999 best 14.337
  step 850/1999 best 14.310
  step 900/1999 best 14.489
  step 950/1999 best 14.606
  step 1000/1999 best 14.551
  step 1050/1999 best 14.610
  step 1100/1999 best 14.679
  step 1150/1999 best 14.650
  step 1200/1999 best 14.602
  step 1250/1999 best 14.620
  step 1300/1999 best 14.712
  step 1350/1999 best 14.460
  step 1400/1999 best 14.334
  step 1450/1999 best 14.600
  step 1500/1999 best 14.689
  step 1550/1999 best 14.616
  step 1600/1999 best 14.611
  step 1650/1999 best 14.581
  step 1700/1999 best 14.628
  step 1750/1999 best 14.487
  step 1800/1999 best 14.566
  step 1850/1999 best 14.342
  step 1900/1999 best 14.545
  step 1950/1999 best 14.508
saved SBC_CHAINS_cnn_vmim__n1_jitter_seed_s4_sim1213_row1031559_noise4715_4894_5073 (240000, 4) acc=0.236
  step 0/1999 best -13.996
  step 50/1999 best -6.388
  step 100/1999 best -3.863
  step 150/1999 best 1.780
  step 200/1999 best 7.804
  step 250/1999 best 6.977
  step 300/1999 best 9.335
  step 350/1999 best 9.070
  step 400/1999 best 6.565
  step 450/1999 best 6.044
  step 500/1999 best 6.925
  step 550/1999 best 7.230
  step 600/1999 best 7.230
  step 650/1999 best 7.908
  step 700/1999 best 7.103
  step 750/1999 best 8.506
  step 800/1999 best 7.719
  step 850/1999 best 7.173
  step 900/1999 best 9.078
  step 950/1999 best 9.522
  step 1000/1999 best 11.355
  step 1050/1999 best 13.284
  step 1100/1999 best 13.080
  step 1150/1999 best 14.181
  step 1200/1999 best 15.111
  step 1250/1999 best 14.525
  step 1300/1999 best 13.173
  step 1350/1999 best 11.503
  step 1400/1999 best 13.854
  step 1450/1999 best 14.629
  step 1500/1999 best 14.994
  step 1550/1999 best 15.008
  step 1600/1999 best 14.809
  step 1650/1999 best 15.027
  step 1700/1999 best 15.115
  step 1750/1999 best 14.326
  step 1800/1999 best 14.941
  step 1850/1999 best 14.999
  step 1900/1999 best 15.182
  step 1950/1999 best 15.078
saved SBC_CHAINS_cnn_vmim__n1_jitter_seed_s4_sim97_row96852_noise9400_9579_9758 (240000, 4) acc=0.143
  step 0/1999 best -17.849
  step 50/1999 best 1.607
  step 100/1999 best 1.227
  step 150/1999 best 11.203
  step 200/1999 best 13.670
  step 250/1999 best 13.940
  step 300/1999 best 14.324
  step 350/1999 best 16.074
  step 400/1999 best 16.483
  step 450/1999 best 16.340
  step 500/1999 best 16.876
  step 550/1999 best 16.936
  step 600/1999 best 16.851
  step 650/1999 best 17.092
  step 700/1999 best 17.031
  step 750/1999 best 17.029
  step 800/1999 best 16.880
  step 850/1999 best 17.015
  step 900/1999 best 16.897
  step 950/1999 best 16.956
  step 1000/1999 best 16.913
  step 1050/1999 best 16.892
  step 1100/1999 best 17.087
  step 1150/1999 best 16.838
  step 1200/1999 best 17.132
  step 1250/1999 best 16.732
  step 1300/1999 best 16.980
  step 1350/1999 best 17.058
  step 1400/1999 best 16.974
  step 1450/1999 best 17.170
  step 1500/1999 best 17.068
  step 1550/1999 best 17.141
  step 1600/1999 best 17.040
  step 1650/1999 best 16.943
  step 1700/1999 best 17.139
  step 1750/1999 best 16.920
  step 1800/1999 best 17.080
  step 1850/1999 best 17.116
  step 1900/1999 best 16.822
  step 1950/1999 best 17.035
saved SBC_CHAINS_cnn_vmim__n1_jitter_seed_s4_sim267_row253888_noise2532_2711_2890 (240000, 4) acc=0.130
  step 0/1999 best -8.763
  step 50/1999 best 7.879
  step 100/1999 best 13.882
  step 150/1999 best 12.233
  step 200/1999 best 14.839
  step 250/1999 best 14.919
  step 300/1999 best 14.766
  step 350/1999 best 14.902
  step 400/1999 best 15.050
  step 450/1999 best 15.023
  step 500/1999 best 15.067
  step 550/1999 best 15.050
  step 600/1999 best 15.125
  step 650/1999 best 15.115
  step 700/1999 best 14.965
  step 750/1999 best 15.044
  step 800/1999 best 15.029
  step 850/1999 best 14.994
  step 900/1999 best 14.910
  step 950/1999 best 15.107
  step 1000/1999 best 15.065
  step 1050/1999 best 14.914
  step 1100/1999 best 14.922
  step 1150/1999 best 15.044
  step 1200/1999 best 14.879
  step 1250/1999 best 15.026
  step 1300/1999 best 15.070
  step 1350/1999 best 14.956
  step 1400/1999 best 14.868
  step 1450/1999 best 14.945
  step 1500/1999 best 14.829
  step 1550/1999 best 15.081
  step 1600/1999 best 15.036
  step 1650/1999 best 15.128
  step 1700/1999 best 15.088
  step 1750/1999 best 14.934
  step 1800/1999 best 14.922
  step 1850/1999 best 14.960
  step 1900/1999 best 14.987
  step 1950/1999 best 14.972
saved SBC_CHAINS_cnn_vmim__n1_jitter_seed_s4_sim915_row864527_noise1523_1702_1881 (240000, 4) acc=0.363
  step 0/1999 best -19.096
  step 50/1999 best -4.470
  step 100/1999 best 3.051
  step 150/1999 best 6.789
  step 200/1999 best 7.574
  step 250/1999 best 7.862
  step 300/1999 best 8.002
  step 350/1999 best 6.552
  step 400/1999 best 9.574
  step 450/1999 best 9.485
  step 500/1999 best 9.579
  step 550/1999 best 8.590
  step 600/1999 best 8.815
  step 650/1999 best 9.052
  step 700/1999 best 10.135
  step 750/1999 best 9.876
  step 800/1999 best 9.986
  step 850/1999 best 9.269
  step 900/1999 best 9.967
  step 950/1999 best 9.315
  step 1000/1999 best 9.872
  step 1050/1999 best 9.510
  step 1100/1999 best 9.984
  step 1150/1999 best 10.102
  step 1200/1999 best 9.965
  step 1250/1999 best 9.999
  step 1300/1999 best 9.814
  step 1350/1999 best 10.061
  step 1400/1999 best 10.128
  step 1450/1999 best 10.006
  step 1500/1999 best 10.046
  step 1550/1999 best 10.167
  step 1600/1999 best 9.917
  step 1650/1999 best 10.039
  step 1700/1999 best 9.968
  step 1750/1999 best 9.924
  step 1800/1999 best 10.075
  step 1850/1999 best 9.654
  step 1900/1999 best 9.932
  step 1950/1999 best 9.779
saved SBC_CHAINS_cnn_vmim__n1_jitter_seed_s4_sim2851_row2446413_noise1293_1472_1651 (240000, 4) acc=0.228
  step 0/1999 best -7.703
  step 50/1999 best -1.665
  step 100/1999 best 4.276
  step 150/1999 best 6.304
  step 200/1999 best 11.436
  step 250/1999 best 12.330
  step 300/1999 best 11.760
  step 350/1999 best 12.711
  step 400/1999 best 12.290
  step 450/1999 best 12.305
  step 500/1999 best 12.738
  step 550/1999 best 12.503
  step 600/1999 best 12.683
  step 650/1999 best 12.615
  step 700/1999 best 12.686
  step 750/1999 best 12.554
  step 800/1999 best 12.447
  step 850/1999 best 12.759
  step 900/1999 best 12.759
  step 950/1999 best 12.763
  step 1000/1999 best 12.708
  step 1050/1999 best 12.581
  step 1100/1999 best 12.709
  step 1150/1999 best 12.659
  step 1200/1999 best 12.604
  step 1250/1999 best 12.614
  step 1300/1999 best 12.729
  step 1350/1999 best 12.780
  step 1400/1999 best 12.675
  step 1450/1999 best 12.773
  step 1500/1999 best 12.623
  step 1550/1999 best 12.720
  step 1600/1999 best 12.712
  step 1650/1999 best 12.672
  step 1700/1999 best 12.736
  step 1750/1999 best 12.748
  step 1800/1999 best 12.518
  step 1850/1999 best 12.660
  step 1900/1999 best 12.711
  step 1950/1999 best 12.592
saved SBC_CHAINS_cnn_vmim__n1_jitter_seed_s4_sim2377_row1976052_noise8504_8683_8862 (240000, 4) acc=0.231
  step 0/1999 best -20.929
  step 50/1999 best 0.150
  step 100/1999 best 2.470
  step 150/1999 best 9.768
  step 200/1999 best 10.013
  step 250/1999 best 10.910
  step 300/1999 best 10.813
  step 350/1999 best 11.006
  step 400/1999 best 10.937
  step 450/1999 best 10.902
  step 500/1999 best 10.976
  step 550/1999 best 10.928
  step 600/1999 best 10.951
  step 650/1999 best 11.007
  step 700/1999 best 10.740
  step 750/1999 best 10.904
  step 800/1999 best 10.886
  step 850/1999 best 10.923
  step 900/1999 best 10.905
  step 950/1999 best 10.968
  step 1000/1999 best 10.960
  step 1050/1999 best 10.949
  step 1100/1999 best 11.083
  step 1150/1999 best 11.012
  step 1200/1999 best 10.944
  step 1250/1999 best 10.822
  step 1300/1999 best 10.897
  step 1350/1999 best 11.054
  step 1400/1999 best 11.025
  step 1450/1999 best 10.890
  step 1500/1999 best 10.980
  step 1550/1999 best 11.021
  step 1600/1999 best 10.988
  step 1650/1999 best 11.005
  step 1700/1999 best 11.002
  step 1750/1999 best 10.947
  step 1800/1999 best 11.011
  step 1850/1999 best 11.050
  step 1900/1999 best 10.917
  step 1950/1999 best 10.911
saved SBC_CHAINS_cnn_vmim__n1_jitter_seed_s4_sim2395_row1994115_noise6911_7090_7269 (240000, 4) acc=0.236
  step 0/1999 best -9.152
  step 50/1999 best 0.257
  step 100/1999 best 1.620
  step 150/1999 best 11.978
  step 200/1999 best 12.398
  step 250/1999 best 12.398
  step 300/1999 best 12.727
  step 350/1999 best 12.654
  step 400/1999 best 13.549
  step 450/1999 best 14.955
  step 500/1999 best 14.411
  step 550/1999 best 15.377
  step 600/1999 best 15.560
  step 650/1999 best 15.485
  step 700/1999 best 15.314
  step 750/1999 best 15.405
  step 800/1999 best 15.616
  step 850/1999 best 15.357
  step 900/1999 best 15.420
  step 950/1999 best 15.595
  step 1000/1999 best 15.568
  step 1050/1999 best 15.564
  step 1100/1999 best 15.502
  step 1150/1999 best 15.607
  step 1200/1999 best 15.630
  step 1250/1999 best 15.733
  step 1300/1999 best 15.645
  step 1350/1999 best 15.709
  step 1400/1999 best 15.692
  step 1450/1999 best 15.608
  step 1500/1999 best 15.540
  step 1550/1999 best 15.637
  step 1600/1999 best 15.647
  step 1650/1999 best 15.614
  step 1700/1999 best 15.516
  step 1750/1999 best 15.630
  step 1800/1999 best 15.666
  step 1850/1999 best 15.612
  step 1900/1999 best 15.709
  step 1950/1999 best 15.646
saved SBC_CHAINS_cnn_vmim__n1_jitter_seed_s4_sim2086_row1696052_noise2516_2695_2874 (240000, 4) acc=0.218
  step 0/1999 best -10.472
  step 50/1999 best -1.974
  step 100/1999 best 5.715
  step 150/1999 best 11.455
  step 200/1999 best 12.884
  step 250/1999 best 13.209
  step 300/1999 best 13.250
  step 350/1999 best 13.259
  step 400/1999 best 13.143
  step 450/1999 best 13.202
  step 500/1999 best 13.340
  step 550/1999 best 13.436
  step 600/1999 best 13.489
  step 650/1999 best 13.497
  step 700/1999 best 13.339
  step 750/1999 best 13.198
  step 800/1999 best 13.278
  step 850/1999 best 13.361
  step 900/1999 best 13.443
  step 950/1999 best 13.357
  step 1000/1999 best 13.338
  step 1050/1999 best 13.379
  step 1100/1999 best 13.468
  step 1150/1999 best 13.377
  step 1200/1999 best 13.415
  step 1250/1999 best 13.376
  step 1300/1999 best 13.484
  step 1350/1999 best 13.409
  step 1400/1999 best 13.482
  step 1450/1999 best 13.390
  step 1500/1999 best 13.329
  step 1550/1999 best 13.428
  step 1600/1999 best 13.490
  step 1650/1999 best 13.346
  step 1700/1999 best 13.451
  step 1750/1999 best 13.489
  step 1800/1999 best 13.284
  step 1850/1999 best 13.387
  step 1900/1999 best 13.417
  step 1950/1999 best 13.375
saved SBC_CHAINS_cnn_vmim__n1_jitter_seed_s4_sim2985_row2580026_noise7142_7321_7500 (240000, 4) acc=0.365
  step 0/1999 best -16.883
  step 50/1999 best -4.061
  step 100/1999 best 10.218
  step 150/1999 best 10.613
  step 200/1999 best 12.799
  step 250/1999 best 9.751
  step 300/1999 best 9.751
  step 350/1999 best 16.066
  step 400/1999 best 15.563
  step 450/1999 best 15.375
  step 500/1999 best 13.511
  step 550/1999 best 14.685
  step 600/1999 best 16.488
  step 650/1999 best 15.820
  step 700/1999 best 16.125
  step 750/1999 best 16.324
  step 800/1999 best 16.703
  step 850/1999 best 16.292
  step 900/1999 best 16.750
  step 950/1999 best 16.654
  step 1000/1999 best 16.235
  step 1050/1999 best 16.508
  step 1100/1999 best 16.599
  step 1150/1999 best 16.768
  step 1200/1999 best 16.665
  step 1250/1999 best 16.692
  step 1300/1999 best 16.811
  step 1350/1999 best 16.587
  step 1400/1999 best 16.075
  step 1450/1999 best 16.405
  step 1500/1999 best 16.504
  step 1550/1999 best 16.777
  step 1600/1999 best 16.609
  step 1650/1999 best 16.744
  step 1700/1999 best 16.609
  step 1750/1999 best 16.278
  step 1800/1999 best 16.780
  step 1850/1999 best 16.752
  step 1900/1999 best 16.659
  step 1950/1999 best 16.731
saved SBC_CHAINS_cnn_vmim__n1_jitter_seed_s4_sim184_row175744_noise7840_8019_8198 (240000, 4) acc=0.106
  step 0/1999 best -17.009
  step 50/1999 best 2.253
  step 100/1999 best 12.523
  step 150/1999 best 14.189
  step 200/1999 best 16.276
  step 250/1999 best 16.680
  step 300/1999 best 17.059
  step 350/1999 best 17.062
  step 400/1999 best 17.040
  step 450/1999 best 17.212
  step 500/1999 best 17.435
  step 550/1999 best 17.308
  step 600/1999 best 17.302
  step 650/1999 best 17.378
  step 700/1999 best 17.446
  step 750/1999 best 17.199
  step 800/1999 best 17.292
  step 850/1999 best 17.372
  step 900/1999 best 17.123
  step 950/1999 best 17.129
  step 1000/1999 best 17.303
  step 1050/1999 best 17.389
  step 1100/1999 best 17.275
  step 1150/1999 best 17.362
  step 1200/1999 best 17.099
  step 1250/1999 best 17.389
  step 1300/1999 best 17.206
  step 1350/1999 best 17.445
  step 1400/1999 best 17.343
  step 1450/1999 best 17.311
  step 1500/1999 best 17.042
  step 1550/1999 best 17.243
  step 1600/1999 best 17.284
  step 1650/1999 best 17.086
  step 1700/1999 best 17.368
  step 1750/1999 best 17.443
  step 1800/1999 best 17.455
  step 1850/1999 best 17.312
  step 1900/1999 best 17.328
  step 1950/1999 best 17.324
saved SBC_CHAINS_cnn_vmim__n1_jitter_seed_s4_sim1281_row1098049_noise3409_3588_3767 (240000, 4) acc=0.190
  step 0/1999 best -15.334
  step 50/1999 best 2.433
  step 100/1999 best 8.589
  step 150/1999 best 9.180
  step 200/1999 best 9.651
  step 250/1999 best 12.943
  step 300/1999 best 12.447
  step 350/1999 best 13.033
  step 400/1999 best 13.091
  step 450/1999 best 13.164
  step 500/1999 best 13.203
  step 550/1999 best 13.234
  step 600/1999 best 12.989
  step 650/1999 best 13.162
  step 700/1999 best 13.050
  step 750/1999 best 13.057
  step 800/1999 best 13.201
  step 850/1999 best 13.235
  step 900/1999 best 13.219
  step 950/1999 best 13.334
  step 1000/1999 best 13.191
  step 1050/1999 best 13.287
  step 1100/1999 best 13.275
  step 1150/1999 best 13.208
  step 1200/1999 best 13.192
  step 1250/1999 best 13.272
  step 1300/1999 best 13.208
  step 1350/1999 best 13.150
  step 1400/1999 best 13.265
  step 1450/1999 best 13.325
  step 1500/1999 best 13.309
  step 1550/1999 best 13.172
  step 1600/1999 best 13.176
  step 1650/1999 best 13.280
  step 1700/1999 best 13.278
  step 1750/1999 best 13.134
  step 1800/1999 best 13.234
  step 1850/1999 best 13.211
  step 1900/1999 best 13.277
  step 1950/1999 best 13.247
saved SBC_CHAINS_cnn_vmim__n1_jitter_seed_s4_sim3063_row2658802_noise7294_7473_7652 (240000, 4) acc=0.322
  step 0/1999 best -19.101
  step 50/1999 best 1.473
  step 100/1999 best 5.653
  step 150/1999 best 9.372
  step 200/1999 best 14.286
  step 250/1999 best 14.948
  step 300/1999 best 15.333
  step 350/1999 best 15.010
  step 400/1999 best 15.154
  step 450/1999 best 15.253
  step 500/1999 best 15.383
  step 550/1999 best 15.259
  step 600/1999 best 15.425
  step 650/1999 best 15.407
  step 700/1999 best 15.404
  step 750/1999 best 15.440
  step 800/1999 best 15.434
  step 850/1999 best 15.200
  step 900/1999 best 15.486
  step 950/1999 best 15.337
  step 1000/1999 best 15.388
  step 1050/1999 best 15.363
  step 1100/1999 best 15.388
  step 1150/1999 best 15.271
  step 1200/1999 best 15.381
  step 1250/1999 best 15.325
  step 1300/1999 best 15.339
  step 1350/1999 best 15.101
  step 1400/1999 best 15.396
  step 1450/1999 best 15.431
  step 1500/1999 best 15.303
  step 1550/1999 best 15.404
  step 1600/1999 best 15.320
  step 1650/1999 best 15.337
  step 1700/1999 best 15.220
  step 1750/1999 best 15.448
  step 1800/1999 best 15.289
  step 1850/1999 best 15.347
  step 1900/1999 best 15.377
  step 1950/1999 best 15.386
saved SBC_CHAINS_cnn_vmim__n1_jitter_seed_s4_sim802_row751296_noise6228_6407_6586 (240000, 4) acc=0.269
  step 0/1999 best -14.931
  step 50/1999 best -3.520
  step 100/1999 best -0.513
  step 150/1999 best 13.089
  step 200/1999 best 13.089
  step 250/1999 best 12.954
  step 300/1999 best 16.467
  step 350/1999 best 16.491
  step 400/1999 best 16.708
  step 450/1999 best 16.633
  step 500/1999 best 16.731
  step 550/1999 best 16.996
  step 600/1999 best 17.062
  step 650/1999 best 17.008
  step 700/1999 best 17.057
  step 750/1999 best 17.195
  step 800/1999 best 16.978
  step 850/1999 best 16.962
  step 900/1999 best 17.163
  step 950/1999 best 17.170
  step 1000/1999 best 17.122
  step 1050/1999 best 17.029
  step 1100/1999 best 17.166
  step 1150/1999 best 17.142
  step 1200/1999 best 17.157
  step 1250/1999 best 17.051
  step 1300/1999 best 16.918
  step 1350/1999 best 16.956
  step 1400/1999 best 17.112
  step 1450/1999 best 17.279
  step 1500/1999 best 17.073
  step 1550/1999 best 17.261
  step 1600/1999 best 17.022
  step 1650/1999 best 17.117
  step 1700/1999 best 17.109
  step 1750/1999 best 17.044
  step 1800/1999 best 17.115
  step 1850/1999 best 17.205
  step 1900/1999 best 17.140
  step 1950/1999 best 17.114
saved SBC_CHAINS_cnn_vmim__n1_jitter_seed_s4_sim1204_row1022137_noise5121_5300_5479 (240000, 4) acc=0.143
  step 0/1999 best -11.219
  step 50/1999 best 0.418
  step 100/1999 best 3.221
  step 150/1999 best 13.625
  step 200/1999 best 13.284
  step 250/1999 best 13.865
  step 300/1999 best 13.865
  step 350/1999 best 15.855
  step 400/1999 best 16.143
  step 450/1999 best 16.570
  step 500/1999 best 16.736
  step 550/1999 best 16.694
  step 600/1999 best 16.714
  step 650/1999 best 16.651
  step 700/1999 best 16.875
  step 750/1999 best 16.836
  step 800/1999 best 16.721
  step 850/1999 best 16.797
  step 900/1999 best 16.932
  step 950/1999 best 16.764
  step 1000/1999 best 16.824
  step 1050/1999 best 16.493
  step 1100/1999 best 16.815
  step 1150/1999 best 16.710
  step 1200/1999 best 16.449
  step 1250/1999 best 16.753
  step 1300/1999 best 16.772
  step 1350/1999 best 16.845
  step 1400/1999 best 16.894
  step 1450/1999 best 16.665
  step 1500/1999 best 16.862
  step 1550/1999 best 16.776
  step 1600/1999 best 16.840
  step 1650/1999 best 16.731
  step 1700/1999 best 16.745
  step 1750/1999 best 16.831
  step 1800/1999 best 16.661
  step 1850/1999 best 16.742
  step 1900/1999 best 16.761
  step 1950/1999 best 16.858
saved SBC_CHAINS_cnn_vmim__n1_jitter_seed_s4_sim1197_row1015031_noise7843_8022_8201 (240000, 4) acc=0.158
  step 0/1999 best -15.575
  step 50/1999 best -1.698
  step 100/1999 best 9.069
  step 150/1999 best 15.164
  step 200/1999 best 15.164
  step 250/1999 best 15.296
  step 300/1999 best 15.778
  step 350/1999 best 15.832
  step 400/1999 best 15.485
  step 450/1999 best 15.827
  step 500/1999 best 15.744
  step 550/1999 best 15.855
  step 600/1999 best 15.837
  step 650/1999 best 15.920
  step 700/1999 best 15.849
  step 750/1999 best 15.930
  step 800/1999 best 15.901
  step 850/1999 best 15.678
  step 900/1999 best 15.940
  step 950/1999 best 15.897
  step 1000/1999 best 15.756
  step 1050/1999 best 15.805
  step 1100/1999 best 15.836
  step 1150/1999 best 15.927
  step 1200/1999 best 15.983
  step 1250/1999 best 15.909
  step 1300/1999 best 15.844
  step 1350/1999 best 15.919
  step 1400/1999 best 15.648
  step 1450/1999 best 15.901
  step 1500/1999 best 15.844
  step 1550/1999 best 15.717
  step 1600/1999 best 15.722
  step 1650/1999 best 15.858
  step 1700/1999 best 15.957
  step 1750/1999 best 15.927
  step 1800/1999 best 15.926
  step 1850/1999 best 15.911
  step 1900/1999 best 15.891
  step 1950/1999 best 15.879
saved SBC_CHAINS_cnn_vmim__n1_jitter_seed_s4_sim1263_row1081792_noise5808_5987_6166 (240000, 4) acc=0.176
  step 0/1999 best -21.441
  step 50/1999 best -8.768
  step 100/1999 best -4.122
  step 150/1999 best -1.112
  step 200/1999 best -0.970
  step 250/1999 best 0.909
  step 300/1999 best 2.105
  step 350/1999 best 2.105
  step 400/1999 best 1.524
  step 450/1999 best 3.690
  step 500/1999 best 6.041
  step 550/1999 best 10.971
  step 600/1999 best 12.758
  step 650/1999 best 12.758
  step 700/1999 best 14.543
  step 750/1999 best 14.246
  step 800/1999 best 14.997
  step 850/1999 best 14.895
  step 900/1999 best 15.171
  step 950/1999 best 15.718
  step 1000/1999 best 15.846
  step 1050/1999 best 14.530
  step 1100/1999 best 14.660
  step 1150/1999 best 14.811
  step 1200/1999 best 15.456
  step 1250/1999 best 15.473
  step 1300/1999 best 15.792
  step 1350/1999 best 15.439
  step 1400/1999 best 15.312
  step 1450/1999 best 15.695
  step 1500/1999 best 15.835
  step 1550/1999 best 15.701
  step 1600/1999 best 15.832
  step 1650/1999 best 15.782
  step 1700/1999 best 15.686
  step 1750/1999 best 15.481
  step 1800/1999 best 15.777
  step 1850/1999 best 15.694
  step 1900/1999 best 15.739
  step 1950/1999 best 15.838
saved SBC_CHAINS_cnn_vmim__n1_jitter_seed_s4_sim100_row99008_noise1728_1907_2086 (240000, 4) acc=0.109
  step 0/1999 best -15.933
  step 50/1999 best 1.032
  step 100/1999 best 14.437
  step 150/1999 best 14.437
  step 200/1999 best 12.126
  step 250/1999 best 14.786
  step 300/1999 best 14.496
  step 350/1999 best 15.260
  step 400/1999 best 15.221
  step 450/1999 best 15.288
  step 500/1999 best 15.009
  step 550/1999 best 15.410
  step 600/1999 best 15.104
  step 650/1999 best 15.285
  step 700/1999 best 15.220
  step 750/1999 best 15.281
  step 800/1999 best 15.423
  step 850/1999 best 15.219
  step 900/1999 best 15.412
  step 950/1999 best 15.411
  step 1000/1999 best 15.453
  step 1050/1999 best 15.392
  step 1100/1999 best 15.400
  step 1150/1999 best 15.420
  step 1200/1999 best 15.365
  step 1250/1999 best 15.423
  step 1300/1999 best 15.271
  step 1350/1999 best 15.369
  step 1400/1999 best 15.368
  step 1450/1999 best 15.330
  step 1500/1999 best 15.347
  step 1550/1999 best 15.251
  step 1600/1999 best 15.376
  step 1650/1999 best 15.431
  step 1700/1999 best 15.304
  step 1750/1999 best 15.366
  step 1800/1999 best 15.288
  step 1850/1999 best 15.419
  step 1900/1999 best 15.295
  step 1950/1999 best 15.421
saved SBC_CHAINS_cnn_vmim__n1_jitter_seed_s4_sim1735_row1488323_noise5595_5774_5953 (240000, 4) acc=0.194
  step 0/1999 best -5.459
  step 50/1999 best -3.115
  step 100/1999 best -1.051
  step 150/1999 best -0.214
  step 200/1999 best 2.107
  step 250/1999 best 1.675
  step 300/1999 best 2.275
  step 350/1999 best 10.692
  step 400/1999 best 13.395
  step 450/1999 best 13.395
  step 500/1999 best 14.769
  step 550/1999 best 15.036
  step 600/1999 best 15.040
  step 650/1999 best 15.040
  step 700/1999 best 15.040
  step 750/1999 best 14.864
  step 800/1999 best 15.601
  step 850/1999 best 15.139
  step 900/1999 best 15.679
  step 950/1999 best 15.332
  step 1000/1999 best 15.543
  step 1050/1999 best 15.703
  step 1100/1999 best 15.274
  step 1150/1999 best 15.667
  step 1200/1999 best 15.457
  step 1250/1999 best 15.115
  step 1300/1999 best 15.365
  step 1350/1999 best 15.459
  step 1400/1999 best 15.613
  step 1450/1999 best 15.596
  step 1500/1999 best 15.380
  step 1550/1999 best 15.404
  step 1600/1999 best 15.335
  step 1650/1999 best 15.655
  step 1700/1999 best 15.589
  step 1750/1999 best 15.669
  step 1800/1999 best 15.649
  step 1850/1999 best 15.605
  step 1900/1999 best 15.453
  step 1950/1999 best 15.499
saved SBC_CHAINS_cnn_vmim__n1_jitter_seed_s4_sim448_row426948_noise6688_6867_7046 (240000, 4) acc=0.114
  step 0/1999 best -14.852
  step 50/1999 best -6.579
  step 100/1999 best -4.459
  step 150/1999 best 0.806
  step 200/1999 best 12.059
  step 250/1999 best 13.847
  step 300/1999 best 13.181
  step 350/1999 best 13.107
  step 400/1999 best 13.134
  step 450/1999 best 14.703
  step 500/1999 best 14.772
  step 550/1999 best 14.200
  step 600/1999 best 14.371
  step 650/1999 best 14.877
  step 700/1999 best 14.528
  step 750/1999 best 14.977
  step 800/1999 best 15.138
  step 850/1999 best 14.739
  step 900/1999 best 14.887
  step 950/1999 best 15.117
  step 1000/1999 best 15.028
  step 1050/1999 best 15.039
  step 1100/1999 best 14.980
  step 1150/1999 best 14.935
  step 1200/1999 best 14.945
  step 1250/1999 best 15.153
  step 1300/1999 best 14.965
  step 1350/1999 best 15.101
  step 1400/1999 best 15.093
  step 1450/1999 best 15.013
  step 1500/1999 best 15.112
  step 1550/1999 best 15.080
  step 1600/1999 best 14.966
  step 1650/1999 best 15.151
  step 1700/1999 best 15.007
  step 1750/1999 best 15.170
  step 1800/1999 best 15.039
  step 1850/1999 best 14.991
  step 1900/1999 best 14.813
  step 1950/1999 best 14.877
saved SBC_CHAINS_cnn_vmim__n1_jitter_seed_s4_sim1732_row1485251_noise2523_2702_2881 (240000, 4) acc=0.159
  step 0/1999 best -16.245
  step 50/1999 best 2.461
  step 100/1999 best 7.843
  step 150/1999 best 9.961
  step 200/1999 best 11.174
  step 250/1999 best 10.578
  step 300/1999 best 12.152
  step 350/1999 best 13.206
  step 400/1999 best 13.544
  step 450/1999 best 12.992
  step 500/1999 best 12.571
  step 550/1999 best 12.865
  step 600/1999 best 13.311
  step 650/1999 best 13.615
  step 700/1999 best 13.823
  step 750/1999 best 13.350
  step 800/1999 best 13.545
  step 850/1999 best 13.503
  step 900/1999 best 13.606
  step 950/1999 best 13.765
  step 1000/1999 best 13.340
  step 1050/1999 best 13.562
  step 1100/1999 best 13.170
  step 1150/1999 best 13.588
  step 1200/1999 best 13.652
  step 1250/1999 best 13.603
  step 1300/1999 best 13.621
  step 1350/1999 best 13.353
  step 1400/1999 best 13.627
  step 1450/1999 best 13.727
  step 1500/1999 best 13.497
  step 1550/1999 best 13.485
  step 1600/1999 best 13.333
  step 1650/1999 best 13.508
  step 1700/1999 best 13.628
  step 1750/1999 best 13.508
  step 1800/1999 best 13.799
  step 1850/1999 best 13.576
  step 1900/1999 best 13.591
  step 1950/1999 best 13.669
saved SBC_CHAINS_cnn_vmim__n1_jitter_seed_s4_sim367_row353055_noise3419_3598_3777 (240000, 4) acc=0.121
  step 0/1999 best -21.497
  step 50/1999 best -3.692
  step 100/1999 best 2.786
  step 150/1999 best 5.567
  step 200/1999 best 9.822
  step 250/1999 best 14.787
  step 300/1999 best 14.748
  step 350/1999 best 15.672
  step 400/1999 best 15.764
  step 450/1999 best 15.795
  step 500/1999 best 15.764
  step 550/1999 best 15.793
  step 600/1999 best 15.738
  step 650/1999 best 15.771
  step 700/1999 best 15.723
  step 750/1999 best 15.885
  step 800/1999 best 15.814
  step 850/1999 best 15.729
  step 900/1999 best 15.861
  step 950/1999 best 15.700
  step 1000/1999 best 15.865
  step 1050/1999 best 15.862
  step 1100/1999 best 15.697
  step 1150/1999 best 15.878
  step 1200/1999 best 15.681
  step 1250/1999 best 15.799
  step 1300/1999 best 15.856
  step 1350/1999 best 15.797
  step 1400/1999 best 15.698
  step 1450/1999 best 15.875
  step 1500/1999 best 15.817
  step 1550/1999 best 15.795
  step 1600/1999 best 15.848
  step 1650/1999 best 15.877
  step 1700/1999 best 15.670
  step 1750/1999 best 15.817
  step 1800/1999 best 15.821
  step 1850/1999 best 15.768
  step 1900/1999 best 15.800
  step 1950/1999 best 15.906
saved SBC_CHAINS_cnn_vmim__n1_jitter_seed_s4_sim1341_row1150654_noise5046_5225_5404 (240000, 4) acc=0.232
  step 0/1999 best -17.187
  step 50/1999 best 3.899
  step 100/1999 best 7.736
  step 150/1999 best 10.131
  step 200/1999 best 11.582
  step 250/1999 best 11.643
  step 300/1999 best 11.223
  step 350/1999 best 11.687
  step 400/1999 best 11.814
  step 450/1999 best 12.184
  step 500/1999 best 12.114
  step 550/1999 best 12.031
  step 600/1999 best 12.105
  step 650/1999 best 12.068
  step 700/1999 best 12.128
  step 750/1999 best 12.278
  step 800/1999 best 11.952
  step 850/1999 best 12.187
  step 900/1999 best 12.025
  step 950/1999 best 12.032
  step 1000/1999 best 12.120
  step 1050/1999 best 12.209
  step 1100/1999 best 11.964
  step 1150/1999 best 12.152
  step 1200/1999 best 12.110
  step 1250/1999 best 12.128
  step 1300/1999 best 12.123
  step 1350/1999 best 12.071
  step 1400/1999 best 12.004
  step 1450/1999 best 11.991
  step 1500/1999 best 12.109
  step 1550/1999 best 12.215
  step 1600/1999 best 11.969
  step 1650/1999 best 12.097
  step 1700/1999 best 12.198
  step 1750/1999 best 12.179
  step 1800/1999 best 11.841
  step 1850/1999 best 12.132
  step 1900/1999 best 12.285
  step 1950/1999 best 12.217
saved SBC_CHAINS_cnn_vmim__n1_jitter_seed_s4_sim2356_row1956574_noise7682_7861_8040 (240000, 4) acc=0.151
  step 0/1999 best -14.230
  step 50/1999 best 5.788
  step 100/1999 best 11.029
  step 150/1999 best 11.538
  step 200/1999 best 11.809
  step 250/1999 best 11.825
  step 300/1999 best 12.153
  step 350/1999 best 12.207
  step 400/1999 best 12.021
  step 450/1999 best 12.103
  step 500/1999 best 11.915
  step 550/1999 best 12.139
  step 600/1999 best 12.114
  step 650/1999 best 12.122
  step 700/1999 best 12.117
  step 750/1999 best 12.195
  step 800/1999 best 12.102
  step 850/1999 best 12.044
  step 900/1999 best 12.192
  step 950/1999 best 12.210
  step 1000/1999 best 12.188
  step 1050/1999 best 11.976
  step 1100/1999 best 12.124
  step 1150/1999 best 12.182
  step 1200/1999 best 12.164
  step 1250/1999 best 12.170
  step 1300/1999 best 12.089
  step 1350/1999 best 12.104
  step 1400/1999 best 12.024
  step 1450/1999 best 12.222
  step 1500/1999 best 12.135
  step 1550/1999 best 12.131
  step 1600/1999 best 12.095
  step 1650/1999 best 12.079
  step 1700/1999 best 12.065
  step 1750/1999 best 12.103
  step 1800/1999 best 12.108
  step 1850/1999 best 12.082
  step 1900/1999 best 12.042
  step 1950/1999 best 12.032
saved SBC_CHAINS_cnn_vmim__n1_jitter_seed_s4_sim764_row713570_noise7814_7993_8172 (240000, 4) acc=0.241
  step 0/1999 best -19.489
  step 50/1999 best 0.472
  step 100/1999 best 1.721
  step 150/1999 best 6.031
  step 200/1999 best 6.031
  step 250/1999 best 6.242
  step 300/1999 best 7.779
  step 350/1999 best 7.779
  step 400/1999 best 10.702
  step 450/1999 best 12.907
  step 500/1999 best 14.110
  step 550/1999 best 14.786
  step 600/1999 best 15.010
  step 650/1999 best 14.788
  step 700/1999 best 14.855
  step 750/1999 best 14.913
  step 800/1999 best 15.139
  step 850/1999 best 14.629
  step 900/1999 best 14.923
  step 950/1999 best 14.807
  step 1000/1999 best 14.946
  step 1050/1999 best 14.767
  step 1100/1999 best 14.966
  step 1150/1999 best 14.961
  step 1200/1999 best 14.856
  step 1250/1999 best 14.341
  step 1300/1999 best 14.846
  step 1350/1999 best 14.855
  step 1400/1999 best 14.804
  step 1450/1999 best 14.922
  step 1500/1999 best 14.879
  step 1550/1999 best 14.613
  step 1600/1999 best 14.712
  step 1650/1999 best 14.930
  step 1700/1999 best 14.744
  step 1750/1999 best 15.078
  step 1800/1999 best 15.041
  step 1850/1999 best 14.918
  step 1900/1999 best 14.953
  step 1950/1999 best 14.821
saved SBC_CHAINS_cnn_vmim__n1_jitter_seed_s4_sim142_row133189_noise4597_4776_4955 (240000, 4) acc=0.257
  step 0/1999 best -9.744
  step 50/1999 best 0.530
  step 100/1999 best 2.638
  step 150/1999 best 8.864
  step 200/1999 best 9.188
  step 250/1999 best 12.820
  step 300/1999 best 14.434
  step 350/1999 best 14.626
  step 400/1999 best 15.767
  step 450/1999 best 15.383
  step 500/1999 best 15.451
  step 550/1999 best 15.635
  step 600/1999 best 16.070
  step 650/1999 best 15.934
  step 700/1999 best 15.953
  step 750/1999 best 15.923
  step 800/1999 best 15.928
  step 850/1999 best 15.764
  step 900/1999 best 15.871
  step 950/1999 best 15.797
  step 1000/1999 best 15.915
  step 1050/1999 best 15.961
  step 1100/1999 best 15.931
  step 1150/1999 best 15.920
  step 1200/1999 best 15.928
  step 1250/1999 best 15.872
  step 1300/1999 best 15.824
  step 1350/1999 best 15.742
  step 1400/1999 best 15.866
  step 1450/1999 best 15.887
  step 1500/1999 best 15.952
  step 1550/1999 best 15.966
  step 1600/1999 best 16.000
  step 1650/1999 best 15.723
  step 1700/1999 best 15.822
  step 1750/1999 best 15.822
  step 1800/1999 best 15.910
  step 1850/1999 best 15.880
  step 1900/1999 best 15.907
  step 1950/1999 best 16.042
saved SBC_CHAINS_cnn_vmim__n1_jitter_seed_s4_sim1305_row1114236_noise7940_8119_8298 (240000, 4) acc=0.214
  step 0/1999 best -18.369
  step 50/1999 best -1.667
  step 100/1999 best 7.024
  step 150/1999 best 5.609
  step 200/1999 best 12.358
  step 250/1999 best 12.358
  step 300/1999 best 13.344
  step 350/1999 best 13.080
  step 400/1999 best 13.022
  step 450/1999 best 13.435
  step 500/1999 best 14.091
  step 550/1999 best 14.395
  step 600/1999 best 15.386
  step 650/1999 best 14.628
  step 700/1999 best 14.260
  step 750/1999 best 14.878
  step 800/1999 best 15.268
  step 850/1999 best 14.810
  step 900/1999 best 15.013
  step 950/1999 best 15.250
  step 1000/1999 best 14.901
  step 1050/1999 best 15.132
  step 1100/1999 best 15.353
  step 1150/1999 best 14.653
  step 1200/1999 best 15.240
  step 1250/1999 best 15.117
  step 1300/1999 best 15.263
  step 1350/1999 best 15.295
  step 1400/1999 best 15.353
  step 1450/1999 best 15.266
  step 1500/1999 best 15.135
  step 1550/1999 best 15.198
  step 1600/1999 best 15.232
  step 1650/1999 best 15.190
  step 1700/1999 best 15.176
  step 1750/1999 best 15.273
  step 1800/1999 best 15.052
  step 1850/1999 best 15.155
  step 1900/1999 best 15.169
  step 1950/1999 best 15.134
saved SBC_CHAINS_cnn_vmim__n1_jitter_seed_s4_sim434_row412362_noise1930_2109_2288 (240000, 4) acc=0.130
  step 0/1999 best -16.290
  step 50/1999 best 9.113
  step 100/1999 best 13.604
  step 150/1999 best 14.270
  step 200/1999 best 13.109
  step 250/1999 best 14.187
  step 300/1999 best 14.189
  step 350/1999 best 14.403
  step 400/1999 best 14.536
  step 450/1999 best 14.544
  step 500/1999 best 14.490
  step 550/1999 best 14.408
  step 600/1999 best 14.505
  step 650/1999 best 14.442
  step 700/1999 best 14.491
  step 750/1999 best 14.477
  step 800/1999 best 14.601
  step 850/1999 best 14.400
  step 900/1999 best 14.541
  step 950/1999 best 14.471
  step 1000/1999 best 14.496
  step 1050/1999 best 14.508
  step 1100/1999 best 14.425
  step 1150/1999 best 14.462
  step 1200/1999 best 14.505
  step 1250/1999 best 14.456
  step 1300/1999 best 14.491
  step 1350/1999 best 14.359
  step 1400/1999 best 14.420
  step 1450/1999 best 14.522
  step 1500/1999 best 14.266
  step 1550/1999 best 14.487
  step 1600/1999 best 14.558
  step 1650/1999 best 14.479
  step 1700/1999 best 14.467
  step 1750/1999 best 14.411
  step 1800/1999 best 14.464
  step 1850/1999 best 14.492
  step 1900/1999 best 14.515
  step 1950/1999 best 14.515
saved SBC_CHAINS_cnn_vmim__n1_jitter_seed_s4_sim877_row826039_noise2347_2526_2705 (240000, 4) acc=0.286
  step 0/1999 best -9.538
  step 50/1999 best 2.348
  step 100/1999 best 13.925
  step 150/1999 best 13.800
  step 200/1999 best 12.605
  step 250/1999 best 15.121
  step 300/1999 best 15.756
  step 350/1999 best 15.401
  step 400/1999 best 15.917
  step 450/1999 best 15.576
  step 500/1999 best 15.908
  step 550/1999 best 15.978
  step 600/1999 best 15.861
  step 650/1999 best 15.865
  step 700/1999 best 15.718
  step 750/1999 best 15.791
  step 800/1999 best 15.890
  step 850/1999 best 15.665
  step 900/1999 best 15.639
  step 950/1999 best 15.687
  step 1000/1999 best 15.900
  step 1050/1999 best 15.800
  step 1100/1999 best 15.728
  step 1150/1999 best 15.811
  step 1200/1999 best 15.747
  step 1250/1999 best 15.893
  step 1300/1999 best 15.914
  step 1350/1999 best 15.960
  step 1400/1999 best 15.717
  step 1450/1999 best 15.757
  step 1500/1999 best 15.916
  step 1550/1999 best 15.827
  step 1600/1999 best 15.902
  step 1650/1999 best 15.856
  step 1700/1999 best 15.811
  step 1750/1999 best 15.855
  step 1800/1999 best 15.897
  step 1850/1999 best 15.822
  step 1900/1999 best 15.821
  step 1950/1999 best 15.965
saved SBC_CHAINS_cnn_vmim__n1_jitter_seed_s4_sim1468_row1250118_noise3746_3925_4104 (240000, 4) acc=0.273
  step 0/1999 best -18.668
  step 50/1999 best 5.486
  step 100/1999 best 8.400
  step 150/1999 best 7.129
  step 200/1999 best 7.632
  step 250/1999 best 11.998
  step 300/1999 best 12.219
  step 350/1999 best 12.359
  step 400/1999 best 12.343
  step 450/1999 best 12.385
  step 500/1999 best 12.456
  step 550/1999 best 12.382
  step 600/1999 best 12.305
  step 650/1999 best 12.304
  step 700/1999 best 12.425
  step 750/1999 best 12.308
  step 800/1999 best 12.417
  step 850/1999 best 12.318
  step 900/1999 best 12.462
  step 950/1999 best 12.191
  step 1000/1999 best 12.349
  step 1050/1999 best 12.502
  step 1100/1999 best 12.500
  step 1150/1999 best 12.287
  step 1200/1999 best 12.251
  step 1250/1999 best 12.410
  step 1300/1999 best 12.499
  step 1350/1999 best 12.367
  step 1400/1999 best 12.506
  step 1450/1999 best 12.282
  step 1500/1999 best 12.272
  step 1550/1999 best 12.448
  step 1600/1999 best 12.397
  step 1650/1999 best 12.283
  step 1700/1999 best 12.355
  step 1750/1999 best 12.491
  step 1800/1999 best 12.391
  step 1850/1999 best 12.368
  step 1900/1999 best 12.425
  step 1950/1999 best 12.433
saved SBC_CHAINS_cnn_vmim__n1_jitter_seed_s4_sim2911_row2506580_noise2492_2671_2850 (240000, 4) acc=0.267
  step 0/1999 best -11.085
  step 50/1999 best -2.236
  step 100/1999 best 0.595
  step 150/1999 best 12.855
  step 200/1999 best 13.387
  step 250/1999 best 14.446
  step 300/1999 best 14.801
  step 350/1999 best 15.708
  step 400/1999 best 15.737
  step 450/1999 best 15.503
  step 500/1999 best 15.964
  step 550/1999 best 16.246
  step 600/1999 best 15.880
  step 650/1999 best 16.048
  step 700/1999 best 15.603
  step 750/1999 best 16.052
  step 800/1999 best 16.023
  step 850/1999 best 16.290
  step 900/1999 best 15.767
  step 950/1999 best 16.030
  step 1000/1999 best 16.253
  step 1050/1999 best 16.197
  step 1100/1999 best 16.346
  step 1150/1999 best 16.134
  step 1200/1999 best 16.028
  step 1250/1999 best 16.294
  step 1300/1999 best 16.316
  step 1350/1999 best 16.143
  step 1400/1999 best 16.061
  step 1450/1999 best 16.137
  step 1500/1999 best 16.427
  step 1550/1999 best 16.455
  step 1600/1999 best 16.193
  step 1650/1999 best 16.163
  step 1700/1999 best 16.389
  step 1750/1999 best 16.271
  step 1800/1999 best 16.295
  step 1850/1999 best 16.201
  step 1900/1999 best 16.247
  step 1950/1999 best 16.368
saved SBC_CHAINS_cnn_vmim__n1_jitter_seed_s4_sim1515_row1292822_noise2310_2489_2668 (240000, 4) acc=0.142
  step 0/1999 best -8.593
  step 50/1999 best -2.295
  step 100/1999 best 8.717
  step 150/1999 best 9.241
  step 200/1999 best 9.863
  step 250/1999 best 9.421
  step 300/1999 best 10.284
  step 350/1999 best 10.178
  step 400/1999 best 10.188
  step 450/1999 best 10.318
  step 500/1999 best 10.339
  step 550/1999 best 10.338
  step 600/1999 best 10.097
  step 650/1999 best 10.263
  step 700/1999 best 10.241
  step 750/1999 best 10.285
  step 800/1999 best 10.263
  step 850/1999 best 10.235
  step 900/1999 best 10.232
  step 950/1999 best 10.281
  step 1000/1999 best 10.333
  step 1050/1999 best 10.201
  step 1100/1999 best 10.164
  step 1150/1999 best 10.187
  step 1200/1999 best 10.151
  step 1250/1999 best 10.211
  step 1300/1999 best 10.219
  step 1350/1999 best 10.256
  step 1400/1999 best 10.234
  step 1450/1999 best 10.226
  step 1500/1999 best 10.275
  step 1550/1999 best 10.280
  step 1600/1999 best 10.351
  step 1650/1999 best 10.302
  step 1700/1999 best 10.243
  step 1750/1999 best 10.260
  step 1800/1999 best 10.375
  step 1850/1999 best 10.195
  step 1900/1999 best 10.224
  step 1950/1999 best 10.289
saved SBC_CHAINS_cnn_vmim__n1_jitter_seed_s4_sim2949_row2544460_noise1060_1239_1418 (240000, 4) acc=0.350
  step 0/1999 best -14.003
  step 50/1999 best 5.896
  step 100/1999 best 8.303
  step 150/1999 best 12.760
  step 200/1999 best 12.733
  step 250/1999 best 13.155
  step 300/1999 best 12.521
  step 350/1999 best 13.843
  step 400/1999 best 13.758
  step 450/1999 best 13.823
  step 500/1999 best 13.696
  step 550/1999 best 13.669
  step 600/1999 best 13.881
  step 650/1999 best 13.814
  step 700/1999 best 13.789
  step 750/1999 best 13.864
  step 800/1999 best 13.846
  step 850/1999 best 13.798
  step 900/1999 best 13.832
  step 950/1999 best 13.921
  step 1000/1999 best 13.822
  step 1050/1999 best 13.828
  step 1100/1999 best 13.817
  step 1150/1999 best 13.910
  step 1200/1999 best 13.862
  step 1250/1999 best 13.871
  step 1300/1999 best 13.776
  step 1350/1999 best 13.828
  step 1400/1999 best 13.937
  step 1450/1999 best 13.867
  step 1500/1999 best 13.886
  step 1550/1999 best 13.789
  step 1600/1999 best 13.822
  step 1650/1999 best 13.836
  step 1700/1999 best 13.751
  step 1750/1999 best 13.837
  step 1800/1999 best 13.855
  step 1850/1999 best 13.823
  step 1900/1999 best 13.830
  step 1950/1999 best 13.937
saved SBC_CHAINS_cnn_vmim__n1_jitter_seed_s4_sim2998_row2593230_noise690_869_1048 (240000, 4) acc=0.399
  step 0/1999 best -14.299
  step 50/1999 best 9.686
  step 100/1999 best 10.149
  step 150/1999 best 11.741
  step 200/1999 best 15.234
  step 250/1999 best 14.582
  step 300/1999 best 15.083
  step 350/1999 best 15.025
  step 400/1999 best 15.516
  step 450/1999 best 15.440
  step 500/1999 best 15.075
  step 550/1999 best 15.370
  step 600/1999 best 15.271
  step 650/1999 best 15.616
  step 700/1999 best 15.512
  step 750/1999 best 15.415
  step 800/1999 best 15.463
  step 850/1999 best 15.351
  step 900/1999 best 15.592
  step 950/1999 best 15.541
  step 1000/1999 best 15.451
  step 1050/1999 best 15.610
  step 1100/1999 best 15.516
  step 1150/1999 best 15.536
  step 1200/1999 best 15.560
  step 1250/1999 best 15.516
  step 1300/1999 best 15.469
  step 1350/1999 best 15.532
  step 1400/1999 best 15.454
  step 1450/1999 best 15.404
  step 1500/1999 best 15.552
  step 1550/1999 best 15.513
  step 1600/1999 best 15.425
  step 1650/1999 best 15.545
  step 1700/1999 best 15.459
  step 1750/1999 best 15.389
  step 1800/1999 best 15.537
  step 1850/1999 best 15.614
  step 1900/1999 best 15.478
  step 1950/1999 best 15.475
saved SBC_CHAINS_cnn_vmim__n1_jitter_seed_s4_sim2007_row1618406_noise2494_2673_2852 (240000, 4) acc=0.260
  step 0/1999 best -10.540
  step 50/1999 best -1.928
  step 100/1999 best 4.459
  step 150/1999 best 10.729
  step 200/1999 best 10.458
  step 250/1999 best 11.370
  step 300/1999 best 11.837
  step 350/1999 best 12.279
  step 400/1999 best 12.330
  step 450/1999 best 12.240
  step 500/1999 best 12.177
  step 550/1999 best 12.341
  step 600/1999 best 12.306
  step 650/1999 best 12.485
  step 700/1999 best 12.344
  step 750/1999 best 12.427
  step 800/1999 best 12.419
  step 850/1999 best 12.404
  step 900/1999 best 12.374
  step 950/1999 best 12.353
  step 1000/1999 best 12.486
  step 1050/1999 best 12.465
  step 1100/1999 best 12.425
  step 1150/1999 best 12.476
  step 1200/1999 best 12.470
  step 1250/1999 best 12.527
  step 1300/1999 best 12.436
  step 1350/1999 best 12.421
  step 1400/1999 best 12.434
  step 1450/1999 best 12.465
  step 1500/1999 best 12.524
  step 1550/1999 best 12.436
  step 1600/1999 best 12.522
  step 1650/1999 best 12.287
  step 1700/1999 best 12.498
  step 1750/1999 best 12.477
  step 1800/1999 best 12.448
  step 1850/1999 best 12.329
  step 1900/1999 best 12.516
  step 1950/1999 best 12.267
saved SBC_CHAINS_cnn_vmim__n1_jitter_seed_s4_sim3105_row2700584_noise9764_115_294 (240000, 4) acc=0.334
  step 0/1999 best -17.555
  step 50/1999 best -4.007
  step 100/1999 best -0.962
  step 150/1999 best 6.342
  step 200/1999 best 11.523
  step 250/1999 best 12.085
  step 300/1999 best 12.406
  step 350/1999 best 12.541
  step 400/1999 best 12.364
  step 450/1999 best 12.355
  step 500/1999 best 12.544
  step 550/1999 best 12.464
  step 600/1999 best 12.475
  step 650/1999 best 12.342
  step 700/1999 best 12.543
  step 750/1999 best 12.544
  step 800/1999 best 12.536
  step 850/1999 best 12.471
  step 900/1999 best 12.407
  step 950/1999 best 12.577
  step 1000/1999 best 12.479
  step 1050/1999 best 12.616
  step 1100/1999 best 12.581
  step 1150/1999 best 12.454
  step 1200/1999 best 12.315
  step 1250/1999 best 12.464
  step 1300/1999 best 12.545
  step 1350/1999 best 12.578
  step 1400/1999 best 12.436
  step 1450/1999 best 12.603
  step 1500/1999 best 12.504
  step 1550/1999 best 12.563
  step 1600/1999 best 12.415
  step 1650/1999 best 12.453
  step 1700/1999 best 12.544
  step 1750/1999 best 12.492
  step 1800/1999 best 12.468
  step 1850/1999 best 12.532
  step 1900/1999 best 12.571
  step 1950/1999 best 12.538
saved SBC_CHAINS_cnn_vmim__n1_jitter_seed_s4_sim2900_row2495593_noise1333_1512_1691 (240000, 4) acc=0.352
  step 0/1999 best -3.463
  step 50/1999 best -1.250
  step 100/1999 best 15.020
  step 150/1999 best 14.375
  step 200/1999 best 15.461
  step 250/1999 best 15.940
  step 300/1999 best 15.932
  step 350/1999 best 16.105
  step 400/1999 best 16.482
  step 450/1999 best 16.417
  step 500/1999 best 16.425
  step 550/1999 best 16.330
  step 600/1999 best 16.341
  step 650/1999 best 16.261
  step 700/1999 best 16.145
  step 750/1999 best 16.169
  step 800/1999 best 16.222
  step 850/1999 best 16.298
  step 900/1999 best 16.426
  step 950/1999 best 16.458
  step 1000/1999 best 16.339
  step 1050/1999 best 16.304
  step 1100/1999 best 16.400
  step 1150/1999 best 16.145
  step 1200/1999 best 16.428
  step 1250/1999 best 16.396
  step 1300/1999 best 16.365
  step 1350/1999 best 16.460
  step 1400/1999 best 16.416
  step 1450/1999 best 16.312
  step 1500/1999 best 16.245
  step 1550/1999 best 16.354
  step 1600/1999 best 16.492
  step 1650/1999 best 16.505
  step 1700/1999 best 16.474
  step 1750/1999 best 16.372
  step 1800/1999 best 16.444
  step 1850/1999 best 16.516
  step 1900/1999 best 16.217
  step 1950/1999 best 16.408
saved SBC_CHAINS_cnn_vmim__n1_jitter_seed_s4_sim1202_row1020124_noise3108_3287_3466 (240000, 4) acc=0.207
  step 0/1999 best -16.545
  step 50/1999 best 6.391
  step 100/1999 best 8.201
  step 150/1999 best 7.984
  step 200/1999 best 7.493
  step 250/1999 best 9.544
  step 300/1999 best 9.254
  step 350/1999 best 9.398
  step 400/1999 best 9.776
  step 450/1999 best 10.351
  step 500/1999 best 10.283
  step 550/1999 best 10.526
  step 600/1999 best 10.260
  step 650/1999 best 10.417
  step 700/1999 best 10.416
  step 750/1999 best 10.448
  step 800/1999 best 10.528
  step 850/1999 best 10.474
  step 900/1999 best 10.484
  step 950/1999 best 10.529
  step 1000/1999 best 10.433
  step 1050/1999 best 10.429
  step 1100/1999 best 10.554
  step 1150/1999 best 10.460
  step 1200/1999 best 10.540
  step 1250/1999 best 10.351
  step 1300/1999 best 10.526
  step 1350/1999 best 10.528
  step 1400/1999 best 10.481
  step 1450/1999 best 10.471
  step 1500/1999 best 10.389
  step 1550/1999 best 10.573
  step 1600/1999 best 10.519
  step 1650/1999 best 10.373
  step 1700/1999 best 10.567
  step 1750/1999 best 10.339
  step 1800/1999 best 10.390
  step 1850/1999 best 10.534
  step 1900/1999 best 10.538
  step 1950/1999 best 10.490
saved SBC_CHAINS_cnn_vmim__n1_jitter_seed_s4_sim2866_row2461766_noise6818_6997_7176 (240000, 4) acc=0.289
  step 0/1999 best -11.672
  step 50/1999 best 9.925
  step 100/1999 best 12.164
  step 150/1999 best 13.561
  step 200/1999 best 15.354
  step 250/1999 best 15.911
  step 300/1999 best 15.936
  step 350/1999 best 15.649
  step 400/1999 best 15.782
  step 450/1999 best 15.857
  step 500/1999 best 15.893
  step 550/1999 best 15.940
  step 600/1999 best 16.024
  step 650/1999 best 15.828
  step 700/1999 best 15.879
  step 750/1999 best 15.989
  step 800/1999 best 15.931
  step 850/1999 best 15.811
  step 900/1999 best 15.862
  step 950/1999 best 15.922
  step 1000/1999 best 15.948
  step 1050/1999 best 15.689
  step 1100/1999 best 15.822
  step 1150/1999 best 15.864
  step 1200/1999 best 15.785
  step 1250/1999 best 15.793
  step 1300/1999 best 15.987
  step 1350/1999 best 15.913
  step 1400/1999 best 15.860
  step 1450/1999 best 15.754
  step 1500/1999 best 15.796
  step 1550/1999 best 15.760
  step 1600/1999 best 15.942
  step 1650/1999 best 15.891
  step 1700/1999 best 15.801
  step 1750/1999 best 15.815
  step 1800/1999 best 15.959
  step 1850/1999 best 15.952
  step 1900/1999 best 15.855
  step 1950/1999 best 15.832
saved SBC_CHAINS_cnn_vmim__n1_jitter_seed_s4_sim1748_row1501414_noise8858_9037_9216 (240000, 4) acc=0.231
  step 0/1999 best -12.198
  step 50/1999 best -2.559
  step 100/1999 best 0.073
  step 150/1999 best 1.170
  step 200/1999 best 6.966
  step 250/1999 best 11.959
  step 300/1999 best 12.323
  step 350/1999 best 12.435
  step 400/1999 best 12.228
  step 450/1999 best 12.615
  step 500/1999 best 12.831
  step 550/1999 best 12.777
  step 600/1999 best 12.677
  step 650/1999 best 12.731
  step 700/1999 best 12.675
  step 750/1999 best 12.835
  step 800/1999 best 12.809
  step 850/1999 best 12.897
  step 900/1999 best 12.640
  step 950/1999 best 12.896
  step 1000/1999 best 12.884
  step 1050/1999 best 12.857
  step 1100/1999 best 12.881
  step 1150/1999 best 12.900
  step 1200/1999 best 12.821
  step 1250/1999 best 12.880
  step 1300/1999 best 12.716
  step 1350/1999 best 12.812
  step 1400/1999 best 12.840
  step 1450/1999 best 12.864
  step 1500/1999 best 12.845
  step 1550/1999 best 12.819
  step 1600/1999 best 12.828
  step 1650/1999 best 12.943
  step 1700/1999 best 12.799
  step 1750/1999 best 12.835
  step 1800/1999 best 12.830
  step 1850/1999 best 12.925
  step 1900/1999 best 12.826
  step 1950/1999 best 12.830
saved SBC_CHAINS_cnn_vmim__n1_jitter_seed_s4_sim688_row639218_noise258_437_616 (240000, 4) acc=0.321
  step 0/1999 best -26.501
  step 50/1999 best -0.805
  step 100/1999 best 5.422
  step 150/1999 best 5.422
  step 200/1999 best 7.396
  step 250/1999 best 12.216
  step 300/1999 best 12.049
  step 350/1999 best 12.472
  step 400/1999 best 12.883
  step 450/1999 best 12.755
  step 500/1999 best 13.442
  step 550/1999 best 12.917
  step 600/1999 best 13.284
  step 650/1999 best 13.374
  step 700/1999 best 13.193
  step 750/1999 best 13.548
  step 800/1999 best 13.336
  step 850/1999 best 13.375
  step 900/1999 best 13.341
  step 950/1999 best 13.204
  step 1000/1999 best 13.507
  step 1050/1999 best 13.325
  step 1100/1999 best 13.215
  step 1150/1999 best 13.215
  step 1200/1999 best 13.522
  step 1250/1999 best 13.464
  step 1300/1999 best 13.504
  step 1350/1999 best 13.147
  step 1400/1999 best 13.443
  step 1450/1999 best 13.342
  step 1500/1999 best 13.460
  step 1550/1999 best 13.428
  step 1600/1999 best 13.403
  step 1650/1999 best 13.323
  step 1700/1999 best 13.341
  step 1750/1999 best 13.173
  step 1800/1999 best 13.505
  step 1850/1999 best 13.099
  step 1900/1999 best 13.345
  step 1950/1999 best 13.197
saved SBC_CHAINS_cnn_vmim__n1_jitter_seed_s4_sim2530_row2129910_noise5114_5293_5472 (240000, 4) acc=0.142
  step 0/1999 best -13.107
  step 50/1999 best 7.784
  step 100/1999 best 9.560
  step 150/1999 best 12.512
  step 200/1999 best 12.412
  step 250/1999 best 12.810
  step 300/1999 best 12.618
  step 350/1999 best 12.792
  step 400/1999 best 12.695
  step 450/1999 best 12.736
  step 500/1999 best 12.525
  step 550/1999 best 12.814
  step 600/1999 best 12.696
  step 650/1999 best 12.656
  step 700/1999 best 12.813
  step 750/1999 best 12.678
  step 800/1999 best 12.703
  step 850/1999 best 12.740
  step 900/1999 best 12.757
  step 950/1999 best 12.591
  step 1000/1999 best 12.838
  step 1050/1999 best 12.682
  step 1100/1999 best 12.543
  step 1150/1999 best 12.711
  step 1200/1999 best 12.724
  step 1250/1999 best 12.828
  step 1300/1999 best 12.726
  step 1350/1999 best 12.775
  step 1400/1999 best 12.738
  step 1450/1999 best 12.805
  step 1500/1999 best 12.690
  step 1550/1999 best 12.784
  step 1600/1999 best 12.757
  step 1650/1999 best 12.754
  step 1700/1999 best 12.782
  step 1750/1999 best 12.785
  step 1800/1999 best 12.757
  step 1850/1999 best 12.671
  step 1900/1999 best 12.839
  step 1950/1999 best 12.786
saved SBC_CHAINS_cnn_vmim__n1_jitter_seed_s4_sim3098_row2693962_noise3142_3321_3500 (240000, 4) acc=0.317
  step 0/1999 best -13.702
  step 50/1999 best -2.949
  step 100/1999 best 4.138
  step 150/1999 best 8.012
  step 200/1999 best 8.012
  step 250/1999 best 9.362
  step 300/1999 best 10.286
  step 350/1999 best 11.697
  step 400/1999 best 11.807
  step 450/1999 best 11.887
  step 500/1999 best 11.997
  step 550/1999 best 12.011
  step 600/1999 best 12.110
  step 650/1999 best 12.178
  step 700/1999 best 12.050
  step 750/1999 best 12.274
  step 800/1999 best 11.935
  step 850/1999 best 12.304
  step 900/1999 best 12.435
  step 950/1999 best 12.200
  step 1000/1999 best 12.522
  step 1050/1999 best 12.326
  step 1100/1999 best 12.493
  step 1150/1999 best 12.352
  step 1200/1999 best 12.493
  step 1250/1999 best 12.242
  step 1300/1999 best 12.214
  step 1350/1999 best 12.165
  step 1400/1999 best 12.165
  step 1450/1999 best 12.442
  step 1500/1999 best 12.485
  step 1550/1999 best 12.382
  step 1600/1999 best 12.388
  step 1650/1999 best 12.392
  step 1700/1999 best 12.549
  step 1750/1999 best 12.491
  step 1800/1999 best 12.337
  step 1850/1999 best 12.431
  step 1900/1999 best 12.432
  step 1950/1999 best 12.152
saved SBC_CHAINS_cnn_vmim__n1_jitter_seed_s4_sim2437_row2036746_noise402_581_760 (240000, 4) acc=0.235
  step 0/1999 best -15.919
  step 50/1999 best -1.916
  step 100/1999 best 10.080
  step 150/1999 best 14.578
  step 200/1999 best 14.219
  step 250/1999 best 14.219
  step 300/1999 best 14.853
  step 350/1999 best 14.694
  step 400/1999 best 14.906
  step 450/1999 best 14.540
  step 500/1999 best 14.267
  step 550/1999 best 14.767
  step 600/1999 best 14.691
  step 650/1999 best 14.544
  step 700/1999 best 14.659
  step 750/1999 best 14.940
  step 800/1999 best 14.891
  step 850/1999 best 14.889
  step 900/1999 best 14.828
  step 950/1999 best 14.957
  step 1000/1999 best 15.039
  step 1050/1999 best 14.859
  step 1100/1999 best 14.682
  step 1150/1999 best 14.822
  step 1200/1999 best 14.827
  step 1250/1999 best 14.965
  step 1300/1999 best 14.992
  step 1350/1999 best 14.888
  step 1400/1999 best 14.793
  step 1450/1999 best 14.892
  step 1500/1999 best 14.863
  step 1550/1999 best 14.557
  step 1600/1999 best 14.606
  step 1650/1999 best 14.811
  step 1700/1999 best 14.832
  step 1750/1999 best 14.673
  step 1800/1999 best 14.855
  step 1850/1999 best 14.959
  step 1900/1999 best 14.686
  step 1950/1999 best 14.775
saved SBC_CHAINS_cnn_vmim__n1_jitter_seed_s4_sim1747_row1500564_noise8008_8187_8366 (240000, 4) acc=0.212
  step 0/1999 best -18.852
  step 50/1999 best -3.474
  step 100/1999 best 6.762
  step 150/1999 best 7.823
  step 200/1999 best 9.318
  step 250/1999 best 10.821
  step 300/1999 best 10.913
  step 350/1999 best 11.128
  step 400/1999 best 11.335
  step 450/1999 best 11.287
  step 500/1999 best 11.062
  step 550/1999 best 11.210
  step 600/1999 best 11.327
  step 650/1999 best 11.312
  step 700/1999 best 11.180
  step 750/1999 best 11.323
  step 800/1999 best 11.281
  step 850/1999 best 11.262
  step 900/1999 best 11.016
  step 950/1999 best 11.314
  step 1000/1999 best 11.284
  step 1050/1999 best 11.205
  step 1100/1999 best 11.182
  step 1150/1999 best 11.301
  step 1200/1999 best 11.253
  step 1250/1999 best 11.163
  step 1300/1999 best 11.311
  step 1350/1999 best 11.253
  step 1400/1999 best 10.856
  step 1450/1999 best 11.086
  step 1500/1999 best 11.199
  step 1550/1999 best 11.163
  step 1600/1999 best 11.156
  step 1650/1999 best 11.369
  step 1700/1999 best 11.283
  step 1750/1999 best 11.201
  step 1800/1999 best 11.340
  step 1850/1999 best 11.196
  step 1900/1999 best 11.287
  step 1950/1999 best 11.289
saved SBC_CHAINS_cnn_vmim__n1_jitter_seed_s4_sim679_row630361_noise1229_1408_1587 (240000, 4) acc=0.221
  step 0/1999 best -15.157
  step 50/1999 best -5.365
  step 100/1999 best 4.815
  step 150/1999 best 7.140
  step 200/1999 best 9.944
  step 250/1999 best 11.382
  step 300/1999 best 11.759
  step 350/1999 best 11.927
  step 400/1999 best 11.933
  step 450/1999 best 12.009
  step 500/1999 best 11.975
  step 550/1999 best 11.957
  step 600/1999 best 11.984
  step 650/1999 best 11.927
  step 700/1999 best 12.011
  step 750/1999 best 12.080
  step 800/1999 best 12.078
  step 850/1999 best 11.948
  step 900/1999 best 11.889
  step 950/1999 best 11.972
  step 1000/1999 best 11.834
  step 1050/1999 best 11.890
  step 1100/1999 best 12.059
  step 1150/1999 best 12.021
  step 1200/1999 best 11.913
  step 1250/1999 best 12.058
  step 1300/1999 best 12.037
  step 1350/1999 best 11.972
  step 1400/1999 best 12.065
  step 1450/1999 best 11.975
  step 1500/1999 best 11.965
  step 1550/1999 best 11.933
  step 1600/1999 best 12.078
  step 1650/1999 best 11.974
  step 1700/1999 best 12.062
  step 1750/1999 best 12.077
  step 1800/1999 best 11.938
  step 1850/1999 best 12.082
  step 1900/1999 best 11.974
  step 1950/1999 best 11.956
saved SBC_CHAINS_cnn_vmim__n1_jitter_seed_s4_sim2899_row2494346_noise86_265_444 (240000, 4) acc=0.327
  step 0/1999 best -16.224
  step 50/1999 best -4.714
  step 100/1999 best 3.878
  step 150/1999 best 11.689
  step 200/1999 best 11.541
  step 250/1999 best 11.016
  step 300/1999 best 11.683
  step 350/1999 best 12.100
  step 400/1999 best 12.007
  step 450/1999 best 12.074
  step 500/1999 best 12.029
  step 550/1999 best 11.857
  step 600/1999 best 12.040
  step 650/1999 best 12.102
  step 700/1999 best 12.135
  step 750/1999 best 12.014
  step 800/1999 best 12.069
  step 850/1999 best 12.203
  step 900/1999 best 12.090
  step 950/1999 best 12.130
  step 1000/1999 best 12.174
  step 1050/1999 best 12.180
  step 1100/1999 best 12.035
  step 1150/1999 best 12.036
  step 1200/1999 best 12.202
  step 1250/1999 best 12.153
  step 1300/1999 best 12.218
  step 1350/1999 best 12.162
  step 1400/1999 best 12.181
  step 1450/1999 best 12.094
  step 1500/1999 best 12.179
  step 1550/1999 best 12.048
  step 1600/1999 best 12.101
  step 1650/1999 best 12.142
  step 1700/1999 best 11.909
  step 1750/1999 best 12.123
  step 1800/1999 best 12.025
  step 1850/1999 best 12.106
  step 1900/1999 best 12.063
  step 1950/1999 best 12.080
saved SBC_CHAINS_cnn_vmim__n1_jitter_seed_s4_sim2980_row2575943_noise3059_3238_3417 (240000, 4) acc=0.355
  step 0/1999 best -14.737
  step 50/1999 best -1.553
  step 100/1999 best -0.515
  step 150/1999 best 0.580
  step 200/1999 best -0.461
  step 250/1999 best -0.477
  step 300/1999 best 5.635
  step 350/1999 best 8.269
  step 400/1999 best 9.535
  step 450/1999 best 10.343
  step 500/1999 best 10.624
  step 550/1999 best 10.240
  step 600/1999 best 10.544
  step 650/1999 best 10.556
  step 700/1999 best 10.687
  step 750/1999 best 10.331
  step 800/1999 best 10.621
  step 850/1999 best 10.624
  step 900/1999 best 10.354
  step 950/1999 best 10.488
  step 1000/1999 best 10.558
  step 1050/1999 best 10.536
  step 1100/1999 best 10.583
  step 1150/1999 best 10.649
  step 1200/1999 best 10.643
  step 1250/1999 best 10.481
  step 1300/1999 best 10.684
  step 1350/1999 best 10.711
  step 1400/1999 best 10.587
  step 1450/1999 best 10.627
  step 1500/1999 best 10.713
  step 1550/1999 best 10.555
  step 1600/1999 best 10.476
  step 1650/1999 best 10.685
  step 1700/1999 best 10.556
  step 1750/1999 best 10.548
  step 1800/1999 best 10.635
  step 1850/1999 best 10.505
  step 1900/1999 best 10.342
  step 1950/1999 best 10.667
saved SBC_CHAINS_cnn_vmim__n1_jitter_seed_s4_sim2629_row2228318_noise5242_5421_5600 (240000, 4) acc=0.132
  step 0/1999 best -13.388
  step 50/1999 best 1.202
  step 100/1999 best 2.542
  step 150/1999 best 4.807
  step 200/1999 best 8.112
  step 250/1999 best 7.854
  step 300/1999 best 8.944
  step 350/1999 best 8.825
  step 400/1999 best 8.990
  step 450/1999 best 9.534
  step 500/1999 best 9.033
  step 550/1999 best 9.414
  step 600/1999 best 9.251
  step 650/1999 best 9.484
  step 700/1999 best 9.397
  step 750/1999 best 9.455
  step 800/1999 best 9.372
  step 850/1999 best 9.311
  step 900/1999 best 9.295
  step 950/1999 best 9.386
  step 1000/1999 best 9.097
  step 1050/1999 best 9.433
  step 1100/1999 best 9.446
  step 1150/1999 best 9.450
  step 1200/1999 best 9.529
  step 1250/1999 best 9.401
  step 1300/1999 best 9.403
  step 1350/1999 best 9.320
  step 1400/1999 best 9.234
  step 1450/1999 best 9.567
  step 1500/1999 best 9.511
  step 1550/1999 best 9.375
  step 1600/1999 best 9.568
  step 1650/1999 best 9.463
  step 1700/1999 best 9.376
  step 1750/1999 best 9.448
  step 1800/1999 best 9.456
  step 1850/1999 best 9.390
  step 1900/1999 best 9.386
  step 1950/1999 best 9.290
saved SBC_CHAINS_cnn_vmim__n1_jitter_seed_s4_sim2864_row2459370_noise4422_4601_4780 (240000, 4) acc=0.279
  step 0/1999 best -22.599
  step 50/1999 best -2.776
  step 100/1999 best 5.449
  step 150/1999 best 6.718
  step 200/1999 best 11.958
  step 250/1999 best 10.886
  step 300/1999 best 11.695
  step 350/1999 best 12.565
  step 400/1999 best 12.500
  step 450/1999 best 12.469
  step 500/1999 best 12.700
  step 550/1999 best 12.790
  step 600/1999 best 12.734
  step 650/1999 best 12.717
  step 700/1999 best 12.724
  step 750/1999 best 12.714
  step 800/1999 best 12.518
  step 850/1999 best 12.725
  step 900/1999 best 12.832
  step 950/1999 best 12.860
  step 1000/1999 best 12.768
  step 1050/1999 best 12.815
  step 1100/1999 best 12.639
  step 1150/1999 best 12.724
  step 1200/1999 best 12.711
  step 1250/1999 best 12.873
  step 1300/1999 best 12.741
  step 1350/1999 best 12.727
  step 1400/1999 best 12.637
  step 1450/1999 best 12.668
  step 1500/1999 best 12.631
  step 1550/1999 best 12.669
  step 1600/1999 best 12.865
  step 1650/1999 best 12.779
  step 1700/1999 best 12.778
  step 1750/1999 best 12.713
  step 1800/1999 best 12.666
  step 1850/1999 best 12.756
  step 1900/1999 best 12.857
  step 1950/1999 best 12.729
saved SBC_CHAINS_cnn_vmim__n1_jitter_seed_s4_sim2830_row2425357_noise9721_72_251 (240000, 4) acc=0.278
  step 0/1999 best -14.122
  step 50/1999 best 8.956
  step 100/1999 best 12.038
  step 150/1999 best 12.733
  step 200/1999 best 16.784
  step 250/1999 best 15.532
  step 300/1999 best 16.713
  step 350/1999 best 16.640
  step 400/1999 best 16.885
  step 450/1999 best 16.880
  step 500/1999 best 16.862
  step 550/1999 best 16.821
  step 600/1999 best 16.914
  step 650/1999 best 16.841
  step 700/1999 best 16.748
  step 750/1999 best 16.976
  step 800/1999 best 16.864
  step 850/1999 best 16.877
  step 900/1999 best 16.865
  step 950/1999 best 16.926
  step 1000/1999 best 16.845
  step 1050/1999 best 16.885
  step 1100/1999 best 16.946
  step 1150/1999 best 16.834
  step 1200/1999 best 16.886
  step 1250/1999 best 16.861
  step 1300/1999 best 16.947
  step 1350/1999 best 16.873
  step 1400/1999 best 16.964
  step 1450/1999 best 16.913
  step 1500/1999 best 16.814
  step 1550/1999 best 16.857
  step 1600/1999 best 16.893
  step 1650/1999 best 16.891
  step 1700/1999 best 16.848
  step 1750/1999 best 16.963
  step 1800/1999 best 16.964
  step 1850/1999 best 16.837
  step 1900/1999 best 16.813
  step 1950/1999 best 16.929
saved SBC_CHAINS_cnn_vmim__n1_jitter_seed_s4_sim1990_row1601011_noise4755_4934_5113 (240000, 4) acc=0.239
  step 0/1999 best -12.302
  step 50/1999 best 11.037
  step 100/1999 best 11.452
  step 150/1999 best 10.139
  step 200/1999 best 13.118
  step 250/1999 best 12.793
  step 300/1999 best 13.140
  step 350/1999 best 13.646
  step 400/1999 best 13.775
  step 450/1999 best 13.654
  step 500/1999 best 13.672
  step 550/1999 best 13.813
  step 600/1999 best 13.717
  step 650/1999 best 13.760
  step 700/1999 best 13.744
  step 750/1999 best 13.765
  step 800/1999 best 13.735
  step 850/1999 best 13.753
  step 900/1999 best 13.736
  step 950/1999 best 13.741
  step 1000/1999 best 13.776
  step 1050/1999 best 13.743
  step 1100/1999 best 13.724
  step 1150/1999 best 13.716
  step 1200/1999 best 13.723
  step 1250/1999 best 13.753
  step 1300/1999 best 13.762
  step 1350/1999 best 13.797
  step 1400/1999 best 13.824
  step 1450/1999 best 13.831
  step 1500/1999 best 13.809
  step 1550/1999 best 13.848
  step 1600/1999 best 13.636
  step 1650/1999 best 13.725
  step 1700/1999 best 13.791
  step 1750/1999 best 13.661
  step 1800/1999 best 13.802
  step 1850/1999 best 13.686
  step 1900/1999 best 13.761
  step 1950/1999 best 13.753
saved SBC_CHAINS_cnn_vmim__n1_jitter_seed_s4_sim3069_row2664509_noise3173_3352_3531 (240000, 4) acc=0.347
  step 0/1999 best -16.694
  step 50/1999 best 1.607
  step 100/1999 best 3.157
  step 150/1999 best 8.174
  step 200/1999 best 16.610
  step 250/1999 best 16.715
  step 300/1999 best 16.781
  step 350/1999 best 16.667
  step 400/1999 best 16.633
  step 450/1999 best 16.830
  step 500/1999 best 16.640
  step 550/1999 best 16.649
  step 600/1999 best 16.763
  step 650/1999 best 16.586
  step 700/1999 best 16.704
  step 750/1999 best 16.776
  step 800/1999 best 16.746
  step 850/1999 best 16.740
  step 900/1999 best 16.689
  step 950/1999 best 16.739
  step 1000/1999 best 16.430
  step 1050/1999 best 16.744
  step 1100/1999 best 16.646
  step 1150/1999 best 16.727
  step 1200/1999 best 16.716
  step 1250/1999 best 16.654
  step 1300/1999 best 16.708
  step 1350/1999 best 16.700
  step 1400/1999 best 16.680
  step 1450/1999 best 16.757
  step 1500/1999 best 16.813
  step 1550/1999 best 16.726
  step 1600/1999 best 16.696
  step 1650/1999 best 16.839
  step 1700/1999 best 16.749
  step 1750/1999 best 16.842
  step 1800/1999 best 16.706
  step 1850/1999 best 16.510
  step 1900/1999 best 16.810
  step 1950/1999 best 16.740
saved SBC_CHAINS_cnn_vmim__n1_jitter_seed_s4_sim1269_row1087083_noise1271_1450_1629 (240000, 4) acc=0.205
  step 0/1999 best -12.814
  step 50/1999 best 0.569
  step 100/1999 best 0.159
  step 150/1999 best 0.871
  step 200/1999 best 0.689
  step 250/1999 best 7.673
  step 300/1999 best 9.355
  step 350/1999 best 9.337
  step 400/1999 best 9.426
  step 450/1999 best 14.030
  step 500/1999 best 12.489
  step 550/1999 best 11.950
  step 600/1999 best 14.277
  step 650/1999 best 14.266
  step 700/1999 best 14.397
  step 750/1999 best 14.612
  step 800/1999 best 14.341
  step 850/1999 best 14.567
  step 900/1999 best 14.641
  step 950/1999 best 14.515
  step 1000/1999 best 14.387
  step 1050/1999 best 14.373
  step 1100/1999 best 14.613
  step 1150/1999 best 14.889
  step 1200/1999 best 14.645
  step 1250/1999 best 14.226
  step 1300/1999 best 14.767
  step 1350/1999 best 14.767
  step 1400/1999 best 14.845
  step 1450/1999 best 14.745
  step 1500/1999 best 14.675
  step 1550/1999 best 14.527
  step 1600/1999 best 14.786
  step 1650/1999 best 14.569
  step 1700/1999 best 14.760
  step 1750/1999 best 14.520
  step 1800/1999 best 14.884
  step 1850/1999 best 14.897
  step 1900/1999 best 14.709
  step 1950/1999 best 14.696
saved SBC_CHAINS_cnn_vmim__n1_jitter_seed_s4_sim1234_row1052714_noise6214_6393_6572 (240000, 4) acc=0.231
  step 0/1999 best -17.280
  step 50/1999 best 4.122
  step 100/1999 best 12.530
  step 150/1999 best 14.568
  step 200/1999 best 14.801
  step 250/1999 best 14.847
  step 300/1999 best 14.655
  step 350/1999 best 14.627
  step 400/1999 best 14.645
  step 450/1999 best 14.890
  step 500/1999 best 14.852
  step 550/1999 best 14.879
  step 600/1999 best 14.876
  step 650/1999 best 14.785
  step 700/1999 best 14.877
  step 750/1999 best 14.796
  step 800/1999 best 14.952
  step 850/1999 best 14.832
  step 900/1999 best 14.788
  step 950/1999 best 14.959
  step 1000/1999 best 14.959
  step 1050/1999 best 14.841
  step 1100/1999 best 15.016
  step 1150/1999 best 14.912
  step 1200/1999 best 14.835
  step 1250/1999 best 14.944
  step 1300/1999 best 14.827
  step 1350/1999 best 14.733
  step 1400/1999 best 14.849
  step 1450/1999 best 14.993
  step 1500/1999 best 14.883
  step 1550/1999 best 14.855
  step 1600/1999 best 14.817
  step 1650/1999 best 14.924
  step 1700/1999 best 14.852
  step 1750/1999 best 15.016
  step 1800/1999 best 14.929
  step 1850/1999 best 14.856
  step 1900/1999 best 14.989
  step 1950/1999 best 14.924
saved SBC_CHAINS_cnn_vmim__n1_jitter_seed_s4_sim746_row695678_noise9578_9757_108 (240000, 4) acc=0.291
  step 0/1999 best -8.776
  step 50/1999 best -5.943
  step 100/1999 best 4.599
  step 150/1999 best 9.000
  step 200/1999 best 10.927
  step 250/1999 best 12.035
  step 300/1999 best 12.191
  step 350/1999 best 12.680
  step 400/1999 best 12.080
  step 450/1999 best 12.620
  step 500/1999 best 12.620
  step 550/1999 best 12.698
  step 600/1999 best 12.941
  step 650/1999 best 12.963
  step 700/1999 best 12.530
  step 750/1999 best 12.300
  step 800/1999 best 12.015
  step 850/1999 best 13.022
  step 900/1999 best 12.562
  step 950/1999 best 12.907
  step 1000/1999 best 12.841
  step 1050/1999 best 12.988
  step 1100/1999 best 12.598
  step 1150/1999 best 12.885
  step 1200/1999 best 12.899
  step 1250/1999 best 12.677
  step 1300/1999 best 12.840
  step 1350/1999 best 12.744
  step 1400/1999 best 12.932
  step 1450/1999 best 12.876
  step 1500/1999 best 12.989
  step 1550/1999 best 12.955
  step 1600/1999 best 13.031
  step 1650/1999 best 12.808
  step 1700/1999 best 12.687
  step 1750/1999 best 12.736
  step 1800/1999 best 13.017
  step 1850/1999 best 12.999
  step 1900/1999 best 12.818
  step 1950/1999 best 12.760
saved SBC_CHAINS_cnn_vmim__n1_jitter_seed_s4_sim133_row124915_noise6151_6330_6509 (240000, 4) acc=0.206
  step 0/1999 best -12.074
  step 50/1999 best -0.453
  step 100/1999 best 11.072
  step 150/1999 best 13.202
  step 200/1999 best 15.490
  step 250/1999 best 15.490
  step 300/1999 best 15.446
  step 350/1999 best 15.325
  step 400/1999 best 15.508
  step 450/1999 best 15.695
  step 500/1999 best 15.802
  step 550/1999 best 15.747
  step 600/1999 best 15.740
  step 650/1999 best 15.243
  step 700/1999 best 15.745
  step 750/1999 best 15.725
  step 800/1999 best 15.821
  step 850/1999 best 15.623
  step 900/1999 best 15.621
  step 950/1999 best 15.905
  step 1000/1999 best 15.734
  step 1050/1999 best 15.742
  step 1100/1999 best 15.736
  step 1150/1999 best 15.739
  step 1200/1999 best 15.939
  step 1250/1999 best 15.862
  step 1300/1999 best 15.533
  step 1350/1999 best 15.897
  step 1400/1999 best 15.859
  step 1450/1999 best 15.842
  step 1500/1999 best 15.830
  step 1550/1999 best 15.942
  step 1600/1999 best 15.717
  step 1650/1999 best 15.830
  step 1700/1999 best 15.900
  step 1750/1999 best 15.930
  step 1800/1999 best 15.946
  step 1850/1999 best 15.850
  step 1900/1999 best 15.840
  step 1950/1999 best 15.943
saved SBC_CHAINS_cnn_vmim__n1_jitter_seed_s4_sim435_row413228_noise2796_2975_3154 (240000, 4) acc=0.119
  step 0/1999 best -17.571
  step 50/1999 best 0.436
  step 100/1999 best 9.580
  step 150/1999 best 9.580
  step 200/1999 best 10.292
  step 250/1999 best 10.629
  step 300/1999 best 11.103
  step 350/1999 best 11.302
  step 400/1999 best 11.223
  step 450/1999 best 11.970
  step 500/1999 best 12.065
  step 550/1999 best 12.140
  step 600/1999 best 11.898
  step 650/1999 best 11.977
  step 700/1999 best 12.179
  step 750/1999 best 12.035
  step 800/1999 best 12.033
  step 850/1999 best 12.044
  step 900/1999 best 12.017
  step 950/1999 best 12.259
  step 1000/1999 best 12.252
  step 1050/1999 best 12.210
  step 1100/1999 best 12.149
  step 1150/1999 best 12.285
  step 1200/1999 best 12.001
  step 1250/1999 best 12.051
  step 1300/1999 best 12.219
  step 1350/1999 best 11.931
  step 1400/1999 best 11.650
  step 1450/1999 best 12.201
  step 1500/1999 best 12.138
  step 1550/1999 best 12.072
  step 1600/1999 best 12.180
  step 1650/1999 best 12.120
  step 1700/1999 best 12.168
  step 1750/1999 best 12.167
  step 1800/1999 best 12.024
  step 1850/1999 best 12.251
  step 1900/1999 best 12.211
  step 1950/1999 best 12.106
saved SBC_CHAINS_cnn_vmim__n1_jitter_seed_s4_sim2516_row2115348_noise380_559_738 (240000, 4) acc=0.205
  step 0/1999 best -17.231
  step 50/1999 best 3.740
  step 100/1999 best 5.868
  step 150/1999 best 7.396
  step 200/1999 best 9.966
  step 250/1999 best 12.265
  step 300/1999 best 12.928
  step 350/1999 best 12.172
  step 400/1999 best 12.790
  step 450/1999 best 12.787
  step 500/1999 best 12.825
  step 550/1999 best 12.922
  step 600/1999 best 12.892
  step 650/1999 best 12.660
  step 700/1999 best 12.634
  step 750/1999 best 12.820
  step 800/1999 best 12.836
  step 850/1999 best 12.745
  step 900/1999 best 12.952
  step 950/1999 best 12.800
  step 1000/1999 best 12.785
  step 1050/1999 best 12.835
  step 1100/1999 best 12.812
  step 1150/1999 best 12.732
  step 1200/1999 best 12.828
  step 1250/1999 best 12.752
  step 1300/1999 best 12.858
  step 1350/1999 best 12.844
  step 1400/1999 best 12.889
  step 1450/1999 best 12.941
  step 1500/1999 best 12.871
  step 1550/1999 best 12.869
  step 1600/1999 best 12.757
  step 1650/1999 best 12.801
  step 1700/1999 best 12.935
  step 1750/1999 best 12.676
  step 1800/1999 best 12.894
  step 1850/1999 best 12.854
  step 1900/1999 best 12.871
  step 1950/1999 best 12.834
saved SBC_CHAINS_cnn_vmim__n1_jitter_seed_s4_sim2397_row1996208_noise9004_9183_9362 (240000, 4) acc=0.204
  step 0/1999 best -6.841
  step 50/1999 best -2.857
  step 100/1999 best 0.395
  step 150/1999 best 10.763
  step 200/1999 best 10.928
  step 250/1999 best 13.128
  step 300/1999 best 13.096
  step 350/1999 best 13.645
  step 400/1999 best 13.050
  step 450/1999 best 13.482
  step 500/1999 best 13.565
  step 550/1999 best 13.416
  step 600/1999 best 13.621
  step 650/1999 best 13.114
  step 700/1999 best 13.599
  step 750/1999 best 13.515
  step 800/1999 best 13.081
  step 850/1999 best 13.410
  step 900/1999 best 13.604
  step 950/1999 best 13.580
  step 1000/1999 best 13.603
  step 1050/1999 best 13.621
  step 1100/1999 best 13.579
  step 1150/1999 best 13.580
  step 1200/1999 best 13.499
  step 1250/1999 best 13.526
  step 1300/1999 best 13.469
  step 1350/1999 best 13.468
  step 1400/1999 best 13.518
  step 1450/1999 best 13.296
  step 1500/1999 best 13.592
  step 1550/1999 best 13.551
  step 1600/1999 best 13.551
  step 1650/1999 best 13.562
  step 1700/1999 best 13.466
  step 1750/1999 best 13.734
  step 1800/1999 best 13.664
  step 1850/1999 best 13.589
  step 1900/1999 best 13.589
  step 1950/1999 best 13.546
saved SBC_CHAINS_cnn_vmim__n1_jitter_seed_s4_sim2536_row2135907_noise1283_1462_1641 (240000, 4) acc=0.146
  step 0/1999 best -15.430
  step 50/1999 best -1.403
  step 100/1999 best 6.193
  step 150/1999 best 10.052
  step 200/1999 best 11.104
  step 250/1999 best 12.955
  step 300/1999 best 12.478
  step 350/1999 best 12.817
  step 400/1999 best 13.050
  step 450/1999 best 12.844
  step 500/1999 best 12.564
  step 550/1999 best 12.548
  step 600/1999 best 12.934
  step 650/1999 best 13.004
  step 700/1999 best 13.050
  step 750/1999 best 13.032
  step 800/1999 best 12.912
  step 850/1999 best 12.892
  step 900/1999 best 12.943
  step 950/1999 best 12.904
  step 1000/1999 best 13.022
  step 1050/1999 best 12.947
  step 1100/1999 best 12.923
  step 1150/1999 best 13.049
  step 1200/1999 best 12.781
  step 1250/1999 best 13.100
  step 1300/1999 best 12.841
  step 1350/1999 best 12.921
  step 1400/1999 best 12.974
  step 1450/1999 best 13.031
  step 1500/1999 best 12.946
  step 1550/1999 best 12.872
  step 1600/1999 best 12.994
  step 1650/1999 best 12.861
  step 1700/1999 best 13.092
  step 1750/1999 best 13.037
  step 1800/1999 best 12.896
  step 1850/1999 best 12.999
  step 1900/1999 best 12.963
  step 1950/1999 best 12.995
saved SBC_CHAINS_cnn_vmim__n1_jitter_seed_s4_sim2918_row2513221_noise9133_9312_9491 (240000, 4) acc=0.258
  step 0/1999 best -16.704
  step 50/1999 best 2.586
  step 100/1999 best 5.097
  step 150/1999 best 10.267
  step 200/1999 best 12.019
  step 250/1999 best 14.827
  step 300/1999 best 16.719
  step 350/1999 best 16.232
  step 400/1999 best 16.642
  step 450/1999 best 16.712
  step 500/1999 best 16.723
  step 550/1999 best 16.862
  step 600/1999 best 16.755
  step 650/1999 best 16.786
  step 700/1999 best 16.733
  step 750/1999 best 16.600
  step 800/1999 best 16.803
  step 850/1999 best 16.604
  step 900/1999 best 16.792
  step 950/1999 best 16.434
  step 1000/1999 best 16.723
  step 1050/1999 best 16.806
  step 1100/1999 best 16.818
  step 1150/1999 best 16.798
  step 1200/1999 best 16.752
  step 1250/1999 best 16.798
  step 1300/1999 best 16.749
  step 1350/1999 best 16.675
  step 1400/1999 best 16.853
  step 1450/1999 best 16.544
  step 1500/1999 best 16.755
  step 1550/1999 best 16.836
  step 1600/1999 best 16.883
  step 1650/1999 best 16.725
  step 1700/1999 best 16.637
  step 1750/1999 best 16.739
  step 1800/1999 best 16.808
  step 1850/1999 best 16.696
  step 1900/1999 best 16.843
  step 1950/1999 best 16.739
saved SBC_CHAINS_cnn_vmim__n1_jitter_seed_s4_sim1984_row1595792_noise9364_9543_9722 (240000, 4) acc=0.214
  step 0/1999 best -17.642
  step 50/1999 best 2.390
  step 100/1999 best 10.217
  step 150/1999 best 14.314
  step 200/1999 best 14.946
  step 250/1999 best 14.903
  step 300/1999 best 14.954
  step 350/1999 best 14.570
  step 400/1999 best 14.957
  step 450/1999 best 15.028
  step 500/1999 best 14.967
  step 550/1999 best 14.892
  step 600/1999 best 14.892
  step 650/1999 best 14.881
  step 700/1999 best 14.883
  step 750/1999 best 14.775
  step 800/1999 best 14.936
  step 850/1999 best 14.744
  step 900/1999 best 14.875
  step 950/1999 best 14.964
  step 1000/1999 best 14.887
  step 1050/1999 best 14.652
  step 1100/1999 best 15.012
  step 1150/1999 best 14.818
  step 1200/1999 best 14.996
  step 1250/1999 best 14.856
  step 1300/1999 best 15.018
  step 1350/1999 best 14.853
  step 1400/1999 best 14.717
  step 1450/1999 best 14.862
  step 1500/1999 best 14.934
  step 1550/1999 best 14.858
  step 1600/1999 best 14.933
  step 1650/1999 best 14.800
  step 1700/1999 best 14.785
  step 1750/1999 best 14.788
  step 1800/1999 best 14.902
  step 1850/1999 best 14.933
  step 1900/1999 best 14.939
  step 1950/1999 best 14.881
saved SBC_CHAINS_cnn_vmim__n1_jitter_seed_s4_sim1965_row1576296_noise9524_9703_54 (240000, 4) acc=0.265
  step 0/1999 best -17.392
  step 50/1999 best -5.335
  step 100/1999 best -0.863
  step 150/1999 best -2.327
  step 200/1999 best -0.918
  step 250/1999 best 1.450
  step 300/1999 best 11.562
  step 350/1999 best 11.562
  step 400/1999 best 12.459
  step 450/1999 best 12.187
  step 500/1999 best 12.465
  step 550/1999 best 12.522
  step 600/1999 best 12.586
  step 650/1999 best 12.478
  step 700/1999 best 12.602
  step 750/1999 best 12.270
  step 800/1999 best 12.648
  step 850/1999 best 12.756
  step 900/1999 best 12.640
  step 950/1999 best 12.731
  step 1000/1999 best 12.693
  step 1050/1999 best 12.704
  step 1100/1999 best 12.674
  step 1150/1999 best 12.735
  step 1200/1999 best 12.669
  step 1250/1999 best 12.734
  step 1300/1999 best 12.713
  step 1350/1999 best 12.868
  step 1400/1999 best 12.630
  step 1450/1999 best 12.534
  step 1500/1999 best 12.634
  step 1550/1999 best 12.688
  step 1600/1999 best 12.808
  step 1650/1999 best 12.796
  step 1700/1999 best 12.857
  step 1750/1999 best 12.750
  step 1800/1999 best 12.816
  step 1850/1999 best 12.723
  step 1900/1999 best 12.765
  step 1950/1999 best 12.651
saved SBC_CHAINS_cnn_vmim__n1_jitter_seed_s4_sim2522_row2121660_noise6692_6871_7050 (240000, 4) acc=0.209
  step 0/1999 best -5.877
  step 50/1999 best -0.325
  step 100/1999 best -0.708
  step 150/1999 best 8.842
  step 200/1999 best 10.018
  step 250/1999 best 9.901
  step 300/1999 best 11.634
  step 350/1999 best 12.645
  step 400/1999 best 13.318
  step 450/1999 best 13.148
  step 500/1999 best 13.407
  step 550/1999 best 13.542
  step 600/1999 best 13.612
  step 650/1999 best 13.624
  step 700/1999 best 13.685
  step 750/1999 best 13.540
  step 800/1999 best 13.730
  step 850/1999 best 13.709
  step 900/1999 best 13.685
  step 950/1999 best 13.782
  step 1000/1999 best 13.650
  step 1050/1999 best 13.752
  step 1100/1999 best 13.725
  step 1150/1999 best 13.605
  step 1200/1999 best 13.803
  step 1250/1999 best 13.513
  step 1300/1999 best 13.777
  step 1350/1999 best 13.621
  step 1400/1999 best 13.676
  step 1450/1999 best 13.774
  step 1500/1999 best 13.671
  step 1550/1999 best 13.734
  step 1600/1999 best 13.465
  step 1650/1999 best 13.703
  step 1700/1999 best 13.595
  step 1750/1999 best 13.641
  step 1800/1999 best 13.643
  step 1850/1999 best 13.471
  step 1900/1999 best 13.737
  step 1950/1999 best 13.731
saved SBC_CHAINS_cnn_vmim__n1_jitter_seed_s4_sim3088_row2683330_noise2338_2517_2696 (240000, 4) acc=0.317
  step 0/1999 best -13.851
  step 50/1999 best -0.567
  step 100/1999 best 3.032
  step 150/1999 best 8.934
  step 200/1999 best 9.701
  step 250/1999 best 13.484
  step 300/1999 best 14.165
  step 350/1999 best 14.983
  step 400/1999 best 15.402
  step 450/1999 best 15.339
  step 500/1999 best 16.137
  step 550/1999 best 15.668
  step 600/1999 best 15.954
  step 650/1999 best 15.700
  step 700/1999 best 16.061
  step 750/1999 best 15.814
  step 800/1999 best 16.055
  step 850/1999 best 16.151
  step 900/1999 best 16.211
  step 950/1999 best 16.039
  step 1000/1999 best 15.927
  step 1050/1999 best 16.225
  step 1100/1999 best 16.188
  step 1150/1999 best 16.001
  step 1200/1999 best 16.201
  step 1250/1999 best 16.080
  step 1300/1999 best 16.016
  step 1350/1999 best 16.160
  step 1400/1999 best 16.104
  step 1450/1999 best 16.100
  step 1500/1999 best 16.108
  step 1550/1999 best 16.144
  step 1600/1999 best 15.970
  step 1650/1999 best 16.190
  step 1700/1999 best 16.191
  step 1750/1999 best 16.136
  step 1800/1999 best 16.223
  step 1850/1999 best 16.041
  step 1900/1999 best 16.243
  step 1950/1999 best 16.121
saved SBC_CHAINS_cnn_vmim__n1_jitter_seed_s4_sim1540_row1317724_noise7556_7735_7914 (240000, 4) acc=0.152
  step 0/1999 best -13.945
  step 50/1999 best 11.235
  step 100/1999 best 13.876
  step 150/1999 best 13.853
  step 200/1999 best 13.248
  step 250/1999 best 15.070
  step 300/1999 best 15.646
  step 350/1999 best 15.865
  step 400/1999 best 15.854
  step 450/1999 best 15.590
  step 500/1999 best 15.824
  step 550/1999 best 15.807
  step 600/1999 best 15.681
  step 650/1999 best 15.890
  step 700/1999 best 15.779
  step 750/1999 best 15.855
  step 800/1999 best 15.705
  step 850/1999 best 15.821
  step 900/1999 best 15.765
  step 950/1999 best 15.573
  step 1000/1999 best 15.848
  step 1050/1999 best 15.905
  step 1100/1999 best 15.767
  step 1150/1999 best 15.851
  step 1200/1999 best 15.805
  step 1250/1999 best 15.876
  step 1300/1999 best 15.583
  step 1350/1999 best 15.733
  step 1400/1999 best 15.881
  step 1450/1999 best 15.737
  step 1500/1999 best 15.743
  step 1550/1999 best 15.873
  step 1600/1999 best 15.893
  step 1650/1999 best 15.904
  step 1700/1999 best 15.828
  step 1750/1999 best 15.813
  step 1800/1999 best 15.726
  step 1850/1999 best 15.862
  step 1900/1999 best 15.913
  step 1950/1999 best 15.742
saved SBC_CHAINS_cnn_vmim__n1_jitter_seed_s4_sim1351_row1160344_noise4908_5087_5266 (240000, 4) acc=0.198
  step 0/1999 best -18.320
  step 50/1999 best -9.862
  step 100/1999 best 3.000
  step 150/1999 best 3.679
  step 200/1999 best 4.626
  step 250/1999 best 6.685
  step 300/1999 best 6.692
  step 350/1999 best 7.124
  step 400/1999 best 7.580
  step 450/1999 best 6.578
  step 500/1999 best 7.586
  step 550/1999 best 7.677
  step 600/1999 best 7.604
  step 650/1999 best 7.884
  step 700/1999 best 7.626
  step 750/1999 best 7.690
  step 800/1999 best 7.969
  step 850/1999 best 7.772
  step 900/1999 best 7.824
  step 950/1999 best 7.966
  step 1000/1999 best 7.720
  step 1050/1999 best 7.878
  step 1100/1999 best 7.630
  step 1150/1999 best 7.779
  step 1200/1999 best 7.918
  step 1250/1999 best 7.861
  step 1300/1999 best 7.973
  step 1350/1999 best 7.939
  step 1400/1999 best 7.743
  step 1450/1999 best 7.886
  step 1500/1999 best 7.939
  step 1550/1999 best 8.019
  step 1600/1999 best 7.962
  step 1650/1999 best 7.921
  step 1700/1999 best 7.889
  step 1750/1999 best 8.013
  step 1800/1999 best 7.841
  step 1850/1999 best 7.902
  step 1900/1999 best 8.033
  step 1950/1999 best 7.882
saved SBC_CHAINS_cnn_vmim__n1_jitter_seed_s4_sim2947_row2542387_noise8815_8994_9173 (240000, 4) acc=0.179
  step 0/1999 best -9.550
  step 50/1999 best -5.180
  step 100/1999 best 4.621
  step 150/1999 best 9.092
  step 200/1999 best 9.373
  step 250/1999 best 9.860
  step 300/1999 best 9.848
  step 350/1999 best 11.247
  step 400/1999 best 11.991
  step 450/1999 best 12.376
  step 500/1999 best 12.126
  step 550/1999 best 12.284
  step 600/1999 best 12.350
  step 650/1999 best 11.949
  step 700/1999 best 12.154
  step 750/1999 best 12.264
  step 800/1999 best 12.202
  step 850/1999 best 12.439
  step 900/1999 best 12.320
  step 950/1999 best 12.101
  step 1000/1999 best 12.258
  step 1050/1999 best 12.383
  step 1100/1999 best 12.265
  step 1150/1999 best 12.287
  step 1200/1999 best 12.269
  step 1250/1999 best 12.429
  step 1300/1999 best 12.356
  step 1350/1999 best 12.388
  step 1400/1999 best 12.194
  step 1450/1999 best 12.306
  step 1500/1999 best 12.319
  step 1550/1999 best 12.260
  step 1600/1999 best 12.380
  step 1650/1999 best 12.378
  step 1700/1999 best 12.355
  step 1750/1999 best 12.180
  step 1800/1999 best 12.424
  step 1850/1999 best 12.134
  step 1900/1999 best 12.402
  step 1950/1999 best 12.402
saved SBC_CHAINS_cnn_vmim__n1_jitter_seed_s4_sim2527_row2126912_noise2116_2295_2474 (240000, 4) acc=0.201
  step 0/1999 best -23.932
  step 50/1999 best -7.396
  step 100/1999 best 4.106
  step 150/1999 best 6.056
  step 200/1999 best 10.052
  step 250/1999 best 12.258
  step 300/1999 best 12.689
  step 350/1999 best 12.023
  step 400/1999 best 12.529
  step 450/1999 best 12.898
  step 500/1999 best 12.911
  step 550/1999 best 12.498
  step 600/1999 best 12.689
  step 650/1999 best 12.864
  step 700/1999 best 12.870
  step 750/1999 best 12.871
  step 800/1999 best 12.768
  step 850/1999 best 12.983
  step 900/1999 best 13.052
  step 950/1999 best 13.084
  step 1000/1999 best 12.924
  step 1050/1999 best 12.798
  step 1100/1999 best 13.017
  step 1150/1999 best 12.923
  step 1200/1999 best 12.921
  step 1250/1999 best 12.957
  step 1300/1999 best 12.623
  step 1350/1999 best 12.798
  step 1400/1999 best 12.924
  step 1450/1999 best 12.997
  step 1500/1999 best 12.987
  step 1550/1999 best 12.986
  step 1600/1999 best 12.896
  step 1650/1999 best 12.978
  step 1700/1999 best 13.001
  step 1750/1999 best 12.866
  step 1800/1999 best 13.037
  step 1850/1999 best 12.681
  step 1900/1999 best 12.971
  step 1950/1999 best 13.005
saved SBC_CHAINS_cnn_vmim__n1_jitter_seed_s4_sim2614_row2213861_noise613_792_971 (240000, 4) acc=0.150
  step 0/1999 best -14.554
  step 50/1999 best 2.758
  step 100/1999 best 8.164
  step 150/1999 best 14.348
  step 200/1999 best 14.738
  step 250/1999 best 15.273
  step 300/1999 best 16.114
  step 350/1999 best 16.033
  step 400/1999 best 15.869
  step 450/1999 best 15.812
  step 500/1999 best 15.605
  step 550/1999 best 15.948
  step 600/1999 best 15.619
  step 650/1999 best 15.755
  step 700/1999 best 15.503
  step 750/1999 best 16.100
  step 800/1999 best 16.061
  step 850/1999 best 16.205
  step 900/1999 best 16.218
  step 950/1999 best 16.288
  step 1000/1999 best 16.185
  step 1050/1999 best 15.968
  step 1100/1999 best 16.047
  step 1150/1999 best 16.071
  step 1200/1999 best 15.922
  step 1250/1999 best 16.115
  step 1300/1999 best 16.188
  step 1350/1999 best 16.158
  step 1400/1999 best 15.998
  step 1450/1999 best 16.101
  step 1500/1999 best 16.123
  step 1550/1999 best 16.162
  step 1600/1999 best 15.849
  step 1650/1999 best 16.015
  step 1700/1999 best 16.127
  step 1750/1999 best 15.944
  step 1800/1999 best 16.135
  step 1850/1999 best 16.257
  step 1900/1999 best 16.141
  step 1950/1999 best 16.227
saved SBC_CHAINS_cnn_vmim__n1_jitter_seed_s4_sim1520_row1297100_noise6588_6767_6946 (240000, 4) acc=0.137
  step 0/1999 best -8.770
  step 50/1999 best 4.224
  step 100/1999 best 6.012
  step 150/1999 best 5.976
  step 200/1999 best 7.747
  step 250/1999 best 9.835
  step 300/1999 best 12.056
  step 350/1999 best 12.907
  step 400/1999 best 12.440
  step 450/1999 best 13.003
  step 500/1999 best 14.889
  step 550/1999 best 15.459
  step 600/1999 best 15.526
  step 650/1999 best 15.146
  step 700/1999 best 16.073
  step 750/1999 best 15.798
  step 800/1999 best 15.786
  step 850/1999 best 15.689
  step 900/1999 best 15.585
  step 950/1999 best 15.910
  step 1000/1999 best 16.079
  step 1050/1999 best 15.996
  step 1100/1999 best 15.483
  step 1150/1999 best 14.957
  step 1200/1999 best 16.089
  step 1250/1999 best 16.045
  step 1300/1999 best 15.819
  step 1350/1999 best 15.654
  step 1400/1999 best 16.140
  step 1450/1999 best 15.902
  step 1500/1999 best 15.834
  step 1550/1999 best 16.147
  step 1600/1999 best 16.006
  step 1650/1999 best 16.024
  step 1700/1999 best 16.063
  step 1750/1999 best 15.880
  step 1800/1999 best 15.846
  step 1850/1999 best 16.027
  step 1900/1999 best 15.984
  step 1950/1999 best 15.756
saved SBC_CHAINS_cnn_vmim__n1_jitter_seed_s4_sim363_row349375_noise9567_9746_97 (240000, 4) acc=0.111
  step 0/1999 best -17.909
  step 50/1999 best -3.864
  step 100/1999 best 7.864
  step 150/1999 best 11.156
  step 200/1999 best 13.186
  step 250/1999 best 13.186
  step 300/1999 best 14.314
  step 350/1999 best 16.295
  step 400/1999 best 16.412
  step 450/1999 best 16.634
  step 500/1999 best 16.293
  step 550/1999 best 16.490
  step 600/1999 best 16.205
  step 650/1999 best 16.255
  step 700/1999 best 16.461
  step 750/1999 best 16.499
  step 800/1999 best 16.551
  step 850/1999 best 16.196
  step 900/1999 best 16.490
  step 950/1999 best 16.728
  step 1000/1999 best 16.632
  step 1050/1999 best 16.605
  step 1100/1999 best 16.335
  step 1150/1999 best 16.464
  step 1200/1999 best 16.720
  step 1250/1999 best 16.757
  step 1300/1999 best 16.681
  step 1350/1999 best 16.601
  step 1400/1999 best 16.707
  step 1450/1999 best 16.668
  step 1500/1999 best 16.623
  step 1550/1999 best 16.677
  step 1600/1999 best 16.420
  step 1650/1999 best 16.745
  step 1700/1999 best 16.524
  step 1750/1999 best 16.681
  step 1800/1999 best 16.763
  step 1850/1999 best 16.511
  step 1900/1999 best 16.559
  step 1950/1999 best 16.731
saved SBC_CHAINS_cnn_vmim__n1_jitter_seed_s4_sim261_row247783_noise6255_6434_6613 (240000, 4) acc=0.136
  step 0/1999 best -15.796
  step 50/1999 best 4.860
  step 100/1999 best 10.466
  step 150/1999 best 13.401
  step 200/1999 best 12.945
  step 250/1999 best 13.336
  step 300/1999 best 13.637
  step 350/1999 best 13.600
  step 400/1999 best 13.670
  step 450/1999 best 13.348
  step 500/1999 best 13.600
  step 550/1999 best 13.621
  step 600/1999 best 13.511
  step 650/1999 best 13.501
  step 700/1999 best 13.544
  step 750/1999 best 13.458
  step 800/1999 best 13.582
  step 850/1999 best 13.557
  step 900/1999 best 13.650
  step 950/1999 best 13.474
  step 1000/1999 best 13.630
  step 1050/1999 best 13.499
  step 1100/1999 best 13.466
  step 1150/1999 best 13.535
  step 1200/1999 best 13.579
  step 1250/1999 best 13.638
  step 1300/1999 best 13.506
  step 1350/1999 best 13.612
  step 1400/1999 best 13.513
  step 1450/1999 best 13.608
  step 1500/1999 best 13.460
  step 1550/1999 best 13.592
  step 1600/1999 best 13.611
  step 1650/1999 best 13.521
  step 1700/1999 best 13.601
  step 1750/1999 best 13.426
  step 1800/1999 best 13.457
  step 1850/1999 best 13.632
  step 1900/1999 best 13.638
  step 1950/1999 best 13.514
saved SBC_CHAINS_cnn_vmim__n1_jitter_seed_s4_sim674_row625078_noise5774_5953_6132 (240000, 4) acc=0.279
  step 0/1999 best -22.964
  step 50/1999 best -3.519
  step 100/1999 best 13.297
  step 150/1999 best 13.321
  step 200/1999 best 13.517
  step 250/1999 best 14.175
  step 300/1999 best 13.305
  step 350/1999 best 13.504
  step 400/1999 best 13.835
  step 450/1999 best 13.730
  step 500/1999 best 14.043
  step 550/1999 best 14.371
  step 600/1999 best 14.361
  step 650/1999 best 14.165
  step 700/1999 best 14.169
  step 750/1999 best 14.358
  step 800/1999 best 14.270
  step 850/1999 best 14.272
  step 900/1999 best 14.182
  step 950/1999 best 14.296
  step 1000/1999 best 14.478
  step 1050/1999 best 14.332
  step 1100/1999 best 14.434
  step 1150/1999 best 14.239
  step 1200/1999 best 14.393
  step 1250/1999 best 14.244
  step 1300/1999 best 14.492
  step 1350/1999 best 14.360
  step 1400/1999 best 14.345
  step 1450/1999 best 14.424
  step 1500/1999 best 14.361
  step 1550/1999 best 14.208
  step 1600/1999 best 14.383
  step 1650/1999 best 14.311
  step 1700/1999 best 14.381
  step 1750/1999 best 14.354
  step 1800/1999 best 14.136
  step 1850/1999 best 14.358
  step 1900/1999 best 14.311
  step 1950/1999 best 14.333
saved SBC_CHAINS_cnn_vmim__n1_jitter_seed_s4_sim2380_row1979506_noise2130_2309_2488 (240000, 4) acc=0.126
  step 0/1999 best -8.824
  step 50/1999 best -3.779
  step 100/1999 best -0.527
  step 150/1999 best 10.848
  step 200/1999 best 12.674
  step 250/1999 best 12.584
  step 300/1999 best 13.521
  step 350/1999 best 14.354
  step 400/1999 best 13.785
  step 450/1999 best 14.422
  step 500/1999 best 14.135
  step 550/1999 best 13.346
  step 600/1999 best 13.346
  step 650/1999 best 14.194
  step 700/1999 best 14.629
  step 750/1999 best 14.316
  step 800/1999 best 14.253
  step 850/1999 best 14.863
  step 900/1999 best 14.503
  step 950/1999 best 14.702
  step 1000/1999 best 14.765
  step 1050/1999 best 14.692
  step 1100/1999 best 14.330
  step 1150/1999 best 14.762
  step 1200/1999 best 15.197
  step 1250/1999 best 15.161
  step 1300/1999 best 14.648
  step 1350/1999 best 15.098
  step 1400/1999 best 14.508
  step 1450/1999 best 15.064
  step 1500/1999 best 15.007
  step 1550/1999 best 14.994
  step 1600/1999 best 14.810
  step 1650/1999 best 15.035
  step 1700/1999 best 15.030
  step 1750/1999 best 15.246
  step 1800/1999 best 15.061
  step 1850/1999 best 15.076
  step 1900/1999 best 14.924
  step 1950/1999 best 15.136
saved SBC_CHAINS_cnn_vmim__n1_jitter_seed_s4_sim447_row425073_noise4813_4992_5171 (240000, 4) acc=0.107
  step 0/1999 best -9.828
  step 50/1999 best -2.996
  step 100/1999 best 0.045
  step 150/1999 best 2.692
  step 200/1999 best 4.191
  step 250/1999 best 10.926
  step 300/1999 best 11.383
  step 350/1999 best 10.753
  step 400/1999 best 12.354
  step 450/1999 best 13.458
  step 500/1999 best 12.987
  step 550/1999 best 13.576
  step 600/1999 best 13.519
  step 650/1999 best 13.646
  step 700/1999 best 13.495
  step 750/1999 best 13.391
  step 800/1999 best 13.577
  step 850/1999 best 13.406
  step 900/1999 best 13.232
  step 950/1999 best 13.620
  step 1000/1999 best 13.593
  step 1050/1999 best 13.651
  step 1100/1999 best 13.558
  step 1150/1999 best 13.611
  step 1200/1999 best 13.689
  step 1250/1999 best 13.612
  step 1300/1999 best 13.522
  step 1350/1999 best 13.536
  step 1400/1999 best 13.591
  step 1450/1999 best 13.482
  step 1500/1999 best 13.647
  step 1550/1999 best 13.587
  step 1600/1999 best 13.681
  step 1650/1999 best 13.562
  step 1700/1999 best 13.650
  step 1750/1999 best 13.570
  step 1800/1999 best 13.467
  step 1850/1999 best 13.644
  step 1900/1999 best 13.600
  step 1950/1999 best 13.534
saved SBC_CHAINS_cnn_vmim__n1_jitter_seed_s4_sim2041_row1651143_noise6747_6926_7105 (240000, 4) acc=0.192
  step 0/1999 best -7.179
  step 50/1999 best 0.162
  step 100/1999 best 7.804
  step 150/1999 best 9.914
  step 200/1999 best 14.511
  step 250/1999 best 15.114
  step 300/1999 best 14.780
  step 350/1999 best 14.507
  step 400/1999 best 14.835
  step 450/1999 best 14.926
  step 500/1999 best 14.900
  step 550/1999 best 14.851
  step 600/1999 best 15.038
  step 650/1999 best 14.859
  step 700/1999 best 15.175
  step 750/1999 best 15.092
  step 800/1999 best 15.080
  step 850/1999 best 15.180
  step 900/1999 best 15.110
  step 950/1999 best 15.135
  step 1000/1999 best 14.974
  step 1050/1999 best 15.010
  step 1100/1999 best 15.057
  step 1150/1999 best 15.100
  step 1200/1999 best 15.009
  step 1250/1999 best 15.174
  step 1300/1999 best 15.027
  step 1350/1999 best 14.966
  step 1400/1999 best 15.150
  step 1450/1999 best 15.005
  step 1500/1999 best 15.146
  step 1550/1999 best 15.158
  step 1600/1999 best 15.121
  step 1650/1999 best 15.049
  step 1700/1999 best 14.922
  step 1750/1999 best 15.161
  step 1800/1999 best 15.034
  step 1850/1999 best 15.185
  step 1900/1999 best 15.169
  step 1950/1999 best 15.120
saved SBC_CHAINS_cnn_vmim__n1_jitter_seed_s4_sim974_row923996_noise2024_2203_2382 (240000, 4) acc=0.211
  step 0/1999 best -7.404
  step 50/1999 best 0.385
  step 100/1999 best 5.270
  step 150/1999 best 11.716
  step 200/1999 best 12.873
  step 250/1999 best 13.985
  step 300/1999 best 14.996
  step 350/1999 best 15.410
  step 400/1999 best 15.507
  step 450/1999 best 15.705
  step 500/1999 best 15.545
  step 550/1999 best 15.354
  step 600/1999 best 15.449
  step 650/1999 best 15.716
  step 700/1999 best 15.417
  step 750/1999 best 15.626
  step 800/1999 best 15.764
  step 850/1999 best 15.490
  step 900/1999 best 15.632
  step 950/1999 best 15.585
  step 1000/1999 best 15.608
  step 1050/1999 best 15.451
  step 1100/1999 best 15.546
  step 1150/1999 best 15.481
  step 1200/1999 best 15.517
  step 1250/1999 best 15.679
  step 1300/1999 best 15.868
  step 1350/1999 best 15.651
  step 1400/1999 best 15.705
  step 1450/1999 best 15.351
  step 1500/1999 best 15.715
  step 1550/1999 best 15.863
  step 1600/1999 best 15.743
  step 1650/1999 best 15.732
  step 1700/1999 best 15.838
  step 1750/1999 best 15.793
  step 1800/1999 best 15.656
  step 1850/1999 best 15.597
  step 1900/1999 best 15.557
  step 1950/1999 best 15.765
saved SBC_CHAINS_cnn_vmim__n1_jitter_seed_s4_sim129_row120016_noise1252_1431_1610 (240000, 4) acc=0.179
  step 0/1999 best -11.413
  step 50/1999 best 6.387
  step 100/1999 best 10.709
  step 150/1999 best 10.797
  step 200/1999 best 11.111
  step 250/1999 best 11.702
  step 300/1999 best 12.096
  step 350/1999 best 11.564
  step 400/1999 best 11.721
  step 450/1999 best 11.792
  step 500/1999 best 11.625
  step 550/1999 best 12.014
  step 600/1999 best 11.525
  step 650/1999 best 12.185
  step 700/1999 best 12.319
  step 750/1999 best 11.479
  step 800/1999 best 12.055
  step 850/1999 best 11.933
  step 900/1999 best 12.087
  step 950/1999 best 11.814
  step 1000/1999 best 11.966
  step 1050/1999 best 11.485
  step 1100/1999 best 11.908
  step 1150/1999 best 12.124
  step 1200/1999 best 11.999
  step 1250/1999 best 12.212
  step 1300/1999 best 12.300
  step 1350/1999 best 12.264
  step 1400/1999 best 11.868
  step 1450/1999 best 11.877
  step 1500/1999 best 12.272
  step 1550/1999 best 12.009
  step 1600/1999 best 12.118
  step 1650/1999 best 12.150
  step 1700/1999 best 11.959
  step 1750/1999 best 12.110
  step 1800/1999 best 12.217
  step 1850/1999 best 12.230
  step 1900/1999 best 12.298
  step 1950/1999 best 12.202
saved SBC_CHAINS_cnn_vmim__n1_jitter_seed_s4_sim140_row131636_noise3044_3223_3402 (240000, 4) acc=0.274
  step 0/1999 best -9.530
  step 50/1999 best -0.523
  step 100/1999 best 0.163
  step 150/1999 best 10.148
  step 200/1999 best 12.617
  step 250/1999 best 13.071
  step 300/1999 best 14.308
  step 350/1999 best 14.402
  step 400/1999 best 14.786
  step 450/1999 best 14.559
  step 500/1999 best 14.884
  step 550/1999 best 14.679
  step 600/1999 best 14.887
  step 650/1999 best 14.809
  step 700/1999 best 14.654
  step 750/1999 best 14.808
  step 800/1999 best 14.522
  step 850/1999 best 14.880
  step 900/1999 best 14.712
  step 950/1999 best 14.913
  step 1000/1999 best 14.739
  step 1050/1999 best 14.906
  step 1100/1999 best 14.661
  step 1150/1999 best 14.912
  step 1200/1999 best 14.840
  step 1250/1999 best 14.814
  step 1300/1999 best 14.862
  step 1350/1999 best 14.765
  step 1400/1999 best 14.644
  step 1450/1999 best 14.988
  step 1500/1999 best 14.847
  step 1550/1999 best 14.858
  step 1600/1999 best 14.920
  step 1650/1999 best 14.825
  step 1700/1999 best 14.838
  step 1750/1999 best 14.931
  step 1800/1999 best 15.003
  step 1850/1999 best 14.999
  step 1900/1999 best 14.869
  step 1950/1999 best 14.873
saved SBC_CHAINS_cnn_vmim__n1_jitter_seed_s4_sim2059_row1669802_noise5750_5929_6108 (240000, 4) acc=0.161
  step 0/1999 best -12.236
  step 50/1999 best -5.175
  step 100/1999 best -3.621
  step 150/1999 best -3.617
  step 200/1999 best -2.256
  step 250/1999 best 0.167
  step 300/1999 best 6.742
  step 350/1999 best 6.521
  step 400/1999 best 9.705
  step 450/1999 best 9.705
  step 500/1999 best 10.666
  step 550/1999 best 10.666
  step 600/1999 best 10.434
  step 650/1999 best 11.103
  step 700/1999 best 10.657
  step 750/1999 best 10.993
  step 800/1999 best 10.887
  step 850/1999 best 10.940
  step 900/1999 best 10.760
  step 950/1999 best 11.168
  step 1000/1999 best 10.776
  step 1050/1999 best 10.564
  step 1100/1999 best 10.968
  step 1150/1999 best 11.123
  step 1200/1999 best 11.154
  step 1250/1999 best 11.129
  step 1300/1999 best 10.956
  step 1350/1999 best 11.074
  step 1400/1999 best 10.991
  step 1450/1999 best 11.117
  step 1500/1999 best 10.990
  step 1550/1999 best 11.169
  step 1600/1999 best 11.068
  step 1650/1999 best 11.208
  step 1700/1999 best 10.910
  step 1750/1999 best 11.076
  step 1800/1999 best 11.027
  step 1850/1999 best 11.176
  step 1900/1999 best 11.021
  step 1950/1999 best 11.172
saved SBC_CHAINS_cnn_vmim__n1_jitter_seed_s4_sim3097_row2692749_noise1929_2108_2287 (240000, 4) acc=0.213
  step 0/1999 best -19.463
  step 50/1999 best -3.424
  step 100/1999 best -3.424
  step 150/1999 best -2.970
  step 200/1999 best -0.137
  step 250/1999 best 6.128
  step 300/1999 best 5.540
  step 350/1999 best 3.719
  step 400/1999 best 5.191
  step 450/1999 best 7.053
  step 500/1999 best 7.016
  step 550/1999 best 7.016
  step 600/1999 best 6.808
  step 650/1999 best 9.632
  step 700/1999 best 12.311
  step 750/1999 best 12.174
  step 800/1999 best 11.518
  step 850/1999 best 12.661
  step 900/1999 best 13.622
  step 950/1999 best 13.162
  step 1000/1999 best 13.617
  step 1050/1999 best 13.596
  step 1100/1999 best 13.945
  step 1150/1999 best 13.547
  step 1200/1999 best 13.367
  step 1250/1999 best 13.819
  step 1300/1999 best 14.039
  step 1350/1999 best 13.897
  step 1400/1999 best 13.779
  step 1450/1999 best 13.866
  step 1500/1999 best 13.796
  step 1550/1999 best 13.783
  step 1600/1999 best 13.754
  step 1650/1999 best 13.965
  step 1700/1999 best 13.633
  step 1750/1999 best 13.874
  step 1800/1999 best 13.953
  step 1850/1999 best 13.970
  step 1900/1999 best 13.867
  step 1950/1999 best 13.948
saved SBC_CHAINS_cnn_vmim__n1_jitter_seed_s4_sim403_row381149_noise201_380_559 (240000, 4) acc=0.173
  step 0/1999 best -11.192
  step 50/1999 best 0.516
  step 100/1999 best 3.139
  step 150/1999 best 13.085
  step 200/1999 best 15.880
  step 250/1999 best 16.633
  step 300/1999 best 16.147
  step 350/1999 best 16.003
  step 400/1999 best 16.896
  step 450/1999 best 16.841
  step 500/1999 best 16.638
  step 550/1999 best 16.890
  step 600/1999 best 16.643
  step 650/1999 best 16.944
  step 700/1999 best 16.875
  step 750/1999 best 16.852
  step 800/1999 best 16.948
  step 850/1999 best 16.720
  step 900/1999 best 16.851
  step 950/1999 best 16.949
  step 1000/1999 best 16.814
  step 1050/1999 best 16.722
  step 1100/1999 best 16.694
  step 1150/1999 best 16.914
  step 1200/1999 best 16.897
  step 1250/1999 best 16.898
  step 1300/1999 best 16.880
  step 1350/1999 best 16.953
  step 1400/1999 best 16.748
  step 1450/1999 best 16.719
  step 1500/1999 best 16.840
  step 1550/1999 best 16.943
  step 1600/1999 best 16.930
  step 1650/1999 best 16.623
  step 1700/1999 best 16.956
  step 1750/1999 best 16.761
  step 1800/1999 best 16.507
  step 1850/1999 best 16.895
  step 1900/1999 best 16.814
  step 1950/1999 best 16.793
saved SBC_CHAINS_cnn_vmim__n1_jitter_seed_s4_sim1456_row1238847_noise2303_2482_2661 (240000, 4) acc=0.190
  step 0/1999 best -10.385
  step 50/1999 best 0.070
  step 100/1999 best 4.276
  step 150/1999 best 10.903
  step 200/1999 best 11.254
  step 250/1999 best 11.270
  step 300/1999 best 11.474
  step 350/1999 best 12.062
  step 400/1999 best 11.579
  step 450/1999 best 12.035
  step 500/1999 best 12.061
  step 550/1999 best 12.003
  step 600/1999 best 11.999
  step 650/1999 best 12.030
  step 700/1999 best 12.013
  step 750/1999 best 12.019
  step 800/1999 best 12.010
  step 850/1999 best 11.844
  step 900/1999 best 12.121
  step 950/1999 best 12.042
  step 1000/1999 best 11.915
  step 1050/1999 best 11.952
  step 1100/1999 best 11.967
  step 1150/1999 best 12.008
  step 1200/1999 best 11.851
  step 1250/1999 best 11.747
  step 1300/1999 best 11.970
  step 1350/1999 best 12.029
  step 1400/1999 best 11.834
  step 1450/1999 best 11.883
  step 1500/1999 best 12.052
  step 1550/1999 best 11.890
  step 1600/1999 best 12.081
  step 1650/1999 best 12.015
  step 1700/1999 best 11.902
  step 1750/1999 best 12.111
  step 1800/1999 best 11.883
  step 1850/1999 best 12.033
  step 1900/1999 best 11.897
  step 1950/1999 best 11.943
saved SBC_CHAINS_cnn_vmim__n1_jitter_seed_s4_sim2403_row2002651_noise5619_5798_5977 (240000, 4) acc=0.187
  step 0/1999 best -22.646
  step 50/1999 best -7.846
  step 100/1999 best -2.043
  step 150/1999 best 8.280
  step 200/1999 best 9.328
  step 250/1999 best 11.628
  step 300/1999 best 13.746
  step 350/1999 best 14.288
  step 400/1999 best 13.148
  step 450/1999 best 13.461
  step 500/1999 best 13.569
  step 550/1999 best 13.660
  step 600/1999 best 14.131
  step 650/1999 best 14.024
  step 700/1999 best 13.709
  step 750/1999 best 13.789
  step 800/1999 best 13.869
  step 850/1999 best 13.888
  step 900/1999 best 13.848
  step 950/1999 best 14.292
  step 1000/1999 best 14.087
  step 1050/1999 best 14.158
  step 1100/1999 best 14.177
  step 1150/1999 best 14.171
  step 1200/1999 best 13.710
  step 1250/1999 best 14.006
  step 1300/1999 best 13.831
  step 1350/1999 best 14.051
  step 1400/1999 best 13.861
  step 1450/1999 best 14.151
  step 1500/1999 best 14.208
  step 1550/1999 best 13.940
  step 1600/1999 best 13.941
  step 1650/1999 best 13.954
  step 1700/1999 best 14.233
  step 1750/1999 best 14.184
  step 1800/1999 best 14.161
  step 1850/1999 best 14.086
  step 1900/1999 best 13.857
  step 1950/1999 best 14.035
saved SBC_CHAINS_cnn_vmim__n1_jitter_seed_s4_sim405_row383994_noise3046_3225_3404 (240000, 4) acc=0.145
  step 0/1999 best -10.641
  step 50/1999 best 14.939
  step 100/1999 best 16.964
  step 150/1999 best 16.877
  step 200/1999 best 16.991
  step 250/1999 best 16.818
  step 300/1999 best 17.275
  step 350/1999 best 17.221
  step 400/1999 best 17.344
  step 450/1999 best 17.282
  step 500/1999 best 17.287
  step 550/1999 best 17.249
  step 600/1999 best 17.329
  step 650/1999 best 17.184
  step 700/1999 best 17.296
  step 750/1999 best 17.435
  step 800/1999 best 17.382
  step 850/1999 best 17.486
  step 900/1999 best 17.432
  step 950/1999 best 17.377
  step 1000/1999 best 17.336
  step 1050/1999 best 17.358
  step 1100/1999 best 17.365
  step 1150/1999 best 17.215
  step 1200/1999 best 17.297
  step 1250/1999 best 17.350
  step 1300/1999 best 17.373
  step 1350/1999 best 17.455
  step 1400/1999 best 17.253
  step 1450/1999 best 17.391
  step 1500/1999 best 17.422
  step 1550/1999 best 17.153
  step 1600/1999 best 17.430
  step 1650/1999 best 17.366
  step 1700/1999 best 17.353
  step 1750/1999 best 17.209
  step 1800/1999 best 17.412
  step 1850/1999 best 17.350
  step 1900/1999 best 17.342
  step 1950/1999 best 17.396
saved SBC_CHAINS_cnn_vmim__n1_jitter_seed_s4_sim1359_row1168465_noise3201_3380_3559 (240000, 4) acc=0.219
  step 0/1999 best -16.909
  step 50/1999 best -5.244
  step 100/1999 best 6.048
  step 150/1999 best 9.261
  step 200/1999 best 10.664
  step 250/1999 best 12.092
  step 300/1999 best 11.075
  step 350/1999 best 12.090
  step 400/1999 best 12.135
  step 450/1999 best 12.091
  step 500/1999 best 12.070
  step 550/1999 best 12.125
  step 600/1999 best 12.144
  step 650/1999 best 12.197
  step 700/1999 best 12.086
  step 750/1999 best 11.882
  step 800/1999 best 12.149
  step 850/1999 best 12.128
  step 900/1999 best 12.233
  step 950/1999 best 12.136
  step 1000/1999 best 12.341
  step 1050/1999 best 12.250
  step 1100/1999 best 12.133
  step 1150/1999 best 12.089
  step 1200/1999 best 12.164
  step 1250/1999 best 12.180
  step 1300/1999 best 12.017
  step 1350/1999 best 12.155
  step 1400/1999 best 12.226
  step 1450/1999 best 12.273
  step 1500/1999 best 12.329
  step 1550/1999 best 12.149
  step 1600/1999 best 12.279
  step 1650/1999 best 12.079
  step 1700/1999 best 12.200
  step 1750/1999 best 12.160
  step 1800/1999 best 12.201
  step 1850/1999 best 12.118
  step 1900/1999 best 12.159
  step 1950/1999 best 12.034
saved SBC_CHAINS_cnn_vmim__n1_jitter_seed_s4_sim3055_row2650639_noise8959_9138_9317 (240000, 4) acc=0.253
  step 0/1999 best -16.638
  step 50/1999 best -0.454
  step 100/1999 best 2.054
  step 150/1999 best 8.360
  step 200/1999 best 13.981
  step 250/1999 best 13.981
  step 300/1999 best 14.158
  step 350/1999 best 14.452
  step 400/1999 best 14.909
  step 450/1999 best 15.127
  step 500/1999 best 15.176
  step 550/1999 best 15.445
  step 600/1999 best 15.283
  step 650/1999 best 15.401
  step 700/1999 best 15.574
  step 750/1999 best 15.545
  step 800/1999 best 15.037
  step 850/1999 best 15.238
  step 900/1999 best 15.549
  step 950/1999 best 15.556
  step 1000/1999 best 15.577
  step 1050/1999 best 15.508
  step 1100/1999 best 15.236
  step 1150/1999 best 15.336
  step 1200/1999 best 15.505
  step 1250/1999 best 15.230
  step 1300/1999 best 15.257
  step 1350/1999 best 15.556
  step 1400/1999 best 15.248
  step 1450/1999 best 15.644
  step 1500/1999 best 15.674
  step 1550/1999 best 15.637
  step 1600/1999 best 15.476
  step 1650/1999 best 15.547
  step 1700/1999 best 15.514
  step 1750/1999 best 15.136
  step 1800/1999 best 15.431
  step 1850/1999 best 15.613
  step 1900/1999 best 15.548
  step 1950/1999 best 15.530
saved SBC_CHAINS_cnn_vmim__n1_jitter_seed_s4_sim332_row318474_noise8150_8329_8508 (240000, 4) acc=0.154
  step 0/1999 best -10.240
  step 50/1999 best 2.185
  step 100/1999 best 15.733
  step 150/1999 best 15.510
  step 200/1999 best 15.549
  step 250/1999 best 15.908
  step 300/1999 best 15.958
  step 350/1999 best 15.895
  step 400/1999 best 15.754
  step 450/1999 best 15.649
  step 500/1999 best 15.936
  step 550/1999 best 15.885
  step 600/1999 best 15.924
  step 650/1999 best 15.927
  step 700/1999 best 15.764
  step 750/1999 best 15.903
  step 800/1999 best 15.902
  step 850/1999 best 15.944
  step 900/1999 best 15.818
  step 950/1999 best 15.937
  step 1000/1999 best 15.997
  step 1050/1999 best 15.932
  step 1100/1999 best 15.977
  step 1150/1999 best 15.906
  step 1200/1999 best 15.978
  step 1250/1999 best 15.956
  step 1300/1999 best 15.779
  step 1350/1999 best 15.972
  step 1400/1999 best 16.014
  step 1450/1999 best 15.799
  step 1500/1999 best 15.910
  step 1550/1999 best 16.030
  step 1600/1999 best 16.030
  step 1650/1999 best 16.001
  step 1700/1999 best 15.864
  step 1750/1999 best 15.878
  step 1800/1999 best 15.952
  step 1850/1999 best 15.865
  step 1900/1999 best 15.903
  step 1950/1999 best 15.884
saved SBC_CHAINS_cnn_vmim__n1_jitter_seed_s4_sim1357_row1166647_noise1383_1562_1741 (240000, 4) acc=0.218
  step 0/1999 best -11.848
  step 50/1999 best -3.714
  step 100/1999 best 7.886
  step 150/1999 best 10.345
  step 200/1999 best 9.336
  step 250/1999 best 10.473
  step 300/1999 best 10.648
  step 350/1999 best 10.705
  step 400/1999 best 10.823
  step 450/1999 best 10.953
  step 500/1999 best 10.979
  step 550/1999 best 10.580
  step 600/1999 best 10.905
  step 650/1999 best 10.826
  step 700/1999 best 11.021
  step 750/1999 best 10.912
  step 800/1999 best 10.817
  step 850/1999 best 10.772
  step 900/1999 best 10.986
  step 950/1999 best 10.776
  step 1000/1999 best 10.802
  step 1050/1999 best 10.938
  step 1100/1999 best 10.877
  step 1150/1999 best 10.871
  step 1200/1999 best 10.790
  step 1250/1999 best 10.869
  step 1300/1999 best 10.966
  step 1350/1999 best 10.639
  step 1400/1999 best 11.019
  step 1450/1999 best 10.916
  step 1500/1999 best 10.896
  step 1550/1999 best 10.919
  step 1600/1999 best 10.774
  step 1650/1999 best 10.905
  step 1700/1999 best 10.879
  step 1750/1999 best 10.933
  step 1800/1999 best 10.913
  step 1850/1999 best 10.988
  step 1900/1999 best 10.767
  step 1950/1999 best 10.652
saved SBC_CHAINS_cnn_vmim__n1_jitter_seed_s4_sim686_row637983_noise8851_9030_9209 (240000, 4) acc=0.199
  step 0/1999 best -15.390
  step 50/1999 best -5.314
  step 100/1999 best 3.727
  step 150/1999 best 9.404
  step 200/1999 best 9.925
  step 250/1999 best 11.577
  step 300/1999 best 12.382
  step 350/1999 best 12.391
  step 400/1999 best 13.083
  step 450/1999 best 12.741
  step 500/1999 best 13.523
  step 550/1999 best 13.523
  step 600/1999 best 13.129
  step 650/1999 best 13.678
  step 700/1999 best 13.602
  step 750/1999 best 13.514
  step 800/1999 best 13.799
  step 850/1999 best 13.611
  step 900/1999 best 13.737
  step 950/1999 best 13.826
  step 1000/1999 best 13.829
  step 1050/1999 best 13.858
  step 1100/1999 best 13.736
  step 1150/1999 best 13.847
  step 1200/1999 best 13.773
  step 1250/1999 best 13.846
  step 1300/1999 best 13.680
  step 1350/1999 best 13.600
  step 1400/1999 best 13.725
  step 1450/1999 best 13.745
  step 1500/1999 best 13.727
  step 1550/1999 best 13.775
  step 1600/1999 best 13.888
  step 1650/1999 best 13.808
  step 1700/1999 best 13.696
  step 1750/1999 best 13.895
  step 1800/1999 best 13.891
  step 1850/1999 best 13.867
  step 1900/1999 best 13.828
  step 1950/1999 best 13.740
saved SBC_CHAINS_cnn_vmim__n1_jitter_seed_s4_sim661_row614110_noise2634_2813_2992 (240000, 4) acc=0.225
