[stage3] arm=cnn_vmim_/n1_jitter/seed_s0  nle=/gscratch/ddehiwalage-don/sbi_master/cnn_vmim_/n1_jitter/seed_s0/nle
[NLE] scope=standard_t family=nsf loaded from /gscratch/ddehiwalage-don/sbi_master/cnn_vmim_/n1_jitter/seed_s0/nle/standard_t/nsf
targets this task: 151 | family=standard_t_nsf | chains -> /gscratch/ddehiwalage-don/sbi_master/cnn_vmim_/n1_jitter/seed_s0/chains/standard_t_nsf
  step 0/1999 best -17.321
  step 50/1999 best 8.712
  step 100/1999 best 10.663
  step 150/1999 best 11.563
  step 200/1999 best 11.565
  step 250/1999 best 11.600
  step 300/1999 best 11.536
  step 350/1999 best 11.327
  step 400/1999 best 11.429
  step 450/1999 best 11.626
  step 500/1999 best 11.531
  step 550/1999 best 11.402
  step 600/1999 best 11.603
  step 650/1999 best 11.414
  step 700/1999 best 11.467
  step 750/1999 best 11.549
  step 800/1999 best 11.544
  step 850/1999 best 11.387
  step 900/1999 best 11.510
  step 950/1999 best 11.587
  step 1000/1999 best 11.648
  step 1050/1999 best 11.577
  step 1100/1999 best 11.488
  step 1150/1999 best 11.467
  step 1200/1999 best 11.568
  step 1250/1999 best 11.490
  step 1300/1999 best 11.657
  step 1350/1999 best 11.494
  step 1400/1999 best 11.513
  step 1450/1999 best 11.641
  step 1500/1999 best 11.587
  step 1550/1999 best 11.598
  step 1600/1999 best 11.402
  step 1650/1999 best 11.434
  step 1700/1999 best 11.387
  step 1750/1999 best 11.566
  step 1800/1999 best 11.589
  step 1850/1999 best 11.588
  step 1900/1999 best 11.516
  step 1950/1999 best 11.552
saved SBC_CHAINS_cnn_vmim__n1_jitter_seed_s0_sim1927_row1538092_noise804_983_1162 (240000, 4) acc=0.270
  step 0/1999 best -21.813
  step 50/1999 best -0.755
  step 100/1999 best -0.741
  step 150/1999 best 12.727
  step 200/1999 best 12.618
  step 250/1999 best 12.142
  step 300/1999 best 12.707
  step 350/1999 best 12.595
  step 400/1999 best 12.601
  step 450/1999 best 12.769
  step 500/1999 best 12.631
  step 550/1999 best 12.752
  step 600/1999 best 12.787
  step 650/1999 best 12.804
  step 700/1999 best 12.728
  step 750/1999 best 12.582
  step 800/1999 best 12.672
  step 850/1999 best 12.744
  step 900/1999 best 12.682
  step 950/1999 best 12.802
  step 1000/1999 best 12.762
  step 1050/1999 best 12.739
  step 1100/1999 best 12.714
  step 1150/1999 best 12.738
  step 1200/1999 best 12.603
  step 1250/1999 best 12.795
  step 1300/1999 best 12.779
  step 1350/1999 best 12.794
  step 1400/1999 best 12.831
  step 1450/1999 best 12.740
  step 1500/1999 best 12.708
  step 1550/1999 best 12.820
  step 1600/1999 best 12.815
  step 1650/1999 best 12.625
  step 1700/1999 best 12.616
  step 1750/1999 best 12.627
  step 1800/1999 best 12.759
  step 1850/1999 best 12.731
  step 1900/1999 best 12.691
  step 1950/1999 best 12.770
saved SBC_CHAINS_cnn_vmim__n1_jitter_seed_s0_sim205_row191377_noise8817_8996_9175 (240000, 4) acc=0.260
  step 0/1999 best -19.406
  step 50/1999 best 2.430
  step 100/1999 best 11.701
  step 150/1999 best 12.760
  step 200/1999 best 12.781
  step 250/1999 best 12.711
  step 300/1999 best 12.816
  step 350/1999 best 12.859
  step 400/1999 best 12.849
  step 450/1999 best 12.857
  step 500/1999 best 12.862
  step 550/1999 best 12.904
  step 600/1999 best 12.913
  step 650/1999 best 12.877
  step 700/1999 best 12.825
  step 750/1999 best 12.850
  step 800/1999 best 12.866
  step 850/1999 best 12.875
  step 900/1999 best 12.923
  step 950/1999 best 12.933
  step 1000/1999 best 12.851
  step 1050/1999 best 12.849
  step 1100/1999 best 12.824
  step 1150/1999 best 12.896
  step 1200/1999 best 12.908
  step 1250/1999 best 12.913
  step 1300/1999 best 12.916
  step 1350/1999 best 12.823
  step 1400/1999 best 12.890
  step 1450/1999 best 12.885
  step 1500/1999 best 12.782
  step 1550/1999 best 12.867
  step 1600/1999 best 12.776
  step 1650/1999 best 12.954
  step 1700/1999 best 12.789
  step 1750/1999 best 12.836
  step 1800/1999 best 12.832
  step 1850/1999 best 12.962
  step 1900/1999 best 12.869
  step 1950/1999 best 12.851
saved SBC_CHAINS_cnn_vmim__n1_jitter_seed_s0_sim2997_row2592272_noise9560_9739_90 (240000, 4) acc=0.471
  step 0/1999 best -8.805
  step 50/1999 best 12.713
  step 100/1999 best 13.198
  step 150/1999 best 13.533
  step 200/1999 best 13.476
  step 250/1999 best 13.529
  step 300/1999 best 13.496
  step 350/1999 best 13.444
  step 400/1999 best 13.355
  step 450/1999 best 13.533
  step 500/1999 best 13.481
  step 550/1999 best 13.375
  step 600/1999 best 13.571
  step 650/1999 best 13.495
  step 700/1999 best 13.489
  step 750/1999 best 13.482
  step 800/1999 best 13.562
  step 850/1999 best 13.505
  step 900/1999 best 13.537
  step 950/1999 best 13.396
  step 1000/1999 best 13.577
  step 1050/1999 best 13.492
  step 1100/1999 best 13.356
  step 1150/1999 best 13.534
  step 1200/1999 best 13.498
  step 1250/1999 best 13.478
  step 1300/1999 best 13.466
  step 1350/1999 best 13.495
  step 1400/1999 best 13.433
  step 1450/1999 best 13.549
  step 1500/1999 best 13.488
  step 1550/1999 best 13.459
  step 1600/1999 best 13.546
  step 1650/1999 best 13.506
  step 1700/1999 best 13.522
  step 1750/1999 best 13.386
  step 1800/1999 best 13.545
  step 1850/1999 best 13.481
  step 1900/1999 best 13.496
  step 1950/1999 best 13.488
saved SBC_CHAINS_cnn_vmim__n1_jitter_seed_s0_sim824_row773495_noise8771_8950_9129 (240000, 4) acc=0.470
  step 0/1999 best -11.184
  step 50/1999 best -0.710
  step 100/1999 best 11.418
  step 150/1999 best 14.451
  step 200/1999 best 14.918
  step 250/1999 best 15.166
  step 300/1999 best 15.317
  step 350/1999 best 15.366
  step 400/1999 best 15.300
  step 450/1999 best 15.281
  step 500/1999 best 15.401
  step 550/1999 best 15.430
  step 600/1999 best 15.333
  step 650/1999 best 15.241
  step 700/1999 best 15.365
  step 750/1999 best 15.336
  step 800/1999 best 15.321
  step 850/1999 best 15.280
  step 900/1999 best 15.255
  step 950/1999 best 15.296
  step 1000/1999 best 15.318
  step 1050/1999 best 15.319
  step 1100/1999 best 15.331
  step 1150/1999 best 15.437
  step 1200/1999 best 15.293
  step 1250/1999 best 15.398
  step 1300/1999 best 15.411
  step 1350/1999 best 15.335
  step 1400/1999 best 15.397
  step 1450/1999 best 15.426
  step 1500/1999 best 15.180
  step 1550/1999 best 15.285
  step 1600/1999 best 15.305
  step 1650/1999 best 15.335
  step 1700/1999 best 15.431
  step 1750/1999 best 15.361
  step 1800/1999 best 15.416
  step 1850/1999 best 15.344
  step 1900/1999 best 15.320
  step 1950/1999 best 15.226
saved SBC_CHAINS_cnn_vmim__n1_jitter_seed_s0_sim1196_row1014470_noise7282_7461_7640 (240000, 4) acc=0.298
  step 0/1999 best -4.672
  step 50/1999 best 11.648
  step 100/1999 best 12.552
  step 150/1999 best 12.949
  step 200/1999 best 12.924
  step 250/1999 best 13.127
  step 300/1999 best 13.027
  step 350/1999 best 13.126
  step 400/1999 best 13.032
  step 450/1999 best 13.122
  step 500/1999 best 12.909
  step 550/1999 best 13.131
  step 600/1999 best 12.975
  step 650/1999 best 13.105
  step 700/1999 best 13.117
  step 750/1999 best 13.133
  step 800/1999 best 13.073
  step 850/1999 best 13.135
  step 900/1999 best 13.027
  step 950/1999 best 13.085
  step 1000/1999 best 13.098
  step 1050/1999 best 13.098
  step 1100/1999 best 13.064
  step 1150/1999 best 13.047
  step 1200/1999 best 13.166
  step 1250/1999 best 13.091
  step 1300/1999 best 13.122
  step 1350/1999 best 13.133
  step 1400/1999 best 12.983
  step 1450/1999 best 13.087
  step 1500/1999 best 13.130
  step 1550/1999 best 13.158
  step 1600/1999 best 13.151
  step 1650/1999 best 13.019
  step 1700/1999 best 12.964
  step 1750/1999 best 13.072
  step 1800/1999 best 13.083
  step 1850/1999 best 13.074
  step 1900/1999 best 13.177
  step 1950/1999 best 13.140
saved SBC_CHAINS_cnn_vmim__n1_jitter_seed_s0_sim1928_row1539060_noise1772_1951_2130 (240000, 4) acc=0.278
  step 0/1999 best -22.574
  step 50/1999 best 6.880
  step 100/1999 best 11.298
  step 150/1999 best 11.994
  step 200/1999 best 12.145
  step 250/1999 best 12.291
  step 300/1999 best 12.369
  step 350/1999 best 12.303
  step 400/1999 best 12.259
  step 450/1999 best 12.208
  step 500/1999 best 12.263
  step 550/1999 best 12.359
  step 600/1999 best 12.360
  step 650/1999 best 12.385
  step 700/1999 best 12.323
  step 750/1999 best 12.321
  step 800/1999 best 12.307
  step 850/1999 best 12.344
  step 900/1999 best 12.284
  step 950/1999 best 12.287
  step 1000/1999 best 12.246
  step 1050/1999 best 12.415
  step 1100/1999 best 12.328
  step 1150/1999 best 12.384
  step 1200/1999 best 12.378
  step 1250/1999 best 12.372
  step 1300/1999 best 12.322
  step 1350/1999 best 12.329
  step 1400/1999 best 12.295
  step 1450/1999 best 12.412
  step 1500/1999 best 12.306
  step 1550/1999 best 12.318
  step 1600/1999 best 12.345
  step 1650/1999 best 12.382
  step 1700/1999 best 12.341
  step 1750/1999 best 12.339
  step 1800/1999 best 12.256
  step 1850/1999 best 12.369
  step 1900/1999 best 12.312
  step 1950/1999 best 12.414
saved SBC_CHAINS_cnn_vmim__n1_jitter_seed_s0_sim675_row626742_noise7438_7617_7796 (240000, 4) acc=0.433
  step 0/1999 best -15.443
  step 50/1999 best -5.665
  step 100/1999 best 4.441
  step 150/1999 best 6.364
  step 200/1999 best 10.047
  step 250/1999 best 9.410
  step 300/1999 best 10.966
  step 350/1999 best 10.799
  step 400/1999 best 10.923
  step 450/1999 best 10.435
  step 500/1999 best 10.924
  step 550/1999 best 10.889
  step 600/1999 best 10.901
  step 650/1999 best 10.961
  step 700/1999 best 10.897
  step 750/1999 best 10.796
  step 800/1999 best 10.960
  step 850/1999 best 10.844
  step 900/1999 best 10.813
  step 950/1999 best 10.959
  step 1000/1999 best 11.033
  step 1050/1999 best 10.785
  step 1100/1999 best 10.974
  step 1150/1999 best 10.917
  step 1200/1999 best 10.773
  step 1250/1999 best 10.975
  step 1300/1999 best 10.915
  step 1350/1999 best 10.938
  step 1400/1999 best 10.914
  step 1450/1999 best 10.799
  step 1500/1999 best 11.013
  step 1550/1999 best 10.926
  step 1600/1999 best 10.904
  step 1650/1999 best 10.941
  step 1700/1999 best 10.876
  step 1750/1999 best 10.905
  step 1800/1999 best 10.977
  step 1850/1999 best 10.914
  step 1900/1999 best 10.922
  step 1950/1999 best 10.934
saved SBC_CHAINS_cnn_vmim__n1_jitter_seed_s0_sim2558_row2157102_noise2822_3001_3180 (240000, 4) acc=0.281
  step 0/1999 best -9.352
  step 50/1999 best 0.423
  step 100/1999 best 4.952
  step 150/1999 best 5.821
  step 200/1999 best 10.093
  step 250/1999 best 9.034
  step 300/1999 best 10.420
  step 350/1999 best 10.652
  step 400/1999 best 10.750
  step 450/1999 best 10.565
  step 500/1999 best 10.758
  step 550/1999 best 10.757
  step 600/1999 best 10.853
  step 650/1999 best 10.877
  step 700/1999 best 10.838
  step 750/1999 best 10.742
  step 800/1999 best 10.923
  step 850/1999 best 10.791
  step 900/1999 best 10.853
  step 950/1999 best 10.840
  step 1000/1999 best 10.792
  step 1050/1999 best 10.718
  step 1100/1999 best 10.791
  step 1150/1999 best 10.928
  step 1200/1999 best 10.735
  step 1250/1999 best 10.901
  step 1300/1999 best 10.739
  step 1350/1999 best 10.859
  step 1400/1999 best 10.831
  step 1450/1999 best 10.825
  step 1500/1999 best 10.839
  step 1550/1999 best 10.786
  step 1600/1999 best 10.808
  step 1650/1999 best 10.857
  step 1700/1999 best 10.893
  step 1750/1999 best 10.780
  step 1800/1999 best 10.937
  step 1850/1999 best 10.846
  step 1900/1999 best 10.850
  step 1950/1999 best 10.833
saved SBC_CHAINS_cnn_vmim__n1_jitter_seed_s0_sim2594_row2193586_noise9822_173_352 (240000, 4) acc=0.196
  step 0/1999 best -11.479
  step 50/1999 best 11.655
  step 100/1999 best 15.469
  step 150/1999 best 15.649
  step 200/1999 best 15.713
  step 250/1999 best 15.714
  step 300/1999 best 15.698
  step 350/1999 best 15.610
  step 400/1999 best 15.767
  step 450/1999 best 15.812
  step 500/1999 best 15.599
  step 550/1999 best 15.638
  step 600/1999 best 15.702
  step 650/1999 best 15.735
  step 700/1999 best 15.670
  step 750/1999 best 15.780
  step 800/1999 best 15.595
  step 850/1999 best 15.823
  step 900/1999 best 15.803
  step 950/1999 best 15.679
  step 1000/1999 best 15.730
  step 1050/1999 best 15.791
  step 1100/1999 best 15.730
  step 1150/1999 best 15.761
  step 1200/1999 best 15.786
  step 1250/1999 best 15.714
  step 1300/1999 best 15.576
  step 1350/1999 best 15.652
  step 1400/1999 best 15.754
  step 1450/1999 best 15.773
  step 1500/1999 best 15.695
  step 1550/1999 best 15.766
  step 1600/1999 best 15.585
  step 1650/1999 best 15.579
  step 1700/1999 best 15.737
  step 1750/1999 best 15.561
  step 1800/1999 best 15.770
  step 1850/1999 best 15.754
  step 1900/1999 best 15.697
  step 1950/1999 best 15.763
saved SBC_CHAINS_cnn_vmim__n1_jitter_seed_s0_sim1274_row1092800_noise6988_7167_7346 (240000, 4) acc=0.339
  step 0/1999 best -18.753
  step 50/1999 best 7.256
  step 100/1999 best 11.104
  step 150/1999 best 13.201
  step 200/1999 best 13.145
  step 250/1999 best 13.178
  step 300/1999 best 13.319
  step 350/1999 best 13.130
  step 400/1999 best 13.319
  step 450/1999 best 13.357
  step 500/1999 best 13.434
  step 550/1999 best 13.294
  step 600/1999 best 13.155
  step 650/1999 best 13.327
  step 700/1999 best 13.432
  step 750/1999 best 13.383
  step 800/1999 best 13.316
  step 850/1999 best 13.355
  step 900/1999 best 13.359
  step 950/1999 best 13.428
  step 1000/1999 best 13.352
  step 1050/1999 best 13.392
  step 1100/1999 best 13.335
  step 1150/1999 best 13.280
  step 1200/1999 best 13.380
  step 1250/1999 best 13.406
  step 1300/1999 best 13.380
  step 1350/1999 best 13.205
  step 1400/1999 best 13.393
  step 1450/1999 best 13.356
  step 1500/1999 best 13.426
  step 1550/1999 best 13.393
  step 1600/1999 best 13.306
  step 1650/1999 best 13.334
  step 1700/1999 best 13.165
  step 1750/1999 best 13.288
  step 1800/1999 best 13.403
  step 1850/1999 best 13.325
  step 1900/1999 best 13.306
  step 1950/1999 best 13.335
saved SBC_CHAINS_cnn_vmim__n1_jitter_seed_s0_sim1760_row1513581_noise1369_1548_1727 (240000, 4) acc=0.346
  step 0/1999 best -12.179
  step 50/1999 best 0.646
  step 100/1999 best 3.349
  step 150/1999 best 10.551
  step 200/1999 best 11.149
  step 250/1999 best 11.728
  step 300/1999 best 11.781
  step 350/1999 best 11.518
  step 400/1999 best 11.510
  step 450/1999 best 11.624
  step 500/1999 best 11.654
  step 550/1999 best 11.267
  step 600/1999 best 11.685
  step 650/1999 best 11.671
  step 700/1999 best 11.438
  step 750/1999 best 11.759
  step 800/1999 best 11.865
  step 850/1999 best 11.868
  step 900/1999 best 11.764
  step 950/1999 best 11.614
  step 1000/1999 best 11.762
  step 1050/1999 best 11.823
  step 1100/1999 best 11.878
  step 1150/1999 best 11.844
  step 1200/1999 best 11.843
  step 1250/1999 best 11.603
  step 1300/1999 best 11.659
  step 1350/1999 best 11.718
  step 1400/1999 best 11.762
  step 1450/1999 best 11.764
  step 1500/1999 best 11.716
  step 1550/1999 best 11.745
  step 1600/1999 best 11.850
  step 1650/1999 best 11.689
  step 1700/1999 best 11.727
  step 1750/1999 best 11.757
  step 1800/1999 best 11.874
  step 1850/1999 best 11.845
  step 1900/1999 best 11.846
  step 1950/1999 best 11.701
saved SBC_CHAINS_cnn_vmim__n1_jitter_seed_s0_sim1459_row1241341_noise4797_4976_5155 (240000, 4) acc=0.144
  step 0/1999 best -17.073
  step 50/1999 best 2.043
  step 100/1999 best 10.185
  step 150/1999 best 10.452
  step 200/1999 best 13.493
  step 250/1999 best 13.354
  step 300/1999 best 14.143
  step 350/1999 best 13.836
  step 400/1999 best 14.155
  step 450/1999 best 14.058
  step 500/1999 best 13.950
  step 550/1999 best 14.181
  step 600/1999 best 13.913
  step 650/1999 best 14.138
  step 700/1999 best 14.114
  step 750/1999 best 14.165
  step 800/1999 best 14.160
  step 850/1999 best 14.205
  step 900/1999 best 14.187
  step 950/1999 best 14.138
  step 1000/1999 best 14.033
  step 1050/1999 best 14.172
  step 1100/1999 best 14.038
  step 1150/1999 best 14.076
  step 1200/1999 best 14.176
  step 1250/1999 best 14.068
  step 1300/1999 best 14.217
  step 1350/1999 best 14.019
  step 1400/1999 best 14.089
  step 1450/1999 best 14.173
  step 1500/1999 best 14.186
  step 1550/1999 best 14.112
  step 1600/1999 best 14.100
  step 1650/1999 best 14.186
  step 1700/1999 best 13.944
  step 1750/1999 best 14.057
  step 1800/1999 best 14.100
  step 1850/1999 best 14.139
  step 1900/1999 best 14.093
  step 1950/1999 best 14.149
saved SBC_CHAINS_cnn_vmim__n1_jitter_seed_s0_sim337_row323716_noise3564_3743_3922 (240000, 4) acc=0.185
  step 0/1999 best -15.211
  step 50/1999 best -1.937
  step 100/1999 best 12.610
  step 150/1999 best 12.759
  step 200/1999 best 12.153
  step 250/1999 best 13.815
  step 300/1999 best 13.631
  step 350/1999 best 13.850
  step 400/1999 best 13.959
  step 450/1999 best 13.923
  step 500/1999 best 13.989
  step 550/1999 best 13.825
  step 600/1999 best 13.941
  step 650/1999 best 13.891
  step 700/1999 best 14.004
  step 750/1999 best 13.997
  step 800/1999 best 13.974
  step 850/1999 best 13.810
  step 900/1999 best 13.955
  step 950/1999 best 13.975
  step 1000/1999 best 13.947
  step 1050/1999 best 13.903
  step 1100/1999 best 13.861
  step 1150/1999 best 14.018
  step 1200/1999 best 13.911
  step 1250/1999 best 13.964
  step 1300/1999 best 13.947
  step 1350/1999 best 13.909
  step 1400/1999 best 13.987
  step 1450/1999 best 13.921
  step 1500/1999 best 13.962
  step 1550/1999 best 13.969
  step 1600/1999 best 13.998
  step 1650/1999 best 13.998
  step 1700/1999 best 13.964
  step 1750/1999 best 13.941
  step 1800/1999 best 13.990
  step 1850/1999 best 13.816
  step 1900/1999 best 14.004
  step 1950/1999 best 13.940
saved SBC_CHAINS_cnn_vmim__n1_jitter_seed_s0_sim1509_row1286162_noise5478_5657_5836 (240000, 4) acc=0.257
  step 0/1999 best -14.097
  step 50/1999 best 7.759
  step 100/1999 best 11.533
  step 150/1999 best 12.124
  step 200/1999 best 12.043
  step 250/1999 best 11.744
  step 300/1999 best 12.274
  step 350/1999 best 12.171
  step 400/1999 best 12.189
  step 450/1999 best 12.189
  step 500/1999 best 12.131
  step 550/1999 best 12.254
  step 600/1999 best 12.198
  step 650/1999 best 12.201
  step 700/1999 best 12.192
  step 750/1999 best 12.307
  step 800/1999 best 12.099
  step 850/1999 best 12.248
  step 900/1999 best 12.137
  step 950/1999 best 12.144
  step 1000/1999 best 12.100
  step 1050/1999 best 12.119
  step 1100/1999 best 12.194
  step 1150/1999 best 12.238
  step 1200/1999 best 12.306
  step 1250/1999 best 12.160
  step 1300/1999 best 12.135
  step 1350/1999 best 12.242
  step 1400/1999 best 12.184
  step 1450/1999 best 11.958
  step 1500/1999 best 12.046
  step 1550/1999 best 12.291
  step 1600/1999 best 12.203
  step 1650/1999 best 12.272
  step 1700/1999 best 12.225
  step 1750/1999 best 12.153
  step 1800/1999 best 12.290
  step 1850/1999 best 12.199
  step 1900/1999 best 12.280
  step 1950/1999 best 12.294
saved SBC_CHAINS_cnn_vmim__n1_jitter_seed_s0_sim1934_row1545991_noise8703_8882_9061 (240000, 4) acc=0.238
  step 0/1999 best -25.116
  step 50/1999 best -6.964
  step 100/1999 best 7.495
  step 150/1999 best 10.177
  step 200/1999 best 13.687
  step 250/1999 best 13.687
  step 300/1999 best 13.420
  step 350/1999 best 14.745
  step 400/1999 best 15.362
  step 450/1999 best 14.912
  step 500/1999 best 15.187
  step 550/1999 best 15.269
  step 600/1999 best 15.013
  step 650/1999 best 15.121
  step 700/1999 best 15.048
  step 750/1999 best 15.325
  step 800/1999 best 14.738
  step 850/1999 best 15.095
  step 900/1999 best 15.259
  step 950/1999 best 15.181
  step 1000/1999 best 15.371
  step 1050/1999 best 15.225
  step 1100/1999 best 15.310
  step 1150/1999 best 15.272
  step 1200/1999 best 15.214
  step 1250/1999 best 15.304
  step 1300/1999 best 15.268
  step 1350/1999 best 15.292
  step 1400/1999 best 15.257
  step 1450/1999 best 15.345
  step 1500/1999 best 15.304
  step 1550/1999 best 15.350
  step 1600/1999 best 15.252
  step 1650/1999 best 15.222
  step 1700/1999 best 15.283
  step 1750/1999 best 15.264
  step 1800/1999 best 15.312
  step 1850/1999 best 15.309
  step 1900/1999 best 15.325
  step 1950/1999 best 15.303
saved SBC_CHAINS_cnn_vmim__n1_jitter_seed_s0_sim130_row121085_noise2321_2500_2679 (240000, 4) acc=0.260
  step 0/1999 best -14.266
  step 50/1999 best 14.877
  step 100/1999 best 15.034
  step 150/1999 best 14.757
  step 200/1999 best 15.174
  step 250/1999 best 15.617
  step 300/1999 best 15.568
  step 350/1999 best 15.626
  step 400/1999 best 15.549
  step 450/1999 best 15.609
  step 500/1999 best 15.564
  step 550/1999 best 15.675
  step 600/1999 best 15.661
  step 650/1999 best 15.546
  step 700/1999 best 15.596
  step 750/1999 best 15.690
  step 800/1999 best 15.554
  step 850/1999 best 15.610
  step 900/1999 best 15.536
  step 950/1999 best 15.564
  step 1000/1999 best 15.683
  step 1050/1999 best 15.702
  step 1100/1999 best 15.568
  step 1150/1999 best 15.615
  step 1200/1999 best 15.606
  step 1250/1999 best 15.409
  step 1300/1999 best 15.638
  step 1350/1999 best 15.496
  step 1400/1999 best 15.646
  step 1450/1999 best 15.605
  step 1500/1999 best 15.590
  step 1550/1999 best 15.676
  step 1600/1999 best 15.681
  step 1650/1999 best 15.640
  step 1700/1999 best 15.696
  step 1750/1999 best 15.620
  step 1800/1999 best 15.609
  step 1850/1999 best 15.528
  step 1900/1999 best 15.528
  step 1950/1999 best 15.673
saved SBC_CHAINS_cnn_vmim__n1_jitter_seed_s0_sim1443_row1225894_noise9006_9185_9364 (240000, 4) acc=0.255
  step 0/1999 best -19.422
  step 50/1999 best 8.294
  step 100/1999 best 14.752
  step 150/1999 best 15.626
  step 200/1999 best 15.747
  step 250/1999 best 15.720
  step 300/1999 best 15.847
  step 350/1999 best 15.917
  step 400/1999 best 15.813
  step 450/1999 best 15.817
  step 500/1999 best 15.768
  step 550/1999 best 15.834
  step 600/1999 best 15.875
  step 650/1999 best 15.967
  step 700/1999 best 16.042
  step 750/1999 best 15.900
  step 800/1999 best 16.024
  step 850/1999 best 15.930
  step 900/1999 best 15.872
  step 950/1999 best 15.985
  step 1000/1999 best 15.981
  step 1050/1999 best 15.968
  step 1100/1999 best 15.751
  step 1150/1999 best 15.792
  step 1200/1999 best 15.839
  step 1250/1999 best 15.968
  step 1300/1999 best 15.944
  step 1350/1999 best 15.985
  step 1400/1999 best 15.847
  step 1450/1999 best 15.920
  step 1500/1999 best 15.806
  step 1550/1999 best 15.939
  step 1600/1999 best 15.809
  step 1650/1999 best 15.946
  step 1700/1999 best 15.929
  step 1750/1999 best 15.766
  step 1800/1999 best 15.823
  step 1850/1999 best 15.822
  step 1900/1999 best 15.937
  step 1950/1999 best 15.810
saved SBC_CHAINS_cnn_vmim__n1_jitter_seed_s0_sim182_row173671_noise5767_5946_6125 (240000, 4) acc=0.212
  step 0/1999 best -20.543
  step 50/1999 best 10.701
  step 100/1999 best 12.977
  step 150/1999 best 12.701
  step 200/1999 best 13.474
  step 250/1999 best 13.848
  step 300/1999 best 13.740
  step 350/1999 best 13.767
  step 400/1999 best 13.852
  step 450/1999 best 13.798
  step 500/1999 best 13.742
  step 550/1999 best 13.752
  step 600/1999 best 13.737
  step 650/1999 best 13.798
  step 700/1999 best 13.750
  step 750/1999 best 13.818
  step 800/1999 best 13.802
  step 850/1999 best 13.804
  step 900/1999 best 13.690
  step 950/1999 best 13.825
  step 1000/1999 best 13.806
  step 1050/1999 best 13.783
  step 1100/1999 best 13.736
  step 1150/1999 best 13.646
  step 1200/1999 best 13.794
  step 1250/1999 best 13.772
  step 1300/1999 best 13.810
  step 1350/1999 best 13.759
  step 1400/1999 best 13.870
  step 1450/1999 best 13.856
  step 1500/1999 best 13.777
  step 1550/1999 best 13.795
  step 1600/1999 best 13.682
  step 1650/1999 best 13.771
  step 1700/1999 best 13.689
  step 1750/1999 best 13.757
  step 1800/1999 best 13.770
  step 1850/1999 best 13.788
  step 1900/1999 best 13.818
  step 1950/1999 best 13.763
saved SBC_CHAINS_cnn_vmim__n1_jitter_seed_s0_sim909_row858255_noise5079_5258_5437 (240000, 4) acc=0.367
  step 0/1999 best -13.688
  step 50/1999 best 5.648
  step 100/1999 best 7.969
  step 150/1999 best 9.980
  step 200/1999 best 9.642
  step 250/1999 best 10.631
  step 300/1999 best 10.491
  step 350/1999 best 10.520
  step 400/1999 best 10.358
  step 450/1999 best 10.567
  step 500/1999 best 10.215
  step 550/1999 best 10.550
  step 600/1999 best 10.506
  step 650/1999 best 10.443
  step 700/1999 best 10.512
  step 750/1999 best 10.609
  step 800/1999 best 10.600
  step 850/1999 best 10.545
  step 900/1999 best 10.638
  step 950/1999 best 10.496
  step 1000/1999 best 10.548
  step 1050/1999 best 10.505
  step 1100/1999 best 10.430
  step 1150/1999 best 10.469
  step 1200/1999 best 10.487
  step 1250/1999 best 10.580
  step 1300/1999 best 10.424
  step 1350/1999 best 10.550
  step 1400/1999 best 10.487
  step 1450/1999 best 10.465
  step 1500/1999 best 10.480
  step 1550/1999 best 10.486
  step 1600/1999 best 10.600
  step 1650/1999 best 10.527
  step 1700/1999 best 10.657
  step 1750/1999 best 10.560
  step 1800/1999 best 10.645
  step 1850/1999 best 10.577
  step 1900/1999 best 10.435
  step 1950/1999 best 10.466
saved SBC_CHAINS_cnn_vmim__n1_jitter_seed_s0_sim2590_row2189721_noise5957_6136_6315 (240000, 4) acc=0.258
  step 0/1999 best -15.677
  step 50/1999 best -6.238
  step 100/1999 best 8.711
  step 150/1999 best 11.283
  step 200/1999 best 11.992
  step 250/1999 best 11.952
  step 300/1999 best 12.321
  step 350/1999 best 12.220
  step 400/1999 best 12.323
  step 450/1999 best 12.283
  step 500/1999 best 12.184
  step 550/1999 best 12.274
  step 600/1999 best 12.277
  step 650/1999 best 12.294
  step 700/1999 best 12.206
  step 750/1999 best 12.332
  step 800/1999 best 12.318
  step 850/1999 best 12.231
  step 900/1999 best 12.252
  step 950/1999 best 12.268
  step 1000/1999 best 12.156
  step 1050/1999 best 12.235
  step 1100/1999 best 12.266
  step 1150/1999 best 12.351
  step 1200/1999 best 12.321
  step 1250/1999 best 12.306
  step 1300/1999 best 12.239
  step 1350/1999 best 12.327
  step 1400/1999 best 12.263
  step 1450/1999 best 12.263
  step 1500/1999 best 12.217
  step 1550/1999 best 12.263
  step 1600/1999 best 12.219
  step 1650/1999 best 12.334
  step 1700/1999 best 12.340
  step 1750/1999 best 12.354
  step 1800/1999 best 12.360
  step 1850/1999 best 12.264
  step 1900/1999 best 12.160
  step 1950/1999 best 12.317
saved SBC_CHAINS_cnn_vmim__n1_jitter_seed_s0_sim2932_row2527883_noise4139_4318_4497 (240000, 4) acc=0.366
  step 0/1999 best -16.902
  step 50/1999 best -6.270
  step 100/1999 best 14.033
  step 150/1999 best 13.470
  step 200/1999 best 13.424
  step 250/1999 best 12.346
  step 300/1999 best 13.203
  step 350/1999 best 14.718
  step 400/1999 best 15.387
  step 450/1999 best 15.101
  step 500/1999 best 15.717
  step 550/1999 best 15.820
  step 600/1999 best 15.642
  step 650/1999 best 15.712
  step 700/1999 best 15.777
  step 750/1999 best 15.668
  step 800/1999 best 15.773
  step 850/1999 best 15.661
  step 900/1999 best 15.756
  step 950/1999 best 15.606
  step 1000/1999 best 15.889
  step 1050/1999 best 15.720
  step 1100/1999 best 15.834
  step 1150/1999 best 15.759
  step 1200/1999 best 15.608
  step 1250/1999 best 15.452
  step 1300/1999 best 15.792
  step 1350/1999 best 15.795
  step 1400/1999 best 15.560
  step 1450/1999 best 15.844
  step 1500/1999 best 15.733
  step 1550/1999 best 15.752
  step 1600/1999 best 15.774
  step 1650/1999 best 15.737
  step 1700/1999 best 15.818
  step 1750/1999 best 15.809
  step 1800/1999 best 15.807
  step 1850/1999 best 15.721
  step 1900/1999 best 15.775
  step 1950/1999 best 15.595
saved SBC_CHAINS_cnn_vmim__n1_jitter_seed_s0_sim106_row105726_noise8446_8625_8804 (240000, 4) acc=0.195
  step 0/1999 best -16.203
  step 50/1999 best 9.570
  step 100/1999 best 13.004
  step 150/1999 best 13.489
  step 200/1999 best 13.516
  step 250/1999 best 13.732
  step 300/1999 best 13.654
  step 350/1999 best 13.654
  step 400/1999 best 13.702
  step 450/1999 best 13.677
  step 500/1999 best 13.562
  step 550/1999 best 13.759
  step 600/1999 best 13.682
  step 650/1999 best 13.572
  step 700/1999 best 13.614
  step 750/1999 best 13.737
  step 800/1999 best 13.731
  step 850/1999 best 13.502
  step 900/1999 best 13.685
  step 950/1999 best 13.624
  step 1000/1999 best 13.753
  step 1050/1999 best 13.773
  step 1100/1999 best 13.633
  step 1150/1999 best 13.682
  step 1200/1999 best 13.498
  step 1250/1999 best 13.586
  step 1300/1999 best 13.701
  step 1350/1999 best 13.663
  step 1400/1999 best 13.633
  step 1450/1999 best 13.661
  step 1500/1999 best 13.609
  step 1550/1999 best 13.654
  step 1600/1999 best 13.723
  step 1650/1999 best 13.632
  step 1700/1999 best 13.617
  step 1750/1999 best 13.759
  step 1800/1999 best 13.501
  step 1850/1999 best 13.601
  step 1900/1999 best 13.612
  step 1950/1999 best 13.631
saved SBC_CHAINS_cnn_vmim__n1_jitter_seed_s0_sim1987_row1598007_noise1751_1930_2109 (240000, 4) acc=0.305
  step 0/1999 best -15.239
  step 50/1999 best -5.191
  step 100/1999 best 7.217
  step 150/1999 best 9.510
  step 200/1999 best 10.570
  step 250/1999 best 9.955
  step 300/1999 best 10.740
  step 350/1999 best 10.807
  step 400/1999 best 10.876
  step 450/1999 best 10.877
  step 500/1999 best 10.739
  step 550/1999 best 10.906
  step 600/1999 best 10.811
  step 650/1999 best 10.856
  step 700/1999 best 10.895
  step 750/1999 best 10.911
  step 800/1999 best 10.826
  step 850/1999 best 10.828
  step 900/1999 best 10.826
  step 950/1999 best 10.658
  step 1000/1999 best 10.914
  step 1050/1999 best 10.926
  step 1100/1999 best 10.691
  step 1150/1999 best 10.677
  step 1200/1999 best 10.893
  step 1250/1999 best 10.910
  step 1300/1999 best 10.773
  step 1350/1999 best 10.750
  step 1400/1999 best 10.841
  step 1450/1999 best 10.899
  step 1500/1999 best 10.865
  step 1550/1999 best 10.901
  step 1600/1999 best 10.863
  step 1650/1999 best 10.892
  step 1700/1999 best 10.817
  step 1750/1999 best 10.790
  step 1800/1999 best 10.884
  step 1850/1999 best 10.816
  step 1900/1999 best 10.836
  step 1950/1999 best 10.744
saved SBC_CHAINS_cnn_vmim__n1_jitter_seed_s0_sim2822_row2417017_noise1381_1560_1739 (240000, 4) acc=0.342
  step 0/1999 best -19.842
  step 50/1999 best 0.417
  step 100/1999 best 10.518
  step 150/1999 best 10.987
  step 200/1999 best 10.987
  step 250/1999 best 14.115
  step 300/1999 best 15.192
  step 350/1999 best 15.189
  step 400/1999 best 15.178
  step 450/1999 best 15.150
  step 500/1999 best 15.430
  step 550/1999 best 15.051
  step 600/1999 best 15.256
  step 650/1999 best 15.304
  step 700/1999 best 15.320
  step 750/1999 best 15.344
  step 800/1999 best 15.388
  step 850/1999 best 15.236
  step 900/1999 best 15.317
  step 950/1999 best 15.335
  step 1000/1999 best 15.332
  step 1050/1999 best 15.453
  step 1100/1999 best 15.322
  step 1150/1999 best 15.267
  step 1200/1999 best 15.124
  step 1250/1999 best 15.367
  step 1300/1999 best 15.320
  step 1350/1999 best 15.324
  step 1400/1999 best 15.368
  step 1450/1999 best 15.376
  step 1500/1999 best 15.371
  step 1550/1999 best 15.271
  step 1600/1999 best 15.102
  step 1650/1999 best 15.329
  step 1700/1999 best 15.422
  step 1750/1999 best 15.432
  step 1800/1999 best 15.424
  step 1850/1999 best 15.275
  step 1900/1999 best 15.340
  step 1950/1999 best 15.284
saved SBC_CHAINS_cnn_vmim__n1_jitter_seed_s0_sim1431_row1213516_noise6456_6635_6814 (240000, 4) acc=0.197
  step 0/1999 best -25.081
  step 50/1999 best 10.933
  step 100/1999 best 13.546
  step 150/1999 best 14.413
  step 200/1999 best 14.409
  step 250/1999 best 14.510
  step 300/1999 best 14.547
  step 350/1999 best 14.520
  step 400/1999 best 14.535
  step 450/1999 best 14.592
  step 500/1999 best 14.551
  step 550/1999 best 14.568
  step 600/1999 best 14.572
  step 650/1999 best 14.493
  step 700/1999 best 14.595
  step 750/1999 best 14.564
  step 800/1999 best 14.544
  step 850/1999 best 14.494
  step 900/1999 best 14.478
  step 950/1999 best 14.453
  step 1000/1999 best 14.522
  step 1050/1999 best 14.440
  step 1100/1999 best 14.541
  step 1150/1999 best 14.576
  step 1200/1999 best 14.572
  step 1250/1999 best 14.506
  step 1300/1999 best 14.472
  step 1350/1999 best 14.599
  step 1400/1999 best 14.615
  step 1450/1999 best 14.558
  step 1500/1999 best 14.598
  step 1550/1999 best 14.531
  step 1600/1999 best 14.603
  step 1650/1999 best 14.567
  step 1700/1999 best 14.577
  step 1750/1999 best 14.583
  step 1800/1999 best 14.519
  step 1850/1999 best 14.433
  step 1900/1999 best 14.534
  step 1950/1999 best 14.530
saved SBC_CHAINS_cnn_vmim__n1_jitter_seed_s0_sim825_row774748_noise196_375_554 (240000, 4) acc=0.484
  step 0/1999 best -12.791
  step 50/1999 best -0.340
  step 100/1999 best 8.404
  step 150/1999 best 8.861
  step 200/1999 best 8.950
  step 250/1999 best 9.035
  step 300/1999 best 9.025
  step 350/1999 best 9.022
  step 400/1999 best 8.921
  step 450/1999 best 8.993
  step 500/1999 best 8.989
  step 550/1999 best 9.128
  step 600/1999 best 9.020
  step 650/1999 best 8.952
  step 700/1999 best 9.024
  step 750/1999 best 9.000
  step 800/1999 best 9.057
  step 850/1999 best 9.106
  step 900/1999 best 9.069
  step 950/1999 best 9.071
  step 1000/1999 best 9.028
  step 1050/1999 best 9.006
  step 1100/1999 best 9.051
  step 1150/1999 best 8.932
  step 1200/1999 best 9.063
  step 1250/1999 best 9.090
  step 1300/1999 best 9.099
  step 1350/1999 best 9.095
  step 1400/1999 best 8.910
  step 1450/1999 best 8.958
  step 1500/1999 best 8.984
  step 1550/1999 best 9.007
  step 1600/1999 best 9.008
  step 1650/1999 best 9.072
  step 1700/1999 best 8.919
  step 1750/1999 best 9.063
  step 1800/1999 best 8.980
  step 1850/1999 best 9.087
  step 1900/1999 best 9.065
  step 1950/1999 best 9.044
saved SBC_CHAINS_cnn_vmim__n1_jitter_seed_s0_sim1777_row1529357_noise8317_8496_8675 (240000, 4) acc=0.320
  step 0/1999 best -15.963
  step 50/1999 best -2.622
  step 100/1999 best 10.967
  step 150/1999 best 9.651
  step 200/1999 best 9.343
  step 250/1999 best 12.168
  step 300/1999 best 13.160
  step 350/1999 best 13.660
  step 400/1999 best 13.960
  step 450/1999 best 13.757
  step 500/1999 best 13.893
  step 550/1999 best 13.572
  step 600/1999 best 13.761
  step 650/1999 best 13.899
  step 700/1999 best 13.935
  step 750/1999 best 13.966
  step 800/1999 best 13.712
  step 850/1999 best 13.947
  step 900/1999 best 13.922
  step 950/1999 best 13.973
  step 1000/1999 best 13.906
  step 1050/1999 best 13.755
  step 1100/1999 best 13.833
  step 1150/1999 best 13.984
  step 1200/1999 best 13.867
  step 1250/1999 best 13.847
  step 1300/1999 best 13.966
  step 1350/1999 best 13.893
  step 1400/1999 best 13.983
  step 1450/1999 best 13.904
  step 1500/1999 best 13.988
  step 1550/1999 best 13.889
  step 1600/1999 best 13.859
  step 1650/1999 best 13.826
  step 1700/1999 best 13.926
  step 1750/1999 best 13.960
  step 1800/1999 best 13.933
  step 1850/1999 best 13.915
  step 1900/1999 best 13.841
  step 1950/1999 best 13.957
saved SBC_CHAINS_cnn_vmim__n1_jitter_seed_s0_sim2445_row2044687_noise8343_8522_8701 (240000, 4) acc=0.285
  step 0/1999 best -21.704
  step 50/1999 best 9.303
  step 100/1999 best 8.788
  step 150/1999 best 11.567
  step 200/1999 best 11.859
  step 250/1999 best 11.729
  step 300/1999 best 11.725
  step 350/1999 best 11.892
  step 400/1999 best 11.943
  step 450/1999 best 11.913
  step 500/1999 best 11.888
  step 550/1999 best 11.839
  step 600/1999 best 11.960
  step 650/1999 best 11.876
  step 700/1999 best 11.857
  step 750/1999 best 11.835
  step 800/1999 best 11.829
  step 850/1999 best 11.884
  step 900/1999 best 11.917
  step 950/1999 best 11.866
  step 1000/1999 best 11.937
  step 1050/1999 best 11.858
  step 1100/1999 best 11.913
  step 1150/1999 best 11.822
  step 1200/1999 best 11.794
  step 1250/1999 best 11.769
  step 1300/1999 best 11.900
  step 1350/1999 best 11.855
  step 1400/1999 best 11.843
  step 1450/1999 best 11.918
  step 1500/1999 best 11.910
  step 1550/1999 best 11.878
  step 1600/1999 best 11.915
  step 1650/1999 best 11.921
  step 1700/1999 best 11.862
  step 1750/1999 best 11.927
  step 1800/1999 best 11.828
  step 1850/1999 best 11.856
  step 1900/1999 best 11.918
  step 1950/1999 best 11.770
saved SBC_CHAINS_cnn_vmim__n1_jitter_seed_s0_sim843_row792327_noise7947_8126_8305 (240000, 4) acc=0.342
  step 0/1999 best -15.202
  step 50/1999 best -8.338
  step 100/1999 best 8.399
  step 150/1999 best 11.291
  step 200/1999 best 11.367
  step 250/1999 best 11.406
  step 300/1999 best 11.609
  step 350/1999 best 11.494
  step 400/1999 best 11.589
  step 450/1999 best 11.492
  step 500/1999 best 11.695
  step 550/1999 best 11.571
  step 600/1999 best 11.710
  step 650/1999 best 11.657
  step 700/1999 best 11.614
  step 750/1999 best 11.680
  step 800/1999 best 11.490
  step 850/1999 best 11.674
  step 900/1999 best 11.646
  step 950/1999 best 11.566
  step 1000/1999 best 11.558
  step 1050/1999 best 11.568
  step 1100/1999 best 11.443
  step 1150/1999 best 11.639
  step 1200/1999 best 11.738
  step 1250/1999 best 11.726
  step 1300/1999 best 11.600
  step 1350/1999 best 11.610
  step 1400/1999 best 11.684
  step 1450/1999 best 11.680
  step 1500/1999 best 11.644
  step 1550/1999 best 11.620
  step 1600/1999 best 11.738
  step 1650/1999 best 11.670
  step 1700/1999 best 11.701
  step 1750/1999 best 11.750
  step 1800/1999 best 11.536
  step 1850/1999 best 11.682
  step 1900/1999 best 11.605
  step 1950/1999 best 11.692
saved SBC_CHAINS_cnn_vmim__n1_jitter_seed_s0_sim2619_row2218389_noise5141_5320_5499 (240000, 4) acc=0.309
  step 0/1999 best -20.527
  step 50/1999 best -4.210
  step 100/1999 best 3.739
  step 150/1999 best 11.743
  step 200/1999 best 11.743
  step 250/1999 best 12.757
  step 300/1999 best 13.199
  step 350/1999 best 13.226
  step 400/1999 best 13.035
  step 450/1999 best 12.985
  step 500/1999 best 13.127
  step 550/1999 best 13.120
  step 600/1999 best 13.183
  step 650/1999 best 13.174
  step 700/1999 best 13.160
  step 750/1999 best 12.871
  step 800/1999 best 13.097
  step 850/1999 best 13.017
  step 900/1999 best 12.972
  step 950/1999 best 13.039
  step 1000/1999 best 13.058
  step 1050/1999 best 13.208
  step 1100/1999 best 13.106
  step 1150/1999 best 13.152
  step 1200/1999 best 13.210
  step 1250/1999 best 13.083
  step 1300/1999 best 13.159
  step 1350/1999 best 13.069
  step 1400/1999 best 12.857
  step 1450/1999 best 13.143
  step 1500/1999 best 13.019
  step 1550/1999 best 13.159
  step 1600/1999 best 13.224
  step 1650/1999 best 12.913
  step 1700/1999 best 13.043
  step 1750/1999 best 13.178
  step 1800/1999 best 13.024
  step 1850/1999 best 13.213
  step 1900/1999 best 13.023
  step 1950/1999 best 13.155
saved SBC_CHAINS_cnn_vmim__n1_jitter_seed_s0_sim416_row394718_noise3942_4121_4300 (240000, 4) acc=0.185
  step 0/1999 best -28.608
  step 50/1999 best 5.504
  step 100/1999 best 13.227
  step 150/1999 best 14.655
  step 200/1999 best 14.743
  step 250/1999 best 14.755
  step 300/1999 best 14.794
  step 350/1999 best 14.700
  step 400/1999 best 14.646
  step 450/1999 best 14.711
  step 500/1999 best 14.772
  step 550/1999 best 14.800
  step 600/1999 best 14.614
  step 650/1999 best 14.654
  step 700/1999 best 14.649
  step 750/1999 best 14.591
  step 800/1999 best 14.670
  step 850/1999 best 14.555
  step 900/1999 best 14.734
  step 950/1999 best 14.737
  step 1000/1999 best 14.768
  step 1050/1999 best 14.850
  step 1100/1999 best 14.696
  step 1150/1999 best 14.536
  step 1200/1999 best 14.714
  step 1250/1999 best 14.763
  step 1300/1999 best 14.786
  step 1350/1999 best 14.654
  step 1400/1999 best 14.790
  step 1450/1999 best 14.673
  step 1500/1999 best 14.739
  step 1550/1999 best 14.768
  step 1600/1999 best 14.650
  step 1650/1999 best 14.811
  step 1700/1999 best 14.719
  step 1750/1999 best 14.751
  step 1800/1999 best 14.676
  step 1850/1999 best 14.531
  step 1900/1999 best 14.850
  step 1950/1999 best 14.506
saved SBC_CHAINS_cnn_vmim__n1_jitter_seed_s0_sim265_row251403_noise47_226_405 (240000, 4) acc=0.213
  step 0/1999 best -16.197
  step 50/1999 best 3.847
  step 100/1999 best 6.774
  step 150/1999 best 15.396
  step 200/1999 best 14.913
  step 250/1999 best 14.959
  step 300/1999 best 15.250
  step 350/1999 best 15.375
  step 400/1999 best 15.370
  step 450/1999 best 15.343
  step 500/1999 best 15.350
  step 550/1999 best 15.278
  step 600/1999 best 15.409
  step 650/1999 best 15.220
  step 700/1999 best 15.478
  step 750/1999 best 15.387
  step 800/1999 best 15.273
  step 850/1999 best 15.300
  step 900/1999 best 15.395
  step 950/1999 best 15.398
  step 1000/1999 best 15.289
  step 1050/1999 best 15.358
  step 1100/1999 best 15.325
  step 1150/1999 best 15.305
  step 1200/1999 best 15.482
  step 1250/1999 best 15.260
  step 1300/1999 best 15.358
  step 1350/1999 best 15.376
  step 1400/1999 best 15.401
  step 1450/1999 best 15.488
  step 1500/1999 best 15.283
  step 1550/1999 best 15.444
  step 1600/1999 best 15.440
  step 1650/1999 best 15.287
  step 1700/1999 best 15.337
  step 1750/1999 best 15.508
  step 1800/1999 best 15.457
  step 1850/1999 best 15.482
  step 1900/1999 best 15.384
  step 1950/1999 best 15.388
saved SBC_CHAINS_cnn_vmim__n1_jitter_seed_s0_sim1449_row1231636_noise4920_5099_5278 (240000, 4) acc=0.271
  step 0/1999 best -19.001
  step 50/1999 best 0.436
  step 100/1999 best 9.349
  step 150/1999 best 12.871
  step 200/1999 best 13.940
  step 250/1999 best 14.343
  step 300/1999 best 14.295
  step 350/1999 best 14.295
  step 400/1999 best 14.278
  step 450/1999 best 14.402
  step 500/1999 best 14.317
  step 550/1999 best 14.423
  step 600/1999 best 14.455
  step 650/1999 best 14.406
  step 700/1999 best 14.407
  step 750/1999 best 14.437
  step 800/1999 best 14.486
  step 850/1999 best 14.351
  step 900/1999 best 14.395
  step 950/1999 best 14.465
  step 1000/1999 best 14.445
  step 1050/1999 best 14.435
  step 1100/1999 best 14.464
  step 1150/1999 best 14.405
  step 1200/1999 best 14.469
  step 1250/1999 best 14.454
  step 1300/1999 best 14.434
  step 1350/1999 best 14.335
  step 1400/1999 best 14.458
  step 1450/1999 best 14.369
  step 1500/1999 best 14.390
  step 1550/1999 best 14.443
  step 1600/1999 best 14.329
  step 1650/1999 best 14.468
  step 1700/1999 best 14.419
  step 1750/1999 best 14.498
  step 1800/1999 best 14.422
  step 1850/1999 best 14.339
  step 1900/1999 best 14.493
  step 1950/1999 best 14.395
saved SBC_CHAINS_cnn_vmim__n1_jitter_seed_s0_sim748_row697937_noise2009_2188_2367 (240000, 4) acc=0.379
  step 0/1999 best -17.551
  step 50/1999 best 5.243
  step 100/1999 best 7.439
  step 150/1999 best 7.581
  step 200/1999 best 8.475
  step 250/1999 best 8.565
  step 300/1999 best 8.475
  step 350/1999 best 8.515
  step 400/1999 best 8.634
  step 450/1999 best 8.359
  step 500/1999 best 8.586
  step 550/1999 best 8.618
  step 600/1999 best 8.591
  step 650/1999 best 8.542
  step 700/1999 best 8.581
  step 750/1999 best 8.507
  step 800/1999 best 8.633
  step 850/1999 best 8.632
  step 900/1999 best 8.706
  step 950/1999 best 8.673
  step 1000/1999 best 8.595
  step 1050/1999 best 8.652
  step 1100/1999 best 8.399
  step 1150/1999 best 8.435
  step 1200/1999 best 8.748
  step 1250/1999 best 8.523
  step 1300/1999 best 8.546
  step 1350/1999 best 8.436
  step 1400/1999 best 8.670
  step 1450/1999 best 8.578
  step 1500/1999 best 8.541
  step 1550/1999 best 8.436
  step 1600/1999 best 8.563
  step 1650/1999 best 8.434
  step 1700/1999 best 8.734
  step 1750/1999 best 8.746
  step 1800/1999 best 8.733
  step 1850/1999 best 8.595
  step 1900/1999 best 8.724
  step 1950/1999 best 8.531
saved SBC_CHAINS_cnn_vmim__n1_jitter_seed_s0_sim2635_row2234654_noise1750_1929_2108 (240000, 4) acc=0.166
  step 0/1999 best -11.297
  step 50/1999 best 5.460
  step 100/1999 best 7.312
  step 150/1999 best 9.028
  step 200/1999 best 9.085
  step 250/1999 best 9.459
  step 300/1999 best 9.409
  step 350/1999 best 9.437
  step 400/1999 best 9.401
  step 450/1999 best 9.378
  step 500/1999 best 9.313
  step 550/1999 best 9.366
  step 600/1999 best 9.359
  step 650/1999 best 9.431
  step 700/1999 best 9.397
  step 750/1999 best 9.382
  step 800/1999 best 9.407
  step 850/1999 best 9.406
  step 900/1999 best 9.443
  step 950/1999 best 9.372
  step 1000/1999 best 9.360
  step 1050/1999 best 9.344
  step 1100/1999 best 9.324
  step 1150/1999 best 9.395
  step 1200/1999 best 9.274
  step 1250/1999 best 9.358
  step 1300/1999 best 9.299
  step 1350/1999 best 9.294
  step 1400/1999 best 9.388
  step 1450/1999 best 9.460
  step 1500/1999 best 9.242
  step 1550/1999 best 9.316
  step 1600/1999 best 9.379
  step 1650/1999 best 9.351
  step 1700/1999 best 9.461
  step 1750/1999 best 9.380
  step 1800/1999 best 9.417
  step 1850/1999 best 9.356
  step 1900/1999 best 9.396
  step 1950/1999 best 9.428
saved SBC_CHAINS_cnn_vmim__n1_jitter_seed_s0_sim2935_row2530502_noise6758_6937_7116 (240000, 4) acc=0.427
  step 0/1999 best -19.228
  step 50/1999 best 2.196
  step 100/1999 best 8.964
  step 150/1999 best 11.802
  step 200/1999 best 13.437
  step 250/1999 best 14.659
  step 300/1999 best 14.801
  step 350/1999 best 14.442
  step 400/1999 best 14.781
  step 450/1999 best 14.758
  step 500/1999 best 14.805
  step 550/1999 best 14.680
  step 600/1999 best 14.612
  step 650/1999 best 14.782
  step 700/1999 best 14.727
  step 750/1999 best 14.749
  step 800/1999 best 14.773
  step 850/1999 best 14.719
  step 900/1999 best 14.732
  step 950/1999 best 14.587
  step 1000/1999 best 14.761
  step 1050/1999 best 14.750
  step 1100/1999 best 14.737
  step 1150/1999 best 14.715
  step 1200/1999 best 14.765
  step 1250/1999 best 14.785
  step 1300/1999 best 14.735
  step 1350/1999 best 14.653
  step 1400/1999 best 14.633
  step 1450/1999 best 14.730
  step 1500/1999 best 14.773
  step 1550/1999 best 14.808
  step 1600/1999 best 14.729
  step 1650/1999 best 14.629
  step 1700/1999 best 14.666
  step 1750/1999 best 14.668
  step 1800/1999 best 14.731
  step 1850/1999 best 14.819
  step 1900/1999 best 14.624
  step 1950/1999 best 14.753
saved SBC_CHAINS_cnn_vmim__n1_jitter_seed_s0_sim1436_row1218646_noise1758_1937_2116 (240000, 4) acc=0.218
  step 0/1999 best -17.683
  step 50/1999 best 8.605
  step 100/1999 best 11.541
  step 150/1999 best 11.638
  step 200/1999 best 12.503
  step 250/1999 best 12.608
  step 300/1999 best 12.706
  step 350/1999 best 12.652
  step 400/1999 best 12.664
  step 450/1999 best 12.713
  step 500/1999 best 12.585
  step 550/1999 best 12.599
  step 600/1999 best 12.781
  step 650/1999 best 12.717
  step 700/1999 best 12.701
  step 750/1999 best 12.750
  step 800/1999 best 12.639
  step 850/1999 best 12.731
  step 900/1999 best 12.681
  step 950/1999 best 12.522
  step 1000/1999 best 12.787
  step 1050/1999 best 12.742
  step 1100/1999 best 12.760
  step 1150/1999 best 12.587
  step 1200/1999 best 12.800
  step 1250/1999 best 12.650
  step 1300/1999 best 12.573
  step 1350/1999 best 12.657
  step 1400/1999 best 12.606
  step 1450/1999 best 12.697
  step 1500/1999 best 12.742
  step 1550/1999 best 12.768
  step 1600/1999 best 12.749
  step 1650/1999 best 12.627
  step 1700/1999 best 12.634
  step 1750/1999 best 12.774
  step 1800/1999 best 12.628
  step 1850/1999 best 12.692
  step 1900/1999 best 12.642
  step 1950/1999 best 12.596
saved SBC_CHAINS_cnn_vmim__n1_jitter_seed_s0_sim889_row838448_noise4928_5107_5286 (240000, 4) acc=0.344
  step 0/1999 best -12.019
  step 50/1999 best -1.407
  step 100/1999 best 2.396
  step 150/1999 best 3.623
  step 200/1999 best 7.792
  step 250/1999 best 11.017
  step 300/1999 best 12.982
  step 350/1999 best 13.315
  step 400/1999 best 13.486
  step 450/1999 best 12.933
  step 500/1999 best 13.414
  step 550/1999 best 13.453
  step 600/1999 best 13.522
  step 650/1999 best 13.605
  step 700/1999 best 13.464
  step 750/1999 best 13.502
  step 800/1999 best 13.552
  step 850/1999 best 13.615
  step 900/1999 best 13.584
  step 950/1999 best 13.406
  step 1000/1999 best 13.491
  step 1050/1999 best 13.619
  step 1100/1999 best 13.541
  step 1150/1999 best 13.562
  step 1200/1999 best 13.485
  step 1250/1999 best 13.500
  step 1300/1999 best 13.587
  step 1350/1999 best 13.419
  step 1400/1999 best 13.594
  step 1450/1999 best 13.502
  step 1500/1999 best 13.505
  step 1550/1999 best 13.558
  step 1600/1999 best 13.582
  step 1650/1999 best 13.536
  step 1700/1999 best 13.529
  step 1750/1999 best 13.640
  step 1800/1999 best 13.548
  step 1850/1999 best 13.545
  step 1900/1999 best 13.616
  step 1950/1999 best 13.562
saved SBC_CHAINS_cnn_vmim__n1_jitter_seed_s0_sim988_row937570_noise5770_5949_6128 (240000, 4) acc=0.199
  step 0/1999 best -21.312
  step 50/1999 best -6.168
  step 100/1999 best 2.951
  step 150/1999 best 10.435
  step 200/1999 best 12.091
  step 250/1999 best 12.127
  step 300/1999 best 12.191
  step 350/1999 best 12.019
  step 400/1999 best 12.195
  step 450/1999 best 12.110
  step 500/1999 best 12.310
  step 550/1999 best 12.133
  step 600/1999 best 12.244
  step 650/1999 best 12.103
  step 700/1999 best 12.224
  step 750/1999 best 12.235
  step 800/1999 best 12.109
  step 850/1999 best 12.175
  step 900/1999 best 12.239
  step 950/1999 best 12.178
  step 1000/1999 best 12.037
  step 1050/1999 best 11.926
  step 1100/1999 best 12.281
  step 1150/1999 best 12.271
  step 1200/1999 best 12.102
  step 1250/1999 best 12.286
  step 1300/1999 best 12.135
  step 1350/1999 best 12.183
  step 1400/1999 best 12.302
  step 1450/1999 best 12.220
  step 1500/1999 best 12.341
  step 1550/1999 best 12.281
  step 1600/1999 best 12.318
  step 1650/1999 best 12.064
  step 1700/1999 best 12.248
  step 1750/1999 best 12.268
  step 1800/1999 best 12.198
  step 1850/1999 best 12.289
  step 1900/1999 best 12.308
  step 1950/1999 best 12.291
saved SBC_CHAINS_cnn_vmim__n1_jitter_seed_s0_sim2353_row1953251_noise4359_4538_4717 (240000, 4) acc=0.204
  step 0/1999 best -22.067
  step 50/1999 best 5.522
  step 100/1999 best 12.771
  step 150/1999 best 13.188
  step 200/1999 best 11.885
  step 250/1999 best 13.585
  step 300/1999 best 13.435
  step 350/1999 best 13.414
  step 400/1999 best 13.641
  step 450/1999 best 13.679
  step 500/1999 best 13.643
  step 550/1999 best 13.796
  step 600/1999 best 13.714
  step 650/1999 best 13.711
  step 700/1999 best 13.642
  step 750/1999 best 13.727
  step 800/1999 best 13.750
  step 850/1999 best 13.691
  step 900/1999 best 13.798
  step 950/1999 best 13.675
  step 1000/1999 best 13.723
  step 1050/1999 best 13.711
  step 1100/1999 best 13.654
  step 1150/1999 best 13.572
  step 1200/1999 best 13.767
  step 1250/1999 best 13.746
  step 1300/1999 best 13.593
  step 1350/1999 best 13.724
  step 1400/1999 best 13.683
  step 1450/1999 best 13.615
  step 1500/1999 best 13.765
  step 1550/1999 best 13.607
  step 1600/1999 best 13.656
  step 1650/1999 best 13.618
  step 1700/1999 best 13.576
  step 1750/1999 best 13.796
  step 1800/1999 best 13.677
  step 1850/1999 best 13.655
  step 1900/1999 best 13.683
  step 1950/1999 best 13.679
saved SBC_CHAINS_cnn_vmim__n1_jitter_seed_s0_sim417_row395572_noise4796_4975_5154 (240000, 4) acc=0.217
  step 0/1999 best -18.745
  step 50/1999 best 0.316
  step 100/1999 best 5.874
  step 150/1999 best 9.733
  step 200/1999 best 11.350
  step 250/1999 best 11.812
  step 300/1999 best 11.700
  step 350/1999 best 11.638
  step 400/1999 best 11.588
  step 450/1999 best 11.478
  step 500/1999 best 11.828
  step 550/1999 best 11.767
  step 600/1999 best 11.804
  step 650/1999 best 11.867
  step 700/1999 best 11.908
  step 750/1999 best 11.628
  step 800/1999 best 11.757
  step 850/1999 best 11.832
  step 900/1999 best 11.777
  step 950/1999 best 11.803
  step 1000/1999 best 11.956
  step 1050/1999 best 11.625
  step 1100/1999 best 11.863
  step 1150/1999 best 11.808
  step 1200/1999 best 11.714
  step 1250/1999 best 11.784
  step 1300/1999 best 11.852
  step 1350/1999 best 11.821
  step 1400/1999 best 11.793
  step 1450/1999 best 11.887
  step 1500/1999 best 11.873
  step 1550/1999 best 11.609
  step 1600/1999 best 11.866
  step 1650/1999 best 11.890
  step 1700/1999 best 11.924
  step 1750/1999 best 11.700
  step 1800/1999 best 11.825
  step 1850/1999 best 11.932
  step 1900/1999 best 11.645
  step 1950/1999 best 11.873
saved SBC_CHAINS_cnn_vmim__n1_jitter_seed_s0_sim2012_row1623166_noise7254_7433_7612 (240000, 4) acc=0.156
  step 0/1999 best -24.547
  step 50/1999 best 6.164
  step 100/1999 best 12.767
  step 150/1999 best 12.913
  step 200/1999 best 13.103
  step 250/1999 best 13.142
  step 300/1999 best 12.865
  step 350/1999 best 13.090
  step 400/1999 best 12.866
  step 450/1999 best 13.058
  step 500/1999 best 13.050
  step 550/1999 best 13.144
  step 600/1999 best 13.163
  step 650/1999 best 13.182
  step 700/1999 best 13.052
  step 750/1999 best 13.035
  step 800/1999 best 13.171
  step 850/1999 best 13.159
  step 900/1999 best 13.013
  step 950/1999 best 13.078
  step 1000/1999 best 13.171
  step 1050/1999 best 13.034
  step 1100/1999 best 13.163
  step 1150/1999 best 13.088
  step 1200/1999 best 13.144
  step 1250/1999 best 13.097
  step 1300/1999 best 13.076
  step 1350/1999 best 12.986
  step 1400/1999 best 13.131
  step 1450/1999 best 13.023
  step 1500/1999 best 13.175
  step 1550/1999 best 13.111
  step 1600/1999 best 13.123
  step 1650/1999 best 13.094
  step 1700/1999 best 13.082
  step 1750/1999 best 13.082
  step 1800/1999 best 13.162
  step 1850/1999 best 13.161
  step 1900/1999 best 13.091
  step 1950/1999 best 13.135
saved SBC_CHAINS_cnn_vmim__n1_jitter_seed_s0_sim1753_row1506390_noise4006_4185_4364 (240000, 4) acc=0.372
  step 0/1999 best -27.718
  step 50/1999 best 9.137
  step 100/1999 best 11.947
  step 150/1999 best 13.767
  step 200/1999 best 13.811
  step 250/1999 best 13.754
  step 300/1999 best 13.799
  step 350/1999 best 13.909
  step 400/1999 best 13.758
  step 450/1999 best 13.872
  step 500/1999 best 13.867
  step 550/1999 best 13.786
  step 600/1999 best 13.903
  step 650/1999 best 13.898
  step 700/1999 best 13.856
  step 750/1999 best 13.885
  step 800/1999 best 13.766
  step 850/1999 best 13.860
  step 900/1999 best 13.945
  step 950/1999 best 13.803
  step 1000/1999 best 13.895
  step 1050/1999 best 13.912
  step 1100/1999 best 13.948
  step 1150/1999 best 13.844
  step 1200/1999 best 13.833
  step 1250/1999 best 13.802
  step 1300/1999 best 13.891
  step 1350/1999 best 13.926
  step 1400/1999 best 13.913
  step 1450/1999 best 13.833
  step 1500/1999 best 13.889
  step 1550/1999 best 13.931
  step 1600/1999 best 13.827
  step 1650/1999 best 13.917
  step 1700/1999 best 13.949
  step 1750/1999 best 13.861
  step 1800/1999 best 13.737
  step 1850/1999 best 13.856
  step 1900/1999 best 13.969
  step 1950/1999 best 13.778
saved SBC_CHAINS_cnn_vmim__n1_jitter_seed_s0_sim722_row671426_noise4982_5161_5340 (240000, 4) acc=0.372
  step 0/1999 best -20.517
  step 50/1999 best 1.388
  step 100/1999 best 7.779
  step 150/1999 best 12.365
  step 200/1999 best 13.515
  step 250/1999 best 13.311
  step 300/1999 best 13.683
  step 350/1999 best 13.543
  step 400/1999 best 13.432
  step 450/1999 best 13.584
  step 500/1999 best 13.633
  step 550/1999 best 13.593
  step 600/1999 best 13.617
  step 650/1999 best 13.583
  step 700/1999 best 13.503
  step 750/1999 best 13.578
  step 800/1999 best 13.625
  step 850/1999 best 13.480
  step 900/1999 best 13.617
  step 950/1999 best 13.668
  step 1000/1999 best 13.666
  step 1050/1999 best 13.657
  step 1100/1999 best 13.639
  step 1150/1999 best 13.506
  step 1200/1999 best 13.613
  step 1250/1999 best 13.531
  step 1300/1999 best 13.546
  step 1350/1999 best 13.516
  step 1400/1999 best 13.603
  step 1450/1999 best 13.525
  step 1500/1999 best 13.695
  step 1550/1999 best 13.695
  step 1600/1999 best 13.492
  step 1650/1999 best 13.615
  step 1700/1999 best 13.658
  step 1750/1999 best 13.567
  step 1800/1999 best 13.633
  step 1850/1999 best 13.521
  step 1900/1999 best 13.644
  step 1950/1999 best 13.415
saved SBC_CHAINS_cnn_vmim__n1_jitter_seed_s0_sim2049_row1659255_noise5031_5210_5389 (240000, 4) acc=0.207
  step 0/1999 best -16.346
  step 50/1999 best 10.206
  step 100/1999 best 13.073
  step 150/1999 best 14.076
  step 200/1999 best 14.092
  step 250/1999 best 14.111
  step 300/1999 best 14.300
  step 350/1999 best 14.273
  step 400/1999 best 14.352
  step 450/1999 best 14.191
  step 500/1999 best 14.317
  step 550/1999 best 14.268
  step 600/1999 best 14.170
  step 650/1999 best 14.284
  step 700/1999 best 14.178
  step 750/1999 best 14.173
  step 800/1999 best 14.234
  step 850/1999 best 14.257
  step 900/1999 best 14.302
  step 950/1999 best 14.242
  step 1000/1999 best 14.326
  step 1050/1999 best 14.243
  step 1100/1999 best 14.252
  step 1150/1999 best 14.138
  step 1200/1999 best 14.279
  step 1250/1999 best 14.345
  step 1300/1999 best 14.275
  step 1350/1999 best 14.349
  step 1400/1999 best 14.312
  step 1450/1999 best 14.240
  step 1500/1999 best 14.334
  step 1550/1999 best 14.291
  step 1600/1999 best 14.333
  step 1650/1999 best 14.298
  step 1700/1999 best 14.298
  step 1750/1999 best 14.246
  step 1800/1999 best 14.270
  step 1850/1999 best 14.177
  step 1900/1999 best 14.330
  step 1950/1999 best 14.239
saved SBC_CHAINS_cnn_vmim__n1_jitter_seed_s0_sim832_row781107_noise6555_6734_6913 (240000, 4) acc=0.396
  step 0/1999 best -21.845
  step 50/1999 best 2.720
  step 100/1999 best 10.200
  step 150/1999 best 13.429
  step 200/1999 best 13.633
  step 250/1999 best 13.843
  step 300/1999 best 13.915
  step 350/1999 best 14.099
  step 400/1999 best 14.130
  step 450/1999 best 14.071
  step 500/1999 best 14.171
  step 550/1999 best 14.138
  step 600/1999 best 14.150
  step 650/1999 best 14.174
  step 700/1999 best 14.102
  step 750/1999 best 13.891
  step 800/1999 best 14.222
  step 850/1999 best 14.084
  step 900/1999 best 14.099
  step 950/1999 best 14.121
  step 1000/1999 best 14.167
  step 1050/1999 best 14.181
  step 1100/1999 best 14.055
  step 1150/1999 best 14.156
  step 1200/1999 best 14.211
  step 1250/1999 best 14.022
  step 1300/1999 best 14.043
  step 1350/1999 best 14.067
  step 1400/1999 best 14.177
  step 1450/1999 best 14.195
  step 1500/1999 best 14.207
  step 1550/1999 best 14.239
  step 1600/1999 best 14.198
  step 1650/1999 best 14.154
  step 1700/1999 best 14.130
  step 1750/1999 best 14.095
  step 1800/1999 best 14.027
  step 1850/1999 best 14.216
  step 1900/1999 best 14.201
  step 1950/1999 best 14.202
saved SBC_CHAINS_cnn_vmim__n1_jitter_seed_s0_sim1730_row1483105_noise377_556_735 (240000, 4) acc=0.217
  step 0/1999 best -19.008
  step 50/1999 best -7.594
  step 100/1999 best 0.810
  step 150/1999 best 11.334
  step 200/1999 best 11.242
  step 250/1999 best 12.188
  step 300/1999 best 13.039
  step 350/1999 best 13.134
  step 400/1999 best 13.244
  step 450/1999 best 13.221
  step 500/1999 best 13.304
  step 550/1999 best 13.251
  step 600/1999 best 13.413
  step 650/1999 best 13.488
  step 700/1999 best 13.484
  step 750/1999 best 13.529
  step 800/1999 best 13.498
  step 850/1999 best 13.506
  step 900/1999 best 13.487
  step 950/1999 best 13.487
  step 1000/1999 best 13.510
  step 1050/1999 best 13.456
  step 1100/1999 best 13.488
  step 1150/1999 best 13.471
  step 1200/1999 best 13.470
  step 1250/1999 best 13.420
  step 1300/1999 best 13.542
  step 1350/1999 best 13.483
  step 1400/1999 best 13.407
  step 1450/1999 best 13.268
  step 1500/1999 best 13.359
  step 1550/1999 best 13.567
  step 1600/1999 best 13.419
  step 1650/1999 best 13.433
  step 1700/1999 best 13.410
  step 1750/1999 best 13.464
  step 1800/1999 best 13.487
  step 1850/1999 best 13.418
  step 1900/1999 best 13.354
  step 1950/1999 best 13.472
saved SBC_CHAINS_cnn_vmim__n1_jitter_seed_s0_sim964_row913340_noise1196_1375_1554 (240000, 4) acc=0.220
  step 0/1999 best -28.506
  step 50/1999 best 1.370
  step 100/1999 best 7.744
  step 150/1999 best 8.206
  step 200/1999 best 8.297
  step 250/1999 best 8.365
  step 300/1999 best 8.318
  step 350/1999 best 8.462
  step 400/1999 best 8.450
  step 450/1999 best 8.421
  step 500/1999 best 8.455
  step 550/1999 best 8.427
  step 600/1999 best 8.336
  step 650/1999 best 8.383
  step 700/1999 best 8.465
  step 750/1999 best 8.518
  step 800/1999 best 8.374
  step 850/1999 best 8.441
  step 900/1999 best 8.501
  step 950/1999 best 8.442
  step 1000/1999 best 8.466
  step 1050/1999 best 8.334
  step 1100/1999 best 8.420
  step 1150/1999 best 8.523
  step 1200/1999 best 8.391
  step 1250/1999 best 8.371
  step 1300/1999 best 8.387
  step 1350/1999 best 8.403
  step 1400/1999 best 8.271
  step 1450/1999 best 8.351
  step 1500/1999 best 8.525
  step 1550/1999 best 8.518
  step 1600/1999 best 8.489
  step 1650/1999 best 8.360
  step 1700/1999 best 8.421
  step 1750/1999 best 8.341
  step 1800/1999 best 8.331
  step 1850/1999 best 8.381
  step 1900/1999 best 8.301
  step 1950/1999 best 8.446
saved SBC_CHAINS_cnn_vmim__n1_jitter_seed_s0_sim3019_row2614420_noise2224_2403_2582 (240000, 4) acc=0.407
  step 0/1999 best -18.241
  step 50/1999 best -1.506
  step 100/1999 best 3.826
  step 150/1999 best 9.120
  step 200/1999 best 10.539
  step 250/1999 best 11.864
  step 300/1999 best 12.212
  step 350/1999 best 12.118
  step 400/1999 best 12.273
  step 450/1999 best 12.175
  step 500/1999 best 11.996
  step 550/1999 best 12.507
  step 600/1999 best 12.391
  step 650/1999 best 12.427
  step 700/1999 best 12.361
  step 750/1999 best 12.338
  step 800/1999 best 12.378
  step 850/1999 best 12.407
  step 900/1999 best 12.438
  step 950/1999 best 12.393
  step 1000/1999 best 12.263
  step 1050/1999 best 12.532
  step 1100/1999 best 12.421
  step 1150/1999 best 12.496
  step 1200/1999 best 12.436
  step 1250/1999 best 12.309
  step 1300/1999 best 12.470
  step 1350/1999 best 12.504
  step 1400/1999 best 12.396
  step 1450/1999 best 12.381
  step 1500/1999 best 12.331
  step 1550/1999 best 12.453
  step 1600/1999 best 12.465
  step 1650/1999 best 12.432
  step 1700/1999 best 12.407
  step 1750/1999 best 12.365
  step 1800/1999 best 12.285
  step 1850/1999 best 12.222
  step 1900/1999 best 12.500
  step 1950/1999 best 12.413
saved SBC_CHAINS_cnn_vmim__n1_jitter_seed_s0_sim993_row942205_noise577_756_935 (240000, 4) acc=0.225
  step 0/1999 best -14.615
  step 50/1999 best 3.277
  step 100/1999 best 11.332
  step 150/1999 best 12.703
  step 200/1999 best 12.775
  step 250/1999 best 12.683
  step 300/1999 best 12.762
  step 350/1999 best 12.742
  step 400/1999 best 12.794
  step 450/1999 best 12.728
  step 500/1999 best 12.649
  step 550/1999 best 12.742
  step 600/1999 best 12.696
  step 650/1999 best 12.618
  step 700/1999 best 12.637
  step 750/1999 best 12.751
  step 800/1999 best 12.703
  step 850/1999 best 12.747
  step 900/1999 best 12.810
  step 950/1999 best 12.767
  step 1000/1999 best 12.790
  step 1050/1999 best 12.647
  step 1100/1999 best 12.634
  step 1150/1999 best 12.717
  step 1200/1999 best 12.727
  step 1250/1999 best 12.759
  step 1300/1999 best 12.775
  step 1350/1999 best 12.813
  step 1400/1999 best 12.716
  step 1450/1999 best 12.776
  step 1500/1999 best 12.707
  step 1550/1999 best 12.782
  step 1600/1999 best 12.787
  step 1650/1999 best 12.731
  step 1700/1999 best 12.721
  step 1750/1999 best 12.740
  step 1800/1999 best 12.724
  step 1850/1999 best 12.803
  step 1900/1999 best 12.757
  step 1950/1999 best 12.753
saved SBC_CHAINS_cnn_vmim__n1_jitter_seed_s0_sim2991_row2586914_noise4202_4381_4560 (240000, 4) acc=0.416
  step 0/1999 best -14.931
  step 50/1999 best 3.407
  step 100/1999 best 9.311
  step 150/1999 best 13.455
  step 200/1999 best 13.654
  step 250/1999 best 13.730
  step 300/1999 best 13.896
  step 350/1999 best 13.868
  step 400/1999 best 13.886
  step 450/1999 best 13.894
  step 500/1999 best 14.030
  step 550/1999 best 13.948
  step 600/1999 best 13.910
  step 650/1999 best 13.821
  step 700/1999 best 13.933
  step 750/1999 best 13.853
  step 800/1999 best 13.946
  step 850/1999 best 13.785
  step 900/1999 best 13.948
  step 950/1999 best 14.052
  step 1000/1999 best 13.940
  step 1050/1999 best 13.886
  step 1100/1999 best 14.029
  step 1150/1999 best 13.918
  step 1200/1999 best 13.819
  step 1250/1999 best 14.028
  step 1300/1999 best 13.922
  step 1350/1999 best 13.916
  step 1400/1999 best 13.800
  step 1450/1999 best 14.009
  step 1500/1999 best 14.018
  step 1550/1999 best 13.992
  step 1600/1999 best 13.883
  step 1650/1999 best 13.858
  step 1700/1999 best 13.965
  step 1750/1999 best 13.697
  step 1800/1999 best 13.898
  step 1850/1999 best 13.853
  step 1900/1999 best 13.965
  step 1950/1999 best 13.957
saved SBC_CHAINS_cnn_vmim__n1_jitter_seed_s0_sim2073_row1683333_noise9453_9632_9811 (240000, 4) acc=0.259
  step 0/1999 best -27.655
  step 50/1999 best -6.857
  step 100/1999 best 4.356
  step 150/1999 best 10.006
  step 200/1999 best 11.782
  step 250/1999 best 12.916
  step 300/1999 best 13.265
  step 350/1999 best 13.322
  step 400/1999 best 13.295
  step 450/1999 best 13.428
  step 500/1999 best 13.376
  step 550/1999 best 13.495
  step 600/1999 best 13.547
  step 650/1999 best 13.533
  step 700/1999 best 13.465
  step 750/1999 best 13.497
  step 800/1999 best 13.309
  step 850/1999 best 13.455
  step 900/1999 best 13.424
  step 950/1999 best 13.496
  step 1000/1999 best 13.479
  step 1050/1999 best 13.531
  step 1100/1999 best 13.555
  step 1150/1999 best 13.475
  step 1200/1999 best 13.405
  step 1250/1999 best 13.479
  step 1300/1999 best 13.480
  step 1350/1999 best 13.494
  step 1400/1999 best 13.375
  step 1450/1999 best 13.539
  step 1500/1999 best 13.405
  step 1550/1999 best 13.493
  step 1600/1999 best 13.469
  step 1650/1999 best 13.486
  step 1700/1999 best 13.508
  step 1750/1999 best 13.518
  step 1800/1999 best 13.467
  step 1850/1999 best 13.486
  step 1900/1999 best 13.538
  step 1950/1999 best 13.524
saved SBC_CHAINS_cnn_vmim__n1_jitter_seed_s0_sim670_row621697_noise2393_2572_2751 (240000, 4) acc=0.341
  step 0/1999 best -15.823
  step 50/1999 best 1.757
  step 100/1999 best 5.060
  step 150/1999 best 4.861
  step 200/1999 best 5.066
  step 250/1999 best 5.368
  step 300/1999 best 5.387
  step 350/1999 best 5.229
  step 400/1999 best 5.302
  step 450/1999 best 5.424
  step 500/1999 best 5.416
  step 550/1999 best 5.294
  step 600/1999 best 5.279
  step 650/1999 best 5.257
  step 700/1999 best 5.282
  step 750/1999 best 5.421
  step 800/1999 best 5.258
  step 850/1999 best 5.378
  step 900/1999 best 5.169
  step 950/1999 best 5.345
  step 1000/1999 best 5.406
  step 1050/1999 best 5.423
  step 1100/1999 best 5.358
  step 1150/1999 best 5.222
  step 1200/1999 best 5.426
  step 1250/1999 best 5.413
  step 1300/1999 best 5.324
  step 1350/1999 best 5.354
  step 1400/1999 best 5.296
  step 1450/1999 best 5.397
  step 1500/1999 best 5.369
  step 1550/1999 best 5.349
  step 1600/1999 best 5.285
  step 1650/1999 best 5.320
  step 1700/1999 best 5.346
  step 1750/1999 best 5.397
  step 1800/1999 best 5.289
  step 1850/1999 best 5.397
  step 1900/1999 best 5.366
  step 1950/1999 best 5.361
saved SBC_CHAINS_cnn_vmim__n1_jitter_seed_s0_sim2869_row2464627_noise9679_30_209 (240000, 4) acc=0.441
  step 0/1999 best -24.582
  step 50/1999 best 7.531
  step 100/1999 best 11.673
  step 150/1999 best 13.947
  step 200/1999 best 14.414
  step 250/1999 best 14.291
  step 300/1999 best 14.261
  step 350/1999 best 14.358
  step 400/1999 best 14.440
  step 450/1999 best 14.405
  step 500/1999 best 14.378
  step 550/1999 best 14.390
  step 600/1999 best 14.308
  step 650/1999 best 14.305
  step 700/1999 best 14.344
  step 750/1999 best 14.361
  step 800/1999 best 14.307
  step 850/1999 best 14.329
  step 900/1999 best 14.331
  step 950/1999 best 14.401
  step 1000/1999 best 14.280
  step 1050/1999 best 14.340
  step 1100/1999 best 14.374
  step 1150/1999 best 14.245
  step 1200/1999 best 14.273
  step 1250/1999 best 14.397
  step 1300/1999 best 14.373
  step 1350/1999 best 14.413
  step 1400/1999 best 14.237
  step 1450/1999 best 14.342
  step 1500/1999 best 14.256
  step 1550/1999 best 14.390
  step 1600/1999 best 14.320
  step 1650/1999 best 14.250
  step 1700/1999 best 14.233
  step 1750/1999 best 14.283
  step 1800/1999 best 14.281
  step 1850/1999 best 14.299
  step 1900/1999 best 14.240
  step 1950/1999 best 14.398
saved SBC_CHAINS_cnn_vmim__n1_jitter_seed_s0_sim1345_row1154721_noise9113_9292_9471 (240000, 4) acc=0.237
  step 0/1999 best -24.244
  step 50/1999 best 9.673
  step 100/1999 best 13.420
  step 150/1999 best 13.372
  step 200/1999 best 11.916
  step 250/1999 best 13.510
  step 300/1999 best 13.301
  step 350/1999 best 13.423
  step 400/1999 best 13.728
  step 450/1999 best 13.759
  step 500/1999 best 13.608
  step 550/1999 best 13.641
  step 600/1999 best 13.571
  step 650/1999 best 13.685
  step 700/1999 best 13.658
  step 750/1999 best 13.721
  step 800/1999 best 13.684
  step 850/1999 best 13.823
  step 900/1999 best 13.649
  step 950/1999 best 13.730
  step 1000/1999 best 13.753
  step 1050/1999 best 13.767
  step 1100/1999 best 13.757
  step 1150/1999 best 13.688
  step 1200/1999 best 13.827
  step 1250/1999 best 13.752
  step 1300/1999 best 13.686
  step 1350/1999 best 13.814
  step 1400/1999 best 13.760
  step 1450/1999 best 13.837
  step 1500/1999 best 13.781
  step 1550/1999 best 13.707
  step 1600/1999 best 13.733
  step 1650/1999 best 13.731
  step 1700/1999 best 13.767
  step 1750/1999 best 13.712
  step 1800/1999 best 13.774
  step 1850/1999 best 13.795
  step 1900/1999 best 13.751
  step 1950/1999 best 13.805
saved SBC_CHAINS_cnn_vmim__n1_jitter_seed_s0_sim796_row745695_noise627_806_985 (240000, 4) acc=0.252
  step 0/1999 best -25.783
  step 50/1999 best 8.717
  step 100/1999 best 8.340
  step 150/1999 best 10.895
  step 200/1999 best 11.003
  step 250/1999 best 11.139
  step 300/1999 best 11.245
  step 350/1999 best 11.177
  step 400/1999 best 11.067
  step 450/1999 best 11.097
  step 500/1999 best 11.038
  step 550/1999 best 11.195
  step 600/1999 best 11.203
  step 650/1999 best 11.091
  step 700/1999 best 11.115
  step 750/1999 best 11.217
  step 800/1999 best 11.241
  step 850/1999 best 11.144
  step 900/1999 best 11.198
  step 950/1999 best 11.117
  step 1000/1999 best 11.214
  step 1050/1999 best 11.210
  step 1100/1999 best 11.219
  step 1150/1999 best 11.238
  step 1200/1999 best 11.203
  step 1250/1999 best 11.084
  step 1300/1999 best 11.242
  step 1350/1999 best 11.148
  step 1400/1999 best 11.130
  step 1450/1999 best 11.132
  step 1500/1999 best 11.222
  step 1550/1999 best 11.133
  step 1600/1999 best 11.113
  step 1650/1999 best 11.147
  step 1700/1999 best 11.193
  step 1750/1999 best 11.199
  step 1800/1999 best 11.115
  step 1850/1999 best 11.146
  step 1900/1999 best 11.022
  step 1950/1999 best 11.063
saved SBC_CHAINS_cnn_vmim__n1_jitter_seed_s0_sim3073_row2668451_noise7115_7294_7473 (240000, 4) acc=0.412
  step 0/1999 best -27.760
  step 50/1999 best -1.781
  step 100/1999 best 10.332
  step 150/1999 best 11.058
  step 200/1999 best 11.218
  step 250/1999 best 11.176
  step 300/1999 best 11.300
  step 350/1999 best 11.173
  step 400/1999 best 11.139
  step 450/1999 best 11.257
  step 500/1999 best 11.160
  step 550/1999 best 11.227
  step 600/1999 best 11.313
  step 650/1999 best 11.302
  step 700/1999 best 11.437
  step 750/1999 best 11.361
  step 800/1999 best 11.183
  step 850/1999 best 11.430
  step 900/1999 best 11.235
  step 950/1999 best 11.439
  step 1000/1999 best 11.372
  step 1050/1999 best 11.351
  step 1100/1999 best 11.183
  step 1150/1999 best 11.297
  step 1200/1999 best 11.357
  step 1250/1999 best 11.173
  step 1300/1999 best 11.282
  step 1350/1999 best 11.105
  step 1400/1999 best 11.452
  step 1450/1999 best 11.298
  step 1500/1999 best 11.226
  step 1550/1999 best 11.425
  step 1600/1999 best 11.350
  step 1650/1999 best 11.309
  step 1700/1999 best 11.307
  step 1750/1999 best 11.306
  step 1800/1999 best 11.383
  step 1850/1999 best 11.348
  step 1900/1999 best 11.371
  step 1950/1999 best 11.268
saved SBC_CHAINS_cnn_vmim__n1_jitter_seed_s0_sim2077_row1687884_noise4176_4355_4534 (240000, 4) acc=0.204
  step 0/1999 best -5.150
  step 50/1999 best -1.946
  step 100/1999 best 7.303
  step 150/1999 best 11.177
  step 200/1999 best 12.414
  step 250/1999 best 12.720
  step 300/1999 best 12.763
  step 350/1999 best 12.763
  step 400/1999 best 12.659
  step 450/1999 best 12.861
  step 500/1999 best 12.829
  step 550/1999 best 12.923
  step 600/1999 best 12.771
  step 650/1999 best 12.992
  step 700/1999 best 12.925
  step 750/1999 best 12.884
  step 800/1999 best 12.942
  step 850/1999 best 12.911
  step 900/1999 best 12.847
  step 950/1999 best 12.994
  step 1000/1999 best 12.998
  step 1050/1999 best 12.775
  step 1100/1999 best 12.976
  step 1150/1999 best 12.931
  step 1200/1999 best 12.978
  step 1250/1999 best 12.961
  step 1300/1999 best 13.006
  step 1350/1999 best 12.787
  step 1400/1999 best 12.933
  step 1450/1999 best 12.946
  step 1500/1999 best 12.916
  step 1550/1999 best 12.880
  step 1600/1999 best 12.768
  step 1650/1999 best 12.986
  step 1700/1999 best 12.786
  step 1750/1999 best 12.915
  step 1800/1999 best 12.834
  step 1850/1999 best 12.848
  step 1900/1999 best 12.963
  step 1950/1999 best 13.012
saved SBC_CHAINS_cnn_vmim__n1_jitter_seed_s0_sim410_row388612_noise7664_7843_8022 (240000, 4) acc=0.190
  step 0/1999 best -16.664
  step 50/1999 best 5.497
  step 100/1999 best 9.098
  step 150/1999 best 10.455
  step 200/1999 best 10.174
  step 250/1999 best 10.585
  step 300/1999 best 10.895
  step 350/1999 best 10.884
  step 400/1999 best 10.743
  step 450/1999 best 10.729
  step 500/1999 best 10.943
  step 550/1999 best 10.834
  step 600/1999 best 10.847
  step 650/1999 best 10.887
  step 700/1999 best 10.879
  step 750/1999 best 10.889
  step 800/1999 best 10.904
  step 850/1999 best 10.888
  step 900/1999 best 10.727
  step 950/1999 best 10.913
  step 1000/1999 best 10.777
  step 1050/1999 best 10.908
  step 1100/1999 best 10.714
  step 1150/1999 best 10.945
  step 1200/1999 best 10.792
  step 1250/1999 best 10.944
  step 1300/1999 best 10.796
  step 1350/1999 best 10.742
  step 1400/1999 best 10.818
  step 1450/1999 best 10.924
  step 1500/1999 best 10.814
  step 1550/1999 best 10.966
  step 1600/1999 best 10.868
  step 1650/1999 best 10.841
  step 1700/1999 best 10.807
  step 1750/1999 best 10.756
  step 1800/1999 best 10.818
  step 1850/1999 best 10.902
  step 1900/1999 best 10.875
  step 1950/1999 best 10.840
saved SBC_CHAINS_cnn_vmim__n1_jitter_seed_s0_sim2612_row2211759_noise8339_8518_8697 (240000, 4) acc=0.272
  step 0/1999 best -31.326
  step 50/1999 best 8.371
  step 100/1999 best 11.350
  step 150/1999 best 11.585
  step 200/1999 best 11.560
  step 250/1999 best 11.581
  step 300/1999 best 11.568
  step 350/1999 best 11.443
  step 400/1999 best 11.586
  step 450/1999 best 11.557
  step 500/1999 best 11.607
  step 550/1999 best 11.547
  step 600/1999 best 11.311
  step 650/1999 best 11.595
  step 700/1999 best 11.598
  step 750/1999 best 11.430
  step 800/1999 best 11.480
  step 850/1999 best 11.639
  step 900/1999 best 11.532
  step 950/1999 best 11.636
  step 1000/1999 best 11.592
  step 1050/1999 best 11.555
  step 1100/1999 best 11.605
  step 1150/1999 best 11.547
  step 1200/1999 best 11.570
  step 1250/1999 best 11.646
  step 1300/1999 best 11.569
  step 1350/1999 best 11.514
  step 1400/1999 best 11.541
  step 1450/1999 best 11.619
  step 1500/1999 best 11.572
  step 1550/1999 best 11.600
  step 1600/1999 best 11.524
  step 1650/1999 best 11.463
  step 1700/1999 best 11.584
  step 1750/1999 best 11.550
  step 1800/1999 best 11.495
  step 1850/1999 best 11.578
  step 1900/1999 best 11.514
  step 1950/1999 best 11.594
saved SBC_CHAINS_cnn_vmim__n1_jitter_seed_s0_sim751_row700080_noise4152_4331_4510 (240000, 4) acc=0.432
  step 0/1999 best -27.350
  step 50/1999 best 4.311
  step 100/1999 best 9.306
  step 150/1999 best 10.026
  step 200/1999 best 10.042
  step 250/1999 best 10.053
  step 300/1999 best 10.069
  step 350/1999 best 10.057
  step 400/1999 best 10.078
  step 450/1999 best 9.922
  step 500/1999 best 9.950
  step 550/1999 best 9.966
  step 600/1999 best 10.070
  step 650/1999 best 9.996
  step 700/1999 best 9.984
  step 750/1999 best 10.039
  step 800/1999 best 10.073
  step 850/1999 best 10.046
  step 900/1999 best 10.007
  step 950/1999 best 9.960
  step 1000/1999 best 10.058
  step 1050/1999 best 9.989
  step 1100/1999 best 9.973
  step 1150/1999 best 9.935
  step 1200/1999 best 10.073
  step 1250/1999 best 9.991
  step 1300/1999 best 10.015
  step 1350/1999 best 10.067
  step 1400/1999 best 9.979
  step 1450/1999 best 10.035
  step 1500/1999 best 10.069
  step 1550/1999 best 10.039
  step 1600/1999 best 10.087
  step 1650/1999 best 10.046
  step 1700/1999 best 10.071
  step 1750/1999 best 9.965
  step 1800/1999 best 10.069
  step 1850/1999 best 10.018
  step 1900/1999 best 9.939
  step 1950/1999 best 10.044
saved SBC_CHAINS_cnn_vmim__n1_jitter_seed_s0_sim3020_row2615747_noise3551_3730_3909 (240000, 4) acc=0.443
  step 0/1999 best -9.510
  step 50/1999 best 0.305
  step 100/1999 best 10.447
  step 150/1999 best 14.159
  step 200/1999 best 14.288
  step 250/1999 best 14.583
  step 300/1999 best 14.592
  step 350/1999 best 14.436
  step 400/1999 best 14.409
  step 450/1999 best 14.565
  step 500/1999 best 14.438
  step 550/1999 best 14.400
  step 600/1999 best 14.522
  step 650/1999 best 14.567
  step 700/1999 best 14.571
  step 750/1999 best 14.631
  step 800/1999 best 14.633
  step 850/1999 best 14.490
  step 900/1999 best 14.578
  step 950/1999 best 14.652
  step 1000/1999 best 14.706
  step 1050/1999 best 14.500
  step 1100/1999 best 14.613
  step 1150/1999 best 14.395
  step 1200/1999 best 14.608
  step 1250/1999 best 14.578
  step 1300/1999 best 14.618
  step 1350/1999 best 14.581
  step 1400/1999 best 14.565
  step 1450/1999 best 14.585
  step 1500/1999 best 14.695
  step 1550/1999 best 14.699
  step 1600/1999 best 14.327
  step 1650/1999 best 14.680
  step 1700/1999 best 14.587
  step 1750/1999 best 14.556
  step 1800/1999 best 14.630
  step 1850/1999 best 14.478
  step 1900/1999 best 14.489
  step 1950/1999 best 14.672
saved SBC_CHAINS_cnn_vmim__n1_jitter_seed_s0_sim248_row234566_noise2866_3045_3224 (240000, 4) acc=0.189
  step 0/1999 best -24.350
  step 50/1999 best -3.318
  step 100/1999 best 9.981
  step 150/1999 best 10.801
  step 200/1999 best 10.777
  step 250/1999 best 10.659
  step 300/1999 best 10.821
  step 350/1999 best 10.840
  step 400/1999 best 10.763
  step 450/1999 best 10.688
  step 500/1999 best 10.878
  step 550/1999 best 10.735
  step 600/1999 best 10.816
  step 650/1999 best 10.903
  step 700/1999 best 10.830
  step 750/1999 best 10.671
  step 800/1999 best 10.843
  step 850/1999 best 10.794
  step 900/1999 best 10.844
  step 950/1999 best 10.822
  step 1000/1999 best 10.866
  step 1050/1999 best 10.865
  step 1100/1999 best 10.879
  step 1150/1999 best 10.882
  step 1200/1999 best 10.871
  step 1250/1999 best 10.826
  step 1300/1999 best 10.891
  step 1350/1999 best 10.879
  step 1400/1999 best 10.702
  step 1450/1999 best 10.867
  step 1500/1999 best 10.919
  step 1550/1999 best 10.764
  step 1600/1999 best 10.798
  step 1650/1999 best 10.891
  step 1700/1999 best 10.828
  step 1750/1999 best 10.869
  step 1800/1999 best 10.683
  step 1850/1999 best 10.875
  step 1900/1999 best 10.838
  step 1950/1999 best 10.630
saved SBC_CHAINS_cnn_vmim__n1_jitter_seed_s0_sim2828_row2423819_noise8183_8362_8541 (240000, 4) acc=0.370
  step 0/1999 best -23.306
  step 50/1999 best -1.095
  step 100/1999 best 10.154
  step 150/1999 best 13.610
  step 200/1999 best 13.650
  step 250/1999 best 14.605
  step 300/1999 best 14.584
  step 350/1999 best 14.389
  step 400/1999 best 14.436
  step 450/1999 best 14.527
  step 500/1999 best 14.603
  step 550/1999 best 14.670
  step 600/1999 best 14.648
  step 650/1999 best 14.596
  step 700/1999 best 14.508
  step 750/1999 best 14.499
  step 800/1999 best 14.560
  step 850/1999 best 14.525
  step 900/1999 best 14.657
  step 950/1999 best 14.561
  step 1000/1999 best 14.658
  step 1050/1999 best 14.484
  step 1100/1999 best 14.505
  step 1150/1999 best 14.460
  step 1200/1999 best 14.515
  step 1250/1999 best 14.612
  step 1300/1999 best 14.611
  step 1350/1999 best 14.554
  step 1400/1999 best 14.621
  step 1450/1999 best 14.559
  step 1500/1999 best 14.570
  step 1550/1999 best 14.633
  step 1600/1999 best 14.619
  step 1650/1999 best 14.564
  step 1700/1999 best 14.566
  step 1750/1999 best 14.456
  step 1800/1999 best 14.503
  step 1850/1999 best 14.547
  step 1900/1999 best 14.537
  step 1950/1999 best 14.621
saved SBC_CHAINS_cnn_vmim__n1_jitter_seed_s0_sim1972_row1583816_noise7216_7395_7574 (240000, 4) acc=0.257
  step 0/1999 best -26.159
  step 50/1999 best 2.832
  step 100/1999 best 11.815
  step 150/1999 best 12.539
  step 200/1999 best 12.793
  step 250/1999 best 12.798
  step 300/1999 best 12.804
  step 350/1999 best 12.658
  step 400/1999 best 12.819
  step 450/1999 best 12.745
  step 500/1999 best 12.693
  step 550/1999 best 12.810
  step 600/1999 best 12.740
  step 650/1999 best 12.846
  step 700/1999 best 12.826
  step 750/1999 best 12.746
  step 800/1999 best 12.708
  step 850/1999 best 12.717
  step 900/1999 best 12.782
  step 950/1999 best 12.822
  step 1000/1999 best 12.806
  step 1050/1999 best 12.721
  step 1100/1999 best 12.662
  step 1150/1999 best 12.760
  step 1200/1999 best 12.772
  step 1250/1999 best 12.702
  step 1300/1999 best 12.772
  step 1350/1999 best 12.827
  step 1400/1999 best 12.764
  step 1450/1999 best 12.638
  step 1500/1999 best 12.782
  step 1550/1999 best 12.816
  step 1600/1999 best 12.777
  step 1650/1999 best 12.586
  step 1700/1999 best 12.781
  step 1750/1999 best 12.742
  step 1800/1999 best 12.775
  step 1850/1999 best 12.638
  step 1900/1999 best 12.815
  step 1950/1999 best 12.811
saved SBC_CHAINS_cnn_vmim__n1_jitter_seed_s0_sim805_row754344_noise9276_9455_9634 (240000, 4) acc=0.445
  step 0/1999 best -23.884
  step 50/1999 best 8.965
  step 100/1999 best 14.937
  step 150/1999 best 14.930
  step 200/1999 best 14.986
  step 250/1999 best 15.036
  step 300/1999 best 15.078
  step 350/1999 best 15.073
  step 400/1999 best 15.081
  step 450/1999 best 14.987
  step 500/1999 best 15.016
  step 550/1999 best 15.128
  step 600/1999 best 15.097
  step 650/1999 best 14.991
  step 700/1999 best 15.076
  step 750/1999 best 15.042
  step 800/1999 best 14.928
  step 850/1999 best 14.964
  step 900/1999 best 15.010
  step 950/1999 best 15.031
  step 1000/1999 best 15.084
  step 1050/1999 best 15.028
  step 1100/1999 best 14.909
  step 1150/1999 best 15.048
  step 1200/1999 best 15.041
  step 1250/1999 best 14.820
  step 1300/1999 best 15.115
  step 1350/1999 best 15.086
  step 1400/1999 best 15.024
  step 1450/1999 best 15.068
  step 1500/1999 best 15.098
  step 1550/1999 best 15.083
  step 1600/1999 best 14.987
  step 1650/1999 best 14.928
  step 1700/1999 best 15.061
  step 1750/1999 best 15.050
  step 1800/1999 best 15.052
  step 1850/1999 best 15.091
  step 1900/1999 best 15.063
  step 1950/1999 best 15.071
saved SBC_CHAINS_cnn_vmim__n1_jitter_seed_s0_sim735_row684548_noise8276_8455_8634 (240000, 4) acc=0.467
  step 0/1999 best -21.814
  step 50/1999 best 7.971
  step 100/1999 best 11.218
  step 150/1999 best 11.369
  step 200/1999 best 11.812
  step 250/1999 best 11.865
  step 300/1999 best 11.867
  step 350/1999 best 11.667
  step 400/1999 best 11.870
  step 450/1999 best 11.919
  step 500/1999 best 11.832
  step 550/1999 best 11.853
  step 600/1999 best 11.839
  step 650/1999 best 11.839
  step 700/1999 best 11.853
  step 750/1999 best 11.894
  step 800/1999 best 11.792
  step 850/1999 best 11.867
  step 900/1999 best 11.804
  step 950/1999 best 11.866
  step 1000/1999 best 11.869
  step 1050/1999 best 11.812
  step 1100/1999 best 11.714
  step 1150/1999 best 11.812
  step 1200/1999 best 11.869
  step 1250/1999 best 11.930
  step 1300/1999 best 11.727
  step 1350/1999 best 11.819
  step 1400/1999 best 11.902
  step 1450/1999 best 11.820
  step 1500/1999 best 11.925
  step 1550/1999 best 11.943
  step 1600/1999 best 11.742
  step 1650/1999 best 11.807
  step 1700/1999 best 11.730
  step 1750/1999 best 11.773
  step 1800/1999 best 11.692
  step 1850/1999 best 11.933
  step 1900/1999 best 11.715
  step 1950/1999 best 11.756
saved SBC_CHAINS_cnn_vmim__n1_jitter_seed_s0_sim967_row916844_noise4700_4879_5058 (240000, 4) acc=0.345
  step 0/1999 best -15.486
  step 50/1999 best 7.128
  step 100/1999 best 7.128
  step 150/1999 best 11.312
  step 200/1999 best 12.135
  step 250/1999 best 14.460
  step 300/1999 best 14.032
  step 350/1999 best 14.427
  step 400/1999 best 14.641
  step 450/1999 best 14.525
  step 500/1999 best 14.530
  step 550/1999 best 14.338
  step 600/1999 best 14.665
  step 650/1999 best 14.491
  step 700/1999 best 14.598
  step 750/1999 best 14.561
  step 800/1999 best 14.541
  step 850/1999 best 14.664
  step 900/1999 best 14.456
  step 950/1999 best 14.591
  step 1000/1999 best 14.580
  step 1050/1999 best 14.648
  step 1100/1999 best 14.506
  step 1150/1999 best 14.559
  step 1200/1999 best 14.558
  step 1250/1999 best 14.487
  step 1300/1999 best 14.679
  step 1350/1999 best 14.472
  step 1400/1999 best 14.424
  step 1450/1999 best 14.566
  step 1500/1999 best 14.605
  step 1550/1999 best 14.648
  step 1600/1999 best 14.411
  step 1650/1999 best 14.674
  step 1700/1999 best 14.637
  step 1750/1999 best 14.613
  step 1800/1999 best 14.686
  step 1850/1999 best 14.676
  step 1900/1999 best 14.538
  step 1950/1999 best 14.695
saved SBC_CHAINS_cnn_vmim__n1_jitter_seed_s0_sim2074_row1684466_noise758_937_1116 (240000, 4) acc=0.197
  step 0/1999 best -21.472
  step 50/1999 best 7.060
  step 100/1999 best 9.094
  step 150/1999 best 14.211
  step 200/1999 best 15.115
  step 250/1999 best 14.902
  step 300/1999 best 15.100
  step 350/1999 best 14.870
  step 400/1999 best 14.888
  step 450/1999 best 15.067
  step 500/1999 best 15.129
  step 550/1999 best 15.056
  step 600/1999 best 14.804
  step 650/1999 best 15.044
  step 700/1999 best 15.100
  step 750/1999 best 14.983
  step 800/1999 best 14.949
  step 850/1999 best 14.996
  step 900/1999 best 15.133
  step 950/1999 best 15.022
  step 1000/1999 best 15.069
  step 1050/1999 best 15.142
  step 1100/1999 best 15.071
  step 1150/1999 best 15.045
  step 1200/1999 best 15.080
  step 1250/1999 best 15.090
  step 1300/1999 best 15.059
  step 1350/1999 best 15.149
  step 1400/1999 best 15.015
  step 1450/1999 best 15.062
  step 1500/1999 best 14.997
  step 1550/1999 best 15.067
  step 1600/1999 best 15.135
  step 1650/1999 best 15.052
  step 1700/1999 best 15.088
  step 1750/1999 best 14.824
  step 1800/1999 best 15.054
  step 1850/1999 best 14.960
  step 1900/1999 best 15.118
  step 1950/1999 best 15.121
saved SBC_CHAINS_cnn_vmim__n1_jitter_seed_s0_sim213_row199026_noise6638_6817_6996 (240000, 4) acc=0.270
  step 0/1999 best -17.693
  step 50/1999 best 1.494
  step 100/1999 best 4.262
  step 150/1999 best 8.909
  step 200/1999 best 12.198
  step 250/1999 best 9.721
  step 300/1999 best 11.738
  step 350/1999 best 12.395
  step 400/1999 best 13.979
  step 450/1999 best 14.113
  step 500/1999 best 14.460
  step 550/1999 best 13.987
  step 600/1999 best 14.485
  step 650/1999 best 14.625
  step 700/1999 best 14.433
  step 750/1999 best 14.581
  step 800/1999 best 14.743
  step 850/1999 best 14.706
  step 900/1999 best 14.616
  step 950/1999 best 14.620
  step 1000/1999 best 14.493
  step 1050/1999 best 14.503
  step 1100/1999 best 14.678
  step 1150/1999 best 14.506
  step 1200/1999 best 14.557
  step 1250/1999 best 14.575
  step 1300/1999 best 14.767
  step 1350/1999 best 14.480
  step 1400/1999 best 14.747
  step 1450/1999 best 14.714
  step 1500/1999 best 14.523
  step 1550/1999 best 14.594
  step 1600/1999 best 14.640
  step 1650/1999 best 14.675
  step 1700/1999 best 14.692
  step 1750/1999 best 14.568
  step 1800/1999 best 14.646
  step 1850/1999 best 14.579
  step 1900/1999 best 14.530
  step 1950/1999 best 14.665
saved SBC_CHAINS_cnn_vmim__n1_jitter_seed_s0_sim430_row408512_noise7908_8087_8266 (240000, 4) acc=0.204
  step 0/1999 best -25.138
  step 50/1999 best -2.173
  step 100/1999 best 4.678
  step 150/1999 best 9.298
  step 200/1999 best 9.074
  step 250/1999 best 10.107
  step 300/1999 best 10.412
  step 350/1999 best 10.143
  step 400/1999 best 10.460
  step 450/1999 best 10.361
  step 500/1999 best 10.395
  step 550/1999 best 10.476
  step 600/1999 best 10.311
  step 650/1999 best 10.519
  step 700/1999 best 10.487
  step 750/1999 best 10.429
  step 800/1999 best 10.528
  step 850/1999 best 10.539
  step 900/1999 best 10.401
  step 950/1999 best 10.551
  step 1000/1999 best 10.501
  step 1050/1999 best 10.497
  step 1100/1999 best 10.565
  step 1150/1999 best 10.448
  step 1200/1999 best 10.407
  step 1250/1999 best 10.445
  step 1300/1999 best 10.544
  step 1350/1999 best 10.579
  step 1400/1999 best 10.379
  step 1450/1999 best 10.383
  step 1500/1999 best 10.433
  step 1550/1999 best 10.424
  step 1600/1999 best 10.470
  step 1650/1999 best 10.464
  step 1700/1999 best 10.467
  step 1750/1999 best 10.446
  step 1800/1999 best 10.550
  step 1850/1999 best 10.498
  step 1900/1999 best 10.557
  step 1950/1999 best 10.508
saved SBC_CHAINS_cnn_vmim__n1_jitter_seed_s0_sim451_row429325_noise9065_9244_9423 (240000, 4) acc=0.234
  step 0/1999 best -25.433
  step 50/1999 best 9.002
  step 100/1999 best 13.050
  step 150/1999 best 13.518
  step 200/1999 best 13.592
  step 250/1999 best 13.532
  step 300/1999 best 13.653
  step 350/1999 best 13.661
  step 400/1999 best 13.625
  step 450/1999 best 13.480
  step 500/1999 best 13.603
  step 550/1999 best 13.690
  step 600/1999 best 13.551
  step 650/1999 best 13.540
  step 700/1999 best 13.493
  step 750/1999 best 13.664
  step 800/1999 best 13.550
  step 850/1999 best 13.587
  step 900/1999 best 13.525
  step 950/1999 best 13.642
  step 1000/1999 best 13.623
  step 1050/1999 best 13.566
  step 1100/1999 best 13.644
  step 1150/1999 best 13.607
  step 1200/1999 best 13.525
  step 1250/1999 best 13.609
  step 1300/1999 best 13.586
  step 1350/1999 best 13.507
  step 1400/1999 best 13.640
  step 1450/1999 best 13.596
  step 1500/1999 best 13.590
  step 1550/1999 best 13.430
  step 1600/1999 best 13.541
  step 1650/1999 best 13.636
  step 1700/1999 best 13.582
  step 1750/1999 best 13.540
  step 1800/1999 best 13.671
  step 1850/1999 best 13.614
  step 1900/1999 best 13.654
  step 1950/1999 best 13.627
saved SBC_CHAINS_cnn_vmim__n1_jitter_seed_s0_sim740_row689534_noise3434_3613_3792 (240000, 4) acc=0.479
  step 0/1999 best -17.894
  step 50/1999 best -6.582
  step 100/1999 best 9.375
  step 150/1999 best 13.169
  step 200/1999 best 13.828
  step 250/1999 best 13.980
  step 300/1999 best 14.515
  step 350/1999 best 14.614
  step 400/1999 best 14.547
  step 450/1999 best 14.618
  step 500/1999 best 14.628
  step 550/1999 best 14.694
  step 600/1999 best 14.751
  step 650/1999 best 14.803
  step 700/1999 best 14.733
  step 750/1999 best 14.753
  step 800/1999 best 14.755
  step 850/1999 best 14.641
  step 900/1999 best 14.797
  step 950/1999 best 14.779
  step 1000/1999 best 14.861
  step 1050/1999 best 14.823
  step 1100/1999 best 14.689
  step 1150/1999 best 14.853
  step 1200/1999 best 14.835
  step 1250/1999 best 14.791
  step 1300/1999 best 14.788
  step 1350/1999 best 14.747
  step 1400/1999 best 14.663
  step 1450/1999 best 14.793
  step 1500/1999 best 14.868
  step 1550/1999 best 14.799
  step 1600/1999 best 14.721
  step 1650/1999 best 14.785
  step 1700/1999 best 14.780
  step 1750/1999 best 14.755
  step 1800/1999 best 14.890
  step 1850/1999 best 14.772
  step 1900/1999 best 14.806
  step 1950/1999 best 14.835
saved SBC_CHAINS_cnn_vmim__n1_jitter_seed_s0_sim109_row108773_noise1665_1844_2023 (240000, 4) acc=0.217
  step 0/1999 best -11.416
  step 50/1999 best -3.580
  step 100/1999 best 2.007
  step 150/1999 best 9.104
  step 200/1999 best 11.724
  step 250/1999 best 11.991
  step 300/1999 best 11.736
  step 350/1999 best 11.867
  step 400/1999 best 11.779
  step 450/1999 best 12.224
  step 500/1999 best 12.217
  step 550/1999 best 12.180
  step 600/1999 best 12.233
  step 650/1999 best 12.241
  step 700/1999 best 12.174
  step 750/1999 best 12.092
  step 800/1999 best 12.258
  step 850/1999 best 12.266
  step 900/1999 best 11.994
  step 950/1999 best 12.249
  step 1000/1999 best 12.089
  step 1050/1999 best 12.263
  step 1100/1999 best 12.195
  step 1150/1999 best 12.004
  step 1200/1999 best 12.113
  step 1250/1999 best 12.167
  step 1300/1999 best 12.207
  step 1350/1999 best 12.162
  step 1400/1999 best 12.148
  step 1450/1999 best 12.257
  step 1500/1999 best 12.185
  step 1550/1999 best 12.197
  step 1600/1999 best 12.241
  step 1650/1999 best 12.227
  step 1700/1999 best 12.249
  step 1750/1999 best 12.106
  step 1800/1999 best 12.252
  step 1850/1999 best 12.152
  step 1900/1999 best 12.254
  step 1950/1999 best 12.198
saved SBC_CHAINS_cnn_vmim__n1_jitter_seed_s0_sim2481_row2080689_noise5033_5212_5391 (240000, 4) acc=0.294
  step 0/1999 best -18.046
  step 50/1999 best 3.861
  step 100/1999 best 3.861
  step 150/1999 best 11.999
  step 200/1999 best 12.379
  step 250/1999 best 13.080
  step 300/1999 best 13.285
  step 350/1999 best 13.417
  step 400/1999 best 13.424
  step 450/1999 best 13.392
  step 500/1999 best 13.585
  step 550/1999 best 13.405
  step 600/1999 best 13.480
  step 650/1999 best 13.512
  step 700/1999 best 13.255
  step 750/1999 best 13.372
  step 800/1999 best 13.512
  step 850/1999 best 13.610
  step 900/1999 best 13.427
  step 950/1999 best 13.369
  step 1000/1999 best 13.465
  step 1050/1999 best 13.259
  step 1100/1999 best 13.319
  step 1150/1999 best 13.534
  step 1200/1999 best 13.637
  step 1250/1999 best 13.485
  step 1300/1999 best 13.603
  step 1350/1999 best 13.525
  step 1400/1999 best 13.565
  step 1450/1999 best 13.298
  step 1500/1999 best 13.507
  step 1550/1999 best 13.463
  step 1600/1999 best 13.539
  step 1650/1999 best 13.581
  step 1700/1999 best 13.492
  step 1750/1999 best 13.590
  step 1800/1999 best 13.569
  step 1850/1999 best 13.302
  step 1900/1999 best 13.320
  step 1950/1999 best 13.488
saved SBC_CHAINS_cnn_vmim__n1_jitter_seed_s0_sim1526_row1303826_noise3486_3665_3844 (240000, 4) acc=0.204
  step 0/1999 best -16.940
  step 50/1999 best -0.948
  step 100/1999 best 8.961
  step 150/1999 best 12.396
  step 200/1999 best 12.452
  step 250/1999 best 13.210
  step 300/1999 best 13.579
  step 350/1999 best 13.443
  step 400/1999 best 13.586
  step 450/1999 best 13.798
  step 500/1999 best 13.678
  step 550/1999 best 13.539
  step 600/1999 best 13.678
  step 650/1999 best 13.706
  step 700/1999 best 13.716
  step 750/1999 best 13.721
  step 800/1999 best 13.745
  step 850/1999 best 13.759
  step 900/1999 best 13.730
  step 950/1999 best 13.627
  step 1000/1999 best 13.791
  step 1050/1999 best 13.560
  step 1100/1999 best 13.788
  step 1150/1999 best 13.744
  step 1200/1999 best 13.545
  step 1250/1999 best 13.581
  step 1300/1999 best 13.712
  step 1350/1999 best 13.781
  step 1400/1999 best 13.767
  step 1450/1999 best 13.817
  step 1500/1999 best 13.614
  step 1550/1999 best 13.734
  step 1600/1999 best 13.710
  step 1650/1999 best 13.741
  step 1700/1999 best 13.676
  step 1750/1999 best 13.704
  step 1800/1999 best 13.798
  step 1850/1999 best 13.707
  step 1900/1999 best 13.727
  step 1950/1999 best 13.682
saved SBC_CHAINS_cnn_vmim__n1_jitter_seed_s0_sim1964_row1575538_noise8766_8945_9124 (240000, 4) acc=0.231
  step 0/1999 best -20.572
  step 50/1999 best 8.918
  step 100/1999 best 8.828
  step 150/1999 best 9.581
  step 200/1999 best 10.146
  step 250/1999 best 10.077
  step 300/1999 best 10.106
  step 350/1999 best 10.075
  step 400/1999 best 10.028
  step 450/1999 best 10.061
  step 500/1999 best 10.156
  step 550/1999 best 10.143
  step 600/1999 best 10.132
  step 650/1999 best 10.232
  step 700/1999 best 10.230
  step 750/1999 best 10.151
  step 800/1999 best 10.206
  step 850/1999 best 10.188
  step 900/1999 best 10.178
  step 950/1999 best 10.182
  step 1000/1999 best 10.241
  step 1050/1999 best 10.228
  step 1100/1999 best 10.174
  step 1150/1999 best 10.091
  step 1200/1999 best 9.982
  step 1250/1999 best 10.138
  step 1300/1999 best 10.173
  step 1350/1999 best 10.182
  step 1400/1999 best 10.126
  step 1450/1999 best 10.094
  step 1500/1999 best 10.162
  step 1550/1999 best 10.202
  step 1600/1999 best 10.219
  step 1650/1999 best 10.111
  step 1700/1999 best 10.249
  step 1750/1999 best 10.105
  step 1800/1999 best 10.225
  step 1850/1999 best 9.990
  step 1900/1999 best 10.099
  step 1950/1999 best 10.067
saved SBC_CHAINS_cnn_vmim__n1_jitter_seed_s0_sim687_row638391_noise9259_9438_9617 (240000, 4) acc=0.360
  step 0/1999 best -21.325
  step 50/1999 best 10.314
  step 100/1999 best 10.585
  step 150/1999 best 11.407
  step 200/1999 best 11.955
  step 250/1999 best 11.891
  step 300/1999 best 11.395
  step 350/1999 best 11.974
  step 400/1999 best 11.781
  step 450/1999 best 11.862
  step 500/1999 best 11.810
  step 550/1999 best 11.948
  step 600/1999 best 11.981
  step 650/1999 best 12.056
  step 700/1999 best 11.934
  step 750/1999 best 12.037
  step 800/1999 best 11.936
  step 850/1999 best 11.930
  step 900/1999 best 11.978
  step 950/1999 best 11.886
  step 1000/1999 best 12.024
  step 1050/1999 best 11.930
  step 1100/1999 best 12.017
  step 1150/1999 best 11.997
  step 1200/1999 best 11.999
  step 1250/1999 best 11.900
  step 1300/1999 best 12.010
  step 1350/1999 best 11.982
  step 1400/1999 best 11.971
  step 1450/1999 best 11.873
  step 1500/1999 best 11.783
  step 1550/1999 best 11.878
  step 1600/1999 best 11.984
  step 1650/1999 best 11.962
  step 1700/1999 best 12.001
  step 1750/1999 best 11.975
  step 1800/1999 best 11.686
  step 1850/1999 best 11.991
  step 1900/1999 best 12.020
  step 1950/1999 best 11.926
saved SBC_CHAINS_cnn_vmim__n1_jitter_seed_s0_sim2071_row1681096_noise7216_7395_7574 (240000, 4) acc=0.199
  step 0/1999 best -11.283
  step 50/1999 best 4.146
  step 100/1999 best 8.767
  step 150/1999 best 11.043
  step 200/1999 best 12.239
  step 250/1999 best 12.952
  step 300/1999 best 13.074
  step 350/1999 best 13.170
  step 400/1999 best 13.126
  step 450/1999 best 13.224
  step 500/1999 best 13.220
  step 550/1999 best 13.197
  step 600/1999 best 13.190
  step 650/1999 best 13.071
  step 700/1999 best 13.028
  step 750/1999 best 13.221
  step 800/1999 best 13.187
  step 850/1999 best 13.079
  step 900/1999 best 13.196
  step 950/1999 best 13.227
  step 1000/1999 best 13.225
  step 1050/1999 best 13.125
  step 1100/1999 best 13.248
  step 1150/1999 best 13.136
  step 1200/1999 best 13.047
  step 1250/1999 best 13.206
  step 1300/1999 best 13.200
  step 1350/1999 best 13.039
  step 1400/1999 best 13.119
  step 1450/1999 best 13.257
  step 1500/1999 best 13.145
  step 1550/1999 best 13.125
  step 1600/1999 best 12.979
  step 1650/1999 best 13.135
  step 1700/1999 best 13.162
  step 1750/1999 best 13.124
  step 1800/1999 best 12.926
  step 1850/1999 best 13.129
  step 1900/1999 best 13.110
  step 1950/1999 best 13.134
saved SBC_CHAINS_cnn_vmim__n1_jitter_seed_s0_sim2438_row2037615_noise1271_1450_1629 (240000, 4) acc=0.318
  step 0/1999 best -16.303
  step 50/1999 best 7.915
  step 100/1999 best 13.725
  step 150/1999 best 15.202
  step 200/1999 best 15.104
  step 250/1999 best 15.183
  step 300/1999 best 14.973
  step 350/1999 best 15.140
  step 400/1999 best 15.054
  step 450/1999 best 15.128
  step 500/1999 best 15.123
  step 550/1999 best 15.114
  step 600/1999 best 15.195
  step 650/1999 best 14.952
  step 700/1999 best 15.059
  step 750/1999 best 15.199
  step 800/1999 best 15.114
  step 850/1999 best 15.105
  step 900/1999 best 15.182
  step 950/1999 best 14.992
  step 1000/1999 best 15.057
  step 1050/1999 best 15.134
  step 1100/1999 best 14.992
  step 1150/1999 best 15.079
  step 1200/1999 best 15.162
  step 1250/1999 best 15.073
  step 1300/1999 best 15.186
  step 1350/1999 best 15.189
  step 1400/1999 best 15.230
  step 1450/1999 best 15.209
  step 1500/1999 best 14.992
  step 1550/1999 best 15.141
  step 1600/1999 best 15.116
  step 1650/1999 best 15.079
  step 1700/1999 best 15.101
  step 1750/1999 best 15.168
  step 1800/1999 best 15.217
  step 1850/1999 best 15.144
  step 1900/1999 best 15.137
  step 1950/1999 best 14.997
saved SBC_CHAINS_cnn_vmim__n1_jitter_seed_s0_sim1208_row1026506_noise9490_9669_20 (240000, 4) acc=0.324
  step 0/1999 best -12.166
  step 50/1999 best -0.682
  step 100/1999 best 3.628
  step 150/1999 best 10.045
  step 200/1999 best 10.941
  step 250/1999 best 10.932
  step 300/1999 best 11.505
  step 350/1999 best 11.455
  step 400/1999 best 11.467
  step 450/1999 best 11.417
  step 500/1999 best 11.374
  step 550/1999 best 11.360
  step 600/1999 best 11.310
  step 650/1999 best 11.428
  step 700/1999 best 11.302
  step 750/1999 best 11.364
  step 800/1999 best 11.457
  step 850/1999 best 11.457
  step 900/1999 best 11.429
  step 950/1999 best 11.345
  step 1000/1999 best 11.473
  step 1050/1999 best 11.464
  step 1100/1999 best 11.441
  step 1150/1999 best 11.467
  step 1200/1999 best 11.448
  step 1250/1999 best 11.330
  step 1300/1999 best 11.387
  step 1350/1999 best 11.173
  step 1400/1999 best 11.367
  step 1450/1999 best 11.236
  step 1500/1999 best 11.426
  step 1550/1999 best 11.419
  step 1600/1999 best 11.389
  step 1650/1999 best 11.459
  step 1700/1999 best 11.465
  step 1750/1999 best 11.394
  step 1800/1999 best 11.359
  step 1850/1999 best 11.342
  step 1900/1999 best 11.426
  step 1950/1999 best 11.349
saved SBC_CHAINS_cnn_vmim__n1_jitter_seed_s0_sim2829_row2424290_noise8654_8833_9012 (240000, 4) acc=0.305
  step 0/1999 best -20.178
  step 50/1999 best -8.868
  step 100/1999 best -8.574
  step 150/1999 best 5.778
  step 200/1999 best 8.725
  step 250/1999 best 9.309
  step 300/1999 best 12.287
  step 350/1999 best 12.407
  step 400/1999 best 13.768
  step 450/1999 best 13.768
  step 500/1999 best 14.384
  step 550/1999 best 14.216
  step 600/1999 best 14.216
  step 650/1999 best 14.711
  step 700/1999 best 14.359
  step 750/1999 best 14.709
  step 800/1999 best 14.294
  step 850/1999 best 14.725
  step 900/1999 best 14.761
  step 950/1999 best 14.803
  step 1000/1999 best 14.497
  step 1050/1999 best 14.555
  step 1100/1999 best 14.678
  step 1150/1999 best 14.727
  step 1200/1999 best 14.751
  step 1250/1999 best 14.811
  step 1300/1999 best 14.529
  step 1350/1999 best 14.730
  step 1400/1999 best 14.727
  step 1450/1999 best 14.655
  step 1500/1999 best 14.606
  step 1550/1999 best 14.732
  step 1600/1999 best 14.570
  step 1650/1999 best 14.818
  step 1700/1999 best 14.655
  step 1750/1999 best 14.754
  step 1800/1999 best 14.668
  step 1850/1999 best 14.710
  step 1900/1999 best 14.616
  step 1950/1999 best 14.595
saved SBC_CHAINS_cnn_vmim__n1_jitter_seed_s0_sim94_row93497_noise6045_6224_6403 (240000, 4) acc=0.138
  step 0/1999 best -16.286
  step 50/1999 best 6.551
  step 100/1999 best 12.996
  step 150/1999 best 13.466
  step 200/1999 best 14.630
  step 250/1999 best 14.533
  step 300/1999 best 14.947
  step 350/1999 best 15.066
  step 400/1999 best 15.153
  step 450/1999 best 15.161
  step 500/1999 best 15.015
  step 550/1999 best 15.038
  step 600/1999 best 15.205
  step 650/1999 best 15.201
  step 700/1999 best 15.144
  step 750/1999 best 15.045
  step 800/1999 best 15.151
  step 850/1999 best 15.073
  step 900/1999 best 15.149
  step 950/1999 best 15.228
  step 1000/1999 best 15.209
  step 1050/1999 best 15.154
  step 1100/1999 best 15.120
  step 1150/1999 best 14.990
  step 1200/1999 best 15.167
  step 1250/1999 best 15.199
  step 1300/1999 best 15.262
  step 1350/1999 best 15.138
  step 1400/1999 best 14.967
  step 1450/1999 best 15.134
  step 1500/1999 best 15.122
  step 1550/1999 best 15.259
  step 1600/1999 best 15.245
  step 1650/1999 best 15.225
  step 1700/1999 best 15.127
  step 1750/1999 best 15.217
  step 1800/1999 best 15.151
  step 1850/1999 best 15.172
  step 1900/1999 best 15.194
  step 1950/1999 best 15.254
saved SBC_CHAINS_cnn_vmim__n1_jitter_seed_s0_sim1222_row1040544_noise3872_4051_4230 (240000, 4) acc=0.297
  step 0/1999 best -26.243
  step 50/1999 best -5.152
  step 100/1999 best -0.082
  step 150/1999 best 12.914
  step 200/1999 best 12.947
  step 250/1999 best 13.556
  step 300/1999 best 13.143
  step 350/1999 best 13.519
  step 400/1999 best 14.126
  step 450/1999 best 14.284
  step 500/1999 best 14.144
  step 550/1999 best 14.614
  step 600/1999 best 14.531
  step 650/1999 best 14.647
  step 700/1999 best 14.658
  step 750/1999 best 14.725
  step 800/1999 best 14.389
  step 850/1999 best 14.606
  step 900/1999 best 14.662
  step 950/1999 best 14.604
  step 1000/1999 best 14.766
  step 1050/1999 best 14.654
  step 1100/1999 best 14.532
  step 1150/1999 best 14.766
  step 1200/1999 best 14.633
  step 1250/1999 best 14.637
  step 1300/1999 best 14.523
  step 1350/1999 best 14.600
  step 1400/1999 best 14.682
  step 1450/1999 best 14.650
  step 1500/1999 best 14.679
  step 1550/1999 best 14.681
  step 1600/1999 best 14.725
  step 1650/1999 best 14.727
  step 1700/1999 best 14.729
  step 1750/1999 best 14.493
  step 1800/1999 best 14.643
  step 1850/1999 best 14.736
  step 1900/1999 best 14.719
  step 1950/1999 best 14.647
saved SBC_CHAINS_cnn_vmim__n1_jitter_seed_s0_sim250_row236772_noise5072_5251_5430 (240000, 4) acc=0.169
  step 0/1999 best -12.887
  step 50/1999 best -6.008
  step 100/1999 best -1.069
  step 150/1999 best 7.257
  step 200/1999 best 8.118
  step 250/1999 best 13.941
  step 300/1999 best 14.582
  step 350/1999 best 14.532
  step 400/1999 best 14.254
  step 450/1999 best 14.139
  step 500/1999 best 14.334
  step 550/1999 best 14.466
  step 600/1999 best 14.581
  step 650/1999 best 14.507
  step 700/1999 best 14.518
  step 750/1999 best 14.545
  step 800/1999 best 14.581
  step 850/1999 best 14.617
  step 900/1999 best 14.598
  step 950/1999 best 14.631
  step 1000/1999 best 14.614
  step 1050/1999 best 14.563
  step 1100/1999 best 14.682
  step 1150/1999 best 14.686
  step 1200/1999 best 14.423
  step 1250/1999 best 14.691
  step 1300/1999 best 14.697
  step 1350/1999 best 14.594
  step 1400/1999 best 14.559
  step 1450/1999 best 14.525
  step 1500/1999 best 14.574
  step 1550/1999 best 14.649
  step 1600/1999 best 14.616
  step 1650/1999 best 14.610
  step 1700/1999 best 14.514
  step 1750/1999 best 14.533
  step 1800/1999 best 14.529
  step 1850/1999 best 14.370
  step 1900/1999 best 14.566
  step 1950/1999 best 14.460
saved SBC_CHAINS_cnn_vmim__n1_jitter_seed_s0_sim1228_row1046609_noise109_288_467 (240000, 4) acc=0.268
  step 0/1999 best -21.546
  step 50/1999 best 0.826
  step 100/1999 best 9.677
  step 150/1999 best 12.110
  step 200/1999 best 12.933
  step 250/1999 best 12.780
  step 300/1999 best 12.991
  step 350/1999 best 13.061
  step 400/1999 best 13.137
  step 450/1999 best 12.837
  step 500/1999 best 12.999
  step 550/1999 best 12.961
  step 600/1999 best 13.067
  step 650/1999 best 13.028
  step 700/1999 best 13.124
  step 750/1999 best 13.080
  step 800/1999 best 13.126
  step 850/1999 best 13.116
  step 900/1999 best 13.097
  step 950/1999 best 12.975
  step 1000/1999 best 13.135
  step 1050/1999 best 13.112
  step 1100/1999 best 13.112
  step 1150/1999 best 13.140
  step 1200/1999 best 13.062
  step 1250/1999 best 12.966
  step 1300/1999 best 12.982
  step 1350/1999 best 13.059
  step 1400/1999 best 13.096
  step 1450/1999 best 13.068
  step 1500/1999 best 13.044
  step 1550/1999 best 12.960
  step 1600/1999 best 13.131
  step 1650/1999 best 13.159
  step 1700/1999 best 13.098
  step 1750/1999 best 12.974
  step 1800/1999 best 13.048
  step 1850/1999 best 13.069
  step 1900/1999 best 13.174
  step 1950/1999 best 12.959
saved SBC_CHAINS_cnn_vmim__n1_jitter_seed_s0_sim644_row597705_noise5885_6064_6243 (240000, 4) acc=0.349
  step 0/1999 best -10.075
  step 50/1999 best -1.509
  step 100/1999 best 12.240
  step 150/1999 best 14.170
  step 200/1999 best 14.455
  step 250/1999 best 14.347
  step 300/1999 best 14.233
  step 350/1999 best 14.337
  step 400/1999 best 14.462
  step 450/1999 best 14.302
  step 500/1999 best 14.525
  step 550/1999 best 14.447
  step 600/1999 best 14.333
  step 650/1999 best 14.371
  step 700/1999 best 14.549
  step 750/1999 best 14.490
  step 800/1999 best 14.500
  step 850/1999 best 14.415
  step 900/1999 best 14.437
  step 950/1999 best 14.506
  step 1000/1999 best 14.468
  step 1050/1999 best 14.418
  step 1100/1999 best 14.461
  step 1150/1999 best 14.440
  step 1200/1999 best 14.477
  step 1250/1999 best 14.337
  step 1300/1999 best 14.475
  step 1350/1999 best 14.484
  step 1400/1999 best 14.526
  step 1450/1999 best 14.512
  step 1500/1999 best 14.441
  step 1550/1999 best 14.489
  step 1600/1999 best 14.510
  step 1650/1999 best 14.531
  step 1700/1999 best 14.398
  step 1750/1999 best 14.168
  step 1800/1999 best 14.368
  step 1850/1999 best 14.475
  step 1900/1999 best 14.434
  step 1950/1999 best 14.503
saved SBC_CHAINS_cnn_vmim__n1_jitter_seed_s0_sim1736_row1489213_noise6485_6664_6843 (240000, 4) acc=0.287
  step 0/1999 best -10.110
  step 50/1999 best -1.448
  step 100/1999 best 5.643
  step 150/1999 best 12.086
  step 200/1999 best 13.259
  step 250/1999 best 13.404
  step 300/1999 best 13.346
  step 350/1999 best 13.523
  step 400/1999 best 13.389
  step 450/1999 best 13.659
  step 500/1999 best 13.544
  step 550/1999 best 13.611
  step 600/1999 best 13.653
  step 650/1999 best 13.518
  step 700/1999 best 13.660
  step 750/1999 best 13.483
  step 800/1999 best 13.623
  step 850/1999 best 13.455
  step 900/1999 best 13.688
  step 950/1999 best 13.591
  step 1000/1999 best 13.667
  step 1050/1999 best 13.598
  step 1100/1999 best 13.663
  step 1150/1999 best 13.404
  step 1200/1999 best 13.602
  step 1250/1999 best 13.430
  step 1300/1999 best 13.648
  step 1350/1999 best 13.573
  step 1400/1999 best 13.531
  step 1450/1999 best 13.638
  step 1500/1999 best 13.645
  step 1550/1999 best 13.517
  step 1600/1999 best 13.594
  step 1650/1999 best 13.613
  step 1700/1999 best 13.638
  step 1750/1999 best 13.651
  step 1800/1999 best 13.669
  step 1850/1999 best 13.492
  step 1900/1999 best 13.591
  step 1950/1999 best 13.536
saved SBC_CHAINS_cnn_vmim__n1_jitter_seed_s0_sim718_row667648_noise1204_1383_1562 (240000, 4) acc=0.271
  step 0/1999 best -20.398
  step 50/1999 best 3.808
  step 100/1999 best 9.720
  step 150/1999 best 11.743
  step 200/1999 best 11.844
  step 250/1999 best 11.719
  step 300/1999 best 11.809
  step 350/1999 best 11.717
  step 400/1999 best 11.674
  step 450/1999 best 11.669
  step 500/1999 best 11.737
  step 550/1999 best 11.788
  step 600/1999 best 11.861
  step 650/1999 best 11.837
  step 700/1999 best 11.830
  step 750/1999 best 11.734
  step 800/1999 best 11.742
  step 850/1999 best 11.713
  step 900/1999 best 11.747
  step 950/1999 best 11.909
  step 1000/1999 best 11.840
  step 1050/1999 best 11.829
  step 1100/1999 best 11.853
  step 1150/1999 best 11.785
  step 1200/1999 best 11.792
  step 1250/1999 best 11.847
  step 1300/1999 best 11.832
  step 1350/1999 best 11.825
  step 1400/1999 best 11.679
  step 1450/1999 best 11.792
  step 1500/1999 best 11.781
  step 1550/1999 best 11.854
  step 1600/1999 best 11.818
  step 1650/1999 best 11.745
  step 1700/1999 best 11.668
  step 1750/1999 best 11.854
  step 1800/1999 best 11.761
  step 1850/1999 best 11.851
  step 1900/1999 best 11.862
  step 1950/1999 best 11.855
saved SBC_CHAINS_cnn_vmim__n1_jitter_seed_s0_sim2938_row2533327_noise9583_9762_113 (240000, 4) acc=0.353
  step 0/1999 best -2.481
  step 50/1999 best 9.723
  step 100/1999 best 14.232
  step 150/1999 best 14.303
  step 200/1999 best 14.598
  step 250/1999 best 14.488
  step 300/1999 best 14.527
  step 350/1999 best 14.559
  step 400/1999 best 14.511
  step 450/1999 best 14.349
  step 500/1999 best 14.661
  step 550/1999 best 14.574
  step 600/1999 best 14.567
  step 650/1999 best 14.548
  step 700/1999 best 14.621
  step 750/1999 best 14.396
  step 800/1999 best 14.645
  step 850/1999 best 14.457
  step 900/1999 best 14.568
  step 950/1999 best 14.492
  step 1000/1999 best 14.596
  step 1050/1999 best 14.567
  step 1100/1999 best 14.585
  step 1150/1999 best 14.601
  step 1200/1999 best 14.445
  step 1250/1999 best 14.641
  step 1300/1999 best 14.567
  step 1350/1999 best 14.511
  step 1400/1999 best 14.554
  step 1450/1999 best 14.565
  step 1500/1999 best 14.534
  step 1550/1999 best 14.518
  step 1600/1999 best 14.634
  step 1650/1999 best 14.630
  step 1700/1999 best 14.493
  step 1750/1999 best 14.540
  step 1800/1999 best 14.519
  step 1850/1999 best 14.598
  step 1900/1999 best 14.529
  step 1950/1999 best 14.625
saved SBC_CHAINS_cnn_vmim__n1_jitter_seed_s0_sim206_row192393_noise5_184_363 (240000, 4) acc=0.277
  step 0/1999 best -23.141
  step 50/1999 best 9.205
  step 100/1999 best 11.813
  step 150/1999 best 13.681
  step 200/1999 best 14.014
  step 250/1999 best 14.129
  step 300/1999 best 14.110
  step 350/1999 best 14.097
  step 400/1999 best 14.044
  step 450/1999 best 14.035
  step 500/1999 best 14.031
  step 550/1999 best 14.091
  step 600/1999 best 13.997
  step 650/1999 best 14.112
  step 700/1999 best 14.062
  step 750/1999 best 13.968
  step 800/1999 best 14.032
  step 850/1999 best 14.091
  step 900/1999 best 14.013
  step 950/1999 best 13.888
  step 1000/1999 best 13.980
  step 1050/1999 best 14.072
  step 1100/1999 best 13.892
  step 1150/1999 best 14.044
  step 1200/1999 best 14.110
  step 1250/1999 best 14.043
  step 1300/1999 best 13.955
  step 1350/1999 best 13.969
  step 1400/1999 best 13.951
  step 1450/1999 best 14.099
  step 1500/1999 best 13.929
  step 1550/1999 best 13.978
  step 1600/1999 best 14.048
  step 1650/1999 best 14.048
  step 1700/1999 best 13.949
  step 1750/1999 best 14.033
  step 1800/1999 best 14.099
  step 1850/1999 best 14.125
  step 1900/1999 best 14.128
  step 1950/1999 best 13.892
saved SBC_CHAINS_cnn_vmim__n1_jitter_seed_s0_sim1201_row1019064_noise2048_2227_2406 (240000, 4) acc=0.327
  step 0/1999 best -19.812
  step 50/1999 best 8.491
  step 100/1999 best 10.634
  step 150/1999 best 11.657
  step 200/1999 best 12.351
  step 250/1999 best 12.579
  step 300/1999 best 12.546
  step 350/1999 best 12.472
  step 400/1999 best 12.526
  step 450/1999 best 12.444
  step 500/1999 best 12.398
  step 550/1999 best 12.293
  step 600/1999 best 12.445
  step 650/1999 best 12.444
  step 700/1999 best 12.504
  step 750/1999 best 12.453
  step 800/1999 best 12.595
  step 850/1999 best 12.426
  step 900/1999 best 12.367
  step 950/1999 best 12.528
  step 1000/1999 best 12.547
  step 1050/1999 best 12.542
  step 1100/1999 best 12.325
  step 1150/1999 best 12.340
  step 1200/1999 best 12.507
  step 1250/1999 best 12.372
  step 1300/1999 best 12.486
  step 1350/1999 best 12.540
  step 1400/1999 best 12.487
  step 1450/1999 best 12.467
  step 1500/1999 best 12.596
  step 1550/1999 best 12.608
  step 1600/1999 best 12.434
  step 1650/1999 best 12.511
  step 1700/1999 best 12.562
  step 1750/1999 best 12.321
  step 1800/1999 best 12.551
  step 1850/1999 best 12.428
  step 1900/1999 best 12.488
  step 1950/1999 best 12.538
saved SBC_CHAINS_cnn_vmim__n1_jitter_seed_s0_sim2065_row1675503_noise1623_1802_1981 (240000, 4) acc=0.224
  step 0/1999 best -11.744
  step 50/1999 best 9.776
  step 100/1999 best 11.581
  step 150/1999 best 11.579
  step 200/1999 best 11.664
  step 250/1999 best 11.580
  step 300/1999 best 11.698
  step 350/1999 best 11.632
  step 400/1999 best 11.661
  step 450/1999 best 11.630
  step 500/1999 best 11.643
  step 550/1999 best 11.698
  step 600/1999 best 11.551
  step 650/1999 best 11.516
  step 700/1999 best 11.632
  step 750/1999 best 11.677
  step 800/1999 best 11.679
  step 850/1999 best 11.539
  step 900/1999 best 11.684
  step 950/1999 best 11.718
  step 1000/1999 best 11.628
  step 1050/1999 best 11.596
  step 1100/1999 best 11.666
  step 1150/1999 best 11.626
  step 1200/1999 best 11.729
  step 1250/1999 best 11.717
  step 1300/1999 best 11.671
  step 1350/1999 best 11.688
  step 1400/1999 best 11.580
  step 1450/1999 best 11.701
  step 1500/1999 best 11.673
  step 1550/1999 best 11.576
  step 1600/1999 best 11.659
  step 1650/1999 best 11.717
  step 1700/1999 best 11.601
  step 1750/1999 best 11.722
  step 1800/1999 best 11.581
  step 1850/1999 best 11.705
  step 1900/1999 best 11.656
  step 1950/1999 best 11.710
saved SBC_CHAINS_cnn_vmim__n1_jitter_seed_s0_sim3008_row2603041_noise673_852_1031 (240000, 4) acc=0.529
  step 0/1999 best -25.065
  step 50/1999 best 6.484
  step 100/1999 best 8.752
  step 150/1999 best 10.084
  step 200/1999 best 9.968
  step 250/1999 best 10.115
  step 300/1999 best 10.172
  step 350/1999 best 10.246
  step 400/1999 best 10.128
  step 450/1999 best 10.205
  step 500/1999 best 10.181
  step 550/1999 best 10.091
  step 600/1999 best 10.174
  step 650/1999 best 10.242
  step 700/1999 best 10.161
  step 750/1999 best 10.170
  step 800/1999 best 10.187
  step 850/1999 best 10.246
  step 900/1999 best 10.212
  step 950/1999 best 10.211
  step 1000/1999 best 10.184
  step 1050/1999 best 10.236
  step 1100/1999 best 10.223
  step 1150/1999 best 10.005
  step 1200/1999 best 10.230
  step 1250/1999 best 10.180
  step 1300/1999 best 10.186
  step 1350/1999 best 10.155
  step 1400/1999 best 10.082
  step 1450/1999 best 10.227
  step 1500/1999 best 10.254
  step 1550/1999 best 10.165
  step 1600/1999 best 10.238
  step 1650/1999 best 10.207
  step 1700/1999 best 10.139
  step 1750/1999 best 10.155
  step 1800/1999 best 10.150
  step 1850/1999 best 10.171
  step 1900/1999 best 10.195
  step 1950/1999 best 10.217
saved SBC_CHAINS_cnn_vmim__n1_jitter_seed_s0_sim2929_row2524008_noise264_443_622 (240000, 4) acc=0.431
  step 0/1999 best -22.470
  step 50/1999 best -6.373
  step 100/1999 best 4.477
  step 150/1999 best 12.375
  step 200/1999 best 14.445
  step 250/1999 best 14.645
  step 300/1999 best 14.811
  step 350/1999 best 14.881
  step 400/1999 best 15.049
  step 450/1999 best 14.956
  step 500/1999 best 15.024
  step 550/1999 best 15.146
  step 600/1999 best 14.999
  step 650/1999 best 14.946
  step 700/1999 best 14.893
  step 750/1999 best 15.070
  step 800/1999 best 15.036
  step 850/1999 best 15.066
  step 900/1999 best 14.931
  step 950/1999 best 15.022
  step 1000/1999 best 15.069
  step 1050/1999 best 15.099
  step 1100/1999 best 15.067
  step 1150/1999 best 15.097
  step 1200/1999 best 15.049
  step 1250/1999 best 15.167
  step 1300/1999 best 14.978
  step 1350/1999 best 15.057
  step 1400/1999 best 15.012
  step 1450/1999 best 15.059
  step 1500/1999 best 15.133
  step 1550/1999 best 15.167
  step 1600/1999 best 14.949
  step 1650/1999 best 15.111
  step 1700/1999 best 15.080
  step 1750/1999 best 15.142
  step 1800/1999 best 15.122
  step 1850/1999 best 15.106
  step 1900/1999 best 15.049
  step 1950/1999 best 15.033
saved SBC_CHAINS_cnn_vmim__n1_jitter_seed_s0_sim1264_row1082552_noise6568_6747_6926 (240000, 4) acc=0.240
  step 0/1999 best -16.459
  step 50/1999 best 6.889
  step 100/1999 best 7.442
  step 150/1999 best 11.153
  step 200/1999 best 12.210
  step 250/1999 best 13.082
  step 300/1999 best 12.958
  step 350/1999 best 13.129
  step 400/1999 best 12.933
  step 450/1999 best 13.156
  step 500/1999 best 12.987
  step 550/1999 best 13.076
  step 600/1999 best 13.085
  step 650/1999 best 13.208
  step 700/1999 best 13.043
  step 750/1999 best 13.194
  step 800/1999 best 13.088
  step 850/1999 best 12.890
  step 900/1999 best 13.102
  step 950/1999 best 13.033
  step 1000/1999 best 13.160
  step 1050/1999 best 13.018
  step 1100/1999 best 12.971
  step 1150/1999 best 12.968
  step 1200/1999 best 13.133
  step 1250/1999 best 13.040
  step 1300/1999 best 13.163
  step 1350/1999 best 13.123
  step 1400/1999 best 13.209
  step 1450/1999 best 13.119
  step 1500/1999 best 13.169
  step 1550/1999 best 13.079
  step 1600/1999 best 13.064
  step 1650/1999 best 13.100
  step 1700/1999 best 13.137
  step 1750/1999 best 13.075
  step 1800/1999 best 13.161
  step 1850/1999 best 13.090
  step 1900/1999 best 12.975
  step 1950/1999 best 13.032
saved SBC_CHAINS_cnn_vmim__n1_jitter_seed_s0_sim141_row132604_noise4012_4191_4370 (240000, 4) acc=0.235
  step 0/1999 best -28.545
  step 50/1999 best 11.405
  step 100/1999 best 14.044
  step 150/1999 best 14.017
  step 200/1999 best 14.234
  step 250/1999 best 14.121
  step 300/1999 best 14.209
  step 350/1999 best 14.173
  step 400/1999 best 14.243
  step 450/1999 best 14.191
  step 500/1999 best 14.177
  step 550/1999 best 14.232
  step 600/1999 best 14.137
  step 650/1999 best 14.208
  step 700/1999 best 14.194
  step 750/1999 best 14.227
  step 800/1999 best 14.233
  step 850/1999 best 14.136
  step 900/1999 best 14.162
  step 950/1999 best 14.098
  step 1000/1999 best 14.141
  step 1050/1999 best 14.210
  step 1100/1999 best 14.253
  step 1150/1999 best 14.234
  step 1200/1999 best 14.219
  step 1250/1999 best 14.220
  step 1300/1999 best 14.153
  step 1350/1999 best 14.242
  step 1400/1999 best 14.093
  step 1450/1999 best 14.112
  step 1500/1999 best 14.196
  step 1550/1999 best 14.240
  step 1600/1999 best 14.096
  step 1650/1999 best 14.062
  step 1700/1999 best 14.132
  step 1750/1999 best 14.173
  step 1800/1999 best 14.203
  step 1850/1999 best 14.212
  step 1900/1999 best 14.065
  step 1950/1999 best 14.096
saved SBC_CHAINS_cnn_vmim__n1_jitter_seed_s0_sim1363_row1171602_noise7338_7517_7696 (240000, 4) acc=0.333
  step 0/1999 best 6.132
  step 50/1999 best 6.109
  step 100/1999 best 10.844
  step 150/1999 best 11.916
  step 200/1999 best 11.832
  step 250/1999 best 12.305
  step 300/1999 best 12.300
  step 350/1999 best 12.460
  step 400/1999 best 12.422
  step 450/1999 best 12.429
  step 500/1999 best 12.384
  step 550/1999 best 12.359
  step 600/1999 best 12.448
  step 650/1999 best 12.489
  step 700/1999 best 12.279
  step 750/1999 best 12.399
  step 800/1999 best 12.337
  step 850/1999 best 12.480
  step 900/1999 best 12.439
  step 950/1999 best 12.228
  step 1000/1999 best 12.473
  step 1050/1999 best 12.165
  step 1100/1999 best 12.441
  step 1150/1999 best 12.393
  step 1200/1999 best 12.426
  step 1250/1999 best 12.348
  step 1300/1999 best 12.492
  step 1350/1999 best 12.145
  step 1400/1999 best 12.473
  step 1450/1999 best 12.268
  step 1500/1999 best 12.260
  step 1550/1999 best 12.340
  step 1600/1999 best 12.460
  step 1650/1999 best 12.457
  step 1700/1999 best 12.294
  step 1750/1999 best 12.425
  step 1800/1999 best 12.406
  step 1850/1999 best 12.385
  step 1900/1999 best 12.403
  step 1950/1999 best 12.256
saved SBC_CHAINS_cnn_vmim__n1_jitter_seed_s0_sim874_row823884_noise192_371_550 (240000, 4) acc=0.362
  step 0/1999 best -12.523
  step 50/1999 best 12.325
  step 100/1999 best 13.040
  step 150/1999 best 13.923
  step 200/1999 best 13.938
  step 250/1999 best 13.904
  step 300/1999 best 13.829
  step 350/1999 best 13.785
  step 400/1999 best 13.853
  step 450/1999 best 13.765
  step 500/1999 best 13.956
  step 550/1999 best 13.867
  step 600/1999 best 13.747
  step 650/1999 best 13.924
  step 700/1999 best 13.783
  step 750/1999 best 13.931
  step 800/1999 best 13.897
  step 850/1999 best 13.995
  step 900/1999 best 13.962
  step 950/1999 best 13.899
  step 1000/1999 best 13.962
  step 1050/1999 best 13.939
  step 1100/1999 best 13.971
  step 1150/1999 best 14.011
  step 1200/1999 best 13.876
  step 1250/1999 best 13.939
  step 1300/1999 best 13.898
  step 1350/1999 best 13.923
  step 1400/1999 best 13.938
  step 1450/1999 best 13.987
  step 1500/1999 best 13.976
  step 1550/1999 best 13.899
  step 1600/1999 best 13.954
  step 1650/1999 best 13.770
  step 1700/1999 best 13.862
  step 1750/1999 best 13.853
  step 1800/1999 best 13.972
  step 1850/1999 best 13.937
  step 1900/1999 best 13.892
  step 1950/1999 best 13.996
saved SBC_CHAINS_cnn_vmim__n1_jitter_seed_s0_sim1514_row1291098_noise586_765_944 (240000, 4) acc=0.234
  step 0/1999 best -20.214
  step 50/1999 best -5.202
  step 100/1999 best 3.997
  step 150/1999 best 10.559
  step 200/1999 best 11.331
  step 250/1999 best 11.347
  step 300/1999 best 11.607
  step 350/1999 best 11.803
  step 400/1999 best 11.625
  step 450/1999 best 11.689
  step 500/1999 best 11.796
  step 550/1999 best 11.588
  step 600/1999 best 11.627
  step 650/1999 best 11.613
  step 700/1999 best 11.811
  step 750/1999 best 11.688
  step 800/1999 best 11.511
  step 850/1999 best 11.719
  step 900/1999 best 11.759
  step 950/1999 best 11.772
  step 1000/1999 best 11.800
  step 1050/1999 best 11.679
  step 1100/1999 best 11.698
  step 1150/1999 best 11.510
  step 1200/1999 best 11.710
  step 1250/1999 best 11.719
  step 1300/1999 best 11.702
  step 1350/1999 best 11.650
  step 1400/1999 best 11.778
  step 1450/1999 best 11.772
  step 1500/1999 best 11.661
  step 1550/1999 best 11.625
  step 1600/1999 best 11.693
  step 1650/1999 best 11.683
  step 1700/1999 best 11.708
  step 1750/1999 best 11.680
  step 1800/1999 best 11.676
  step 1850/1999 best 11.728
  step 1900/1999 best 11.373
  step 1950/1999 best 11.712
saved SBC_CHAINS_cnn_vmim__n1_jitter_seed_s0_sim1225_row1043665_noise6993_7172_7351 (240000, 4) acc=0.249
  step 0/1999 best -29.008
  step 50/1999 best 3.754
  step 100/1999 best 10.287
  step 150/1999 best 10.802
  step 200/1999 best 10.722
  step 250/1999 best 10.775
  step 300/1999 best 10.826
  step 350/1999 best 10.835
  step 400/1999 best 10.866
  step 450/1999 best 10.883
  step 500/1999 best 10.767
  step 550/1999 best 10.797
  step 600/1999 best 10.751
  step 650/1999 best 10.826
  step 700/1999 best 10.766
  step 750/1999 best 10.823
  step 800/1999 best 10.713
  step 850/1999 best 10.796
  step 900/1999 best 10.821
  step 950/1999 best 10.796
  step 1000/1999 best 10.873
  step 1050/1999 best 10.812
  step 1100/1999 best 10.759
  step 1150/1999 best 10.809
  step 1200/1999 best 10.687
  step 1250/1999 best 10.795
  step 1300/1999 best 10.769
  step 1350/1999 best 10.657
  step 1400/1999 best 10.822
  step 1450/1999 best 10.740
  step 1500/1999 best 10.757
  step 1550/1999 best 10.831
  step 1600/1999 best 10.885
  step 1650/1999 best 10.850
  step 1700/1999 best 10.809
  step 1750/1999 best 10.821
  step 1800/1999 best 10.810
  step 1850/1999 best 10.789
  step 1900/1999 best 10.844
  step 1950/1999 best 10.874
saved SBC_CHAINS_cnn_vmim__n1_jitter_seed_s0_sim3001_row2596732_noise4192_4371_4550 (240000, 4) acc=0.481
  step 0/1999 best -20.077
  step 50/1999 best 8.092
  step 100/1999 best 11.344
  step 150/1999 best 11.196
  step 200/1999 best 11.565
  step 250/1999 best 11.577
  step 300/1999 best 11.476
  step 350/1999 best 11.440
  step 400/1999 best 11.505
  step 450/1999 best 11.529
  step 500/1999 best 11.397
  step 550/1999 best 11.531
  step 600/1999 best 11.481
  step 650/1999 best 11.463
  step 700/1999 best 11.516
  step 750/1999 best 11.535
  step 800/1999 best 11.411
  step 850/1999 best 11.545
  step 900/1999 best 11.414
  step 950/1999 best 11.493
  step 1000/1999 best 11.421
  step 1050/1999 best 11.569
  step 1100/1999 best 11.489
  step 1150/1999 best 11.525
  step 1200/1999 best 11.531
  step 1250/1999 best 11.579
  step 1300/1999 best 11.548
  step 1350/1999 best 11.477
  step 1400/1999 best 11.517
  step 1450/1999 best 11.437
  step 1500/1999 best 11.575
  step 1550/1999 best 11.480
  step 1600/1999 best 11.542
  step 1650/1999 best 11.522
  step 1700/1999 best 11.539
  step 1750/1999 best 11.500
  step 1800/1999 best 11.532
  step 1850/1999 best 11.480
  step 1900/1999 best 11.383
  step 1950/1999 best 11.509
saved SBC_CHAINS_cnn_vmim__n1_jitter_seed_s0_sim3062_row2657615_noise6107_6286_6465 (240000, 4) acc=0.463
  step 0/1999 best -16.001
  step 50/1999 best 9.981
  step 100/1999 best 12.432
  step 150/1999 best 13.984
  step 200/1999 best 14.308
  step 250/1999 best 14.465
  step 300/1999 best 14.489
  step 350/1999 best 14.489
  step 400/1999 best 14.419
  step 450/1999 best 14.504
  step 500/1999 best 14.461
  step 550/1999 best 14.493
  step 600/1999 best 14.407
  step 650/1999 best 14.329
  step 700/1999 best 14.392
  step 750/1999 best 14.469
  step 800/1999 best 14.452
  step 850/1999 best 14.479
  step 900/1999 best 14.425
  step 950/1999 best 14.422
  step 1000/1999 best 14.412
  step 1050/1999 best 14.439
  step 1100/1999 best 14.425
  step 1150/1999 best 14.443
  step 1200/1999 best 14.476
  step 1250/1999 best 14.499
  step 1300/1999 best 14.547
  step 1350/1999 best 14.472
  step 1400/1999 best 14.468
  step 1450/1999 best 14.474
  step 1500/1999 best 14.510
  step 1550/1999 best 14.487
  step 1600/1999 best 14.444
  step 1650/1999 best 14.469
  step 1700/1999 best 14.424
  step 1750/1999 best 14.539
  step 1800/1999 best 14.480
  step 1850/1999 best 14.392
  step 1900/1999 best 14.354
  step 1950/1999 best 14.509
saved SBC_CHAINS_cnn_vmim__n1_jitter_seed_s0_sim723_row672957_noise6513_6692_6871 (240000, 4) acc=0.376
  step 0/1999 best -33.752
  step 50/1999 best -1.382
  step 100/1999 best 8.687
  step 150/1999 best 9.588
  step 200/1999 best 9.761
  step 250/1999 best 9.893
  step 300/1999 best 9.820
  step 350/1999 best 9.864
  step 400/1999 best 9.953
  step 450/1999 best 9.892
  step 500/1999 best 9.875
  step 550/1999 best 9.935
  step 600/1999 best 9.914
  step 650/1999 best 9.896
  step 700/1999 best 9.901
  step 750/1999 best 9.849
  step 800/1999 best 9.780
  step 850/1999 best 9.889
  step 900/1999 best 9.963
  step 950/1999 best 9.955
  step 1000/1999 best 9.948
  step 1050/1999 best 9.890
  step 1100/1999 best 9.859
  step 1150/1999 best 9.973
  step 1200/1999 best 9.737
  step 1250/1999 best 9.876
  step 1300/1999 best 9.843
  step 1350/1999 best 9.896
  step 1400/1999 best 9.875
  step 1450/1999 best 9.967
  step 1500/1999 best 9.850
  step 1550/1999 best 9.768
  step 1600/1999 best 9.969
  step 1650/1999 best 9.945
  step 1700/1999 best 9.913
  step 1750/1999 best 9.851
  step 1800/1999 best 9.986
  step 1850/1999 best 9.939
  step 1900/1999 best 9.827
  step 1950/1999 best 9.894
saved SBC_CHAINS_cnn_vmim__n1_jitter_seed_s0_sim2827_row2422923_noise7287_7466_7645 (240000, 4) acc=0.421
  step 0/1999 best -22.870
  step 50/1999 best 9.710
  step 100/1999 best 11.251
  step 150/1999 best 11.429
  step 200/1999 best 12.412
  step 250/1999 best 12.459
  step 300/1999 best 12.471
  step 350/1999 best 12.438
  step 400/1999 best 12.495
  step 450/1999 best 12.535
  step 500/1999 best 12.295
  step 550/1999 best 12.346
  step 600/1999 best 12.481
  step 650/1999 best 12.463
  step 700/1999 best 12.550
  step 750/1999 best 12.517
  step 800/1999 best 12.545
  step 850/1999 best 12.378
  step 900/1999 best 12.368
  step 950/1999 best 12.413
  step 1000/1999 best 12.434
  step 1050/1999 best 12.482
  step 1100/1999 best 12.516
  step 1150/1999 best 12.444
  step 1200/1999 best 12.375
  step 1250/1999 best 12.464
  step 1300/1999 best 12.525
  step 1350/1999 best 12.516
  step 1400/1999 best 12.356
  step 1450/1999 best 12.376
  step 1500/1999 best 12.489
  step 1550/1999 best 12.500
  step 1600/1999 best 12.397
  step 1650/1999 best 12.570
  step 1700/1999 best 12.376
  step 1750/1999 best 12.514
  step 1800/1999 best 12.492
  step 1850/1999 best 12.324
  step 1900/1999 best 12.492
  step 1950/1999 best 12.402
saved SBC_CHAINS_cnn_vmim__n1_jitter_seed_s0_sim1759_row1512199_noise9815_166_345 (240000, 4) acc=0.293
  step 0/1999 best -23.634
  step 50/1999 best -0.653
  step 100/1999 best 8.981
  step 150/1999 best 12.504
  step 200/1999 best 12.346
  step 250/1999 best 12.622
  step 300/1999 best 12.654
  step 350/1999 best 12.565
  step 400/1999 best 12.695
  step 450/1999 best 12.749
  step 500/1999 best 12.782
  step 550/1999 best 12.653
  step 600/1999 best 12.819
  step 650/1999 best 12.732
  step 700/1999 best 12.692
  step 750/1999 best 12.664
  step 800/1999 best 12.777
  step 850/1999 best 12.696
  step 900/1999 best 12.699
  step 950/1999 best 12.672
  step 1000/1999 best 12.777
  step 1050/1999 best 12.827
  step 1100/1999 best 12.790
  step 1150/1999 best 12.745
  step 1200/1999 best 12.592
  step 1250/1999 best 12.635
  step 1300/1999 best 12.695
  step 1350/1999 best 12.829
  step 1400/1999 best 12.591
  step 1450/1999 best 12.818
  step 1500/1999 best 12.783
  step 1550/1999 best 12.711
  step 1600/1999 best 12.669
  step 1650/1999 best 12.786
  step 1700/1999 best 12.720
  step 1750/1999 best 12.760
  step 1800/1999 best 12.717
  step 1850/1999 best 12.730
  step 1900/1999 best 12.805
  step 1950/1999 best 12.818
saved SBC_CHAINS_cnn_vmim__n1_jitter_seed_s0_sim3010_row2605183_noise2815_2994_3173 (240000, 4) acc=0.403
  step 0/1999 best -27.577
  step 50/1999 best -3.405
  step 100/1999 best 3.684
  step 150/1999 best 6.469
  step 200/1999 best 7.682
  step 250/1999 best 9.838
  step 300/1999 best 9.716
  step 350/1999 best 9.837
  step 400/1999 best 9.888
  step 450/1999 best 9.746
  step 500/1999 best 9.874
  step 550/1999 best 9.854
  step 600/1999 best 9.883
  step 650/1999 best 9.938
  step 700/1999 best 9.850
  step 750/1999 best 9.841
  step 800/1999 best 9.864
  step 850/1999 best 9.930
  step 900/1999 best 9.943
  step 950/1999 best 9.701
  step 1000/1999 best 9.775
  step 1050/1999 best 9.859
  step 1100/1999 best 9.812
  step 1150/1999 best 9.872
  step 1200/1999 best 9.853
  step 1250/1999 best 9.932
  step 1300/1999 best 9.960
  step 1350/1999 best 9.827
  step 1400/1999 best 9.925
  step 1450/1999 best 9.840
  step 1500/1999 best 9.857
  step 1550/1999 best 9.897
  step 1600/1999 best 9.945
  step 1650/1999 best 9.882
  step 1700/1999 best 9.898
  step 1750/1999 best 9.875
  step 1800/1999 best 9.581
  step 1850/1999 best 9.831
  step 1900/1999 best 9.924
  step 1950/1999 best 9.869
saved SBC_CHAINS_cnn_vmim__n1_jitter_seed_s0_sim2950_row2545858_noise2458_2637_2816 (240000, 4) acc=0.354
  step 0/1999 best -13.616
  step 50/1999 best -2.587
  step 100/1999 best 3.679
  step 150/1999 best 8.795
  step 200/1999 best 10.755
  step 250/1999 best 11.143
  step 300/1999 best 11.918
  step 350/1999 best 11.705
  step 400/1999 best 11.639
  step 450/1999 best 11.916
  step 500/1999 best 11.933
  step 550/1999 best 11.744
  step 600/1999 best 12.061
  step 650/1999 best 12.081
  step 700/1999 best 11.987
  step 750/1999 best 11.831
  step 800/1999 best 12.037
  step 850/1999 best 11.952
  step 900/1999 best 12.131
  step 950/1999 best 12.125
  step 1000/1999 best 12.085
  step 1050/1999 best 12.038
  step 1100/1999 best 12.148
  step 1150/1999 best 12.036
  step 1200/1999 best 11.991
  step 1250/1999 best 12.129
  step 1300/1999 best 12.104
  step 1350/1999 best 12.078
  step 1400/1999 best 11.960
  step 1450/1999 best 11.863
  step 1500/1999 best 11.959
  step 1550/1999 best 11.997
  step 1600/1999 best 11.975
  step 1650/1999 best 12.060
  step 1700/1999 best 12.058
  step 1750/1999 best 12.057
  step 1800/1999 best 12.064
  step 1850/1999 best 11.893
  step 1900/1999 best 12.008
  step 1950/1999 best 12.094
saved SBC_CHAINS_cnn_vmim__n1_jitter_seed_s0_sim986_row935479_noise3679_3858_4037 (240000, 4) acc=0.220
  step 0/1999 best -9.987
  step 50/1999 best 13.297
  step 100/1999 best 13.609
  step 150/1999 best 14.010
  step 200/1999 best 14.085
  step 250/1999 best 14.063
  step 300/1999 best 14.104
  step 350/1999 best 14.155
  step 400/1999 best 14.126
  step 450/1999 best 14.123
  step 500/1999 best 13.915
  step 550/1999 best 14.068
  step 600/1999 best 13.961
  step 650/1999 best 13.987
  step 700/1999 best 14.067
  step 750/1999 best 14.070
  step 800/1999 best 14.048
  step 850/1999 best 14.130
  step 900/1999 best 14.112
  step 950/1999 best 14.135
  step 1000/1999 best 14.086
  step 1050/1999 best 14.099
  step 1100/1999 best 14.123
  step 1150/1999 best 14.027
  step 1200/1999 best 14.098
  step 1250/1999 best 14.124
  step 1300/1999 best 14.025
  step 1350/1999 best 14.010
  step 1400/1999 best 14.116
  step 1450/1999 best 14.045
  step 1500/1999 best 14.075
  step 1550/1999 best 14.097
  step 1600/1999 best 14.066
  step 1650/1999 best 14.072
  step 1700/1999 best 14.123
  step 1750/1999 best 14.121
  step 1800/1999 best 14.045
  step 1850/1999 best 14.055
  step 1900/1999 best 13.932
  step 1950/1999 best 14.048
saved SBC_CHAINS_cnn_vmim__n1_jitter_seed_s0_sim818_row767722_noise2998_3177_3356 (240000, 4) acc=0.500
  step 0/1999 best -18.857
  step 50/1999 best 7.906
  step 100/1999 best 10.174
  step 150/1999 best 10.175
  step 200/1999 best 10.955
  step 250/1999 best 10.556
  step 300/1999 best 10.900
  step 350/1999 best 10.953
  step 400/1999 best 11.185
  step 450/1999 best 10.980
  step 500/1999 best 10.955
  step 550/1999 best 11.038
  step 600/1999 best 10.999
  step 650/1999 best 11.246
  step 700/1999 best 11.075
  step 750/1999 best 10.998
  step 800/1999 best 11.109
  step 850/1999 best 11.071
  step 900/1999 best 11.196
  step 950/1999 best 10.922
  step 1000/1999 best 11.035
  step 1050/1999 best 10.835
  step 1100/1999 best 11.068
  step 1150/1999 best 11.027
  step 1200/1999 best 11.075
  step 1250/1999 best 11.177
  step 1300/1999 best 11.082
  step 1350/1999 best 11.041
  step 1400/1999 best 10.920
  step 1450/1999 best 10.870
  step 1500/1999 best 10.906
  step 1550/1999 best 10.904
  step 1600/1999 best 11.124
  step 1650/1999 best 11.232
  step 1700/1999 best 11.095
  step 1750/1999 best 10.893
  step 1800/1999 best 10.987
  step 1850/1999 best 11.124
  step 1900/1999 best 10.857
  step 1950/1999 best 11.044
saved SBC_CHAINS_cnn_vmim__n1_jitter_seed_s0_sim2083_row1693875_noise339_518_697 (240000, 4) acc=0.132
  step 0/1999 best -16.284
  step 50/1999 best 13.823
  step 100/1999 best 15.865
  step 150/1999 best 15.065
  step 200/1999 best 15.723
  step 250/1999 best 15.155
  step 300/1999 best 15.817
  step 350/1999 best 16.142
  step 400/1999 best 15.985
  step 450/1999 best 16.077
  step 500/1999 best 16.136
  step 550/1999 best 16.022
  step 600/1999 best 16.063
  step 650/1999 best 16.052
  step 700/1999 best 16.078
  step 750/1999 best 16.073
  step 800/1999 best 16.015
  step 850/1999 best 16.120
  step 900/1999 best 16.116
  step 950/1999 best 16.066
  step 1000/1999 best 16.143
  step 1050/1999 best 15.938
  step 1100/1999 best 15.986
  step 1150/1999 best 16.105
  step 1200/1999 best 16.028
  step 1250/1999 best 16.021
  step 1300/1999 best 16.167
  step 1350/1999 best 15.986
  step 1400/1999 best 15.883
  step 1450/1999 best 16.127
  step 1500/1999 best 15.970
  step 1550/1999 best 16.065
  step 1600/1999 best 15.969
  step 1650/1999 best 16.143
  step 1700/1999 best 16.034
  step 1750/1999 best 16.014
  step 1800/1999 best 15.896
  step 1850/1999 best 16.052
  step 1900/1999 best 16.067
  step 1950/1999 best 16.004
saved SBC_CHAINS_cnn_vmim__n1_jitter_seed_s0_sim111_row110018_noise2910_3089_3268 (240000, 4) acc=0.230
  step 0/1999 best -24.989
  step 50/1999 best -3.006
  step 100/1999 best 8.342
  step 150/1999 best 11.703
  step 200/1999 best 12.002
  step 250/1999 best 12.114
  step 300/1999 best 12.065
  step 350/1999 best 12.144
  step 400/1999 best 12.134
  step 450/1999 best 11.875
  step 500/1999 best 12.114
  step 550/1999 best 12.092
  step 600/1999 best 12.121
  step 650/1999 best 12.108
  step 700/1999 best 12.057
  step 750/1999 best 12.191
  step 800/1999 best 12.041
  step 850/1999 best 12.055
  step 900/1999 best 12.183
  step 950/1999 best 12.168
  step 1000/1999 best 12.131
  step 1050/1999 best 12.026
  step 1100/1999 best 12.202
  step 1150/1999 best 12.219
  step 1200/1999 best 12.074
  step 1250/1999 best 12.141
  step 1300/1999 best 12.168
  step 1350/1999 best 12.036
  step 1400/1999 best 12.120
  step 1450/1999 best 12.209
  step 1500/1999 best 12.095
  step 1550/1999 best 12.053
  step 1600/1999 best 12.181
  step 1650/1999 best 12.186
  step 1700/1999 best 12.141
  step 1750/1999 best 11.976
  step 1800/1999 best 12.189
  step 1850/1999 best 11.994
  step 1900/1999 best 12.176
  step 1950/1999 best 12.147
saved SBC_CHAINS_cnn_vmim__n1_jitter_seed_s0_sim2979_row2574938_noise2054_2233_2412 (240000, 4) acc=0.337
  step 0/1999 best -28.523
  step 50/1999 best -0.096
  step 100/1999 best 10.984
  step 150/1999 best 11.620
  step 200/1999 best 11.892
  step 250/1999 best 12.044
  step 300/1999 best 12.148
  step 350/1999 best 12.203
  step 400/1999 best 12.091
  step 450/1999 best 12.056
  step 500/1999 best 12.125
  step 550/1999 best 12.208
  step 600/1999 best 12.057
  step 650/1999 best 11.895
  step 700/1999 best 12.099
  step 750/1999 best 12.106
  step 800/1999 best 12.168
  step 850/1999 best 12.067
  step 900/1999 best 12.201
  step 950/1999 best 11.976
  step 1000/1999 best 12.006
  step 1050/1999 best 12.048
  step 1100/1999 best 12.170
  step 1150/1999 best 12.151
  step 1200/1999 best 12.009
  step 1250/1999 best 12.127
  step 1300/1999 best 12.005
  step 1350/1999 best 11.992
  step 1400/1999 best 12.140
  step 1450/1999 best 12.047
  step 1500/1999 best 12.128
  step 1550/1999 best 12.086
  step 1600/1999 best 12.172
  step 1650/1999 best 12.183
  step 1700/1999 best 12.035
  step 1750/1999 best 12.207
  step 1800/1999 best 12.139
  step 1850/1999 best 12.172
  step 1900/1999 best 12.134
  step 1950/1999 best 12.176
saved SBC_CHAINS_cnn_vmim__n1_jitter_seed_s0_sim2005_row1616667_noise755_934_1113 (240000, 4) acc=0.177
  step 0/1999 best -13.405
  step 50/1999 best 2.721
  step 100/1999 best 11.040
  step 150/1999 best 10.103
  step 200/1999 best 10.868
  step 250/1999 best 11.558
  step 300/1999 best 11.438
  step 350/1999 best 11.468
  step 400/1999 best 11.370
  step 450/1999 best 11.345
  step 500/1999 best 11.496
  step 550/1999 best 11.544
  step 600/1999 best 11.457
  step 650/1999 best 11.565
  step 700/1999 best 11.480
  step 750/1999 best 11.396
  step 800/1999 best 11.378
  step 850/1999 best 11.529
  step 900/1999 best 11.459
  step 950/1999 best 11.581
  step 1000/1999 best 11.515
  step 1050/1999 best 11.539
  step 1100/1999 best 11.474
  step 1150/1999 best 11.557
  step 1200/1999 best 11.576
  step 1250/1999 best 11.489
  step 1300/1999 best 11.393
  step 1350/1999 best 11.480
  step 1400/1999 best 11.572
  step 1450/1999 best 11.587
  step 1500/1999 best 11.422
  step 1550/1999 best 11.512
  step 1600/1999 best 11.559
  step 1650/1999 best 11.470
  step 1700/1999 best 11.518
  step 1750/1999 best 11.543
  step 1800/1999 best 11.474
  step 1850/1999 best 11.438
  step 1900/1999 best 11.469
  step 1950/1999 best 11.338
saved SBC_CHAINS_cnn_vmim__n1_jitter_seed_s0_sim766_row715217_noise9461_9640_9819 (240000, 4) acc=0.264
  step 0/1999 best -23.083
  step 50/1999 best 6.344
  step 100/1999 best 11.880
  step 150/1999 best 12.567
  step 200/1999 best 12.575
  step 250/1999 best 12.519
  step 300/1999 best 12.541
  step 350/1999 best 12.455
  step 400/1999 best 12.536
  step 450/1999 best 12.492
  step 500/1999 best 12.381
  step 550/1999 best 12.458
  step 600/1999 best 12.586
  step 650/1999 best 12.388
  step 700/1999 best 12.485
  step 750/1999 best 12.435
  step 800/1999 best 12.439
  step 850/1999 best 12.317
  step 900/1999 best 12.578
  step 950/1999 best 12.571
  step 1000/1999 best 12.512
  step 1050/1999 best 12.419
  step 1100/1999 best 12.475
  step 1150/1999 best 12.531
  step 1200/1999 best 12.497
  step 1250/1999 best 12.539
  step 1300/1999 best 12.525
  step 1350/1999 best 12.366
  step 1400/1999 best 12.539
  step 1450/1999 best 12.435
  step 1500/1999 best 12.533
  step 1550/1999 best 12.344
  step 1600/1999 best 12.503
  step 1650/1999 best 12.429
  step 1700/1999 best 12.313
  step 1750/1999 best 12.551
  step 1800/1999 best 12.548
  step 1850/1999 best 12.296
  step 1900/1999 best 12.462
  step 1950/1999 best 12.540
saved SBC_CHAINS_cnn_vmim__n1_jitter_seed_s0_sim1310_row1119233_noise3109_3288_3467 (240000, 4) acc=0.295
  step 0/1999 best -20.855
  step 50/1999 best -4.935
  step 100/1999 best 11.163
  step 150/1999 best 11.046
  step 200/1999 best 13.211
  step 250/1999 best 13.792
  step 300/1999 best 13.648
  step 350/1999 best 13.833
  step 400/1999 best 13.713
  step 450/1999 best 13.576
  step 500/1999 best 13.875
  step 550/1999 best 13.756
  step 600/1999 best 13.820
  step 650/1999 best 13.820
  step 700/1999 best 13.821
  step 750/1999 best 13.679
  step 800/1999 best 13.794
  step 850/1999 best 13.806
  step 900/1999 best 13.745
  step 950/1999 best 13.744
  step 1000/1999 best 13.828
  step 1050/1999 best 13.750
  step 1100/1999 best 13.842
  step 1150/1999 best 13.821
  step 1200/1999 best 13.800
  step 1250/1999 best 13.783
  step 1300/1999 best 13.833
  step 1350/1999 best 13.833
  step 1400/1999 best 13.739
  step 1450/1999 best 13.840
  step 1500/1999 best 13.807
  step 1550/1999 best 13.886
  step 1600/1999 best 13.775
  step 1650/1999 best 13.862
  step 1700/1999 best 13.809
  step 1750/1999 best 13.796
  step 1800/1999 best 13.797
  step 1850/1999 best 13.763
  step 1900/1999 best 13.809
  step 1950/1999 best 13.808
saved SBC_CHAINS_cnn_vmim__n1_jitter_seed_s0_sim1774_row1526726_noise5686_5865_6044 (240000, 4) acc=0.318
  step 0/1999 best -19.892
  step 50/1999 best -4.437
  step 100/1999 best 2.928
  step 150/1999 best 9.334
  step 200/1999 best 9.109
  step 250/1999 best 12.631
  step 300/1999 best 13.440
  step 350/1999 best 13.110
  step 400/1999 best 13.142
  step 450/1999 best 13.341
  step 500/1999 best 13.182
  step 550/1999 best 13.293
  step 600/1999 best 13.326
  step 650/1999 best 13.306
  step 700/1999 best 13.314
  step 750/1999 best 13.436
  step 800/1999 best 13.331
  step 850/1999 best 13.410
  step 900/1999 best 13.409
  step 950/1999 best 13.417
  step 1000/1999 best 13.410
  step 1050/1999 best 13.462
  step 1100/1999 best 13.429
  step 1150/1999 best 13.409
  step 1200/1999 best 13.428
  step 1250/1999 best 13.423
  step 1300/1999 best 13.402
  step 1350/1999 best 13.442
  step 1400/1999 best 13.446
  step 1450/1999 best 13.376
  step 1500/1999 best 13.390
  step 1550/1999 best 13.423
  step 1600/1999 best 13.317
  step 1650/1999 best 13.422
  step 1700/1999 best 13.430
  step 1750/1999 best 13.361
  step 1800/1999 best 13.238
  step 1850/1999 best 13.304
  step 1900/1999 best 13.378
  step 1950/1999 best 13.322
saved SBC_CHAINS_cnn_vmim__n1_jitter_seed_s0_sim3070_row2665465_noise4129_4308_4487 (240000, 4) acc=0.330
  step 0/1999 best -22.398
  step 50/1999 best 7.241
  step 100/1999 best 8.387
  step 150/1999 best 8.387
  step 200/1999 best 10.715
  step 250/1999 best 10.876
  step 300/1999 best 11.926
  step 350/1999 best 11.559
  step 400/1999 best 11.990
  step 450/1999 best 11.888
  step 500/1999 best 11.952
  step 550/1999 best 11.846
  step 600/1999 best 11.833
  step 650/1999 best 11.911
  step 700/1999 best 11.943
  step 750/1999 best 11.897
  step 800/1999 best 11.926
  step 850/1999 best 11.887
  step 900/1999 best 11.984
  step 950/1999 best 11.789
  step 1000/1999 best 11.806
  step 1050/1999 best 11.793
  step 1100/1999 best 11.944
  step 1150/1999 best 11.842
  step 1200/1999 best 11.978
  step 1250/1999 best 11.910
  step 1300/1999 best 11.818
  step 1350/1999 best 11.801
  step 1400/1999 best 11.885
  step 1450/1999 best 11.886
  step 1500/1999 best 11.888
  step 1550/1999 best 11.856
  step 1600/1999 best 11.945
  step 1650/1999 best 11.916
  step 1700/1999 best 11.964
  step 1750/1999 best 11.949
  step 1800/1999 best 11.904
  step 1850/1999 best 11.818
  step 1900/1999 best 11.766
  step 1950/1999 best 11.838
saved SBC_CHAINS_cnn_vmim__n1_jitter_seed_s0_sim2431_row2030034_noise3518_3697_3876 (240000, 4) acc=0.237
  step 0/1999 best -25.841
  step 50/1999 best 11.202
  step 100/1999 best 12.266
  step 150/1999 best 11.355
  step 200/1999 best 13.514
  step 250/1999 best 13.385
  step 300/1999 best 13.553
  step 350/1999 best 13.612
  step 400/1999 best 13.540
  step 450/1999 best 13.583
  step 500/1999 best 13.493
  step 550/1999 best 13.495
  step 600/1999 best 13.467
  step 650/1999 best 13.461
  step 700/1999 best 13.595
  step 750/1999 best 13.582
  step 800/1999 best 13.532
  step 850/1999 best 13.418
  step 900/1999 best 13.502
  step 950/1999 best 13.551
  step 1000/1999 best 13.550
  step 1050/1999 best 13.607
  step 1100/1999 best 13.596
  step 1150/1999 best 13.559
  step 1200/1999 best 13.568
  step 1250/1999 best 13.425
  step 1300/1999 best 13.560
  step 1350/1999 best 13.558
  step 1400/1999 best 13.444
  step 1450/1999 best 13.479
  step 1500/1999 best 13.450
  step 1550/1999 best 13.471
  step 1600/1999 best 13.493
  step 1650/1999 best 13.469
  step 1700/1999 best 13.419
  step 1750/1999 best 13.553
  step 1800/1999 best 13.507
  step 1850/1999 best 13.487
  step 1900/1999 best 13.601
  step 1950/1999 best 13.534
saved SBC_CHAINS_cnn_vmim__n1_jitter_seed_s0_sim1508_row1285384_noise4700_4879_5058 (240000, 4) acc=0.241
  step 0/1999 best -19.413
  step 50/1999 best -5.482
  step 100/1999 best 3.343
  step 150/1999 best 5.200
  step 200/1999 best 8.254
  step 250/1999 best 12.210
  step 300/1999 best 13.212
  step 350/1999 best 13.104
  step 400/1999 best 12.941
  step 450/1999 best 13.245
  step 500/1999 best 13.568
  step 550/1999 best 13.347
  step 600/1999 best 13.432
  step 650/1999 best 13.347
  step 700/1999 best 13.459
  step 750/1999 best 13.553
  step 800/1999 best 13.555
  step 850/1999 best 13.562
  step 900/1999 best 13.375
  step 950/1999 best 13.526
  step 1000/1999 best 13.374
  step 1050/1999 best 13.277
  step 1100/1999 best 13.599
  step 1150/1999 best 13.512
  step 1200/1999 best 13.440
  step 1250/1999 best 13.574
  step 1300/1999 best 13.514
  step 1350/1999 best 13.351
  step 1400/1999 best 13.360
  step 1450/1999 best 13.271
  step 1500/1999 best 13.446
  step 1550/1999 best 13.468
  step 1600/1999 best 13.506
  step 1650/1999 best 13.451
  step 1700/1999 best 13.439
  step 1750/1999 best 13.369
  step 1800/1999 best 13.473
  step 1850/1999 best 13.549
  step 1900/1999 best 13.324
  step 1950/1999 best 13.342
saved SBC_CHAINS_cnn_vmim__n1_jitter_seed_s0_sim412_row390509_noise9561_9740_91 (240000, 4) acc=0.164
  step 0/1999 best -12.691
  step 50/1999 best -5.212
  step 100/1999 best 6.924
  step 150/1999 best 13.047
  step 200/1999 best 13.903
  step 250/1999 best 14.522
  step 300/1999 best 15.433
  step 350/1999 best 15.431
  step 400/1999 best 15.368
  step 450/1999 best 15.410
  step 500/1999 best 15.449
  step 550/1999 best 15.369
  step 600/1999 best 15.378
  step 650/1999 best 15.434
  step 700/1999 best 15.337
  step 750/1999 best 15.414
  step 800/1999 best 15.341
  step 850/1999 best 15.445
  step 900/1999 best 15.330
  step 950/1999 best 15.221
  step 1000/1999 best 15.412
  step 1050/1999 best 15.454
  step 1100/1999 best 15.382
  step 1150/1999 best 15.348
  step 1200/1999 best 15.364
  step 1250/1999 best 15.223
  step 1300/1999 best 15.407
  step 1350/1999 best 15.291
  step 1400/1999 best 15.379
  step 1450/1999 best 15.251
  step 1500/1999 best 15.360
  step 1550/1999 best 15.423
  step 1600/1999 best 15.383
  step 1650/1999 best 15.395
  step 1700/1999 best 15.460
  step 1750/1999 best 15.404
  step 1800/1999 best 15.394
  step 1850/1999 best 15.436
  step 1900/1999 best 15.402
  step 1950/1999 best 15.365
saved SBC_CHAINS_cnn_vmim__n1_jitter_seed_s0_sim1744_row1497801_noise5245_5424_5603 (240000, 4) acc=0.315
  step 0/1999 best -32.839
  step 50/1999 best -7.198
  step 100/1999 best 7.564
  step 150/1999 best 8.730
  step 200/1999 best 9.675
  step 250/1999 best 9.786
  step 300/1999 best 10.010
  step 350/1999 best 10.325
  step 400/1999 best 10.224
  step 450/1999 best 10.184
  step 500/1999 best 10.183
  step 550/1999 best 10.238
  step 600/1999 best 10.198
  step 650/1999 best 10.181
  step 700/1999 best 10.034
  step 750/1999 best 10.262
  step 800/1999 best 10.278
  step 850/1999 best 10.245
  step 900/1999 best 10.263
  step 950/1999 best 10.209
  step 1000/1999 best 10.196
  step 1050/1999 best 10.287
  step 1100/1999 best 10.289
  step 1150/1999 best 10.195
  step 1200/1999 best 10.206
  step 1250/1999 best 10.150
  step 1300/1999 best 10.319
  step 1350/1999 best 10.123
  step 1400/1999 best 10.210
  step 1450/1999 best 10.302
  step 1500/1999 best 10.082
  step 1550/1999 best 10.295
  step 1600/1999 best 10.130
  step 1650/1999 best 10.272
  step 1700/1999 best 10.260
  step 1750/1999 best 10.227
  step 1800/1999 best 10.239
  step 1850/1999 best 10.261
  step 1900/1999 best 10.289
  step 1950/1999 best 10.218
saved SBC_CHAINS_cnn_vmim__n1_jitter_seed_s0_sim2833_row2428675_noise3211_3390_3569 (240000, 4) acc=0.383
  step 0/1999 best -9.459
  step 50/1999 best -0.251
  step 100/1999 best 0.110
  step 150/1999 best 10.935
  step 200/1999 best 12.048
  step 250/1999 best 12.194
  step 300/1999 best 11.955
  step 350/1999 best 12.397
  step 400/1999 best 12.057
  step 450/1999 best 12.357
  step 500/1999 best 13.034
  step 550/1999 best 12.827
  step 600/1999 best 12.981
  step 650/1999 best 12.974
  step 700/1999 best 13.058
  step 750/1999 best 12.920
  step 800/1999 best 12.902
  step 850/1999 best 13.011
  step 900/1999 best 12.909
  step 950/1999 best 12.987
  step 1000/1999 best 13.068
  step 1050/1999 best 13.012
  step 1100/1999 best 13.096
  step 1150/1999 best 13.028
  step 1200/1999 best 12.992
  step 1250/1999 best 13.096
  step 1300/1999 best 12.932
  step 1350/1999 best 13.042
  step 1400/1999 best 13.014
  step 1450/1999 best 12.979
  step 1500/1999 best 13.105
  step 1550/1999 best 13.091
  step 1600/1999 best 13.037
  step 1650/1999 best 13.103
  step 1700/1999 best 13.077
  step 1750/1999 best 13.092
  step 1800/1999 best 13.053
  step 1850/1999 best 12.848
  step 1900/1999 best 13.068
  step 1950/1999 best 13.094
saved SBC_CHAINS_cnn_vmim__n1_jitter_seed_s0_sim2475_row2074980_noise9152_9331_9510 (240000, 4) acc=0.291
  step 0/1999 best -17.588
  step 50/1999 best 4.643
  step 100/1999 best 10.792
  step 150/1999 best 11.513
  step 200/1999 best 12.493
  step 250/1999 best 13.041
  step 300/1999 best 13.090
  step 350/1999 best 13.200
  step 400/1999 best 12.906
  step 450/1999 best 13.215
  step 500/1999 best 13.187
  step 550/1999 best 13.162
  step 600/1999 best 13.087
  step 650/1999 best 13.087
  step 700/1999 best 13.276
  step 750/1999 best 13.246
  step 800/1999 best 13.238
  step 850/1999 best 13.172
  step 900/1999 best 13.120
  step 950/1999 best 13.144
  step 1000/1999 best 13.147
  step 1050/1999 best 13.043
  step 1100/1999 best 13.010
  step 1150/1999 best 13.188
  step 1200/1999 best 13.040
  step 1250/1999 best 13.224
  step 1300/1999 best 13.107
  step 1350/1999 best 13.209
  step 1400/1999 best 13.181
  step 1450/1999 best 13.064
  step 1500/1999 best 13.259
  step 1550/1999 best 13.205
  step 1600/1999 best 13.242
  step 1650/1999 best 13.149
  step 1700/1999 best 13.224
  step 1750/1999 best 13.230
  step 1800/1999 best 12.947
  step 1850/1999 best 13.201
  step 1900/1999 best 13.260
  step 1950/1999 best 13.212
saved SBC_CHAINS_cnn_vmim__n1_jitter_seed_s0_sim963_row912058_noise9742_93_272 (240000, 4) acc=0.271
  step 0/1999 best -9.869
  step 50/1999 best 4.644
  step 100/1999 best 8.454
  step 150/1999 best 10.236
  step 200/1999 best 10.103
  step 250/1999 best 10.428
  step 300/1999 best 10.441
  step 350/1999 best 10.359
  step 400/1999 best 10.435
  step 450/1999 best 10.320
  step 500/1999 best 10.364
  step 550/1999 best 10.343
  step 600/1999 best 10.389
  step 650/1999 best 10.427
  step 700/1999 best 10.392
  step 750/1999 best 10.401
  step 800/1999 best 10.486
  step 850/1999 best 10.390
  step 900/1999 best 10.300
  step 950/1999 best 10.331
  step 1000/1999 best 10.309
  step 1050/1999 best 10.206
  step 1100/1999 best 10.337
  step 1150/1999 best 10.360
  step 1200/1999 best 10.335
  step 1250/1999 best 10.385
  step 1300/1999 best 10.439
  step 1350/1999 best 10.332
  step 1400/1999 best 10.225
  step 1450/1999 best 10.357
  step 1500/1999 best 10.326
  step 1550/1999 best 10.441
  step 1600/1999 best 10.271
  step 1650/1999 best 10.322
  step 1700/1999 best 10.464
  step 1750/1999 best 10.416
  step 1800/1999 best 10.393
  step 1850/1999 best 10.300
  step 1900/1999 best 10.338
  step 1950/1999 best 10.449
saved SBC_CHAINS_cnn_vmim__n1_jitter_seed_s0_sim1778_row1530769_noise9729_80_259 (240000, 4) acc=0.327
  step 0/1999 best -19.299
  step 50/1999 best 6.214
  step 100/1999 best 11.182
  step 150/1999 best 11.673
  step 200/1999 best 11.628
  step 250/1999 best 11.745
  step 300/1999 best 12.028
  step 350/1999 best 11.736
  step 400/1999 best 11.906
  step 450/1999 best 11.831
  step 500/1999 best 12.008
  step 550/1999 best 11.885
  step 600/1999 best 11.861
  step 650/1999 best 12.060
  step 700/1999 best 12.049
  step 750/1999 best 11.969
  step 800/1999 best 11.927
  step 850/1999 best 11.903
  step 900/1999 best 12.016
  step 950/1999 best 11.918
  step 1000/1999 best 11.993
  step 1050/1999 best 12.065
  step 1100/1999 best 12.086
  step 1150/1999 best 12.010
  step 1200/1999 best 12.059
  step 1250/1999 best 12.030
  step 1300/1999 best 11.947
  step 1350/1999 best 11.995
  step 1400/1999 best 12.089
  step 1450/1999 best 12.077
  step 1500/1999 best 12.054
  step 1550/1999 best 12.021
  step 1600/1999 best 11.966
  step 1650/1999 best 12.057
  step 1700/1999 best 12.078
  step 1750/1999 best 12.072
  step 1800/1999 best 11.955
  step 1850/1999 best 11.931
  step 1900/1999 best 11.955
  step 1950/1999 best 11.923
saved SBC_CHAINS_cnn_vmim__n1_jitter_seed_s0_sim3058_row2653107_noise1599_1778_1957 (240000, 4) acc=0.374
  step 0/1999 best -10.543
  step 50/1999 best -2.149
  step 100/1999 best -1.408
  step 150/1999 best 1.290
  step 200/1999 best 13.698
  step 250/1999 best 14.034
  step 300/1999 best 14.245
  step 350/1999 best 14.226
  step 400/1999 best 13.939
  step 450/1999 best 13.855
  step 500/1999 best 14.062
  step 550/1999 best 14.126
  step 600/1999 best 14.237
  step 650/1999 best 13.941
  step 700/1999 best 14.195
  step 750/1999 best 14.082
  step 800/1999 best 14.204
  step 850/1999 best 14.156
  step 900/1999 best 14.231
  step 950/1999 best 14.157
  step 1000/1999 best 14.170
  step 1050/1999 best 14.246
  step 1100/1999 best 14.159
  step 1150/1999 best 14.165
  step 1200/1999 best 14.113
  step 1250/1999 best 14.299
  step 1300/1999 best 14.237
  step 1350/1999 best 14.188
  step 1400/1999 best 14.264
  step 1450/1999 best 14.172
  step 1500/1999 best 14.138
  step 1550/1999 best 14.206
  step 1600/1999 best 14.171
  step 1650/1999 best 14.229
  step 1700/1999 best 14.080
  step 1750/1999 best 14.049
  step 1800/1999 best 14.196
  step 1850/1999 best 14.219
  step 1900/1999 best 14.293
  step 1950/1999 best 14.274
saved SBC_CHAINS_cnn_vmim__n1_jitter_seed_s0_sim2056_row1666927_noise2875_3054_3233 (240000, 4) acc=0.174
  step 0/1999 best -10.712
  step 50/1999 best -2.873
  step 100/1999 best 8.982
  step 150/1999 best 9.944
  step 200/1999 best 13.009
  step 250/1999 best 12.966
  step 300/1999 best 13.381
  step 350/1999 best 13.751
  step 400/1999 best 13.460
  step 450/1999 best 13.569
  step 500/1999 best 13.782
  step 550/1999 best 13.711
  step 600/1999 best 13.859
  step 650/1999 best 13.687
  step 700/1999 best 13.678
  step 750/1999 best 13.773
  step 800/1999 best 13.788
  step 850/1999 best 13.779
  step 900/1999 best 13.823
  step 950/1999 best 13.603
  step 1000/1999 best 13.780
  step 1050/1999 best 13.771
  step 1100/1999 best 13.472
  step 1150/1999 best 13.774
  step 1200/1999 best 13.849
  step 1250/1999 best 13.810
  step 1300/1999 best 13.818
  step 1350/1999 best 13.788
  step 1400/1999 best 13.814
  step 1450/1999 best 13.756
  step 1500/1999 best 13.838
  step 1550/1999 best 13.754
  step 1600/1999 best 13.669
  step 1650/1999 best 13.871
  step 1700/1999 best 13.717
  step 1750/1999 best 13.636
  step 1800/1999 best 13.850
  step 1850/1999 best 13.756
  step 1900/1999 best 13.681
  step 1950/1999 best 13.758
saved SBC_CHAINS_cnn_vmim__n1_jitter_seed_s0_sim2378_row1977125_noise9577_9756_107 (240000, 4) acc=0.296
  step 0/1999 best -18.709
  step 50/1999 best -3.206
  step 100/1999 best -1.675
  step 150/1999 best 2.553
  step 200/1999 best 11.461
  step 250/1999 best 11.957
  step 300/1999 best 12.115
  step 350/1999 best 11.787
  step 400/1999 best 12.397
  step 450/1999 best 12.619
  step 500/1999 best 12.630
  step 550/1999 best 12.556
  step 600/1999 best 12.372
  step 650/1999 best 12.485
  step 700/1999 best 12.500
  step 750/1999 best 12.513
  step 800/1999 best 12.458
  step 850/1999 best 12.534
  step 900/1999 best 12.472
  step 950/1999 best 12.627
  step 1000/1999 best 12.466
  step 1050/1999 best 12.487
  step 1100/1999 best 12.376
  step 1150/1999 best 12.563
  step 1200/1999 best 12.555
  step 1250/1999 best 12.534
  step 1300/1999 best 12.525
  step 1350/1999 best 12.585
  step 1400/1999 best 12.583
  step 1450/1999 best 12.443
  step 1500/1999 best 12.599
  step 1550/1999 best 12.423
  step 1600/1999 best 12.593
  step 1650/1999 best 12.637
  step 1700/1999 best 12.486
  step 1750/1999 best 12.556
  step 1800/1999 best 12.622
  step 1850/1999 best 12.612
  step 1900/1999 best 12.473
  step 1950/1999 best 12.577
saved SBC_CHAINS_cnn_vmim__n1_jitter_seed_s0_sim2434_row2033235_noise6719_6898_7077 (240000, 4) acc=0.250
  step 0/1999 best -14.665
  step 50/1999 best 4.650
  step 100/1999 best 11.737
  step 150/1999 best 13.980
  step 200/1999 best 14.705
  step 250/1999 best 15.135
  step 300/1999 best 15.242
  step 350/1999 best 15.170
  step 400/1999 best 15.031
  step 450/1999 best 15.283
  step 500/1999 best 15.311
  step 550/1999 best 15.275
  step 600/1999 best 15.319
  step 650/1999 best 15.224
  step 700/1999 best 15.238
  step 750/1999 best 15.321
  step 800/1999 best 15.109
  step 850/1999 best 15.245
  step 900/1999 best 15.169
  step 950/1999 best 15.117
  step 1000/1999 best 15.248
  step 1050/1999 best 15.311
  step 1100/1999 best 15.220
  step 1150/1999 best 15.342
  step 1200/1999 best 15.208
  step 1250/1999 best 15.318
  step 1300/1999 best 15.364
  step 1350/1999 best 15.311
  step 1400/1999 best 15.309
  step 1450/1999 best 15.289
  step 1500/1999 best 15.222
  step 1550/1999 best 15.127
  step 1600/1999 best 15.097
  step 1650/1999 best 15.176
  step 1700/1999 best 15.299
  step 1750/1999 best 15.240
  step 1800/1999 best 15.238
  step 1850/1999 best 15.329
  step 1900/1999 best 15.342
  step 1950/1999 best 15.219
saved SBC_CHAINS_cnn_vmim__n1_jitter_seed_s0_sim2002_row1613016_noise6932_7111_7290 (240000, 4) acc=0.232
  step 0/1999 best -10.131
  step 50/1999 best -0.604
  step 100/1999 best 8.940
  step 150/1999 best 13.673
  step 200/1999 best 14.021
  step 250/1999 best 14.198
  step 300/1999 best 14.100
  step 350/1999 best 13.982
  step 400/1999 best 13.962
  step 450/1999 best 14.144
  step 500/1999 best 14.095
  step 550/1999 best 14.035
  step 600/1999 best 14.235
  step 650/1999 best 14.130
  step 700/1999 best 14.084
  step 750/1999 best 14.257
  step 800/1999 best 14.089
  step 850/1999 best 14.188
  step 900/1999 best 14.256
  step 950/1999 best 14.192
  step 1000/1999 best 14.173
  step 1050/1999 best 14.150
  step 1100/1999 best 14.237
  step 1150/1999 best 14.192
  step 1200/1999 best 14.072
  step 1250/1999 best 14.181
  step 1300/1999 best 14.142
  step 1350/1999 best 14.082
  step 1400/1999 best 14.260
  step 1450/1999 best 14.063
  step 1500/1999 best 14.202
  step 1550/1999 best 14.183
  step 1600/1999 best 14.165
  step 1650/1999 best 14.110
  step 1700/1999 best 14.100
  step 1750/1999 best 14.148
  step 1800/1999 best 14.248
  step 1850/1999 best 14.261
  step 1900/1999 best 14.122
  step 1950/1999 best 14.174
saved SBC_CHAINS_cnn_vmim__n1_jitter_seed_s0_sim128_row119344_noise580_759_938 (240000, 4) acc=0.248
  step 0/1999 best -18.776
  step 50/1999 best 8.384
  step 100/1999 best 10.245
  step 150/1999 best 13.053
  step 200/1999 best 13.450
  step 250/1999 best 13.071
  step 300/1999 best 13.587
  step 350/1999 best 13.767
  step 400/1999 best 13.666
  step 450/1999 best 13.890
  step 500/1999 best 13.817
  step 550/1999 best 13.913
  step 600/1999 best 13.836
  step 650/1999 best 13.629
  step 700/1999 best 13.811
  step 750/1999 best 13.778
  step 800/1999 best 13.950
  step 850/1999 best 13.894
  step 900/1999 best 13.749
  step 950/1999 best 13.895
  step 1000/1999 best 13.861
  step 1050/1999 best 13.813
  step 1100/1999 best 13.832
  step 1150/1999 best 13.906
  step 1200/1999 best 13.951
  step 1250/1999 best 13.884
  step 1300/1999 best 13.710
  step 1350/1999 best 13.928
  step 1400/1999 best 13.840
  step 1450/1999 best 13.889
  step 1500/1999 best 13.945
  step 1550/1999 best 13.948
  step 1600/1999 best 13.852
  step 1650/1999 best 13.917
  step 1700/1999 best 13.901
  step 1750/1999 best 13.783
  step 1800/1999 best 13.818
  step 1850/1999 best 13.930
  step 1900/1999 best 13.905
  step 1950/1999 best 13.972
saved SBC_CHAINS_cnn_vmim__n1_jitter_seed_s0_sim916_row865093_noise2089_2268_2447 (240000, 4) acc=0.234
  step 0/1999 best -23.546
  step 50/1999 best 4.421
  step 100/1999 best 8.318
  step 150/1999 best 13.871
  step 200/1999 best 14.572
  step 250/1999 best 14.745
  step 300/1999 best 14.832
  step 350/1999 best 15.082
  step 400/1999 best 14.914
  step 450/1999 best 14.909
  step 500/1999 best 14.790
  step 550/1999 best 14.918
  step 600/1999 best 15.021
  step 650/1999 best 14.886
  step 700/1999 best 15.047
  step 750/1999 best 15.064
  step 800/1999 best 15.090
  step 850/1999 best 14.957
  step 900/1999 best 15.042
  step 950/1999 best 14.954
  step 1000/1999 best 14.832
  step 1050/1999 best 14.921
  step 1100/1999 best 14.975
  step 1150/1999 best 14.980
  step 1200/1999 best 14.927
  step 1250/1999 best 15.033
  step 1300/1999 best 15.105
  step 1350/1999 best 14.903
  step 1400/1999 best 14.978
  step 1450/1999 best 15.039
  step 1500/1999 best 14.845
  step 1550/1999 best 14.912
  step 1600/1999 best 14.968
  step 1650/1999 best 14.920
  step 1700/1999 best 14.945
  step 1750/1999 best 14.940
  step 1800/1999 best 15.019
  step 1850/1999 best 14.981
  step 1900/1999 best 14.996
  step 1950/1999 best 14.881
saved SBC_CHAINS_cnn_vmim__n1_jitter_seed_s0_sim291_row277060_noise6048_6227_6406 (240000, 4) acc=0.237
  step 0/1999 best -24.953
  step 50/1999 best 11.115
  step 100/1999 best 8.996
  step 150/1999 best 12.030
  step 200/1999 best 12.987
  step 250/1999 best 14.004
  step 300/1999 best 13.742
  step 350/1999 best 13.416
  step 400/1999 best 13.617
  step 450/1999 best 13.752
  step 500/1999 best 13.799
  step 550/1999 best 13.959
  step 600/1999 best 14.171
  step 650/1999 best 13.917
  step 700/1999 best 14.112
  step 750/1999 best 13.951
  step 800/1999 best 14.155
  step 850/1999 best 14.127
  step 900/1999 best 13.887
  step 950/1999 best 13.920
  step 1000/1999 best 13.916
  step 1050/1999 best 14.083
  step 1100/1999 best 14.129
  step 1150/1999 best 14.066
  step 1200/1999 best 13.958
  step 1250/1999 best 14.086
  step 1300/1999 best 14.089
  step 1350/1999 best 14.010
  step 1400/1999 best 13.991
  step 1450/1999 best 13.912
  step 1500/1999 best 13.864
  step 1550/1999 best 14.091
  step 1600/1999 best 14.017
  step 1650/1999 best 14.101
  step 1700/1999 best 14.066
  step 1750/1999 best 13.896
  step 1800/1999 best 14.103
  step 1850/1999 best 14.071
  step 1900/1999 best 14.025
  step 1950/1999 best 14.054
saved SBC_CHAINS_cnn_vmim__n1_jitter_seed_s0_sim349_row335086_noise5106_5285_5464 (240000, 4) acc=0.186
  step 0/1999 best -22.256
  step 50/1999 best 6.451
  step 100/1999 best 12.849
  step 150/1999 best 14.869
  step 200/1999 best 15.673
  step 250/1999 best 14.765
  step 300/1999 best 15.823
  step 350/1999 best 15.791
  step 400/1999 best 15.907
  step 450/1999 best 15.917
  step 500/1999 best 15.987
  step 550/1999 best 15.907
  step 600/1999 best 15.883
  step 650/1999 best 15.956
  step 700/1999 best 15.979
  step 750/1999 best 16.000
  step 800/1999 best 15.967
  step 850/1999 best 15.941
  step 900/1999 best 15.928
  step 950/1999 best 15.971
  step 1000/1999 best 15.928
  step 1050/1999 best 15.906
  step 1100/1999 best 15.899
  step 1150/1999 best 15.999
  step 1200/1999 best 15.890
  step 1250/1999 best 15.954
  step 1300/1999 best 15.873
  step 1350/1999 best 16.010
  step 1400/1999 best 15.951
  step 1450/1999 best 15.945
  step 1500/1999 best 15.920
  step 1550/1999 best 16.011
  step 1600/1999 best 15.942
  step 1650/1999 best 15.940
  step 1700/1999 best 15.973
  step 1750/1999 best 15.850
  step 1800/1999 best 15.902
  step 1850/1999 best 15.995
  step 1900/1999 best 15.949
  step 1950/1999 best 15.864
saved SBC_CHAINS_cnn_vmim__n1_jitter_seed_s0_sim1354_row1163542_noise8106_8285_8464 (240000, 4) acc=0.277
  step 0/1999 best -22.614
  step 50/1999 best 0.207
  step 100/1999 best 8.665
  step 150/1999 best 10.684
  step 200/1999 best 13.355
  step 250/1999 best 13.736
  step 300/1999 best 13.806
  step 350/1999 best 13.684
  step 400/1999 best 13.638
  step 450/1999 best 13.892
  step 500/1999 best 13.888
  step 550/1999 best 13.913
  step 600/1999 best 13.813
  step 650/1999 best 13.802
  step 700/1999 best 13.832
  step 750/1999 best 13.830
  step 800/1999 best 13.806
  step 850/1999 best 13.896
  step 900/1999 best 13.831
  step 950/1999 best 13.670
  step 1000/1999 best 13.932
  step 1050/1999 best 13.884
  step 1100/1999 best 13.813
  step 1150/1999 best 13.909
  step 1200/1999 best 13.895
  step 1250/1999 best 13.846
  step 1300/1999 best 13.892
  step 1350/1999 best 13.801
  step 1400/1999 best 13.902
  step 1450/1999 best 13.807
  step 1500/1999 best 13.810
  step 1550/1999 best 13.881
  step 1600/1999 best 13.835
  step 1650/1999 best 13.808
  step 1700/1999 best 13.893
  step 1750/1999 best 13.883
  step 1800/1999 best 13.921
  step 1850/1999 best 13.853
  step 1900/1999 best 13.924
  step 1950/1999 best 13.921
saved SBC_CHAINS_cnn_vmim__n1_jitter_seed_s0_sim651_row604866_noise3218_3397_3576 (240000, 4) acc=0.398
  step 0/1999 best -20.436
  step 50/1999 best -4.402
  step 100/1999 best 2.240
  step 150/1999 best 4.435
  step 200/1999 best 14.255
  step 250/1999 best 14.904
  step 300/1999 best 15.462
  step 350/1999 best 15.415
  step 400/1999 best 15.290
  step 450/1999 best 15.302
  step 500/1999 best 15.361
  step 550/1999 best 15.543
  step 600/1999 best 15.437
  step 650/1999 best 15.531
  step 700/1999 best 15.333
  step 750/1999 best 15.520
  step 800/1999 best 15.469
  step 850/1999 best 15.530
  step 900/1999 best 15.354
  step 950/1999 best 15.481
  step 1000/1999 best 15.394
  step 1050/1999 best 15.190
  step 1100/1999 best 15.374
  step 1150/1999 best 15.500
  step 1200/1999 best 15.410
  step 1250/1999 best 15.472
  step 1300/1999 best 15.482
  step 1350/1999 best 15.505
  step 1400/1999 best 15.293
  step 1450/1999 best 15.412
  step 1500/1999 best 15.527
  step 1550/1999 best 15.446
  step 1600/1999 best 15.327
  step 1650/1999 best 15.482
  step 1700/1999 best 15.231
  step 1750/1999 best 15.345
  step 1800/1999 best 15.437
  step 1850/1999 best 15.500
  step 1900/1999 best 15.454
  step 1950/1999 best 15.384
saved SBC_CHAINS_cnn_vmim__n1_jitter_seed_s0_sim292_row278511_noise7499_7678_7857 (240000, 4) acc=0.238
  step 0/1999 best -13.563
  step 50/1999 best 12.373
  step 100/1999 best 13.050
  step 150/1999 best 13.034
  step 200/1999 best 13.102
  step 250/1999 best 13.072
  step 300/1999 best 13.117
  step 350/1999 best 13.143
  step 400/1999 best 13.075
  step 450/1999 best 13.061
  step 500/1999 best 13.165
  step 550/1999 best 13.130
  step 600/1999 best 13.129
  step 650/1999 best 13.150
  step 700/1999 best 13.026
  step 750/1999 best 13.188
  step 800/1999 best 13.150
  step 850/1999 best 13.037
  step 900/1999 best 13.142
  step 950/1999 best 13.179
  step 1000/1999 best 13.145
  step 1050/1999 best 13.141
  step 1100/1999 best 13.143
  step 1150/1999 best 13.165
  step 1200/1999 best 13.160
  step 1250/1999 best 13.029
  step 1300/1999 best 13.149
  step 1350/1999 best 13.098
  step 1400/1999 best 13.169
  step 1450/1999 best 13.133
  step 1500/1999 best 13.127
  step 1550/1999 best 13.180
  step 1600/1999 best 13.094
  step 1650/1999 best 13.111
  step 1700/1999 best 13.152
  step 1750/1999 best 13.129
  step 1800/1999 best 13.150
  step 1850/1999 best 13.028
  step 1900/1999 best 13.169
  step 1950/1999 best 13.077
saved SBC_CHAINS_cnn_vmim__n1_jitter_seed_s0_sim811_row760905_noise6009_6188_6367 (240000, 4) acc=0.478
  step 0/1999 best -17.856
  step 50/1999 best 5.950
  step 100/1999 best 7.981
  step 150/1999 best 13.041
  step 200/1999 best 13.024
  step 250/1999 best 13.113
  step 300/1999 best 13.016
  step 350/1999 best 12.954
  step 400/1999 best 13.056
  step 450/1999 best 13.092
  step 500/1999 best 13.065
  step 550/1999 best 13.156
  step 600/1999 best 13.048
  step 650/1999 best 13.086
  step 700/1999 best 13.035
  step 750/1999 best 13.116
  step 800/1999 best 13.035
  step 850/1999 best 12.967
  step 900/1999 best 13.027
  step 950/1999 best 12.943
  step 1000/1999 best 12.994
  step 1050/1999 best 13.007
  step 1100/1999 best 13.129
  step 1150/1999 best 13.132
  step 1200/1999 best 12.930
  step 1250/1999 best 13.116
  step 1300/1999 best 13.164
  step 1350/1999 best 13.155
  step 1400/1999 best 13.077
  step 1450/1999 best 13.088
  step 1500/1999 best 12.925
  step 1550/1999 best 13.071
  step 1600/1999 best 13.026
  step 1650/1999 best 12.893
  step 1700/1999 best 13.148
  step 1750/1999 best 13.057
  step 1800/1999 best 13.054
  step 1850/1999 best 13.014
  step 1900/1999 best 13.086
  step 1950/1999 best 12.965
saved SBC_CHAINS_cnn_vmim__n1_jitter_seed_s0_sim218_row204767_noise2551_2730_2909 (240000, 4) acc=0.224
  step 0/1999 best -20.221
  step 50/1999 best 6.842
  step 100/1999 best 10.342
  step 150/1999 best 11.455
  step 200/1999 best 12.105
  step 250/1999 best 12.430
  step 300/1999 best 12.335
  step 350/1999 best 12.498
  step 400/1999 best 12.413
  step 450/1999 best 12.389
  step 500/1999 best 12.390
  step 550/1999 best 12.419
  step 600/1999 best 12.543
  step 650/1999 best 12.533
  step 700/1999 best 12.441
  step 750/1999 best 12.421
  step 800/1999 best 12.512
  step 850/1999 best 12.312
  step 900/1999 best 12.514
  step 950/1999 best 12.408
  step 1000/1999 best 12.248
  step 1050/1999 best 12.392
  step 1100/1999 best 12.457
  step 1150/1999 best 12.384
  step 1200/1999 best 12.529
  step 1250/1999 best 12.445
  step 1300/1999 best 12.485
  step 1350/1999 best 12.504
  step 1400/1999 best 12.426
  step 1450/1999 best 12.404
  step 1500/1999 best 12.443
  step 1550/1999 best 12.472
  step 1600/1999 best 12.524
  step 1650/1999 best 12.457
  step 1700/1999 best 12.358
  step 1750/1999 best 12.402
  step 1800/1999 best 12.500
  step 1850/1999 best 12.454
  step 1900/1999 best 12.302
  step 1950/1999 best 12.484
saved SBC_CHAINS_cnn_vmim__n1_jitter_seed_s0_sim2383_row1982702_noise5326_5505_5684 (240000, 4) acc=0.274
  step 0/1999 best -12.566
  step 50/1999 best -2.959
  step 100/1999 best 2.780
  step 150/1999 best 12.289
  step 200/1999 best 12.568
  step 250/1999 best 13.194
  step 300/1999 best 13.213
  step 350/1999 best 13.512
  step 400/1999 best 13.472
  step 450/1999 best 13.766
  step 500/1999 best 13.469
  step 550/1999 best 13.527
  step 600/1999 best 13.714
  step 650/1999 best 13.702
  step 700/1999 best 13.748
  step 750/1999 best 13.646
  step 800/1999 best 13.704
  step 850/1999 best 13.595
  step 900/1999 best 13.648
  step 950/1999 best 13.633
  step 1000/1999 best 13.813
  step 1050/1999 best 13.753
  step 1100/1999 best 13.741
  step 1150/1999 best 13.728
  step 1200/1999 best 13.664
  step 1250/1999 best 13.825
  step 1300/1999 best 13.594
  step 1350/1999 best 13.785
  step 1400/1999 best 13.698
  step 1450/1999 best 13.748
  step 1500/1999 best 13.744
  step 1550/1999 best 13.638
  step 1600/1999 best 13.558
  step 1650/1999 best 13.699
  step 1700/1999 best 13.736
  step 1750/1999 best 13.779
  step 1800/1999 best 13.674
  step 1850/1999 best 13.689
  step 1900/1999 best 13.657
  step 1950/1999 best 13.749
saved SBC_CHAINS_cnn_vmim__n1_jitter_seed_s0_sim2469_row2068548_noise2720_2899_3078 (240000, 4) acc=0.331
  step 0/1999 best -28.346
  step 50/1999 best 2.801
  step 100/1999 best 5.688
  step 150/1999 best 12.022
  step 200/1999 best 12.697
  step 250/1999 best 13.317
  step 300/1999 best 13.485
  step 350/1999 best 13.238
  step 400/1999 best 13.317
  step 450/1999 best 13.477
  step 500/1999 best 13.565
  step 550/1999 best 13.560
  step 600/1999 best 13.464
  step 650/1999 best 13.516
  step 700/1999 best 13.183
  step 750/1999 best 13.511
  step 800/1999 best 13.367
  step 850/1999 best 13.403
  step 900/1999 best 13.504
  step 950/1999 best 13.388
  step 1000/1999 best 13.501
  step 1050/1999 best 13.369
  step 1100/1999 best 13.433
  step 1150/1999 best 13.529
  step 1200/1999 best 13.317
  step 1250/1999 best 13.394
  step 1300/1999 best 13.445
  step 1350/1999 best 13.514
  step 1400/1999 best 13.392
  step 1450/1999 best 13.539
  step 1500/1999 best 13.421
  step 1550/1999 best 13.441
  step 1600/1999 best 13.478
  step 1650/1999 best 13.567
  step 1700/1999 best 13.556
  step 1750/1999 best 13.397
  step 1800/1999 best 13.469
  step 1850/1999 best 13.415
  step 1900/1999 best 13.516
  step 1950/1999 best 13.361
saved SBC_CHAINS_cnn_vmim__n1_jitter_seed_s0_sim1729_row1482839_noise111_290_469 (240000, 4) acc=0.218
  step 0/1999 best -10.813
  step 50/1999 best -3.183
  step 100/1999 best 10.268
  step 150/1999 best 11.277
  step 200/1999 best 12.855
  step 250/1999 best 12.867
  step 300/1999 best 12.887
  step 350/1999 best 12.811
  step 400/1999 best 12.790
  step 450/1999 best 12.951
  step 500/1999 best 12.784
  step 550/1999 best 12.733
  step 600/1999 best 12.969
  step 650/1999 best 12.973
  step 700/1999 best 12.793
  step 750/1999 best 12.948
  step 800/1999 best 12.866
  step 850/1999 best 12.902
  step 900/1999 best 12.847
  step 950/1999 best 12.897
  step 1000/1999 best 12.782
  step 1050/1999 best 12.893
  step 1100/1999 best 12.748
  step 1150/1999 best 12.852
  step 1200/1999 best 12.790
  step 1250/1999 best 12.889
  step 1300/1999 best 12.852
  step 1350/1999 best 12.845
  step 1400/1999 best 12.922
  step 1450/1999 best 12.902
  step 1500/1999 best 12.807
  step 1550/1999 best 12.875
  step 1600/1999 best 12.841
  step 1650/1999 best 12.781
  step 1700/1999 best 12.921
  step 1750/1999 best 12.805
  step 1800/1999 best 12.789
  step 1850/1999 best 12.912
  step 1900/1999 best 12.800
  step 1950/1999 best 12.773
saved SBC_CHAINS_cnn_vmim__n1_jitter_seed_s0_sim1219_row1037992_noise1320_1499_1678 (240000, 4) acc=0.313
  step 0/1999 best -16.515
  step 50/1999 best 4.528
  step 100/1999 best 9.093
  step 150/1999 best 11.417
  step 200/1999 best 12.065
  step 250/1999 best 11.577
  step 300/1999 best 12.896
  step 350/1999 best 12.769
  step 400/1999 best 13.069
  step 450/1999 best 13.107
  step 500/1999 best 13.178
  step 550/1999 best 13.289
  step 600/1999 best 13.153
  step 650/1999 best 13.158
  step 700/1999 best 13.233
  step 750/1999 best 13.227
  step 800/1999 best 13.213
  step 850/1999 best 13.275
  step 900/1999 best 13.175
  step 950/1999 best 13.220
  step 1000/1999 best 13.107
  step 1050/1999 best 13.163
  step 1100/1999 best 13.274
  step 1150/1999 best 13.200
  step 1200/1999 best 13.229
  step 1250/1999 best 13.049
  step 1300/1999 best 13.234
  step 1350/1999 best 13.181
  step 1400/1999 best 13.250
  step 1450/1999 best 13.251
  step 1500/1999 best 13.255
  step 1550/1999 best 13.225
  step 1600/1999 best 13.087
  step 1650/1999 best 13.194
  step 1700/1999 best 13.209
  step 1750/1999 best 13.206
  step 1800/1999 best 13.205
  step 1850/1999 best 13.061
  step 1900/1999 best 13.045
  step 1950/1999 best 13.222
saved SBC_CHAINS_cnn_vmim__n1_jitter_seed_s0_sim2547_row2146020_noise1568_1747_1926 (240000, 4) acc=0.368
  step 0/1999 best -12.751
  step 50/1999 best 5.077
  step 100/1999 best 10.114
  step 150/1999 best 10.710
  step 200/1999 best 11.193
  step 250/1999 best 11.197
  step 300/1999 best 11.045
  step 350/1999 best 11.069
  step 400/1999 best 11.237
  step 450/1999 best 11.216
  step 500/1999 best 11.183
  step 550/1999 best 11.154
  step 600/1999 best 11.197
  step 650/1999 best 11.210
  step 700/1999 best 10.954
  step 750/1999 best 11.084
  step 800/1999 best 11.100
  step 850/1999 best 11.148
  step 900/1999 best 10.983
  step 950/1999 best 11.029
  step 1000/1999 best 11.214
  step 1050/1999 best 11.080
  step 1100/1999 best 11.143
  step 1150/1999 best 11.131
  step 1200/1999 best 11.188
  step 1250/1999 best 11.099
  step 1300/1999 best 11.155
  step 1350/1999 best 11.047
  step 1400/1999 best 11.191
  step 1450/1999 best 11.162
  step 1500/1999 best 11.036
  step 1550/1999 best 11.182
  step 1600/1999 best 11.149
  step 1650/1999 best 11.106
  step 1700/1999 best 10.944
  step 1750/1999 best 11.130
  step 1800/1999 best 11.186
  step 1850/1999 best 11.214
  step 1900/1999 best 11.117
  step 1950/1999 best 11.164
saved SBC_CHAINS_cnn_vmim__n1_jitter_seed_s0_sim2937_row2532660_noise8916_9095_9274 (240000, 4) acc=0.446
  step 0/1999 best -17.944
  step 50/1999 best 5.340
  step 100/1999 best 5.258
  step 150/1999 best 5.363
  step 200/1999 best 9.964
  step 250/1999 best 10.434
  step 300/1999 best 10.642
  step 350/1999 best 10.549
  step 400/1999 best 10.625
  step 450/1999 best 10.724
  step 500/1999 best 10.540
  step 550/1999 best 10.659
  step 600/1999 best 10.712
  step 650/1999 best 10.686
  step 700/1999 best 10.599
  step 750/1999 best 10.721
  step 800/1999 best 10.751
  step 850/1999 best 10.677
  step 900/1999 best 10.686
  step 950/1999 best 10.694
  step 1000/1999 best 10.640
  step 1050/1999 best 10.696
  step 1100/1999 best 10.596
  step 1150/1999 best 10.693
  step 1200/1999 best 10.721
  step 1250/1999 best 10.584
  step 1300/1999 best 10.657
  step 1350/1999 best 10.725
  step 1400/1999 best 10.715
  step 1450/1999 best 10.694
  step 1500/1999 best 10.721
  step 1550/1999 best 10.745
  step 1600/1999 best 10.713
  step 1650/1999 best 10.750
  step 1700/1999 best 10.697
  step 1750/1999 best 10.616
  step 1800/1999 best 10.605
  step 1850/1999 best 10.711
  step 1900/1999 best 10.659
  step 1950/1999 best 10.553
saved SBC_CHAINS_cnn_vmim__n1_jitter_seed_s0_sim3028_row2623351_noise1327_1506_1685 (240000, 4) acc=0.344
  step 0/1999 best -17.563
  step 50/1999 best 7.407
  step 100/1999 best 11.180
  step 150/1999 best 14.052
  step 200/1999 best 13.538
  step 250/1999 best 13.827
  step 300/1999 best 13.756
  step 350/1999 best 14.131
  step 400/1999 best 13.841
  step 450/1999 best 14.004
  step 500/1999 best 13.841
  step 550/1999 best 14.072
  step 600/1999 best 14.129
  step 650/1999 best 13.801
  step 700/1999 best 14.025
  step 750/1999 best 14.061
  step 800/1999 best 14.023
  step 850/1999 best 13.975
  step 900/1999 best 14.067
  step 950/1999 best 14.023
  step 1000/1999 best 14.037
  step 1050/1999 best 13.734
  step 1100/1999 best 13.782
  step 1150/1999 best 14.024
  step 1200/1999 best 13.934
  step 1250/1999 best 14.023
  step 1300/1999 best 13.956
  step 1350/1999 best 13.976
  step 1400/1999 best 13.990
  step 1450/1999 best 13.918
  step 1500/1999 best 14.019
  step 1550/1999 best 14.017
  step 1600/1999 best 14.126
  step 1650/1999 best 13.949
  step 1700/1999 best 14.103
  step 1750/1999 best 13.978
  step 1800/1999 best 14.088
  step 1850/1999 best 13.844
  step 1900/1999 best 13.953
  step 1950/1999 best 14.133
saved SBC_CHAINS_cnn_vmim__n1_jitter_seed_s0_sim290_row276977_noise5965_6144_6323 (240000, 4) acc=0.239
  step 0/1999 best -17.306
  step 50/1999 best 1.552
  step 100/1999 best 4.651
  step 150/1999 best 9.911
  step 200/1999 best 13.600
  step 250/1999 best 14.020
  step 300/1999 best 14.638
  step 350/1999 best 13.993
  step 400/1999 best 14.416
  step 450/1999 best 14.570
  step 500/1999 best 14.683
  step 550/1999 best 14.567
  step 600/1999 best 14.614
  step 650/1999 best 14.633
  step 700/1999 best 14.732
  step 750/1999 best 14.561
  step 800/1999 best 14.769
  step 850/1999 best 14.727
  step 900/1999 best 14.607
  step 950/1999 best 14.511
  step 1000/1999 best 14.596
  step 1050/1999 best 14.702
  step 1100/1999 best 14.712
  step 1150/1999 best 14.505
  step 1200/1999 best 14.645
  step 1250/1999 best 14.601
  step 1300/1999 best 14.785
  step 1350/1999 best 14.724
  step 1400/1999 best 14.597
  step 1450/1999 best 14.632
  step 1500/1999 best 14.770
  step 1550/1999 best 14.682
  step 1600/1999 best 14.631
  step 1650/1999 best 14.713
  step 1700/1999 best 14.567
  step 1750/1999 best 14.636
  step 1800/1999 best 14.693
  step 1850/1999 best 14.681
  step 1900/1999 best 14.585
  step 1950/1999 best 14.566
saved SBC_CHAINS_cnn_vmim__n1_jitter_seed_s0_sim356_row342758_noise2950_3129_3308 (240000, 4) acc=0.226
  step 0/1999 best -12.074
  step 50/1999 best 5.169
  step 100/1999 best 12.533
  step 150/1999 best 12.533
  step 200/1999 best 9.604
  step 250/1999 best 11.996
  step 300/1999 best 12.250
  step 350/1999 best 12.315
  step 400/1999 best 12.794
  step 450/1999 best 12.538
  step 500/1999 best 12.468
  step 550/1999 best 12.356
  step 600/1999 best 12.896
  step 650/1999 best 12.084
  step 700/1999 best 12.837
  step 750/1999 best 12.727
  step 800/1999 best 12.834
  step 850/1999 best 12.893
  step 900/1999 best 12.869
  step 950/1999 best 12.708
  step 1000/1999 best 12.684
  step 1050/1999 best 12.880
  step 1100/1999 best 12.615
  step 1150/1999 best 12.838
  step 1200/1999 best 12.869
  step 1250/1999 best 12.531
  step 1300/1999 best 12.948
  step 1350/1999 best 12.672
  step 1400/1999 best 12.552
  step 1450/1999 best 12.812
  step 1500/1999 best 12.856
  step 1550/1999 best 12.589
  step 1600/1999 best 12.942
  step 1650/1999 best 12.816
  step 1700/1999 best 12.672
  step 1750/1999 best 12.883
  step 1800/1999 best 12.894
  step 1850/1999 best 12.977
  step 1900/1999 best 12.852
  step 1950/1999 best 12.804
saved SBC_CHAINS_cnn_vmim__n1_jitter_seed_s0_sim361_row347922_noise8114_8293_8472 (240000, 4) acc=0.121
  step 0/1999 best -17.719
  step 50/1999 best 6.624
  step 100/1999 best 11.450
  step 150/1999 best 13.517
  step 200/1999 best 13.473
  step 250/1999 best 14.100
  step 300/1999 best 14.289
  step 350/1999 best 14.285
  step 400/1999 best 14.505
  step 450/1999 best 14.358
  step 500/1999 best 14.397
  step 550/1999 best 14.459
  step 600/1999 best 14.286
  step 650/1999 best 14.462
  step 700/1999 best 14.505
  step 750/1999 best 14.414
  step 800/1999 best 14.406
  step 850/1999 best 14.521
  step 900/1999 best 14.382
  step 950/1999 best 14.548
  step 1000/1999 best 14.382
  step 1050/1999 best 14.450
  step 1100/1999 best 14.512
  step 1150/1999 best 14.448
  step 1200/1999 best 14.501
  step 1250/1999 best 14.558
  step 1300/1999 best 14.333
  step 1350/1999 best 14.506
  step 1400/1999 best 14.482
  step 1450/1999 best 14.414
  step 1500/1999 best 14.447
  step 1550/1999 best 14.445
  step 1600/1999 best 14.532
  step 1650/1999 best 14.543
  step 1700/1999 best 14.391
  step 1750/1999 best 14.310
  step 1800/1999 best 14.370
  step 1850/1999 best 14.401
  step 1900/1999 best 14.425
  step 1950/1999 best 14.419
saved SBC_CHAINS_cnn_vmim__n1_jitter_seed_s0_sim136_row127809_noise9045_9224_9403 (240000, 4) acc=0.259
