[stage3] arm=cnn_vmim_/n1_jitter/seed_s2  nle=/gscratch/ddehiwalage-don/sbi_master/cnn_vmim_/n1_jitter/seed_s2/nle
[NLE] scope=standard_t family=nsf loaded from /gscratch/ddehiwalage-don/sbi_master/cnn_vmim_/n1_jitter/seed_s2/nle/standard_t/nsf
targets this task: 151 | family=standard_t_nsf | chains -> /gscratch/ddehiwalage-don/sbi_master/cnn_vmim_/n1_jitter/seed_s2/chains/standard_t_nsf
  step 0/1999 best -12.012
  step 50/1999 best 0.725
  step 100/1999 best 8.243
  step 150/1999 best 9.801
  step 200/1999 best 14.250
  step 250/1999 best 14.544
  step 300/1999 best 14.502
  step 350/1999 best 14.575
  step 400/1999 best 14.783
  step 450/1999 best 14.537
  step 500/1999 best 14.666
  step 550/1999 best 14.696
  step 600/1999 best 14.978
  step 650/1999 best 14.859
  step 700/1999 best 14.772
  step 750/1999 best 14.804
  step 800/1999 best 14.944
  step 850/1999 best 14.714
  step 900/1999 best 14.621
  step 950/1999 best 14.953
  step 1000/1999 best 14.758
  step 1050/1999 best 14.838
  step 1100/1999 best 14.906
  step 1150/1999 best 14.916
  step 1200/1999 best 14.941
  step 1250/1999 best 14.783
  step 1300/1999 best 14.698
  step 1350/1999 best 14.846
  step 1400/1999 best 14.848
  step 1450/1999 best 14.816
  step 1500/1999 best 14.832
  step 1550/1999 best 14.935
  step 1600/1999 best 14.772
  step 1650/1999 best 14.940
  step 1700/1999 best 14.877
  step 1750/1999 best 14.932
  step 1800/1999 best 14.914
  step 1850/1999 best 14.878
  step 1900/1999 best 14.853
  step 1950/1999 best 14.631
saved SBC_CHAINS_cnn_vmim__n1_jitter_seed_s2_sim1921_row1532106_noise4646_4825_5004 (240000, 4) acc=0.216
  step 0/1999 best -24.413
  step 50/1999 best 4.226
  step 100/1999 best 9.470
  step 150/1999 best 8.786
  step 200/1999 best 8.799
  step 250/1999 best 10.787
  step 300/1999 best 11.600
  step 350/1999 best 11.461
  step 400/1999 best 11.679
  step 450/1999 best 11.526
  step 500/1999 best 11.393
  step 550/1999 best 11.560
  step 600/1999 best 11.446
  step 650/1999 best 11.560
  step 700/1999 best 11.406
  step 750/1999 best 11.659
  step 800/1999 best 11.553
  step 850/1999 best 11.459
  step 900/1999 best 11.542
  step 950/1999 best 11.065
  step 1000/1999 best 11.459
  step 1050/1999 best 11.384
  step 1100/1999 best 11.433
  step 1150/1999 best 11.546
  step 1200/1999 best 11.465
  step 1250/1999 best 11.399
  step 1300/1999 best 11.570
  step 1350/1999 best 11.661
  step 1400/1999 best 11.579
  step 1450/1999 best 11.627
  step 1500/1999 best 11.448
  step 1550/1999 best 11.457
  step 1600/1999 best 11.551
  step 1650/1999 best 11.529
  step 1700/1999 best 11.605
  step 1750/1999 best 11.599
  step 1800/1999 best 11.642
  step 1850/1999 best 11.514
  step 1900/1999 best 11.455
  step 1950/1999 best 11.574
saved SBC_CHAINS_cnn_vmim__n1_jitter_seed_s2_sim2859_row2454550_noise9430_9609_9788 (240000, 4) acc=0.174
  step 0/1999 best -23.945
  step 50/1999 best -3.639
  step 100/1999 best 3.403
  step 150/1999 best 7.128
  step 200/1999 best 12.473
  step 250/1999 best 12.629
  step 300/1999 best 13.939
  step 350/1999 best 14.366
  step 400/1999 best 14.096
  step 450/1999 best 14.317
  step 500/1999 best 14.048
  step 550/1999 best 14.260
  step 600/1999 best 14.285
  step 650/1999 best 14.297
  step 700/1999 best 14.103
  step 750/1999 best 14.334
  step 800/1999 best 14.292
  step 850/1999 best 14.221
  step 900/1999 best 14.301
  step 950/1999 best 14.220
  step 1000/1999 best 14.308
  step 1050/1999 best 14.385
  step 1100/1999 best 14.281
  step 1150/1999 best 14.251
  step 1200/1999 best 14.363
  step 1250/1999 best 14.249
  step 1300/1999 best 14.339
  step 1350/1999 best 14.350
  step 1400/1999 best 14.245
  step 1450/1999 best 14.177
  step 1500/1999 best 14.208
  step 1550/1999 best 14.250
  step 1600/1999 best 14.283
  step 1650/1999 best 14.186
  step 1700/1999 best 14.284
  step 1750/1999 best 14.271
  step 1800/1999 best 14.255
  step 1850/1999 best 14.152
  step 1900/1999 best 14.375
  step 1950/1999 best 14.334
saved SBC_CHAINS_cnn_vmim__n1_jitter_seed_s2_sim2907_row2502394_noise8134_8313_8492 (240000, 4) acc=0.243
  step 0/1999 best -19.075
  step 50/1999 best -5.021
  step 100/1999 best -2.154
  step 150/1999 best 8.974
  step 200/1999 best 12.533
  step 250/1999 best 14.866
  step 300/1999 best 16.108
  step 350/1999 best 16.492
  step 400/1999 best 16.468
  step 450/1999 best 16.652
  step 500/1999 best 17.011
  step 550/1999 best 17.003
  step 600/1999 best 16.950
  step 650/1999 best 16.875
  step 700/1999 best 16.893
  step 750/1999 best 16.807
  step 800/1999 best 16.963
  step 850/1999 best 16.835
  step 900/1999 best 16.694
  step 950/1999 best 17.004
  step 1000/1999 best 16.910
  step 1050/1999 best 16.766
  step 1100/1999 best 16.965
  step 1150/1999 best 16.752
  step 1200/1999 best 16.750
  step 1250/1999 best 16.706
  step 1300/1999 best 16.925
  step 1350/1999 best 16.930
  step 1400/1999 best 16.916
  step 1450/1999 best 16.921
  step 1500/1999 best 16.993
  step 1550/1999 best 16.891
  step 1600/1999 best 16.800
  step 1650/1999 best 16.901
  step 1700/1999 best 16.898
  step 1750/1999 best 16.979
  step 1800/1999 best 16.876
  step 1850/1999 best 16.945
  step 1900/1999 best 16.792
  step 1950/1999 best 16.895
saved SBC_CHAINS_cnn_vmim__n1_jitter_seed_s2_sim1978_row1589578_noise3150_3329_3508 (240000, 4) acc=0.202
  step 0/1999 best -25.763
  step 50/1999 best -3.071
  step 100/1999 best 1.652
  step 150/1999 best 7.711
  step 200/1999 best 13.951
  step 250/1999 best 13.895
  step 300/1999 best 13.796
  step 350/1999 best 13.537
  step 400/1999 best 13.681
  step 450/1999 best 13.969
  step 500/1999 best 13.952
  step 550/1999 best 14.145
  step 600/1999 best 13.774
  step 650/1999 best 14.075
  step 700/1999 best 14.120
  step 750/1999 best 14.218
  step 800/1999 best 13.955
  step 850/1999 best 14.073
  step 900/1999 best 14.045
  step 950/1999 best 14.184
  step 1000/1999 best 14.224
  step 1050/1999 best 14.063
  step 1100/1999 best 14.049
  step 1150/1999 best 14.131
  step 1200/1999 best 13.933
  step 1250/1999 best 14.117
  step 1300/1999 best 14.187
  step 1350/1999 best 14.055
  step 1400/1999 best 14.231
  step 1450/1999 best 13.841
  step 1500/1999 best 14.156
  step 1550/1999 best 14.174
  step 1600/1999 best 13.937
  step 1650/1999 best 14.079
  step 1700/1999 best 14.083
  step 1750/1999 best 14.229
  step 1800/1999 best 14.149
  step 1850/1999 best 14.081
  step 1900/1999 best 14.058
  step 1950/1999 best 14.220
saved SBC_CHAINS_cnn_vmim__n1_jitter_seed_s2_sim2463_row2062311_noise6311_6490_6669 (240000, 4) acc=0.266
  step 0/1999 best -26.889
  step 50/1999 best 2.404
  step 100/1999 best 13.851
  step 150/1999 best 14.485
  step 200/1999 best 14.669
  step 250/1999 best 14.668
  step 300/1999 best 14.857
  step 350/1999 best 14.824
  step 400/1999 best 14.824
  step 450/1999 best 14.729
  step 500/1999 best 14.834
  step 550/1999 best 14.783
  step 600/1999 best 14.869
  step 650/1999 best 14.817
  step 700/1999 best 14.822
  step 750/1999 best 14.707
  step 800/1999 best 14.742
  step 850/1999 best 14.694
  step 900/1999 best 14.806
  step 950/1999 best 14.705
  step 1000/1999 best 14.701
  step 1050/1999 best 14.777
  step 1100/1999 best 14.807
  step 1150/1999 best 14.768
  step 1200/1999 best 14.724
  step 1250/1999 best 14.764
  step 1300/1999 best 14.859
  step 1350/1999 best 14.882
  step 1400/1999 best 14.731
  step 1450/1999 best 14.666
  step 1500/1999 best 14.768
  step 1550/1999 best 14.715
  step 1600/1999 best 14.611
  step 1650/1999 best 14.825
  step 1700/1999 best 14.828
  step 1750/1999 best 14.757
  step 1800/1999 best 14.862
  step 1850/1999 best 14.842
  step 1900/1999 best 14.723
  step 1950/1999 best 14.876
saved SBC_CHAINS_cnn_vmim__n1_jitter_seed_s2_sim951_row900776_noise8288_8467_8646 (240000, 4) acc=0.277
  step 0/1999 best -13.923
  step 50/1999 best -8.007
  step 100/1999 best 9.273
  step 150/1999 best 5.182
  step 200/1999 best 7.170
  step 250/1999 best 11.765
  step 300/1999 best 13.048
  step 350/1999 best 13.556
  step 400/1999 best 13.245
  step 450/1999 best 13.421
  step 500/1999 best 13.208
  step 550/1999 best 12.996
  step 600/1999 best 13.513
  step 650/1999 best 13.629
  step 700/1999 best 13.484
  step 750/1999 best 13.554
  step 800/1999 best 13.629
  step 850/1999 best 13.644
  step 900/1999 best 13.746
  step 950/1999 best 13.797
  step 1000/1999 best 13.807
  step 1050/1999 best 13.741
  step 1100/1999 best 13.795
  step 1150/1999 best 13.808
  step 1200/1999 best 13.823
  step 1250/1999 best 13.689
  step 1300/1999 best 13.828
  step 1350/1999 best 13.758
  step 1400/1999 best 13.815
  step 1450/1999 best 13.656
  step 1500/1999 best 13.792
  step 1550/1999 best 13.666
  step 1600/1999 best 13.385
  step 1650/1999 best 13.832
  step 1700/1999 best 13.785
  step 1750/1999 best 13.863
  step 1800/1999 best 13.675
  step 1850/1999 best 13.806
  step 1900/1999 best 13.831
  step 1950/1999 best 13.686
saved SBC_CHAINS_cnn_vmim__n1_jitter_seed_s2_sim682_row633814_noise4682_4861_5040 (240000, 4) acc=0.120
  step 0/1999 best -9.762
  step 50/1999 best 2.444
  step 100/1999 best 12.418
  step 150/1999 best 13.175
  step 200/1999 best 13.646
  step 250/1999 best 15.212
  step 300/1999 best 16.015
  step 350/1999 best 16.031
  step 400/1999 best 16.152
  step 450/1999 best 16.008
  step 500/1999 best 16.226
  step 550/1999 best 16.258
  step 600/1999 best 16.249
  step 650/1999 best 16.086
  step 700/1999 best 16.211
  step 750/1999 best 16.256
  step 800/1999 best 16.273
  step 850/1999 best 16.358
  step 900/1999 best 16.311
  step 950/1999 best 16.234
  step 1000/1999 best 16.028
  step 1050/1999 best 16.099
  step 1100/1999 best 16.313
  step 1150/1999 best 16.258
  step 1200/1999 best 16.236
  step 1250/1999 best 16.165
  step 1300/1999 best 16.273
  step 1350/1999 best 16.247
  step 1400/1999 best 16.187
  step 1450/1999 best 16.325
  step 1500/1999 best 16.337
  step 1550/1999 best 16.356
  step 1600/1999 best 16.300
  step 1650/1999 best 16.270
  step 1700/1999 best 16.335
  step 1750/1999 best 16.217
  step 1800/1999 best 16.238
  step 1850/1999 best 16.256
  step 1900/1999 best 16.261
  step 1950/1999 best 16.214
saved SBC_CHAINS_cnn_vmim__n1_jitter_seed_s2_sim1189_row1007200_noise12_191_370 (240000, 4) acc=0.254
  step 0/1999 best -28.614
  step 50/1999 best 0.420
  step 100/1999 best 6.682
  step 150/1999 best 9.988
  step 200/1999 best 10.058
  step 250/1999 best 11.671
  step 300/1999 best 12.132
  step 350/1999 best 12.086
  step 400/1999 best 12.383
  step 450/1999 best 12.419
  step 500/1999 best 12.101
  step 550/1999 best 12.365
  step 600/1999 best 12.275
  step 650/1999 best 12.351
  step 700/1999 best 12.378
  step 750/1999 best 12.223
  step 800/1999 best 12.306
  step 850/1999 best 12.242
  step 900/1999 best 12.163
  step 950/1999 best 12.358
  step 1000/1999 best 12.435
  step 1050/1999 best 12.402
  step 1100/1999 best 12.436
  step 1150/1999 best 12.415
  step 1200/1999 best 12.305
  step 1250/1999 best 12.327
  step 1300/1999 best 12.403
  step 1350/1999 best 12.245
  step 1400/1999 best 12.377
  step 1450/1999 best 12.240
  step 1500/1999 best 12.422
  step 1550/1999 best 12.369
  step 1600/1999 best 12.375
  step 1650/1999 best 12.425
  step 1700/1999 best 12.298
  step 1750/1999 best 12.272
  step 1800/1999 best 12.430
  step 1850/1999 best 12.387
  step 1900/1999 best 12.393
  step 1950/1999 best 12.301
saved SBC_CHAINS_cnn_vmim__n1_jitter_seed_s2_sim2943_row2538268_noise4696_4875_5054 (240000, 4) acc=0.259
  step 0/1999 best -21.169
  step 50/1999 best -6.306
  step 100/1999 best 6.268
  step 150/1999 best 13.424
  step 200/1999 best 15.232
  step 250/1999 best 14.940
  step 300/1999 best 15.521
  step 350/1999 best 15.652
  step 400/1999 best 15.478
  step 450/1999 best 15.583
  step 500/1999 best 15.559
  step 550/1999 best 15.577
  step 600/1999 best 15.479
  step 650/1999 best 15.617
  step 700/1999 best 15.657
  step 750/1999 best 15.640
  step 800/1999 best 15.560
  step 850/1999 best 15.640
  step 900/1999 best 15.592
  step 950/1999 best 15.637
  step 1000/1999 best 15.628
  step 1050/1999 best 15.524
  step 1100/1999 best 15.515
  step 1150/1999 best 15.527
  step 1200/1999 best 15.587
  step 1250/1999 best 15.667
  step 1300/1999 best 15.535
  step 1350/1999 best 15.549
  step 1400/1999 best 15.649
  step 1450/1999 best 15.677
  step 1500/1999 best 15.428
  step 1550/1999 best 15.591
  step 1600/1999 best 15.600
  step 1650/1999 best 15.587
  step 1700/1999 best 15.554
  step 1750/1999 best 15.624
  step 1800/1999 best 15.696
  step 1850/1999 best 15.535
  step 1900/1999 best 15.583
  step 1950/1999 best 15.582
saved SBC_CHAINS_cnn_vmim__n1_jitter_seed_s2_sim873_row822256_noise8392_8571_8750 (240000, 4) acc=0.293
  step 0/1999 best -31.422
  step 50/1999 best 1.269
  step 100/1999 best 11.843
  step 150/1999 best 14.325
  step 200/1999 best 16.126
  step 250/1999 best 16.141
  step 300/1999 best 15.989
  step 350/1999 best 16.172
  step 400/1999 best 16.159
  step 450/1999 best 16.167
  step 500/1999 best 16.142
  step 550/1999 best 16.064
  step 600/1999 best 16.222
  step 650/1999 best 16.183
  step 700/1999 best 16.196
  step 750/1999 best 16.104
  step 800/1999 best 16.202
  step 850/1999 best 16.171
  step 900/1999 best 16.141
  step 950/1999 best 16.173
  step 1000/1999 best 16.091
  step 1050/1999 best 16.126
  step 1100/1999 best 16.113
  step 1150/1999 best 16.180
  step 1200/1999 best 16.189
  step 1250/1999 best 16.066
  step 1300/1999 best 16.183
  step 1350/1999 best 16.210
  step 1400/1999 best 16.242
  step 1450/1999 best 15.994
  step 1500/1999 best 16.140
  step 1550/1999 best 16.123
  step 1600/1999 best 15.992
  step 1650/1999 best 16.075
  step 1700/1999 best 16.074
  step 1750/1999 best 16.119
  step 1800/1999 best 16.026
  step 1850/1999 best 16.221
  step 1900/1999 best 16.206
  step 1950/1999 best 16.217
saved SBC_CHAINS_cnn_vmim__n1_jitter_seed_s2_sim884_row833666_noise146_325_504 (240000, 4) acc=0.382
  step 0/1999 best -23.135
  step 50/1999 best -0.018
  step 100/1999 best 15.915
  step 150/1999 best 15.529
  step 200/1999 best 15.976
  step 250/1999 best 16.227
  step 300/1999 best 15.976
  step 350/1999 best 15.916
  step 400/1999 best 16.022
  step 450/1999 best 16.080
  step 500/1999 best 16.062
  step 550/1999 best 16.175
  step 600/1999 best 16.237
  step 650/1999 best 16.149
  step 700/1999 best 16.213
  step 750/1999 best 16.117
  step 800/1999 best 16.166
  step 850/1999 best 16.206
  step 900/1999 best 16.133
  step 950/1999 best 16.110
  step 1000/1999 best 16.186
  step 1050/1999 best 16.048
  step 1100/1999 best 16.202
  step 1150/1999 best 16.232
  step 1200/1999 best 16.167
  step 1250/1999 best 16.183
  step 1300/1999 best 16.098
  step 1350/1999 best 16.195
  step 1400/1999 best 16.236
  step 1450/1999 best 16.208
  step 1500/1999 best 16.202
  step 1550/1999 best 16.127
  step 1600/1999 best 16.183
  step 1650/1999 best 16.225
  step 1700/1999 best 16.251
  step 1750/1999 best 16.148
  step 1800/1999 best 16.138
  step 1850/1999 best 16.264
  step 1900/1999 best 16.218
  step 1950/1999 best 16.251
saved SBC_CHAINS_cnn_vmim__n1_jitter_seed_s2_sim1419_row1201936_noise4704_4883_5062 (240000, 4) acc=0.262
  step 0/1999 best -22.471
  step 50/1999 best 12.734
  step 100/1999 best 14.134
  step 150/1999 best 15.439
  step 200/1999 best 16.526
  step 250/1999 best 16.417
  step 300/1999 best 16.324
  step 350/1999 best 16.529
  step 400/1999 best 16.483
  step 450/1999 best 16.415
  step 500/1999 best 16.405
  step 550/1999 best 16.395
  step 600/1999 best 16.432
  step 650/1999 best 16.393
  step 700/1999 best 16.508
  step 750/1999 best 16.269
  step 800/1999 best 16.473
  step 850/1999 best 16.517
  step 900/1999 best 16.438
  step 950/1999 best 16.512
  step 1000/1999 best 16.274
  step 1050/1999 best 16.511
  step 1100/1999 best 16.478
  step 1150/1999 best 16.509
  step 1200/1999 best 16.511
  step 1250/1999 best 16.418
  step 1300/1999 best 16.443
  step 1350/1999 best 16.460
  step 1400/1999 best 16.515
  step 1450/1999 best 16.334
  step 1500/1999 best 16.452
  step 1550/1999 best 16.544
  step 1600/1999 best 16.440
  step 1650/1999 best 16.504
  step 1700/1999 best 16.496
  step 1750/1999 best 16.490
  step 1800/1999 best 16.385
  step 1850/1999 best 16.536
  step 1900/1999 best 16.327
  step 1950/1999 best 16.399
saved SBC_CHAINS_cnn_vmim__n1_jitter_seed_s2_sim1424_row1206426_noise9194_9373_9552 (240000, 4) acc=0.316
  step 0/1999 best -18.785
  step 50/1999 best 2.687
  step 100/1999 best 15.654
  step 150/1999 best 16.130
  step 200/1999 best 15.995
  step 250/1999 best 16.449
  step 300/1999 best 16.044
  step 350/1999 best 16.346
  step 400/1999 best 16.240
  step 450/1999 best 16.349
  step 500/1999 best 16.479
  step 550/1999 best 16.318
  step 600/1999 best 16.324
  step 650/1999 best 16.323
  step 700/1999 best 16.254
  step 750/1999 best 16.417
  step 800/1999 best 16.455
  step 850/1999 best 16.407
  step 900/1999 best 16.358
  step 950/1999 best 16.246
  step 1000/1999 best 16.330
  step 1050/1999 best 16.327
  step 1100/1999 best 16.453
  step 1150/1999 best 16.442
  step 1200/1999 best 16.288
  step 1250/1999 best 16.322
  step 1300/1999 best 16.412
  step 1350/1999 best 16.445
  step 1400/1999 best 16.403
  step 1450/1999 best 16.338
  step 1500/1999 best 16.365
  step 1550/1999 best 16.365
  step 1600/1999 best 16.378
  step 1650/1999 best 16.280
  step 1700/1999 best 16.354
  step 1750/1999 best 16.310
  step 1800/1999 best 16.459
  step 1850/1999 best 16.371
  step 1900/1999 best 16.035
  step 1950/1999 best 16.467
saved SBC_CHAINS_cnn_vmim__n1_jitter_seed_s2_sim110_row109891_noise2783_2962_3141 (240000, 4) acc=0.221
  step 0/1999 best -21.363
  step 50/1999 best -3.283
  step 100/1999 best 9.251
  step 150/1999 best 13.768
  step 200/1999 best 13.651
  step 250/1999 best 14.446
  step 300/1999 best 14.107
  step 350/1999 best 14.296
  step 400/1999 best 14.459
  step 450/1999 best 14.462
  step 500/1999 best 14.285
  step 550/1999 best 14.497
  step 600/1999 best 14.542
  step 650/1999 best 14.465
  step 700/1999 best 14.538
  step 750/1999 best 14.425
  step 800/1999 best 14.517
  step 850/1999 best 14.504
  step 900/1999 best 14.562
  step 950/1999 best 14.438
  step 1000/1999 best 14.291
  step 1050/1999 best 14.494
  step 1100/1999 best 14.574
  step 1150/1999 best 14.538
  step 1200/1999 best 14.497
  step 1250/1999 best 14.494
  step 1300/1999 best 14.492
  step 1350/1999 best 14.320
  step 1400/1999 best 14.478
  step 1450/1999 best 14.524
  step 1500/1999 best 14.375
  step 1550/1999 best 14.395
  step 1600/1999 best 14.540
  step 1650/1999 best 14.501
  step 1700/1999 best 14.501
  step 1750/1999 best 14.553
  step 1800/1999 best 14.566
  step 1850/1999 best 14.534
  step 1900/1999 best 14.497
  step 1950/1999 best 14.570
saved SBC_CHAINS_cnn_vmim__n1_jitter_seed_s2_sim952_row901437_noise8949_9128_9307 (240000, 4) acc=0.251
  step 0/1999 best -30.935
  step 50/1999 best -6.659
  step 100/1999 best 2.704
  step 150/1999 best 9.906
  step 200/1999 best 11.980
  step 250/1999 best 11.865
  step 300/1999 best 12.009
  step 350/1999 best 12.487
  step 400/1999 best 12.623
  step 450/1999 best 12.474
  step 500/1999 best 12.750
  step 550/1999 best 12.655
  step 600/1999 best 12.751
  step 650/1999 best 12.718
  step 700/1999 best 12.734
  step 750/1999 best 12.859
  step 800/1999 best 12.778
  step 850/1999 best 12.771
  step 900/1999 best 12.661
  step 950/1999 best 12.727
  step 1000/1999 best 12.651
  step 1050/1999 best 12.729
  step 1100/1999 best 12.729
  step 1150/1999 best 12.719
  step 1200/1999 best 12.663
  step 1250/1999 best 12.831
  step 1300/1999 best 12.690
  step 1350/1999 best 12.769
  step 1400/1999 best 12.821
  step 1450/1999 best 12.751
  step 1500/1999 best 12.717
  step 1550/1999 best 12.709
  step 1600/1999 best 12.692
  step 1650/1999 best 12.831
  step 1700/1999 best 12.405
  step 1750/1999 best 12.668
  step 1800/1999 best 12.474
  step 1850/1999 best 12.641
  step 1900/1999 best 12.762
  step 1950/1999 best 12.795
saved SBC_CHAINS_cnn_vmim__n1_jitter_seed_s2_sim2944_row2539211_noise5639_5818_5997 (240000, 4) acc=0.230
  step 0/1999 best -21.170
  step 50/1999 best 9.119
  step 100/1999 best 9.893
  step 150/1999 best 13.267
  step 200/1999 best 13.852
  step 250/1999 best 13.925
  step 300/1999 best 13.777
  step 350/1999 best 14.349
  step 400/1999 best 14.247
  step 450/1999 best 14.322
  step 500/1999 best 14.349
  step 550/1999 best 14.319
  step 600/1999 best 14.220
  step 650/1999 best 14.393
  step 700/1999 best 14.305
  step 750/1999 best 14.427
  step 800/1999 best 14.359
  step 850/1999 best 14.249
  step 900/1999 best 14.431
  step 950/1999 best 14.474
  step 1000/1999 best 14.403
  step 1050/1999 best 14.398
  step 1100/1999 best 14.342
  step 1150/1999 best 14.343
  step 1200/1999 best 14.509
  step 1250/1999 best 14.461
  step 1300/1999 best 14.359
  step 1350/1999 best 14.490
  step 1400/1999 best 14.300
  step 1450/1999 best 14.526
  step 1500/1999 best 14.457
  step 1550/1999 best 14.291
  step 1600/1999 best 14.371
  step 1650/1999 best 14.337
  step 1700/1999 best 14.438
  step 1750/1999 best 14.468
  step 1800/1999 best 14.447
  step 1850/1999 best 14.408
  step 1900/1999 best 14.410
  step 1950/1999 best 14.368
saved SBC_CHAINS_cnn_vmim__n1_jitter_seed_s2_sim836_row785525_noise1145_1324_1503 (240000, 4) acc=0.200
  step 0/1999 best -22.698
  step 50/1999 best 4.043
  step 100/1999 best 4.749
  step 150/1999 best 7.373
  step 200/1999 best 8.814
  step 250/1999 best 14.448
  step 300/1999 best 13.890
  step 350/1999 best 14.832
  step 400/1999 best 14.958
  step 450/1999 best 14.789
  step 500/1999 best 14.540
  step 550/1999 best 14.554
  step 600/1999 best 14.830
  step 650/1999 best 14.862
  step 700/1999 best 14.660
  step 750/1999 best 14.815
  step 800/1999 best 14.901
  step 850/1999 best 14.776
  step 900/1999 best 14.754
  step 950/1999 best 14.871
  step 1000/1999 best 14.842
  step 1050/1999 best 14.985
  step 1100/1999 best 14.849
  step 1150/1999 best 15.031
  step 1200/1999 best 14.814
  step 1250/1999 best 14.951
  step 1300/1999 best 14.884
  step 1350/1999 best 14.996
  step 1400/1999 best 14.835
  step 1450/1999 best 14.751
  step 1500/1999 best 14.951
  step 1550/1999 best 14.921
  step 1600/1999 best 14.961
  step 1650/1999 best 15.031
  step 1700/1999 best 15.022
  step 1750/1999 best 14.990
  step 1800/1999 best 14.870
  step 1850/1999 best 15.049
  step 1900/1999 best 14.952
  step 1950/1999 best 15.005
saved SBC_CHAINS_cnn_vmim__n1_jitter_seed_s2_sim1531_row1308647_noise8307_8486_8665 (240000, 4) acc=0.213
  step 0/1999 best -10.118
  step 50/1999 best 6.678
  step 100/1999 best 4.301
  step 150/1999 best 4.345
  step 200/1999 best 4.532
  step 250/1999 best 5.729
  step 300/1999 best 8.906
  step 350/1999 best 12.864
  step 400/1999 best 14.193
  step 450/1999 best 14.980
  step 500/1999 best 14.864
  step 550/1999 best 14.902
  step 600/1999 best 14.713
  step 650/1999 best 14.483
  step 700/1999 best 15.142
  step 750/1999 best 14.533
  step 800/1999 best 14.728
  step 850/1999 best 14.952
  step 900/1999 best 14.591
  step 950/1999 best 14.818
  step 1000/1999 best 14.450
  step 1050/1999 best 15.012
  step 1100/1999 best 14.834
  step 1150/1999 best 15.150
  step 1200/1999 best 15.004
  step 1250/1999 best 14.771
  step 1300/1999 best 14.999
  step 1350/1999 best 14.938
  step 1400/1999 best 14.907
  step 1450/1999 best 15.180
  step 1500/1999 best 14.967
  step 1550/1999 best 15.042
  step 1600/1999 best 14.748
  step 1650/1999 best 14.966
  step 1700/1999 best 14.749
  step 1750/1999 best 15.204
  step 1800/1999 best 14.892
  step 1850/1999 best 14.819
  step 1900/1999 best 14.696
  step 1950/1999 best 14.728
saved SBC_CHAINS_cnn_vmim__n1_jitter_seed_s2_sim135_row126316_noise7552_7731_7910 (240000, 4) acc=0.338
  step 0/1999 best -16.382
  step 50/1999 best -2.063
  step 100/1999 best 8.328
  step 150/1999 best 12.557
  step 200/1999 best 14.461
  step 250/1999 best 14.359
  step 300/1999 best 14.462
  step 350/1999 best 14.475
  step 400/1999 best 14.427
  step 450/1999 best 14.519
  step 500/1999 best 14.455
  step 550/1999 best 14.407
  step 600/1999 best 14.402
  step 650/1999 best 14.522
  step 700/1999 best 14.388
  step 750/1999 best 14.531
  step 800/1999 best 14.407
  step 850/1999 best 14.423
  step 900/1999 best 14.527
  step 950/1999 best 14.534
  step 1000/1999 best 14.334
  step 1050/1999 best 14.530
  step 1100/1999 best 14.396
  step 1150/1999 best 14.459
  step 1200/1999 best 14.550
  step 1250/1999 best 14.571
  step 1300/1999 best 14.548
  step 1350/1999 best 14.482
  step 1400/1999 best 14.555
  step 1450/1999 best 14.377
  step 1500/1999 best 14.412
  step 1550/1999 best 14.431
  step 1600/1999 best 14.482
  step 1650/1999 best 14.444
  step 1700/1999 best 14.537
  step 1750/1999 best 14.535
  step 1800/1999 best 14.461
  step 1850/1999 best 14.476
  step 1900/1999 best 14.540
  step 1950/1999 best 14.533
saved SBC_CHAINS_cnn_vmim__n1_jitter_seed_s2_sim3081_row2676400_noise5236_5415_5594 (240000, 4) acc=0.421
  step 0/1999 best -28.243
  step 50/1999 best -6.423
  step 100/1999 best 4.410
  step 150/1999 best 9.856
  step 200/1999 best 13.654
  step 250/1999 best 13.329
  step 300/1999 best 13.521
  step 350/1999 best 13.842
  step 400/1999 best 13.591
  step 450/1999 best 13.713
  step 500/1999 best 13.669
  step 550/1999 best 13.845
  step 600/1999 best 13.791
  step 650/1999 best 13.627
  step 700/1999 best 13.654
  step 750/1999 best 13.758
  step 800/1999 best 13.696
  step 850/1999 best 13.568
  step 900/1999 best 13.832
  step 950/1999 best 13.674
  step 1000/1999 best 13.832
  step 1050/1999 best 13.605
  step 1100/1999 best 13.824
  step 1150/1999 best 13.717
  step 1200/1999 best 13.761
  step 1250/1999 best 13.765
  step 1300/1999 best 13.636
  step 1350/1999 best 13.600
  step 1400/1999 best 13.647
  step 1450/1999 best 13.823
  step 1500/1999 best 13.665
  step 1550/1999 best 13.744
  step 1600/1999 best 13.731
  step 1650/1999 best 13.701
  step 1700/1999 best 13.698
  step 1750/1999 best 13.728
  step 1800/1999 best 13.729
  step 1850/1999 best 13.810
  step 1900/1999 best 13.729
  step 1950/1999 best 13.835
saved SBC_CHAINS_cnn_vmim__n1_jitter_seed_s2_sim2901_row2496488_noise2228_2407_2586 (240000, 4) acc=0.265
  step 0/1999 best -15.040
  step 50/1999 best -3.501
  step 100/1999 best -1.146
  step 150/1999 best 10.373
  step 200/1999 best 10.373
  step 250/1999 best 10.373
  step 300/1999 best 11.680
  step 350/1999 best 11.680
  step 400/1999 best 11.670
  step 450/1999 best 11.526
  step 500/1999 best 10.935
  step 550/1999 best 11.446
  step 600/1999 best 11.495
  step 650/1999 best 12.201
  step 700/1999 best 13.599
  step 750/1999 best 11.885
  step 800/1999 best 12.839
  step 850/1999 best 11.794
  step 900/1999 best 14.957
  step 950/1999 best 15.064
  step 1000/1999 best 15.300
  step 1050/1999 best 15.579
  step 1100/1999 best 14.815
  step 1150/1999 best 15.870
  step 1200/1999 best 15.798
  step 1250/1999 best 16.014
  step 1300/1999 best 16.170
  step 1350/1999 best 15.855
  step 1400/1999 best 15.916
  step 1450/1999 best 15.954
  step 1500/1999 best 15.436
  step 1550/1999 best 15.852
  step 1600/1999 best 15.862
  step 1650/1999 best 15.809
  step 1700/1999 best 15.919
  step 1750/1999 best 15.765
  step 1800/1999 best 16.058
  step 1850/1999 best 15.893
  step 1900/1999 best 16.043
  step 1950/1999 best 16.111
saved SBC_CHAINS_cnn_vmim__n1_jitter_seed_s2_sim214_row200506_noise8118_8297_8476 (240000, 4) acc=0.163
  step 0/1999 best -11.388
  step 50/1999 best 1.281
  step 100/1999 best 7.667
  step 150/1999 best 8.465
  step 200/1999 best 16.668
  step 250/1999 best 16.135
  step 300/1999 best 17.085
  step 350/1999 best 16.677
  step 400/1999 best 16.981
  step 450/1999 best 17.107
  step 500/1999 best 17.111
  step 550/1999 best 16.830
  step 600/1999 best 17.068
  step 650/1999 best 17.099
  step 700/1999 best 17.217
  step 750/1999 best 16.896
  step 800/1999 best 17.120
  step 850/1999 best 17.096
  step 900/1999 best 17.111
  step 950/1999 best 17.177
  step 1000/1999 best 17.133
  step 1050/1999 best 17.075
  step 1100/1999 best 17.044
  step 1150/1999 best 17.033
  step 1200/1999 best 17.095
  step 1250/1999 best 17.038
  step 1300/1999 best 17.145
  step 1350/1999 best 16.873
  step 1400/1999 best 17.014
  step 1450/1999 best 16.844
  step 1500/1999 best 17.048
  step 1550/1999 best 17.055
  step 1600/1999 best 17.003
  step 1650/1999 best 17.009
  step 1700/1999 best 17.009
  step 1750/1999 best 17.019
  step 1800/1999 best 17.093
  step 1850/1999 best 17.173
  step 1900/1999 best 17.025
  step 1950/1999 best 17.148
saved SBC_CHAINS_cnn_vmim__n1_jitter_seed_s2_sim1996_row1607999_noise1915_2094_2273 (240000, 4) acc=0.167
  step 0/1999 best -19.425
  step 50/1999 best -0.843
  step 100/1999 best 7.784
  step 150/1999 best 10.704
  step 200/1999 best 15.267
  step 250/1999 best 16.879
  step 300/1999 best 17.045
  step 350/1999 best 16.989
  step 400/1999 best 16.870
  step 450/1999 best 17.041
  step 500/1999 best 16.905
  step 550/1999 best 17.011
  step 600/1999 best 17.016
  step 650/1999 best 17.042
  step 700/1999 best 16.981
  step 750/1999 best 16.986
  step 800/1999 best 16.975
  step 850/1999 best 17.003
  step 900/1999 best 16.987
  step 950/1999 best 16.950
  step 1000/1999 best 16.967
  step 1050/1999 best 17.068
  step 1100/1999 best 17.084
  step 1150/1999 best 16.929
  step 1200/1999 best 16.847
  step 1250/1999 best 16.945
  step 1300/1999 best 16.965
  step 1350/1999 best 16.815
  step 1400/1999 best 16.707
  step 1450/1999 best 16.950
  step 1500/1999 best 16.883
  step 1550/1999 best 17.012
  step 1600/1999 best 16.886
  step 1650/1999 best 16.850
  step 1700/1999 best 16.882
  step 1750/1999 best 16.962
  step 1800/1999 best 17.073
  step 1850/1999 best 16.859
  step 1900/1999 best 17.012
  step 1950/1999 best 16.965
saved SBC_CHAINS_cnn_vmim__n1_jitter_seed_s2_sim820_row769936_noise5212_5391_5570 (240000, 4) acc=0.291
  step 0/1999 best -23.648
  step 50/1999 best 6.216
  step 100/1999 best 11.268
  step 150/1999 best 14.660
  step 200/1999 best 14.550
  step 250/1999 best 14.851
  step 300/1999 best 14.962
  step 350/1999 best 14.945
  step 400/1999 best 15.088
  step 450/1999 best 15.048
  step 500/1999 best 14.977
  step 550/1999 best 14.924
  step 600/1999 best 15.034
  step 650/1999 best 14.899
  step 700/1999 best 15.052
  step 750/1999 best 14.909
  step 800/1999 best 14.781
  step 850/1999 best 15.082
  step 900/1999 best 15.000
  step 950/1999 best 14.983
  step 1000/1999 best 14.992
  step 1050/1999 best 15.058
  step 1100/1999 best 15.070
  step 1150/1999 best 15.127
  step 1200/1999 best 14.941
  step 1250/1999 best 14.939
  step 1300/1999 best 15.054
  step 1350/1999 best 14.859
  step 1400/1999 best 14.894
  step 1450/1999 best 14.952
  step 1500/1999 best 14.925
  step 1550/1999 best 14.922
  step 1600/1999 best 15.022
  step 1650/1999 best 14.951
  step 1700/1999 best 15.071
  step 1750/1999 best 14.948
  step 1800/1999 best 14.970
  step 1850/1999 best 15.063
  step 1900/1999 best 15.009
  step 1950/1999 best 15.027
saved SBC_CHAINS_cnn_vmim__n1_jitter_seed_s2_sim739_row688581_noise2481_2660_2839 (240000, 4) acc=0.294
  step 0/1999 best -19.081
  step 50/1999 best 11.328
  step 100/1999 best 11.874
  step 150/1999 best 15.280
  step 200/1999 best 15.760
  step 250/1999 best 15.716
  step 300/1999 best 15.802
  step 350/1999 best 15.694
  step 400/1999 best 15.672
  step 450/1999 best 15.788
  step 500/1999 best 15.800
  step 550/1999 best 15.755
  step 600/1999 best 15.757
  step 650/1999 best 15.573
  step 700/1999 best 15.677
  step 750/1999 best 15.644
  step 800/1999 best 15.799
  step 850/1999 best 15.687
  step 900/1999 best 15.734
  step 950/1999 best 15.772
  step 1000/1999 best 15.790
  step 1050/1999 best 15.811
  step 1100/1999 best 15.819
  step 1150/1999 best 15.731
  step 1200/1999 best 15.765
  step 1250/1999 best 15.636
  step 1300/1999 best 15.729
  step 1350/1999 best 15.746
  step 1400/1999 best 15.734
  step 1450/1999 best 15.751
  step 1500/1999 best 15.688
  step 1550/1999 best 15.805
  step 1600/1999 best 15.773
  step 1650/1999 best 15.809
  step 1700/1999 best 15.604
  step 1750/1999 best 15.787
  step 1800/1999 best 15.832
  step 1850/1999 best 15.679
  step 1900/1999 best 15.770
  step 1950/1999 best 15.848
saved SBC_CHAINS_cnn_vmim__n1_jitter_seed_s2_sim878_row827901_noise4209_4388_4567 (240000, 4) acc=0.363
  step 0/1999 best -21.920
  step 50/1999 best -5.678
  step 100/1999 best 3.032
  step 150/1999 best 1.978
  step 200/1999 best 5.389
  step 250/1999 best 4.432
  step 300/1999 best 5.733
  step 350/1999 best 9.551
  step 400/1999 best 11.548
  step 450/1999 best 11.368
  step 500/1999 best 10.764
  step 550/1999 best 11.575
  step 600/1999 best 12.367
  step 650/1999 best 12.361
  step 700/1999 best 11.983
  step 750/1999 best 12.375
  step 800/1999 best 12.325
  step 850/1999 best 12.296
  step 900/1999 best 12.305
  step 950/1999 best 11.840
  step 1000/1999 best 12.210
  step 1050/1999 best 12.360
  step 1100/1999 best 12.394
  step 1150/1999 best 12.384
  step 1200/1999 best 12.283
  step 1250/1999 best 12.380
  step 1300/1999 best 12.195
  step 1350/1999 best 12.251
  step 1400/1999 best 12.225
  step 1450/1999 best 12.328
  step 1500/1999 best 12.218
  step 1550/1999 best 12.280
  step 1600/1999 best 12.281
  step 1650/1999 best 12.270
  step 1700/1999 best 12.244
  step 1750/1999 best 12.270
  step 1800/1999 best 12.294
  step 1850/1999 best 12.398
  step 1900/1999 best 12.339
  step 1950/1999 best 12.361
saved SBC_CHAINS_cnn_vmim__n1_jitter_seed_s2_sim2552_row2151519_noise7067_7246_7425 (240000, 4) acc=0.151
  step 0/1999 best -16.604
  step 50/1999 best -4.526
  step 100/1999 best 7.622
  step 150/1999 best 12.370
  step 200/1999 best 12.586
  step 250/1999 best 14.051
  step 300/1999 best 14.142
  step 350/1999 best 13.943
  step 400/1999 best 14.062
  step 450/1999 best 13.969
  step 500/1999 best 13.918
  step 550/1999 best 14.017
  step 600/1999 best 14.116
  step 650/1999 best 14.058
  step 700/1999 best 13.938
  step 750/1999 best 13.966
  step 800/1999 best 14.102
  step 850/1999 best 13.817
  step 900/1999 best 13.991
  step 950/1999 best 14.097
  step 1000/1999 best 14.153
  step 1050/1999 best 14.118
  step 1100/1999 best 14.138
  step 1150/1999 best 14.046
  step 1200/1999 best 14.031
  step 1250/1999 best 14.071
  step 1300/1999 best 14.124
  step 1350/1999 best 14.108
  step 1400/1999 best 14.051
  step 1450/1999 best 14.014
  step 1500/1999 best 14.138
  step 1550/1999 best 14.129
  step 1600/1999 best 14.185
  step 1650/1999 best 13.989
  step 1700/1999 best 14.105
  step 1750/1999 best 14.084
  step 1800/1999 best 14.071
  step 1850/1999 best 14.033
  step 1900/1999 best 14.108
  step 1950/1999 best 14.126
saved SBC_CHAINS_cnn_vmim__n1_jitter_seed_s2_sim3093_row2688026_noise7034_7213_7392 (240000, 4) acc=0.361
  step 0/1999 best -21.267
  step 50/1999 best 1.260
  step 100/1999 best 9.826
  step 150/1999 best 11.202
  step 200/1999 best 11.473
  step 250/1999 best 12.468
  step 300/1999 best 12.853
  step 350/1999 best 12.904
  step 400/1999 best 12.980
  step 450/1999 best 12.906
  step 500/1999 best 13.097
  step 550/1999 best 13.014
  step 600/1999 best 13.028
  step 650/1999 best 13.106
  step 700/1999 best 13.088
  step 750/1999 best 13.076
  step 800/1999 best 13.010
  step 850/1999 best 13.026
  step 900/1999 best 12.865
  step 950/1999 best 13.034
  step 1000/1999 best 13.120
  step 1050/1999 best 13.042
  step 1100/1999 best 13.046
  step 1150/1999 best 13.130
  step 1200/1999 best 13.093
  step 1250/1999 best 12.859
  step 1300/1999 best 12.931
  step 1350/1999 best 12.990
  step 1400/1999 best 12.999
  step 1450/1999 best 13.025
  step 1500/1999 best 12.871
  step 1550/1999 best 13.087
  step 1600/1999 best 13.047
  step 1650/1999 best 13.047
  step 1700/1999 best 13.068
  step 1750/1999 best 13.090
  step 1800/1999 best 12.979
  step 1850/1999 best 13.011
  step 1900/1999 best 13.114
  step 1950/1999 best 13.079
saved SBC_CHAINS_cnn_vmim__n1_jitter_seed_s2_sim2455_row2054153_noise7981_8160_8339 (240000, 4) acc=0.268
  step 0/1999 best -13.240
  step 50/1999 best 3.807
  step 100/1999 best 13.534
  step 150/1999 best 13.768
  step 200/1999 best 14.138
  step 250/1999 best 14.214
  step 300/1999 best 14.266
  step 350/1999 best 14.172
  step 400/1999 best 14.191
  step 450/1999 best 14.283
  step 500/1999 best 14.286
  step 550/1999 best 14.150
  step 600/1999 best 14.176
  step 650/1999 best 14.172
  step 700/1999 best 14.164
  step 750/1999 best 14.268
  step 800/1999 best 14.337
  step 850/1999 best 14.324
  step 900/1999 best 14.305
  step 950/1999 best 14.253
  step 1000/1999 best 14.340
  step 1050/1999 best 14.260
  step 1100/1999 best 14.102
  step 1150/1999 best 14.302
  step 1200/1999 best 14.243
  step 1250/1999 best 14.280
  step 1300/1999 best 14.165
  step 1350/1999 best 14.282
  step 1400/1999 best 14.271
  step 1450/1999 best 14.245
  step 1500/1999 best 14.237
  step 1550/1999 best 14.189
  step 1600/1999 best 14.166
  step 1650/1999 best 14.310
  step 1700/1999 best 14.153
  step 1750/1999 best 14.235
  step 1800/1999 best 14.233
  step 1850/1999 best 14.175
  step 1900/1999 best 14.235
  step 1950/1999 best 14.270
saved SBC_CHAINS_cnn_vmim__n1_jitter_seed_s2_sim950_row899914_noise7426_7605_7784 (240000, 4) acc=0.300
  step 0/1999 best -23.103
  step 50/1999 best 5.418
  step 100/1999 best 12.032
  step 150/1999 best 12.924
  step 200/1999 best 13.867
  step 250/1999 best 13.867
  step 300/1999 best 13.735
  step 350/1999 best 13.833
  step 400/1999 best 13.853
  step 450/1999 best 13.804
  step 500/1999 best 13.829
  step 550/1999 best 13.926
  step 600/1999 best 13.903
  step 650/1999 best 13.864
  step 700/1999 best 13.810
  step 750/1999 best 13.717
  step 800/1999 best 13.931
  step 850/1999 best 13.941
  step 900/1999 best 13.974
  step 950/1999 best 13.921
  step 1000/1999 best 13.849
  step 1050/1999 best 13.824
  step 1100/1999 best 13.885
  step 1150/1999 best 13.802
  step 1200/1999 best 13.978
  step 1250/1999 best 13.841
  step 1300/1999 best 13.834
  step 1350/1999 best 13.881
  step 1400/1999 best 13.985
  step 1450/1999 best 13.943
  step 1500/1999 best 13.912
  step 1550/1999 best 13.927
  step 1600/1999 best 13.892
  step 1650/1999 best 13.920
  step 1700/1999 best 13.960
  step 1750/1999 best 13.964
  step 1800/1999 best 13.857
  step 1850/1999 best 13.868
  step 1900/1999 best 13.943
  step 1950/1999 best 13.786
saved SBC_CHAINS_cnn_vmim__n1_jitter_seed_s2_sim2984_row2579299_noise6415_6594_6773 (240000, 4) acc=0.380
  step 0/1999 best -23.837
  step 50/1999 best -7.872
  step 100/1999 best -1.145
  step 150/1999 best 2.043
  step 200/1999 best 6.957
  step 250/1999 best 8.475
  step 300/1999 best 9.470
  step 350/1999 best 10.156
  step 400/1999 best 10.227
  step 450/1999 best 10.258
  step 500/1999 best 10.272
  step 550/1999 best 10.096
  step 600/1999 best 10.300
  step 650/1999 best 10.250
  step 700/1999 best 10.043
  step 750/1999 best 10.222
  step 800/1999 best 10.176
  step 850/1999 best 10.339
  step 900/1999 best 10.238
  step 950/1999 best 10.296
  step 1000/1999 best 10.115
  step 1050/1999 best 10.324
  step 1100/1999 best 10.124
  step 1150/1999 best 10.260
  step 1200/1999 best 10.201
  step 1250/1999 best 10.364
  step 1300/1999 best 10.238
  step 1350/1999 best 10.213
  step 1400/1999 best 10.327
  step 1450/1999 best 10.177
  step 1500/1999 best 10.195
  step 1550/1999 best 10.340
  step 1600/1999 best 10.230
  step 1650/1999 best 10.263
  step 1700/1999 best 10.208
  step 1750/1999 best 10.361
  step 1800/1999 best 10.296
  step 1850/1999 best 10.203
  step 1900/1999 best 10.294
  step 1950/1999 best 10.346
saved SBC_CHAINS_cnn_vmim__n1_jitter_seed_s2_sim2872_row2467754_noise2978_3157_3336 (240000, 4) acc=0.212
  step 0/1999 best -12.348
  step 50/1999 best 2.667
  step 100/1999 best 13.708
  step 150/1999 best 14.022
  step 200/1999 best 14.380
  step 250/1999 best 15.385
  step 300/1999 best 15.255
  step 350/1999 best 15.525
  step 400/1999 best 15.295
  step 450/1999 best 15.692
  step 500/1999 best 15.430
  step 550/1999 best 15.615
  step 600/1999 best 15.624
  step 650/1999 best 15.552
  step 700/1999 best 15.660
  step 750/1999 best 15.584
  step 800/1999 best 15.518
  step 850/1999 best 15.500
  step 900/1999 best 15.699
  step 950/1999 best 15.735
  step 1000/1999 best 15.659
  step 1050/1999 best 15.442
  step 1100/1999 best 15.369
  step 1150/1999 best 15.567
  step 1200/1999 best 15.689
  step 1250/1999 best 15.565
  step 1300/1999 best 15.599
  step 1350/1999 best 15.483
  step 1400/1999 best 15.517
  step 1450/1999 best 15.600
  step 1500/1999 best 15.555
  step 1550/1999 best 15.540
  step 1600/1999 best 15.565
  step 1650/1999 best 15.599
  step 1700/1999 best 15.567
  step 1750/1999 best 15.564
  step 1800/1999 best 15.549
  step 1850/1999 best 15.595
  step 1900/1999 best 15.666
  step 1950/1999 best 15.727
saved SBC_CHAINS_cnn_vmim__n1_jitter_seed_s2_sim1993_row1604277_noise8021_8200_8379 (240000, 4) acc=0.234
  step 0/1999 best 8.243
  step 50/1999 best 8.605
  step 100/1999 best 8.653
  step 150/1999 best 8.558
  step 200/1999 best 8.675
  step 250/1999 best 8.673
  step 300/1999 best 8.582
  step 350/1999 best 8.635
  step 400/1999 best 8.732
  step 450/1999 best 8.555
  step 500/1999 best 8.598
  step 550/1999 best 8.624
  step 600/1999 best 8.655
  step 650/1999 best 8.707
  step 700/1999 best 8.617
  step 750/1999 best 8.614
  step 800/1999 best 8.711
  step 850/1999 best 8.402
  step 900/1999 best 8.657
  step 950/1999 best 8.559
  step 1000/1999 best 8.607
  step 1050/1999 best 8.567
  step 1100/1999 best 8.608
  step 1150/1999 best 8.653
  step 1200/1999 best 8.499
  step 1250/1999 best 8.690
  step 1300/1999 best 8.698
  step 1350/1999 best 8.447
  step 1400/1999 best 8.540
  step 1450/1999 best 8.707
  step 1500/1999 best 8.770
  step 1550/1999 best 8.653
  step 1600/1999 best 8.689
  step 1650/1999 best 8.639
  step 1700/1999 best 8.773
  step 1750/1999 best 8.714
  step 1800/1999 best 8.536
  step 1850/1999 best 8.665
  step 1900/1999 best 8.681
  step 1950/1999 best 8.673
saved SBC_CHAINS_cnn_vmim__n1_jitter_seed_s2_sim199_row185427_noise2867_3046_3225 (240000, 4) acc=0.370
  step 0/1999 best -15.990
  step 50/1999 best 12.265
  step 100/1999 best 15.652
  step 150/1999 best 16.702
  step 200/1999 best 16.863
  step 250/1999 best 16.595
  step 300/1999 best 16.749
  step 350/1999 best 16.834
  step 400/1999 best 16.803
  step 450/1999 best 16.711
  step 500/1999 best 16.692
  step 550/1999 best 16.851
  step 600/1999 best 16.866
  step 650/1999 best 16.671
  step 700/1999 best 16.742
  step 750/1999 best 16.735
  step 800/1999 best 16.761
  step 850/1999 best 16.792
  step 900/1999 best 16.704
  step 950/1999 best 16.846
  step 1000/1999 best 16.847
  step 1050/1999 best 16.788
  step 1100/1999 best 16.805
  step 1150/1999 best 16.733
  step 1200/1999 best 16.771
  step 1250/1999 best 16.697
  step 1300/1999 best 16.798
  step 1350/1999 best 16.816
  step 1400/1999 best 16.690
  step 1450/1999 best 16.758
  step 1500/1999 best 16.801
  step 1550/1999 best 16.811
  step 1600/1999 best 16.694
  step 1650/1999 best 16.821
  step 1700/1999 best 16.713
  step 1750/1999 best 16.759
  step 1800/1999 best 16.722
  step 1850/1999 best 16.812
  step 1900/1999 best 16.663
  step 1950/1999 best 16.773
saved SBC_CHAINS_cnn_vmim__n1_jitter_seed_s2_sim885_row834312_noise792_971_1150 (240000, 4) acc=0.385
  step 0/1999 best -11.232
  step 50/1999 best 1.700
  step 100/1999 best 10.115
  step 150/1999 best 13.796
  step 200/1999 best 15.200
  step 250/1999 best 15.212
  step 300/1999 best 16.370
  step 350/1999 best 16.296
  step 400/1999 best 15.675
  step 450/1999 best 16.249
  step 500/1999 best 16.012
  step 550/1999 best 16.506
  step 600/1999 best 16.375
  step 650/1999 best 16.594
  step 700/1999 best 16.557
  step 750/1999 best 16.443
  step 800/1999 best 16.432
  step 850/1999 best 16.475
  step 900/1999 best 16.355
  step 950/1999 best 16.309
  step 1000/1999 best 16.380
  step 1050/1999 best 16.472
  step 1100/1999 best 16.411
  step 1150/1999 best 16.506
  step 1200/1999 best 16.435
  step 1250/1999 best 16.612
  step 1300/1999 best 16.539
  step 1350/1999 best 16.415
  step 1400/1999 best 16.477
  step 1450/1999 best 16.305
  step 1500/1999 best 16.560
  step 1550/1999 best 16.266
  step 1600/1999 best 16.503
  step 1650/1999 best 16.270
  step 1700/1999 best 16.370
  step 1750/1999 best 16.405
  step 1800/1999 best 16.487
  step 1850/1999 best 16.579
  step 1900/1999 best 16.443
  step 1950/1999 best 16.596
saved SBC_CHAINS_cnn_vmim__n1_jitter_seed_s2_sim346_row332956_noise2976_3155_3334 (240000, 4) acc=0.179
  step 0/1999 best -17.472
  step 50/1999 best 7.974
  step 100/1999 best 11.298
  step 150/1999 best 11.673
  step 200/1999 best 12.363
  step 250/1999 best 13.000
  step 300/1999 best 13.716
  step 350/1999 best 13.684
  step 400/1999 best 13.961
  step 450/1999 best 13.718
  step 500/1999 best 14.233
  step 550/1999 best 14.279
  step 600/1999 best 13.979
  step 650/1999 best 14.196
  step 700/1999 best 14.285
  step 750/1999 best 14.032
  step 800/1999 best 14.244
  step 850/1999 best 14.301
  step 900/1999 best 14.050
  step 950/1999 best 14.104
  step 1000/1999 best 14.035
  step 1050/1999 best 14.258
  step 1100/1999 best 14.258
  step 1150/1999 best 14.153
  step 1200/1999 best 14.189
  step 1250/1999 best 13.933
  step 1300/1999 best 14.162
  step 1350/1999 best 13.876
  step 1400/1999 best 14.212
  step 1450/1999 best 14.105
  step 1500/1999 best 13.672
  step 1550/1999 best 14.032
  step 1600/1999 best 14.108
  step 1650/1999 best 14.294
  step 1700/1999 best 14.283
  step 1750/1999 best 14.155
  step 1800/1999 best 14.238
  step 1850/1999 best 14.124
  step 1900/1999 best 14.295
  step 1950/1999 best 14.186
saved SBC_CHAINS_cnn_vmim__n1_jitter_seed_s2_sim2458_row2057485_noise1485_1664_1843 (240000, 4) acc=0.221
  step 0/1999 best -16.129
  step 50/1999 best 8.577
  step 100/1999 best 8.931
  step 150/1999 best 12.398
  step 200/1999 best 14.529
  step 250/1999 best 15.119
  step 300/1999 best 15.128
  step 350/1999 best 15.392
  step 400/1999 best 15.167
  step 450/1999 best 15.357
  step 500/1999 best 15.561
  step 550/1999 best 15.301
  step 600/1999 best 15.488
  step 650/1999 best 15.427
  step 700/1999 best 15.414
  step 750/1999 best 15.471
  step 800/1999 best 15.527
  step 850/1999 best 15.487
  step 900/1999 best 15.531
  step 950/1999 best 15.514
  step 1000/1999 best 15.441
  step 1050/1999 best 15.577
  step 1100/1999 best 15.492
  step 1150/1999 best 15.518
  step 1200/1999 best 15.387
  step 1250/1999 best 15.553
  step 1300/1999 best 15.490
  step 1350/1999 best 15.517
  step 1400/1999 best 15.484
  step 1450/1999 best 15.484
  step 1500/1999 best 15.330
  step 1550/1999 best 15.500
  step 1600/1999 best 15.544
  step 1650/1999 best 15.555
  step 1700/1999 best 15.489
  step 1750/1999 best 15.367
  step 1800/1999 best 15.466
  step 1850/1999 best 15.505
  step 1900/1999 best 15.530
  step 1950/1999 best 15.473
saved SBC_CHAINS_cnn_vmim__n1_jitter_seed_s2_sim343_row329637_noise9485_9664_15 (240000, 4) acc=0.331
  step 0/1999 best -19.614
  step 50/1999 best -1.663
  step 100/1999 best 14.155
  step 150/1999 best 15.184
  step 200/1999 best 14.649
  step 250/1999 best 15.641
  step 300/1999 best 16.241
  step 350/1999 best 16.357
  step 400/1999 best 16.052
  step 450/1999 best 16.293
  step 500/1999 best 16.316
  step 550/1999 best 16.287
  step 600/1999 best 15.940
  step 650/1999 best 16.408
  step 700/1999 best 16.258
  step 750/1999 best 16.181
  step 800/1999 best 16.314
  step 850/1999 best 16.397
  step 900/1999 best 16.345
  step 950/1999 best 16.328
  step 1000/1999 best 16.363
  step 1050/1999 best 16.290
  step 1100/1999 best 16.262
  step 1150/1999 best 16.273
  step 1200/1999 best 16.173
  step 1250/1999 best 16.215
  step 1300/1999 best 16.369
  step 1350/1999 best 16.359
  step 1400/1999 best 16.344
  step 1450/1999 best 16.396
  step 1500/1999 best 16.310
  step 1550/1999 best 16.232
  step 1600/1999 best 16.379
  step 1650/1999 best 16.156
  step 1700/1999 best 16.157
  step 1750/1999 best 16.345
  step 1800/1999 best 16.158
  step 1850/1999 best 16.279
  step 1900/1999 best 16.391
  step 1950/1999 best 16.315
saved SBC_CHAINS_cnn_vmim__n1_jitter_seed_s2_sim1195_row1013358_noise6170_6349_6528 (240000, 4) acc=0.249
  step 0/1999 best -11.994
  step 50/1999 best 6.936
  step 100/1999 best 16.027
  step 150/1999 best 16.092
  step 200/1999 best 16.000
  step 250/1999 best 16.258
  step 300/1999 best 16.458
  step 350/1999 best 16.575
  step 400/1999 best 16.386
  step 450/1999 best 16.713
  step 500/1999 best 16.125
  step 550/1999 best 16.631
  step 600/1999 best 16.691
  step 650/1999 best 16.468
  step 700/1999 best 16.480
  step 750/1999 best 16.507
  step 800/1999 best 16.524
  step 850/1999 best 16.465
  step 900/1999 best 16.654
  step 950/1999 best 16.508
  step 1000/1999 best 16.629
  step 1050/1999 best 16.444
  step 1100/1999 best 16.392
  step 1150/1999 best 16.716
  step 1200/1999 best 16.456
  step 1250/1999 best 16.559
  step 1300/1999 best 16.207
  step 1350/1999 best 16.543
  step 1400/1999 best 16.678
  step 1450/1999 best 16.531
  step 1500/1999 best 16.606
  step 1550/1999 best 16.397
  step 1600/1999 best 16.402
  step 1650/1999 best 16.343
  step 1700/1999 best 16.707
  step 1750/1999 best 16.698
  step 1800/1999 best 16.678
  step 1850/1999 best 16.483
  step 1900/1999 best 16.269
  step 1950/1999 best 16.373
saved SBC_CHAINS_cnn_vmim__n1_jitter_seed_s2_sim207_row193414_noise1026_1205_1384 (240000, 4) acc=0.253
  step 0/1999 best -14.692
  step 50/1999 best 2.976
  step 100/1999 best 1.987
  step 150/1999 best 9.055
  step 200/1999 best 9.357
  step 250/1999 best 11.397
  step 300/1999 best 11.257
  step 350/1999 best 14.447
  step 400/1999 best 14.804
  step 450/1999 best 14.958
  step 500/1999 best 14.569
  step 550/1999 best 14.662
  step 600/1999 best 14.962
  step 650/1999 best 15.250
  step 700/1999 best 15.004
  step 750/1999 best 15.042
  step 800/1999 best 14.890
  step 850/1999 best 15.174
  step 900/1999 best 14.987
  step 950/1999 best 15.039
  step 1000/1999 best 15.144
  step 1050/1999 best 15.114
  step 1100/1999 best 15.253
  step 1150/1999 best 15.030
  step 1200/1999 best 14.861
  step 1250/1999 best 15.290
  step 1300/1999 best 15.074
  step 1350/1999 best 14.739
  step 1400/1999 best 14.983
  step 1450/1999 best 15.066
  step 1500/1999 best 15.040
  step 1550/1999 best 15.087
  step 1600/1999 best 14.784
  step 1650/1999 best 14.888
  step 1700/1999 best 15.188
  step 1750/1999 best 15.041
  step 1800/1999 best 15.223
  step 1850/1999 best 15.160
  step 1900/1999 best 14.945
  step 1950/1999 best 15.084
saved SBC_CHAINS_cnn_vmim__n1_jitter_seed_s2_sim1312_row1121189_noise5065_5244_5423 (240000, 4) acc=0.103
  step 0/1999 best -10.871
  step 50/1999 best 6.040
  step 100/1999 best 7.801
  step 150/1999 best 8.494
  step 200/1999 best 10.388
  step 250/1999 best 9.256
  step 300/1999 best 10.628
  step 350/1999 best 10.309
  step 400/1999 best 10.468
  step 450/1999 best 10.923
  step 500/1999 best 10.941
  step 550/1999 best 10.761
  step 600/1999 best 10.802
  step 650/1999 best 10.944
  step 700/1999 best 10.950
  step 750/1999 best 10.811
  step 800/1999 best 10.888
  step 850/1999 best 10.962
  step 900/1999 best 10.917
  step 950/1999 best 10.868
  step 1000/1999 best 10.902
  step 1050/1999 best 10.776
  step 1100/1999 best 10.788
  step 1150/1999 best 10.852
  step 1200/1999 best 10.815
  step 1250/1999 best 10.884
  step 1300/1999 best 10.962
  step 1350/1999 best 10.578
  step 1400/1999 best 10.801
  step 1450/1999 best 10.950
  step 1500/1999 best 11.016
  step 1550/1999 best 10.972
  step 1600/1999 best 10.901
  step 1650/1999 best 10.927
  step 1700/1999 best 10.980
  step 1750/1999 best 10.951
  step 1800/1999 best 10.730
  step 1850/1999 best 10.822
  step 1900/1999 best 10.974
  step 1950/1999 best 11.001
saved SBC_CHAINS_cnn_vmim__n1_jitter_seed_s2_sim2611_row2210532_noise7112_7291_7470 (240000, 4) acc=0.222
  step 0/1999 best -12.668
  step 50/1999 best -4.891
  step 100/1999 best 5.170
  step 150/1999 best 5.795
  step 200/1999 best 5.206
  step 250/1999 best 6.430
  step 300/1999 best 6.055
  step 350/1999 best 10.596
  step 400/1999 best 9.002
  step 450/1999 best 11.214
  step 500/1999 best 11.214
  step 550/1999 best 11.020
  step 600/1999 best 11.020
  step 650/1999 best 11.138
  step 700/1999 best 10.533
  step 750/1999 best 10.283
  step 800/1999 best 11.694
  step 850/1999 best 11.977
  step 900/1999 best 12.591
  step 950/1999 best 11.662
  step 1000/1999 best 13.053
  step 1050/1999 best 13.053
  step 1100/1999 best 12.717
  step 1150/1999 best 12.650
  step 1200/1999 best 12.847
  step 1250/1999 best 12.712
  step 1300/1999 best 11.927
  step 1350/1999 best 12.754
  step 1400/1999 best 12.917
  step 1450/1999 best 12.091
  step 1500/1999 best 13.037
  step 1550/1999 best 12.241
  step 1600/1999 best 12.015
  step 1650/1999 best 10.445
  step 1700/1999 best 11.122
  step 1750/1999 best 12.053
  step 1800/1999 best 13.305
  step 1850/1999 best 12.719
  step 1900/1999 best 12.861
  step 1950/1999 best 12.956
saved SBC_CHAINS_cnn_vmim__n1_jitter_seed_s2_sim2476_row2075973_noise317_496_675 (240000, 4) acc=0.172
  step 0/1999 best -20.931
  step 50/1999 best -2.106
  step 100/1999 best 5.324
  step 150/1999 best 9.929
  step 200/1999 best 16.396
  step 250/1999 best 16.134
  step 300/1999 best 16.398
  step 350/1999 best 16.507
  step 400/1999 best 16.409
  step 450/1999 best 16.858
  step 500/1999 best 16.875
  step 550/1999 best 16.906
  step 600/1999 best 16.948
  step 650/1999 best 16.710
  step 700/1999 best 16.790
  step 750/1999 best 16.943
  step 800/1999 best 16.915
  step 850/1999 best 16.861
  step 900/1999 best 16.772
  step 950/1999 best 16.544
  step 1000/1999 best 16.746
  step 1050/1999 best 16.744
  step 1100/1999 best 16.869
  step 1150/1999 best 16.833
  step 1200/1999 best 16.838
  step 1250/1999 best 16.751
  step 1300/1999 best 16.793
  step 1350/1999 best 16.848
  step 1400/1999 best 16.859
  step 1450/1999 best 16.830
  step 1500/1999 best 16.879
  step 1550/1999 best 16.835
  step 1600/1999 best 17.007
  step 1650/1999 best 16.726
  step 1700/1999 best 16.889
  step 1750/1999 best 16.971
  step 1800/1999 best 16.884
  step 1850/1999 best 16.966
  step 1900/1999 best 16.812
  step 1950/1999 best 16.964
saved SBC_CHAINS_cnn_vmim__n1_jitter_seed_s2_sim1432_row1214123_noise7063_7242_7421 (240000, 4) acc=0.159
  step 0/1999 best -25.563
  step 50/1999 best -2.386
  step 100/1999 best 10.654
  step 150/1999 best 11.370
  step 200/1999 best 11.537
  step 250/1999 best 12.382
  step 300/1999 best 12.550
  step 350/1999 best 12.425
  step 400/1999 best 12.247
  step 450/1999 best 12.550
  step 500/1999 best 12.205
  step 550/1999 best 12.562
  step 600/1999 best 12.519
  step 650/1999 best 12.587
  step 700/1999 best 12.614
  step 750/1999 best 12.450
  step 800/1999 best 12.563
  step 850/1999 best 12.613
  step 900/1999 best 12.619
  step 950/1999 best 12.645
  step 1000/1999 best 12.550
  step 1050/1999 best 12.615
  step 1100/1999 best 12.702
  step 1150/1999 best 12.620
  step 1200/1999 best 12.598
  step 1250/1999 best 12.505
  step 1300/1999 best 12.589
  step 1350/1999 best 12.654
  step 1400/1999 best 12.666
  step 1450/1999 best 12.641
  step 1500/1999 best 12.689
  step 1550/1999 best 12.629
  step 1600/1999 best 12.553
  step 1650/1999 best 12.640
  step 1700/1999 best 12.663
  step 1750/1999 best 12.557
  step 1800/1999 best 12.512
  step 1850/1999 best 12.521
  step 1900/1999 best 12.560
  step 1950/1999 best 12.679
saved SBC_CHAINS_cnn_vmim__n1_jitter_seed_s2_sim2854_row2449441_noise4321_4500_4679 (240000, 4) acc=0.272
  step 0/1999 best -28.755
  step 50/1999 best -11.073
  step 100/1999 best -11.213
  step 150/1999 best -10.470
  step 200/1999 best -10.470
  step 250/1999 best -8.785
  step 300/1999 best -6.883
  step 350/1999 best 7.100
  step 400/1999 best 8.195
  step 450/1999 best 8.156
  step 500/1999 best 10.739
  step 550/1999 best 11.063
  step 600/1999 best 9.458
  step 650/1999 best 8.873
  step 700/1999 best 9.905
  step 750/1999 best 10.820
  step 800/1999 best 10.373
  step 850/1999 best 9.305
  step 900/1999 best 11.185
  step 950/1999 best 11.663
  step 1000/1999 best 12.057
  step 1050/1999 best 11.971
  step 1100/1999 best 11.821
  step 1150/1999 best 11.746
  step 1200/1999 best 12.137
  step 1250/1999 best 12.146
  step 1300/1999 best 12.114
  step 1350/1999 best 12.386
  step 1400/1999 best 11.892
  step 1450/1999 best 12.413
  step 1500/1999 best 12.159
  step 1550/1999 best 12.227
  step 1600/1999 best 12.366
  step 1650/1999 best 12.341
  step 1700/1999 best 12.058
  step 1750/1999 best 11.905
  step 1800/1999 best 12.338
  step 1850/1999 best 12.468
  step 1900/1999 best 12.321
  step 1950/1999 best 12.367
saved SBC_CHAINS_cnn_vmim__n1_jitter_seed_s2_sim2620_row2219961_noise6713_6892_7071 (240000, 4) acc=0.176
  step 0/1999 best -14.589
  step 50/1999 best 1.663
  step 100/1999 best 1.663
  step 150/1999 best 5.924
  step 200/1999 best 8.043
  step 250/1999 best 9.299
  step 300/1999 best 11.334
  step 350/1999 best 11.334
  step 400/1999 best 12.393
  step 450/1999 best 13.205
  step 500/1999 best 11.879
  step 550/1999 best 12.832
  step 600/1999 best 13.392
  step 650/1999 best 13.294
  step 700/1999 best 13.521
  step 750/1999 best 13.287
  step 800/1999 best 13.302
  step 850/1999 best 13.529
  step 900/1999 best 13.432
  step 950/1999 best 13.315
  step 1000/1999 best 13.526
  step 1050/1999 best 13.575
  step 1100/1999 best 13.493
  step 1150/1999 best 13.549
  step 1200/1999 best 13.388
  step 1250/1999 best 13.486
  step 1300/1999 best 13.286
  step 1350/1999 best 12.990
  step 1400/1999 best 13.379
  step 1450/1999 best 13.486
  step 1500/1999 best 13.519
  step 1550/1999 best 13.458
  step 1600/1999 best 13.591
  step 1650/1999 best 13.392
  step 1700/1999 best 13.350
  step 1750/1999 best 13.603
  step 1800/1999 best 13.355
  step 1850/1999 best 13.390
  step 1900/1999 best 13.628
  step 1950/1999 best 13.677
saved SBC_CHAINS_cnn_vmim__n1_jitter_seed_s2_sim2541_row2140805_noise6181_6360_6539 (240000, 4) acc=0.180
  step 0/1999 best -12.517
  step 50/1999 best -2.251
  step 100/1999 best 3.188
  step 150/1999 best 15.476
  step 200/1999 best 15.758
  step 250/1999 best 15.584
  step 300/1999 best 15.793
  step 350/1999 best 16.633
  step 400/1999 best 15.532
  step 450/1999 best 16.377
  step 500/1999 best 16.849
  step 550/1999 best 16.439
  step 600/1999 best 16.666
  step 650/1999 best 16.395
  step 700/1999 best 16.797
  step 750/1999 best 16.678
  step 800/1999 best 16.835
  step 850/1999 best 16.793
  step 900/1999 best 16.816
  step 950/1999 best 16.719
  step 1000/1999 best 16.803
  step 1050/1999 best 16.977
  step 1100/1999 best 16.882
  step 1150/1999 best 16.652
  step 1200/1999 best 16.703
  step 1250/1999 best 16.745
  step 1300/1999 best 16.876
  step 1350/1999 best 16.986
  step 1400/1999 best 16.885
  step 1450/1999 best 16.949
  step 1500/1999 best 16.848
  step 1550/1999 best 16.720
  step 1600/1999 best 16.905
  step 1650/1999 best 16.777
  step 1700/1999 best 16.679
  step 1750/1999 best 16.923
  step 1800/1999 best 16.592
  step 1850/1999 best 16.749
  step 1900/1999 best 16.781
  step 1950/1999 best 16.482
saved SBC_CHAINS_cnn_vmim__n1_jitter_seed_s2_sim1756_row1509799_noise7415_7594_7773 (240000, 4) acc=0.142
  step 0/1999 best -22.968
  step 50/1999 best -2.644
  step 100/1999 best 3.929
  step 150/1999 best 9.341
  step 200/1999 best 10.414
  step 250/1999 best 10.368
  step 300/1999 best 10.578
  step 350/1999 best 10.772
  step 400/1999 best 10.647
  step 450/1999 best 10.744
  step 500/1999 best 10.721
  step 550/1999 best 10.753
  step 600/1999 best 10.841
  step 650/1999 best 10.776
  step 700/1999 best 10.727
  step 750/1999 best 10.797
  step 800/1999 best 10.621
  step 850/1999 best 10.597
  step 900/1999 best 10.709
  step 950/1999 best 10.774
  step 1000/1999 best 10.801
  step 1050/1999 best 10.828
  step 1100/1999 best 10.892
  step 1150/1999 best 10.650
  step 1200/1999 best 10.854
  step 1250/1999 best 10.804
  step 1300/1999 best 10.725
  step 1350/1999 best 10.860
  step 1400/1999 best 10.725
  step 1450/1999 best 10.787
  step 1500/1999 best 10.687
  step 1550/1999 best 10.870
  step 1600/1999 best 10.888
  step 1650/1999 best 10.821
  step 1700/1999 best 10.747
  step 1750/1999 best 10.923
  step 1800/1999 best 10.856
  step 1850/1999 best 10.844
  step 1900/1999 best 10.698
  step 1950/1999 best 10.833
saved SBC_CHAINS_cnn_vmim__n1_jitter_seed_s2_sim1231_row1049524_noise3024_3203_3382 (240000, 4) acc=0.199
  step 0/1999 best -22.233
  step 50/1999 best 0.641
  step 100/1999 best 11.696
  step 150/1999 best 12.409
  step 200/1999 best 12.190
  step 250/1999 best 13.800
  step 300/1999 best 13.807
  step 350/1999 best 14.793
  step 400/1999 best 14.931
  step 450/1999 best 15.089
  step 500/1999 best 15.029
  step 550/1999 best 14.912
  step 600/1999 best 14.903
  step 650/1999 best 15.069
  step 700/1999 best 14.973
  step 750/1999 best 14.842
  step 800/1999 best 14.982
  step 850/1999 best 15.010
  step 900/1999 best 15.149
  step 950/1999 best 14.954
  step 1000/1999 best 15.103
  step 1050/1999 best 15.069
  step 1100/1999 best 15.031
  step 1150/1999 best 15.195
  step 1200/1999 best 14.924
  step 1250/1999 best 15.130
  step 1300/1999 best 15.071
  step 1350/1999 best 15.231
  step 1400/1999 best 15.096
  step 1450/1999 best 15.134
  step 1500/1999 best 15.119
  step 1550/1999 best 15.198
  step 1600/1999 best 15.130
  step 1650/1999 best 14.997
  step 1700/1999 best 15.047
  step 1750/1999 best 15.243
  step 1800/1999 best 15.051
  step 1850/1999 best 15.141
  step 1900/1999 best 15.148
  step 1950/1999 best 15.130
saved SBC_CHAINS_cnn_vmim__n1_jitter_seed_s2_sim1453_row1235411_noise8695_8874_9053 (240000, 4) acc=0.216
  step 0/1999 best -20.777
  step 50/1999 best -5.602
  step 100/1999 best -3.776
  step 150/1999 best 3.983
  step 200/1999 best 6.921
  step 250/1999 best 7.110
  step 300/1999 best 7.718
  step 350/1999 best 8.781
  step 400/1999 best 9.867
  step 450/1999 best 12.394
  step 500/1999 best 12.551
  step 550/1999 best 11.739
  step 600/1999 best 11.489
  step 650/1999 best 11.148
  step 700/1999 best 11.352
  step 750/1999 best 11.724
  step 800/1999 best 11.004
  step 850/1999 best 12.586
  step 900/1999 best 12.171
  step 950/1999 best 12.900
  step 1000/1999 best 11.726
  step 1050/1999 best 12.521
  step 1100/1999 best 13.192
  step 1150/1999 best 13.197
  step 1200/1999 best 12.862
  step 1250/1999 best 12.361
  step 1300/1999 best 12.819
  step 1350/1999 best 13.035
  step 1400/1999 best 13.458
  step 1450/1999 best 13.477
  step 1500/1999 best 12.944
  step 1550/1999 best 12.955
  step 1600/1999 best 12.712
  step 1650/1999 best 12.742
  step 1700/1999 best 13.253
  step 1750/1999 best 13.253
  step 1800/1999 best 13.071
  step 1850/1999 best 12.968
  step 1900/1999 best 12.393
  step 1950/1999 best 12.900
saved SBC_CHAINS_cnn_vmim__n1_jitter_seed_s2_sim2398_row1997831_noise799_978_1157 (240000, 4) acc=0.177
  step 0/1999 best -14.954
  step 50/1999 best 12.304
  step 100/1999 best 13.909
  step 150/1999 best 15.946
  step 200/1999 best 16.185
  step 250/1999 best 16.239
  step 300/1999 best 16.481
  step 350/1999 best 16.262
  step 400/1999 best 16.324
  step 450/1999 best 16.376
  step 500/1999 best 16.449
  step 550/1999 best 16.428
  step 600/1999 best 16.149
  step 650/1999 best 16.448
  step 700/1999 best 16.416
  step 750/1999 best 16.259
  step 800/1999 best 16.337
  step 850/1999 best 16.310
  step 900/1999 best 16.426
  step 950/1999 best 16.402
  step 1000/1999 best 16.445
  step 1050/1999 best 16.287
  step 1100/1999 best 16.340
  step 1150/1999 best 16.455
  step 1200/1999 best 16.484
  step 1250/1999 best 16.340
  step 1300/1999 best 16.454
  step 1350/1999 best 16.396
  step 1400/1999 best 16.303
  step 1450/1999 best 16.500
  step 1500/1999 best 16.142
  step 1550/1999 best 16.339
  step 1600/1999 best 16.278
  step 1650/1999 best 16.516
  step 1700/1999 best 16.445
  step 1750/1999 best 16.421
  step 1800/1999 best 16.307
  step 1850/1999 best 16.444
  step 1900/1999 best 16.411
  step 1950/1999 best 16.428
saved SBC_CHAINS_cnn_vmim__n1_jitter_seed_s2_sim2055_row1665265_noise1213_1392_1571 (240000, 4) acc=0.238
  step 0/1999 best -27.598
  step 50/1999 best -10.943
  step 100/1999 best 1.152
  step 150/1999 best 1.080
  step 200/1999 best 0.819
  step 250/1999 best 13.582
  step 300/1999 best 14.114
  step 350/1999 best 15.646
  step 400/1999 best 15.619
  step 450/1999 best 15.714
  step 500/1999 best 15.858
  step 550/1999 best 16.052
  step 600/1999 best 16.164
  step 650/1999 best 16.318
  step 700/1999 best 15.993
  step 750/1999 best 16.145
  step 800/1999 best 16.421
  step 850/1999 best 16.188
  step 900/1999 best 16.311
  step 950/1999 best 16.253
  step 1000/1999 best 16.196
  step 1050/1999 best 16.049
  step 1100/1999 best 16.102
  step 1150/1999 best 16.253
  step 1200/1999 best 16.273
  step 1250/1999 best 16.163
  step 1300/1999 best 16.262
  step 1350/1999 best 16.208
  step 1400/1999 best 16.298
  step 1450/1999 best 16.360
  step 1500/1999 best 16.236
  step 1550/1999 best 16.184
  step 1600/1999 best 16.213
  step 1650/1999 best 16.259
  step 1700/1999 best 16.071
  step 1750/1999 best 16.349
  step 1800/1999 best 16.274
  step 1850/1999 best 16.072
  step 1900/1999 best 16.366
  step 1950/1999 best 16.320
saved SBC_CHAINS_cnn_vmim__n1_jitter_seed_s2_sim652_row605737_noise4089_4268_4447 (240000, 4) acc=0.119
  step 0/1999 best -28.731
  step 50/1999 best 5.101
  step 100/1999 best 9.224
  step 150/1999 best 12.166
  step 200/1999 best 13.223
  step 250/1999 best 13.917
  step 300/1999 best 14.066
  step 350/1999 best 14.287
  step 400/1999 best 14.302
  step 450/1999 best 14.295
  step 500/1999 best 14.214
  step 550/1999 best 14.296
  step 600/1999 best 14.260
  step 650/1999 best 14.281
  step 700/1999 best 14.273
  step 750/1999 best 14.314
  step 800/1999 best 14.314
  step 850/1999 best 14.157
  step 900/1999 best 14.108
  step 950/1999 best 14.261
  step 1000/1999 best 14.231
  step 1050/1999 best 14.302
  step 1100/1999 best 14.331
  step 1150/1999 best 14.302
  step 1200/1999 best 14.290
  step 1250/1999 best 14.354
  step 1300/1999 best 14.279
  step 1350/1999 best 14.314
  step 1400/1999 best 14.269
  step 1450/1999 best 14.087
  step 1500/1999 best 14.080
  step 1550/1999 best 14.195
  step 1600/1999 best 14.197
  step 1650/1999 best 14.251
  step 1700/1999 best 14.247
  step 1750/1999 best 14.199
  step 1800/1999 best 14.302
  step 1850/1999 best 14.219
  step 1900/1999 best 14.326
  step 1950/1999 best 14.279
saved SBC_CHAINS_cnn_vmim__n1_jitter_seed_s2_sim3094_row2689117_noise8125_8304_8483 (240000, 4) acc=0.368
  step 0/1999 best -17.618
  step 50/1999 best -2.928
  step 100/1999 best -0.951
  step 150/1999 best -0.709
  step 200/1999 best 3.424
  step 250/1999 best 3.465
  step 300/1999 best 13.724
  step 350/1999 best 12.568
  step 400/1999 best 11.453
  step 450/1999 best 12.842
  step 500/1999 best 12.525
  step 550/1999 best 12.237
  step 600/1999 best 13.699
  step 650/1999 best 13.357
  step 700/1999 best 13.908
  step 750/1999 best 13.917
  step 800/1999 best 13.911
  step 850/1999 best 13.834
  step 900/1999 best 14.151
  step 950/1999 best 13.725
  step 1000/1999 best 14.284
  step 1050/1999 best 14.233
  step 1100/1999 best 13.777
  step 1150/1999 best 13.922
  step 1200/1999 best 14.001
  step 1250/1999 best 14.311
  step 1300/1999 best 14.042
  step 1350/1999 best 13.907
  step 1400/1999 best 14.132
  step 1450/1999 best 14.300
  step 1500/1999 best 14.174
  step 1550/1999 best 14.156
  step 1600/1999 best 13.875
  step 1650/1999 best 14.297
  step 1700/1999 best 13.609
  step 1750/1999 best 14.100
  step 1800/1999 best 14.152
  step 1850/1999 best 14.062
  step 1900/1999 best 14.047
  step 1950/1999 best 14.386
saved SBC_CHAINS_cnn_vmim__n1_jitter_seed_s2_sim2374_row1973204_noise5656_5835_6014 (240000, 4) acc=0.282
  step 0/1999 best -15.103
  step 50/1999 best 2.836
  step 100/1999 best 9.603
  step 150/1999 best 14.285
  step 200/1999 best 14.199
  step 250/1999 best 14.612
  step 300/1999 best 14.165
  step 350/1999 best 14.649
  step 400/1999 best 14.662
  step 450/1999 best 14.663
  step 500/1999 best 14.427
  step 550/1999 best 14.631
  step 600/1999 best 14.741
  step 650/1999 best 14.636
  step 700/1999 best 14.681
  step 750/1999 best 14.739
  step 800/1999 best 14.633
  step 850/1999 best 14.654
  step 900/1999 best 14.620
  step 950/1999 best 14.665
  step 1000/1999 best 14.654
  step 1050/1999 best 14.660
  step 1100/1999 best 14.632
  step 1150/1999 best 14.731
  step 1200/1999 best 14.653
  step 1250/1999 best 14.714
  step 1300/1999 best 14.596
  step 1350/1999 best 14.576
  step 1400/1999 best 14.608
  step 1450/1999 best 14.486
  step 1500/1999 best 14.667
  step 1550/1999 best 14.736
  step 1600/1999 best 14.692
  step 1650/1999 best 14.753
  step 1700/1999 best 14.778
  step 1750/1999 best 14.667
  step 1800/1999 best 14.652
  step 1850/1999 best 14.603
  step 1900/1999 best 14.559
  step 1950/1999 best 14.643
saved SBC_CHAINS_cnn_vmim__n1_jitter_seed_s2_sim325_row311710_noise1386_1565_1744 (240000, 4) acc=0.305
  step 0/1999 best -17.507
  step 50/1999 best -0.668
  step 100/1999 best 6.244
  step 150/1999 best 11.831
  step 200/1999 best 13.916
  step 250/1999 best 14.164
  step 300/1999 best 15.803
  step 350/1999 best 15.602
  step 400/1999 best 15.931
  step 450/1999 best 16.036
  step 500/1999 best 15.868
  step 550/1999 best 16.020
  step 600/1999 best 16.080
  step 650/1999 best 16.140
  step 700/1999 best 16.052
  step 750/1999 best 16.086
  step 800/1999 best 16.080
  step 850/1999 best 15.945
  step 900/1999 best 16.143
  step 950/1999 best 15.919
  step 1000/1999 best 15.874
  step 1050/1999 best 16.102
  step 1100/1999 best 16.027
  step 1150/1999 best 15.928
  step 1200/1999 best 15.677
  step 1250/1999 best 16.086
  step 1300/1999 best 16.134
  step 1350/1999 best 16.022
  step 1400/1999 best 16.032
  step 1450/1999 best 16.037
  step 1500/1999 best 16.023
  step 1550/1999 best 16.050
  step 1600/1999 best 16.088
  step 1650/1999 best 15.912
  step 1700/1999 best 16.078
  step 1750/1999 best 16.066
  step 1800/1999 best 16.011
  step 1850/1999 best 16.021
  step 1900/1999 best 16.029
  step 1950/1999 best 16.018
saved SBC_CHAINS_cnn_vmim__n1_jitter_seed_s2_sim970_row919448_noise7304_7483_7662 (240000, 4) acc=0.196
  step 0/1999 best -22.835
  step 50/1999 best -3.787
  step 100/1999 best -0.345
  step 150/1999 best 8.561
  step 200/1999 best 9.138
  step 250/1999 best 14.415
  step 300/1999 best 15.355
  step 350/1999 best 15.720
  step 400/1999 best 16.255
  step 450/1999 best 16.675
  step 500/1999 best 16.452
  step 550/1999 best 16.542
  step 600/1999 best 16.630
  step 650/1999 best 16.573
  step 700/1999 best 16.250
  step 750/1999 best 16.484
  step 800/1999 best 16.168
  step 850/1999 best 16.593
  step 900/1999 best 16.580
  step 950/1999 best 16.618
  step 1000/1999 best 16.557
  step 1050/1999 best 16.565
  step 1100/1999 best 16.621
  step 1150/1999 best 16.646
  step 1200/1999 best 16.510
  step 1250/1999 best 16.667
  step 1300/1999 best 16.320
  step 1350/1999 best 16.590
  step 1400/1999 best 16.580
  step 1450/1999 best 16.324
  step 1500/1999 best 16.608
  step 1550/1999 best 16.228
  step 1600/1999 best 16.445
  step 1650/1999 best 16.359
  step 1700/1999 best 16.583
  step 1750/1999 best 16.546
  step 1800/1999 best 16.301
  step 1850/1999 best 16.696
  step 1900/1999 best 16.486
  step 1950/1999 best 16.473
saved SBC_CHAINS_cnn_vmim__n1_jitter_seed_s2_sim1731_row1484028_noise1300_1479_1658 (240000, 4) acc=0.148
  step 0/1999 best -19.476
  step 50/1999 best 3.815
  step 100/1999 best 12.026
  step 150/1999 best 15.829
  step 200/1999 best 16.811
  step 250/1999 best 17.109
  step 300/1999 best 16.999
  step 350/1999 best 17.095
  step 400/1999 best 16.861
  step 450/1999 best 17.171
  step 500/1999 best 16.857
  step 550/1999 best 17.038
  step 600/1999 best 17.061
  step 650/1999 best 17.222
  step 700/1999 best 17.046
  step 750/1999 best 16.976
  step 800/1999 best 17.048
  step 850/1999 best 17.225
  step 900/1999 best 17.047
  step 950/1999 best 17.160
  step 1000/1999 best 17.098
  step 1050/1999 best 17.182
  step 1100/1999 best 17.004
  step 1150/1999 best 16.977
  step 1200/1999 best 17.260
  step 1250/1999 best 17.151
  step 1300/1999 best 17.138
  step 1350/1999 best 16.926
  step 1400/1999 best 16.993
  step 1450/1999 best 17.024
  step 1500/1999 best 17.221
  step 1550/1999 best 17.243
  step 1600/1999 best 17.134
  step 1650/1999 best 17.086
  step 1700/1999 best 17.236
  step 1750/1999 best 17.269
  step 1800/1999 best 17.228
  step 1850/1999 best 17.179
  step 1900/1999 best 17.048
  step 1950/1999 best 17.129
saved SBC_CHAINS_cnn_vmim__n1_jitter_seed_s2_sim274_row260056_noise8700_8879_9058 (240000, 4) acc=0.175
  step 0/1999 best -27.783
  step 50/1999 best -5.159
  step 100/1999 best 7.048
  step 150/1999 best 11.533
  step 200/1999 best 13.647
  step 250/1999 best 14.661
  step 300/1999 best 14.593
  step 350/1999 best 14.554
  step 400/1999 best 14.634
  step 450/1999 best 14.487
  step 500/1999 best 14.668
  step 550/1999 best 14.644
  step 600/1999 best 14.666
  step 650/1999 best 14.516
  step 700/1999 best 14.638
  step 750/1999 best 14.693
  step 800/1999 best 14.674
  step 850/1999 best 14.673
  step 900/1999 best 14.600
  step 950/1999 best 14.662
  step 1000/1999 best 14.707
  step 1050/1999 best 14.619
  step 1100/1999 best 14.580
  step 1150/1999 best 14.504
  step 1200/1999 best 14.618
  step 1250/1999 best 14.484
  step 1300/1999 best 14.711
  step 1350/1999 best 14.673
  step 1400/1999 best 14.610
  step 1450/1999 best 14.656
  step 1500/1999 best 14.703
  step 1550/1999 best 14.692
  step 1600/1999 best 14.725
  step 1650/1999 best 14.723
  step 1700/1999 best 14.675
  step 1750/1999 best 14.634
  step 1800/1999 best 14.734
  step 1850/1999 best 14.533
  step 1900/1999 best 14.661
  step 1950/1999 best 14.595
saved SBC_CHAINS_cnn_vmim__n1_jitter_seed_s2_sim3004_row2599459_noise6919_7098_7277 (240000, 4) acc=0.360
  step 0/1999 best -14.332
  step 50/1999 best -1.609
  step 100/1999 best 10.132
  step 150/1999 best 14.329
  step 200/1999 best 15.143
  step 250/1999 best 15.390
  step 300/1999 best 15.773
  step 350/1999 best 15.713
  step 400/1999 best 15.895
  step 450/1999 best 15.700
  step 500/1999 best 15.734
  step 550/1999 best 15.869
  step 600/1999 best 15.733
  step 650/1999 best 15.923
  step 700/1999 best 15.969
  step 750/1999 best 15.926
  step 800/1999 best 15.953
  step 850/1999 best 15.934
  step 900/1999 best 15.979
  step 950/1999 best 15.957
  step 1000/1999 best 15.838
  step 1050/1999 best 15.822
  step 1100/1999 best 15.832
  step 1150/1999 best 15.833
  step 1200/1999 best 15.918
  step 1250/1999 best 15.877
  step 1300/1999 best 15.746
  step 1350/1999 best 15.956
  step 1400/1999 best 15.937
  step 1450/1999 best 15.870
  step 1500/1999 best 15.837
  step 1550/1999 best 15.866
  step 1600/1999 best 15.967
  step 1650/1999 best 15.901
  step 1700/1999 best 15.734
  step 1750/1999 best 15.982
  step 1800/1999 best 15.902
  step 1850/1999 best 15.823
  step 1900/1999 best 15.864
  step 1950/1999 best 15.954
saved SBC_CHAINS_cnn_vmim__n1_jitter_seed_s2_sim271_row257310_noise5954_6133_6312 (240000, 4) acc=0.285
  step 0/1999 best -12.638
  step 50/1999 best 2.243
  step 100/1999 best 5.166
  step 150/1999 best 12.021
  step 200/1999 best 11.787
  step 250/1999 best 11.615
  step 300/1999 best 12.132
  step 350/1999 best 12.087
  step 400/1999 best 11.896
  step 450/1999 best 11.984
  step 500/1999 best 11.922
  step 550/1999 best 12.129
  step 600/1999 best 12.131
  step 650/1999 best 11.984
  step 700/1999 best 12.090
  step 750/1999 best 11.856
  step 800/1999 best 12.061
  step 850/1999 best 11.974
  step 900/1999 best 12.012
  step 950/1999 best 11.919
  step 1000/1999 best 11.838
  step 1050/1999 best 12.025
  step 1100/1999 best 11.855
  step 1150/1999 best 12.096
  step 1200/1999 best 12.206
  step 1250/1999 best 12.096
  step 1300/1999 best 12.154
  step 1350/1999 best 11.998
  step 1400/1999 best 12.117
  step 1450/1999 best 12.028
  step 1500/1999 best 12.039
  step 1550/1999 best 12.005
  step 1600/1999 best 11.978
  step 1650/1999 best 12.151
  step 1700/1999 best 12.127
  step 1750/1999 best 12.073
  step 1800/1999 best 11.986
  step 1850/1999 best 12.123
  step 1900/1999 best 11.981
  step 1950/1999 best 12.185
saved SBC_CHAINS_cnn_vmim__n1_jitter_seed_s2_sim1232_row1050307_noise3807_3986_4165 (240000, 4) acc=0.193
  step 0/1999 best -21.798
  step 50/1999 best -3.530
  step 100/1999 best 1.988
  step 150/1999 best 10.664
  step 200/1999 best 12.216
  step 250/1999 best 16.297
  step 300/1999 best 16.474
  step 350/1999 best 16.610
  step 400/1999 best 16.736
  step 450/1999 best 16.785
  step 500/1999 best 16.652
  step 550/1999 best 16.731
  step 600/1999 best 16.820
  step 650/1999 best 16.668
  step 700/1999 best 16.693
  step 750/1999 best 16.746
  step 800/1999 best 16.610
  step 850/1999 best 16.808
  step 900/1999 best 16.717
  step 950/1999 best 16.663
  step 1000/1999 best 16.708
  step 1050/1999 best 16.660
  step 1100/1999 best 16.752
  step 1150/1999 best 16.657
  step 1200/1999 best 16.828
  step 1250/1999 best 16.835
  step 1300/1999 best 16.805
  step 1350/1999 best 16.792
  step 1400/1999 best 16.705
  step 1450/1999 best 16.723
  step 1500/1999 best 16.753
  step 1550/1999 best 16.867
  step 1600/1999 best 16.676
  step 1650/1999 best 16.717
  step 1700/1999 best 16.816
  step 1750/1999 best 16.789
  step 1800/1999 best 16.692
  step 1850/1999 best 16.806
  step 1900/1999 best 16.818
  step 1950/1999 best 16.798
saved SBC_CHAINS_cnn_vmim__n1_jitter_seed_s2_sim742_row691140_noise5040_5219_5398 (240000, 4) acc=0.250
  step 0/1999 best -27.437
  step 50/1999 best -3.110
  step 100/1999 best 11.798
  step 150/1999 best 13.481
  step 200/1999 best 13.523
  step 250/1999 best 14.245
  step 300/1999 best 14.420
  step 350/1999 best 14.086
  step 400/1999 best 14.342
  step 450/1999 best 14.470
  step 500/1999 best 14.469
  step 550/1999 best 14.019
  step 600/1999 best 14.070
  step 650/1999 best 14.180
  step 700/1999 best 14.391
  step 750/1999 best 14.438
  step 800/1999 best 14.349
  step 850/1999 best 14.089
  step 900/1999 best 14.432
  step 950/1999 best 14.490
  step 1000/1999 best 14.480
  step 1050/1999 best 14.419
  step 1100/1999 best 14.306
  step 1150/1999 best 14.152
  step 1200/1999 best 14.329
  step 1250/1999 best 14.405
  step 1300/1999 best 14.117
  step 1350/1999 best 14.413
  step 1400/1999 best 14.301
  step 1450/1999 best 14.365
  step 1500/1999 best 14.372
  step 1550/1999 best 14.093
  step 1600/1999 best 14.195
  step 1650/1999 best 14.199
  step 1700/1999 best 14.369
  step 1750/1999 best 14.385
  step 1800/1999 best 14.444
  step 1850/1999 best 14.406
  step 1900/1999 best 14.284
  step 1950/1999 best 14.166
saved SBC_CHAINS_cnn_vmim__n1_jitter_seed_s2_sim2367_row1966342_noise8622_8801_8980 (240000, 4) acc=0.264
  step 0/1999 best -13.843
  step 50/1999 best 7.883
  step 100/1999 best 8.401
  step 150/1999 best 15.209
  step 200/1999 best 16.389
  step 250/1999 best 16.221
  step 300/1999 best 16.370
  step 350/1999 best 16.316
  step 400/1999 best 16.417
  step 450/1999 best 16.113
  step 500/1999 best 16.294
  step 550/1999 best 16.396
  step 600/1999 best 16.249
  step 650/1999 best 16.378
  step 700/1999 best 16.357
  step 750/1999 best 16.025
  step 800/1999 best 16.474
  step 850/1999 best 16.406
  step 900/1999 best 16.287
  step 950/1999 best 16.410
  step 1000/1999 best 16.501
  step 1050/1999 best 16.091
  step 1100/1999 best 16.386
  step 1150/1999 best 16.411
  step 1200/1999 best 16.484
  step 1250/1999 best 16.372
  step 1300/1999 best 16.293
  step 1350/1999 best 16.274
  step 1400/1999 best 16.378
  step 1450/1999 best 16.291
  step 1500/1999 best 16.350
  step 1550/1999 best 16.350
  step 1600/1999 best 16.177
  step 1650/1999 best 16.368
  step 1700/1999 best 16.302
  step 1750/1999 best 16.384
  step 1800/1999 best 16.308
  step 1850/1999 best 16.286
  step 1900/1999 best 16.328
  step 1950/1999 best 16.310
saved SBC_CHAINS_cnn_vmim__n1_jitter_seed_s2_sim1533_row1310693_noise525_704_883 (240000, 4) acc=0.184
  step 0/1999 best -17.883
  step 50/1999 best 6.853
  step 100/1999 best 14.386
  step 150/1999 best 15.739
  step 200/1999 best 16.041
  step 250/1999 best 16.481
  step 300/1999 best 16.331
  step 350/1999 best 16.432
  step 400/1999 best 16.557
  step 450/1999 best 16.500
  step 500/1999 best 16.347
  step 550/1999 best 16.468
  step 600/1999 best 16.540
  step 650/1999 best 16.462
  step 700/1999 best 16.427
  step 750/1999 best 16.545
  step 800/1999 best 16.577
  step 850/1999 best 16.435
  step 900/1999 best 16.374
  step 950/1999 best 16.454
  step 1000/1999 best 16.440
  step 1050/1999 best 16.457
  step 1100/1999 best 16.434
  step 1150/1999 best 16.526
  step 1200/1999 best 16.500
  step 1250/1999 best 16.560
  step 1300/1999 best 16.374
  step 1350/1999 best 16.499
  step 1400/1999 best 16.372
  step 1450/1999 best 16.404
  step 1500/1999 best 16.332
  step 1550/1999 best 16.470
  step 1600/1999 best 16.451
  step 1650/1999 best 16.464
  step 1700/1999 best 16.522
  step 1750/1999 best 16.388
  step 1800/1999 best 16.494
  step 1850/1999 best 16.506
  step 1900/1999 best 16.363
  step 1950/1999 best 16.450
saved SBC_CHAINS_cnn_vmim__n1_jitter_seed_s2_sim1994_row1605056_noise8800_8979_9158 (240000, 4) acc=0.227
  step 0/1999 best -21.990
  step 50/1999 best 9.940
  step 100/1999 best 14.424
  step 150/1999 best 15.420
  step 200/1999 best 15.813
  step 250/1999 best 15.619
  step 300/1999 best 15.761
  step 350/1999 best 15.707
  step 400/1999 best 15.691
  step 450/1999 best 15.777
  step 500/1999 best 15.875
  step 550/1999 best 15.774
  step 600/1999 best 15.893
  step 650/1999 best 15.904
  step 700/1999 best 15.833
  step 750/1999 best 15.713
  step 800/1999 best 15.738
  step 850/1999 best 15.712
  step 900/1999 best 15.864
  step 950/1999 best 15.886
  step 1000/1999 best 15.705
  step 1050/1999 best 15.615
  step 1100/1999 best 15.777
  step 1150/1999 best 15.889
  step 1200/1999 best 15.770
  step 1250/1999 best 15.883
  step 1300/1999 best 15.754
  step 1350/1999 best 15.845
  step 1400/1999 best 15.843
  step 1450/1999 best 15.874
  step 1500/1999 best 15.863
  step 1550/1999 best 15.838
  step 1600/1999 best 15.907
  step 1650/1999 best 15.889
  step 1700/1999 best 15.815
  step 1750/1999 best 15.842
  step 1800/1999 best 15.835
  step 1850/1999 best 15.858
  step 1900/1999 best 15.679
  step 1950/1999 best 15.795
saved SBC_CHAINS_cnn_vmim__n1_jitter_seed_s2_sim975_row924811_noise2839_3018_3197 (240000, 4) acc=0.315
  step 0/1999 best -22.963
  step 50/1999 best -6.619
  step 100/1999 best 0.656
  step 150/1999 best 0.232
  step 200/1999 best 10.623
  step 250/1999 best 12.037
  step 300/1999 best 12.868
  step 350/1999 best 13.219
  step 400/1999 best 13.379
  step 450/1999 best 13.317
  step 500/1999 best 13.444
  step 550/1999 best 13.473
  step 600/1999 best 13.298
  step 650/1999 best 13.550
  step 700/1999 best 13.430
  step 750/1999 best 13.398
  step 800/1999 best 13.498
  step 850/1999 best 13.469
  step 900/1999 best 13.450
  step 950/1999 best 13.519
  step 1000/1999 best 13.557
  step 1050/1999 best 13.525
  step 1100/1999 best 13.564
  step 1150/1999 best 13.465
  step 1200/1999 best 13.529
  step 1250/1999 best 13.618
  step 1300/1999 best 13.543
  step 1350/1999 best 13.361
  step 1400/1999 best 13.581
  step 1450/1999 best 13.458
  step 1500/1999 best 13.425
  step 1550/1999 best 13.529
  step 1600/1999 best 13.578
  step 1650/1999 best 13.407
  step 1700/1999 best 13.560
  step 1750/1999 best 13.543
  step 1800/1999 best 13.445
  step 1850/1999 best 13.578
  step 1900/1999 best 13.376
  step 1950/1999 best 13.490
saved SBC_CHAINS_cnn_vmim__n1_jitter_seed_s2_sim2902_row2497351_noise3091_3270_3449 (240000, 4) acc=0.199
  step 0/1999 best -20.063
  step 50/1999 best 8.612
  step 100/1999 best 9.935
  step 150/1999 best 11.602
  step 200/1999 best 11.933
  step 250/1999 best 12.315
  step 300/1999 best 11.936
  step 350/1999 best 12.548
  step 400/1999 best 12.675
  step 450/1999 best 12.514
  step 500/1999 best 12.425
  step 550/1999 best 12.331
  step 600/1999 best 12.355
  step 650/1999 best 12.509
  step 700/1999 best 12.634
  step 750/1999 best 12.576
  step 800/1999 best 12.531
  step 850/1999 best 12.674
  step 900/1999 best 12.533
  step 950/1999 best 12.465
  step 1000/1999 best 12.592
  step 1050/1999 best 12.552
  step 1100/1999 best 12.446
  step 1150/1999 best 12.425
  step 1200/1999 best 12.630
  step 1250/1999 best 12.497
  step 1300/1999 best 12.500
  step 1350/1999 best 12.566
  step 1400/1999 best 12.202
  step 1450/1999 best 12.505
  step 1500/1999 best 12.545
  step 1550/1999 best 12.616
  step 1600/1999 best 12.583
  step 1650/1999 best 12.460
  step 1700/1999 best 12.555
  step 1750/1999 best 12.490
  step 1800/1999 best 12.533
  step 1850/1999 best 12.517
  step 1900/1999 best 12.468
  step 1950/1999 best 12.653
saved SBC_CHAINS_cnn_vmim__n1_jitter_seed_s2_sim2011_row1622397_noise6485_6664_6843 (240000, 4) acc=0.161
  step 0/1999 best -2.470
  step 50/1999 best 1.150
  step 100/1999 best 8.046
  step 150/1999 best 8.046
  step 200/1999 best 9.843
  step 250/1999 best 11.537
  step 300/1999 best 12.527
  step 350/1999 best 12.942
  step 400/1999 best 13.138
  step 450/1999 best 12.954
  step 500/1999 best 12.969
  step 550/1999 best 13.055
  step 600/1999 best 12.993
  step 650/1999 best 12.908
  step 700/1999 best 13.021
  step 750/1999 best 13.096
  step 800/1999 best 13.052
  step 850/1999 best 12.988
  step 900/1999 best 13.028
  step 950/1999 best 12.955
  step 1000/1999 best 13.090
  step 1050/1999 best 13.071
  step 1100/1999 best 12.825
  step 1150/1999 best 13.073
  step 1200/1999 best 12.960
  step 1250/1999 best 12.898
  step 1300/1999 best 12.881
  step 1350/1999 best 13.154
  step 1400/1999 best 13.137
  step 1450/1999 best 13.094
  step 1500/1999 best 13.184
  step 1550/1999 best 12.938
  step 1600/1999 best 12.889
  step 1650/1999 best 12.838
  step 1700/1999 best 13.046
  step 1750/1999 best 13.087
  step 1800/1999 best 12.896
  step 1850/1999 best 13.020
  step 1900/1999 best 12.939
  step 1950/1999 best 12.995
saved SBC_CHAINS_cnn_vmim__n1_jitter_seed_s2_sim452_row430321_noise233_412_591 (240000, 4) acc=0.199
  step 0/1999 best -13.417
  step 50/1999 best -10.386
  step 100/1999 best 4.112
  step 150/1999 best 10.045
  step 200/1999 best 10.529
  step 250/1999 best 11.041
  step 300/1999 best 11.172
  step 350/1999 best 11.108
  step 400/1999 best 11.168
  step 450/1999 best 11.163
  step 500/1999 best 11.200
  step 550/1999 best 11.151
  step 600/1999 best 11.189
  step 650/1999 best 10.987
  step 700/1999 best 11.177
  step 750/1999 best 11.116
  step 800/1999 best 10.899
  step 850/1999 best 11.190
  step 900/1999 best 11.211
  step 950/1999 best 10.957
  step 1000/1999 best 10.958
  step 1050/1999 best 11.165
  step 1100/1999 best 11.107
  step 1150/1999 best 11.089
  step 1200/1999 best 11.176
  step 1250/1999 best 11.177
  step 1300/1999 best 11.180
  step 1350/1999 best 11.265
  step 1400/1999 best 11.163
  step 1450/1999 best 11.189
  step 1500/1999 best 11.260
  step 1550/1999 best 11.193
  step 1600/1999 best 11.187
  step 1650/1999 best 11.149
  step 1700/1999 best 11.225
  step 1750/1999 best 11.160
  step 1800/1999 best 11.224
  step 1850/1999 best 11.111
  step 1900/1999 best 11.037
  step 1950/1999 best 11.201
saved SBC_CHAINS_cnn_vmim__n1_jitter_seed_s2_sim2853_row2448375_noise3255_3434_3613 (240000, 4) acc=0.199
  step 0/1999 best -14.749
  step 50/1999 best -5.526
  step 100/1999 best 3.180
  step 150/1999 best 12.917
  step 200/1999 best 13.188
  step 250/1999 best 13.022
  step 300/1999 best 13.203
  step 350/1999 best 13.167
  step 400/1999 best 13.135
  step 450/1999 best 13.101
  step 500/1999 best 13.012
  step 550/1999 best 13.273
  step 600/1999 best 13.330
  step 650/1999 best 13.048
  step 700/1999 best 13.219
  step 750/1999 best 13.133
  step 800/1999 best 13.114
  step 850/1999 best 13.280
  step 900/1999 best 13.113
  step 950/1999 best 13.202
  step 1000/1999 best 13.235
  step 1050/1999 best 13.279
  step 1100/1999 best 13.278
  step 1150/1999 best 13.212
  step 1200/1999 best 13.286
  step 1250/1999 best 13.286
  step 1300/1999 best 13.159
  step 1350/1999 best 13.219
  step 1400/1999 best 13.225
  step 1450/1999 best 13.270
  step 1500/1999 best 13.102
  step 1550/1999 best 13.217
  step 1600/1999 best 13.254
  step 1650/1999 best 13.274
  step 1700/1999 best 13.310
  step 1750/1999 best 13.235
  step 1800/1999 best 13.150
  step 1850/1999 best 13.290
  step 1900/1999 best 13.299
  step 1950/1999 best 13.167
saved SBC_CHAINS_cnn_vmim__n1_jitter_seed_s2_sim2995_row2590054_noise7342_7521_7700 (240000, 4) acc=0.367
  step 0/1999 best -14.448
  step 50/1999 best 6.544
  step 100/1999 best 13.769
  step 150/1999 best 13.116
  step 200/1999 best 13.099
  step 250/1999 best 13.145
  step 300/1999 best 13.710
  step 350/1999 best 13.448
  step 400/1999 best 13.588
  step 450/1999 best 13.939
  step 500/1999 best 13.738
  step 550/1999 best 13.858
  step 600/1999 best 13.835
  step 650/1999 best 13.933
  step 700/1999 best 13.904
  step 750/1999 best 13.868
  step 800/1999 best 13.545
  step 850/1999 best 13.974
  step 900/1999 best 13.867
  step 950/1999 best 13.843
  step 1000/1999 best 13.876
  step 1050/1999 best 13.962
  step 1100/1999 best 13.781
  step 1150/1999 best 13.704
  step 1200/1999 best 13.940
  step 1250/1999 best 13.797
  step 1300/1999 best 13.913
  step 1350/1999 best 13.919
  step 1400/1999 best 13.948
  step 1450/1999 best 13.768
  step 1500/1999 best 13.960
  step 1550/1999 best 13.930
  step 1600/1999 best 13.806
  step 1650/1999 best 13.985
  step 1700/1999 best 13.856
  step 1750/1999 best 13.937
  step 1800/1999 best 13.838
  step 1850/1999 best 13.816
  step 1900/1999 best 13.896
  step 1950/1999 best 13.761
saved SBC_CHAINS_cnn_vmim__n1_jitter_seed_s2_sim921_row870549_noise7545_7724_7903 (240000, 4) acc=0.145
  step 0/1999 best -12.103
  step 50/1999 best -5.876
  step 100/1999 best -2.670
  step 150/1999 best -1.455
  step 200/1999 best 1.427
  step 250/1999 best 4.595
  step 300/1999 best 12.813
  step 350/1999 best 13.113
  step 400/1999 best 13.566
  step 450/1999 best 14.816
  step 500/1999 best 15.475
  step 550/1999 best 15.794
  step 600/1999 best 16.080
  step 650/1999 best 15.810
  step 700/1999 best 15.212
  step 750/1999 best 16.538
  step 800/1999 best 16.714
  step 850/1999 best 16.111
  step 900/1999 best 16.430
  step 950/1999 best 16.129
  step 1000/1999 best 16.674
  step 1050/1999 best 16.590
  step 1100/1999 best 16.600
  step 1150/1999 best 16.752
  step 1200/1999 best 16.678
  step 1250/1999 best 16.680
  step 1300/1999 best 16.761
  step 1350/1999 best 16.766
  step 1400/1999 best 16.574
  step 1450/1999 best 16.572
  step 1500/1999 best 16.510
  step 1550/1999 best 16.595
  step 1600/1999 best 16.563
  step 1650/1999 best 16.501
  step 1700/1999 best 16.207
  step 1750/1999 best 16.299
  step 1800/1999 best 16.656
  step 1850/1999 best 16.769
  step 1900/1999 best 16.593
  step 1950/1999 best 16.584
saved SBC_CHAINS_cnn_vmim__n1_jitter_seed_s2_sim178_row169670_noise1766_1945_2124 (240000, 4) acc=0.174
  step 0/1999 best -12.527
  step 50/1999 best 6.903
  step 100/1999 best 14.792
  step 150/1999 best 14.824
  step 200/1999 best 15.006
  step 250/1999 best 15.345
  step 300/1999 best 15.439
  step 350/1999 best 15.431
  step 400/1999 best 15.219
  step 450/1999 best 15.511
  step 500/1999 best 15.401
  step 550/1999 best 15.483
  step 600/1999 best 15.509
  step 650/1999 best 15.498
  step 700/1999 best 15.468
  step 750/1999 best 15.398
  step 800/1999 best 15.444
  step 850/1999 best 15.455
  step 900/1999 best 15.454
  step 950/1999 best 15.454
  step 1000/1999 best 15.453
  step 1050/1999 best 15.440
  step 1100/1999 best 15.441
  step 1150/1999 best 15.462
  step 1200/1999 best 15.436
  step 1250/1999 best 15.436
  step 1300/1999 best 15.528
  step 1350/1999 best 15.298
  step 1400/1999 best 15.320
  step 1450/1999 best 15.384
  step 1500/1999 best 15.513
  step 1550/1999 best 15.248
  step 1600/1999 best 15.309
  step 1650/1999 best 15.434
  step 1700/1999 best 15.390
  step 1750/1999 best 15.470
  step 1800/1999 best 15.428
  step 1850/1999 best 15.374
  step 1900/1999 best 15.244
  step 1950/1999 best 15.528
saved SBC_CHAINS_cnn_vmim__n1_jitter_seed_s2_sim962_row911270_noise8954_9133_9312 (240000, 4) acc=0.364
  step 0/1999 best -24.317
  step 50/1999 best -3.879
  step 100/1999 best 7.399
  step 150/1999 best 9.596
  step 200/1999 best 10.414
  step 250/1999 best 10.314
  step 300/1999 best 10.762
  step 350/1999 best 10.674
  step 400/1999 best 11.015
  step 450/1999 best 11.014
  step 500/1999 best 10.639
  step 550/1999 best 10.853
  step 600/1999 best 10.844
  step 650/1999 best 10.959
  step 700/1999 best 10.643
  step 750/1999 best 11.035
  step 800/1999 best 10.846
  step 850/1999 best 10.896
  step 900/1999 best 10.951
  step 950/1999 best 10.770
  step 1000/1999 best 10.927
  step 1050/1999 best 10.814
  step 1100/1999 best 10.749
  step 1150/1999 best 10.975
  step 1200/1999 best 10.858
  step 1250/1999 best 10.957
  step 1300/1999 best 10.965
  step 1350/1999 best 10.974
  step 1400/1999 best 10.924
  step 1450/1999 best 10.961
  step 1500/1999 best 10.870
  step 1550/1999 best 10.985
  step 1600/1999 best 10.959
  step 1650/1999 best 10.677
  step 1700/1999 best 10.910
  step 1750/1999 best 10.940
  step 1800/1999 best 10.902
  step 1850/1999 best 10.967
  step 1900/1999 best 10.891
  step 1950/1999 best 11.009
saved SBC_CHAINS_cnn_vmim__n1_jitter_seed_s2_sim673_row624627_noise5323_5502_5681 (240000, 4) acc=0.178
  step 0/1999 best -20.290
  step 50/1999 best 11.038
  step 100/1999 best 11.153
  step 150/1999 best 12.430
  step 200/1999 best 13.322
  step 250/1999 best 13.211
  step 300/1999 best 13.158
  step 350/1999 best 13.391
  step 400/1999 best 13.281
  step 450/1999 best 13.194
  step 500/1999 best 13.335
  step 550/1999 best 13.296
  step 600/1999 best 13.241
  step 650/1999 best 13.227
  step 700/1999 best 13.413
  step 750/1999 best 13.215
  step 800/1999 best 13.293
  step 850/1999 best 13.332
  step 900/1999 best 13.091
  step 950/1999 best 13.246
  step 1000/1999 best 13.325
  step 1050/1999 best 13.390
  step 1100/1999 best 13.299
  step 1150/1999 best 13.361
  step 1200/1999 best 13.255
  step 1250/1999 best 13.294
  step 1300/1999 best 13.364
  step 1350/1999 best 13.183
  step 1400/1999 best 13.294
  step 1450/1999 best 13.265
  step 1500/1999 best 13.351
  step 1550/1999 best 13.318
  step 1600/1999 best 13.352
  step 1650/1999 best 13.353
  step 1700/1999 best 13.354
  step 1750/1999 best 13.230
  step 1800/1999 best 13.352
  step 1850/1999 best 13.339
  step 1900/1999 best 13.278
  step 1950/1999 best 13.155
saved SBC_CHAINS_cnn_vmim__n1_jitter_seed_s2_sim2528_row2127459_noise2663_2842_3021 (240000, 4) acc=0.344
  step 0/1999 best -11.432
  step 50/1999 best -6.629
  step 100/1999 best 1.558
  step 150/1999 best 12.923
  step 200/1999 best 11.118
  step 250/1999 best 11.846
  step 300/1999 best 13.136
  step 350/1999 best 13.055
  step 400/1999 best 13.114
  step 450/1999 best 13.081
  step 500/1999 best 13.479
  step 550/1999 best 13.486
  step 600/1999 best 13.372
  step 650/1999 best 13.426
  step 700/1999 best 13.462
  step 750/1999 best 13.356
  step 800/1999 best 13.537
  step 850/1999 best 13.491
  step 900/1999 best 13.402
  step 950/1999 best 13.442
  step 1000/1999 best 13.456
  step 1050/1999 best 13.416
  step 1100/1999 best 13.391
  step 1150/1999 best 13.398
  step 1200/1999 best 13.492
  step 1250/1999 best 13.408
  step 1300/1999 best 13.293
  step 1350/1999 best 13.296
  step 1400/1999 best 13.409
  step 1450/1999 best 13.271
  step 1500/1999 best 13.406
  step 1550/1999 best 13.407
  step 1600/1999 best 13.280
  step 1650/1999 best 13.410
  step 1700/1999 best 13.284
  step 1750/1999 best 13.288
  step 1800/1999 best 13.362
  step 1850/1999 best 13.431
  step 1900/1999 best 13.435
  step 1950/1999 best 13.418
saved SBC_CHAINS_cnn_vmim__n1_jitter_seed_s2_sim2365_row1964408_noise6688_6867_7046 (240000, 4) acc=0.288
  step 0/1999 best -23.145
  step 50/1999 best 3.286
  step 100/1999 best 7.964
  step 150/1999 best 14.360
  step 200/1999 best 15.500
  step 250/1999 best 16.419
  step 300/1999 best 16.244
  step 350/1999 best 16.113
  step 400/1999 best 16.278
  step 450/1999 best 16.459
  step 500/1999 best 16.361
  step 550/1999 best 16.525
  step 600/1999 best 16.417
  step 650/1999 best 16.502
  step 700/1999 best 16.421
  step 750/1999 best 16.502
  step 800/1999 best 16.299
  step 850/1999 best 16.413
  step 900/1999 best 16.425
  step 950/1999 best 16.361
  step 1000/1999 best 16.411
  step 1050/1999 best 16.507
  step 1100/1999 best 16.419
  step 1150/1999 best 16.482
  step 1200/1999 best 16.343
  step 1250/1999 best 16.408
  step 1300/1999 best 16.272
  step 1350/1999 best 16.538
  step 1400/1999 best 16.494
  step 1450/1999 best 16.448
  step 1500/1999 best 16.412
  step 1550/1999 best 16.416
  step 1600/1999 best 16.392
  step 1650/1999 best 16.441
  step 1700/1999 best 16.483
  step 1750/1999 best 16.469
  step 1800/1999 best 16.358
  step 1850/1999 best 16.372
  step 1900/1999 best 16.382
  step 1950/1999 best 16.435
saved SBC_CHAINS_cnn_vmim__n1_jitter_seed_s2_sim910_row859642_noise6466_6645_6824 (240000, 4) acc=0.226
  step 0/1999 best -17.863
  step 50/1999 best 4.446
  step 100/1999 best 8.500
  step 150/1999 best 13.361
  step 200/1999 best 15.163
  step 250/1999 best 15.091
  step 300/1999 best 15.087
  step 350/1999 best 15.084
  step 400/1999 best 15.093
  step 450/1999 best 15.157
  step 500/1999 best 14.992
  step 550/1999 best 15.082
  step 600/1999 best 15.268
  step 650/1999 best 15.204
  step 700/1999 best 15.167
  step 750/1999 best 15.013
  step 800/1999 best 15.034
  step 850/1999 best 15.096
  step 900/1999 best 15.275
  step 950/1999 best 15.236
  step 1000/1999 best 15.112
  step 1050/1999 best 15.117
  step 1100/1999 best 15.156
  step 1150/1999 best 15.090
  step 1200/1999 best 15.267
  step 1250/1999 best 15.138
  step 1300/1999 best 15.293
  step 1350/1999 best 15.174
  step 1400/1999 best 15.146
  step 1450/1999 best 15.165
  step 1500/1999 best 15.268
  step 1550/1999 best 15.247
  step 1600/1999 best 15.193
  step 1650/1999 best 15.214
  step 1700/1999 best 15.017
  step 1750/1999 best 15.044
  step 1800/1999 best 15.276
  step 1850/1999 best 15.158
  step 1900/1999 best 15.273
  step 1950/1999 best 15.200
saved SBC_CHAINS_cnn_vmim__n1_jitter_seed_s2_sim428_row406915_noise6311_6490_6669 (240000, 4) acc=0.233
  step 0/1999 best -15.891
  step 50/1999 best 0.345
  step 100/1999 best 5.425
  step 150/1999 best 11.978
  step 200/1999 best 10.944
  step 250/1999 best 16.543
  step 300/1999 best 16.608
  step 350/1999 best 16.393
  step 400/1999 best 16.759
  step 450/1999 best 16.165
  step 500/1999 best 16.706
  step 550/1999 best 16.801
  step 600/1999 best 16.815
  step 650/1999 best 16.769
  step 700/1999 best 16.838
  step 750/1999 best 16.949
  step 800/1999 best 16.562
  step 850/1999 best 16.882
  step 900/1999 best 16.904
  step 950/1999 best 16.785
  step 1000/1999 best 16.899
  step 1050/1999 best 16.607
  step 1100/1999 best 16.945
  step 1150/1999 best 16.898
  step 1200/1999 best 16.912
  step 1250/1999 best 16.834
  step 1300/1999 best 16.882
  step 1350/1999 best 16.794
  step 1400/1999 best 16.746
  step 1450/1999 best 16.808
  step 1500/1999 best 16.922
  step 1550/1999 best 16.717
  step 1600/1999 best 16.716
  step 1650/1999 best 16.923
  step 1700/1999 best 16.514
  step 1750/1999 best 16.617
  step 1800/1999 best 16.897
  step 1850/1999 best 16.802
  step 1900/1999 best 16.969
  step 1950/1999 best 16.828
saved SBC_CHAINS_cnn_vmim__n1_jitter_seed_s2_sim1216_row1034406_noise7562_7741_7920 (240000, 4) acc=0.195
  step 0/1999 best -10.609
  step 50/1999 best -7.202
  step 100/1999 best 2.720
  step 150/1999 best 11.241
  step 200/1999 best 10.685
  step 250/1999 best 13.278
  step 300/1999 best 13.251
  step 350/1999 best 13.683
  step 400/1999 best 13.897
  step 450/1999 best 13.638
  step 500/1999 best 13.658
  step 550/1999 best 13.778
  step 600/1999 best 13.884
  step 650/1999 best 13.728
  step 700/1999 best 13.917
  step 750/1999 best 13.740
  step 800/1999 best 13.877
  step 850/1999 best 13.819
  step 900/1999 best 13.948
  step 950/1999 best 13.829
  step 1000/1999 best 13.635
  step 1050/1999 best 13.772
  step 1100/1999 best 13.711
  step 1150/1999 best 13.464
  step 1200/1999 best 13.885
  step 1250/1999 best 13.828
  step 1300/1999 best 13.677
  step 1350/1999 best 13.899
  step 1400/1999 best 13.876
  step 1450/1999 best 13.605
  step 1500/1999 best 13.794
  step 1550/1999 best 13.951
  step 1600/1999 best 13.870
  step 1650/1999 best 13.846
  step 1700/1999 best 13.891
  step 1750/1999 best 13.830
  step 1800/1999 best 13.904
  step 1850/1999 best 13.833
  step 1900/1999 best 13.863
  step 1950/1999 best 13.808
saved SBC_CHAINS_cnn_vmim__n1_jitter_seed_s2_sim289_row275122_noise4110_4289_4468 (240000, 4) acc=0.229
  step 0/1999 best -18.769
  step 50/1999 best 5.985
  step 100/1999 best 8.558
  step 150/1999 best 9.964
  step 200/1999 best 11.094
  step 250/1999 best 11.042
  step 300/1999 best 11.259
  step 350/1999 best 11.199
  step 400/1999 best 11.163
  step 450/1999 best 11.016
  step 500/1999 best 11.004
  step 550/1999 best 11.068
  step 600/1999 best 10.979
  step 650/1999 best 11.201
  step 700/1999 best 11.174
  step 750/1999 best 11.067
  step 800/1999 best 11.036
  step 850/1999 best 11.224
  step 900/1999 best 11.234
  step 950/1999 best 11.206
  step 1000/1999 best 11.049
  step 1050/1999 best 11.147
  step 1100/1999 best 11.112
  step 1150/1999 best 11.205
  step 1200/1999 best 11.153
  step 1250/1999 best 11.213
  step 1300/1999 best 11.230
  step 1350/1999 best 11.092
  step 1400/1999 best 11.199
  step 1450/1999 best 11.264
  step 1500/1999 best 11.056
  step 1550/1999 best 11.136
  step 1600/1999 best 11.185
  step 1650/1999 best 11.087
  step 1700/1999 best 11.244
  step 1750/1999 best 11.239
  step 1800/1999 best 11.087
  step 1850/1999 best 11.256
  step 1900/1999 best 11.174
  step 1950/1999 best 11.170
saved SBC_CHAINS_cnn_vmim__n1_jitter_seed_s2_sim2839_row2434295_noise8831_9010_9189 (240000, 4) acc=0.289
  step 0/1999 best -25.163
  step 50/1999 best 1.895
  step 100/1999 best 12.191
  step 150/1999 best 13.624
  step 200/1999 best 13.617
  step 250/1999 best 13.958
  step 300/1999 best 13.936
  step 350/1999 best 14.101
  step 400/1999 best 14.018
  step 450/1999 best 14.111
  step 500/1999 best 13.970
  step 550/1999 best 14.097
  step 600/1999 best 13.790
  step 650/1999 best 14.064
  step 700/1999 best 14.136
  step 750/1999 best 13.954
  step 800/1999 best 14.002
  step 850/1999 best 14.063
  step 900/1999 best 14.019
  step 950/1999 best 14.070
  step 1000/1999 best 14.075
  step 1050/1999 best 14.074
  step 1100/1999 best 13.865
  step 1150/1999 best 14.007
  step 1200/1999 best 14.004
  step 1250/1999 best 13.871
  step 1300/1999 best 14.072
  step 1350/1999 best 14.056
  step 1400/1999 best 14.142
  step 1450/1999 best 14.001
  step 1500/1999 best 14.115
  step 1550/1999 best 14.092
  step 1600/1999 best 14.137
  step 1650/1999 best 14.095
  step 1700/1999 best 14.055
  step 1750/1999 best 14.020
  step 1800/1999 best 14.070
  step 1850/1999 best 13.795
  step 1900/1999 best 13.870
  step 1950/1999 best 14.019
saved SBC_CHAINS_cnn_vmim__n1_jitter_seed_s2_sim3074_row2669123_noise7787_7966_8145 (240000, 4) acc=0.431
  step 0/1999 best -13.936
  step 50/1999 best 1.480
  step 100/1999 best 13.409
  step 150/1999 best 16.199
  step 200/1999 best 16.709
  step 250/1999 best 16.422
  step 300/1999 best 16.799
  step 350/1999 best 16.850
  step 400/1999 best 16.946
  step 450/1999 best 16.915
  step 500/1999 best 16.947
  step 550/1999 best 16.735
  step 600/1999 best 16.883
  step 650/1999 best 16.722
  step 700/1999 best 16.906
  step 750/1999 best 16.711
  step 800/1999 best 16.883
  step 850/1999 best 16.797
  step 900/1999 best 16.805
  step 950/1999 best 16.850
  step 1000/1999 best 16.875
  step 1050/1999 best 16.801
  step 1100/1999 best 16.944
  step 1150/1999 best 16.867
  step 1200/1999 best 16.877
  step 1250/1999 best 16.893
  step 1300/1999 best 16.617
  step 1350/1999 best 16.695
  step 1400/1999 best 16.735
  step 1450/1999 best 16.930
  step 1500/1999 best 16.953
  step 1550/1999 best 16.743
  step 1600/1999 best 16.733
  step 1650/1999 best 16.825
  step 1700/1999 best 16.812
  step 1750/1999 best 16.782
  step 1800/1999 best 16.915
  step 1850/1999 best 16.949
  step 1900/1999 best 16.840
  step 1950/1999 best 16.892
saved SBC_CHAINS_cnn_vmim__n1_jitter_seed_s2_sim826_row775349_noise797_976_1155 (240000, 4) acc=0.228
  step 0/1999 best -24.500
  step 50/1999 best -5.625
  step 100/1999 best 2.899
  step 150/1999 best 4.551
  step 200/1999 best 13.614
  step 250/1999 best 14.935
  step 300/1999 best 15.719
  step 350/1999 best 16.127
  step 400/1999 best 16.450
  step 450/1999 best 16.426
  step 500/1999 best 16.364
  step 550/1999 best 16.288
  step 600/1999 best 16.456
  step 650/1999 best 16.440
  step 700/1999 best 16.405
  step 750/1999 best 16.364
  step 800/1999 best 16.387
  step 850/1999 best 16.424
  step 900/1999 best 16.450
  step 950/1999 best 16.330
  step 1000/1999 best 16.420
  step 1050/1999 best 16.384
  step 1100/1999 best 16.464
  step 1150/1999 best 16.490
  step 1200/1999 best 16.370
  step 1250/1999 best 16.095
  step 1300/1999 best 16.358
  step 1350/1999 best 16.468
  step 1400/1999 best 16.339
  step 1450/1999 best 16.465
  step 1500/1999 best 16.504
  step 1550/1999 best 16.405
  step 1600/1999 best 16.341
  step 1650/1999 best 16.489
  step 1700/1999 best 16.353
  step 1750/1999 best 16.492
  step 1800/1999 best 16.446
  step 1850/1999 best 16.370
  step 1900/1999 best 16.468
  step 1950/1999 best 16.477
saved SBC_CHAINS_cnn_vmim__n1_jitter_seed_s2_sim886_row835795_noise2275_2454_2633 (240000, 4) acc=0.249
  step 0/1999 best -19.154
  step 50/1999 best -2.138
  step 100/1999 best 1.778
  step 150/1999 best 9.518
  step 200/1999 best 12.907
  step 250/1999 best 13.068
  step 300/1999 best 13.185
  step 350/1999 best 13.439
  step 400/1999 best 13.420
  step 450/1999 best 13.347
  step 500/1999 best 13.500
  step 550/1999 best 13.395
  step 600/1999 best 13.285
  step 650/1999 best 13.299
  step 700/1999 best 13.360
  step 750/1999 best 13.484
  step 800/1999 best 13.400
  step 850/1999 best 13.405
  step 900/1999 best 13.329
  step 950/1999 best 13.449
  step 1000/1999 best 13.225
  step 1050/1999 best 13.525
  step 1100/1999 best 13.482
  step 1150/1999 best 13.439
  step 1200/1999 best 13.439
  step 1250/1999 best 13.399
  step 1300/1999 best 13.383
  step 1350/1999 best 13.455
  step 1400/1999 best 13.422
  step 1450/1999 best 13.309
  step 1500/1999 best 13.412
  step 1550/1999 best 13.331
  step 1600/1999 best 13.370
  step 1650/1999 best 13.517
  step 1700/1999 best 13.399
  step 1750/1999 best 13.386
  step 1800/1999 best 13.356
  step 1850/1999 best 13.329
  step 1900/1999 best 13.421
  step 1950/1999 best 13.483
saved SBC_CHAINS_cnn_vmim__n1_jitter_seed_s2_sim3022_row2617953_noise5757_5936_6115 (240000, 4) acc=0.262
  step 0/1999 best -16.102
  step 50/1999 best -9.113
  step 100/1999 best 1.451
  step 150/1999 best 1.708
  step 200/1999 best 2.383
  step 250/1999 best 2.362
  step 300/1999 best 7.407
  step 350/1999 best 10.801
  step 400/1999 best 11.247
  step 450/1999 best 11.325
  step 500/1999 best 11.462
  step 550/1999 best 11.643
  step 600/1999 best 12.089
  step 650/1999 best 11.661
  step 700/1999 best 12.164
  step 750/1999 best 12.002
  step 800/1999 best 12.293
  step 850/1999 best 12.380
  step 900/1999 best 12.291
  step 950/1999 best 12.340
  step 1000/1999 best 12.244
  step 1050/1999 best 12.063
  step 1100/1999 best 12.271
  step 1150/1999 best 12.388
  step 1200/1999 best 12.516
  step 1250/1999 best 12.388
  step 1300/1999 best 12.351
  step 1350/1999 best 12.372
  step 1400/1999 best 12.146
  step 1450/1999 best 12.425
  step 1500/1999 best 12.230
  step 1550/1999 best 12.382
  step 1600/1999 best 12.197
  step 1650/1999 best 12.426
  step 1700/1999 best 12.279
  step 1750/1999 best 12.138
  step 1800/1999 best 12.404
  step 1850/1999 best 12.458
  step 1900/1999 best 12.259
  step 1950/1999 best 12.359
saved SBC_CHAINS_cnn_vmim__n1_jitter_seed_s2_sim2474_row2073468_noise7640_7819_7998 (240000, 4) acc=0.172
  step 0/1999 best -18.699
  step 50/1999 best -3.137
  step 100/1999 best 10.674
  step 150/1999 best 10.219
  step 200/1999 best 10.437
  step 250/1999 best 10.556
  step 300/1999 best 10.799
  step 350/1999 best 10.819
  step 400/1999 best 10.822
  step 450/1999 best 10.739
  step 500/1999 best 10.752
  step 550/1999 best 10.754
  step 600/1999 best 10.535
  step 650/1999 best 10.832
  step 700/1999 best 10.801
  step 750/1999 best 10.878
  step 800/1999 best 10.759
  step 850/1999 best 10.766
  step 900/1999 best 10.736
  step 950/1999 best 10.774
  step 1000/1999 best 10.745
  step 1050/1999 best 10.723
  step 1100/1999 best 10.841
  step 1150/1999 best 10.792
  step 1200/1999 best 10.795
  step 1250/1999 best 10.732
  step 1300/1999 best 10.823
  step 1350/1999 best 10.786
  step 1400/1999 best 10.788
  step 1450/1999 best 10.849
  step 1500/1999 best 10.822
  step 1550/1999 best 10.795
  step 1600/1999 best 10.776
  step 1650/1999 best 10.713
  step 1700/1999 best 10.733
  step 1750/1999 best 10.779
  step 1800/1999 best 10.889
  step 1850/1999 best 10.814
  step 1900/1999 best 10.797
  step 1950/1999 best 10.723
saved SBC_CHAINS_cnn_vmim__n1_jitter_seed_s2_sim2588_row2187658_noise3894_4073_4252 (240000, 4) acc=0.191
  step 0/1999 best -17.919
  step 50/1999 best -0.355
  step 100/1999 best 5.684
  step 150/1999 best 6.121
  step 200/1999 best 7.956
  step 250/1999 best 7.938
  step 300/1999 best 7.855
  step 350/1999 best 7.753
  step 400/1999 best 8.076
  step 450/1999 best 7.911
  step 500/1999 best 8.046
  step 550/1999 best 7.857
  step 600/1999 best 7.910
  step 650/1999 best 7.949
  step 700/1999 best 8.016
  step 750/1999 best 8.091
  step 800/1999 best 7.968
  step 850/1999 best 8.134
  step 900/1999 best 7.944
  step 950/1999 best 7.898
  step 1000/1999 best 7.780
  step 1050/1999 best 7.963
  step 1100/1999 best 7.966
  step 1150/1999 best 8.005
  step 1200/1999 best 8.155
  step 1250/1999 best 8.080
  step 1300/1999 best 7.902
  step 1350/1999 best 7.937
  step 1400/1999 best 7.967
  step 1450/1999 best 8.148
  step 1500/1999 best 8.041
  step 1550/1999 best 8.072
  step 1600/1999 best 7.969
  step 1650/1999 best 8.152
  step 1700/1999 best 7.951
  step 1750/1999 best 8.057
  step 1800/1999 best 8.136
  step 1850/1999 best 8.004
  step 1900/1999 best 8.023
  step 1950/1999 best 8.119
saved SBC_CHAINS_cnn_vmim__n1_jitter_seed_s2_sim685_row636543_noise7411_7590_7769 (240000, 4) acc=0.245
  step 0/1999 best -23.989
  step 50/1999 best 0.858
  step 100/1999 best 9.321
  step 150/1999 best 12.452
  step 200/1999 best 12.586
  step 250/1999 best 12.950
  step 300/1999 best 12.848
  step 350/1999 best 13.035
  step 400/1999 best 13.021
  step 450/1999 best 13.092
  step 500/1999 best 12.974
  step 550/1999 best 13.058
  step 600/1999 best 12.989
  step 650/1999 best 13.108
  step 700/1999 best 12.968
  step 750/1999 best 12.884
  step 800/1999 best 13.009
  step 850/1999 best 13.125
  step 900/1999 best 13.072
  step 950/1999 best 12.992
  step 1000/1999 best 12.934
  step 1050/1999 best 13.067
  step 1100/1999 best 12.994
  step 1150/1999 best 13.081
  step 1200/1999 best 13.105
  step 1250/1999 best 12.984
  step 1300/1999 best 13.068
  step 1350/1999 best 12.927
  step 1400/1999 best 13.156
  step 1450/1999 best 13.131
  step 1500/1999 best 13.039
  step 1550/1999 best 13.068
  step 1600/1999 best 13.073
  step 1650/1999 best 13.086
  step 1700/1999 best 13.086
  step 1750/1999 best 13.100
  step 1800/1999 best 13.003
  step 1850/1999 best 13.006
  step 1900/1999 best 13.016
  step 1950/1999 best 13.132
saved SBC_CHAINS_cnn_vmim__n1_jitter_seed_s2_sim3085_row2680362_noise9198_9377_9556 (240000, 4) acc=0.298
  step 0/1999 best -25.473
  step 50/1999 best -6.518
  step 100/1999 best 1.383
  step 150/1999 best 5.653
  step 200/1999 best 5.401
  step 250/1999 best 6.362
  step 300/1999 best 7.116
  step 350/1999 best 7.116
  step 400/1999 best 9.452
  step 450/1999 best 9.701
  step 500/1999 best 10.009
  step 550/1999 best 10.312
  step 600/1999 best 11.473
  step 650/1999 best 11.699
  step 700/1999 best 10.297
  step 750/1999 best 11.412
  step 800/1999 best 13.205
  step 850/1999 best 13.294
  step 900/1999 best 11.587
  step 950/1999 best 12.066
  step 1000/1999 best 12.112
  step 1050/1999 best 12.491
  step 1100/1999 best 13.472
  step 1150/1999 best 13.264
  step 1200/1999 best 13.741
  step 1250/1999 best 13.348
  step 1300/1999 best 13.395
  step 1350/1999 best 13.205
  step 1400/1999 best 13.357
  step 1450/1999 best 12.885
  step 1500/1999 best 12.973
  step 1550/1999 best 13.381
  step 1600/1999 best 13.721
  step 1650/1999 best 13.596
  step 1700/1999 best 13.447
  step 1750/1999 best 13.311
  step 1800/1999 best 13.362
  step 1850/1999 best 13.446
  step 1900/1999 best 13.496
  step 1950/1999 best 13.659
saved SBC_CHAINS_cnn_vmim__n1_jitter_seed_s2_sim2542_row2141145_noise6521_6700_6879 (240000, 4) acc=0.193
  step 0/1999 best -29.147
  step 50/1999 best -11.075
  step 100/1999 best -1.415
  step 150/1999 best 5.694
  step 200/1999 best 9.782
  step 250/1999 best 13.574
  step 300/1999 best 14.528
  step 350/1999 best 13.973
  step 400/1999 best 15.211
  step 450/1999 best 14.806
  step 500/1999 best 15.166
  step 550/1999 best 15.131
  step 600/1999 best 15.176
  step 650/1999 best 15.075
  step 700/1999 best 15.122
  step 750/1999 best 15.287
  step 800/1999 best 15.200
  step 850/1999 best 15.111
  step 900/1999 best 15.061
  step 950/1999 best 15.218
  step 1000/1999 best 15.093
  step 1050/1999 best 15.125
  step 1100/1999 best 15.183
  step 1150/1999 best 15.140
  step 1200/1999 best 15.132
  step 1250/1999 best 15.206
  step 1300/1999 best 15.155
  step 1350/1999 best 15.059
  step 1400/1999 best 15.244
  step 1450/1999 best 15.070
  step 1500/1999 best 15.314
  step 1550/1999 best 15.219
  step 1600/1999 best 15.111
  step 1650/1999 best 15.172
  step 1700/1999 best 15.286
  step 1750/1999 best 15.268
  step 1800/1999 best 15.211
  step 1850/1999 best 15.183
  step 1900/1999 best 15.235
  step 1950/1999 best 15.257
saved SBC_CHAINS_cnn_vmim__n1_jitter_seed_s2_sim640_row593102_noise1282_1461_1640 (240000, 4) acc=0.159
  step 0/1999 best -7.352
  step 50/1999 best -0.970
  step 100/1999 best 8.706
  step 150/1999 best 11.691
  step 200/1999 best 13.391
  step 250/1999 best 14.250
  step 300/1999 best 14.361
  step 350/1999 best 14.693
  step 400/1999 best 14.583
  step 450/1999 best 14.577
  step 500/1999 best 14.635
  step 550/1999 best 14.615
  step 600/1999 best 14.712
  step 650/1999 best 14.479
  step 700/1999 best 14.652
  step 750/1999 best 14.629
  step 800/1999 best 14.608
  step 850/1999 best 14.705
  step 900/1999 best 14.685
  step 950/1999 best 14.538
  step 1000/1999 best 14.585
  step 1050/1999 best 14.600
  step 1100/1999 best 14.526
  step 1150/1999 best 14.712
  step 1200/1999 best 14.703
  step 1250/1999 best 14.617
  step 1300/1999 best 14.489
  step 1350/1999 best 14.635
  step 1400/1999 best 14.688
  step 1450/1999 best 14.703
  step 1500/1999 best 14.616
  step 1550/1999 best 14.669
  step 1600/1999 best 14.560
  step 1650/1999 best 14.617
  step 1700/1999 best 14.602
  step 1750/1999 best 14.747
  step 1800/1999 best 14.714
  step 1850/1999 best 14.624
  step 1900/1999 best 14.649
  step 1950/1999 best 14.577
saved SBC_CHAINS_cnn_vmim__n1_jitter_seed_s2_sim3082_row2677109_noise5945_6124_6303 (240000, 4) acc=0.404
  step 0/1999 best -17.738
  step 50/1999 best 7.464
  step 100/1999 best 9.136
  step 150/1999 best 9.291
  step 200/1999 best 9.425
  step 250/1999 best 9.644
  step 300/1999 best 9.469
  step 350/1999 best 9.499
  step 400/1999 best 9.573
  step 450/1999 best 9.467
  step 500/1999 best 9.543
  step 550/1999 best 9.550
  step 600/1999 best 9.600
  step 650/1999 best 9.470
  step 700/1999 best 9.481
  step 750/1999 best 9.508
  step 800/1999 best 9.595
  step 850/1999 best 9.514
  step 900/1999 best 9.363
  step 950/1999 best 9.399
  step 1000/1999 best 9.392
  step 1050/1999 best 9.414
  step 1100/1999 best 9.431
  step 1150/1999 best 9.476
  step 1200/1999 best 9.539
  step 1250/1999 best 9.418
  step 1300/1999 best 9.391
  step 1350/1999 best 9.448
  step 1400/1999 best 9.469
  step 1450/1999 best 9.456
  step 1500/1999 best 9.381
  step 1550/1999 best 9.474
  step 1600/1999 best 9.488
  step 1650/1999 best 9.590
  step 1700/1999 best 9.556
  step 1750/1999 best 9.546
  step 1800/1999 best 9.523
  step 1850/1999 best 9.632
  step 1900/1999 best 9.571
  step 1950/1999 best 9.377
saved SBC_CHAINS_cnn_vmim__n1_jitter_seed_s2_sim2871_row2466823_noise2047_2226_2405 (240000, 4) acc=0.193
  step 0/1999 best -29.992
  step 50/1999 best -3.185
  step 100/1999 best 12.838
  step 150/1999 best 13.913
  step 200/1999 best 13.956
  step 250/1999 best 13.991
  step 300/1999 best 13.966
  step 350/1999 best 13.799
  step 400/1999 best 13.961
  step 450/1999 best 14.072
  step 500/1999 best 13.984
  step 550/1999 best 13.998
  step 600/1999 best 13.962
  step 650/1999 best 14.021
  step 700/1999 best 14.043
  step 750/1999 best 13.910
  step 800/1999 best 14.092
  step 850/1999 best 14.100
  step 900/1999 best 14.041
  step 950/1999 best 13.968
  step 1000/1999 best 14.081
  step 1050/1999 best 14.045
  step 1100/1999 best 13.993
  step 1150/1999 best 13.938
  step 1200/1999 best 14.003
  step 1250/1999 best 13.959
  step 1300/1999 best 14.036
  step 1350/1999 best 14.014
  step 1400/1999 best 14.037
  step 1450/1999 best 13.949
  step 1500/1999 best 14.097
  step 1550/1999 best 13.994
  step 1600/1999 best 13.979
  step 1650/1999 best 14.047
  step 1700/1999 best 13.955
  step 1750/1999 best 14.054
  step 1800/1999 best 14.002
  step 1850/1999 best 14.087
  step 1900/1999 best 13.973
  step 1950/1999 best 14.105
saved SBC_CHAINS_cnn_vmim__n1_jitter_seed_s2_sim2990_row2585572_noise2860_3039_3218 (240000, 4) acc=0.396
  step 0/1999 best -27.550
  step 50/1999 best -2.936
  step 100/1999 best 10.157
  step 150/1999 best 9.830
  step 200/1999 best 9.171
  step 250/1999 best 11.965
  step 300/1999 best 12.298
  step 350/1999 best 12.510
  step 400/1999 best 12.718
  step 450/1999 best 12.564
  step 500/1999 best 12.762
  step 550/1999 best 12.840
  step 600/1999 best 12.788
  step 650/1999 best 12.788
  step 700/1999 best 12.681
  step 750/1999 best 12.732
  step 800/1999 best 12.396
  step 850/1999 best 12.615
  step 900/1999 best 12.791
  step 950/1999 best 12.667
  step 1000/1999 best 12.725
  step 1050/1999 best 12.842
  step 1100/1999 best 12.908
  step 1150/1999 best 12.615
  step 1200/1999 best 12.679
  step 1250/1999 best 12.773
  step 1300/1999 best 12.800
  step 1350/1999 best 12.794
  step 1400/1999 best 12.739
  step 1450/1999 best 12.794
  step 1500/1999 best 12.882
  step 1550/1999 best 12.748
  step 1600/1999 best 12.858
  step 1650/1999 best 12.707
  step 1700/1999 best 12.661
  step 1750/1999 best 12.717
  step 1800/1999 best 12.851
  step 1850/1999 best 12.689
  step 1900/1999 best 12.891
  step 1950/1999 best 12.652
saved SBC_CHAINS_cnn_vmim__n1_jitter_seed_s2_sim2823_row2418855_noise3219_3398_3577 (240000, 4) acc=0.179
  step 0/1999 best -18.766
  step 50/1999 best 14.388
  step 100/1999 best 14.388
  step 150/1999 best 14.864
  step 200/1999 best 15.322
  step 250/1999 best 15.982
  step 300/1999 best 15.744
  step 350/1999 best 15.801
  step 400/1999 best 15.937
  step 450/1999 best 15.749
  step 500/1999 best 15.808
  step 550/1999 best 16.168
  step 600/1999 best 16.077
  step 650/1999 best 15.869
  step 700/1999 best 16.252
  step 750/1999 best 15.908
  step 800/1999 best 16.218
  step 850/1999 best 16.139
  step 900/1999 best 16.035
  step 950/1999 best 16.206
  step 1000/1999 best 16.149
  step 1050/1999 best 16.233
  step 1100/1999 best 16.103
  step 1150/1999 best 16.125
  step 1200/1999 best 16.131
  step 1250/1999 best 16.139
  step 1300/1999 best 16.256
  step 1350/1999 best 16.114
  step 1400/1999 best 15.968
  step 1450/1999 best 16.104
  step 1500/1999 best 16.164
  step 1550/1999 best 16.138
  step 1600/1999 best 16.084
  step 1650/1999 best 16.197
  step 1700/1999 best 16.211
  step 1750/1999 best 16.226
  step 1800/1999 best 16.023
  step 1850/1999 best 15.967
  step 1900/1999 best 16.155
  step 1950/1999 best 16.146
saved SBC_CHAINS_cnn_vmim__n1_jitter_seed_s2_sim754_row703535_noise7607_7786_7965 (240000, 4) acc=0.180
  step 0/1999 best -19.649
  step 50/1999 best -3.238
  step 100/1999 best 4.101
  step 150/1999 best 11.586
  step 200/1999 best 13.049
  step 250/1999 best 14.189
  step 300/1999 best 17.315
  step 350/1999 best 16.770
  step 400/1999 best 17.027
  step 450/1999 best 17.456
  step 500/1999 best 17.322
  step 550/1999 best 17.630
  step 600/1999 best 17.546
  step 650/1999 best 17.208
  step 700/1999 best 17.505
  step 750/1999 best 17.555
  step 800/1999 best 17.414
  step 850/1999 best 17.318
  step 900/1999 best 17.352
  step 950/1999 best 17.619
  step 1000/1999 best 17.408
  step 1050/1999 best 17.493
  step 1100/1999 best 17.611
  step 1150/1999 best 17.660
  step 1200/1999 best 17.644
  step 1250/1999 best 17.543
  step 1300/1999 best 17.555
  step 1350/1999 best 17.612
  step 1400/1999 best 17.439
  step 1450/1999 best 17.582
  step 1500/1999 best 17.458
  step 1550/1999 best 17.441
  step 1600/1999 best 17.452
  step 1650/1999 best 17.526
  step 1700/1999 best 17.615
  step 1750/1999 best 17.366
  step 1800/1999 best 17.386
  step 1850/1999 best 17.469
  step 1900/1999 best 17.449
  step 1950/1999 best 17.444
saved SBC_CHAINS_cnn_vmim__n1_jitter_seed_s2_sim1288_row1105153_noise685_864_1043 (240000, 4) acc=0.168
  step 0/1999 best -12.042
  step 50/1999 best 5.184
  step 100/1999 best 12.246
  step 150/1999 best 15.737
  step 200/1999 best 15.452
  step 250/1999 best 15.933
  step 300/1999 best 16.278
  step 350/1999 best 16.051
  step 400/1999 best 15.971
  step 450/1999 best 16.177
  step 500/1999 best 16.018
  step 550/1999 best 15.885
  step 600/1999 best 16.116
  step 650/1999 best 16.135
  step 700/1999 best 16.209
  step 750/1999 best 16.164
  step 800/1999 best 16.214
  step 850/1999 best 16.034
  step 900/1999 best 16.207
  step 950/1999 best 16.127
  step 1000/1999 best 15.931
  step 1050/1999 best 16.199
  step 1100/1999 best 16.146
  step 1150/1999 best 16.218
  step 1200/1999 best 16.193
  step 1250/1999 best 16.202
  step 1300/1999 best 16.212
  step 1350/1999 best 16.081
  step 1400/1999 best 16.214
  step 1450/1999 best 16.027
  step 1500/1999 best 16.066
  step 1550/1999 best 15.966
  step 1600/1999 best 16.149
  step 1650/1999 best 16.144
  step 1700/1999 best 16.247
  step 1750/1999 best 16.240
  step 1800/1999 best 16.127
  step 1850/1999 best 16.127
  step 1900/1999 best 16.110
  step 1950/1999 best 16.171
saved SBC_CHAINS_cnn_vmim__n1_jitter_seed_s2_sim116_row115960_noise8852_9031_9210 (240000, 4) acc=0.235
  step 0/1999 best -12.951
  step 50/1999 best 2.802
  step 100/1999 best 7.548
  step 150/1999 best 9.262
  step 200/1999 best 10.695
  step 250/1999 best 13.431
  step 300/1999 best 15.239
  step 350/1999 best 15.239
  step 400/1999 best 15.609
  step 450/1999 best 15.687
  step 500/1999 best 15.418
  step 550/1999 best 16.034
  step 600/1999 best 16.529
  step 650/1999 best 16.324
  step 700/1999 best 16.401
  step 750/1999 best 16.125
  step 800/1999 best 16.150
  step 850/1999 best 16.306
  step 900/1999 best 16.128
  step 950/1999 best 16.383
  step 1000/1999 best 16.489
  step 1050/1999 best 16.415
  step 1100/1999 best 16.231
  step 1150/1999 best 16.110
  step 1200/1999 best 16.344
  step 1250/1999 best 16.321
  step 1300/1999 best 16.421
  step 1350/1999 best 16.459
  step 1400/1999 best 16.410
  step 1450/1999 best 16.295
  step 1500/1999 best 16.277
  step 1550/1999 best 16.218
  step 1600/1999 best 16.572
  step 1650/1999 best 16.521
  step 1700/1999 best 16.281
  step 1750/1999 best 16.163
  step 1800/1999 best 16.440
  step 1850/1999 best 16.539
  step 1900/1999 best 16.518
  step 1950/1999 best 16.408
saved SBC_CHAINS_cnn_vmim__n1_jitter_seed_s2_sim364_row350166_noise530_709_888 (240000, 4) acc=0.162
  step 0/1999 best -16.538
  step 50/1999 best 14.306
  step 100/1999 best 16.258
  step 150/1999 best 16.161
  step 200/1999 best 16.148
  step 250/1999 best 16.308
  step 300/1999 best 16.432
  step 350/1999 best 16.317
  step 400/1999 best 16.491
  step 450/1999 best 16.461
  step 500/1999 best 16.412
  step 550/1999 best 16.307
  step 600/1999 best 16.161
  step 650/1999 best 16.474
  step 700/1999 best 16.327
  step 750/1999 best 16.375
  step 800/1999 best 16.349
  step 850/1999 best 16.433
  step 900/1999 best 16.289
  step 950/1999 best 16.369
  step 1000/1999 best 16.043
  step 1050/1999 best 16.259
  step 1100/1999 best 16.360
  step 1150/1999 best 16.338
  step 1200/1999 best 16.468
  step 1250/1999 best 16.394
  step 1300/1999 best 16.286
  step 1350/1999 best 16.332
  step 1400/1999 best 16.278
  step 1450/1999 best 16.317
  step 1500/1999 best 16.346
  step 1550/1999 best 16.431
  step 1600/1999 best 16.311
  step 1650/1999 best 16.342
  step 1700/1999 best 16.325
  step 1750/1999 best 16.284
  step 1800/1999 best 16.330
  step 1850/1999 best 16.419
  step 1900/1999 best 16.249
  step 1950/1999 best 16.400
saved SBC_CHAINS_cnn_vmim__n1_jitter_seed_s2_sim1761_row1514685_noise2473_2652_2831 (240000, 4) acc=0.241
  step 0/1999 best -22.727
  step 50/1999 best 5.672
  step 100/1999 best 7.374
  step 150/1999 best 14.728
  step 200/1999 best 15.057
  step 250/1999 best 15.504
  step 300/1999 best 15.587
  step 350/1999 best 15.623
  step 400/1999 best 15.517
  step 450/1999 best 15.545
  step 500/1999 best 15.711
  step 550/1999 best 15.714
  step 600/1999 best 15.576
  step 650/1999 best 15.360
  step 700/1999 best 15.625
  step 750/1999 best 15.737
  step 800/1999 best 15.806
  step 850/1999 best 15.687
  step 900/1999 best 15.799
  step 950/1999 best 15.617
  step 1000/1999 best 15.728
  step 1050/1999 best 15.592
  step 1100/1999 best 15.678
  step 1150/1999 best 15.760
  step 1200/1999 best 15.644
  step 1250/1999 best 15.539
  step 1300/1999 best 15.599
  step 1350/1999 best 15.729
  step 1400/1999 best 15.613
  step 1450/1999 best 15.689
  step 1500/1999 best 15.539
  step 1550/1999 best 15.668
  step 1600/1999 best 15.753
  step 1650/1999 best 15.654
  step 1700/1999 best 15.728
  step 1750/1999 best 15.794
  step 1800/1999 best 15.571
  step 1850/1999 best 15.775
  step 1900/1999 best 15.682
  step 1950/1999 best 15.709
saved SBC_CHAINS_cnn_vmim__n1_jitter_seed_s2_sim1502_row1279399_noise8543_8722_8901 (240000, 4) acc=0.222
  step 0/1999 best -20.189
  step 50/1999 best 12.556
  step 100/1999 best 13.896
  step 150/1999 best 15.639
  step 200/1999 best 16.253
  step 250/1999 best 16.368
  step 300/1999 best 16.354
  step 350/1999 best 16.472
  step 400/1999 best 16.305
  step 450/1999 best 16.541
  step 500/1999 best 16.536
  step 550/1999 best 16.469
  step 600/1999 best 16.508
  step 650/1999 best 16.500
  step 700/1999 best 16.430
  step 750/1999 best 16.550
  step 800/1999 best 16.401
  step 850/1999 best 16.507
  step 900/1999 best 16.425
  step 950/1999 best 16.461
  step 1000/1999 best 16.406
  step 1050/1999 best 16.546
  step 1100/1999 best 16.492
  step 1150/1999 best 16.464
  step 1200/1999 best 16.508
  step 1250/1999 best 16.336
  step 1300/1999 best 16.560
  step 1350/1999 best 16.556
  step 1400/1999 best 16.480
  step 1450/1999 best 16.426
  step 1500/1999 best 16.340
  step 1550/1999 best 16.487
  step 1600/1999 best 16.366
  step 1650/1999 best 16.534
  step 1700/1999 best 16.333
  step 1750/1999 best 16.324
  step 1800/1999 best 16.505
  step 1850/1999 best 16.546
  step 1900/1999 best 16.405
  step 1950/1999 best 16.427
saved SBC_CHAINS_cnn_vmim__n1_jitter_seed_s2_sim339_row325834_noise5682_5861_6040 (240000, 4) acc=0.302
  step 0/1999 best -17.025
  step 50/1999 best -0.747
  step 100/1999 best 10.345
  step 150/1999 best 9.999
  step 200/1999 best 10.071
  step 250/1999 best 12.510
  step 300/1999 best 12.074
  step 350/1999 best 12.642
  step 400/1999 best 12.819
  step 450/1999 best 13.017
  step 500/1999 best 12.658
  step 550/1999 best 12.769
  step 600/1999 best 12.624
  step 650/1999 best 13.043
  step 700/1999 best 12.910
  step 750/1999 best 12.891
  step 800/1999 best 12.941
  step 850/1999 best 12.890
  step 900/1999 best 12.870
  step 950/1999 best 12.968
  step 1000/1999 best 12.945
  step 1050/1999 best 12.695
  step 1100/1999 best 12.937
  step 1150/1999 best 13.026
  step 1200/1999 best 12.757
  step 1250/1999 best 12.900
  step 1300/1999 best 12.966
  step 1350/1999 best 12.951
  step 1400/1999 best 12.919
  step 1450/1999 best 12.937
  step 1500/1999 best 12.789
  step 1550/1999 best 12.985
  step 1600/1999 best 12.913
  step 1650/1999 best 12.962
  step 1700/1999 best 12.900
  step 1750/1999 best 13.030
  step 1800/1999 best 12.945
  step 1850/1999 best 12.798
  step 1900/1999 best 12.914
  step 1950/1999 best 12.941
saved SBC_CHAINS_cnn_vmim__n1_jitter_seed_s2_sim2461_row2060014_noise4014_4193_4372 (240000, 4) acc=0.242
  step 0/1999 best -7.308
  step 50/1999 best 4.015
  step 100/1999 best 13.137
  step 150/1999 best 15.829
  step 200/1999 best 15.986
  step 250/1999 best 15.636
  step 300/1999 best 15.952
  step 350/1999 best 15.930
  step 400/1999 best 15.991
  step 450/1999 best 15.921
  step 500/1999 best 16.022
  step 550/1999 best 15.990
  step 600/1999 best 16.015
  step 650/1999 best 16.005
  step 700/1999 best 15.981
  step 750/1999 best 15.843
  step 800/1999 best 16.019
  step 850/1999 best 16.073
  step 900/1999 best 15.954
  step 950/1999 best 15.896
  step 1000/1999 best 15.985
  step 1050/1999 best 15.931
  step 1100/1999 best 16.011
  step 1150/1999 best 15.956
  step 1200/1999 best 15.866
  step 1250/1999 best 15.944
  step 1300/1999 best 16.016
  step 1350/1999 best 16.051
  step 1400/1999 best 16.000
  step 1450/1999 best 16.009
  step 1500/1999 best 15.948
  step 1550/1999 best 15.892
  step 1600/1999 best 15.908
  step 1650/1999 best 15.981
  step 1700/1999 best 15.931
  step 1750/1999 best 15.975
  step 1800/1999 best 15.965
  step 1850/1999 best 15.982
  step 1900/1999 best 15.871
  step 1950/1999 best 16.001
saved SBC_CHAINS_cnn_vmim__n1_jitter_seed_s2_sim259_row245178_noise3650_3829_4008 (240000, 4) acc=0.372
  step 0/1999 best -19.408
  step 50/1999 best -0.202
  step 100/1999 best 13.143
  step 150/1999 best 13.721
  step 200/1999 best 14.939
  step 250/1999 best 14.883
  step 300/1999 best 15.180
  step 350/1999 best 15.135
  step 400/1999 best 15.280
  step 450/1999 best 15.334
  step 500/1999 best 15.407
  step 550/1999 best 15.377
  step 600/1999 best 15.262
  step 650/1999 best 15.307
  step 700/1999 best 15.399
  step 750/1999 best 15.237
  step 800/1999 best 15.307
  step 850/1999 best 15.293
  step 900/1999 best 15.318
  step 950/1999 best 15.231
  step 1000/1999 best 15.388
  step 1050/1999 best 15.392
  step 1100/1999 best 15.354
  step 1150/1999 best 15.328
  step 1200/1999 best 15.310
  step 1250/1999 best 15.311
  step 1300/1999 best 15.160
  step 1350/1999 best 15.393
  step 1400/1999 best 15.261
  step 1450/1999 best 15.230
  step 1500/1999 best 15.253
  step 1550/1999 best 15.284
  step 1600/1999 best 15.184
  step 1650/1999 best 15.284
  step 1700/1999 best 15.390
  step 1750/1999 best 15.250
  step 1800/1999 best 15.294
  step 1850/1999 best 15.372
  step 1900/1999 best 15.324
  step 1950/1999 best 15.348
saved SBC_CHAINS_cnn_vmim__n1_jitter_seed_s2_sim1207_row1025711_noise8695_8874_9053 (240000, 4) acc=0.267
  step 0/1999 best -17.421
  step 50/1999 best 4.247
  step 100/1999 best 12.782
  step 150/1999 best 13.447
  step 200/1999 best 12.530
  step 250/1999 best 13.686
  step 300/1999 best 16.285
  step 350/1999 best 16.347
  step 400/1999 best 16.428
  step 450/1999 best 16.674
  step 500/1999 best 16.569
  step 550/1999 best 16.626
  step 600/1999 best 16.462
  step 650/1999 best 16.584
  step 700/1999 best 16.513
  step 750/1999 best 16.711
  step 800/1999 best 16.493
  step 850/1999 best 16.638
  step 900/1999 best 16.651
  step 950/1999 best 16.514
  step 1000/1999 best 16.445
  step 1050/1999 best 16.594
  step 1100/1999 best 16.759
  step 1150/1999 best 16.603
  step 1200/1999 best 16.708
  step 1250/1999 best 16.640
  step 1300/1999 best 16.587
  step 1350/1999 best 16.780
  step 1400/1999 best 16.525
  step 1450/1999 best 16.662
  step 1500/1999 best 16.506
  step 1550/1999 best 16.581
  step 1600/1999 best 16.581
  step 1650/1999 best 16.751
  step 1700/1999 best 16.532
  step 1750/1999 best 16.704
  step 1800/1999 best 16.709
  step 1850/1999 best 16.567
  step 1900/1999 best 16.706
  step 1950/1999 best 16.722
saved SBC_CHAINS_cnn_vmim__n1_jitter_seed_s2_sim285_row271384_noise372_551_730 (240000, 4) acc=0.193
  step 0/1999 best -22.643
  step 50/1999 best 1.284
  step 100/1999 best 11.877
  step 150/1999 best 13.755
  step 200/1999 best 14.569
  step 250/1999 best 14.791
  step 300/1999 best 15.007
  step 350/1999 best 15.044
  step 400/1999 best 14.962
  step 450/1999 best 14.823
  step 500/1999 best 15.224
  step 550/1999 best 15.154
  step 600/1999 best 14.970
  step 650/1999 best 15.168
  step 700/1999 best 14.982
  step 750/1999 best 15.073
  step 800/1999 best 15.116
  step 850/1999 best 15.123
  step 900/1999 best 15.116
  step 950/1999 best 14.975
  step 1000/1999 best 15.088
  step 1050/1999 best 15.110
  step 1100/1999 best 15.141
  step 1150/1999 best 14.985
  step 1200/1999 best 15.217
  step 1250/1999 best 15.100
  step 1300/1999 best 15.200
  step 1350/1999 best 15.169
  step 1400/1999 best 15.069
  step 1450/1999 best 15.090
  step 1500/1999 best 14.919
  step 1550/1999 best 15.091
  step 1600/1999 best 15.067
  step 1650/1999 best 15.088
  step 1700/1999 best 15.203
  step 1750/1999 best 15.076
  step 1800/1999 best 15.179
  step 1850/1999 best 15.081
  step 1900/1999 best 15.106
  step 1950/1999 best 15.172
saved SBC_CHAINS_cnn_vmim__n1_jitter_seed_s2_sim440_row418505_noise8073_8252_8431 (240000, 4) acc=0.195
  step 0/1999 best -23.940
  step 50/1999 best -4.205
  step 100/1999 best 4.525
  step 150/1999 best 9.689
  step 200/1999 best 9.628
  step 250/1999 best 11.938
  step 300/1999 best 13.136
  step 350/1999 best 12.949
  step 400/1999 best 13.319
  step 450/1999 best 13.272
  step 500/1999 best 13.348
  step 550/1999 best 13.356
  step 600/1999 best 13.415
  step 650/1999 best 13.221
  step 700/1999 best 13.283
  step 750/1999 best 13.373
  step 800/1999 best 13.353
  step 850/1999 best 13.259
  step 900/1999 best 13.274
  step 950/1999 best 13.357
  step 1000/1999 best 13.301
  step 1050/1999 best 13.270
  step 1100/1999 best 13.351
  step 1150/1999 best 13.217
  step 1200/1999 best 13.406
  step 1250/1999 best 13.473
  step 1300/1999 best 13.174
  step 1350/1999 best 13.389
  step 1400/1999 best 13.265
  step 1450/1999 best 13.261
  step 1500/1999 best 13.297
  step 1550/1999 best 13.300
  step 1600/1999 best 13.246
  step 1650/1999 best 13.251
  step 1700/1999 best 13.251
  step 1750/1999 best 13.177
  step 1800/1999 best 13.343
  step 1850/1999 best 13.355
  step 1900/1999 best 13.277
  step 1950/1999 best 13.408
saved SBC_CHAINS_cnn_vmim__n1_jitter_seed_s2_sim2836_row2431968_noise6504_6683_6862 (240000, 4) acc=0.152
  step 0/1999 best -10.635
  step 50/1999 best -1.574
  step 100/1999 best 1.332
  step 150/1999 best 9.946
  step 200/1999 best 10.890
  step 250/1999 best 11.830
  step 300/1999 best 11.999
  step 350/1999 best 12.165
  step 400/1999 best 12.315
  step 450/1999 best 12.286
  step 500/1999 best 12.171
  step 550/1999 best 12.063
  step 600/1999 best 12.237
  step 650/1999 best 12.248
  step 700/1999 best 12.366
  step 750/1999 best 12.268
  step 800/1999 best 12.348
  step 850/1999 best 12.334
  step 900/1999 best 12.322
  step 950/1999 best 12.352
  step 1000/1999 best 12.226
  step 1050/1999 best 12.272
  step 1100/1999 best 12.254
  step 1150/1999 best 12.239
  step 1200/1999 best 12.233
  step 1250/1999 best 12.296
  step 1300/1999 best 12.270
  step 1350/1999 best 12.153
  step 1400/1999 best 12.364
  step 1450/1999 best 12.273
  step 1500/1999 best 12.305
  step 1550/1999 best 12.312
  step 1600/1999 best 12.193
  step 1650/1999 best 12.304
  step 1700/1999 best 12.203
  step 1750/1999 best 12.324
  step 1800/1999 best 12.382
  step 1850/1999 best 12.281
  step 1900/1999 best 12.319
  step 1950/1999 best 12.307
saved SBC_CHAINS_cnn_vmim__n1_jitter_seed_s2_sim2515_row2114111_noise8971_9150_9329 (240000, 4) acc=0.340
  step 0/1999 best -20.372
  step 50/1999 best -11.044
  step 100/1999 best 3.963
  step 150/1999 best 8.017
  step 200/1999 best 10.371
  step 250/1999 best 10.371
  step 300/1999 best 9.819
  step 350/1999 best 10.816
  step 400/1999 best 10.933
  step 450/1999 best 11.587
  step 500/1999 best 11.843
  step 550/1999 best 11.835
  step 600/1999 best 11.882
  step 650/1999 best 11.490
  step 700/1999 best 11.603
  step 750/1999 best 11.479
  step 800/1999 best 11.684
  step 850/1999 best 11.181
  step 900/1999 best 11.872
  step 950/1999 best 11.853
  step 1000/1999 best 11.826
  step 1050/1999 best 11.761
  step 1100/1999 best 11.551
  step 1150/1999 best 11.794
  step 1200/1999 best 11.925
  step 1250/1999 best 11.782
  step 1300/1999 best 11.825
  step 1350/1999 best 11.574
  step 1400/1999 best 11.565
  step 1450/1999 best 11.871
  step 1500/1999 best 11.454
  step 1550/1999 best 11.520
  step 1600/1999 best 11.326
  step 1650/1999 best 11.912
  step 1700/1999 best 11.841
  step 1750/1999 best 11.713
  step 1800/1999 best 11.708
  step 1850/1999 best 11.755
  step 1900/1999 best 11.762
  step 1950/1999 best 11.859
saved SBC_CHAINS_cnn_vmim__n1_jitter_seed_s2_sim2602_row2201353_noise7761_7940_8119 (240000, 4) acc=0.182
  step 0/1999 best -20.016
  step 50/1999 best 5.156
  step 100/1999 best 10.772
  step 150/1999 best 12.299
  step 200/1999 best 13.738
  step 250/1999 best 13.719
  step 300/1999 best 13.783
  step 350/1999 best 13.890
  step 400/1999 best 13.778
  step 450/1999 best 13.667
  step 500/1999 best 13.803
  step 550/1999 best 13.625
  step 600/1999 best 13.671
  step 650/1999 best 13.727
  step 700/1999 best 13.842
  step 750/1999 best 13.857
  step 800/1999 best 13.670
  step 850/1999 best 13.707
  step 900/1999 best 13.811
  step 950/1999 best 13.769
  step 1000/1999 best 13.750
  step 1050/1999 best 13.694
  step 1100/1999 best 13.694
  step 1150/1999 best 13.787
  step 1200/1999 best 13.680
  step 1250/1999 best 13.867
  step 1300/1999 best 13.816
  step 1350/1999 best 13.537
  step 1400/1999 best 13.844
  step 1450/1999 best 13.825
  step 1500/1999 best 13.825
  step 1550/1999 best 13.790
  step 1600/1999 best 13.784
  step 1650/1999 best 13.832
  step 1700/1999 best 13.752
  step 1750/1999 best 13.781
  step 1800/1999 best 13.722
  step 1850/1999 best 13.762
  step 1900/1999 best 13.848
  step 1950/1999 best 13.691
saved SBC_CHAINS_cnn_vmim__n1_jitter_seed_s2_sim2535_row2134052_noise9256_9435_9614 (240000, 4) acc=0.286
  step 0/1999 best -6.556
  step 50/1999 best -1.182
  step 100/1999 best 0.881
  step 150/1999 best 14.127
  step 200/1999 best 13.884
  step 250/1999 best 14.364
  step 300/1999 best 15.355
  step 350/1999 best 15.205
  step 400/1999 best 15.109
  step 450/1999 best 15.342
  step 500/1999 best 15.265
  step 550/1999 best 15.147
  step 600/1999 best 15.174
  step 650/1999 best 15.171
  step 700/1999 best 15.216
  step 750/1999 best 15.324
  step 800/1999 best 15.320
  step 850/1999 best 15.298
  step 900/1999 best 15.081
  step 950/1999 best 15.257
  step 1000/1999 best 15.228
  step 1050/1999 best 15.297
  step 1100/1999 best 15.346
  step 1150/1999 best 15.196
  step 1200/1999 best 15.275
  step 1250/1999 best 15.155
  step 1300/1999 best 15.349
  step 1350/1999 best 15.156
  step 1400/1999 best 15.212
  step 1450/1999 best 15.373
  step 1500/1999 best 15.212
  step 1550/1999 best 15.034
  step 1600/1999 best 15.265
  step 1650/1999 best 15.266
  step 1700/1999 best 15.313
  step 1750/1999 best 15.236
  step 1800/1999 best 15.309
  step 1850/1999 best 15.222
  step 1900/1999 best 15.348
  step 1950/1999 best 15.151
saved SBC_CHAINS_cnn_vmim__n1_jitter_seed_s2_sim1513_row1290294_noise9610_9789_140 (240000, 4) acc=0.277
  step 0/1999 best -19.429
  step 50/1999 best -13.660
  step 100/1999 best -9.334
  step 150/1999 best -6.718
  step 200/1999 best -6.053
  step 250/1999 best -6.675
  step 300/1999 best -3.561
  step 350/1999 best 1.379
  step 400/1999 best 1.379
  step 450/1999 best 1.448
  step 500/1999 best 1.880
  step 550/1999 best 5.672
  step 600/1999 best 4.662
  step 650/1999 best 6.799
  step 700/1999 best 8.281
  step 750/1999 best 8.788
  step 800/1999 best 9.589
  step 850/1999 best 10.072
  step 900/1999 best 9.730
  step 950/1999 best 9.966
  step 1000/1999 best 9.813
  step 1050/1999 best 10.250
  step 1100/1999 best 10.398
  step 1150/1999 best 10.406
  step 1200/1999 best 10.429
  step 1250/1999 best 10.374
  step 1300/1999 best 10.151
  step 1350/1999 best 10.554
  step 1400/1999 best 10.416
  step 1450/1999 best 10.429
  step 1500/1999 best 10.593
  step 1550/1999 best 10.502
  step 1600/1999 best 10.611
  step 1650/1999 best 10.503
  step 1700/1999 best 10.555
  step 1750/1999 best 10.151
  step 1800/1999 best 10.605
  step 1850/1999 best 10.444
  step 1900/1999 best 10.505
  step 1950/1999 best 10.546
saved SBC_CHAINS_cnn_vmim__n1_jitter_seed_s2_sim2637_row2236978_noise4074_4253_4432 (240000, 4) acc=0.164
  step 0/1999 best -21.853
  step 50/1999 best -4.635
  step 100/1999 best 2.578
  step 150/1999 best 12.353
  step 200/1999 best 15.183
  step 250/1999 best 16.150
  step 300/1999 best 16.057
  step 350/1999 best 16.580
  step 400/1999 best 16.130
  step 450/1999 best 16.643
  step 500/1999 best 16.446
  step 550/1999 best 16.267
  step 600/1999 best 16.705
  step 650/1999 best 16.568
  step 700/1999 best 16.484
  step 750/1999 best 16.465
  step 800/1999 best 16.449
  step 850/1999 best 16.624
  step 900/1999 best 16.710
  step 950/1999 best 16.679
  step 1000/1999 best 16.506
  step 1050/1999 best 16.596
  step 1100/1999 best 16.711
  step 1150/1999 best 16.437
  step 1200/1999 best 16.630
  step 1250/1999 best 16.508
  step 1300/1999 best 16.527
  step 1350/1999 best 16.536
  step 1400/1999 best 16.555
  step 1450/1999 best 16.486
  step 1500/1999 best 16.651
  step 1550/1999 best 16.356
  step 1600/1999 best 16.665
  step 1650/1999 best 16.426
  step 1700/1999 best 16.625
  step 1750/1999 best 16.607
  step 1800/1999 best 16.516
  step 1850/1999 best 16.578
  step 1900/1999 best 16.536
  step 1950/1999 best 16.512
saved SBC_CHAINS_cnn_vmim__n1_jitter_seed_s2_sim1527_row1304078_noise3738_3917_4096 (240000, 4) acc=0.175
  step 0/1999 best -21.061
  step 50/1999 best 2.841
  step 100/1999 best 12.678
  step 150/1999 best 16.351
  step 200/1999 best 16.532
  step 250/1999 best 16.287
  step 300/1999 best 16.448
  step 350/1999 best 16.488
  step 400/1999 best 16.374
  step 450/1999 best 16.361
  step 500/1999 best 16.433
  step 550/1999 best 16.518
  step 600/1999 best 16.371
  step 650/1999 best 16.473
  step 700/1999 best 16.513
  step 750/1999 best 16.384
  step 800/1999 best 16.477
  step 850/1999 best 16.446
  step 900/1999 best 16.382
  step 950/1999 best 16.389
  step 1000/1999 best 16.436
  step 1050/1999 best 16.484
  step 1100/1999 best 16.408
  step 1150/1999 best 16.450
  step 1200/1999 best 16.408
  step 1250/1999 best 16.476
  step 1300/1999 best 16.369
  step 1350/1999 best 16.438
  step 1400/1999 best 16.465
  step 1450/1999 best 16.439
  step 1500/1999 best 16.403
  step 1550/1999 best 16.373
  step 1600/1999 best 16.388
  step 1650/1999 best 16.380
  step 1700/1999 best 16.450
  step 1750/1999 best 16.379
  step 1800/1999 best 16.385
  step 1850/1999 best 16.362
  step 1900/1999 best 16.455
  step 1950/1999 best 16.503
saved SBC_CHAINS_cnn_vmim__n1_jitter_seed_s2_sim903_row852003_noise8655_8834_9013 (240000, 4) acc=0.299
  step 0/1999 best -20.409
  step 50/1999 best 9.801
  step 100/1999 best 12.182
  step 150/1999 best 12.167
  step 200/1999 best 12.398
  step 250/1999 best 12.790
  step 300/1999 best 14.015
  step 350/1999 best 14.075
  step 400/1999 best 13.832
  step 450/1999 best 13.854
  step 500/1999 best 13.965
  step 550/1999 best 13.465
  step 600/1999 best 14.004
  step 650/1999 best 13.613
  step 700/1999 best 14.131
  step 750/1999 best 13.994
  step 800/1999 best 13.994
  step 850/1999 best 14.030
  step 900/1999 best 14.130
  step 950/1999 best 13.985
  step 1000/1999 best 13.989
  step 1050/1999 best 14.166
  step 1100/1999 best 13.878
  step 1150/1999 best 14.075
  step 1200/1999 best 14.039
  step 1250/1999 best 14.064
  step 1300/1999 best 13.897
  step 1350/1999 best 13.987
  step 1400/1999 best 14.117
  step 1450/1999 best 14.028
  step 1500/1999 best 14.169
  step 1550/1999 best 13.884
  step 1600/1999 best 14.111
  step 1650/1999 best 14.029
  step 1700/1999 best 14.098
  step 1750/1999 best 13.962
  step 1800/1999 best 14.137
  step 1850/1999 best 13.990
  step 1900/1999 best 14.028
  step 1950/1999 best 14.068
saved SBC_CHAINS_cnn_vmim__n1_jitter_seed_s2_sim992_row941802_noise174_353_532 (240000, 4) acc=0.176
  step 0/1999 best -20.827
  step 50/1999 best 4.175
  step 100/1999 best 10.123
  step 150/1999 best 13.039
  step 200/1999 best 13.403
  step 250/1999 best 13.535
  step 300/1999 best 13.581
  step 350/1999 best 13.542
  step 400/1999 best 13.575
  step 450/1999 best 13.656
  step 500/1999 best 13.513
  step 550/1999 best 13.641
  step 600/1999 best 13.543
  step 650/1999 best 13.459
  step 700/1999 best 13.560
  step 750/1999 best 13.428
  step 800/1999 best 13.705
  step 850/1999 best 13.700
  step 900/1999 best 13.528
  step 950/1999 best 13.504
  step 1000/1999 best 13.618
  step 1050/1999 best 13.635
  step 1100/1999 best 13.561
  step 1150/1999 best 13.549
  step 1200/1999 best 13.508
  step 1250/1999 best 13.487
  step 1300/1999 best 13.448
  step 1350/1999 best 13.554
  step 1400/1999 best 13.644
  step 1450/1999 best 13.533
  step 1500/1999 best 13.582
  step 1550/1999 best 13.573
  step 1600/1999 best 13.633
  step 1650/1999 best 13.541
  step 1700/1999 best 13.589
  step 1750/1999 best 13.691
  step 1800/1999 best 13.578
  step 1850/1999 best 13.607
  step 1900/1999 best 13.637
  step 1950/1999 best 13.589
saved SBC_CHAINS_cnn_vmim__n1_jitter_seed_s2_sim2462_row2061324_noise5324_5503_5682 (240000, 4) acc=0.238
  step 0/1999 best -7.399
  step 50/1999 best 8.289
  step 100/1999 best 15.172
  step 150/1999 best 17.073
  step 200/1999 best 17.019
  step 250/1999 best 16.800
  step 300/1999 best 17.133
  step 350/1999 best 17.132
  step 400/1999 best 17.228
  step 450/1999 best 17.229
  step 500/1999 best 17.093
  step 550/1999 best 17.169
  step 600/1999 best 17.205
  step 650/1999 best 17.252
  step 700/1999 best 17.171
  step 750/1999 best 17.125
  step 800/1999 best 16.969
  step 850/1999 best 17.101
  step 900/1999 best 17.065
  step 950/1999 best 17.111
  step 1000/1999 best 17.132
  step 1050/1999 best 17.269
  step 1100/1999 best 17.177
  step 1150/1999 best 17.320
  step 1200/1999 best 17.164
  step 1250/1999 best 17.138
  step 1300/1999 best 17.230
  step 1350/1999 best 17.113
  step 1400/1999 best 17.217
  step 1450/1999 best 17.192
  step 1500/1999 best 17.310
  step 1550/1999 best 17.223
  step 1600/1999 best 17.220
  step 1650/1999 best 17.097
  step 1700/1999 best 17.141
  step 1750/1999 best 17.301
  step 1800/1999 best 17.312
  step 1850/1999 best 17.309
  step 1900/1999 best 17.147
  step 1950/1999 best 17.231
saved SBC_CHAINS_cnn_vmim__n1_jitter_seed_s2_sim1437_row1219102_noise2214_2393_2572 (240000, 4) acc=0.274
  step 0/1999 best -13.302
  step 50/1999 best 5.178
  step 100/1999 best 16.583
  step 150/1999 best 16.735
  step 200/1999 best 17.023
  step 250/1999 best 16.980
  step 300/1999 best 16.866
  step 350/1999 best 16.962
  step 400/1999 best 16.822
  step 450/1999 best 16.603
  step 500/1999 best 17.020
  step 550/1999 best 17.030
  step 600/1999 best 16.682
  step 650/1999 best 16.968
  step 700/1999 best 16.756
  step 750/1999 best 16.531
  step 800/1999 best 16.962
  step 850/1999 best 16.863
  step 900/1999 best 16.818
  step 950/1999 best 16.547
  step 1000/1999 best 16.865
  step 1050/1999 best 16.949
  step 1100/1999 best 16.765
  step 1150/1999 best 16.685
  step 1200/1999 best 16.843
  step 1250/1999 best 16.781
  step 1300/1999 best 16.784
  step 1350/1999 best 16.917
  step 1400/1999 best 16.840
  step 1450/1999 best 16.899
  step 1500/1999 best 16.919
  step 1550/1999 best 16.813
  step 1600/1999 best 16.941
  step 1650/1999 best 16.804
  step 1700/1999 best 16.876
  step 1750/1999 best 16.918
  step 1800/1999 best 16.964
  step 1850/1999 best 16.915
  step 1900/1999 best 16.926
  step 1950/1999 best 17.021
saved SBC_CHAINS_cnn_vmim__n1_jitter_seed_s2_sim1286_row1103713_noise9073_9252_9431 (240000, 4) acc=0.245
  step 0/1999 best -16.404
  step 50/1999 best 5.452
  step 100/1999 best 2.067
  step 150/1999 best 11.091
  step 200/1999 best 12.150
  step 250/1999 best 13.046
  step 300/1999 best 12.403
  step 350/1999 best 13.207
  step 400/1999 best 13.293
  step 450/1999 best 13.244
  step 500/1999 best 13.290
  step 550/1999 best 13.059
  step 600/1999 best 13.109
  step 650/1999 best 13.272
  step 700/1999 best 13.205
  step 750/1999 best 13.316
  step 800/1999 best 13.165
  step 850/1999 best 13.211
  step 900/1999 best 13.326
  step 950/1999 best 13.055
  step 1000/1999 best 13.164
  step 1050/1999 best 13.141
  step 1100/1999 best 13.256
  step 1150/1999 best 13.095
  step 1200/1999 best 13.343
  step 1250/1999 best 13.184
  step 1300/1999 best 13.237
  step 1350/1999 best 13.304
  step 1400/1999 best 13.276
  step 1450/1999 best 13.319
  step 1500/1999 best 13.249
  step 1550/1999 best 13.233
  step 1600/1999 best 13.316
  step 1650/1999 best 13.284
  step 1700/1999 best 13.199
  step 1750/1999 best 13.120
  step 1800/1999 best 13.182
  step 1850/1999 best 13.243
  step 1900/1999 best 13.275
  step 1950/1999 best 13.164
saved SBC_CHAINS_cnn_vmim__n1_jitter_seed_s2_sim2449_row2048779_noise2607_2786_2965 (240000, 4) acc=0.300
  step 0/1999 best -10.780
  step 50/1999 best 7.398
  step 100/1999 best 12.661
  step 150/1999 best 15.548
  step 200/1999 best 17.248
  step 250/1999 best 17.253
  step 300/1999 best 17.586
  step 350/1999 best 17.379
  step 400/1999 best 17.624
  step 450/1999 best 17.612
  step 500/1999 best 17.263
  step 550/1999 best 17.551
  step 600/1999 best 17.424
  step 650/1999 best 17.442
  step 700/1999 best 17.497
  step 750/1999 best 17.460
  step 800/1999 best 17.568
  step 850/1999 best 17.500
  step 900/1999 best 17.297
  step 950/1999 best 17.500
  step 1000/1999 best 17.363
  step 1050/1999 best 17.655
  step 1100/1999 best 17.544
  step 1150/1999 best 17.510
  step 1200/1999 best 17.520
  step 1250/1999 best 17.584
  step 1300/1999 best 17.722
  step 1350/1999 best 17.614
  step 1400/1999 best 17.529
  step 1450/1999 best 17.609
  step 1500/1999 best 17.350
  step 1550/1999 best 17.655
  step 1600/1999 best 17.470
  step 1650/1999 best 17.730
  step 1700/1999 best 17.640
  step 1750/1999 best 17.592
  step 1800/1999 best 17.627
  step 1850/1999 best 17.612
  step 1900/1999 best 17.589
  step 1950/1999 best 17.550
saved SBC_CHAINS_cnn_vmim__n1_jitter_seed_s2_sim1287_row1104531_noise63_242_421 (240000, 4) acc=0.247
  step 0/1999 best -19.679
  step 50/1999 best 3.985
  step 100/1999 best 14.818
  step 150/1999 best 15.955
  step 200/1999 best 16.233
  step 250/1999 best 16.052
  step 300/1999 best 16.318
  step 350/1999 best 16.411
  step 400/1999 best 16.442
  step 450/1999 best 16.203
  step 500/1999 best 16.405
  step 550/1999 best 16.307
  step 600/1999 best 16.297
  step 650/1999 best 16.290
  step 700/1999 best 16.252
  step 750/1999 best 16.379
  step 800/1999 best 16.345
  step 850/1999 best 16.346
  step 900/1999 best 16.179
  step 950/1999 best 16.227
  step 1000/1999 best 16.404
  step 1050/1999 best 16.245
  step 1100/1999 best 16.380
  step 1150/1999 best 16.401
  step 1200/1999 best 16.292
  step 1250/1999 best 16.283
  step 1300/1999 best 16.406
  step 1350/1999 best 16.279
  step 1400/1999 best 16.348
  step 1450/1999 best 16.331
  step 1500/1999 best 16.271
  step 1550/1999 best 16.367
  step 1600/1999 best 16.331
  step 1650/1999 best 16.433
  step 1700/1999 best 16.301
  step 1750/1999 best 16.401
  step 1800/1999 best 16.367
  step 1850/1999 best 16.374
  step 1900/1999 best 16.207
  step 1950/1999 best 16.126
saved SBC_CHAINS_cnn_vmim__n1_jitter_seed_s2_sim200_row186111_noise3551_3730_3909 (240000, 4) acc=0.265
  step 0/1999 best -26.198
  step 50/1999 best 2.901
  step 100/1999 best 12.463
  step 150/1999 best 15.023
  step 200/1999 best 12.894
  step 250/1999 best 16.583
  step 300/1999 best 16.335
  step 350/1999 best 16.579
  step 400/1999 best 17.007
  step 450/1999 best 16.959
  step 500/1999 best 16.992
  step 550/1999 best 17.041
  step 600/1999 best 16.900
  step 650/1999 best 16.710
  step 700/1999 best 16.847
  step 750/1999 best 16.830
  step 800/1999 best 16.978
  step 850/1999 best 17.007
  step 900/1999 best 16.829
  step 950/1999 best 17.056
  step 1000/1999 best 16.757
  step 1050/1999 best 16.932
  step 1100/1999 best 16.985
  step 1150/1999 best 16.568
  step 1200/1999 best 16.957
  step 1250/1999 best 16.973
  step 1300/1999 best 17.007
  step 1350/1999 best 16.975
  step 1400/1999 best 16.999
  step 1450/1999 best 16.968
  step 1500/1999 best 16.996
  step 1550/1999 best 17.013
  step 1600/1999 best 16.946
  step 1650/1999 best 17.001
  step 1700/1999 best 16.983
  step 1750/1999 best 16.868
  step 1800/1999 best 16.883
  step 1850/1999 best 16.924
  step 1900/1999 best 16.983
  step 1950/1999 best 16.929
saved SBC_CHAINS_cnn_vmim__n1_jitter_seed_s2_sim730_row679385_noise3113_3292_3471 (240000, 4) acc=0.181
  step 0/1999 best -12.671
  step 50/1999 best 4.476
  step 100/1999 best 1.887
  step 150/1999 best 5.964
  step 200/1999 best 15.015
  step 250/1999 best 14.642
  step 300/1999 best 17.170
  step 350/1999 best 16.889
  step 400/1999 best 15.194
  step 450/1999 best 16.615
  step 500/1999 best 16.603
  step 550/1999 best 16.792
  step 600/1999 best 16.747
  step 650/1999 best 16.914
  step 700/1999 best 17.179
  step 750/1999 best 17.186
  step 800/1999 best 16.971
  step 850/1999 best 17.256
  step 900/1999 best 16.785
  step 950/1999 best 17.101
  step 1000/1999 best 17.096
  step 1050/1999 best 17.206
  step 1100/1999 best 17.197
  step 1150/1999 best 17.112
  step 1200/1999 best 16.992
  step 1250/1999 best 17.146
  step 1300/1999 best 16.954
  step 1350/1999 best 17.123
  step 1400/1999 best 17.205
  step 1450/1999 best 17.215
  step 1500/1999 best 17.117
  step 1550/1999 best 17.010
  step 1600/1999 best 17.074
  step 1650/1999 best 17.150
  step 1700/1999 best 17.150
  step 1750/1999 best 17.181
  step 1800/1999 best 17.105
  step 1850/1999 best 16.825
  step 1900/1999 best 17.031
  step 1950/1999 best 16.969
saved SBC_CHAINS_cnn_vmim__n1_jitter_seed_s2_sim1450_row1232158_noise5442_5621_5800 (240000, 4) acc=0.160
  step 0/1999 best -17.267
  step 50/1999 best -6.529
  step 100/1999 best -1.599
  step 150/1999 best 6.342
  step 200/1999 best 10.211
  step 250/1999 best 13.308
  step 300/1999 best 13.315
  step 350/1999 best 13.388
  step 400/1999 best 13.623
  step 450/1999 best 13.400
  step 500/1999 best 13.537
  step 550/1999 best 13.488
  step 600/1999 best 13.686
  step 650/1999 best 13.440
  step 700/1999 best 13.592
  step 750/1999 best 13.664
  step 800/1999 best 13.554
  step 850/1999 best 13.587
  step 900/1999 best 13.677
  step 950/1999 best 13.501
  step 1000/1999 best 13.574
  step 1050/1999 best 13.699
  step 1100/1999 best 13.671
  step 1150/1999 best 13.602
  step 1200/1999 best 13.493
  step 1250/1999 best 13.607
  step 1300/1999 best 13.674
  step 1350/1999 best 13.505
  step 1400/1999 best 13.510
  step 1450/1999 best 13.640
  step 1500/1999 best 13.657
  step 1550/1999 best 13.463
  step 1600/1999 best 13.556
  step 1650/1999 best 13.554
  step 1700/1999 best 13.476
  step 1750/1999 best 13.697
  step 1800/1999 best 13.541
  step 1850/1999 best 13.656
  step 1900/1999 best 13.706
  step 1950/1999 best 13.697
saved SBC_CHAINS_cnn_vmim__n1_jitter_seed_s2_sim406_row384695_noise3747_3926_4105 (240000, 4) acc=0.179
  step 0/1999 best -28.279
  step 50/1999 best -5.318
  step 100/1999 best 5.029
  step 150/1999 best 7.994
  step 200/1999 best 10.560
  step 250/1999 best 10.952
  step 300/1999 best 10.816
  step 350/1999 best 11.448
  step 400/1999 best 11.368
  step 450/1999 best 11.525
  step 500/1999 best 11.249
  step 550/1999 best 11.575
  step 600/1999 best 11.114
  step 650/1999 best 11.326
  step 700/1999 best 11.654
  step 750/1999 best 11.633
  step 800/1999 best 11.426
  step 850/1999 best 11.121
  step 900/1999 best 11.503
  step 950/1999 best 11.497
  step 1000/1999 best 11.596
  step 1050/1999 best 11.609
  step 1100/1999 best 11.413
  step 1150/1999 best 11.545
  step 1200/1999 best 11.497
  step 1250/1999 best 11.542
  step 1300/1999 best 11.511
  step 1350/1999 best 11.606
  step 1400/1999 best 11.620
  step 1450/1999 best 11.567
  step 1500/1999 best 11.519
  step 1550/1999 best 11.474
  step 1600/1999 best 11.427
  step 1650/1999 best 11.428
  step 1700/1999 best 11.506
  step 1750/1999 best 11.556
  step 1800/1999 best 11.467
  step 1850/1999 best 11.547
  step 1900/1999 best 11.411
  step 1950/1999 best 11.342
saved SBC_CHAINS_cnn_vmim__n1_jitter_seed_s2_sim2595_row2194484_noise892_1071_1250 (240000, 4) acc=0.171
  step 0/1999 best -24.036
  step 50/1999 best -1.825
  step 100/1999 best 7.810
  step 150/1999 best 8.421
  step 200/1999 best 8.248
  step 250/1999 best 8.167
  step 300/1999 best 8.510
  step 350/1999 best 8.692
  step 400/1999 best 8.296
  step 450/1999 best 8.522
  step 500/1999 best 8.659
  step 550/1999 best 8.742
  step 600/1999 best 8.687
  step 650/1999 best 8.643
  step 700/1999 best 8.581
  step 750/1999 best 8.613
  step 800/1999 best 8.653
  step 850/1999 best 8.733
  step 900/1999 best 8.601
  step 950/1999 best 8.754
  step 1000/1999 best 8.794
  step 1050/1999 best 8.771
  step 1100/1999 best 8.687
  step 1150/1999 best 8.759
  step 1200/1999 best 8.697
  step 1250/1999 best 8.706
  step 1300/1999 best 8.784
  step 1350/1999 best 8.690
  step 1400/1999 best 8.681
  step 1450/1999 best 8.615
  step 1500/1999 best 8.654
  step 1550/1999 best 8.669
  step 1600/1999 best 8.725
  step 1650/1999 best 8.671
  step 1700/1999 best 8.667
  step 1750/1999 best 8.701
  step 1800/1999 best 8.709
  step 1850/1999 best 8.747
  step 1900/1999 best 8.800
  step 1950/1999 best 8.670
saved SBC_CHAINS_cnn_vmim__n1_jitter_seed_s2_sim2857_row2452597_noise7477_7656_7835 (240000, 4) acc=0.221
  step 0/1999 best -12.920
  step 50/1999 best 8.274
  step 100/1999 best 12.757
  step 150/1999 best 16.748
  step 200/1999 best 17.116
  step 250/1999 best 17.258
  step 300/1999 best 17.324
  step 350/1999 best 17.269
  step 400/1999 best 17.010
  step 450/1999 best 17.290
  step 500/1999 best 16.894
  step 550/1999 best 17.229
  step 600/1999 best 17.306
  step 650/1999 best 17.305
  step 700/1999 best 17.247
  step 750/1999 best 17.192
  step 800/1999 best 17.231
  step 850/1999 best 17.224
  step 900/1999 best 17.201
  step 950/1999 best 17.230
  step 1000/1999 best 17.270
  step 1050/1999 best 17.291
  step 1100/1999 best 17.287
  step 1150/1999 best 17.215
  step 1200/1999 best 17.196
  step 1250/1999 best 17.108
  step 1300/1999 best 17.226
  step 1350/1999 best 17.275
  step 1400/1999 best 17.231
  step 1450/1999 best 17.122
  step 1500/1999 best 17.254
  step 1550/1999 best 17.302
  step 1600/1999 best 17.236
  step 1650/1999 best 17.177
  step 1700/1999 best 17.289
  step 1750/1999 best 17.349
  step 1800/1999 best 17.025
  step 1850/1999 best 17.261
  step 1900/1999 best 17.224
  step 1950/1999 best 17.342
saved SBC_CHAINS_cnn_vmim__n1_jitter_seed_s2_sim1364_row1172107_noise7843_8022_8201 (240000, 4) acc=0.242
  step 0/1999 best -20.789
  step 50/1999 best 5.980
  step 100/1999 best 14.932
  step 150/1999 best 15.764
  step 200/1999 best 15.491
  step 250/1999 best 15.718
  step 300/1999 best 15.740
  step 350/1999 best 15.621
  step 400/1999 best 15.841
  step 450/1999 best 15.644
  step 500/1999 best 15.816
  step 550/1999 best 15.853
  step 600/1999 best 15.844
  step 650/1999 best 15.665
  step 700/1999 best 15.745
  step 750/1999 best 15.760
  step 800/1999 best 15.663
  step 850/1999 best 15.790
  step 900/1999 best 15.782
  step 950/1999 best 15.790
  step 1000/1999 best 15.895
  step 1050/1999 best 15.758
  step 1100/1999 best 15.732
  step 1150/1999 best 15.826
  step 1200/1999 best 15.637
  step 1250/1999 best 15.742
  step 1300/1999 best 15.828
  step 1350/1999 best 15.744
  step 1400/1999 best 15.630
  step 1450/1999 best 15.518
  step 1500/1999 best 15.764
  step 1550/1999 best 15.589
  step 1600/1999 best 15.724
  step 1650/1999 best 15.787
  step 1700/1999 best 15.806
  step 1750/1999 best 15.667
  step 1800/1999 best 15.832
  step 1850/1999 best 15.897
  step 1900/1999 best 15.870
  step 1950/1999 best 15.754
saved SBC_CHAINS_cnn_vmim__n1_jitter_seed_s2_sim650_row603035_noise1387_1566_1745 (240000, 4) acc=0.292
  step 0/1999 best -27.220
  step 50/1999 best 3.312
  step 100/1999 best 7.742
  step 150/1999 best 12.753
  step 200/1999 best 12.426
  step 250/1999 best 13.642
  step 300/1999 best 13.774
  step 350/1999 best 13.708
  step 400/1999 best 13.803
  step 450/1999 best 13.865
  step 500/1999 best 13.751
  step 550/1999 best 13.806
  step 600/1999 best 13.881
  step 650/1999 best 13.864
  step 700/1999 best 13.742
  step 750/1999 best 13.850
  step 800/1999 best 13.827
  step 850/1999 best 13.747
  step 900/1999 best 13.851
  step 950/1999 best 13.803
  step 1000/1999 best 13.865
  step 1050/1999 best 13.774
  step 1100/1999 best 13.804
  step 1150/1999 best 13.898
  step 1200/1999 best 13.791
  step 1250/1999 best 13.891
  step 1300/1999 best 13.788
  step 1350/1999 best 13.848
  step 1400/1999 best 13.699
  step 1450/1999 best 13.814
  step 1500/1999 best 13.922
  step 1550/1999 best 13.860
  step 1600/1999 best 13.777
  step 1650/1999 best 13.781
  step 1700/1999 best 13.611
  step 1750/1999 best 13.918
  step 1800/1999 best 13.780
  step 1850/1999 best 13.798
  step 1900/1999 best 13.775
  step 1950/1999 best 13.878
saved SBC_CHAINS_cnn_vmim__n1_jitter_seed_s2_sim2931_row2526247_noise2503_2682_2861 (240000, 4) acc=0.348
  step 0/1999 best -10.957
  step 50/1999 best 9.921
  step 100/1999 best 9.588
  step 150/1999 best 14.928
  step 200/1999 best 15.891
  step 250/1999 best 16.177
  step 300/1999 best 16.120
  step 350/1999 best 16.157
  step 400/1999 best 16.146
  step 450/1999 best 16.160
  step 500/1999 best 16.130
  step 550/1999 best 16.167
  step 600/1999 best 16.162
  step 650/1999 best 16.150
  step 700/1999 best 16.164
  step 750/1999 best 16.210
  step 800/1999 best 16.240
  step 850/1999 best 16.181
  step 900/1999 best 16.146
  step 950/1999 best 16.281
  step 1000/1999 best 16.119
  step 1050/1999 best 16.163
  step 1100/1999 best 16.131
  step 1150/1999 best 16.224
  step 1200/1999 best 16.170
  step 1250/1999 best 16.138
  step 1300/1999 best 16.167
  step 1350/1999 best 16.282
  step 1400/1999 best 16.291
  step 1450/1999 best 16.144
  step 1500/1999 best 16.200
  step 1550/1999 best 16.271
  step 1600/1999 best 16.280
  step 1650/1999 best 16.236
  step 1700/1999 best 16.245
  step 1750/1999 best 16.129
  step 1800/1999 best 16.213
  step 1850/1999 best 16.242
  step 1900/1999 best 16.222
  step 1950/1999 best 16.189
saved SBC_CHAINS_cnn_vmim__n1_jitter_seed_s2_sim1435_row1217426_noise538_717_896 (240000, 4) acc=0.338
  step 0/1999 best -9.558
  step 50/1999 best 1.037
  step 100/1999 best 15.896
  step 150/1999 best 16.934
  step 200/1999 best 17.083
  step 250/1999 best 17.048
  step 300/1999 best 17.106
  step 350/1999 best 17.247
  step 400/1999 best 17.209
  step 450/1999 best 17.164
  step 500/1999 best 17.144
  step 550/1999 best 16.993
  step 600/1999 best 17.264
  step 650/1999 best 17.201
  step 700/1999 best 17.340
  step 750/1999 best 17.221
  step 800/1999 best 17.149
  step 850/1999 best 17.211
  step 900/1999 best 17.220
  step 950/1999 best 17.169
  step 1000/1999 best 17.154
  step 1050/1999 best 17.250
  step 1100/1999 best 17.266
  step 1150/1999 best 17.320
  step 1200/1999 best 17.260
  step 1250/1999 best 17.263
  step 1300/1999 best 17.321
  step 1350/1999 best 17.130
  step 1400/1999 best 17.248
  step 1450/1999 best 17.340
  step 1500/1999 best 17.110
  step 1550/1999 best 17.203
  step 1600/1999 best 16.930
  step 1650/1999 best 17.116
  step 1700/1999 best 17.190
  step 1750/1999 best 17.179
  step 1800/1999 best 17.226
  step 1850/1999 best 17.292
  step 1900/1999 best 17.089
  step 1950/1999 best 17.126
saved SBC_CHAINS_cnn_vmim__n1_jitter_seed_s2_sim273_row259153_noise7797_7976_8155 (240000, 4) acc=0.274
  step 0/1999 best -20.564
  step 50/1999 best 5.508
  step 100/1999 best 16.737
  step 150/1999 best 16.949
  step 200/1999 best 16.918
  step 250/1999 best 17.098
  step 300/1999 best 17.113
  step 350/1999 best 17.067
  step 400/1999 best 17.123
  step 450/1999 best 16.986
  step 500/1999 best 17.160
  step 550/1999 best 17.045
  step 600/1999 best 17.122
  step 650/1999 best 16.950
  step 700/1999 best 17.155
  step 750/1999 best 16.988
  step 800/1999 best 17.028
  step 850/1999 best 17.121
  step 900/1999 best 17.062
  step 950/1999 best 17.134
  step 1000/1999 best 16.963
  step 1050/1999 best 17.118
  step 1100/1999 best 17.078
  step 1150/1999 best 17.112
  step 1200/1999 best 17.082
  step 1250/1999 best 16.986
  step 1300/1999 best 17.139
  step 1350/1999 best 17.135
  step 1400/1999 best 17.017
  step 1450/1999 best 17.202
  step 1500/1999 best 16.991
  step 1550/1999 best 17.071
  step 1600/1999 best 17.035
  step 1650/1999 best 17.154
  step 1700/1999 best 17.088
  step 1750/1999 best 17.097
  step 1800/1999 best 17.081
  step 1850/1999 best 17.121
  step 1900/1999 best 17.011
  step 1950/1999 best 17.094
saved SBC_CHAINS_cnn_vmim__n1_jitter_seed_s2_sim1352_row1161796_noise6360_6539_6718 (240000, 4) acc=0.339
  step 0/1999 best -21.579
  step 50/1999 best -4.784
  step 100/1999 best -2.969
  step 150/1999 best -2.331
  step 200/1999 best -1.887
  step 250/1999 best -1.642
  step 300/1999 best -1.115
  step 350/1999 best 11.584
  step 400/1999 best 12.337
  step 450/1999 best 12.337
  step 500/1999 best 12.337
  step 550/1999 best 12.242
  step 600/1999 best 11.000
  step 650/1999 best 12.532
  step 700/1999 best 12.696
  step 750/1999 best 12.804
  step 800/1999 best 12.886
  step 850/1999 best 12.804
  step 900/1999 best 12.454
  step 950/1999 best 12.993
  step 1000/1999 best 13.166
  step 1050/1999 best 12.893
  step 1100/1999 best 13.948
  step 1150/1999 best 13.967
  step 1200/1999 best 13.730
  step 1250/1999 best 13.843
  step 1300/1999 best 13.532
  step 1350/1999 best 12.387
  step 1400/1999 best 13.396
  step 1450/1999 best 13.758
  step 1500/1999 best 13.755
  step 1550/1999 best 14.053
  step 1600/1999 best 14.210
  step 1650/1999 best 13.412
  step 1700/1999 best 13.760
  step 1750/1999 best 13.487
  step 1800/1999 best 14.180
  step 1850/1999 best 14.168
  step 1900/1999 best 13.907
  step 1950/1999 best 13.947
saved SBC_CHAINS_cnn_vmim__n1_jitter_seed_s2_sim2452_row2051155_noise4983_5162_5341 (240000, 4) acc=0.289
  step 0/1999 best -23.437
  step 50/1999 best -0.862
  step 100/1999 best 7.190
  step 150/1999 best 10.879
  step 200/1999 best 15.750
  step 250/1999 best 15.791
  step 300/1999 best 15.595
  step 350/1999 best 15.330
  step 400/1999 best 15.343
  step 450/1999 best 15.204
  step 500/1999 best 15.109
  step 550/1999 best 15.846
  step 600/1999 best 15.561
  step 650/1999 best 15.932
  step 700/1999 best 15.825
  step 750/1999 best 15.890
  step 800/1999 best 16.007
  step 850/1999 best 15.967
  step 900/1999 best 15.961
  step 950/1999 best 16.144
  step 1000/1999 best 15.988
  step 1050/1999 best 16.125
  step 1100/1999 best 16.171
  step 1150/1999 best 15.910
  step 1200/1999 best 16.152
  step 1250/1999 best 16.075
  step 1300/1999 best 15.926
  step 1350/1999 best 16.015
  step 1400/1999 best 16.083
  step 1450/1999 best 16.030
  step 1500/1999 best 16.091
  step 1550/1999 best 16.132
  step 1600/1999 best 16.100
  step 1650/1999 best 15.814
  step 1700/1999 best 16.072
  step 1750/1999 best 16.152
  step 1800/1999 best 15.975
  step 1850/1999 best 16.102
  step 1900/1999 best 15.936
  step 1950/1999 best 15.925
saved SBC_CHAINS_cnn_vmim__n1_jitter_seed_s2_sim1768_row1520863_noise9651_2_181 (240000, 4) acc=0.169
  step 0/1999 best -16.223
  step 50/1999 best 5.147
  step 100/1999 best 7.088
  step 150/1999 best 16.338
  step 200/1999 best 16.332
  step 250/1999 best 16.935
  step 300/1999 best 17.027
  step 350/1999 best 16.932
  step 400/1999 best 16.781
  step 450/1999 best 17.096
  step 500/1999 best 17.002
  step 550/1999 best 16.927
  step 600/1999 best 17.039
  step 650/1999 best 17.014
  step 700/1999 best 17.058
  step 750/1999 best 17.134
  step 800/1999 best 17.090
  step 850/1999 best 17.086
  step 900/1999 best 17.197
  step 950/1999 best 17.133
  step 1000/1999 best 17.017
  step 1050/1999 best 17.015
  step 1100/1999 best 17.228
  step 1150/1999 best 17.102
  step 1200/1999 best 17.170
  step 1250/1999 best 17.019
  step 1300/1999 best 17.132
  step 1350/1999 best 17.109
  step 1400/1999 best 17.149
  step 1450/1999 best 16.908
  step 1500/1999 best 16.974
  step 1550/1999 best 17.184
  step 1600/1999 best 17.140
  step 1650/1999 best 17.092
  step 1700/1999 best 16.924
  step 1750/1999 best 16.823
  step 1800/1999 best 17.075
  step 1850/1999 best 17.171
  step 1900/1999 best 17.180
  step 1950/1999 best 17.037
saved SBC_CHAINS_cnn_vmim__n1_jitter_seed_s2_sim1358_row1167255_noise1991_2170_2349 (240000, 4) acc=0.292
  step 0/1999 best -15.038
  step 50/1999 best -4.045
  step 100/1999 best 1.179
  step 150/1999 best 13.317
  step 200/1999 best 15.026
  step 250/1999 best 16.103
  step 300/1999 best 16.228
  step 350/1999 best 15.963
  step 400/1999 best 16.294
  step 450/1999 best 16.321
  step 500/1999 best 16.543
  step 550/1999 best 16.524
  step 600/1999 best 16.366
  step 650/1999 best 16.372
  step 700/1999 best 16.336
  step 750/1999 best 16.412
  step 800/1999 best 16.368
  step 850/1999 best 16.219
  step 900/1999 best 16.429
  step 950/1999 best 16.385
  step 1000/1999 best 16.474
  step 1050/1999 best 16.460
  step 1100/1999 best 16.424
  step 1150/1999 best 16.413
  step 1200/1999 best 16.230
  step 1250/1999 best 16.419
  step 1300/1999 best 16.384
  step 1350/1999 best 16.309
  step 1400/1999 best 16.485
  step 1450/1999 best 16.520
  step 1500/1999 best 16.395
  step 1550/1999 best 16.418
  step 1600/1999 best 16.516
  step 1650/1999 best 16.400
  step 1700/1999 best 16.372
  step 1750/1999 best 16.343
  step 1800/1999 best 16.424
  step 1850/1999 best 16.403
  step 1900/1999 best 16.389
  step 1950/1999 best 16.367
saved SBC_CHAINS_cnn_vmim__n1_jitter_seed_s2_sim1426_row1208498_noise1438_1617_1796 (240000, 4) acc=0.189
  step 0/1999 best -14.459
  step 50/1999 best 9.306
  step 100/1999 best 14.520
  step 150/1999 best 15.639
  step 200/1999 best 15.539
  step 250/1999 best 15.800
  step 300/1999 best 15.686
  step 350/1999 best 15.803
  step 400/1999 best 15.916
  step 450/1999 best 15.692
  step 500/1999 best 15.924
  step 550/1999 best 15.916
  step 600/1999 best 15.906
  step 650/1999 best 15.677
  step 700/1999 best 15.917
  step 750/1999 best 15.981
  step 800/1999 best 15.884
  step 850/1999 best 15.968
  step 900/1999 best 15.904
  step 950/1999 best 15.922
  step 1000/1999 best 15.836
  step 1050/1999 best 15.822
  step 1100/1999 best 15.989
  step 1150/1999 best 15.853
  step 1200/1999 best 15.889
  step 1250/1999 best 15.809
  step 1300/1999 best 15.881
  step 1350/1999 best 15.922
  step 1400/1999 best 15.899
  step 1450/1999 best 15.824
  step 1500/1999 best 15.997
  step 1550/1999 best 15.807
  step 1600/1999 best 15.922
  step 1650/1999 best 15.981
  step 1700/1999 best 15.995
  step 1750/1999 best 16.013
  step 1800/1999 best 15.755
  step 1850/1999 best 15.996
  step 1900/1999 best 16.003
  step 1950/1999 best 15.941
saved SBC_CHAINS_cnn_vmim__n1_jitter_seed_s2_sim902_row851169_noise7821_8000_8179 (240000, 4) acc=0.288
  step 0/1999 best -21.622
  step 50/1999 best 5.931
  step 100/1999 best 12.822
  step 150/1999 best 13.460
  step 200/1999 best 15.245
  step 250/1999 best 13.535
  step 300/1999 best 14.858
  step 350/1999 best 15.146
  step 400/1999 best 15.705
  step 450/1999 best 15.574
  step 500/1999 best 15.618
  step 550/1999 best 15.715
  step 600/1999 best 15.369
  step 650/1999 best 15.710
  step 700/1999 best 15.636
  step 750/1999 best 15.660
  step 800/1999 best 15.554
  step 850/1999 best 15.678
  step 900/1999 best 15.581
  step 950/1999 best 15.517
  step 1000/1999 best 15.555
  step 1050/1999 best 15.617
  step 1100/1999 best 15.609
  step 1150/1999 best 15.530
  step 1200/1999 best 15.751
  step 1250/1999 best 15.474
  step 1300/1999 best 15.497
  step 1350/1999 best 15.316
  step 1400/1999 best 15.497
  step 1450/1999 best 15.657
  step 1500/1999 best 15.574
  step 1550/1999 best 15.785
  step 1600/1999 best 15.667
  step 1650/1999 best 15.606
  step 1700/1999 best 15.623
  step 1750/1999 best 15.475
  step 1800/1999 best 15.700
  step 1850/1999 best 15.766
  step 1900/1999 best 15.619
  step 1950/1999 best 15.711
saved SBC_CHAINS_cnn_vmim__n1_jitter_seed_s2_sim441_row419665_noise9233_9412_9591 (240000, 4) acc=0.186
  step 0/1999 best -24.438
  step 50/1999 best -4.063
  step 100/1999 best 5.388
  step 150/1999 best 9.910
  step 200/1999 best 13.238
  step 250/1999 best 13.736
  step 300/1999 best 14.138
  step 350/1999 best 14.389
  step 400/1999 best 14.084
  step 450/1999 best 14.000
  step 500/1999 best 14.100
  step 550/1999 best 14.168
  step 600/1999 best 14.359
  step 650/1999 best 14.065
  step 700/1999 best 14.409
  step 750/1999 best 14.228
  step 800/1999 best 14.279
  step 850/1999 best 14.268
  step 900/1999 best 14.249
  step 950/1999 best 14.302
  step 1000/1999 best 14.359
  step 1050/1999 best 14.336
  step 1100/1999 best 14.259
  step 1150/1999 best 14.248
  step 1200/1999 best 14.390
  step 1250/1999 best 14.133
  step 1300/1999 best 14.397
  step 1350/1999 best 14.261
  step 1400/1999 best 14.383
  step 1450/1999 best 14.254
  step 1500/1999 best 14.179
  step 1550/1999 best 14.277
  step 1600/1999 best 14.399
  step 1650/1999 best 14.369
  step 1700/1999 best 14.380
  step 1750/1999 best 14.362
  step 1800/1999 best 14.359
  step 1850/1999 best 14.339
  step 1900/1999 best 14.360
  step 1950/1999 best 14.308
saved SBC_CHAINS_cnn_vmim__n1_jitter_seed_s2_sim2920_row2515749_noise1833_2012_2191 (240000, 4) acc=0.186
  step 0/1999 best -28.353
  step 50/1999 best 1.378
  step 100/1999 best 11.993
  step 150/1999 best 13.943
  step 200/1999 best 15.470
  step 250/1999 best 15.261
  step 300/1999 best 15.102
  step 350/1999 best 15.893
  step 400/1999 best 15.705
  step 450/1999 best 16.051
  step 500/1999 best 15.674
  step 550/1999 best 16.000
  step 600/1999 best 15.941
  step 650/1999 best 16.010
  step 700/1999 best 16.045
  step 750/1999 best 16.052
  step 800/1999 best 15.948
  step 850/1999 best 15.923
  step 900/1999 best 16.016
  step 950/1999 best 16.022
  step 1000/1999 best 15.993
  step 1050/1999 best 15.893
  step 1100/1999 best 15.974
  step 1150/1999 best 15.931
  step 1200/1999 best 15.993
  step 1250/1999 best 15.974
  step 1300/1999 best 16.068
  step 1350/1999 best 15.900
  step 1400/1999 best 15.989
  step 1450/1999 best 15.999
  step 1500/1999 best 16.010
  step 1550/1999 best 15.925
  step 1600/1999 best 16.071
  step 1650/1999 best 15.926
  step 1700/1999 best 15.961
  step 1750/1999 best 15.914
  step 1800/1999 best 15.906
  step 1850/1999 best 15.954
  step 1900/1999 best 16.069
  step 1950/1999 best 16.014
saved SBC_CHAINS_cnn_vmim__n1_jitter_seed_s2_sim175_row166693_noise8617_8796_8975 (240000, 4) acc=0.321
  step 0/1999 best -18.443
  step 50/1999 best 0.277
  step 100/1999 best 9.340
  step 150/1999 best 12.200
  step 200/1999 best 15.231
  step 250/1999 best 15.624
  step 300/1999 best 15.730
  step 350/1999 best 15.517
  step 400/1999 best 15.837
  step 450/1999 best 15.556
  step 500/1999 best 15.672
  step 550/1999 best 15.854
  step 600/1999 best 15.838
  step 650/1999 best 15.846
  step 700/1999 best 15.764
  step 750/1999 best 15.804
  step 800/1999 best 15.903
  step 850/1999 best 15.835
  step 900/1999 best 15.949
  step 950/1999 best 15.810
  step 1000/1999 best 15.763
  step 1050/1999 best 15.794
  step 1100/1999 best 15.748
  step 1150/1999 best 15.784
  step 1200/1999 best 15.712
  step 1250/1999 best 15.719
  step 1300/1999 best 15.912
  step 1350/1999 best 15.891
  step 1400/1999 best 15.872
  step 1450/1999 best 15.925
  step 1500/1999 best 15.829
  step 1550/1999 best 15.780
  step 1600/1999 best 15.775
  step 1650/1999 best 15.814
  step 1700/1999 best 15.706
  step 1750/1999 best 15.673
  step 1800/1999 best 15.890
  step 1850/1999 best 15.804
  step 1900/1999 best 15.722
  step 1950/1999 best 15.894
saved SBC_CHAINS_cnn_vmim__n1_jitter_seed_s2_sim1183_row1001908_noise4548_4727_4906 (240000, 4) acc=0.232
  step 0/1999 best -14.175
  step 50/1999 best -2.711
  step 100/1999 best 5.297
  step 150/1999 best 9.055
  step 200/1999 best 13.216
  step 250/1999 best 14.735
  step 300/1999 best 12.348
  step 350/1999 best 14.476
  step 400/1999 best 15.594
  step 450/1999 best 15.748
  step 500/1999 best 15.638
  step 550/1999 best 15.645
  step 600/1999 best 15.667
  step 650/1999 best 15.765
  step 700/1999 best 15.800
  step 750/1999 best 15.838
  step 800/1999 best 15.517
  step 850/1999 best 15.687
  step 900/1999 best 15.707
  step 950/1999 best 15.681
  step 1000/1999 best 15.657
  step 1050/1999 best 15.833
  step 1100/1999 best 15.729
  step 1150/1999 best 15.871
  step 1200/1999 best 15.712
  step 1250/1999 best 15.651
  step 1300/1999 best 15.855
  step 1350/1999 best 15.896
  step 1400/1999 best 15.856
  step 1450/1999 best 15.518
  step 1500/1999 best 15.814
  step 1550/1999 best 15.831
  step 1600/1999 best 15.740
  step 1650/1999 best 15.762
  step 1700/1999 best 15.859
  step 1750/1999 best 15.855
  step 1800/1999 best 15.898
  step 1850/1999 best 15.816
  step 1900/1999 best 15.705
  step 1950/1999 best 15.801
saved SBC_CHAINS_cnn_vmim__n1_jitter_seed_s2_sim369_row355819_noise6183_6362_6541 (240000, 4) acc=0.160
  step 0/1999 best -25.866
  step 50/1999 best 4.480
  step 100/1999 best 12.130
  step 150/1999 best 12.950
  step 200/1999 best 13.757
  step 250/1999 best 13.819
  step 300/1999 best 13.972
  step 350/1999 best 13.723
  step 400/1999 best 14.104
  step 450/1999 best 14.169
  step 500/1999 best 14.158
  step 550/1999 best 14.066
  step 600/1999 best 14.107
  step 650/1999 best 13.974
  step 700/1999 best 13.909
  step 750/1999 best 14.134
  step 800/1999 best 14.095
  step 850/1999 best 14.062
  step 900/1999 best 14.136
  step 950/1999 best 14.158
  step 1000/1999 best 14.040
  step 1050/1999 best 13.960
  step 1100/1999 best 14.080
  step 1150/1999 best 13.982
  step 1200/1999 best 14.029
  step 1250/1999 best 14.153
  step 1300/1999 best 14.079
  step 1350/1999 best 14.165
  step 1400/1999 best 14.133
  step 1450/1999 best 14.133
  step 1500/1999 best 14.153
  step 1550/1999 best 14.175
  step 1600/1999 best 14.067
  step 1650/1999 best 13.924
  step 1700/1999 best 14.037
  step 1750/1999 best 14.154
  step 1800/1999 best 14.193
  step 1850/1999 best 14.171
  step 1900/1999 best 14.139
  step 1950/1999 best 14.111
saved SBC_CHAINS_cnn_vmim__n1_jitter_seed_s2_sim3064_row2659794_noise8286_8465_8644 (240000, 4) acc=0.354
  step 0/1999 best -29.373
  step 50/1999 best 3.549
  step 100/1999 best 6.735
  step 150/1999 best 7.813
  step 200/1999 best 12.347
  step 250/1999 best 13.875
  step 300/1999 best 13.961
  step 350/1999 best 14.120
  step 400/1999 best 14.261
  step 450/1999 best 14.232
  step 500/1999 best 14.220
  step 550/1999 best 13.984
  step 600/1999 best 14.251
  step 650/1999 best 14.109
  step 700/1999 best 14.189
  step 750/1999 best 14.224
  step 800/1999 best 14.230
  step 850/1999 best 14.150
  step 900/1999 best 14.146
  step 950/1999 best 14.269
  step 1000/1999 best 14.089
  step 1050/1999 best 14.195
  step 1100/1999 best 14.161
  step 1150/1999 best 14.215
  step 1200/1999 best 14.221
  step 1250/1999 best 14.215
  step 1300/1999 best 14.223
  step 1350/1999 best 14.201
  step 1400/1999 best 14.161
  step 1450/1999 best 14.118
  step 1500/1999 best 14.200
  step 1550/1999 best 14.106
  step 1600/1999 best 14.223
  step 1650/1999 best 14.118
  step 1700/1999 best 14.183
  step 1750/1999 best 14.217
  step 1800/1999 best 14.130
  step 1850/1999 best 14.239
  step 1900/1999 best 14.195
  step 1950/1999 best 14.216
saved SBC_CHAINS_cnn_vmim__n1_jitter_seed_s2_sim2925_row2520641_noise6725_6904_7083 (240000, 4) acc=0.355
  step 0/1999 best -5.849
  step 50/1999 best 3.229
  step 100/1999 best 12.452
  step 150/1999 best 15.244
  step 200/1999 best 15.204
  step 250/1999 best 15.412
  step 300/1999 best 15.440
  step 350/1999 best 15.373
  step 400/1999 best 15.403
  step 450/1999 best 15.418
  step 500/1999 best 15.326
  step 550/1999 best 15.439
  step 600/1999 best 15.394
  step 650/1999 best 15.301
  step 700/1999 best 15.493
  step 750/1999 best 15.426
  step 800/1999 best 15.416
  step 850/1999 best 15.432
  step 900/1999 best 15.401
  step 950/1999 best 15.415
  step 1000/1999 best 15.325
  step 1050/1999 best 15.436
  step 1100/1999 best 15.475
  step 1150/1999 best 15.414
  step 1200/1999 best 15.351
  step 1250/1999 best 15.478
  step 1300/1999 best 15.542
  step 1350/1999 best 15.441
  step 1400/1999 best 15.516
  step 1450/1999 best 15.298
  step 1500/1999 best 15.379
  step 1550/1999 best 15.447
  step 1600/1999 best 15.398
  step 1650/1999 best 15.467
  step 1700/1999 best 15.376
  step 1750/1999 best 15.480
  step 1800/1999 best 15.419
  step 1850/1999 best 15.333
  step 1900/1999 best 15.344
  step 1950/1999 best 15.436
saved SBC_CHAINS_cnn_vmim__n1_jitter_seed_s2_sim733_row682525_noise6253_6432_6611 (240000, 4) acc=0.292
  step 0/1999 best -12.589
  step 50/1999 best -4.943
  step 100/1999 best 1.487
  step 150/1999 best 3.123
  step 200/1999 best 11.703
  step 250/1999 best 11.703
  step 300/1999 best 12.482
  step 350/1999 best 12.823
  step 400/1999 best 12.981
  step 450/1999 best 13.769
  step 500/1999 best 13.929
  step 550/1999 best 14.006
  step 600/1999 best 14.174
  step 650/1999 best 14.098
  step 700/1999 best 14.143
  step 750/1999 best 13.977
  step 800/1999 best 14.228
  step 850/1999 best 14.065
  step 900/1999 best 13.921
  step 950/1999 best 14.159
  step 1000/1999 best 13.967
  step 1050/1999 best 14.189
  step 1100/1999 best 14.174
  step 1150/1999 best 14.135
  step 1200/1999 best 14.137
  step 1250/1999 best 14.213
  step 1300/1999 best 14.251
  step 1350/1999 best 14.247
  step 1400/1999 best 14.260
  step 1450/1999 best 14.097
  step 1500/1999 best 14.219
  step 1550/1999 best 14.145
  step 1600/1999 best 14.218
  step 1650/1999 best 14.091
  step 1700/1999 best 14.172
  step 1750/1999 best 14.278
  step 1800/1999 best 14.304
  step 1850/1999 best 14.289
  step 1900/1999 best 14.110
  step 1950/1999 best 14.309
saved SBC_CHAINS_cnn_vmim__n1_jitter_seed_s2_sim844_row793768_noise9388_9567_9746 (240000, 4) acc=0.133
  step 0/1999 best -8.716
  step 50/1999 best 8.352
  step 100/1999 best 9.685
  step 150/1999 best 13.024
  step 200/1999 best 14.009
  step 250/1999 best 14.339
  step 300/1999 best 14.469
  step 350/1999 best 14.325
  step 400/1999 best 14.429
  step 450/1999 best 14.509
  step 500/1999 best 14.311
  step 550/1999 best 14.447
  step 600/1999 best 14.443
  step 650/1999 best 14.267
  step 700/1999 best 14.409
  step 750/1999 best 14.386
  step 800/1999 best 14.490
  step 850/1999 best 14.319
  step 900/1999 best 14.507
  step 950/1999 best 14.466
  step 1000/1999 best 14.436
  step 1050/1999 best 14.519
  step 1100/1999 best 14.471
  step 1150/1999 best 14.281
  step 1200/1999 best 14.349
  step 1250/1999 best 14.436
  step 1300/1999 best 14.354
  step 1350/1999 best 14.450
  step 1400/1999 best 14.539
  step 1450/1999 best 14.353
  step 1500/1999 best 14.502
  step 1550/1999 best 14.339
  step 1600/1999 best 14.535
  step 1650/1999 best 14.466
  step 1700/1999 best 14.388
  step 1750/1999 best 14.485
  step 1800/1999 best 14.387
  step 1850/1999 best 14.544
  step 1900/1999 best 14.435
  step 1950/1999 best 14.500
saved SBC_CHAINS_cnn_vmim__n1_jitter_seed_s2_sim655_row608501_noise6853_7032_7211 (240000, 4) acc=0.286
  step 0/1999 best -21.672
  step 50/1999 best 4.218
  step 100/1999 best 10.580
  step 150/1999 best 11.563
  step 200/1999 best 11.814
  step 250/1999 best 11.502
  step 300/1999 best 11.660
  step 350/1999 best 11.732
  step 400/1999 best 11.829
  step 450/1999 best 11.847
  step 500/1999 best 11.829
  step 550/1999 best 11.910
  step 600/1999 best 11.837
  step 650/1999 best 11.761
  step 700/1999 best 11.654
  step 750/1999 best 11.730
  step 800/1999 best 11.877
  step 850/1999 best 11.877
  step 900/1999 best 11.767
  step 950/1999 best 11.860
  step 1000/1999 best 11.729
  step 1050/1999 best 11.896
  step 1100/1999 best 11.931
  step 1150/1999 best 11.831
  step 1200/1999 best 11.854
  step 1250/1999 best 11.586
  step 1300/1999 best 11.775
  step 1350/1999 best 11.756
  step 1400/1999 best 11.746
  step 1450/1999 best 11.905
  step 1500/1999 best 11.885
  step 1550/1999 best 11.913
  step 1600/1999 best 11.687
  step 1650/1999 best 11.799
  step 1700/1999 best 11.964
  step 1750/1999 best 11.839
  step 1800/1999 best 11.950
  step 1850/1999 best 11.805
  step 1900/1999 best 11.877
  step 1950/1999 best 11.724
saved SBC_CHAINS_cnn_vmim__n1_jitter_seed_s2_sim1771_row1523190_noise2150_2329_2508 (240000, 4) acc=0.221
