[stage3] arm=cnn_vmim_/n1/seed_s1  nle=/gscratch/ddehiwalage-don/sbi_master/cnn_vmim_/n1/seed_s1/nle
[NLE] scope=standard_t family=nsf loaded from /gscratch/ddehiwalage-don/sbi_master/cnn_vmim_/n1/seed_s1/nle/standard_t/nsf
targets this task: 151 | family=standard_t_nsf | chains -> /gscratch/ddehiwalage-don/sbi_master/cnn_vmim_/n1/seed_s1/chains/standard_t_nsf
  step 0/1999 best -15.095
  step 50/1999 best 5.384
  step 100/1999 best 6.678
  step 150/1999 best 8.087
  step 200/1999 best 6.347
  step 250/1999 best 6.347
  step 300/1999 best 6.347
  step 350/1999 best 6.249
  step 400/1999 best 6.249
  step 450/1999 best 6.249
  step 500/1999 best 6.249
  step 550/1999 best 6.249
  step 600/1999 best 8.883
  step 650/1999 best 9.359
  step 700/1999 best 11.838
  step 750/1999 best 11.770
  step 800/1999 best 11.770
  step 850/1999 best 12.783
  step 900/1999 best 14.049
  step 950/1999 best 14.049
  step 1000/1999 best 14.621
  step 1050/1999 best 15.023
  step 1100/1999 best 14.842
  step 1150/1999 best 14.806
  step 1200/1999 best 14.134
  step 1250/1999 best 14.134
  step 1300/1999 best 14.804
  step 1350/1999 best 14.069
  step 1400/1999 best 14.680
  step 1450/1999 best 14.796
  step 1500/1999 best 14.871
  step 1550/1999 best 14.691
  step 1600/1999 best 14.351
  step 1650/1999 best 14.351
  step 1700/1999 best 14.943
  step 1750/1999 best 14.874
  step 1800/1999 best 14.841
  step 1850/1999 best 14.728
  step 1900/1999 best 14.756
  step 1950/1999 best 14.728
saved SBC_CHAINS_cnn_vmim__n1_seed_s1_sim2432_row2031451_noise4935_5114_5293 (240000, 4) acc=0.169
  step 0/1999 best -17.229
  step 50/1999 best -3.446
  step 100/1999 best 1.060
  step 150/1999 best 10.449
  step 200/1999 best 12.606
  step 250/1999 best 13.222
  step 300/1999 best 13.479
  step 350/1999 best 13.997
  step 400/1999 best 13.842
  step 450/1999 best 13.983
  step 500/1999 best 14.042
  step 550/1999 best 14.118
  step 600/1999 best 13.818
  step 650/1999 best 13.953
  step 700/1999 best 14.026
  step 750/1999 best 14.015
  step 800/1999 best 13.986
  step 850/1999 best 14.037
  step 900/1999 best 14.012
  step 950/1999 best 13.924
  step 1000/1999 best 13.983
  step 1050/1999 best 13.976
  step 1100/1999 best 13.965
  step 1150/1999 best 14.098
  step 1200/1999 best 13.872
  step 1250/1999 best 14.146
  step 1300/1999 best 13.980
  step 1350/1999 best 14.015
  step 1400/1999 best 14.084
  step 1450/1999 best 13.939
  step 1500/1999 best 14.074
  step 1550/1999 best 13.949
  step 1600/1999 best 14.024
  step 1650/1999 best 14.130
  step 1700/1999 best 13.894
  step 1750/1999 best 14.056
  step 1800/1999 best 13.993
  step 1850/1999 best 14.059
  step 1900/1999 best 13.980
  step 1950/1999 best 14.016
saved SBC_CHAINS_cnn_vmim__n1_seed_s1_sim2914_row2509790_noise5702_5881_6060 (240000, 4) acc=0.254
  step 0/1999 best -15.095
  step 50/1999 best 2.328
  step 100/1999 best 3.204
  step 150/1999 best 7.852
  step 200/1999 best 10.472
  step 250/1999 best 13.667
  step 300/1999 best 13.551
  step 350/1999 best 13.714
  step 400/1999 best 13.885
  step 450/1999 best 13.733
  step 500/1999 best 13.504
  step 550/1999 best 13.827
  step 600/1999 best 13.829
  step 650/1999 best 13.895
  step 700/1999 best 13.761
  step 750/1999 best 13.658
  step 800/1999 best 13.580
  step 850/1999 best 13.842
  step 900/1999 best 13.779
  step 950/1999 best 13.868
  step 1000/1999 best 13.885
  step 1050/1999 best 13.750
  step 1100/1999 best 13.830
  step 1150/1999 best 13.684
  step 1200/1999 best 13.912
  step 1250/1999 best 13.902
  step 1300/1999 best 13.812
  step 1350/1999 best 13.753
  step 1400/1999 best 13.883
  step 1450/1999 best 13.929
  step 1500/1999 best 13.880
  step 1550/1999 best 13.803
  step 1600/1999 best 13.834
  step 1650/1999 best 13.696
  step 1700/1999 best 13.675
  step 1750/1999 best 13.832
  step 1800/1999 best 13.869
  step 1850/1999 best 13.746
  step 1900/1999 best 13.753
  step 1950/1999 best 13.807
saved SBC_CHAINS_cnn_vmim__n1_seed_s1_sim2402_row2001217_noise4185_4364_4543 (240000, 4) acc=0.267
  step 0/1999 best -13.035
  step 50/1999 best 1.298
  step 100/1999 best 9.313
  step 150/1999 best 10.837
  step 200/1999 best 12.227
  step 250/1999 best 12.463
  step 300/1999 best 12.513
  step 350/1999 best 12.541
  step 400/1999 best 12.390
  step 450/1999 best 12.503
  step 500/1999 best 12.345
  step 550/1999 best 12.510
  step 600/1999 best 12.489
  step 650/1999 best 12.449
  step 700/1999 best 12.360
  step 750/1999 best 12.505
  step 800/1999 best 12.433
  step 850/1999 best 12.455
  step 900/1999 best 12.399
  step 950/1999 best 12.472
  step 1000/1999 best 12.349
  step 1050/1999 best 12.515
  step 1100/1999 best 12.436
  step 1150/1999 best 12.315
  step 1200/1999 best 12.526
  step 1250/1999 best 12.383
  step 1300/1999 best 12.537
  step 1350/1999 best 12.385
  step 1400/1999 best 12.428
  step 1450/1999 best 12.500
  step 1500/1999 best 12.423
  step 1550/1999 best 12.514
  step 1600/1999 best 12.436
  step 1650/1999 best 12.410
  step 1700/1999 best 12.452
  step 1750/1999 best 12.391
  step 1800/1999 best 12.369
  step 1850/1999 best 12.553
  step 1900/1999 best 12.488
  step 1950/1999 best 12.462
saved SBC_CHAINS_cnn_vmim__n1_seed_s1_sim2989_row2584459_noise1747_1926_2105 (240000, 4) acc=0.347
  step 0/1999 best -11.125
  step 50/1999 best -2.793
  step 100/1999 best 7.273
  step 150/1999 best 7.581
  step 200/1999 best 7.581
  step 250/1999 best 7.581
  step 300/1999 best 7.581
  step 350/1999 best 7.581
  step 400/1999 best 7.909
  step 450/1999 best 9.348
  step 500/1999 best 7.981
  step 550/1999 best 8.103
  step 600/1999 best 9.120
  step 650/1999 best 8.743
  step 700/1999 best 12.634
  step 750/1999 best 11.462
  step 800/1999 best 12.745
  step 850/1999 best 12.825
  step 900/1999 best 12.004
  step 950/1999 best 12.458
  step 1000/1999 best 12.458
  step 1050/1999 best 12.458
  step 1100/1999 best 13.209
  step 1150/1999 best 13.950
  step 1200/1999 best 13.569
  step 1250/1999 best 14.032
  step 1300/1999 best 14.483
  step 1350/1999 best 14.502
  step 1400/1999 best 14.766
  step 1450/1999 best 14.675
  step 1500/1999 best 14.640
  step 1550/1999 best 14.764
  step 1600/1999 best 14.487
  step 1650/1999 best 14.482
  step 1700/1999 best 14.482
  step 1750/1999 best 14.797
  step 1800/1999 best 14.689
  step 1850/1999 best 13.820
  step 1900/1999 best 14.011
  step 1950/1999 best 13.972
saved SBC_CHAINS_cnn_vmim__n1_seed_s1_sim2605_row2204417_noise997_1176_1355 (240000, 4) acc=0.153
  step 0/1999 best -13.081
  step 50/1999 best 2.540
  step 100/1999 best 15.770
  step 150/1999 best 16.884
  step 200/1999 best 16.084
  step 250/1999 best 17.145
  step 300/1999 best 17.128
  step 350/1999 best 17.378
  step 400/1999 best 17.684
  step 450/1999 best 18.276
  step 500/1999 best 18.055
  step 550/1999 best 18.509
  step 600/1999 best 18.181
  step 650/1999 best 18.460
  step 700/1999 best 18.209
  step 750/1999 best 18.450
  step 800/1999 best 18.514
  step 850/1999 best 18.389
  step 900/1999 best 18.485
  step 950/1999 best 18.480
  step 1000/1999 best 18.372
  step 1050/1999 best 18.473
  step 1100/1999 best 18.366
  step 1150/1999 best 18.458
  step 1200/1999 best 18.486
  step 1250/1999 best 18.223
  step 1300/1999 best 18.500
  step 1350/1999 best 18.346
  step 1400/1999 best 18.396
  step 1450/1999 best 18.443
  step 1500/1999 best 18.310
  step 1550/1999 best 18.285
  step 1600/1999 best 18.495
  step 1650/1999 best 18.315
  step 1700/1999 best 18.387
  step 1750/1999 best 18.509
  step 1800/1999 best 18.555
  step 1850/1999 best 18.451
  step 1900/1999 best 18.341
  step 1950/1999 best 18.501
saved SBC_CHAINS_cnn_vmim__n1_seed_s1_sim1372_row1180712_noise6620_6799_6978 (240000, 4) acc=0.163
  step 0/1999 best -2.978
  step 50/1999 best 5.285
  step 100/1999 best 9.021
  step 150/1999 best 14.185
  step 200/1999 best 12.993
  step 250/1999 best 12.387
  step 300/1999 best 13.911
  step 350/1999 best 13.911
  step 400/1999 best 14.219
  step 450/1999 best 15.260
  step 500/1999 best 15.515
  step 550/1999 best 15.944
  step 600/1999 best 15.827
  step 650/1999 best 15.918
  step 700/1999 best 15.863
  step 750/1999 best 15.954
  step 800/1999 best 16.130
  step 850/1999 best 16.344
  step 900/1999 best 16.283
  step 950/1999 best 16.310
  step 1000/1999 best 16.169
  step 1050/1999 best 16.199
  step 1100/1999 best 16.162
  step 1150/1999 best 15.839
  step 1200/1999 best 16.316
  step 1250/1999 best 15.950
  step 1300/1999 best 16.023
  step 1350/1999 best 16.216
  step 1400/1999 best 16.144
  step 1450/1999 best 16.135
  step 1500/1999 best 16.072
  step 1550/1999 best 16.137
  step 1600/1999 best 16.083
  step 1650/1999 best 16.138
  step 1700/1999 best 16.170
  step 1750/1999 best 16.104
  step 1800/1999 best 16.103
  step 1850/1999 best 15.971
  step 1900/1999 best 16.166
  step 1950/1999 best 16.134
saved SBC_CHAINS_cnn_vmim__n1_seed_s1_sim1447_row1229505_noise2789_2968_3147 (240000, 4) acc=0.296
  step 0/1999 best -12.028
  step 50/1999 best 5.056
  step 100/1999 best 6.774
  step 150/1999 best 10.502
  step 200/1999 best 11.172
  step 250/1999 best 11.655
  step 300/1999 best 12.765
  step 350/1999 best 12.765
  step 400/1999 best 13.147
  step 450/1999 best 14.655
  step 500/1999 best 13.826
  step 550/1999 best 15.690
  step 600/1999 best 16.350
  step 650/1999 best 15.381
  step 700/1999 best 16.519
  step 750/1999 best 16.387
  step 800/1999 best 16.056
  step 850/1999 best 16.017
  step 900/1999 best 15.879
  step 950/1999 best 16.685
  step 1000/1999 best 16.583
  step 1050/1999 best 16.451
  step 1100/1999 best 16.325
  step 1150/1999 best 16.467
  step 1200/1999 best 16.464
  step 1250/1999 best 16.365
  step 1300/1999 best 16.425
  step 1350/1999 best 16.389
  step 1400/1999 best 16.433
  step 1450/1999 best 16.581
  step 1500/1999 best 16.618
  step 1550/1999 best 16.723
  step 1600/1999 best 16.665
  step 1650/1999 best 16.440
  step 1700/1999 best 16.592
  step 1750/1999 best 16.450
  step 1800/1999 best 16.188
  step 1850/1999 best 16.505
  step 1900/1999 best 16.411
  step 1950/1999 best 16.637
saved SBC_CHAINS_cnn_vmim__n1_seed_s1_sim355_row341343_noise1535_1714_1893 (240000, 4) acc=0.272
  step 0/1999 best -11.369
  step 50/1999 best 9.697
  step 100/1999 best 13.426
  step 150/1999 best 12.587
  step 200/1999 best 12.319
  step 250/1999 best 12.712
  step 300/1999 best 13.986
  step 350/1999 best 14.890
  step 400/1999 best 15.456
  step 450/1999 best 15.071
  step 500/1999 best 15.218
  step 550/1999 best 15.260
  step 600/1999 best 15.200
  step 650/1999 best 15.473
  step 700/1999 best 15.503
  step 750/1999 best 15.564
  step 800/1999 best 15.611
  step 850/1999 best 15.203
  step 900/1999 best 15.606
  step 950/1999 best 15.400
  step 1000/1999 best 15.588
  step 1050/1999 best 15.538
  step 1100/1999 best 15.520
  step 1150/1999 best 15.559
  step 1200/1999 best 15.186
  step 1250/1999 best 15.356
  step 1300/1999 best 15.358
  step 1350/1999 best 15.530
  step 1400/1999 best 15.522
  step 1450/1999 best 15.442
  step 1500/1999 best 15.265
  step 1550/1999 best 15.621
  step 1600/1999 best 15.611
  step 1650/1999 best 15.524
  step 1700/1999 best 15.402
  step 1750/1999 best 15.222
  step 1800/1999 best 15.596
  step 1850/1999 best 15.472
  step 1900/1999 best 15.423
  step 1950/1999 best 15.504
saved SBC_CHAINS_cnn_vmim__n1_seed_s1_sim716_row665465_noise8849_9028_9207 (240000, 4) acc=0.197
  step 0/1999 best -16.825
  step 50/1999 best 8.268
  step 100/1999 best 8.514
  step 150/1999 best 8.382
  step 200/1999 best 10.879
  step 250/1999 best 12.693
  step 300/1999 best 14.796
  step 350/1999 best 14.687
  step 400/1999 best 14.640
  step 450/1999 best 15.196
  step 500/1999 best 15.208
  step 550/1999 best 15.716
  step 600/1999 best 15.716
  step 650/1999 best 15.216
  step 700/1999 best 15.772
  step 750/1999 best 15.567
  step 800/1999 best 15.310
  step 850/1999 best 15.510
  step 900/1999 best 15.688
  step 950/1999 best 15.582
  step 1000/1999 best 15.728
  step 1050/1999 best 15.685
  step 1100/1999 best 15.361
  step 1150/1999 best 15.779
  step 1200/1999 best 15.387
  step 1250/1999 best 15.765
  step 1300/1999 best 15.707
  step 1350/1999 best 15.525
  step 1400/1999 best 15.909
  step 1450/1999 best 15.829
  step 1500/1999 best 15.548
  step 1550/1999 best 15.812
  step 1600/1999 best 15.852
  step 1650/1999 best 15.793
  step 1700/1999 best 15.706
  step 1750/1999 best 15.604
  step 1800/1999 best 15.963
  step 1850/1999 best 15.789
  step 1900/1999 best 15.619
  step 1950/1999 best 15.731
saved SBC_CHAINS_cnn_vmim__n1_seed_s1_sim1460_row1242191_noise5647_5826_6005 (240000, 4) acc=0.312
  step 0/1999 best -12.282
  step 50/1999 best -1.903
  step 100/1999 best -0.889
  step 150/1999 best -0.943
  step 200/1999 best -0.138
  step 250/1999 best 0.446
  step 300/1999 best 0.446
  step 350/1999 best 0.446
  step 400/1999 best 5.546
  step 450/1999 best 4.821
  step 500/1999 best 7.437
  step 550/1999 best 7.437
  step 600/1999 best 7.437
  step 650/1999 best 9.650
  step 700/1999 best 8.730
  step 750/1999 best 10.739
  step 800/1999 best 11.944
  step 850/1999 best 11.944
  step 900/1999 best 12.787
  step 950/1999 best 12.336
  step 1000/1999 best 11.717
  step 1050/1999 best 12.822
  step 1100/1999 best 11.717
  step 1150/1999 best 13.010
  step 1200/1999 best 13.010
  step 1250/1999 best 13.010
  step 1300/1999 best 15.629
  step 1350/1999 best 13.458
  step 1400/1999 best 15.829
  step 1450/1999 best 15.919
  step 1500/1999 best 15.919
  step 1550/1999 best 15.834
  step 1600/1999 best 16.674
  step 1650/1999 best 16.428
  step 1700/1999 best 17.103
  step 1750/1999 best 16.881
  step 1800/1999 best 17.411
  step 1850/1999 best 17.411
  step 1900/1999 best 17.417
  step 1950/1999 best 16.815
saved SBC_CHAINS_cnn_vmim__n1_seed_s1_sim333_row319930_noise9606_9785_136 (240000, 4) acc=0.180
  step 0/1999 best -11.785
  step 50/1999 best -2.672
  step 100/1999 best -1.347
  step 150/1999 best 3.332
  step 200/1999 best 3.367
  step 250/1999 best 11.541
  step 300/1999 best 11.826
  step 350/1999 best 14.947
  step 400/1999 best 15.250
  step 450/1999 best 15.518
  step 500/1999 best 15.418
  step 550/1999 best 16.106
  step 600/1999 best 15.942
  step 650/1999 best 16.078
  step 700/1999 best 15.720
  step 750/1999 best 16.020
  step 800/1999 best 16.211
  step 850/1999 best 15.869
  step 900/1999 best 16.120
  step 950/1999 best 16.120
  step 1000/1999 best 15.763
  step 1050/1999 best 16.168
  step 1100/1999 best 16.010
  step 1150/1999 best 16.058
  step 1200/1999 best 16.043
  step 1250/1999 best 15.906
  step 1300/1999 best 16.030
  step 1350/1999 best 15.814
  step 1400/1999 best 16.078
  step 1450/1999 best 16.105
  step 1500/1999 best 15.960
  step 1550/1999 best 16.041
  step 1600/1999 best 15.875
  step 1650/1999 best 16.041
  step 1700/1999 best 16.161
  step 1750/1999 best 16.027
  step 1800/1999 best 15.882
  step 1850/1999 best 15.967
  step 1900/1999 best 16.171
  step 1950/1999 best 16.167
saved SBC_CHAINS_cnn_vmim__n1_seed_s1_sim2366_row1965864_noise8144_8323_8502 (240000, 4) acc=0.128
  step 0/1999 best -18.469
  step 50/1999 best 13.133
  step 100/1999 best 15.503
  step 150/1999 best 16.321
  step 200/1999 best 16.046
  step 250/1999 best 16.177
  step 300/1999 best 16.369
  step 350/1999 best 16.255
  step 400/1999 best 16.217
  step 450/1999 best 16.193
  step 500/1999 best 16.336
  step 550/1999 best 16.293
  step 600/1999 best 16.376
  step 650/1999 best 16.409
  step 700/1999 best 16.345
  step 750/1999 best 16.393
  step 800/1999 best 16.333
  step 850/1999 best 16.339
  step 900/1999 best 16.281
  step 950/1999 best 16.302
  step 1000/1999 best 16.328
  step 1050/1999 best 16.246
  step 1100/1999 best 16.349
  step 1150/1999 best 16.300
  step 1200/1999 best 16.288
  step 1250/1999 best 16.402
  step 1300/1999 best 16.318
  step 1350/1999 best 16.416
  step 1400/1999 best 16.406
  step 1450/1999 best 16.356
  step 1500/1999 best 16.325
  step 1550/1999 best 16.408
  step 1600/1999 best 16.422
  step 1650/1999 best 16.328
  step 1700/1999 best 16.346
  step 1750/1999 best 16.167
  step 1800/1999 best 16.340
  step 1850/1999 best 16.255
  step 1900/1999 best 16.367
  step 1950/1999 best 16.387
saved SBC_CHAINS_cnn_vmim__n1_seed_s1_sim741_row690167_noise4067_4246_4425 (240000, 4) acc=0.291
  step 0/1999 best -17.289
  step 50/1999 best -6.047
  step 100/1999 best 2.060
  step 150/1999 best 2.060
  step 200/1999 best 3.047
  step 250/1999 best 2.060
  step 300/1999 best 2.422
  step 350/1999 best 3.850
  step 400/1999 best 5.419
  step 450/1999 best 6.924
  step 500/1999 best 8.006
  step 550/1999 best 8.006
  step 600/1999 best 10.047
  step 650/1999 best 12.909
  step 700/1999 best 12.624
  step 750/1999 best 12.932
  step 800/1999 best 13.271
  step 850/1999 best 13.336
  step 900/1999 best 13.336
  step 950/1999 best 13.694
  step 1000/1999 best 14.717
  step 1050/1999 best 14.778
  step 1100/1999 best 14.164
  step 1150/1999 best 14.163
  step 1200/1999 best 14.412
  step 1250/1999 best 14.749
  step 1300/1999 best 14.508
  step 1350/1999 best 14.478
  step 1400/1999 best 14.064
  step 1450/1999 best 14.696
  step 1500/1999 best 14.355
  step 1550/1999 best 14.114
  step 1600/1999 best 14.569
  step 1650/1999 best 14.513
  step 1700/1999 best 13.742
  step 1750/1999 best 14.505
  step 1800/1999 best 14.971
  step 1850/1999 best 14.802
  step 1900/1999 best 14.723
  step 1950/1999 best 14.672
saved SBC_CHAINS_cnn_vmim__n1_seed_s1_sim2510_row2109524_noise4384_4563_4742 (240000, 4) acc=0.235
  step 0/1999 best -12.150
  step 50/1999 best -3.546
  step 100/1999 best -3.081
  step 150/1999 best -3.165
  step 200/1999 best -2.616
  step 250/1999 best -0.095
  step 300/1999 best 3.268
  step 350/1999 best 4.652
  step 400/1999 best 4.804
  step 450/1999 best 8.252
  step 500/1999 best 8.723
  step 550/1999 best 9.803
  step 600/1999 best 11.049
  step 650/1999 best 10.941
  step 700/1999 best 11.028
  step 750/1999 best 14.478
  step 800/1999 best 13.977
  step 850/1999 best 14.910
  step 900/1999 best 15.070
  step 950/1999 best 15.728
  step 1000/1999 best 15.714
  step 1050/1999 best 15.951
  step 1100/1999 best 15.507
  step 1150/1999 best 15.801
  step 1200/1999 best 15.700
  step 1250/1999 best 15.475
  step 1300/1999 best 15.920
  step 1350/1999 best 15.813
  step 1400/1999 best 15.668
  step 1450/1999 best 15.813
  step 1500/1999 best 15.805
  step 1550/1999 best 15.453
  step 1600/1999 best 15.864
  step 1650/1999 best 15.493
  step 1700/1999 best 15.794
  step 1750/1999 best 15.760
  step 1800/1999 best 15.434
  step 1850/1999 best 15.621
  step 1900/1999 best 15.905
  step 1950/1999 best 15.615
saved SBC_CHAINS_cnn_vmim__n1_seed_s1_sim2439_row2038247_noise1903_2082_2261 (240000, 4) acc=0.189
  step 0/1999 best -9.053
  step 50/1999 best -1.154
  step 100/1999 best 3.462
  step 150/1999 best 6.708
  step 200/1999 best 11.281
  step 250/1999 best 11.281
  step 300/1999 best 11.659
  step 350/1999 best 10.842
  step 400/1999 best 13.724
  step 450/1999 best 15.503
  step 500/1999 best 15.356
  step 550/1999 best 15.620
  step 600/1999 best 15.401
  step 650/1999 best 15.590
  step 700/1999 best 15.734
  step 750/1999 best 15.391
  step 800/1999 best 15.489
  step 850/1999 best 15.687
  step 900/1999 best 15.639
  step 950/1999 best 15.786
  step 1000/1999 best 15.700
  step 1050/1999 best 15.857
  step 1100/1999 best 15.853
  step 1150/1999 best 15.749
  step 1200/1999 best 15.666
  step 1250/1999 best 15.383
  step 1300/1999 best 15.769
  step 1350/1999 best 15.683
  step 1400/1999 best 15.672
  step 1450/1999 best 15.718
  step 1500/1999 best 15.756
  step 1550/1999 best 15.740
  step 1600/1999 best 15.822
  step 1650/1999 best 15.834
  step 1700/1999 best 15.744
  step 1750/1999 best 15.661
  step 1800/1999 best 15.670
  step 1850/1999 best 15.717
  step 1900/1999 best 15.783
  step 1950/1999 best 15.708
saved SBC_CHAINS_cnn_vmim__n1_seed_s1_sim439_row417748_noise7316_7495_7674 (240000, 4) acc=0.320
  step 0/1999 best -14.525
  step 50/1999 best 4.917
  step 100/1999 best 11.293
  step 150/1999 best 10.808
  step 200/1999 best 11.332
  step 250/1999 best 11.426
  step 300/1999 best 11.470
  step 350/1999 best 11.335
  step 400/1999 best 11.552
  step 450/1999 best 11.545
  step 500/1999 best 11.464
  step 550/1999 best 11.598
  step 600/1999 best 11.189
  step 650/1999 best 11.418
  step 700/1999 best 11.562
  step 750/1999 best 11.423
  step 800/1999 best 11.430
  step 850/1999 best 11.451
  step 900/1999 best 11.579
  step 950/1999 best 11.501
  step 1000/1999 best 11.121
  step 1050/1999 best 11.437
  step 1100/1999 best 11.326
  step 1150/1999 best 11.577
  step 1200/1999 best 11.446
  step 1250/1999 best 11.404
  step 1300/1999 best 11.552
  step 1350/1999 best 11.461
  step 1400/1999 best 11.512
  step 1450/1999 best 11.540
  step 1500/1999 best 11.401
  step 1550/1999 best 11.310
  step 1600/1999 best 11.507
  step 1650/1999 best 11.450
  step 1700/1999 best 11.569
  step 1750/1999 best 11.561
  step 1800/1999 best 11.409
  step 1850/1999 best 11.426
  step 1900/1999 best 11.574
  step 1950/1999 best 11.453
saved SBC_CHAINS_cnn_vmim__n1_seed_s1_sim919_row868303_noise5299_5478_5657 (240000, 4) acc=0.192
  step 0/1999 best -15.383
  step 50/1999 best 2.195
  step 100/1999 best 8.877
  step 150/1999 best 8.373
  step 200/1999 best 8.429
  step 250/1999 best 9.470
  step 300/1999 best 13.189
  step 350/1999 best 13.943
  step 400/1999 best 14.034
  step 450/1999 best 13.597
  step 500/1999 best 14.356
  step 550/1999 best 14.242
  step 600/1999 best 14.257
  step 650/1999 best 14.487
  step 700/1999 best 14.324
  step 750/1999 best 14.380
  step 800/1999 best 14.034
  step 850/1999 best 14.431
  step 900/1999 best 14.228
  step 950/1999 best 14.394
  step 1000/1999 best 14.511
  step 1050/1999 best 14.200
  step 1100/1999 best 14.322
  step 1150/1999 best 14.269
  step 1200/1999 best 14.268
  step 1250/1999 best 14.285
  step 1300/1999 best 14.175
  step 1350/1999 best 13.934
  step 1400/1999 best 14.270
  step 1450/1999 best 14.466
  step 1500/1999 best 14.320
  step 1550/1999 best 13.963
  step 1600/1999 best 14.241
  step 1650/1999 best 14.538
  step 1700/1999 best 14.008
  step 1750/1999 best 14.297
  step 1800/1999 best 14.398
  step 1850/1999 best 14.267
  step 1900/1999 best 14.409
  step 1950/1999 best 14.371
saved SBC_CHAINS_cnn_vmim__n1_seed_s1_sim1000_row946749_noise8121_8300_8479 (240000, 4) acc=0.239
  step 0/1999 best -16.579
  step 50/1999 best 2.438
  step 100/1999 best 5.316
  step 150/1999 best 3.472
  step 200/1999 best 11.500
  step 250/1999 best 11.500
  step 300/1999 best 11.002
  step 350/1999 best 14.008
  step 400/1999 best 13.615
  step 450/1999 best 14.044
  step 500/1999 best 13.770
  step 550/1999 best 13.845
  step 600/1999 best 13.679
  step 650/1999 best 13.617
  step 700/1999 best 13.346
  step 750/1999 best 13.667
  step 800/1999 best 13.831
  step 850/1999 best 14.313
  step 900/1999 best 14.026
  step 950/1999 best 13.857
  step 1000/1999 best 14.310
  step 1050/1999 best 13.884
  step 1100/1999 best 14.100
  step 1150/1999 best 14.192
  step 1200/1999 best 13.821
  step 1250/1999 best 14.266
  step 1300/1999 best 14.182
  step 1350/1999 best 14.092
  step 1400/1999 best 14.143
  step 1450/1999 best 13.847
  step 1500/1999 best 14.204
  step 1550/1999 best 14.199
  step 1600/1999 best 14.139
  step 1650/1999 best 13.960
  step 1700/1999 best 14.212
  step 1750/1999 best 14.115
  step 1800/1999 best 14.135
  step 1850/1999 best 13.925
  step 1900/1999 best 14.067
  step 1950/1999 best 14.031
saved SBC_CHAINS_cnn_vmim__n1_seed_s1_sim2545_row2144004_noise9380_9559_9738 (240000, 4) acc=0.212
  step 0/1999 best -6.205
  step 50/1999 best -3.617
  step 100/1999 best 7.551
  step 150/1999 best 9.281
  step 200/1999 best 12.524
  step 250/1999 best 13.595
  step 300/1999 best 15.949
  step 350/1999 best 15.949
  step 400/1999 best 15.578
  step 450/1999 best 16.005
  step 500/1999 best 16.185
  step 550/1999 best 16.002
  step 600/1999 best 15.430
  step 650/1999 best 16.041
  step 700/1999 best 16.379
  step 750/1999 best 15.833
  step 800/1999 best 15.374
  step 850/1999 best 16.008
  step 900/1999 best 16.192
  step 950/1999 best 16.233
  step 1000/1999 best 15.659
  step 1050/1999 best 16.159
  step 1100/1999 best 15.962
  step 1150/1999 best 15.734
  step 1200/1999 best 16.127
  step 1250/1999 best 16.066
  step 1300/1999 best 15.547
  step 1350/1999 best 16.197
  step 1400/1999 best 16.322
  step 1450/1999 best 16.171
  step 1500/1999 best 16.157
  step 1550/1999 best 16.296
  step 1600/1999 best 16.380
  step 1650/1999 best 16.104
  step 1700/1999 best 15.805
  step 1750/1999 best 16.254
  step 1800/1999 best 16.081
  step 1850/1999 best 16.419
  step 1900/1999 best 15.679
  step 1950/1999 best 16.183
saved SBC_CHAINS_cnn_vmim__n1_seed_s1_sim2446_row2045877_noise9533_9712_63 (240000, 4) acc=0.157
  step 0/1999 best -10.985
  step 50/1999 best 3.701
  step 100/1999 best 4.867
  step 150/1999 best 14.264
  step 200/1999 best 14.368
  step 250/1999 best 15.848
  step 300/1999 best 16.612
  step 350/1999 best 16.377
  step 400/1999 best 16.468
  step 450/1999 best 16.211
  step 500/1999 best 16.192
  step 550/1999 best 15.998
  step 600/1999 best 16.654
  step 650/1999 best 16.564
  step 700/1999 best 16.369
  step 750/1999 best 16.505
  step 800/1999 best 16.577
  step 850/1999 best 16.626
  step 900/1999 best 16.694
  step 950/1999 best 16.686
  step 1000/1999 best 16.753
  step 1050/1999 best 16.514
  step 1100/1999 best 16.725
  step 1150/1999 best 16.636
  step 1200/1999 best 16.435
  step 1250/1999 best 16.726
  step 1300/1999 best 16.493
  step 1350/1999 best 16.545
  step 1400/1999 best 16.659
  step 1450/1999 best 16.600
  step 1500/1999 best 16.531
  step 1550/1999 best 16.721
  step 1600/1999 best 16.639
  step 1650/1999 best 16.497
  step 1700/1999 best 16.573
  step 1750/1999 best 16.642
  step 1800/1999 best 16.650
  step 1850/1999 best 16.524
  step 1900/1999 best 16.624
  step 1950/1999 best 16.485
saved SBC_CHAINS_cnn_vmim__n1_seed_s1_sim2386_row1985845_noise8469_8648_8827 (240000, 4) acc=0.156
  step 0/1999 best -9.486
  step 50/1999 best 0.760
  step 100/1999 best 5.077
  step 150/1999 best 7.930
  step 200/1999 best 7.930
  step 250/1999 best 13.415
  step 300/1999 best 15.172
  step 350/1999 best 16.181
  step 400/1999 best 15.933
  step 450/1999 best 16.084
  step 500/1999 best 16.125
  step 550/1999 best 16.159
  step 600/1999 best 16.258
  step 650/1999 best 16.164
  step 700/1999 best 16.223
  step 750/1999 best 16.282
  step 800/1999 best 16.255
  step 850/1999 best 15.921
  step 900/1999 best 16.175
  step 950/1999 best 16.298
  step 1000/1999 best 16.280
  step 1050/1999 best 16.168
  step 1100/1999 best 16.263
  step 1150/1999 best 16.117
  step 1200/1999 best 16.252
  step 1250/1999 best 16.374
  step 1300/1999 best 16.047
  step 1350/1999 best 16.370
  step 1400/1999 best 16.131
  step 1450/1999 best 16.278
  step 1500/1999 best 16.313
  step 1550/1999 best 16.173
  step 1600/1999 best 16.184
  step 1650/1999 best 16.323
  step 1700/1999 best 16.314
  step 1750/1999 best 16.327
  step 1800/1999 best 16.223
  step 1850/1999 best 16.341
  step 1900/1999 best 16.273
  step 1950/1999 best 16.122
saved SBC_CHAINS_cnn_vmim__n1_seed_s1_sim2385_row1984016_noise6640_6819_6998 (240000, 4) acc=0.159
  step 0/1999 best -14.805
  step 50/1999 best -4.353
  step 100/1999 best 5.684
  step 150/1999 best 8.791
  step 200/1999 best 11.809
  step 250/1999 best 12.355
  step 300/1999 best 12.987
  step 350/1999 best 13.063
  step 400/1999 best 13.112
  step 450/1999 best 13.134
  step 500/1999 best 13.120
  step 550/1999 best 13.152
  step 600/1999 best 13.134
  step 650/1999 best 12.897
  step 700/1999 best 12.942
  step 750/1999 best 13.199
  step 800/1999 best 13.017
  step 850/1999 best 13.256
  step 900/1999 best 13.192
  step 950/1999 best 13.104
  step 1000/1999 best 13.173
  step 1050/1999 best 13.198
  step 1100/1999 best 12.947
  step 1150/1999 best 13.027
  step 1200/1999 best 13.116
  step 1250/1999 best 13.112
  step 1300/1999 best 13.157
  step 1350/1999 best 12.983
  step 1400/1999 best 13.177
  step 1450/1999 best 13.104
  step 1500/1999 best 13.134
  step 1550/1999 best 13.124
  step 1600/1999 best 13.206
  step 1650/1999 best 13.191
  step 1700/1999 best 13.122
  step 1750/1999 best 13.096
  step 1800/1999 best 13.112
  step 1850/1999 best 13.182
  step 1900/1999 best 13.131
  step 1950/1999 best 13.124
saved SBC_CHAINS_cnn_vmim__n1_seed_s1_sim2906_row2501227_noise6967_7146_7325 (240000, 4) acc=0.258
  step 0/1999 best -16.754
  step 50/1999 best -5.496
  step 100/1999 best 4.083
  step 150/1999 best 10.559
  step 200/1999 best 9.416
  step 250/1999 best 12.608
  step 300/1999 best 14.660
  step 350/1999 best 15.436
  step 400/1999 best 15.483
  step 450/1999 best 15.297
  step 500/1999 best 15.877
  step 550/1999 best 15.569
  step 600/1999 best 15.826
  step 650/1999 best 15.911
  step 700/1999 best 15.805
  step 750/1999 best 15.688
  step 800/1999 best 15.675
  step 850/1999 best 15.989
  step 900/1999 best 15.964
  step 950/1999 best 15.970
  step 1000/1999 best 16.055
  step 1050/1999 best 15.905
  step 1100/1999 best 15.786
  step 1150/1999 best 15.832
  step 1200/1999 best 15.843
  step 1250/1999 best 15.878
  step 1300/1999 best 15.920
  step 1350/1999 best 15.808
  step 1400/1999 best 15.777
  step 1450/1999 best 15.822
  step 1500/1999 best 15.903
  step 1550/1999 best 15.957
  step 1600/1999 best 15.786
  step 1650/1999 best 15.991
  step 1700/1999 best 15.818
  step 1750/1999 best 15.794
  step 1800/1999 best 15.993
  step 1850/1999 best 15.910
  step 1900/1999 best 15.851
  step 1950/1999 best 15.985
saved SBC_CHAINS_cnn_vmim__n1_seed_s1_sim717_row666868_noise424_603_782 (240000, 4) acc=0.234
  step 0/1999 best -6.816
  step 50/1999 best -1.123
  step 100/1999 best 3.228
  step 150/1999 best 9.068
  step 200/1999 best 13.274
  step 250/1999 best 14.725
  step 300/1999 best 14.725
  step 350/1999 best 16.342
  step 400/1999 best 16.491
  step 450/1999 best 16.456
  step 500/1999 best 16.467
  step 550/1999 best 16.288
  step 600/1999 best 16.186
  step 650/1999 best 16.734
  step 700/1999 best 16.662
  step 750/1999 best 16.985
  step 800/1999 best 16.739
  step 850/1999 best 16.904
  step 900/1999 best 16.728
  step 950/1999 best 16.608
  step 1000/1999 best 16.249
  step 1050/1999 best 16.865
  step 1100/1999 best 17.002
  step 1150/1999 best 16.872
  step 1200/1999 best 16.778
  step 1250/1999 best 16.321
  step 1300/1999 best 16.645
  step 1350/1999 best 16.520
  step 1400/1999 best 16.844
  step 1450/1999 best 16.808
  step 1500/1999 best 16.825
  step 1550/1999 best 16.823
  step 1600/1999 best 16.665
  step 1650/1999 best 16.907
  step 1700/1999 best 16.897
  step 1750/1999 best 16.653
  step 1800/1999 best 16.744
  step 1850/1999 best 16.490
  step 1900/1999 best 16.835
  step 1950/1999 best 16.689
saved SBC_CHAINS_cnn_vmim__n1_seed_s1_sim2060_row1670556_noise6504_6683_6862 (240000, 4) acc=0.219
  step 0/1999 best -10.453
  step 50/1999 best -4.499
  step 100/1999 best 4.849
  step 150/1999 best 7.292
  step 200/1999 best 8.591
  step 250/1999 best 9.073
  step 300/1999 best 9.351
  step 350/1999 best 14.031
  step 400/1999 best 15.222
  step 450/1999 best 15.721
  step 500/1999 best 15.397
  step 550/1999 best 15.273
  step 600/1999 best 15.647
  step 650/1999 best 15.906
  step 700/1999 best 15.999
  step 750/1999 best 15.741
  step 800/1999 best 15.875
  step 850/1999 best 15.839
  step 900/1999 best 15.876
  step 950/1999 best 15.823
  step 1000/1999 best 15.409
  step 1050/1999 best 15.876
  step 1100/1999 best 15.357
  step 1150/1999 best 15.435
  step 1200/1999 best 15.534
  step 1250/1999 best 15.678
  step 1300/1999 best 16.063
  step 1350/1999 best 15.969
  step 1400/1999 best 15.697
  step 1450/1999 best 15.850
  step 1500/1999 best 16.022
  step 1550/1999 best 15.790
  step 1600/1999 best 15.860
  step 1650/1999 best 15.940
  step 1700/1999 best 15.819
  step 1750/1999 best 15.958
  step 1800/1999 best 15.768
  step 1850/1999 best 15.428
  step 1900/1999 best 15.919
  step 1950/1999 best 15.889
saved SBC_CHAINS_cnn_vmim__n1_seed_s1_sim957_row906839_noise4523_4702_4881 (240000, 4) acc=0.124
  step 0/1999 best -17.119
  step 50/1999 best -1.924
  step 100/1999 best 2.581
  step 150/1999 best 5.251
  step 200/1999 best 5.901
  step 250/1999 best 8.864
  step 300/1999 best 13.578
  step 350/1999 best 13.273
  step 400/1999 best 15.241
  step 450/1999 best 16.045
  step 500/1999 best 16.874
  step 550/1999 best 16.979
  step 600/1999 best 16.257
  step 650/1999 best 16.994
  step 700/1999 best 16.266
  step 750/1999 best 16.612
  step 800/1999 best 16.715
  step 850/1999 best 16.767
  step 900/1999 best 16.717
  step 950/1999 best 16.753
  step 1000/1999 best 17.019
  step 1050/1999 best 17.030
  step 1100/1999 best 16.716
  step 1150/1999 best 16.718
  step 1200/1999 best 16.588
  step 1250/1999 best 16.643
  step 1300/1999 best 16.754
  step 1350/1999 best 16.681
  step 1400/1999 best 16.885
  step 1450/1999 best 16.904
  step 1500/1999 best 16.729
  step 1550/1999 best 17.014
  step 1600/1999 best 16.906
  step 1650/1999 best 16.876
  step 1700/1999 best 16.948
  step 1750/1999 best 16.750
  step 1800/1999 best 16.935
  step 1850/1999 best 16.944
  step 1900/1999 best 16.768
  step 1950/1999 best 17.058
saved SBC_CHAINS_cnn_vmim__n1_seed_s1_sim1738_row1491692_noise8964_9143_9322 (240000, 4) acc=0.183
  step 0/1999 best -25.443
  step 50/1999 best -2.628
  step 100/1999 best -2.909
  step 150/1999 best 0.787
  step 200/1999 best 10.982
  step 250/1999 best 11.314
  step 300/1999 best 12.176
  step 350/1999 best 12.333
  step 400/1999 best 12.122
  step 450/1999 best 12.230
  step 500/1999 best 12.525
  step 550/1999 best 12.532
  step 600/1999 best 12.399
  step 650/1999 best 12.387
  step 700/1999 best 12.275
  step 750/1999 best 12.161
  step 800/1999 best 12.482
  step 850/1999 best 12.444
  step 900/1999 best 12.305
  step 950/1999 best 12.204
  step 1000/1999 best 12.491
  step 1050/1999 best 12.316
  step 1100/1999 best 12.434
  step 1150/1999 best 12.432
  step 1200/1999 best 12.507
  step 1250/1999 best 12.355
  step 1300/1999 best 12.459
  step 1350/1999 best 12.349
  step 1400/1999 best 12.386
  step 1450/1999 best 12.326
  step 1500/1999 best 12.443
  step 1550/1999 best 12.450
  step 1600/1999 best 12.456
  step 1650/1999 best 12.354
  step 1700/1999 best 12.335
  step 1750/1999 best 12.295
  step 1800/1999 best 12.359
  step 1850/1999 best 12.409
  step 1900/1999 best 12.425
  step 1950/1999 best 12.465
saved SBC_CHAINS_cnn_vmim__n1_seed_s1_sim2977_row2572242_noise9186_9365_9544 (240000, 4) acc=0.233
  step 0/1999 best -12.095
  step 50/1999 best 3.168
  step 100/1999 best 2.545
  step 150/1999 best 5.843
  step 200/1999 best 5.950
  step 250/1999 best 8.958
  step 300/1999 best 12.119
  step 350/1999 best 14.570
  step 400/1999 best 12.025
  step 450/1999 best 11.023
  step 500/1999 best 14.022
  step 550/1999 best 14.148
  step 600/1999 best 14.433
  step 650/1999 best 13.917
  step 700/1999 best 15.150
  step 750/1999 best 15.547
  step 800/1999 best 15.606
  step 850/1999 best 15.875
  step 900/1999 best 15.973
  step 950/1999 best 15.807
  step 1000/1999 best 14.499
  step 1050/1999 best 14.408
  step 1100/1999 best 15.714
  step 1150/1999 best 15.683
  step 1200/1999 best 15.703
  step 1250/1999 best 15.683
  step 1300/1999 best 16.017
  step 1350/1999 best 15.911
  step 1400/1999 best 16.155
  step 1450/1999 best 15.960
  step 1500/1999 best 15.805
  step 1550/1999 best 16.136
  step 1600/1999 best 15.767
  step 1650/1999 best 16.112
  step 1700/1999 best 15.288
  step 1750/1999 best 15.954
  step 1800/1999 best 16.100
  step 1850/1999 best 16.063
  step 1900/1999 best 15.695
  step 1950/1999 best 15.963
saved SBC_CHAINS_cnn_vmim__n1_seed_s1_sim2047_row1657428_noise3204_3383_3562 (240000, 4) acc=0.172
  step 0/1999 best -16.589
  step 50/1999 best 6.463
  step 100/1999 best 14.611
  step 150/1999 best 15.598
  step 200/1999 best 15.792
  step 250/1999 best 15.605
  step 300/1999 best 15.942
  step 350/1999 best 15.817
  step 400/1999 best 15.925
  step 450/1999 best 15.747
  step 500/1999 best 15.753
  step 550/1999 best 15.858
  step 600/1999 best 15.754
  step 650/1999 best 15.763
  step 700/1999 best 15.749
  step 750/1999 best 15.877
  step 800/1999 best 15.962
  step 850/1999 best 15.815
  step 900/1999 best 15.820
  step 950/1999 best 15.895
  step 1000/1999 best 15.879
  step 1050/1999 best 15.795
  step 1100/1999 best 15.836
  step 1150/1999 best 15.867
  step 1200/1999 best 15.802
  step 1250/1999 best 15.829
  step 1300/1999 best 15.745
  step 1350/1999 best 15.818
  step 1400/1999 best 15.798
  step 1450/1999 best 15.935
  step 1500/1999 best 15.869
  step 1550/1999 best 15.698
  step 1600/1999 best 15.888
  step 1650/1999 best 15.683
  step 1700/1999 best 15.717
  step 1750/1999 best 15.877
  step 1800/1999 best 15.934
  step 1850/1999 best 15.823
  step 1900/1999 best 15.860
  step 1950/1999 best 15.786
saved SBC_CHAINS_cnn_vmim__n1_seed_s1_sim890_row839550_noise6030_6209_6388 (240000, 4) acc=0.218
  step 0/1999 best -20.630
  step 50/1999 best 0.644
  step 100/1999 best 4.116
  step 150/1999 best 12.367
  step 200/1999 best 15.699
  step 250/1999 best 16.479
  step 300/1999 best 16.016
  step 350/1999 best 16.723
  step 400/1999 best 16.613
  step 450/1999 best 16.687
  step 500/1999 best 16.509
  step 550/1999 best 16.611
  step 600/1999 best 16.621
  step 650/1999 best 16.735
  step 700/1999 best 16.344
  step 750/1999 best 16.672
  step 800/1999 best 16.683
  step 850/1999 best 16.647
  step 900/1999 best 16.409
  step 950/1999 best 16.656
  step 1000/1999 best 16.615
  step 1050/1999 best 16.465
  step 1100/1999 best 16.720
  step 1150/1999 best 16.687
  step 1200/1999 best 16.671
  step 1250/1999 best 16.568
  step 1300/1999 best 16.634
  step 1350/1999 best 16.702
  step 1400/1999 best 16.581
  step 1450/1999 best 16.680
  step 1500/1999 best 16.623
  step 1550/1999 best 16.572
  step 1600/1999 best 16.713
  step 1650/1999 best 16.545
  step 1700/1999 best 16.628
  step 1750/1999 best 16.610
  step 1800/1999 best 16.413
  step 1850/1999 best 16.601
  step 1900/1999 best 16.513
  step 1950/1999 best 16.437
saved SBC_CHAINS_cnn_vmim__n1_seed_s1_sim729_row678272_noise2000_2179_2358 (240000, 4) acc=0.242
  step 0/1999 best -14.345
  step 50/1999 best 1.716
  step 100/1999 best 2.419
  step 150/1999 best 3.540
  step 200/1999 best 5.058
  step 250/1999 best 7.049
  step 300/1999 best 9.742
  step 350/1999 best 13.199
  step 400/1999 best 13.847
  step 450/1999 best 13.597
  step 500/1999 best 13.868
  step 550/1999 best 14.502
  step 600/1999 best 14.406
  step 650/1999 best 14.468
  step 700/1999 best 14.483
  step 750/1999 best 14.210
  step 800/1999 best 14.469
  step 850/1999 best 14.322
  step 900/1999 best 14.255
  step 950/1999 best 14.345
  step 1000/1999 best 14.464
  step 1050/1999 best 14.300
  step 1100/1999 best 14.408
  step 1150/1999 best 14.511
  step 1200/1999 best 14.378
  step 1250/1999 best 14.375
  step 1300/1999 best 14.440
  step 1350/1999 best 14.435
  step 1400/1999 best 14.175
  step 1450/1999 best 14.497
  step 1500/1999 best 14.376
  step 1550/1999 best 14.401
  step 1600/1999 best 14.361
  step 1650/1999 best 14.298
  step 1700/1999 best 14.512
  step 1750/1999 best 14.481
  step 1800/1999 best 14.488
  step 1850/1999 best 14.485
  step 1900/1999 best 14.138
  step 1950/1999 best 14.416
saved SBC_CHAINS_cnn_vmim__n1_seed_s1_sim2389_row1988391_noise1187_1366_1545 (240000, 4) acc=0.191
  step 0/1999 best -10.946
  step 50/1999 best 1.596
  step 100/1999 best 3.438
  step 150/1999 best 9.343
  step 200/1999 best 9.343
  step 250/1999 best 7.988
  step 300/1999 best 10.035
  step 350/1999 best 9.950
  step 400/1999 best 10.226
  step 450/1999 best 10.268
  step 500/1999 best 13.050
  step 550/1999 best 13.424
  step 600/1999 best 14.105
  step 650/1999 best 13.992
  step 700/1999 best 14.961
  step 750/1999 best 14.801
  step 800/1999 best 14.710
  step 850/1999 best 15.089
  step 900/1999 best 15.303
  step 950/1999 best 14.704
  step 1000/1999 best 14.880
  step 1050/1999 best 14.668
  step 1100/1999 best 15.161
  step 1150/1999 best 14.718
  step 1200/1999 best 15.075
  step 1250/1999 best 15.296
  step 1300/1999 best 15.167
  step 1350/1999 best 14.863
  step 1400/1999 best 15.074
  step 1450/1999 best 15.104
  step 1500/1999 best 15.095
  step 1550/1999 best 15.275
  step 1600/1999 best 15.185
  step 1650/1999 best 15.185
  step 1700/1999 best 15.107
  step 1750/1999 best 14.978
  step 1800/1999 best 14.763
  step 1850/1999 best 15.178
  step 1900/1999 best 15.166
  step 1950/1999 best 15.081
saved SBC_CHAINS_cnn_vmim__n1_seed_s1_sim2606_row2205823_noise2403_2582_2761 (240000, 4) acc=0.144
  step 0/1999 best -4.394
  step 50/1999 best 6.202
  step 100/1999 best 15.144
  step 150/1999 best 16.049
  step 200/1999 best 15.821
  step 250/1999 best 16.799
  step 300/1999 best 16.522
  step 350/1999 best 16.688
  step 400/1999 best 16.784
  step 450/1999 best 16.679
  step 500/1999 best 16.499
  step 550/1999 best 16.702
  step 600/1999 best 16.575
  step 650/1999 best 16.199
  step 700/1999 best 16.642
  step 750/1999 best 16.673
  step 800/1999 best 16.642
  step 850/1999 best 16.790
  step 900/1999 best 16.626
  step 950/1999 best 16.788
  step 1000/1999 best 16.738
  step 1050/1999 best 16.646
  step 1100/1999 best 16.468
  step 1150/1999 best 16.820
  step 1200/1999 best 16.833
  step 1250/1999 best 16.621
  step 1300/1999 best 16.680
  step 1350/1999 best 16.885
  step 1400/1999 best 16.770
  step 1450/1999 best 16.800
  step 1500/1999 best 16.795
  step 1550/1999 best 16.777
  step 1600/1999 best 16.454
  step 1650/1999 best 16.699
  step 1700/1999 best 16.819
  step 1750/1999 best 16.801
  step 1800/1999 best 16.699
  step 1850/1999 best 16.853
  step 1900/1999 best 16.725
  step 1950/1999 best 16.791
saved SBC_CHAINS_cnn_vmim__n1_seed_s1_sim1976_row1587530_noise1102_1281_1460 (240000, 4) acc=0.156
  step 0/1999 best -9.747
  step 50/1999 best -4.441
  step 100/1999 best 5.962
  step 150/1999 best 5.962
  step 200/1999 best 10.961
  step 250/1999 best 12.481
  step 300/1999 best 15.598
  step 350/1999 best 14.151
  step 400/1999 best 15.547
  step 450/1999 best 15.760
  step 500/1999 best 15.669
  step 550/1999 best 15.921
  step 600/1999 best 15.581
  step 650/1999 best 16.113
  step 700/1999 best 16.166
  step 750/1999 best 16.121
  step 800/1999 best 16.059
  step 850/1999 best 16.187
  step 900/1999 best 16.147
  step 950/1999 best 16.158
  step 1000/1999 best 16.271
  step 1050/1999 best 16.217
  step 1100/1999 best 16.248
  step 1150/1999 best 16.219
  step 1200/1999 best 16.207
  step 1250/1999 best 16.096
  step 1300/1999 best 16.173
  step 1350/1999 best 16.078
  step 1400/1999 best 16.271
  step 1450/1999 best 16.073
  step 1500/1999 best 16.190
  step 1550/1999 best 16.050
  step 1600/1999 best 16.255
  step 1650/1999 best 16.191
  step 1700/1999 best 16.082
  step 1750/1999 best 16.034
  step 1800/1999 best 16.011
  step 1850/1999 best 16.188
  step 1900/1999 best 16.109
  step 1950/1999 best 16.124
saved SBC_CHAINS_cnn_vmim__n1_seed_s1_sim880_row829089_noise5397_5576_5755 (240000, 4) acc=0.153
  step 0/1999 best -6.954
  step 50/1999 best 2.131
  step 100/1999 best 8.906
  step 150/1999 best 8.906
  step 200/1999 best 8.906
  step 250/1999 best 8.254
  step 300/1999 best 8.096
  step 350/1999 best 7.059
  step 400/1999 best 9.024
  step 450/1999 best 8.643
  step 500/1999 best 8.814
  step 550/1999 best 10.030
  step 600/1999 best 10.424
  step 650/1999 best 13.990
  step 700/1999 best 13.315
  step 750/1999 best 13.738
  step 800/1999 best 14.191
  step 850/1999 best 13.586
  step 900/1999 best 16.142
  step 950/1999 best 16.017
  step 1000/1999 best 16.851
  step 1050/1999 best 17.133
  step 1100/1999 best 16.249
  step 1150/1999 best 17.655
  step 1200/1999 best 17.206
  step 1250/1999 best 16.577
  step 1300/1999 best 17.762
  step 1350/1999 best 17.762
  step 1400/1999 best 17.966
  step 1450/1999 best 17.249
  step 1500/1999 best 17.085
  step 1550/1999 best 17.799
  step 1600/1999 best 17.384
  step 1650/1999 best 17.552
  step 1700/1999 best 17.497
  step 1750/1999 best 17.564
  step 1800/1999 best 17.809
  step 1850/1999 best 17.035
  step 1900/1999 best 17.198
  step 1950/1999 best 17.843
saved SBC_CHAINS_cnn_vmim__n1_seed_s1_sim176_row167331_noise9255_9434_9613 (240000, 4) acc=0.189
  step 0/1999 best -15.929
  step 50/1999 best 1.401
  step 100/1999 best 11.587
  step 150/1999 best 13.514
  step 200/1999 best 17.125
  step 250/1999 best 17.910
  step 300/1999 best 16.265
  step 350/1999 best 17.783
  step 400/1999 best 17.590
  step 450/1999 best 17.945
  step 500/1999 best 18.053
  step 550/1999 best 17.782
  step 600/1999 best 18.065
  step 650/1999 best 18.066
  step 700/1999 best 18.062
  step 750/1999 best 18.064
  step 800/1999 best 18.075
  step 850/1999 best 18.028
  step 900/1999 best 17.956
  step 950/1999 best 18.029
  step 1000/1999 best 17.972
  step 1050/1999 best 18.105
  step 1100/1999 best 17.845
  step 1150/1999 best 18.021
  step 1200/1999 best 17.951
  step 1250/1999 best 17.940
  step 1300/1999 best 17.923
  step 1350/1999 best 17.982
  step 1400/1999 best 18.017
  step 1450/1999 best 17.995
  step 1500/1999 best 18.064
  step 1550/1999 best 18.108
  step 1600/1999 best 17.978
  step 1650/1999 best 18.099
  step 1700/1999 best 17.998
  step 1750/1999 best 18.017
  step 1800/1999 best 17.890
  step 1850/1999 best 17.999
  step 1900/1999 best 18.001
  step 1950/1999 best 18.048
saved SBC_CHAINS_cnn_vmim__n1_seed_s1_sim1210_row1028457_noise1613_1792_1971 (240000, 4) acc=0.242
  step 0/1999 best -14.420
  step 50/1999 best 6.060
  step 100/1999 best 6.062
  step 150/1999 best 9.786
  step 200/1999 best 16.342
  step 250/1999 best 16.361
  step 300/1999 best 16.567
  step 350/1999 best 16.587
  step 400/1999 best 16.670
  step 450/1999 best 16.696
  step 500/1999 best 16.796
  step 550/1999 best 16.960
  step 600/1999 best 16.758
  step 650/1999 best 16.681
  step 700/1999 best 16.765
  step 750/1999 best 16.704
  step 800/1999 best 16.833
  step 850/1999 best 16.925
  step 900/1999 best 16.855
  step 950/1999 best 16.817
  step 1000/1999 best 16.705
  step 1050/1999 best 16.771
  step 1100/1999 best 16.934
  step 1150/1999 best 16.788
  step 1200/1999 best 16.884
  step 1250/1999 best 16.799
  step 1300/1999 best 16.812
  step 1350/1999 best 16.937
  step 1400/1999 best 16.815
  step 1450/1999 best 16.946
  step 1500/1999 best 16.911
  step 1550/1999 best 16.837
  step 1600/1999 best 16.718
  step 1650/1999 best 16.722
  step 1700/1999 best 16.987
  step 1750/1999 best 16.761
  step 1800/1999 best 16.790
  step 1850/1999 best 16.837
  step 1900/1999 best 16.881
  step 1950/1999 best 16.927
saved SBC_CHAINS_cnn_vmim__n1_seed_s1_sim892_row841893_noise8373_8552_8731 (240000, 4) acc=0.176
  step 0/1999 best -13.998
  step 50/1999 best 9.598
  step 100/1999 best 13.148
  step 150/1999 best 12.787
  step 200/1999 best 13.720
  step 250/1999 best 13.887
  step 300/1999 best 13.758
  step 350/1999 best 13.996
  step 400/1999 best 14.120
  step 450/1999 best 14.143
  step 500/1999 best 14.115
  step 550/1999 best 14.070
  step 600/1999 best 14.146
  step 650/1999 best 14.148
  step 700/1999 best 14.175
  step 750/1999 best 14.084
  step 800/1999 best 14.022
  step 850/1999 best 14.028
  step 900/1999 best 13.968
  step 950/1999 best 14.062
  step 1000/1999 best 14.082
  step 1050/1999 best 14.111
  step 1100/1999 best 14.172
  step 1150/1999 best 13.985
  step 1200/1999 best 14.119
  step 1250/1999 best 13.847
  step 1300/1999 best 14.088
  step 1350/1999 best 14.032
  step 1400/1999 best 13.867
  step 1450/1999 best 14.059
  step 1500/1999 best 14.001
  step 1550/1999 best 14.129
  step 1600/1999 best 14.118
  step 1650/1999 best 14.058
  step 1700/1999 best 14.091
  step 1750/1999 best 13.977
  step 1800/1999 best 14.003
  step 1850/1999 best 14.126
  step 1900/1999 best 14.099
  step 1950/1999 best 14.007
saved SBC_CHAINS_cnn_vmim__n1_seed_s1_sim823_row772704_noise7980_8159_8338 (240000, 4) acc=0.237
  step 0/1999 best -1.447
  step 50/1999 best 0.312
  step 100/1999 best 0.901
  step 150/1999 best 4.960
  step 200/1999 best 4.578
  step 250/1999 best 4.578
  step 300/1999 best 4.973
  step 350/1999 best 8.344
  step 400/1999 best 7.997
  step 450/1999 best 8.974
  step 500/1999 best 10.454
  step 550/1999 best 11.073
  step 600/1999 best 12.556
  step 650/1999 best 12.293
  step 700/1999 best 12.891
  step 750/1999 best 13.230
  step 800/1999 best 13.266
  step 850/1999 best 13.783
  step 900/1999 best 13.844
  step 950/1999 best 13.922
  step 1000/1999 best 14.213
  step 1050/1999 best 13.524
  step 1100/1999 best 14.151
  step 1150/1999 best 14.234
  step 1200/1999 best 13.838
  step 1250/1999 best 14.042
  step 1300/1999 best 13.999
  step 1350/1999 best 14.284
  step 1400/1999 best 14.130
  step 1450/1999 best 13.795
  step 1500/1999 best 14.169
  step 1550/1999 best 14.086
  step 1600/1999 best 14.206
  step 1650/1999 best 14.145
  step 1700/1999 best 14.039
  step 1750/1999 best 13.750
  step 1800/1999 best 13.946
  step 1850/1999 best 14.093
  step 1900/1999 best 14.192
  step 1950/1999 best 13.914
saved SBC_CHAINS_cnn_vmim__n1_seed_s1_sim979_row928550_noise6578_6757_6936 (240000, 4) acc=0.281
  step 0/1999 best -6.628
  step 50/1999 best 0.354
  step 100/1999 best 0.948
  step 150/1999 best 4.578
  step 200/1999 best 6.897
  step 250/1999 best 6.247
  step 300/1999 best 6.421
  step 350/1999 best 7.093
  step 400/1999 best 7.752
  step 450/1999 best 8.552
  step 500/1999 best 9.524
  step 550/1999 best 12.828
  step 600/1999 best 13.874
  step 650/1999 best 14.609
  step 700/1999 best 15.243
  step 750/1999 best 15.488
  step 800/1999 best 15.673
  step 850/1999 best 15.512
  step 900/1999 best 15.693
  step 950/1999 best 15.570
  step 1000/1999 best 15.668
  step 1050/1999 best 15.467
  step 1100/1999 best 15.462
  step 1150/1999 best 15.606
  step 1200/1999 best 15.668
  step 1250/1999 best 15.520
  step 1300/1999 best 15.653
  step 1350/1999 best 15.655
  step 1400/1999 best 15.595
  step 1450/1999 best 15.732
  step 1500/1999 best 15.461
  step 1550/1999 best 15.604
  step 1600/1999 best 15.549
  step 1650/1999 best 15.642
  step 1700/1999 best 15.692
  step 1750/1999 best 15.512
  step 1800/1999 best 15.655
  step 1850/1999 best 15.597
  step 1900/1999 best 15.432
  step 1950/1999 best 15.472
saved SBC_CHAINS_cnn_vmim__n1_seed_s1_sim446_row424544_noise4284_4463_4642 (240000, 4) acc=0.320
  step 0/1999 best -12.430
  step 50/1999 best 5.883
  step 100/1999 best 6.721
  step 150/1999 best 8.862
  step 200/1999 best 9.168
  step 250/1999 best 9.154
  step 300/1999 best 9.269
  step 350/1999 best 9.218
  step 400/1999 best 8.902
  step 450/1999 best 9.121
  step 500/1999 best 9.204
  step 550/1999 best 9.217
  step 600/1999 best 9.250
  step 650/1999 best 9.040
  step 700/1999 best 9.245
  step 750/1999 best 9.112
  step 800/1999 best 9.091
  step 850/1999 best 9.103
  step 900/1999 best 9.221
  step 950/1999 best 9.106
  step 1000/1999 best 9.134
  step 1050/1999 best 9.140
  step 1100/1999 best 9.182
  step 1150/1999 best 9.167
  step 1200/1999 best 9.253
  step 1250/1999 best 9.174
  step 1300/1999 best 9.299
  step 1350/1999 best 9.217
  step 1400/1999 best 8.927
  step 1450/1999 best 9.141
  step 1500/1999 best 9.216
  step 1550/1999 best 9.204
  step 1600/1999 best 9.171
  step 1650/1999 best 9.226
  step 1700/1999 best 9.214
  step 1750/1999 best 9.149
  step 1800/1999 best 9.289
  step 1850/1999 best 9.200
  step 1900/1999 best 9.218
  step 1950/1999 best 9.269
saved SBC_CHAINS_cnn_vmim__n1_seed_s1_sim2858_row2453048_noise7928_8107_8286 (240000, 4) acc=0.297
  step 0/1999 best -13.936
  step 50/1999 best 8.265
  step 100/1999 best 11.436
  step 150/1999 best 11.883
  step 200/1999 best 11.905
  step 250/1999 best 12.110
  step 300/1999 best 12.036
  step 350/1999 best 12.060
  step 400/1999 best 12.168
  step 450/1999 best 12.201
  step 500/1999 best 12.051
  step 550/1999 best 12.082
  step 600/1999 best 12.063
  step 650/1999 best 11.843
  step 700/1999 best 11.981
  step 750/1999 best 12.053
  step 800/1999 best 12.197
  step 850/1999 best 12.139
  step 900/1999 best 12.034
  step 950/1999 best 12.080
  step 1000/1999 best 12.061
  step 1050/1999 best 12.179
  step 1100/1999 best 11.911
  step 1150/1999 best 11.878
  step 1200/1999 best 12.111
  step 1250/1999 best 12.109
  step 1300/1999 best 12.082
  step 1350/1999 best 12.017
  step 1400/1999 best 11.996
  step 1450/1999 best 12.009
  step 1500/1999 best 11.991
  step 1550/1999 best 12.012
  step 1600/1999 best 12.082
  step 1650/1999 best 12.049
  step 1700/1999 best 11.909
  step 1750/1999 best 12.197
  step 1800/1999 best 12.021
  step 1850/1999 best 11.940
  step 1900/1999 best 12.028
  step 1950/1999 best 12.217
saved SBC_CHAINS_cnn_vmim__n1_seed_s1_sim1933_row1544050_noise6762_6941_7120 (240000, 4) acc=0.212
  step 0/1999 best -13.523
  step 50/1999 best 4.063
  step 100/1999 best 8.558
  step 150/1999 best 9.578
  step 200/1999 best 14.545
  step 250/1999 best 16.518
  step 300/1999 best 17.573
  step 350/1999 best 17.961
  step 400/1999 best 17.533
  step 450/1999 best 17.710
  step 500/1999 best 17.666
  step 550/1999 best 17.778
  step 600/1999 best 17.810
  step 650/1999 best 17.861
  step 700/1999 best 17.703
  step 750/1999 best 17.951
  step 800/1999 best 17.692
  step 850/1999 best 17.911
  step 900/1999 best 17.923
  step 950/1999 best 17.774
  step 1000/1999 best 17.772
  step 1050/1999 best 17.799
  step 1100/1999 best 17.727
  step 1150/1999 best 17.930
  step 1200/1999 best 17.824
  step 1250/1999 best 17.953
  step 1300/1999 best 18.003
  step 1350/1999 best 17.825
  step 1400/1999 best 18.000
  step 1450/1999 best 17.940
  step 1500/1999 best 17.864
  step 1550/1999 best 17.764
  step 1600/1999 best 17.940
  step 1650/1999 best 17.878
  step 1700/1999 best 17.735
  step 1750/1999 best 17.818
  step 1800/1999 best 17.887
  step 1850/1999 best 17.862
  step 1900/1999 best 17.668
  step 1950/1999 best 17.869
saved SBC_CHAINS_cnn_vmim__n1_seed_s1_sim1371_row1179179_noise5087_5266_5445 (240000, 4) acc=0.216
  step 0/1999 best -21.986
  step 50/1999 best -1.543
  step 100/1999 best -0.743
  step 150/1999 best 0.225
  step 200/1999 best -0.122
  step 250/1999 best 0.669
  step 300/1999 best 3.033
  step 350/1999 best 3.033
  step 400/1999 best 10.982
  step 450/1999 best 11.337
  step 500/1999 best 11.337
  step 550/1999 best 13.086
  step 600/1999 best 13.267
  step 650/1999 best 13.985
  step 700/1999 best 13.985
  step 750/1999 best 14.210
  step 800/1999 best 14.193
  step 850/1999 best 13.722
  step 900/1999 best 14.397
  step 950/1999 best 13.894
  step 1000/1999 best 14.253
  step 1050/1999 best 14.404
  step 1100/1999 best 14.084
  step 1150/1999 best 13.977
  step 1200/1999 best 13.904
  step 1250/1999 best 14.072
  step 1300/1999 best 14.065
  step 1350/1999 best 14.465
  step 1400/1999 best 13.976
  step 1450/1999 best 13.918
  step 1500/1999 best 13.973
  step 1550/1999 best 13.973
  step 1600/1999 best 14.238
  step 1650/1999 best 14.004
  step 1700/1999 best 13.910
  step 1750/1999 best 14.069
  step 1800/1999 best 13.881
  step 1850/1999 best 14.200
  step 1900/1999 best 14.226
  step 1950/1999 best 14.024
saved SBC_CHAINS_cnn_vmim__n1_seed_s1_sim949_row898273_noise5785_5964_6143 (240000, 4) acc=0.131
  step 0/1999 best -22.743
  step 50/1999 best 0.670
  step 100/1999 best 0.412
  step 150/1999 best 3.685
  step 200/1999 best 7.370
  step 250/1999 best 13.163
  step 300/1999 best 13.501
  step 350/1999 best 14.040
  step 400/1999 best 14.203
  step 450/1999 best 14.254
  step 500/1999 best 14.230
  step 550/1999 best 14.254
  step 600/1999 best 14.153
  step 650/1999 best 14.235
  step 700/1999 best 14.116
  step 750/1999 best 14.159
  step 800/1999 best 14.190
  step 850/1999 best 14.138
  step 900/1999 best 14.088
  step 950/1999 best 14.290
  step 1000/1999 best 14.196
  step 1050/1999 best 14.269
  step 1100/1999 best 14.097
  step 1150/1999 best 14.265
  step 1200/1999 best 14.238
  step 1250/1999 best 14.113
  step 1300/1999 best 14.212
  step 1350/1999 best 14.179
  step 1400/1999 best 14.261
  step 1450/1999 best 14.265
  step 1500/1999 best 14.143
  step 1550/1999 best 14.235
  step 1600/1999 best 14.200
  step 1650/1999 best 14.220
  step 1700/1999 best 14.124
  step 1750/1999 best 14.235
  step 1800/1999 best 14.236
  step 1850/1999 best 14.218
  step 1900/1999 best 14.120
  step 1950/1999 best 14.135
saved SBC_CHAINS_cnn_vmim__n1_seed_s1_sim2992_row2587476_noise4764_4943_5122 (240000, 4) acc=0.248
  step 0/1999 best -7.382
  step 50/1999 best 2.771
  step 100/1999 best 8.674
  step 150/1999 best 10.140
  step 200/1999 best 10.714
  step 250/1999 best 11.642
  step 300/1999 best 14.110
  step 350/1999 best 14.283
  step 400/1999 best 14.698
  step 450/1999 best 14.698
  step 500/1999 best 14.947
  step 550/1999 best 14.132
  step 600/1999 best 14.132
  step 650/1999 best 14.738
  step 700/1999 best 14.273
  step 750/1999 best 14.647
  step 800/1999 best 14.738
  step 850/1999 best 14.085
  step 900/1999 best 14.710
  step 950/1999 best 14.556
  step 1000/1999 best 14.721
  step 1050/1999 best 14.435
  step 1100/1999 best 14.943
  step 1150/1999 best 14.620
  step 1200/1999 best 14.533
  step 1250/1999 best 14.546
  step 1300/1999 best 14.656
  step 1350/1999 best 14.886
  step 1400/1999 best 14.891
  step 1450/1999 best 14.754
  step 1500/1999 best 14.944
  step 1550/1999 best 14.972
  step 1600/1999 best 14.779
  step 1650/1999 best 14.848
  step 1700/1999 best 14.730
  step 1750/1999 best 14.407
  step 1800/1999 best 14.895
  step 1850/1999 best 14.611
  step 1900/1999 best 14.803
  step 1950/1999 best 14.908
saved SBC_CHAINS_cnn_vmim__n1_seed_s1_sim2618_row2217410_noise4162_4341_4520 (240000, 4) acc=0.177
  step 0/1999 best -8.593
  step 50/1999 best -0.075
  step 100/1999 best 7.020
  step 150/1999 best 9.378
  step 200/1999 best 11.523
  step 250/1999 best 15.505
  step 300/1999 best 15.587
  step 350/1999 best 17.259
  step 400/1999 best 17.968
  step 450/1999 best 17.768
  step 500/1999 best 18.082
  step 550/1999 best 17.976
  step 600/1999 best 17.593
  step 650/1999 best 17.458
  step 700/1999 best 17.616
  step 750/1999 best 18.070
  step 800/1999 best 17.773
  step 850/1999 best 17.865
  step 900/1999 best 18.055
  step 950/1999 best 18.159
  step 1000/1999 best 18.266
  step 1050/1999 best 17.800
  step 1100/1999 best 18.234
  step 1150/1999 best 18.332
  step 1200/1999 best 18.338
  step 1250/1999 best 18.123
  step 1300/1999 best 18.210
  step 1350/1999 best 18.082
  step 1400/1999 best 18.042
  step 1450/1999 best 18.083
  step 1500/1999 best 18.386
  step 1550/1999 best 18.336
  step 1600/1999 best 17.755
  step 1650/1999 best 17.951
  step 1700/1999 best 18.255
  step 1750/1999 best 18.224
  step 1800/1999 best 18.343
  step 1850/1999 best 18.243
  step 1900/1999 best 18.406
  step 1950/1999 best 18.295
saved SBC_CHAINS_cnn_vmim__n1_seed_s1_sim1444_row1226849_noise133_312_491 (240000, 4) acc=0.153
  step 0/1999 best -17.806
  step 50/1999 best -0.751
  step 100/1999 best 4.365
  step 150/1999 best 7.734
  step 200/1999 best 12.893
  step 250/1999 best 12.579
  step 300/1999 best 13.052
  step 350/1999 best 13.702
  step 400/1999 best 14.256
  step 450/1999 best 14.492
  step 500/1999 best 14.391
  step 550/1999 best 14.406
  step 600/1999 best 14.405
  step 650/1999 best 14.433
  step 700/1999 best 14.482
  step 750/1999 best 14.621
  step 800/1999 best 14.421
  step 850/1999 best 14.277
  step 900/1999 best 14.346
  step 950/1999 best 14.300
  step 1000/1999 best 14.435
  step 1050/1999 best 14.400
  step 1100/1999 best 14.366
  step 1150/1999 best 14.567
  step 1200/1999 best 14.284
  step 1250/1999 best 14.292
  step 1300/1999 best 14.398
  step 1350/1999 best 14.647
  step 1400/1999 best 14.511
  step 1450/1999 best 14.486
  step 1500/1999 best 14.569
  step 1550/1999 best 14.449
  step 1600/1999 best 14.470
  step 1650/1999 best 14.457
  step 1700/1999 best 14.491
  step 1750/1999 best 14.481
  step 1800/1999 best 14.560
  step 1850/1999 best 14.437
  step 1900/1999 best 14.453
  step 1950/1999 best 14.504
saved SBC_CHAINS_cnn_vmim__n1_seed_s1_sim871_row820934_noise7070_7249_7428 (240000, 4) acc=0.134
  step 0/1999 best 2.594
  step 50/1999 best 10.504
  step 100/1999 best 10.837
  step 150/1999 best 10.884
  step 200/1999 best 11.154
  step 250/1999 best 11.424
  step 300/1999 best 11.516
  step 350/1999 best 11.356
  step 400/1999 best 11.466
  step 450/1999 best 11.460
  step 500/1999 best 11.496
  step 550/1999 best 11.394
  step 600/1999 best 11.459
  step 650/1999 best 11.531
  step 700/1999 best 11.442
  step 750/1999 best 11.395
  step 800/1999 best 11.423
  step 850/1999 best 11.327
  step 900/1999 best 11.501
  step 950/1999 best 11.511
  step 1000/1999 best 11.462
  step 1050/1999 best 11.508
  step 1100/1999 best 11.210
  step 1150/1999 best 11.445
  step 1200/1999 best 11.227
  step 1250/1999 best 11.450
  step 1300/1999 best 11.302
  step 1350/1999 best 11.375
  step 1400/1999 best 11.130
  step 1450/1999 best 11.386
  step 1500/1999 best 10.971
  step 1550/1999 best 11.426
  step 1600/1999 best 11.448
  step 1650/1999 best 11.418
  step 1700/1999 best 11.402
  step 1750/1999 best 11.391
  step 1800/1999 best 11.418
  step 1850/1999 best 11.333
  step 1900/1999 best 11.515
  step 1950/1999 best 11.368
saved SBC_CHAINS_cnn_vmim__n1_seed_s1_sim842_row791640_noise7260_7439_7618 (240000, 4) acc=0.257
  step 0/1999 best -8.513
  step 50/1999 best 11.467
  step 100/1999 best 12.470
  step 150/1999 best 14.312
  step 200/1999 best 14.303
  step 250/1999 best 14.479
  step 300/1999 best 14.572
  step 350/1999 best 14.484
  step 400/1999 best 14.502
  step 450/1999 best 14.606
  step 500/1999 best 14.418
  step 550/1999 best 14.402
  step 600/1999 best 14.647
  step 650/1999 best 14.483
  step 700/1999 best 14.355
  step 750/1999 best 14.577
  step 800/1999 best 14.547
  step 850/1999 best 14.622
  step 900/1999 best 14.622
  step 950/1999 best 14.480
  step 1000/1999 best 14.647
  step 1050/1999 best 14.543
  step 1100/1999 best 14.525
  step 1150/1999 best 14.544
  step 1200/1999 best 14.515
  step 1250/1999 best 14.566
  step 1300/1999 best 14.616
  step 1350/1999 best 14.631
  step 1400/1999 best 14.630
  step 1450/1999 best 14.546
  step 1500/1999 best 14.568
  step 1550/1999 best 14.598
  step 1600/1999 best 14.615
  step 1650/1999 best 14.602
  step 1700/1999 best 14.656
  step 1750/1999 best 14.618
  step 1800/1999 best 14.548
  step 1850/1999 best 14.427
  step 1900/1999 best 14.504
  step 1950/1999 best 14.601
saved SBC_CHAINS_cnn_vmim__n1_seed_s1_sim817_row766189_noise1465_1644_1823 (240000, 4) acc=0.261
  step 0/1999 best -11.931
  step 50/1999 best -1.256
  step 100/1999 best -0.641
  step 150/1999 best 3.415
  step 200/1999 best 3.228
  step 250/1999 best 2.543
  step 300/1999 best 12.094
  step 350/1999 best 14.021
  step 400/1999 best 13.370
  step 450/1999 best 14.095
  step 500/1999 best 14.377
  step 550/1999 best 14.316
  step 600/1999 best 12.398
  step 650/1999 best 13.711
  step 700/1999 best 13.709
  step 750/1999 best 14.018
  step 800/1999 best 14.473
  step 850/1999 best 14.283
  step 900/1999 best 14.434
  step 950/1999 best 14.474
  step 1000/1999 best 14.644
  step 1050/1999 best 14.614
  step 1100/1999 best 14.754
  step 1150/1999 best 14.318
  step 1200/1999 best 14.593
  step 1250/1999 best 14.496
  step 1300/1999 best 14.581
  step 1350/1999 best 14.821
  step 1400/1999 best 14.178
  step 1450/1999 best 14.464
  step 1500/1999 best 14.164
  step 1550/1999 best 14.551
  step 1600/1999 best 14.285
  step 1650/1999 best 14.698
  step 1700/1999 best 14.739
  step 1750/1999 best 14.723
  step 1800/1999 best 14.543
  step 1850/1999 best 14.301
  step 1900/1999 best 14.367
  step 1950/1999 best 14.676
saved SBC_CHAINS_cnn_vmim__n1_seed_s1_sim961_row910947_noise8631_8810_8989 (240000, 4) acc=0.193
  step 0/1999 best -10.966
  step 50/1999 best 2.894
  step 100/1999 best 10.210
  step 150/1999 best 13.536
  step 200/1999 best 15.603
  step 250/1999 best 15.499
  step 300/1999 best 15.916
  step 350/1999 best 16.016
  step 400/1999 best 16.038
  step 450/1999 best 15.995
  step 500/1999 best 16.075
  step 550/1999 best 16.025
  step 600/1999 best 16.076
  step 650/1999 best 16.174
  step 700/1999 best 16.093
  step 750/1999 best 16.004
  step 800/1999 best 16.001
  step 850/1999 best 15.960
  step 900/1999 best 16.006
  step 950/1999 best 16.054
  step 1000/1999 best 16.076
  step 1050/1999 best 15.848
  step 1100/1999 best 16.065
  step 1150/1999 best 15.861
  step 1200/1999 best 16.122
  step 1250/1999 best 16.042
  step 1300/1999 best 15.939
  step 1350/1999 best 16.067
  step 1400/1999 best 15.988
  step 1450/1999 best 15.889
  step 1500/1999 best 16.022
  step 1550/1999 best 16.128
  step 1600/1999 best 16.059
  step 1650/1999 best 16.063
  step 1700/1999 best 16.056
  step 1750/1999 best 16.104
  step 1800/1999 best 16.071
  step 1850/1999 best 16.080
  step 1900/1999 best 15.906
  step 1950/1999 best 15.817
saved SBC_CHAINS_cnn_vmim__n1_seed_s1_sim1291_row1108736_noise4268_4447_4626 (240000, 4) acc=0.266
  step 0/1999 best -18.262
  step 50/1999 best 5.394
  step 100/1999 best 9.307
  step 150/1999 best 12.584
  step 200/1999 best 14.303
  step 250/1999 best 15.039
  step 300/1999 best 15.008
  step 350/1999 best 15.097
  step 400/1999 best 15.183
  step 450/1999 best 15.200
  step 500/1999 best 15.174
  step 550/1999 best 15.118
  step 600/1999 best 14.897
  step 650/1999 best 15.319
  step 700/1999 best 15.212
  step 750/1999 best 15.308
  step 800/1999 best 15.246
  step 850/1999 best 15.329
  step 900/1999 best 15.030
  step 950/1999 best 15.119
  step 1000/1999 best 15.272
  step 1050/1999 best 15.219
  step 1100/1999 best 15.268
  step 1150/1999 best 15.150
  step 1200/1999 best 15.218
  step 1250/1999 best 15.145
  step 1300/1999 best 15.108
  step 1350/1999 best 15.268
  step 1400/1999 best 15.202
  step 1450/1999 best 15.305
  step 1500/1999 best 15.185
  step 1550/1999 best 15.316
  step 1600/1999 best 15.116
  step 1650/1999 best 15.303
  step 1700/1999 best 15.341
  step 1750/1999 best 15.256
  step 1800/1999 best 15.201
  step 1850/1999 best 14.978
  step 1900/1999 best 15.232
  step 1950/1999 best 15.318
saved SBC_CHAINS_cnn_vmim__n1_seed_s1_sim794_row743195_noise7955_8134_8313 (240000, 4) acc=0.216
  step 0/1999 best -16.340
  step 50/1999 best -3.230
  step 100/1999 best 0.200
  step 150/1999 best 12.778
  step 200/1999 best 14.330
  step 250/1999 best 14.384
  step 300/1999 best 13.120
  step 350/1999 best 13.529
  step 400/1999 best 14.076
  step 450/1999 best 14.448
  step 500/1999 best 14.543
  step 550/1999 best 14.563
  step 600/1999 best 14.549
  step 650/1999 best 14.385
  step 700/1999 best 14.595
  step 750/1999 best 14.489
  step 800/1999 best 14.457
  step 850/1999 best 14.347
  step 900/1999 best 14.660
  step 950/1999 best 14.283
  step 1000/1999 best 14.217
  step 1050/1999 best 14.801
  step 1100/1999 best 14.389
  step 1150/1999 best 14.723
  step 1200/1999 best 14.620
  step 1250/1999 best 14.322
  step 1300/1999 best 14.046
  step 1350/1999 best 14.433
  step 1400/1999 best 14.745
  step 1450/1999 best 14.465
  step 1500/1999 best 14.425
  step 1550/1999 best 14.501
  step 1600/1999 best 14.420
  step 1650/1999 best 14.667
  step 1700/1999 best 14.560
  step 1750/1999 best 14.599
  step 1800/1999 best 14.463
  step 1850/1999 best 14.658
  step 1900/1999 best 14.675
  step 1950/1999 best 14.653
saved SBC_CHAINS_cnn_vmim__n1_seed_s1_sim715_row664258_noise7642_7821_8000 (240000, 4) acc=0.160
  step 0/1999 best -11.060
  step 50/1999 best -4.477
  step 100/1999 best 7.559
  step 150/1999 best 12.867
  step 200/1999 best 14.362
  step 250/1999 best 15.522
  step 300/1999 best 15.425
  step 350/1999 best 14.460
  step 400/1999 best 14.405
  step 450/1999 best 14.344
  step 500/1999 best 15.291
  step 550/1999 best 15.948
  step 600/1999 best 16.539
  step 650/1999 best 15.844
  step 700/1999 best 16.302
  step 750/1999 best 16.350
  step 800/1999 best 16.069
  step 850/1999 best 16.460
  step 900/1999 best 16.163
  step 950/1999 best 16.443
  step 1000/1999 best 16.153
  step 1050/1999 best 16.340
  step 1100/1999 best 16.218
  step 1150/1999 best 16.430
  step 1200/1999 best 16.346
  step 1250/1999 best 16.175
  step 1300/1999 best 16.463
  step 1350/1999 best 16.365
  step 1400/1999 best 16.093
  step 1450/1999 best 16.110
  step 1500/1999 best 16.126
  step 1550/1999 best 16.367
  step 1600/1999 best 16.406
  step 1650/1999 best 16.302
  step 1700/1999 best 16.423
  step 1750/1999 best 16.382
  step 1800/1999 best 16.447
  step 1850/1999 best 16.327
  step 1900/1999 best 16.472
  step 1950/1999 best 16.402
saved SBC_CHAINS_cnn_vmim__n1_seed_s1_sim2379_row1978828_noise1452_1631_1810 (240000, 4) acc=0.129
  step 0/1999 best -17.520
  step 50/1999 best -7.147
  step 100/1999 best -1.460
  step 150/1999 best 5.300
  step 200/1999 best 5.300
  step 250/1999 best 5.957
  step 300/1999 best 5.957
  step 350/1999 best 5.957
  step 400/1999 best 4.535
  step 450/1999 best 4.104
  step 500/1999 best 6.462
  step 550/1999 best 7.755
  step 600/1999 best 7.533
  step 650/1999 best 9.771
  step 700/1999 best 10.182
  step 750/1999 best 13.354
  step 800/1999 best 13.354
  step 850/1999 best 14.856
  step 900/1999 best 16.582
  step 950/1999 best 16.675
  step 1000/1999 best 16.366
  step 1050/1999 best 16.448
  step 1100/1999 best 16.689
  step 1150/1999 best 16.989
  step 1200/1999 best 16.722
  step 1250/1999 best 16.892
  step 1300/1999 best 16.796
  step 1350/1999 best 17.003
  step 1400/1999 best 16.944
  step 1450/1999 best 17.028
  step 1500/1999 best 16.722
  step 1550/1999 best 16.887
  step 1600/1999 best 16.666
  step 1650/1999 best 17.000
  step 1700/1999 best 16.767
  step 1750/1999 best 16.929
  step 1800/1999 best 16.674
  step 1850/1999 best 17.013
  step 1900/1999 best 16.934
  step 1950/1999 best 16.887
saved SBC_CHAINS_cnn_vmim__n1_seed_s1_sim1185_row1003588_noise6228_6407_6586 (240000, 4) acc=0.229
  step 0/1999 best -19.836
  step 50/1999 best 1.979
  step 100/1999 best 11.020
  step 150/1999 best 12.091
  step 200/1999 best 12.066
  step 250/1999 best 12.167
  step 300/1999 best 12.327
  step 350/1999 best 12.283
  step 400/1999 best 12.195
  step 450/1999 best 12.296
  step 500/1999 best 12.199
  step 550/1999 best 12.216
  step 600/1999 best 12.194
  step 650/1999 best 12.352
  step 700/1999 best 12.264
  step 750/1999 best 12.267
  step 800/1999 best 12.238
  step 850/1999 best 12.345
  step 900/1999 best 12.298
  step 950/1999 best 12.155
  step 1000/1999 best 12.089
  step 1050/1999 best 12.219
  step 1100/1999 best 12.293
  step 1150/1999 best 12.226
  step 1200/1999 best 12.202
  step 1250/1999 best 12.274
  step 1300/1999 best 12.197
  step 1350/1999 best 12.215
  step 1400/1999 best 12.358
  step 1450/1999 best 12.233
  step 1500/1999 best 12.305
  step 1550/1999 best 12.342
  step 1600/1999 best 12.225
  step 1650/1999 best 12.308
  step 1700/1999 best 12.141
  step 1750/1999 best 12.268
  step 1800/1999 best 12.057
  step 1850/1999 best 12.286
  step 1900/1999 best 12.159
  step 1950/1999 best 12.242
saved SBC_CHAINS_cnn_vmim__n1_seed_s1_sim3021_row2616016_noise3820_3999_4178 (240000, 4) acc=0.346
  step 0/1999 best -10.040
  step 50/1999 best -2.167
  step 100/1999 best 0.656
  step 150/1999 best 1.220
  step 200/1999 best 5.025
  step 250/1999 best 7.246
  step 300/1999 best 7.315
  step 350/1999 best 13.144
  step 400/1999 best 17.523
  step 450/1999 best 16.191
  step 500/1999 best 16.596
  step 550/1999 best 17.156
  step 600/1999 best 17.432
  step 650/1999 best 17.497
  step 700/1999 best 17.516
  step 750/1999 best 17.592
  step 800/1999 best 17.714
  step 850/1999 best 17.747
  step 900/1999 best 17.761
  step 950/1999 best 18.102
  step 1000/1999 best 18.126
  step 1050/1999 best 18.143
  step 1100/1999 best 18.183
  step 1150/1999 best 18.178
  step 1200/1999 best 18.294
  step 1250/1999 best 17.867
  step 1300/1999 best 18.094
  step 1350/1999 best 18.082
  step 1400/1999 best 18.120
  step 1450/1999 best 18.068
  step 1500/1999 best 18.261
  step 1550/1999 best 18.183
  step 1600/1999 best 17.952
  step 1650/1999 best 18.129
  step 1700/1999 best 17.959
  step 1750/1999 best 18.230
  step 1800/1999 best 18.161
  step 1850/1999 best 18.184
  step 1900/1999 best 18.103
  step 1950/1999 best 18.163
saved SBC_CHAINS_cnn_vmim__n1_seed_s1_sim286_row272438_noise1426_1605_1784 (240000, 4) acc=0.155
  step 0/1999 best -10.714
  step 50/1999 best 0.680
  step 100/1999 best 1.173
  step 150/1999 best 1.557
  step 200/1999 best 2.175
  step 250/1999 best 3.573
  step 300/1999 best 10.997
  step 350/1999 best 12.722
  step 400/1999 best 12.722
  step 450/1999 best 13.528
  step 500/1999 best 13.914
  step 550/1999 best 14.030
  step 600/1999 best 13.601
  step 650/1999 best 13.999
  step 700/1999 best 13.035
  step 750/1999 best 14.261
  step 800/1999 best 13.544
  step 850/1999 best 14.200
  step 900/1999 best 14.390
  step 950/1999 best 14.645
  step 1000/1999 best 14.227
  step 1050/1999 best 14.230
  step 1100/1999 best 14.339
  step 1150/1999 best 14.526
  step 1200/1999 best 14.598
  step 1250/1999 best 14.269
  step 1300/1999 best 14.352
  step 1350/1999 best 14.783
  step 1400/1999 best 14.739
  step 1450/1999 best 14.652
  step 1500/1999 best 14.667
  step 1550/1999 best 14.693
  step 1600/1999 best 14.436
  step 1650/1999 best 14.747
  step 1700/1999 best 14.353
  step 1750/1999 best 14.687
  step 1800/1999 best 14.368
  step 1850/1999 best 14.584
  step 1900/1999 best 14.242
  step 1950/1999 best 14.579
saved SBC_CHAINS_cnn_vmim__n1_seed_s1_sim973_row922413_noise441_620_799 (240000, 4) acc=0.250
  step 0/1999 best -3.364
  step 50/1999 best 6.784
  step 100/1999 best 9.614
  step 150/1999 best 10.718
  step 200/1999 best 10.718
  step 250/1999 best 10.718
  step 300/1999 best 11.150
  step 350/1999 best 11.116
  step 400/1999 best 13.598
  step 450/1999 best 14.531
  step 500/1999 best 14.617
  step 550/1999 best 14.621
  step 600/1999 best 14.736
  step 650/1999 best 14.257
  step 700/1999 best 15.074
  step 750/1999 best 14.366
  step 800/1999 best 15.529
  step 850/1999 best 15.355
  step 900/1999 best 15.149
  step 950/1999 best 15.149
  step 1000/1999 best 15.149
  step 1050/1999 best 15.433
  step 1100/1999 best 15.196
  step 1150/1999 best 15.253
  step 1200/1999 best 15.214
  step 1250/1999 best 14.869
  step 1300/1999 best 15.214
  step 1350/1999 best 15.498
  step 1400/1999 best 15.159
  step 1450/1999 best 15.402
  step 1500/1999 best 15.056
  step 1550/1999 best 15.499
  step 1600/1999 best 15.316
  step 1650/1999 best 15.251
  step 1700/1999 best 15.488
  step 1750/1999 best 14.858
  step 1800/1999 best 15.518
  step 1850/1999 best 15.343
  step 1900/1999 best 15.099
  step 1950/1999 best 15.394
saved SBC_CHAINS_cnn_vmim__n1_seed_s1_sim2371_row1970162_noise2614_2793_2972 (240000, 4) acc=0.130
  step 0/1999 best -5.299
  step 50/1999 best -1.244
  step 100/1999 best 3.593
  step 150/1999 best 13.885
  step 200/1999 best 15.506
  step 250/1999 best 15.506
  step 300/1999 best 16.299
  step 350/1999 best 15.836
  step 400/1999 best 15.701
  step 450/1999 best 15.461
  step 500/1999 best 12.700
  step 550/1999 best 12.700
  step 600/1999 best 13.145
  step 650/1999 best 15.266
  step 700/1999 best 16.802
  step 750/1999 best 16.457
  step 800/1999 best 15.862
  step 850/1999 best 15.844
  step 900/1999 best 17.516
  step 950/1999 best 17.235
  step 1000/1999 best 18.024
  step 1050/1999 best 17.813
  step 1100/1999 best 17.965
  step 1150/1999 best 17.977
  step 1200/1999 best 18.115
  step 1250/1999 best 18.028
  step 1300/1999 best 17.572
  step 1350/1999 best 17.890
  step 1400/1999 best 18.074
  step 1450/1999 best 17.676
  step 1500/1999 best 17.987
  step 1550/1999 best 17.929
  step 1600/1999 best 18.066
  step 1650/1999 best 18.093
  step 1700/1999 best 18.119
  step 1750/1999 best 17.992
  step 1800/1999 best 18.177
  step 1850/1999 best 17.911
  step 1900/1999 best 18.014
  step 1950/1999 best 18.136
saved SBC_CHAINS_cnn_vmim__n1_seed_s1_sim266_row252453_noise1097_1276_1455 (240000, 4) acc=0.166
  step 0/1999 best -11.110
  step 50/1999 best -1.721
  step 100/1999 best -0.942
  step 150/1999 best -0.574
  step 200/1999 best -0.504
  step 250/1999 best -0.504
  step 300/1999 best -0.113
  step 350/1999 best 4.923
  step 400/1999 best 5.629
  step 450/1999 best 5.870
  step 500/1999 best 5.960
  step 550/1999 best 11.992
  step 600/1999 best 13.505
  step 650/1999 best 13.505
  step 700/1999 best 13.592
  step 750/1999 best 14.960
  step 800/1999 best 15.960
  step 850/1999 best 16.680
  step 900/1999 best 17.272
  step 950/1999 best 16.545
  step 1000/1999 best 17.178
  step 1050/1999 best 18.032
  step 1100/1999 best 18.060
  step 1150/1999 best 18.196
  step 1200/1999 best 18.455
  step 1250/1999 best 18.476
  step 1300/1999 best 18.304
  step 1350/1999 best 18.271
  step 1400/1999 best 18.175
  step 1450/1999 best 17.604
  step 1500/1999 best 18.061
  step 1550/1999 best 18.179
  step 1600/1999 best 18.539
  step 1650/1999 best 18.276
  step 1700/1999 best 18.058
  step 1750/1999 best 18.384
  step 1800/1999 best 18.072
  step 1850/1999 best 18.428
  step 1900/1999 best 18.403
  step 1950/1999 best 18.402
saved SBC_CHAINS_cnn_vmim__n1_seed_s1_sim183_row174066_noise6162_6341_6520 (240000, 4) acc=0.148
  step 0/1999 best -17.068
  step 50/1999 best 5.112
  step 100/1999 best 7.847
  step 150/1999 best 10.306
  step 200/1999 best 12.298
  step 250/1999 best 12.087
  step 300/1999 best 12.828
  step 350/1999 best 12.866
  step 400/1999 best 12.844
  step 450/1999 best 12.619
  step 500/1999 best 12.796
  step 550/1999 best 12.640
  step 600/1999 best 12.658
  step 650/1999 best 12.870
  step 700/1999 best 12.853
  step 750/1999 best 12.844
  step 800/1999 best 12.875
  step 850/1999 best 12.733
  step 900/1999 best 12.709
  step 950/1999 best 12.741
  step 1000/1999 best 12.831
  step 1050/1999 best 12.858
  step 1100/1999 best 12.747
  step 1150/1999 best 12.612
  step 1200/1999 best 12.869
  step 1250/1999 best 12.771
  step 1300/1999 best 12.871
  step 1350/1999 best 12.777
  step 1400/1999 best 12.800
  step 1450/1999 best 12.736
  step 1500/1999 best 12.716
  step 1550/1999 best 12.899
  step 1600/1999 best 12.801
  step 1650/1999 best 12.808
  step 1700/1999 best 12.678
  step 1750/1999 best 12.763
  step 1800/1999 best 12.734
  step 1850/1999 best 12.760
  step 1900/1999 best 12.837
  step 1950/1999 best 12.788
saved SBC_CHAINS_cnn_vmim__n1_seed_s1_sim139_row130114_noise1522_1701_1880 (240000, 4) acc=0.322
  step 0/1999 best -13.005
  step 50/1999 best -3.255
  step 100/1999 best -1.575
  step 150/1999 best 4.878
  step 200/1999 best 5.331
  step 250/1999 best 5.331
  step 300/1999 best 5.997
  step 350/1999 best 8.058
  step 400/1999 best 8.010
  step 450/1999 best 7.663
  step 500/1999 best 7.664
  step 550/1999 best 8.228
  step 600/1999 best 8.228
  step 650/1999 best 8.469
  step 700/1999 best 10.520
  step 750/1999 best 10.859
  step 800/1999 best 13.171
  step 850/1999 best 13.797
  step 900/1999 best 13.910
  step 950/1999 best 14.084
  step 1000/1999 best 14.743
  step 1050/1999 best 14.411
  step 1100/1999 best 14.963
  step 1150/1999 best 14.346
  step 1200/1999 best 14.474
  step 1250/1999 best 15.013
  step 1300/1999 best 14.804
  step 1350/1999 best 14.713
  step 1400/1999 best 14.610
  step 1450/1999 best 14.862
  step 1500/1999 best 15.286
  step 1550/1999 best 14.956
  step 1600/1999 best 14.973
  step 1650/1999 best 14.972
  step 1700/1999 best 15.076
  step 1750/1999 best 14.728
  step 1800/1999 best 14.654
  step 1850/1999 best 15.056
  step 1900/1999 best 15.099
  step 1950/1999 best 15.192
saved SBC_CHAINS_cnn_vmim__n1_seed_s1_sim2355_row1955015_noise6123_6302_6481 (240000, 4) acc=0.221
  step 0/1999 best -19.545
  step 50/1999 best -5.022
  step 100/1999 best -3.671
  step 150/1999 best -1.766
  step 200/1999 best 2.026
  step 250/1999 best 9.568
  step 300/1999 best 9.568
  step 350/1999 best 9.568
  step 400/1999 best 9.568
  step 450/1999 best 9.019
  step 500/1999 best 9.019
  step 550/1999 best 9.019
  step 600/1999 best 10.241
  step 650/1999 best 12.022
  step 700/1999 best 12.142
  step 750/1999 best 12.142
  step 800/1999 best 12.142
  step 850/1999 best 12.142
  step 900/1999 best 12.142
  step 950/1999 best 13.275
  step 1000/1999 best 13.275
  step 1050/1999 best 13.275
  step 1100/1999 best 11.908
  step 1150/1999 best 11.908
  step 1200/1999 best 12.067
  step 1250/1999 best 12.067
  step 1300/1999 best 12.738
  step 1350/1999 best 12.738
  step 1400/1999 best 12.738
  step 1450/1999 best 11.057
  step 1500/1999 best 12.060
  step 1550/1999 best 12.060
  step 1600/1999 best 13.155
  step 1650/1999 best 13.720
  step 1700/1999 best 13.611
  step 1750/1999 best 12.925
  step 1800/1999 best 12.039
  step 1850/1999 best 12.540
  step 1900/1999 best 11.744
  step 1950/1999 best 11.426
saved SBC_CHAINS_cnn_vmim__n1_seed_s1_sim2587_row2186988_noise3224_3403_3582 (240000, 4) acc=0.140
  step 0/1999 best -13.636
  step 50/1999 best 6.235
  step 100/1999 best 14.263
  step 150/1999 best 14.630
  step 200/1999 best 14.195
  step 250/1999 best 14.989
  step 300/1999 best 14.616
  step 350/1999 best 15.144
  step 400/1999 best 15.193
  step 450/1999 best 15.096
  step 500/1999 best 15.040
  step 550/1999 best 14.875
  step 600/1999 best 15.173
  step 650/1999 best 15.218
  step 700/1999 best 15.000
  step 750/1999 best 15.244
  step 800/1999 best 15.152
  step 850/1999 best 15.102
  step 900/1999 best 15.014
  step 950/1999 best 15.078
  step 1000/1999 best 14.931
  step 1050/1999 best 15.062
  step 1100/1999 best 15.177
  step 1150/1999 best 15.110
  step 1200/1999 best 15.129
  step 1250/1999 best 15.082
  step 1300/1999 best 15.144
  step 1350/1999 best 15.214
  step 1400/1999 best 15.001
  step 1450/1999 best 15.068
  step 1500/1999 best 15.127
  step 1550/1999 best 15.232
  step 1600/1999 best 15.032
  step 1650/1999 best 15.236
  step 1700/1999 best 15.083
  step 1750/1999 best 15.221
  step 1800/1999 best 15.221
  step 1850/1999 best 15.070
  step 1900/1999 best 15.093
  step 1950/1999 best 15.041
saved SBC_CHAINS_cnn_vmim__n1_seed_s1_sim727_row676730_noise458_637_816 (240000, 4) acc=0.259
  step 0/1999 best -10.614
  step 50/1999 best 0.647
  step 100/1999 best 3.482
  step 150/1999 best 6.034
  step 200/1999 best 11.607
  step 250/1999 best 15.579
  step 300/1999 best 15.654
  step 350/1999 best 16.231
  step 400/1999 best 16.396
  step 450/1999 best 16.444
  step 500/1999 best 16.543
  step 550/1999 best 16.312
  step 600/1999 best 16.618
  step 650/1999 best 16.523
  step 700/1999 best 16.571
  step 750/1999 best 16.489
  step 800/1999 best 16.238
  step 850/1999 best 16.447
  step 900/1999 best 16.415
  step 950/1999 best 16.491
  step 1000/1999 best 16.514
  step 1050/1999 best 16.524
  step 1100/1999 best 16.238
  step 1150/1999 best 16.443
  step 1200/1999 best 16.352
  step 1250/1999 best 16.477
  step 1300/1999 best 16.387
  step 1350/1999 best 16.460
  step 1400/1999 best 16.189
  step 1450/1999 best 16.256
  step 1500/1999 best 16.479
  step 1550/1999 best 16.264
  step 1600/1999 best 16.540
  step 1650/1999 best 16.574
  step 1700/1999 best 16.369
  step 1750/1999 best 16.008
  step 1800/1999 best 16.323
  step 1850/1999 best 16.538
  step 1900/1999 best 16.409
  step 1950/1999 best 16.391
saved SBC_CHAINS_cnn_vmim__n1_seed_s1_sim2464_row2063762_noise7762_7941_8120 (240000, 4) acc=0.146
  step 0/1999 best -12.127
  step 50/1999 best 5.696
  step 100/1999 best 5.335
  step 150/1999 best 10.105
  step 200/1999 best 9.957
  step 250/1999 best 11.634
  step 300/1999 best 12.328
  step 350/1999 best 11.687
  step 400/1999 best 12.877
  step 450/1999 best 13.260
  step 500/1999 best 14.246
  step 550/1999 best 13.998
  step 600/1999 best 14.855
  step 650/1999 best 15.320
  step 700/1999 best 15.329
  step 750/1999 best 15.730
  step 800/1999 best 15.945
  step 850/1999 best 15.973
  step 900/1999 best 15.869
  step 950/1999 best 15.802
  step 1000/1999 best 16.076
  step 1050/1999 best 15.897
  step 1100/1999 best 16.015
  step 1150/1999 best 16.150
  step 1200/1999 best 16.089
  step 1250/1999 best 16.137
  step 1300/1999 best 16.022
  step 1350/1999 best 15.802
  step 1400/1999 best 16.045
  step 1450/1999 best 15.967
  step 1500/1999 best 15.793
  step 1550/1999 best 15.983
  step 1600/1999 best 16.112
  step 1650/1999 best 16.129
  step 1700/1999 best 16.073
  step 1750/1999 best 16.036
  step 1800/1999 best 15.725
  step 1850/1999 best 15.871
  step 1900/1999 best 16.050
  step 1950/1999 best 15.873
saved SBC_CHAINS_cnn_vmim__n1_seed_s1_sim1525_row1302336_noise1996_2175_2354 (240000, 4) acc=0.307
  step 0/1999 best -6.994
  step 50/1999 best 6.943
  step 100/1999 best 8.132
  step 150/1999 best 16.429
  step 200/1999 best 16.456
  step 250/1999 best 16.207
  step 300/1999 best 16.323
  step 350/1999 best 16.376
  step 400/1999 best 16.572
  step 450/1999 best 16.374
  step 500/1999 best 16.357
  step 550/1999 best 16.571
  step 600/1999 best 16.268
  step 650/1999 best 16.162
  step 700/1999 best 16.510
  step 750/1999 best 16.496
  step 800/1999 best 16.478
  step 850/1999 best 16.388
  step 900/1999 best 16.515
  step 950/1999 best 16.447
  step 1000/1999 best 16.512
  step 1050/1999 best 16.263
  step 1100/1999 best 16.517
  step 1150/1999 best 16.206
  step 1200/1999 best 16.456
  step 1250/1999 best 16.533
  step 1300/1999 best 16.480
  step 1350/1999 best 16.451
  step 1400/1999 best 16.350
  step 1450/1999 best 16.459
  step 1500/1999 best 16.475
  step 1550/1999 best 16.422
  step 1600/1999 best 16.432
  step 1650/1999 best 16.334
  step 1700/1999 best 16.469
  step 1750/1999 best 16.471
  step 1800/1999 best 16.439
  step 1850/1999 best 16.470
  step 1900/1999 best 16.295
  step 1950/1999 best 16.367
saved SBC_CHAINS_cnn_vmim__n1_seed_s1_sim897_row846547_noise3199_3378_3557 (240000, 4) acc=0.235
  step 0/1999 best -11.563
  step 50/1999 best 6.393
  step 100/1999 best 11.568
  step 150/1999 best 15.660
  step 200/1999 best 16.498
  step 250/1999 best 16.596
  step 300/1999 best 16.440
  step 350/1999 best 16.415
  step 400/1999 best 16.622
  step 450/1999 best 16.672
  step 500/1999 best 16.422
  step 550/1999 best 16.487
  step 600/1999 best 16.592
  step 650/1999 best 16.665
  step 700/1999 best 16.557
  step 750/1999 best 16.506
  step 800/1999 best 16.582
  step 850/1999 best 16.599
  step 900/1999 best 16.663
  step 950/1999 best 16.508
  step 1000/1999 best 16.529
  step 1050/1999 best 16.657
  step 1100/1999 best 16.651
  step 1150/1999 best 16.628
  step 1200/1999 best 16.711
  step 1250/1999 best 16.529
  step 1300/1999 best 16.525
  step 1350/1999 best 16.733
  step 1400/1999 best 16.721
  step 1450/1999 best 16.644
  step 1500/1999 best 16.713
  step 1550/1999 best 16.666
  step 1600/1999 best 16.515
  step 1650/1999 best 16.668
  step 1700/1999 best 16.499
  step 1750/1999 best 16.632
  step 1800/1999 best 16.473
  step 1850/1999 best 16.645
  step 1900/1999 best 16.719
  step 1950/1999 best 16.440
saved SBC_CHAINS_cnn_vmim__n1_seed_s1_sim1221_row1039708_noise3036_3215_3394 (240000, 4) acc=0.293
  step 0/1999 best -18.908
  step 50/1999 best 2.276
  step 100/1999 best 8.466
  step 150/1999 best 13.960
  step 200/1999 best 17.868
  step 250/1999 best 17.682
  step 300/1999 best 16.132
  step 350/1999 best 17.705
  step 400/1999 best 18.203
  step 450/1999 best 18.581
  step 500/1999 best 18.564
  step 550/1999 best 18.444
  step 600/1999 best 18.235
  step 650/1999 best 18.374
  step 700/1999 best 18.442
  step 750/1999 best 18.365
  step 800/1999 best 18.523
  step 850/1999 best 18.435
  step 900/1999 best 18.320
  step 950/1999 best 18.662
  step 1000/1999 best 18.343
  step 1050/1999 best 18.459
  step 1100/1999 best 18.572
  step 1150/1999 best 18.593
  step 1200/1999 best 18.539
  step 1250/1999 best 18.373
  step 1300/1999 best 18.539
  step 1350/1999 best 18.597
  step 1400/1999 best 18.498
  step 1450/1999 best 18.148
  step 1500/1999 best 18.603
  step 1550/1999 best 18.569
  step 1600/1999 best 18.531
  step 1650/1999 best 18.378
  step 1700/1999 best 18.570
  step 1750/1999 best 18.627
  step 1800/1999 best 18.715
  step 1850/1999 best 18.589
  step 1900/1999 best 18.448
  step 1950/1999 best 18.370
saved SBC_CHAINS_cnn_vmim__n1_seed_s1_sim1282_row1099851_noise5211_5390_5569 (240000, 4) acc=0.164
  step 0/1999 best -11.587
  step 50/1999 best -0.311
  step 100/1999 best 4.850
  step 150/1999 best 7.098
  step 200/1999 best 14.483
  step 250/1999 best 16.983
  step 300/1999 best 17.259
  step 350/1999 best 17.026
  step 400/1999 best 17.765
  step 450/1999 best 17.907
  step 500/1999 best 17.696
  step 550/1999 best 17.590
  step 600/1999 best 17.825
  step 650/1999 best 17.803
  step 700/1999 best 17.594
  step 750/1999 best 17.849
  step 800/1999 best 17.831
  step 850/1999 best 17.853
  step 900/1999 best 17.750
  step 950/1999 best 17.853
  step 1000/1999 best 17.586
  step 1050/1999 best 17.653
  step 1100/1999 best 17.838
  step 1150/1999 best 17.947
  step 1200/1999 best 17.593
  step 1250/1999 best 17.828
  step 1300/1999 best 17.965
  step 1350/1999 best 17.735
  step 1400/1999 best 17.984
  step 1450/1999 best 17.581
  step 1500/1999 best 17.768
  step 1550/1999 best 17.763
  step 1600/1999 best 17.675
  step 1650/1999 best 17.875
  step 1700/1999 best 17.993
  step 1750/1999 best 17.991
  step 1800/1999 best 17.819
  step 1850/1999 best 17.952
  step 1900/1999 best 17.820
  step 1950/1999 best 17.858
saved SBC_CHAINS_cnn_vmim__n1_seed_s1_sim1198_row1016344_noise9156_9335_9514 (240000, 4) acc=0.214
  step 0/1999 best -14.618
  step 50/1999 best 0.737
  step 100/1999 best 2.214
  step 150/1999 best 2.262
  step 200/1999 best 2.318
  step 250/1999 best 3.476
  step 300/1999 best 3.476
  step 350/1999 best 4.353
  step 400/1999 best 4.353
  step 450/1999 best 6.204
  step 500/1999 best 6.224
  step 550/1999 best 8.468
  step 600/1999 best 10.147
  step 650/1999 best 11.682
  step 700/1999 best 11.684
  step 750/1999 best 11.684
  step 800/1999 best 11.684
  step 850/1999 best 11.377
  step 900/1999 best 11.377
  step 950/1999 best 11.251
  step 1000/1999 best 13.761
  step 1050/1999 best 13.682
  step 1100/1999 best 13.031
  step 1150/1999 best 13.945
  step 1200/1999 best 15.469
  step 1250/1999 best 15.708
  step 1300/1999 best 15.171
  step 1350/1999 best 15.142
  step 1400/1999 best 15.867
  step 1450/1999 best 15.870
  step 1500/1999 best 16.170
  step 1550/1999 best 16.899
  step 1600/1999 best 16.899
  step 1650/1999 best 16.938
  step 1700/1999 best 16.953
  step 1750/1999 best 16.923
  step 1800/1999 best 16.797
  step 1850/1999 best 16.681
  step 1900/1999 best 16.647
  step 1950/1999 best 16.735
saved SBC_CHAINS_cnn_vmim__n1_seed_s1_sim421_row399961_noise9185_9364_9543 (240000, 4) acc=0.237
  step 0/1999 best -15.298
  step 50/1999 best 13.613
  step 100/1999 best 15.068
  step 150/1999 best 15.701
  step 200/1999 best 15.897
  step 250/1999 best 15.953
  step 300/1999 best 16.081
  step 350/1999 best 16.042
  step 400/1999 best 16.095
  step 450/1999 best 16.079
  step 500/1999 best 16.175
  step 550/1999 best 16.159
  step 600/1999 best 16.180
  step 650/1999 best 16.117
  step 700/1999 best 16.167
  step 750/1999 best 16.230
  step 800/1999 best 16.198
  step 850/1999 best 16.219
  step 900/1999 best 16.079
  step 950/1999 best 15.939
  step 1000/1999 best 16.039
  step 1050/1999 best 16.018
  step 1100/1999 best 16.169
  step 1150/1999 best 16.100
  step 1200/1999 best 16.142
  step 1250/1999 best 16.043
  step 1300/1999 best 16.138
  step 1350/1999 best 16.141
  step 1400/1999 best 16.140
  step 1450/1999 best 16.163
  step 1500/1999 best 15.997
  step 1550/1999 best 15.999
  step 1600/1999 best 15.941
  step 1650/1999 best 16.113
  step 1700/1999 best 16.188
  step 1750/1999 best 15.921
  step 1800/1999 best 16.121
  step 1850/1999 best 16.124
  step 1900/1999 best 16.164
  step 1950/1999 best 15.954
saved SBC_CHAINS_cnn_vmim__n1_seed_s1_sim812_row761364_noise6468_6647_6826 (240000, 4) acc=0.244
  step 0/1999 best -15.561
  step 50/1999 best 1.338
  step 100/1999 best 2.683
  step 150/1999 best 6.267
  step 200/1999 best 14.708
  step 250/1999 best 14.265
  step 300/1999 best 13.936
  step 350/1999 best 15.021
  step 400/1999 best 15.817
  step 450/1999 best 15.805
  step 500/1999 best 15.441
  step 550/1999 best 15.122
  step 600/1999 best 15.798
  step 650/1999 best 15.849
  step 700/1999 best 15.161
  step 750/1999 best 15.663
  step 800/1999 best 15.779
  step 850/1999 best 15.638
  step 900/1999 best 15.776
  step 950/1999 best 15.583
  step 1000/1999 best 15.538
  step 1050/1999 best 15.813
  step 1100/1999 best 15.806
  step 1150/1999 best 15.822
  step 1200/1999 best 15.817
  step 1250/1999 best 15.848
  step 1300/1999 best 15.477
  step 1350/1999 best 15.707
  step 1400/1999 best 15.853
  step 1450/1999 best 15.666
  step 1500/1999 best 15.592
  step 1550/1999 best 15.704
  step 1600/1999 best 15.684
  step 1650/1999 best 15.550
  step 1700/1999 best 15.716
  step 1750/1999 best 15.740
  step 1800/1999 best 15.895
  step 1850/1999 best 15.675
  step 1900/1999 best 15.793
  step 1950/1999 best 15.716
saved SBC_CHAINS_cnn_vmim__n1_seed_s1_sim1741_row1494753_noise2197_2376_2555 (240000, 4) acc=0.161
  step 0/1999 best -8.629
  step 50/1999 best -1.228
  step 100/1999 best 0.584
  step 150/1999 best 0.432
  step 200/1999 best 0.432
  step 250/1999 best 4.270
  step 300/1999 best 6.190
  step 350/1999 best 6.386
  step 400/1999 best 7.568
  step 450/1999 best 11.847
  step 500/1999 best 14.411
  step 550/1999 best 16.614
  step 600/1999 best 16.626
  step 650/1999 best 16.423
  step 700/1999 best 17.231
  step 750/1999 best 17.095
  step 800/1999 best 16.888
  step 850/1999 best 16.347
  step 900/1999 best 16.766
  step 950/1999 best 16.778
  step 1000/1999 best 17.005
  step 1050/1999 best 16.892
  step 1100/1999 best 17.189
  step 1150/1999 best 17.480
  step 1200/1999 best 17.095
  step 1250/1999 best 17.038
  step 1300/1999 best 16.960
  step 1350/1999 best 17.376
  step 1400/1999 best 17.288
  step 1450/1999 best 17.162
  step 1500/1999 best 17.345
  step 1550/1999 best 16.994
  step 1600/1999 best 17.523
  step 1650/1999 best 17.374
  step 1700/1999 best 17.441
  step 1750/1999 best 17.339
  step 1800/1999 best 17.541
  step 1850/1999 best 17.505
  step 1900/1999 best 17.256
  step 1950/1999 best 17.196
saved SBC_CHAINS_cnn_vmim__n1_seed_s1_sim187_row178275_noise543_722_901 (240000, 4) acc=0.185
  step 0/1999 best -13.160
  step 50/1999 best -2.018
  step 100/1999 best 2.175
  step 150/1999 best 2.421
  step 200/1999 best 2.539
  step 250/1999 best 8.728
  step 300/1999 best 8.728
  step 350/1999 best 8.728
  step 400/1999 best 8.433
  step 450/1999 best 11.343
  step 500/1999 best 11.346
  step 550/1999 best 11.384
  step 600/1999 best 11.955
  step 650/1999 best 14.041
  step 700/1999 best 16.401
  step 750/1999 best 16.218
  step 800/1999 best 16.218
  step 850/1999 best 16.297
  step 900/1999 best 15.281
  step 950/1999 best 15.972
  step 1000/1999 best 16.027
  step 1050/1999 best 15.711
  step 1100/1999 best 16.499
  step 1150/1999 best 16.267
  step 1200/1999 best 15.987
  step 1250/1999 best 16.208
  step 1300/1999 best 16.146
  step 1350/1999 best 16.553
  step 1400/1999 best 16.632
  step 1450/1999 best 16.370
  step 1500/1999 best 16.489
  step 1550/1999 best 16.432
  step 1600/1999 best 16.452
  step 1650/1999 best 16.632
  step 1700/1999 best 16.511
  step 1750/1999 best 16.551
  step 1800/1999 best 16.388
  step 1850/1999 best 16.378
  step 1900/1999 best 16.249
  step 1950/1999 best 16.339
saved SBC_CHAINS_cnn_vmim__n1_seed_s1_sim2048_row1658506_noise4282_4461_4640 (240000, 4) acc=0.160
  step 0/1999 best -9.313
  step 50/1999 best 4.511
  step 100/1999 best 7.562
  step 150/1999 best 7.991
  step 200/1999 best 13.326
  step 250/1999 best 14.336
  step 300/1999 best 16.609
  step 350/1999 best 18.308
  step 400/1999 best 17.152
  step 450/1999 best 18.162
  step 500/1999 best 18.060
  step 550/1999 best 17.943
  step 600/1999 best 18.303
  step 650/1999 best 18.444
  step 700/1999 best 17.975
  step 750/1999 best 18.367
  step 800/1999 best 18.496
  step 850/1999 best 18.509
  step 900/1999 best 18.407
  step 950/1999 best 18.362
  step 1000/1999 best 18.102
  step 1050/1999 best 18.532
  step 1100/1999 best 18.537
  step 1150/1999 best 18.392
  step 1200/1999 best 18.315
  step 1250/1999 best 18.348
  step 1300/1999 best 18.542
  step 1350/1999 best 18.297
  step 1400/1999 best 18.509
  step 1450/1999 best 18.498
  step 1500/1999 best 18.401
  step 1550/1999 best 18.542
  step 1600/1999 best 18.488
  step 1650/1999 best 18.405
  step 1700/1999 best 18.450
  step 1750/1999 best 18.431
  step 1800/1999 best 18.431
  step 1850/1999 best 18.571
  step 1900/1999 best 18.497
  step 1950/1999 best 18.527
saved SBC_CHAINS_cnn_vmim__n1_seed_s1_sim202_row188970_noise6410_6589_6768 (240000, 4) acc=0.153
  step 0/1999 best -9.407
  step 50/1999 best -1.707
  step 100/1999 best -0.325
  step 150/1999 best -0.067
  step 200/1999 best -0.067
  step 250/1999 best 0.004
  step 300/1999 best -1.056
  step 350/1999 best 0.668
  step 400/1999 best 4.246
  step 450/1999 best 2.378
  step 500/1999 best 4.428
  step 550/1999 best 7.823
  step 600/1999 best 8.205
  step 650/1999 best 11.060
  step 700/1999 best 14.970
  step 750/1999 best 14.970
  step 800/1999 best 14.896
  step 850/1999 best 14.920
  step 900/1999 best 15.096
  step 950/1999 best 15.512
  step 1000/1999 best 15.512
  step 1050/1999 best 15.127
  step 1100/1999 best 15.923
  step 1150/1999 best 15.923
  step 1200/1999 best 15.923
  step 1250/1999 best 15.632
  step 1300/1999 best 15.632
  step 1350/1999 best 15.239
  step 1400/1999 best 11.583
  step 1450/1999 best 14.385
  step 1500/1999 best 14.589
  step 1550/1999 best 15.862
  step 1600/1999 best 15.212
  step 1650/1999 best 14.891
  step 1700/1999 best 16.279
  step 1750/1999 best 15.890
  step 1800/1999 best 15.858
  step 1850/1999 best 15.911
  step 1900/1999 best 16.023
  step 1950/1999 best 16.043
saved SBC_CHAINS_cnn_vmim__n1_seed_s1_sim1261_row1079560_noise3576_3755_3934 (240000, 4) acc=0.178
  step 0/1999 best -14.942
  step 50/1999 best 4.054
  step 100/1999 best 14.391
  step 150/1999 best 14.224
  step 200/1999 best 14.389
  step 250/1999 best 14.413
  step 300/1999 best 14.571
  step 350/1999 best 14.480
  step 400/1999 best 14.507
  step 450/1999 best 14.450
  step 500/1999 best 14.447
  step 550/1999 best 14.539
  step 600/1999 best 14.577
  step 650/1999 best 14.540
  step 700/1999 best 14.470
  step 750/1999 best 14.540
  step 800/1999 best 14.333
  step 850/1999 best 14.434
  step 900/1999 best 14.551
  step 950/1999 best 14.331
  step 1000/1999 best 14.477
  step 1050/1999 best 14.545
  step 1100/1999 best 14.420
  step 1150/1999 best 14.529
  step 1200/1999 best 14.580
  step 1250/1999 best 14.531
  step 1300/1999 best 14.563
  step 1350/1999 best 14.483
  step 1400/1999 best 14.465
  step 1450/1999 best 14.313
  step 1500/1999 best 14.544
  step 1550/1999 best 14.577
  step 1600/1999 best 14.477
  step 1650/1999 best 14.548
  step 1700/1999 best 14.378
  step 1750/1999 best 14.490
  step 1800/1999 best 14.336
  step 1850/1999 best 14.482
  step 1900/1999 best 14.595
  step 1950/1999 best 14.597
saved SBC_CHAINS_cnn_vmim__n1_seed_s1_sim676_row627180_noise7876_8055_8234 (240000, 4) acc=0.428
  step 0/1999 best -9.829
  step 50/1999 best 3.174
  step 100/1999 best 6.418
  step 150/1999 best 10.595
  step 200/1999 best 14.030
  step 250/1999 best 15.548
  step 300/1999 best 15.704
  step 350/1999 best 15.604
  step 400/1999 best 15.696
  step 450/1999 best 15.499
  step 500/1999 best 15.424
  step 550/1999 best 15.506
  step 600/1999 best 15.766
  step 650/1999 best 15.572
  step 700/1999 best 15.580
  step 750/1999 best 15.818
  step 800/1999 best 15.691
  step 850/1999 best 15.788
  step 900/1999 best 15.606
  step 950/1999 best 15.733
  step 1000/1999 best 15.722
  step 1050/1999 best 15.698
  step 1100/1999 best 15.667
  step 1150/1999 best 15.644
  step 1200/1999 best 15.717
  step 1250/1999 best 15.611
  step 1300/1999 best 15.683
  step 1350/1999 best 15.690
  step 1400/1999 best 15.767
  step 1450/1999 best 15.601
  step 1500/1999 best 15.652
  step 1550/1999 best 15.589
  step 1600/1999 best 15.661
  step 1650/1999 best 15.704
  step 1700/1999 best 15.711
  step 1750/1999 best 15.724
  step 1800/1999 best 15.675
  step 1850/1999 best 15.459
  step 1900/1999 best 15.639
  step 1950/1999 best 15.599
saved SBC_CHAINS_cnn_vmim__n1_seed_s1_sim219_row205889_noise3673_3852_4031 (240000, 4) acc=0.228
  step 0/1999 best -10.500
  step 50/1999 best 2.907
  step 100/1999 best 2.959
  step 150/1999 best 11.883
  step 200/1999 best 12.049
  step 250/1999 best 12.092
  step 300/1999 best 13.928
  step 350/1999 best 15.517
  step 400/1999 best 15.721
  step 450/1999 best 15.679
  step 500/1999 best 15.488
  step 550/1999 best 15.732
  step 600/1999 best 15.764
  step 650/1999 best 15.730
  step 700/1999 best 15.481
  step 750/1999 best 15.489
  step 800/1999 best 15.554
  step 850/1999 best 15.806
  step 900/1999 best 15.629
  step 950/1999 best 15.549
  step 1000/1999 best 15.322
  step 1050/1999 best 15.496
  step 1100/1999 best 15.573
  step 1150/1999 best 15.497
  step 1200/1999 best 15.557
  step 1250/1999 best 15.521
  step 1300/1999 best 15.772
  step 1350/1999 best 15.694
  step 1400/1999 best 15.352
  step 1450/1999 best 15.651
  step 1500/1999 best 15.636
  step 1550/1999 best 15.807
  step 1600/1999 best 15.642
  step 1650/1999 best 15.698
  step 1700/1999 best 15.741
  step 1750/1999 best 15.617
  step 1800/1999 best 15.671
  step 1850/1999 best 15.756
  step 1900/1999 best 15.721
  step 1950/1999 best 15.501
saved SBC_CHAINS_cnn_vmim__n1_seed_s1_sim2384_row1983604_noise6228_6407_6586 (240000, 4) acc=0.156
  step 0/1999 best -11.910
  step 50/1999 best 0.044
  step 100/1999 best 4.299
  step 150/1999 best 5.113
  step 200/1999 best 12.274
  step 250/1999 best 11.589
  step 300/1999 best 10.845
  step 350/1999 best 17.319
  step 400/1999 best 17.154
  step 450/1999 best 18.235
  step 500/1999 best 17.334
  step 550/1999 best 17.334
  step 600/1999 best 17.886
  step 650/1999 best 17.925
  step 700/1999 best 18.448
  step 750/1999 best 18.626
  step 800/1999 best 18.162
  step 850/1999 best 18.682
  step 900/1999 best 18.320
  step 950/1999 best 18.572
  step 1000/1999 best 18.378
  step 1050/1999 best 18.284
  step 1100/1999 best 18.551
  step 1150/1999 best 18.562
  step 1200/1999 best 18.706
  step 1250/1999 best 18.486
  step 1300/1999 best 18.531
  step 1350/1999 best 18.334
  step 1400/1999 best 18.635
  step 1450/1999 best 18.684
  step 1500/1999 best 18.482
  step 1550/1999 best 18.735
  step 1600/1999 best 18.129
  step 1650/1999 best 18.652
  step 1700/1999 best 18.504
  step 1750/1999 best 18.549
  step 1800/1999 best 18.575
  step 1850/1999 best 18.511
  step 1900/1999 best 18.294
  step 1950/1999 best 18.674
saved SBC_CHAINS_cnn_vmim__n1_seed_s1_sim189_row180378_noise2646_2825_3004 (240000, 4) acc=0.132
  step 0/1999 best -5.969
  step 50/1999 best 0.970
  step 100/1999 best 2.451
  step 150/1999 best 15.012
  step 200/1999 best 13.883
  step 250/1999 best 15.969
  step 300/1999 best 15.140
  step 350/1999 best 14.922
  step 400/1999 best 15.833
  step 450/1999 best 16.304
  step 500/1999 best 15.896
  step 550/1999 best 16.520
  step 600/1999 best 16.066
  step 650/1999 best 16.118
  step 700/1999 best 16.505
  step 750/1999 best 16.220
  step 800/1999 best 16.059
  step 850/1999 best 16.134
  step 900/1999 best 16.279
  step 950/1999 best 16.336
  step 1000/1999 best 16.294
  step 1050/1999 best 16.509
  step 1100/1999 best 16.374
  step 1150/1999 best 16.358
  step 1200/1999 best 16.401
  step 1250/1999 best 16.176
  step 1300/1999 best 16.357
  step 1350/1999 best 16.441
  step 1400/1999 best 16.396
  step 1450/1999 best 16.449
  step 1500/1999 best 16.534
  step 1550/1999 best 16.483
  step 1600/1999 best 16.349
  step 1650/1999 best 16.499
  step 1700/1999 best 16.528
  step 1750/1999 best 16.428
  step 1800/1999 best 16.506
  step 1850/1999 best 16.423
  step 1900/1999 best 16.545
  step 1950/1999 best 16.400
saved SBC_CHAINS_cnn_vmim__n1_seed_s1_sim2072_row1682566_noise8686_8865_9044 (240000, 4) acc=0.291
  step 0/1999 best -20.357
  step 50/1999 best -1.233
  step 100/1999 best 12.253
  step 150/1999 best 12.012
  step 200/1999 best 13.754
  step 250/1999 best 13.727
  step 300/1999 best 13.820
  step 350/1999 best 13.931
  step 400/1999 best 13.723
  step 450/1999 best 13.649
  step 500/1999 best 13.839
  step 550/1999 best 13.767
  step 600/1999 best 13.759
  step 650/1999 best 13.794
  step 700/1999 best 13.837
  step 750/1999 best 13.871
  step 800/1999 best 13.778
  step 850/1999 best 13.822
  step 900/1999 best 13.856
  step 950/1999 best 13.752
  step 1000/1999 best 13.876
  step 1050/1999 best 13.812
  step 1100/1999 best 13.839
  step 1150/1999 best 13.894
  step 1200/1999 best 13.821
  step 1250/1999 best 13.650
  step 1300/1999 best 13.707
  step 1350/1999 best 13.900
  step 1400/1999 best 13.814
  step 1450/1999 best 13.903
  step 1500/1999 best 13.933
  step 1550/1999 best 13.817
  step 1600/1999 best 13.820
  step 1650/1999 best 13.953
  step 1700/1999 best 13.885
  step 1750/1999 best 13.878
  step 1800/1999 best 13.841
  step 1850/1999 best 13.733
  step 1900/1999 best 13.935
  step 1950/1999 best 13.836
saved SBC_CHAINS_cnn_vmim__n1_seed_s1_sim745_row694702_noise8602_8781_8960 (240000, 4) acc=0.225
  step 0/1999 best -13.098
  step 50/1999 best -2.713
  step 100/1999 best 4.106
  step 150/1999 best 10.429
  step 200/1999 best 13.826
  step 250/1999 best 14.120
  step 300/1999 best 13.399
  step 350/1999 best 15.724
  step 400/1999 best 15.662
  step 450/1999 best 15.485
  step 500/1999 best 15.628
  step 550/1999 best 15.691
  step 600/1999 best 15.519
  step 650/1999 best 15.519
  step 700/1999 best 15.873
  step 750/1999 best 15.816
  step 800/1999 best 15.968
  step 850/1999 best 15.781
  step 900/1999 best 15.490
  step 950/1999 best 15.883
  step 1000/1999 best 15.847
  step 1050/1999 best 15.799
  step 1100/1999 best 15.590
  step 1150/1999 best 15.857
  step 1200/1999 best 15.954
  step 1250/1999 best 16.076
  step 1300/1999 best 16.007
  step 1350/1999 best 15.947
  step 1400/1999 best 15.801
  step 1450/1999 best 15.978
  step 1500/1999 best 16.000
  step 1550/1999 best 16.072
  step 1600/1999 best 15.954
  step 1650/1999 best 16.006
  step 1700/1999 best 16.085
  step 1750/1999 best 15.597
  step 1800/1999 best 15.986
  step 1850/1999 best 15.543
  step 1900/1999 best 15.734
  step 1950/1999 best 16.117
saved SBC_CHAINS_cnn_vmim__n1_seed_s1_sim2450_row2049290_noise3118_3297_3476 (240000, 4) acc=0.120
  step 0/1999 best -9.361
  step 50/1999 best -0.266
  step 100/1999 best 3.115
  step 150/1999 best 4.117
  step 200/1999 best 7.421
  step 250/1999 best 12.841
  step 300/1999 best 12.841
  step 350/1999 best 12.590
  step 400/1999 best 14.667
  step 450/1999 best 15.091
  step 500/1999 best 15.078
  step 550/1999 best 15.000
  step 600/1999 best 15.199
  step 650/1999 best 15.144
  step 700/1999 best 15.365
  step 750/1999 best 15.289
  step 800/1999 best 15.043
  step 850/1999 best 15.452
  step 900/1999 best 15.397
  step 950/1999 best 15.453
  step 1000/1999 best 15.401
  step 1050/1999 best 15.455
  step 1100/1999 best 15.137
  step 1150/1999 best 15.401
  step 1200/1999 best 15.493
  step 1250/1999 best 15.494
  step 1300/1999 best 15.345
  step 1350/1999 best 15.385
  step 1400/1999 best 15.471
  step 1450/1999 best 15.157
  step 1500/1999 best 15.171
  step 1550/1999 best 15.413
  step 1600/1999 best 14.976
  step 1650/1999 best 15.096
  step 1700/1999 best 15.269
  step 1750/1999 best 15.057
  step 1800/1999 best 15.355
  step 1850/1999 best 15.497
  step 1900/1999 best 15.460
  step 1950/1999 best 15.398
saved SBC_CHAINS_cnn_vmim__n1_seed_s1_sim2540_row2139055_noise4431_4610_4789 (240000, 4) acc=0.163
  step 0/1999 best -8.940
  step 50/1999 best 2.398
  step 100/1999 best 14.884
  step 150/1999 best 16.225
  step 200/1999 best 16.674
  step 250/1999 best 16.490
  step 300/1999 best 16.706
  step 350/1999 best 16.838
  step 400/1999 best 16.940
  step 450/1999 best 16.856
  step 500/1999 best 16.925
  step 550/1999 best 16.795
  step 600/1999 best 16.867
  step 650/1999 best 16.829
  step 700/1999 best 16.822
  step 750/1999 best 16.961
  step 800/1999 best 16.858
  step 850/1999 best 16.910
  step 900/1999 best 16.944
  step 950/1999 best 16.918
  step 1000/1999 best 16.934
  step 1050/1999 best 16.905
  step 1100/1999 best 16.980
  step 1150/1999 best 16.964
  step 1200/1999 best 16.923
  step 1250/1999 best 16.927
  step 1300/1999 best 16.978
  step 1350/1999 best 16.871
  step 1400/1999 best 16.915
  step 1450/1999 best 16.914
  step 1500/1999 best 16.962
  step 1550/1999 best 16.887
  step 1600/1999 best 16.757
  step 1650/1999 best 16.957
  step 1700/1999 best 16.857
  step 1750/1999 best 16.824
  step 1800/1999 best 16.824
  step 1850/1999 best 16.891
  step 1900/1999 best 16.831
  step 1950/1999 best 16.851
saved SBC_CHAINS_cnn_vmim__n1_seed_s1_sim1755_row1508914_noise6530_6709_6888 (240000, 4) acc=0.325
  step 0/1999 best -5.507
  step 50/1999 best -2.889
  step 100/1999 best 8.501
  step 150/1999 best 12.925
  step 200/1999 best 13.625
  step 250/1999 best 13.832
  step 300/1999 best 13.970
  step 350/1999 best 13.995
  step 400/1999 best 13.976
  step 450/1999 best 13.900
  step 500/1999 best 14.005
  step 550/1999 best 13.835
  step 600/1999 best 13.873
  step 650/1999 best 13.874
  step 700/1999 best 13.757
  step 750/1999 best 13.968
  step 800/1999 best 13.977
  step 850/1999 best 13.985
  step 900/1999 best 13.930
  step 950/1999 best 13.960
  step 1000/1999 best 13.955
  step 1050/1999 best 14.010
  step 1100/1999 best 13.818
  step 1150/1999 best 13.860
  step 1200/1999 best 13.999
  step 1250/1999 best 13.978
  step 1300/1999 best 13.884
  step 1350/1999 best 13.903
  step 1400/1999 best 13.798
  step 1450/1999 best 13.975
  step 1500/1999 best 13.869
  step 1550/1999 best 13.794
  step 1600/1999 best 13.931
  step 1650/1999 best 13.935
  step 1700/1999 best 13.897
  step 1750/1999 best 13.754
  step 1800/1999 best 13.755
  step 1850/1999 best 13.911
  step 1900/1999 best 13.903
  step 1950/1999 best 13.906
saved SBC_CHAINS_cnn_vmim__n1_seed_s1_sim3003_row2598459_noise5919_6098_6277 (240000, 4) acc=0.379
  step 0/1999 best -11.160
  step 50/1999 best 5.890
  step 100/1999 best 9.950
  step 150/1999 best 9.838
  step 200/1999 best 10.002
  step 250/1999 best 10.151
  step 300/1999 best 10.198
  step 350/1999 best 10.212
  step 400/1999 best 10.277
  step 450/1999 best 10.243
  step 500/1999 best 10.124
  step 550/1999 best 10.299
  step 600/1999 best 10.112
  step 650/1999 best 10.246
  step 700/1999 best 10.154
  step 750/1999 best 10.286
  step 800/1999 best 10.253
  step 850/1999 best 10.265
  step 900/1999 best 10.191
  step 950/1999 best 10.090
  step 1000/1999 best 10.231
  step 1050/1999 best 10.070
  step 1100/1999 best 10.130
  step 1150/1999 best 10.136
  step 1200/1999 best 9.937
  step 1250/1999 best 10.294
  step 1300/1999 best 10.219
  step 1350/1999 best 10.280
  step 1400/1999 best 9.991
  step 1450/1999 best 10.178
  step 1500/1999 best 10.235
  step 1550/1999 best 10.236
  step 1600/1999 best 10.212
  step 1650/1999 best 10.187
  step 1700/1999 best 10.274
  step 1750/1999 best 10.182
  step 1800/1999 best 10.111
  step 1850/1999 best 10.199
  step 1900/1999 best 10.277
  step 1950/1999 best 10.030
saved SBC_CHAINS_cnn_vmim__n1_seed_s1_sim2942_row2537811_noise4239_4418_4597 (240000, 4) acc=0.371
  step 0/1999 best -16.751
  step 50/1999 best -1.592
  step 100/1999 best 3.763
  step 150/1999 best 10.440
  step 200/1999 best 10.440
  step 250/1999 best 11.559
  step 300/1999 best 12.321
  step 350/1999 best 14.444
  step 400/1999 best 15.352
  step 450/1999 best 15.031
  step 500/1999 best 15.247
  step 550/1999 best 15.137
  step 600/1999 best 15.421
  step 650/1999 best 15.358
  step 700/1999 best 15.272
  step 750/1999 best 14.942
  step 800/1999 best 15.186
  step 850/1999 best 15.237
  step 900/1999 best 15.352
  step 950/1999 best 15.327
  step 1000/1999 best 15.085
  step 1050/1999 best 15.229
  step 1100/1999 best 15.298
  step 1150/1999 best 15.244
  step 1200/1999 best 15.140
  step 1250/1999 best 15.183
  step 1300/1999 best 15.366
  step 1350/1999 best 15.319
  step 1400/1999 best 15.344
  step 1450/1999 best 15.183
  step 1500/1999 best 15.246
  step 1550/1999 best 15.344
  step 1600/1999 best 15.216
  step 1650/1999 best 15.242
  step 1700/1999 best 15.082
  step 1750/1999 best 15.412
  step 1800/1999 best 15.364
  step 1850/1999 best 15.340
  step 1900/1999 best 15.294
  step 1950/1999 best 15.247
saved SBC_CHAINS_cnn_vmim__n1_seed_s1_sim2404_row2003844_noise6812_6991_7170 (240000, 4) acc=0.212
  step 0/1999 best -9.027
  step 50/1999 best 2.680
  step 100/1999 best 8.388
  step 150/1999 best 8.641
  step 200/1999 best 7.543
  step 250/1999 best 11.955
  step 300/1999 best 12.700
  step 350/1999 best 13.454
  step 400/1999 best 13.690
  step 450/1999 best 14.663
  step 500/1999 best 14.581
  step 550/1999 best 14.622
  step 600/1999 best 14.213
  step 650/1999 best 14.422
  step 700/1999 best 14.560
  step 750/1999 best 14.557
  step 800/1999 best 14.381
  step 850/1999 best 14.659
  step 900/1999 best 14.439
  step 950/1999 best 14.712
  step 1000/1999 best 14.720
  step 1050/1999 best 14.606
  step 1100/1999 best 14.774
  step 1150/1999 best 14.616
  step 1200/1999 best 14.498
  step 1250/1999 best 14.521
  step 1300/1999 best 14.619
  step 1350/1999 best 14.323
  step 1400/1999 best 14.585
  step 1450/1999 best 14.542
  step 1500/1999 best 14.573
  step 1550/1999 best 14.468
  step 1600/1999 best 14.432
  step 1650/1999 best 14.684
  step 1700/1999 best 14.760
  step 1750/1999 best 14.327
  step 1800/1999 best 14.451
  step 1850/1999 best 14.565
  step 1900/1999 best 14.571
  step 1950/1999 best 14.525
saved SBC_CHAINS_cnn_vmim__n1_seed_s1_sim2467_row2066632_noise804_983_1162 (240000, 4) acc=0.207
  step 0/1999 best -17.587
  step 50/1999 best -5.122
  step 100/1999 best -1.266
  step 150/1999 best 11.462
  step 200/1999 best 9.733
  step 250/1999 best 11.344
  step 300/1999 best 12.712
  step 350/1999 best 12.964
  step 400/1999 best 12.902
  step 450/1999 best 12.911
  step 500/1999 best 12.906
  step 550/1999 best 13.064
  step 600/1999 best 13.035
  step 650/1999 best 13.012
  step 700/1999 best 12.911
  step 750/1999 best 12.893
  step 800/1999 best 12.827
  step 850/1999 best 12.941
  step 900/1999 best 13.099
  step 950/1999 best 13.013
  step 1000/1999 best 13.030
  step 1050/1999 best 12.916
  step 1100/1999 best 13.100
  step 1150/1999 best 13.052
  step 1200/1999 best 12.753
  step 1250/1999 best 13.070
  step 1300/1999 best 12.697
  step 1350/1999 best 12.970
  step 1400/1999 best 12.847
  step 1450/1999 best 13.093
  step 1500/1999 best 12.967
  step 1550/1999 best 13.066
  step 1600/1999 best 12.846
  step 1650/1999 best 12.983
  step 1700/1999 best 13.076
  step 1750/1999 best 13.013
  step 1800/1999 best 12.700
  step 1850/1999 best 12.964
  step 1900/1999 best 12.897
  step 1950/1999 best 12.946
saved SBC_CHAINS_cnn_vmim__n1_seed_s1_sim2978_row2573848_noise964_1143_1322 (240000, 4) acc=0.237
  step 0/1999 best -3.575
  step 50/1999 best 9.374
  step 100/1999 best 14.058
  step 150/1999 best 15.731
  step 200/1999 best 15.698
  step 250/1999 best 17.219
  step 300/1999 best 16.790
  step 350/1999 best 17.247
  step 400/1999 best 16.836
  step 450/1999 best 16.917
  step 500/1999 best 17.107
  step 550/1999 best 16.919
  step 600/1999 best 16.801
  step 650/1999 best 17.074
  step 700/1999 best 16.940
  step 750/1999 best 17.215
  step 800/1999 best 16.464
  step 850/1999 best 16.945
  step 900/1999 best 17.191
  step 950/1999 best 17.102
  step 1000/1999 best 17.231
  step 1050/1999 best 17.316
  step 1100/1999 best 17.038
  step 1150/1999 best 17.128
  step 1200/1999 best 17.168
  step 1250/1999 best 17.143
  step 1300/1999 best 17.048
  step 1350/1999 best 17.196
  step 1400/1999 best 17.264
  step 1450/1999 best 17.223
  step 1500/1999 best 17.258
  step 1550/1999 best 17.148
  step 1600/1999 best 17.069
  step 1650/1999 best 17.251
  step 1700/1999 best 17.237
  step 1750/1999 best 17.187
  step 1800/1999 best 17.054
  step 1850/1999 best 17.322
  step 1900/1999 best 17.011
  step 1950/1999 best 17.068
saved SBC_CHAINS_cnn_vmim__n1_seed_s1_sim1448_row1230688_noise3972_4151_4330 (240000, 4) acc=0.303
  step 0/1999 best -11.242
  step 50/1999 best 0.655
  step 100/1999 best 5.855
  step 150/1999 best 11.111
  step 200/1999 best 13.247
  step 250/1999 best 14.110
  step 300/1999 best 13.892
  step 350/1999 best 14.028
  step 400/1999 best 13.935
  step 450/1999 best 14.128
  step 500/1999 best 14.199
  step 550/1999 best 13.806
  step 600/1999 best 13.972
  step 650/1999 best 14.040
  step 700/1999 best 13.996
  step 750/1999 best 13.897
  step 800/1999 best 13.979
  step 850/1999 best 14.033
  step 900/1999 best 14.065
  step 950/1999 best 14.060
  step 1000/1999 best 14.221
  step 1050/1999 best 14.008
  step 1100/1999 best 14.051
  step 1150/1999 best 14.122
  step 1200/1999 best 14.106
  step 1250/1999 best 13.974
  step 1300/1999 best 14.091
  step 1350/1999 best 14.085
  step 1400/1999 best 14.172
  step 1450/1999 best 14.127
  step 1500/1999 best 14.162
  step 1550/1999 best 14.040
  step 1600/1999 best 14.185
  step 1650/1999 best 14.091
  step 1700/1999 best 14.037
  step 1750/1999 best 14.093
  step 1800/1999 best 14.034
  step 1850/1999 best 14.015
  step 1900/1999 best 14.066
  step 1950/1999 best 14.168
saved SBC_CHAINS_cnn_vmim__n1_seed_s1_sim2480_row2079936_noise4280_4459_4638 (240000, 4) acc=0.244
  step 0/1999 best -15.480
  step 50/1999 best 6.176
  step 100/1999 best 9.149
  step 150/1999 best 10.861
  step 200/1999 best 11.057
  step 250/1999 best 11.018
  step 300/1999 best 10.965
  step 350/1999 best 11.003
  step 400/1999 best 11.038
  step 450/1999 best 10.918
  step 500/1999 best 11.037
  step 550/1999 best 11.017
  step 600/1999 best 11.001
  step 650/1999 best 11.119
  step 700/1999 best 11.009
  step 750/1999 best 10.760
  step 800/1999 best 11.170
  step 850/1999 best 11.117
  step 900/1999 best 10.965
  step 950/1999 best 11.136
  step 1000/1999 best 11.040
  step 1050/1999 best 11.116
  step 1100/1999 best 11.015
  step 1150/1999 best 10.954
  step 1200/1999 best 11.033
  step 1250/1999 best 11.094
  step 1300/1999 best 11.081
  step 1350/1999 best 11.098
  step 1400/1999 best 11.089
  step 1450/1999 best 11.051
  step 1500/1999 best 11.000
  step 1550/1999 best 11.015
  step 1600/1999 best 11.108
  step 1650/1999 best 10.974
  step 1700/1999 best 11.128
  step 1750/1999 best 11.080
  step 1800/1999 best 11.103
  step 1850/1999 best 10.937
  step 1900/1999 best 10.881
  step 1950/1999 best 11.064
saved SBC_CHAINS_cnn_vmim__n1_seed_s1_sim2846_row2441655_noise6363_6542_6721 (240000, 4) acc=0.364
  step 0/1999 best -21.585
  step 50/1999 best 2.592
  step 100/1999 best 5.991
  step 150/1999 best 12.522
  step 200/1999 best 11.361
  step 250/1999 best 13.045
  step 300/1999 best 14.959
  step 350/1999 best 15.068
  step 400/1999 best 15.701
  step 450/1999 best 15.713
  step 500/1999 best 15.796
  step 550/1999 best 15.721
  step 600/1999 best 15.800
  step 650/1999 best 15.764
  step 700/1999 best 15.845
  step 750/1999 best 15.873
  step 800/1999 best 15.776
  step 850/1999 best 15.791
  step 900/1999 best 15.785
  step 950/1999 best 15.673
  step 1000/1999 best 15.794
  step 1050/1999 best 15.899
  step 1100/1999 best 15.835
  step 1150/1999 best 15.852
  step 1200/1999 best 15.742
  step 1250/1999 best 15.779
  step 1300/1999 best 15.878
  step 1350/1999 best 15.839
  step 1400/1999 best 15.776
  step 1450/1999 best 15.791
  step 1500/1999 best 15.778
  step 1550/1999 best 15.729
  step 1600/1999 best 15.811
  step 1650/1999 best 15.890
  step 1700/1999 best 15.869
  step 1750/1999 best 15.794
  step 1800/1999 best 15.865
  step 1850/1999 best 15.843
  step 1900/1999 best 15.840
  step 1950/1999 best 15.850
saved SBC_CHAINS_cnn_vmim__n1_seed_s1_sim1220_row1038387_noise1715_1894_2073 (240000, 4) acc=0.284
  step 0/1999 best -12.259
  step 50/1999 best 9.617
  step 100/1999 best 11.445
  step 150/1999 best 11.760
  step 200/1999 best 12.627
  step 250/1999 best 12.588
  step 300/1999 best 12.554
  step 350/1999 best 13.048
  step 400/1999 best 12.646
  step 450/1999 best 13.047
  step 500/1999 best 12.766
  step 550/1999 best 12.892
  step 600/1999 best 12.804
  step 650/1999 best 13.090
  step 700/1999 best 12.982
  step 750/1999 best 12.963
  step 800/1999 best 12.966
  step 850/1999 best 13.063
  step 900/1999 best 13.000
  step 950/1999 best 12.937
  step 1000/1999 best 13.005
  step 1050/1999 best 12.930
  step 1100/1999 best 12.977
  step 1150/1999 best 13.032
  step 1200/1999 best 13.033
  step 1250/1999 best 12.977
  step 1300/1999 best 13.026
  step 1350/1999 best 12.890
  step 1400/1999 best 12.861
  step 1450/1999 best 12.937
  step 1500/1999 best 13.032
  step 1550/1999 best 12.843
  step 1600/1999 best 12.894
  step 1650/1999 best 12.994
  step 1700/1999 best 12.970
  step 1750/1999 best 13.015
  step 1800/1999 best 12.993
  step 1850/1999 best 13.011
  step 1900/1999 best 12.946
  step 1950/1999 best 12.944
saved SBC_CHAINS_cnn_vmim__n1_seed_s1_sim1543_row1320408_noise412_591_770 (240000, 4) acc=0.342
  step 0/1999 best -14.452
  step 50/1999 best -0.553
  step 100/1999 best 1.701
  step 150/1999 best 10.503
  step 200/1999 best 12.633
  step 250/1999 best 16.023
  step 300/1999 best 16.009
  step 350/1999 best 16.077
  step 400/1999 best 15.942
  step 450/1999 best 16.133
  step 500/1999 best 16.359
  step 550/1999 best 16.116
  step 600/1999 best 16.300
  step 650/1999 best 16.083
  step 700/1999 best 16.181
  step 750/1999 best 15.993
  step 800/1999 best 16.298
  step 850/1999 best 16.000
  step 900/1999 best 16.129
  step 950/1999 best 16.409
  step 1000/1999 best 16.533
  step 1050/1999 best 16.114
  step 1100/1999 best 16.201
  step 1150/1999 best 16.320
  step 1200/1999 best 16.403
  step 1250/1999 best 16.059
  step 1300/1999 best 16.333
  step 1350/1999 best 16.192
  step 1400/1999 best 16.323
  step 1450/1999 best 16.256
  step 1500/1999 best 16.272
  step 1550/1999 best 16.454
  step 1600/1999 best 16.228
  step 1650/1999 best 16.155
  step 1700/1999 best 16.540
  step 1750/1999 best 16.270
  step 1800/1999 best 16.045
  step 1850/1999 best 16.297
  step 1900/1999 best 16.150
  step 1950/1999 best 16.285
saved SBC_CHAINS_cnn_vmim__n1_seed_s1_sim969_row918291_noise6147_6326_6505 (240000, 4) acc=0.143
  step 0/1999 best -9.579
  step 50/1999 best -0.030
  step 100/1999 best -0.030
  step 150/1999 best 7.727
  step 200/1999 best 8.140
  step 250/1999 best 8.140
  step 300/1999 best 8.680
  step 350/1999 best 17.001
  step 400/1999 best 18.294
  step 450/1999 best 18.294
  step 500/1999 best 18.161
  step 550/1999 best 17.378
  step 600/1999 best 16.299
  step 650/1999 best 16.441
  step 700/1999 best 18.284
  step 750/1999 best 18.057
  step 800/1999 best 18.204
  step 850/1999 best 18.399
  step 900/1999 best 18.041
  step 950/1999 best 18.094
  step 1000/1999 best 17.724
  step 1050/1999 best 17.924
  step 1100/1999 best 17.796
  step 1150/1999 best 18.171
  step 1200/1999 best 18.438
  step 1250/1999 best 18.168
  step 1300/1999 best 17.679
  step 1350/1999 best 18.218
  step 1400/1999 best 18.293
  step 1450/1999 best 18.293
  step 1500/1999 best 18.278
  step 1550/1999 best 18.087
  step 1600/1999 best 17.927
  step 1650/1999 best 17.951
  step 1700/1999 best 18.174
  step 1750/1999 best 18.313
  step 1800/1999 best 17.671
  step 1850/1999 best 17.671
  step 1900/1999 best 18.013
  step 1950/1999 best 18.390
saved SBC_CHAINS_cnn_vmim__n1_seed_s1_sim345_row331207_noise1227_1406_1585 (240000, 4) acc=0.153
  step 0/1999 best -12.279
  step 50/1999 best 5.259
  step 100/1999 best 11.413
  step 150/1999 best 11.961
  step 200/1999 best 12.287
  step 250/1999 best 12.303
  step 300/1999 best 12.338
  step 350/1999 best 12.299
  step 400/1999 best 12.235
  step 450/1999 best 12.395
  step 500/1999 best 12.276
  step 550/1999 best 12.190
  step 600/1999 best 12.277
  step 650/1999 best 12.162
  step 700/1999 best 12.375
  step 750/1999 best 12.240
  step 800/1999 best 12.383
  step 850/1999 best 12.170
  step 900/1999 best 12.160
  step 950/1999 best 12.219
  step 1000/1999 best 12.329
  step 1050/1999 best 12.230
  step 1100/1999 best 12.338
  step 1150/1999 best 12.273
  step 1200/1999 best 12.038
  step 1250/1999 best 12.241
  step 1300/1999 best 12.383
  step 1350/1999 best 12.215
  step 1400/1999 best 12.317
  step 1450/1999 best 12.150
  step 1500/1999 best 12.284
  step 1550/1999 best 12.173
  step 1600/1999 best 12.082
  step 1650/1999 best 12.284
  step 1700/1999 best 12.318
  step 1750/1999 best 12.199
  step 1800/1999 best 12.162
  step 1850/1999 best 12.121
  step 1900/1999 best 12.293
  step 1950/1999 best 12.388
saved SBC_CHAINS_cnn_vmim__n1_seed_s1_sim3092_row2687675_noise6683_6862_7041 (240000, 4) acc=0.292
  step 0/1999 best -9.718
  step 50/1999 best -0.048
  step 100/1999 best 2.552
  step 150/1999 best 6.500
  step 200/1999 best 11.521
  step 250/1999 best 10.550
  step 300/1999 best 11.849
  step 350/1999 best 12.764
  step 400/1999 best 12.712
  step 450/1999 best 12.761
  step 500/1999 best 12.825
  step 550/1999 best 12.782
  step 600/1999 best 12.711
  step 650/1999 best 12.860
  step 700/1999 best 12.686
  step 750/1999 best 12.689
  step 800/1999 best 12.693
  step 850/1999 best 12.622
  step 900/1999 best 12.822
  step 950/1999 best 12.665
  step 1000/1999 best 12.829
  step 1050/1999 best 12.761
  step 1100/1999 best 12.856
  step 1150/1999 best 12.761
  step 1200/1999 best 12.712
  step 1250/1999 best 12.843
  step 1300/1999 best 12.649
  step 1350/1999 best 12.659
  step 1400/1999 best 12.749
  step 1450/1999 best 12.798
  step 1500/1999 best 12.700
  step 1550/1999 best 12.720
  step 1600/1999 best 12.777
  step 1650/1999 best 12.655
  step 1700/1999 best 12.681
  step 1750/1999 best 12.782
  step 1800/1999 best 12.620
  step 1850/1999 best 12.788
  step 1900/1999 best 12.724
  step 1950/1999 best 12.790
saved SBC_CHAINS_cnn_vmim__n1_seed_s1_sim2479_row2078505_noise2849_3028_3207 (240000, 4) acc=0.305
  step 0/1999 best -13.999
  step 50/1999 best 13.377
  step 100/1999 best 11.110
  step 150/1999 best 14.150
  step 200/1999 best 14.987
  step 250/1999 best 16.100
  step 300/1999 best 15.997
  step 350/1999 best 16.013
  step 400/1999 best 15.953
  step 450/1999 best 16.237
  step 500/1999 best 16.248
  step 550/1999 best 16.261
  step 600/1999 best 16.098
  step 650/1999 best 16.128
  step 700/1999 best 16.274
  step 750/1999 best 16.232
  step 800/1999 best 16.131
  step 850/1999 best 16.129
  step 900/1999 best 16.237
  step 950/1999 best 16.209
  step 1000/1999 best 16.284
  step 1050/1999 best 16.252
  step 1100/1999 best 16.260
  step 1150/1999 best 16.146
  step 1200/1999 best 16.227
  step 1250/1999 best 16.179
  step 1300/1999 best 16.104
  step 1350/1999 best 16.249
  step 1400/1999 best 16.184
  step 1450/1999 best 16.168
  step 1500/1999 best 16.166
  step 1550/1999 best 16.219
  step 1600/1999 best 16.216
  step 1650/1999 best 16.127
  step 1700/1999 best 16.246
  step 1750/1999 best 16.262
  step 1800/1999 best 16.149
  step 1850/1999 best 16.254
  step 1900/1999 best 16.026
  step 1950/1999 best 16.109
saved SBC_CHAINS_cnn_vmim__n1_seed_s1_sim658_row611662_noise186_365_544 (240000, 4) acc=0.267
  step 0/1999 best -11.403
  step 50/1999 best 1.530
  step 100/1999 best 6.638
  step 150/1999 best 12.910
  step 200/1999 best 14.347
  step 250/1999 best 14.112
  step 300/1999 best 14.306
  step 350/1999 best 14.617
  step 400/1999 best 14.562
  step 450/1999 best 14.458
  step 500/1999 best 14.487
  step 550/1999 best 14.525
  step 600/1999 best 14.620
  step 650/1999 best 14.516
  step 700/1999 best 14.647
  step 750/1999 best 14.537
  step 800/1999 best 14.554
  step 850/1999 best 14.662
  step 900/1999 best 14.526
  step 950/1999 best 14.476
  step 1000/1999 best 14.691
  step 1050/1999 best 14.529
  step 1100/1999 best 14.679
  step 1150/1999 best 14.628
  step 1200/1999 best 14.539
  step 1250/1999 best 14.560
  step 1300/1999 best 14.554
  step 1350/1999 best 14.543
  step 1400/1999 best 14.594
  step 1450/1999 best 14.554
  step 1500/1999 best 14.582
  step 1550/1999 best 14.570
  step 1600/1999 best 14.539
  step 1650/1999 best 14.666
  step 1700/1999 best 14.558
  step 1750/1999 best 14.593
  step 1800/1999 best 14.688
  step 1850/1999 best 14.532
  step 1900/1999 best 14.589
  step 1950/1999 best 14.621
saved SBC_CHAINS_cnn_vmim__n1_seed_s1_sim211_row197647_noise5259_5438_5617 (240000, 4) acc=0.265
  step 0/1999 best -4.517
  step 50/1999 best -0.483
  step 100/1999 best 10.070
  step 150/1999 best 10.704
  step 200/1999 best 14.203
  step 250/1999 best 12.986
  step 300/1999 best 11.268
  step 350/1999 best 11.683
  step 400/1999 best 12.811
  step 450/1999 best 14.912
  step 500/1999 best 14.721
  step 550/1999 best 13.366
  step 600/1999 best 13.793
  step 650/1999 best 14.602
  step 700/1999 best 14.810
  step 750/1999 best 15.107
  step 800/1999 best 15.428
  step 850/1999 best 15.185
  step 900/1999 best 15.110
  step 950/1999 best 15.228
  step 1000/1999 best 15.415
  step 1050/1999 best 15.349
  step 1100/1999 best 15.607
  step 1150/1999 best 15.501
  step 1200/1999 best 15.726
  step 1250/1999 best 15.258
  step 1300/1999 best 15.513
  step 1350/1999 best 15.723
  step 1400/1999 best 15.607
  step 1450/1999 best 15.643
  step 1500/1999 best 15.697
  step 1550/1999 best 15.655
  step 1600/1999 best 15.472
  step 1650/1999 best 15.662
  step 1700/1999 best 15.088
  step 1750/1999 best 15.406
  step 1800/1999 best 15.501
  step 1850/1999 best 15.551
  step 1900/1999 best 15.454
  step 1950/1999 best 15.559
saved SBC_CHAINS_cnn_vmim__n1_seed_s1_sim2092_row1702479_noise8943_9122_9301 (240000, 4) acc=0.332
  step 0/1999 best -10.185
  step 50/1999 best 1.807
  step 100/1999 best 10.495
  step 150/1999 best 11.014
  step 200/1999 best 12.518
  step 250/1999 best 13.837
  step 300/1999 best 13.920
  step 350/1999 best 14.380
  step 400/1999 best 14.385
  step 450/1999 best 14.238
  step 500/1999 best 14.238
  step 550/1999 best 12.666
  step 600/1999 best 12.014
  step 650/1999 best 13.101
  step 700/1999 best 13.082
  step 750/1999 best 13.440
  step 800/1999 best 13.709
  step 850/1999 best 14.344
  step 900/1999 best 14.569
  step 950/1999 best 14.159
  step 1000/1999 best 14.082
  step 1050/1999 best 14.506
  step 1100/1999 best 14.209
  step 1150/1999 best 14.419
  step 1200/1999 best 14.322
  step 1250/1999 best 14.590
  step 1300/1999 best 14.502
  step 1350/1999 best 14.206
  step 1400/1999 best 14.526
  step 1450/1999 best 14.479
  step 1500/1999 best 14.624
  step 1550/1999 best 14.830
  step 1600/1999 best 14.605
  step 1650/1999 best 14.549
  step 1700/1999 best 14.576
  step 1750/1999 best 14.402
  step 1800/1999 best 14.581
  step 1850/1999 best 14.247
  step 1900/1999 best 14.577
  step 1950/1999 best 14.610
saved SBC_CHAINS_cnn_vmim__n1_seed_s1_sim2091_row1701511_noise7975_8154_8333 (240000, 4) acc=0.346
  step 0/1999 best -17.483
  step 50/1999 best 3.615
  step 100/1999 best 10.213
  step 150/1999 best 13.337
  step 200/1999 best 13.337
  step 250/1999 best 16.494
  step 300/1999 best 16.494
  step 350/1999 best 17.402
  step 400/1999 best 17.038
  step 450/1999 best 16.936
  step 500/1999 best 17.258
  step 550/1999 best 17.259
  step 600/1999 best 17.200
  step 650/1999 best 17.299
  step 700/1999 best 17.225
  step 750/1999 best 17.280
  step 800/1999 best 17.514
  step 850/1999 best 17.334
  step 900/1999 best 17.352
  step 950/1999 best 17.452
  step 1000/1999 best 17.356
  step 1050/1999 best 17.433
  step 1100/1999 best 17.454
  step 1150/1999 best 17.375
  step 1200/1999 best 17.259
  step 1250/1999 best 17.509
  step 1300/1999 best 17.367
  step 1350/1999 best 17.456
  step 1400/1999 best 17.309
  step 1450/1999 best 17.420
  step 1500/1999 best 17.399
  step 1550/1999 best 17.495
  step 1600/1999 best 17.404
  step 1650/1999 best 17.445
  step 1700/1999 best 17.473
  step 1750/1999 best 17.434
  step 1800/1999 best 17.440
  step 1850/1999 best 17.521
  step 1900/1999 best 17.287
  step 1950/1999 best 17.436
saved SBC_CHAINS_cnn_vmim__n1_seed_s1_sim1750_row1503032_noise648_827_1006 (240000, 4) acc=0.203
  step 0/1999 best -16.593
  step 50/1999 best 1.924
  step 100/1999 best 3.196
  step 150/1999 best 9.105
  step 200/1999 best 11.852
  step 250/1999 best 13.647
  step 300/1999 best 13.642
  step 350/1999 best 13.939
  step 400/1999 best 14.098
  step 450/1999 best 14.018
  step 500/1999 best 13.890
  step 550/1999 best 14.071
  step 600/1999 best 13.849
  step 650/1999 best 14.050
  step 700/1999 best 14.126
  step 750/1999 best 14.028
  step 800/1999 best 14.140
  step 850/1999 best 14.104
  step 900/1999 best 14.055
  step 950/1999 best 14.026
  step 1000/1999 best 13.979
  step 1050/1999 best 14.098
  step 1100/1999 best 14.060
  step 1150/1999 best 14.113
  step 1200/1999 best 14.024
  step 1250/1999 best 14.087
  step 1300/1999 best 14.039
  step 1350/1999 best 14.057
  step 1400/1999 best 14.097
  step 1450/1999 best 14.037
  step 1500/1999 best 13.995
  step 1550/1999 best 14.008
  step 1600/1999 best 14.089
  step 1650/1999 best 14.033
  step 1700/1999 best 14.029
  step 1750/1999 best 14.148
  step 1800/1999 best 14.117
  step 1850/1999 best 13.965
  step 1900/1999 best 14.050
  step 1950/1999 best 14.069
saved SBC_CHAINS_cnn_vmim__n1_seed_s1_sim3076_row2671273_noise109_288_467 (240000, 4) acc=0.269
  step 0/1999 best -4.801
  step 50/1999 best -3.474
  step 100/1999 best -3.608
  step 150/1999 best -3.609
  step 200/1999 best -2.148
  step 250/1999 best -1.910
  step 300/1999 best 0.640
  step 350/1999 best 3.215
  step 400/1999 best 5.882
  step 450/1999 best 6.798
  step 500/1999 best 11.419
  step 550/1999 best 11.419
  step 600/1999 best 12.543
  step 650/1999 best 13.524
  step 700/1999 best 13.524
  step 750/1999 best 13.598
  step 800/1999 best 14.963
  step 850/1999 best 14.751
  step 900/1999 best 14.547
  step 950/1999 best 14.513
  step 1000/1999 best 14.976
  step 1050/1999 best 15.313
  step 1100/1999 best 15.160
  step 1150/1999 best 15.564
  step 1200/1999 best 15.461
  step 1250/1999 best 15.319
  step 1300/1999 best 15.640
  step 1350/1999 best 15.476
  step 1400/1999 best 15.642
  step 1450/1999 best 16.049
  step 1500/1999 best 15.536
  step 1550/1999 best 15.503
  step 1600/1999 best 15.898
  step 1650/1999 best 15.700
  step 1700/1999 best 15.708
  step 1750/1999 best 15.301
  step 1800/1999 best 15.493
  step 1850/1999 best 15.141
  step 1900/1999 best 15.793
  step 1950/1999 best 15.901
saved SBC_CHAINS_cnn_vmim__n1_seed_s1_sim2524_row2123265_noise8297_8476_8655 (240000, 4) acc=0.156
  step 0/1999 best -9.114
  step 50/1999 best 8.417
  step 100/1999 best 11.415
  step 150/1999 best 11.409
  step 200/1999 best 12.133
  step 250/1999 best 12.358
  step 300/1999 best 12.031
  step 350/1999 best 12.462
  step 400/1999 best 12.549
  step 450/1999 best 12.454
  step 500/1999 best 12.184
  step 550/1999 best 12.276
  step 600/1999 best 12.584
  step 650/1999 best 12.373
  step 700/1999 best 12.338
  step 750/1999 best 12.340
  step 800/1999 best 12.499
  step 850/1999 best 12.250
  step 900/1999 best 12.525
  step 950/1999 best 12.307
  step 1000/1999 best 12.366
  step 1050/1999 best 12.482
  step 1100/1999 best 12.477
  step 1150/1999 best 12.366
  step 1200/1999 best 12.493
  step 1250/1999 best 12.488
  step 1300/1999 best 12.553
  step 1350/1999 best 12.403
  step 1400/1999 best 12.460
  step 1450/1999 best 12.266
  step 1500/1999 best 12.188
  step 1550/1999 best 12.425
  step 1600/1999 best 12.325
  step 1650/1999 best 12.401
  step 1700/1999 best 12.464
  step 1750/1999 best 12.477
  step 1800/1999 best 12.310
  step 1850/1999 best 12.421
  step 1900/1999 best 12.505
  step 1950/1999 best 12.556
saved SBC_CHAINS_cnn_vmim__n1_seed_s1_sim920_row869783_noise6779_6958_7137 (240000, 4) acc=0.201
  step 0/1999 best -15.499
  step 50/1999 best -2.882
  step 100/1999 best -3.179
  step 150/1999 best -1.863
  step 200/1999 best -1.116
  step 250/1999 best -1.745
  step 300/1999 best -1.547
  step 350/1999 best -1.169
  step 400/1999 best -0.731
  step 450/1999 best -0.425
  step 500/1999 best -1.253
  step 550/1999 best -1.331
  step 600/1999 best 0.990
  step 650/1999 best 1.141
  step 700/1999 best 3.669
  step 750/1999 best 2.009
  step 800/1999 best 6.860
  step 850/1999 best 8.727
  step 900/1999 best 10.088
  step 950/1999 best 10.785
  step 1000/1999 best 10.785
  step 1050/1999 best 10.983
  step 1100/1999 best 10.901
  step 1150/1999 best 10.901
  step 1200/1999 best 10.520
  step 1250/1999 best 10.520
  step 1300/1999 best 10.520
  step 1350/1999 best 10.520
  step 1400/1999 best 10.669
  step 1450/1999 best 13.910
  step 1500/1999 best 13.910
  step 1550/1999 best 13.910
  step 1600/1999 best 14.911
  step 1650/1999 best 14.911
  step 1700/1999 best 14.911
  step 1750/1999 best 14.259
  step 1800/1999 best 14.277
  step 1850/1999 best 15.569
  step 1900/1999 best 15.618
  step 1950/1999 best 15.999
saved SBC_CHAINS_cnn_vmim__n1_seed_s1_sim334_row320027_noise9703_54_233 (240000, 4) acc=0.191
  step 0/1999 best -10.151
  step 50/1999 best 0.469
  step 100/1999 best 2.625
  step 150/1999 best 4.989
  step 200/1999 best 12.514
  step 250/1999 best 12.989
  step 300/1999 best 13.224
  step 350/1999 best 12.617
  step 400/1999 best 17.123
  step 450/1999 best 17.123
  step 500/1999 best 17.489
  step 550/1999 best 17.645
  step 600/1999 best 17.539
  step 650/1999 best 17.559
  step 700/1999 best 17.559
  step 750/1999 best 17.827
  step 800/1999 best 17.427
  step 850/1999 best 17.729
  step 900/1999 best 17.997
  step 950/1999 best 17.768
  step 1000/1999 best 17.990
  step 1050/1999 best 17.713
  step 1100/1999 best 17.812
  step 1150/1999 best 17.668
  step 1200/1999 best 17.607
  step 1250/1999 best 17.979
  step 1300/1999 best 18.037
  step 1350/1999 best 17.744
  step 1400/1999 best 17.824
  step 1450/1999 best 17.794
  step 1500/1999 best 17.865
  step 1550/1999 best 18.042
  step 1600/1999 best 17.662
  step 1650/1999 best 17.895
  step 1700/1999 best 17.748
  step 1750/1999 best 17.965
  step 1800/1999 best 17.945
  step 1850/1999 best 17.800
  step 1900/1999 best 17.931
  step 1950/1999 best 17.734
saved SBC_CHAINS_cnn_vmim__n1_seed_s1_sim344_row330917_noise937_1116_1295 (240000, 4) acc=0.193
  step 0/1999 best -13.605
  step 50/1999 best -0.763
  step 100/1999 best 5.544
  step 150/1999 best 5.593
  step 200/1999 best 8.208
  step 250/1999 best 8.208
  step 300/1999 best 8.208
  step 350/1999 best 8.208
  step 400/1999 best 12.154
  step 450/1999 best 12.893
  step 500/1999 best 12.893
  step 550/1999 best 12.862
  step 600/1999 best 12.902
  step 650/1999 best 12.902
  step 700/1999 best 12.047
  step 750/1999 best 12.047
  step 800/1999 best 13.448
  step 850/1999 best 13.684
  step 900/1999 best 13.629
  step 950/1999 best 14.055
  step 1000/1999 best 13.600
  step 1050/1999 best 13.557
  step 1100/1999 best 14.094
  step 1150/1999 best 13.650
  step 1200/1999 best 13.519
  step 1250/1999 best 14.464
  step 1300/1999 best 14.145
  step 1350/1999 best 13.296
  step 1400/1999 best 13.742
  step 1450/1999 best 13.869
  step 1500/1999 best 13.869
  step 1550/1999 best 13.620
  step 1600/1999 best 13.685
  step 1650/1999 best 14.082
  step 1700/1999 best 13.521
  step 1750/1999 best 14.311
  step 1800/1999 best 14.188
  step 1850/1999 best 13.570
  step 1900/1999 best 14.076
  step 1950/1999 best 14.261
saved SBC_CHAINS_cnn_vmim__n1_seed_s1_sim2593_row2192324_noise8560_8739_8918 (240000, 4) acc=0.125
  step 0/1999 best -5.283
  step 50/1999 best 4.421
  step 100/1999 best 13.861
  step 150/1999 best 14.671
  step 200/1999 best 15.929
  step 250/1999 best 15.879
  step 300/1999 best 16.503
  step 350/1999 best 16.157
  step 400/1999 best 16.474
  step 450/1999 best 16.438
  step 500/1999 best 16.550
  step 550/1999 best 16.624
  step 600/1999 best 16.570
  step 650/1999 best 16.626
  step 700/1999 best 16.647
  step 750/1999 best 16.605
  step 800/1999 best 16.483
  step 850/1999 best 16.317
  step 900/1999 best 16.577
  step 950/1999 best 16.467
  step 1000/1999 best 16.341
  step 1050/1999 best 16.601
  step 1100/1999 best 16.582
  step 1150/1999 best 16.516
  step 1200/1999 best 16.391
  step 1250/1999 best 16.641
  step 1300/1999 best 16.544
  step 1350/1999 best 16.631
  step 1400/1999 best 16.587
  step 1450/1999 best 16.568
  step 1500/1999 best 16.594
  step 1550/1999 best 16.518
  step 1600/1999 best 16.659
  step 1650/1999 best 16.539
  step 1700/1999 best 16.624
  step 1750/1999 best 16.556
  step 1800/1999 best 16.675
  step 1850/1999 best 16.673
  step 1900/1999 best 16.512
  step 1950/1999 best 16.605
saved SBC_CHAINS_cnn_vmim__n1_seed_s1_sim1214_row1032154_noise5310_5489_5668 (240000, 4) acc=0.254
  step 0/1999 best -20.191
  step 50/1999 best 5.376
  step 100/1999 best 9.739
  step 150/1999 best 10.425
  step 200/1999 best 10.257
  step 250/1999 best 10.527
  step 300/1999 best 10.657
  step 350/1999 best 10.640
  step 400/1999 best 10.623
  step 450/1999 best 10.565
  step 500/1999 best 10.656
  step 550/1999 best 10.544
  step 600/1999 best 10.416
  step 650/1999 best 10.607
  step 700/1999 best 10.493
  step 750/1999 best 10.542
  step 800/1999 best 10.641
  step 850/1999 best 10.516
  step 900/1999 best 10.640
  step 950/1999 best 10.581
  step 1000/1999 best 10.566
  step 1050/1999 best 10.475
  step 1100/1999 best 10.623
  step 1150/1999 best 10.566
  step 1200/1999 best 10.694
  step 1250/1999 best 10.398
  step 1300/1999 best 10.589
  step 1350/1999 best 10.678
  step 1400/1999 best 10.488
  step 1450/1999 best 10.650
  step 1500/1999 best 10.621
  step 1550/1999 best 10.552
  step 1600/1999 best 10.654
  step 1650/1999 best 10.611
  step 1700/1999 best 10.628
  step 1750/1999 best 10.583
  step 1800/1999 best 10.492
  step 1850/1999 best 10.662
  step 1900/1999 best 10.473
  step 1950/1999 best 10.568
saved SBC_CHAINS_cnn_vmim__n1_seed_s1_sim3104_row2699789_noise8969_9148_9327 (240000, 4) acc=0.264
  step 0/1999 best -12.867
  step 50/1999 best -1.554
  step 100/1999 best 5.618
  step 150/1999 best 5.513
  step 200/1999 best 5.239
  step 250/1999 best 5.239
  step 300/1999 best 5.264
  step 350/1999 best 5.284
  step 400/1999 best 8.667
  step 450/1999 best 10.304
  step 500/1999 best 9.317
  step 550/1999 best 9.682
  step 600/1999 best 9.682
  step 650/1999 best 14.004
  step 700/1999 best 14.587
  step 750/1999 best 11.260
  step 800/1999 best 12.855
  step 850/1999 best 12.855
  step 900/1999 best 12.855
  step 950/1999 best 12.927
  step 1000/1999 best 12.927
  step 1050/1999 best 13.502
  step 1100/1999 best 14.872
  step 1150/1999 best 14.457
  step 1200/1999 best 14.264
  step 1250/1999 best 14.273
  step 1300/1999 best 14.547
  step 1350/1999 best 14.881
  step 1400/1999 best 14.741
  step 1450/1999 best 14.626
  step 1500/1999 best 14.776
  step 1550/1999 best 14.716
  step 1600/1999 best 14.334
  step 1650/1999 best 14.713
  step 1700/1999 best 14.772
  step 1750/1999 best 14.762
  step 1800/1999 best 14.521
  step 1850/1999 best 14.596
  step 1900/1999 best 14.722
  step 1950/1999 best 14.683
saved SBC_CHAINS_cnn_vmim__n1_seed_s1_sim2599_row2198405_noise4813_4992_5171 (240000, 4) acc=0.130
  step 0/1999 best -8.845
  step 50/1999 best 3.944
  step 100/1999 best 9.046
  step 150/1999 best 10.978
  step 200/1999 best 14.535
  step 250/1999 best 15.472
  step 300/1999 best 15.852
  step 350/1999 best 15.775
  step 400/1999 best 15.894
  step 450/1999 best 15.692
  step 500/1999 best 15.769
  step 550/1999 best 15.823
  step 600/1999 best 15.546
  step 650/1999 best 15.744
  step 700/1999 best 15.778
  step 750/1999 best 15.789
  step 800/1999 best 15.725
  step 850/1999 best 15.861
  step 900/1999 best 15.681
  step 950/1999 best 15.760
  step 1000/1999 best 15.703
  step 1050/1999 best 15.681
  step 1100/1999 best 15.597
  step 1150/1999 best 15.886
  step 1200/1999 best 15.736
  step 1250/1999 best 15.831
  step 1300/1999 best 15.871
  step 1350/1999 best 15.812
  step 1400/1999 best 15.855
  step 1450/1999 best 15.765
  step 1500/1999 best 15.671
  step 1550/1999 best 15.614
  step 1600/1999 best 15.841
  step 1650/1999 best 15.841
  step 1700/1999 best 15.737
  step 1750/1999 best 15.861
  step 1800/1999 best 15.822
  step 1850/1999 best 15.650
  step 1900/1999 best 15.770
  step 1950/1999 best 15.822
saved SBC_CHAINS_cnn_vmim__n1_seed_s1_sim657_row610764_noise9116_9295_9474 (240000, 4) acc=0.241
  step 0/1999 best -17.608
  step 50/1999 best 6.235
  step 100/1999 best 5.949
  step 150/1999 best 5.949
  step 200/1999 best 5.759
  step 250/1999 best 6.455
  step 300/1999 best 8.051
  step 350/1999 best 10.005
  step 400/1999 best 10.005
  step 450/1999 best 10.005
  step 500/1999 best 10.005
  step 550/1999 best 10.005
  step 600/1999 best 5.860
  step 650/1999 best 10.311
  step 700/1999 best 17.351
  step 750/1999 best 17.351
  step 800/1999 best 17.311
  step 850/1999 best 17.311
  step 900/1999 best 16.615
  step 950/1999 best 16.615
  step 1000/1999 best 16.615
  step 1050/1999 best 17.235
  step 1100/1999 best 17.076
  step 1150/1999 best 15.941
  step 1200/1999 best 17.200
  step 1250/1999 best 17.147
  step 1300/1999 best 17.472
  step 1350/1999 best 17.267
  step 1400/1999 best 17.248
  step 1450/1999 best 17.118
  step 1500/1999 best 16.815
  step 1550/1999 best 17.115
  step 1600/1999 best 17.117
  step 1650/1999 best 17.272
  step 1700/1999 best 17.550
  step 1750/1999 best 17.550
  step 1800/1999 best 17.719
  step 1850/1999 best 17.663
  step 1900/1999 best 17.178
  step 1950/1999 best 17.578
saved SBC_CHAINS_cnn_vmim__n1_seed_s1_sim181_row172550_noise4646_4825_5004 (240000, 4) acc=0.220
  step 0/1999 best -8.340
  step 50/1999 best 7.906
  step 100/1999 best 9.429
  step 150/1999 best 9.988
  step 200/1999 best 11.826
  step 250/1999 best 11.792
  step 300/1999 best 12.688
  step 350/1999 best 12.533
  step 400/1999 best 12.608
  step 450/1999 best 12.687
  step 500/1999 best 12.743
  step 550/1999 best 12.629
  step 600/1999 best 12.748
  step 650/1999 best 12.702
  step 700/1999 best 12.649
  step 750/1999 best 12.806
  step 800/1999 best 12.737
  step 850/1999 best 12.782
  step 900/1999 best 12.814
  step 950/1999 best 12.690
  step 1000/1999 best 12.753
  step 1050/1999 best 12.730
  step 1100/1999 best 12.784
  step 1150/1999 best 12.692
  step 1200/1999 best 12.816
  step 1250/1999 best 12.706
  step 1300/1999 best 12.582
  step 1350/1999 best 12.694
  step 1400/1999 best 12.722
  step 1450/1999 best 12.721
  step 1500/1999 best 12.785
  step 1550/1999 best 12.704
  step 1600/1999 best 12.809
  step 1650/1999 best 12.665
  step 1700/1999 best 12.673
  step 1750/1999 best 12.661
  step 1800/1999 best 12.862
  step 1850/1999 best 12.779
  step 1900/1999 best 12.779
  step 1950/1999 best 12.669
saved SBC_CHAINS_cnn_vmim__n1_seed_s1_sim2401_row2000918_noise3886_4065_4244 (240000, 4) acc=0.306
  step 0/1999 best -15.832
  step 50/1999 best 2.856
  step 100/1999 best 12.092
  step 150/1999 best 12.614
  step 200/1999 best 11.496
  step 250/1999 best 12.681
  step 300/1999 best 12.516
  step 350/1999 best 12.371
  step 400/1999 best 12.901
  step 450/1999 best 12.599
  step 500/1999 best 12.657
  step 550/1999 best 12.656
  step 600/1999 best 12.896
  step 650/1999 best 12.822
  step 700/1999 best 12.630
  step 750/1999 best 12.891
  step 800/1999 best 12.436
  step 850/1999 best 12.795
  step 900/1999 best 12.740
  step 950/1999 best 12.441
  step 1000/1999 best 12.899
  step 1050/1999 best 12.711
  step 1100/1999 best 12.918
  step 1150/1999 best 12.753
  step 1200/1999 best 12.624
  step 1250/1999 best 12.740
  step 1300/1999 best 12.617
  step 1350/1999 best 12.758
  step 1400/1999 best 12.911
  step 1450/1999 best 12.804
  step 1500/1999 best 12.899
  step 1550/1999 best 12.723
  step 1600/1999 best 12.772
  step 1650/1999 best 12.738
  step 1700/1999 best 12.523
  step 1750/1999 best 12.657
  step 1800/1999 best 12.717
  step 1850/1999 best 12.692
  step 1900/1999 best 12.578
  step 1950/1999 best 12.788
saved SBC_CHAINS_cnn_vmim__n1_seed_s1_sim1309_row1118565_noise2441_2620_2799 (240000, 4) acc=0.200
  step 0/1999 best -14.638
  step 50/1999 best 3.752
  step 100/1999 best 6.728
  step 150/1999 best 8.879
  step 200/1999 best 13.315
  step 250/1999 best 15.321
  step 300/1999 best 15.604
  step 350/1999 best 15.687
  step 400/1999 best 15.692
  step 450/1999 best 15.773
  step 500/1999 best 15.869
  step 550/1999 best 15.945
  step 600/1999 best 15.747
  step 650/1999 best 15.815
  step 700/1999 best 15.922
  step 750/1999 best 15.972
  step 800/1999 best 15.887
  step 850/1999 best 15.915
  step 900/1999 best 15.767
  step 950/1999 best 15.879
  step 1000/1999 best 15.798
  step 1050/1999 best 15.887
  step 1100/1999 best 15.738
  step 1150/1999 best 15.787
  step 1200/1999 best 15.906
  step 1250/1999 best 15.951
  step 1300/1999 best 15.675
  step 1350/1999 best 15.909
  step 1400/1999 best 15.797
  step 1450/1999 best 15.929
  step 1500/1999 best 15.776
  step 1550/1999 best 15.921
  step 1600/1999 best 15.924
  step 1650/1999 best 15.821
  step 1700/1999 best 15.939
  step 1750/1999 best 15.896
  step 1800/1999 best 15.738
  step 1850/1999 best 15.804
  step 1900/1999 best 15.950
  step 1950/1999 best 15.832
saved SBC_CHAINS_cnn_vmim__n1_seed_s1_sim212_row198339_noise5951_6130_6309 (240000, 4) acc=0.235
  step 0/1999 best -13.694
  step 50/1999 best 1.414
  step 100/1999 best 9.747
  step 150/1999 best 12.976
  step 200/1999 best 14.580
  step 250/1999 best 14.534
  step 300/1999 best 14.485
  step 350/1999 best 14.520
  step 400/1999 best 14.511
  step 450/1999 best 14.608
  step 500/1999 best 14.439
  step 550/1999 best 14.485
  step 600/1999 best 14.596
  step 650/1999 best 14.432
  step 700/1999 best 14.598
  step 750/1999 best 14.579
  step 800/1999 best 14.578
  step 850/1999 best 14.450
  step 900/1999 best 14.597
  step 950/1999 best 14.595
  step 1000/1999 best 14.460
  step 1050/1999 best 14.657
  step 1100/1999 best 14.574
  step 1150/1999 best 14.319
  step 1200/1999 best 14.493
  step 1250/1999 best 14.532
  step 1300/1999 best 14.611
  step 1350/1999 best 14.486
  step 1400/1999 best 14.644
  step 1450/1999 best 14.524
  step 1500/1999 best 14.561
  step 1550/1999 best 14.630
  step 1600/1999 best 14.558
  step 1650/1999 best 14.514
  step 1700/1999 best 14.527
  step 1750/1999 best 14.592
  step 1800/1999 best 14.583
  step 1850/1999 best 14.538
  step 1900/1999 best 14.607
  step 1950/1999 best 14.595
saved SBC_CHAINS_cnn_vmim__n1_seed_s1_sim760_row709928_noise4172_4351_4530 (240000, 4) acc=0.356
  step 0/1999 best -15.953
  step 50/1999 best -3.521
  step 100/1999 best -2.902
  step 150/1999 best -2.646
  step 200/1999 best -2.646
  step 250/1999 best -2.646
  step 300/1999 best -2.646
  step 350/1999 best -2.646
  step 400/1999 best -2.726
  step 450/1999 best -0.971
  step 500/1999 best -1.226
  step 550/1999 best 0.142
  step 600/1999 best 1.171
  step 650/1999 best 1.992
  step 700/1999 best 1.992
  step 750/1999 best 1.992
  step 800/1999 best 9.838
  step 850/1999 best 10.783
  step 900/1999 best 10.783
  step 950/1999 best 11.404
  step 1000/1999 best 11.404
  step 1050/1999 best 11.643
  step 1100/1999 best 11.643
  step 1150/1999 best 11.643
  step 1200/1999 best 11.322
  step 1250/1999 best 11.322
  step 1300/1999 best 11.322
  step 1350/1999 best 11.072
  step 1400/1999 best 11.072
  step 1450/1999 best 11.072
  step 1500/1999 best 10.660
  step 1550/1999 best 10.660
  step 1600/1999 best 10.660
  step 1650/1999 best 10.395
  step 1700/1999 best 9.504
  step 1750/1999 best 9.767
  step 1800/1999 best 10.039
  step 1850/1999 best 10.720
  step 1900/1999 best 10.720
  step 1950/1999 best 10.720
saved SBC_CHAINS_cnn_vmim__n1_seed_s1_sim2512_row2111506_noise6366_6545_6724 (240000, 4) acc=0.275
  step 0/1999 best -13.780
  step 50/1999 best 4.110
  step 100/1999 best 10.082
  step 150/1999 best 14.777
  step 200/1999 best 16.281
  step 250/1999 best 16.444
  step 300/1999 best 16.012
  step 350/1999 best 16.766
  step 400/1999 best 16.781
  step 450/1999 best 16.513
  step 500/1999 best 16.859
  step 550/1999 best 16.855
  step 600/1999 best 16.880
  step 650/1999 best 16.845
  step 700/1999 best 16.813
  step 750/1999 best 16.817
  step 800/1999 best 16.861
  step 850/1999 best 16.823
  step 900/1999 best 16.803
  step 950/1999 best 16.802
  step 1000/1999 best 16.779
  step 1050/1999 best 16.782
  step 1100/1999 best 16.774
  step 1150/1999 best 16.750
  step 1200/1999 best 16.888
  step 1250/1999 best 16.891
  step 1300/1999 best 16.825
  step 1350/1999 best 16.670
  step 1400/1999 best 16.718
  step 1450/1999 best 16.857
  step 1500/1999 best 16.854
  step 1550/1999 best 16.803
  step 1600/1999 best 16.795
  step 1650/1999 best 16.868
  step 1700/1999 best 16.861
  step 1750/1999 best 16.904
  step 1800/1999 best 16.900
  step 1850/1999 best 16.802
  step 1900/1999 best 16.857
  step 1950/1999 best 16.905
saved SBC_CHAINS_cnn_vmim__n1_seed_s1_sim1762_row1515589_noise3377_3556_3735 (240000, 4) acc=0.278
  step 0/1999 best -13.460
  step 50/1999 best -1.706
  step 100/1999 best 4.393
  step 150/1999 best 5.069
  step 200/1999 best 13.115
  step 250/1999 best 13.672
  step 300/1999 best 14.333
  step 350/1999 best 14.892
  step 400/1999 best 15.141
  step 450/1999 best 16.155
  step 500/1999 best 16.096
  step 550/1999 best 15.941
  step 600/1999 best 16.198
  step 650/1999 best 15.870
  step 700/1999 best 15.843
  step 750/1999 best 16.346
  step 800/1999 best 16.489
  step 850/1999 best 16.181
  step 900/1999 best 16.337
  step 950/1999 best 15.448
  step 1000/1999 best 16.304
  step 1050/1999 best 16.299
  step 1100/1999 best 16.081
  step 1150/1999 best 16.363
  step 1200/1999 best 16.201
  step 1250/1999 best 16.338
  step 1300/1999 best 16.391
  step 1350/1999 best 16.417
  step 1400/1999 best 16.217
  step 1450/1999 best 16.402
  step 1500/1999 best 16.385
  step 1550/1999 best 16.400
  step 1600/1999 best 16.472
  step 1650/1999 best 16.313
  step 1700/1999 best 16.373
  step 1750/1999 best 16.224
  step 1800/1999 best 16.178
  step 1850/1999 best 16.213
  step 1900/1999 best 16.301
  step 1950/1999 best 16.156
saved SBC_CHAINS_cnn_vmim__n1_seed_s1_sim2451_row2050222_noise4050_4229_4408 (240000, 4) acc=0.126
  step 0/1999 best -15.496
  step 50/1999 best 0.757
  step 100/1999 best 0.757
  step 150/1999 best 2.613
  step 200/1999 best 7.806
  step 250/1999 best 13.171
  step 300/1999 best 13.184
  step 350/1999 best 13.823
  step 400/1999 best 13.576
  step 450/1999 best 13.759
  step 500/1999 best 15.042
  step 550/1999 best 14.945
  step 600/1999 best 14.924
  step 650/1999 best 14.315
  step 700/1999 best 15.123
  step 750/1999 best 15.071
  step 800/1999 best 14.991
  step 850/1999 best 15.149
  step 900/1999 best 14.924
  step 950/1999 best 15.123
  step 1000/1999 best 15.029
  step 1050/1999 best 14.978
  step 1100/1999 best 15.152
  step 1150/1999 best 15.027
  step 1200/1999 best 15.112
  step 1250/1999 best 15.092
  step 1300/1999 best 14.789
  step 1350/1999 best 14.892
  step 1400/1999 best 15.182
  step 1450/1999 best 14.765
  step 1500/1999 best 15.030
  step 1550/1999 best 15.030
  step 1600/1999 best 15.025
  step 1650/1999 best 15.057
  step 1700/1999 best 15.145
  step 1750/1999 best 15.084
  step 1800/1999 best 15.180
  step 1850/1999 best 15.166
  step 1900/1999 best 14.904
  step 1950/1999 best 15.067
saved SBC_CHAINS_cnn_vmim__n1_seed_s1_sim994_row943068_noise1440_1619_1798 (240000, 4) acc=0.214
  step 0/1999 best -14.149
  step 50/1999 best 8.820
  step 100/1999 best 13.373
  step 150/1999 best 14.967
  step 200/1999 best 14.967
  step 250/1999 best 14.659
  step 300/1999 best 14.709
  step 350/1999 best 14.484
  step 400/1999 best 15.072
  step 450/1999 best 15.250
  step 500/1999 best 15.644
  step 550/1999 best 15.644
  step 600/1999 best 15.732
  step 650/1999 best 15.595
  step 700/1999 best 15.727
  step 750/1999 best 15.040
  step 800/1999 best 15.333
  step 850/1999 best 15.646
  step 900/1999 best 15.910
  step 950/1999 best 15.611
  step 1000/1999 best 15.914
  step 1050/1999 best 15.857
  step 1100/1999 best 15.945
  step 1150/1999 best 15.859
  step 1200/1999 best 15.898
  step 1250/1999 best 15.866
  step 1300/1999 best 15.992
  step 1350/1999 best 15.721
  step 1400/1999 best 15.834
  step 1450/1999 best 15.939
  step 1500/1999 best 16.025
  step 1550/1999 best 15.901
  step 1600/1999 best 15.710
  step 1650/1999 best 16.024
  step 1700/1999 best 15.902
  step 1750/1999 best 15.908
  step 1800/1999 best 15.880
  step 1850/1999 best 15.919
  step 1900/1999 best 15.993
  step 1950/1999 best 15.821
saved SBC_CHAINS_cnn_vmim__n1_seed_s1_sim1546_row1323775_noise3779_3958_4137 (240000, 4) acc=0.281
  step 0/1999 best -18.686
  step 50/1999 best 3.848
  step 100/1999 best 12.915
  step 150/1999 best 12.851
  step 200/1999 best 14.008
  step 250/1999 best 14.030
  step 300/1999 best 14.060
  step 350/1999 best 14.050
  step 400/1999 best 13.913
  step 450/1999 best 13.904
  step 500/1999 best 14.056
  step 550/1999 best 13.895
  step 600/1999 best 14.036
  step 650/1999 best 13.907
  step 700/1999 best 13.845
  step 750/1999 best 13.905
  step 800/1999 best 14.020
  step 850/1999 best 14.003
  step 900/1999 best 13.801
  step 950/1999 best 14.010
  step 1000/1999 best 14.035
  step 1050/1999 best 13.961
  step 1100/1999 best 13.959
  step 1150/1999 best 14.028
  step 1200/1999 best 13.851
  step 1250/1999 best 13.926
  step 1300/1999 best 14.025
  step 1350/1999 best 13.937
  step 1400/1999 best 14.043
  step 1450/1999 best 13.891
  step 1500/1999 best 13.990
  step 1550/1999 best 13.986
  step 1600/1999 best 13.979
  step 1650/1999 best 14.034
  step 1700/1999 best 14.034
  step 1750/1999 best 14.022
  step 1800/1999 best 13.915
  step 1850/1999 best 13.962
  step 1900/1999 best 13.950
  step 1950/1999 best 14.007
saved SBC_CHAINS_cnn_vmim__n1_seed_s1_sim3075_row2670479_noise9143_9322_9501 (240000, 4) acc=0.319
  step 0/1999 best -6.390
  step 50/1999 best 2.356
  step 100/1999 best 3.882
  step 150/1999 best 4.760
  step 200/1999 best 6.303
  step 250/1999 best 10.059
  step 300/1999 best 14.306
  step 350/1999 best 14.689
  step 400/1999 best 16.087
  step 450/1999 best 16.074
  step 500/1999 best 16.081
  step 550/1999 best 16.159
  step 600/1999 best 16.672
  step 650/1999 best 16.495
  step 700/1999 best 16.768
  step 750/1999 best 16.762
  step 800/1999 best 16.828
  step 850/1999 best 16.274
  step 900/1999 best 16.770
  step 950/1999 best 16.264
  step 1000/1999 best 16.689
  step 1050/1999 best 16.526
  step 1100/1999 best 16.685
  step 1150/1999 best 16.635
  step 1200/1999 best 16.414
  step 1250/1999 best 16.165
  step 1300/1999 best 16.773
  step 1350/1999 best 16.766
  step 1400/1999 best 16.638
  step 1450/1999 best 16.677
  step 1500/1999 best 16.739
  step 1550/1999 best 16.572
  step 1600/1999 best 16.627
  step 1650/1999 best 16.767
  step 1700/1999 best 16.634
  step 1750/1999 best 16.694
  step 1800/1999 best 16.763
  step 1850/1999 best 16.746
  step 1900/1999 best 16.773
  step 1950/1999 best 16.565
saved SBC_CHAINS_cnn_vmim__n1_seed_s1_sim2079_row1689313_noise5605_5784_5963 (240000, 4) acc=0.287
  step 0/1999 best -7.731
  step 50/1999 best 9.305
  step 100/1999 best 9.305
  step 150/1999 best 13.595
  step 200/1999 best 13.147
  step 250/1999 best 10.970
  step 300/1999 best 11.019
  step 350/1999 best 12.321
  step 400/1999 best 12.294
  step 450/1999 best 13.449
  step 500/1999 best 13.461
  step 550/1999 best 13.745
  step 600/1999 best 14.052
  step 650/1999 best 14.096
  step 700/1999 best 14.022
  step 750/1999 best 14.142
  step 800/1999 best 14.448
  step 850/1999 best 13.615
  step 900/1999 best 13.774
  step 950/1999 best 14.077
  step 1000/1999 best 14.415
  step 1050/1999 best 14.265
  step 1100/1999 best 14.206
  step 1150/1999 best 14.396
  step 1200/1999 best 14.208
  step 1250/1999 best 14.389
  step 1300/1999 best 14.571
  step 1350/1999 best 13.750
  step 1400/1999 best 14.529
  step 1450/1999 best 14.503
  step 1500/1999 best 14.481
  step 1550/1999 best 14.523
  step 1600/1999 best 14.521
  step 1650/1999 best 14.379
  step 1700/1999 best 14.167
  step 1750/1999 best 14.146
  step 1800/1999 best 14.126
  step 1850/1999 best 14.189
  step 1900/1999 best 14.571
  step 1950/1999 best 14.485
saved SBC_CHAINS_cnn_vmim__n1_seed_s1_sim2624_row2223634_noise558_737_916 (240000, 4) acc=0.245
  step 0/1999 best -15.961
  step 50/1999 best 3.693
  step 100/1999 best 14.511
  step 150/1999 best 16.929
  step 200/1999 best 17.164
  step 250/1999 best 16.987
  step 300/1999 best 18.618
  step 350/1999 best 17.891
  step 400/1999 best 18.403
  step 450/1999 best 18.150
  step 500/1999 best 18.446
  step 550/1999 best 18.462
  step 600/1999 best 18.649
  step 650/1999 best 18.539
  step 700/1999 best 18.607
  step 750/1999 best 18.703
  step 800/1999 best 18.380
  step 850/1999 best 18.451
  step 900/1999 best 18.512
  step 950/1999 best 18.591
  step 1000/1999 best 18.573
  step 1050/1999 best 18.728
  step 1100/1999 best 18.533
  step 1150/1999 best 18.471
  step 1200/1999 best 18.600
  step 1250/1999 best 18.526
  step 1300/1999 best 18.633
  step 1350/1999 best 18.490
  step 1400/1999 best 18.554
  step 1450/1999 best 18.620
  step 1500/1999 best 18.675
  step 1550/1999 best 18.493
  step 1600/1999 best 18.626
  step 1650/1999 best 18.525
  step 1700/1999 best 18.613
  step 1750/1999 best 18.745
  step 1800/1999 best 18.555
  step 1850/1999 best 18.529
  step 1900/1999 best 18.540
  step 1950/1999 best 18.571
saved SBC_CHAINS_cnn_vmim__n1_seed_s1_sim1366_row1174264_noise172_351_530 (240000, 4) acc=0.161
  step 0/1999 best -18.684
  step 50/1999 best 1.241
  step 100/1999 best 8.075
  step 150/1999 best 12.230
  step 200/1999 best 15.759
  step 250/1999 best 16.287
  step 300/1999 best 15.681
  step 350/1999 best 17.243
  step 400/1999 best 16.318
  step 450/1999 best 16.895
  step 500/1999 best 16.687
  step 550/1999 best 16.963
  step 600/1999 best 16.979
  step 650/1999 best 16.801
  step 700/1999 best 17.001
  step 750/1999 best 17.236
  step 800/1999 best 17.123
  step 850/1999 best 16.929
  step 900/1999 best 17.034
  step 950/1999 best 16.922
  step 1000/1999 best 16.722
  step 1050/1999 best 16.754
  step 1100/1999 best 17.072
  step 1150/1999 best 17.210
  step 1200/1999 best 16.940
  step 1250/1999 best 17.165
  step 1300/1999 best 17.221
  step 1350/1999 best 17.030
  step 1400/1999 best 17.124
  step 1450/1999 best 17.133
  step 1500/1999 best 17.156
  step 1550/1999 best 17.076
  step 1600/1999 best 16.929
  step 1650/1999 best 16.767
  step 1700/1999 best 16.853
  step 1750/1999 best 17.080
  step 1800/1999 best 17.051
  step 1850/1999 best 17.153
  step 1900/1999 best 17.044
  step 1950/1999 best 16.870
saved SBC_CHAINS_cnn_vmim__n1_seed_s1_sim1971_row1582829_noise6229_6408_6587 (240000, 4) acc=0.168
  step 0/1999 best -13.837
  step 50/1999 best 0.251
  step 100/1999 best 0.251
  step 150/1999 best 2.868
  step 200/1999 best 4.199
  step 250/1999 best 4.199
  step 300/1999 best 6.450
  step 350/1999 best 5.301
  step 400/1999 best 11.576
  step 450/1999 best 12.960
  step 500/1999 best 12.132
  step 550/1999 best 13.223
  step 600/1999 best 15.639
  step 650/1999 best 16.489
  step 700/1999 best 15.639
  step 750/1999 best 16.233
  step 800/1999 best 16.459
  step 850/1999 best 16.609
  step 900/1999 best 16.190
  step 950/1999 best 16.691
  step 1000/1999 best 16.728
  step 1050/1999 best 16.539
  step 1100/1999 best 16.652
  step 1150/1999 best 16.655
  step 1200/1999 best 16.777
  step 1250/1999 best 16.595
  step 1300/1999 best 16.550
  step 1350/1999 best 16.622
  step 1400/1999 best 16.432
  step 1450/1999 best 16.202
  step 1500/1999 best 16.551
  step 1550/1999 best 16.529
  step 1600/1999 best 16.382
  step 1650/1999 best 16.554
  step 1700/1999 best 16.765
  step 1750/1999 best 16.684
  step 1800/1999 best 16.580
  step 1850/1999 best 16.563
  step 1900/1999 best 16.632
  step 1950/1999 best 16.397
saved SBC_CHAINS_cnn_vmim__n1_seed_s1_sim1186_row1004481_noise7121_7300_7479 (240000, 4) acc=0.247
  step 0/1999 best -15.748
  step 50/1999 best -0.334
  step 100/1999 best 5.042
  step 150/1999 best 8.293
  step 200/1999 best 10.406
  step 250/1999 best 13.103
  step 300/1999 best 17.125
  step 350/1999 best 16.549
  step 400/1999 best 17.082
  step 450/1999 best 17.021
  step 500/1999 best 17.269
  step 550/1999 best 17.054
  step 600/1999 best 17.300
  step 650/1999 best 17.120
  step 700/1999 best 17.179
  step 750/1999 best 17.260
  step 800/1999 best 16.971
  step 850/1999 best 17.071
  step 900/1999 best 17.169
  step 950/1999 best 17.003
  step 1000/1999 best 17.166
  step 1050/1999 best 17.141
  step 1100/1999 best 17.202
  step 1150/1999 best 16.989
  step 1200/1999 best 17.103
  step 1250/1999 best 17.092
  step 1300/1999 best 17.151
  step 1350/1999 best 17.192
  step 1400/1999 best 17.199
  step 1450/1999 best 17.258
  step 1500/1999 best 17.248
  step 1550/1999 best 17.129
  step 1600/1999 best 17.297
  step 1650/1999 best 17.197
  step 1700/1999 best 16.964
  step 1750/1999 best 17.253
  step 1800/1999 best 17.177
  step 1850/1999 best 17.007
  step 1900/1999 best 17.249
  step 1950/1999 best 17.002
saved SBC_CHAINS_cnn_vmim__n1_seed_s1_sim1924_row1535613_noise8153_8332_8511 (240000, 4) acc=0.195
  step 0/1999 best -1.207
  step 50/1999 best 10.497
  step 100/1999 best 10.206
  step 150/1999 best 10.119
  step 200/1999 best 10.104
  step 250/1999 best 10.524
  step 300/1999 best 10.524
  step 350/1999 best 11.104
  step 400/1999 best 14.313
  step 450/1999 best 14.413
  step 500/1999 best 14.453
  step 550/1999 best 13.670
  step 600/1999 best 14.017
  step 650/1999 best 12.992
  step 700/1999 best 14.617
  step 750/1999 best 14.849
  step 800/1999 best 14.352
  step 850/1999 best 14.573
  step 900/1999 best 14.573
  step 950/1999 best 14.879
  step 1000/1999 best 14.589
  step 1050/1999 best 14.413
  step 1100/1999 best 14.616
  step 1150/1999 best 14.755
  step 1200/1999 best 14.555
  step 1250/1999 best 14.821
  step 1300/1999 best 14.817
  step 1350/1999 best 14.299
  step 1400/1999 best 14.231
  step 1450/1999 best 14.529
  step 1500/1999 best 14.554
  step 1550/1999 best 14.476
  step 1600/1999 best 14.118
  step 1650/1999 best 14.521
  step 1700/1999 best 14.557
  step 1750/1999 best 14.810
  step 1800/1999 best 14.663
  step 1850/1999 best 14.658
  step 1900/1999 best 13.719
  step 1950/1999 best 14.346
saved SBC_CHAINS_cnn_vmim__n1_seed_s1_sim2625_row2224307_noise1231_1410_1589 (240000, 4) acc=0.181
  step 0/1999 best -2.429
  step 50/1999 best 7.046
  step 100/1999 best 10.082
  step 150/1999 best 11.038
  step 200/1999 best 10.956
  step 250/1999 best 11.095
  step 300/1999 best 10.984
  step 350/1999 best 10.909
  step 400/1999 best 11.079
  step 450/1999 best 11.082
  step 500/1999 best 11.064
  step 550/1999 best 11.142
  step 600/1999 best 11.036
  step 650/1999 best 11.151
  step 700/1999 best 11.044
  step 750/1999 best 11.135
  step 800/1999 best 11.103
  step 850/1999 best 11.010
  step 900/1999 best 11.127
  step 950/1999 best 11.094
  step 1000/1999 best 11.130
  step 1050/1999 best 11.072
  step 1100/1999 best 11.157
  step 1150/1999 best 11.051
  step 1200/1999 best 11.126
  step 1250/1999 best 11.094
  step 1300/1999 best 10.983
  step 1350/1999 best 11.039
  step 1400/1999 best 11.131
  step 1450/1999 best 11.121
  step 1500/1999 best 10.964
  step 1550/1999 best 11.046
  step 1600/1999 best 10.975
  step 1650/1999 best 11.010
  step 1700/1999 best 11.084
  step 1750/1999 best 11.133
  step 1800/1999 best 11.125
  step 1850/1999 best 11.088
  step 1900/1999 best 11.010
  step 1950/1999 best 11.117
saved SBC_CHAINS_cnn_vmim__n1_seed_s1_sim2936_row2531086_noise7342_7521_7700 (240000, 4) acc=0.335
  step 0/1999 best -3.188
  step 50/1999 best 2.945
  step 100/1999 best 4.252
  step 150/1999 best 4.138
  step 200/1999 best 12.758
  step 250/1999 best 12.758
  step 300/1999 best 14.205
  step 350/1999 best 12.575
  step 400/1999 best 15.022
  step 450/1999 best 14.974
  step 500/1999 best 14.975
  step 550/1999 best 14.702
  step 600/1999 best 14.477
  step 650/1999 best 14.874
  step 700/1999 best 14.787
  step 750/1999 best 15.003
  step 800/1999 best 14.863
  step 850/1999 best 14.851
  step 900/1999 best 14.665
  step 950/1999 best 15.020
  step 1000/1999 best 14.843
  step 1050/1999 best 14.871
  step 1100/1999 best 14.913
  step 1150/1999 best 14.998
  step 1200/1999 best 14.825
  step 1250/1999 best 14.924
  step 1300/1999 best 14.751
  step 1350/1999 best 14.831
  step 1400/1999 best 14.963
  step 1450/1999 best 14.612
  step 1500/1999 best 14.875
  step 1550/1999 best 14.760
  step 1600/1999 best 14.826
  step 1650/1999 best 14.954
  step 1700/1999 best 15.075
  step 1750/1999 best 15.062
  step 1800/1999 best 14.772
  step 1850/1999 best 14.885
  step 1900/1999 best 14.869
  step 1950/1999 best 15.046
saved SBC_CHAINS_cnn_vmim__n1_seed_s1_sim2539_row2138312_noise3688_3867_4046 (240000, 4) acc=0.171
  step 0/1999 best -12.122
  step 50/1999 best 12.114
  step 100/1999 best 13.365
  step 150/1999 best 15.790
  step 200/1999 best 15.799
  step 250/1999 best 15.427
  step 300/1999 best 16.037
  step 350/1999 best 16.062
  step 400/1999 best 16.177
  step 450/1999 best 16.177
  step 500/1999 best 16.051
  step 550/1999 best 16.066
  step 600/1999 best 16.142
  step 650/1999 best 16.132
  step 700/1999 best 16.136
  step 750/1999 best 16.023
  step 800/1999 best 16.095
  step 850/1999 best 15.856
  step 900/1999 best 16.119
  step 950/1999 best 16.156
  step 1000/1999 best 16.058
  step 1050/1999 best 16.054
  step 1100/1999 best 15.976
  step 1150/1999 best 16.072
  step 1200/1999 best 16.082
  step 1250/1999 best 16.057
  step 1300/1999 best 16.106
  step 1350/1999 best 16.076
  step 1400/1999 best 16.134
  step 1450/1999 best 16.135
  step 1500/1999 best 16.041
  step 1550/1999 best 16.135
  step 1600/1999 best 16.102
  step 1650/1999 best 15.922
  step 1700/1999 best 15.939
  step 1750/1999 best 16.064
  step 1800/1999 best 16.074
  step 1850/1999 best 16.200
  step 1900/1999 best 16.117
  step 1950/1999 best 16.129
saved SBC_CHAINS_cnn_vmim__n1_seed_s1_sim664_row617977_noise6501_6680_6859 (240000, 4) acc=0.328
  step 0/1999 best -11.707
  step 50/1999 best -1.783
  step 100/1999 best 13.195
  step 150/1999 best 13.272
  step 200/1999 best 15.265
  step 250/1999 best 15.582
  step 300/1999 best 15.937
  step 350/1999 best 16.360
  step 400/1999 best 16.675
  step 450/1999 best 16.676
  step 500/1999 best 16.734
  step 550/1999 best 16.441
  step 600/1999 best 16.658
  step 650/1999 best 16.579
  step 700/1999 best 16.651
  step 750/1999 best 16.548
  step 800/1999 best 16.469
  step 850/1999 best 16.495
  step 900/1999 best 16.680
  step 950/1999 best 16.434
  step 1000/1999 best 16.600
  step 1050/1999 best 16.547
  step 1100/1999 best 16.397
  step 1150/1999 best 16.526
  step 1200/1999 best 16.734
  step 1250/1999 best 16.758
  step 1300/1999 best 16.539
  step 1350/1999 best 16.701
  step 1400/1999 best 16.548
  step 1450/1999 best 16.697
  step 1500/1999 best 16.613
  step 1550/1999 best 16.493
  step 1600/1999 best 16.533
  step 1650/1999 best 16.618
  step 1700/1999 best 16.659
  step 1750/1999 best 16.624
  step 1800/1999 best 16.589
  step 1850/1999 best 16.559
  step 1900/1999 best 16.636
  step 1950/1999 best 16.565
saved SBC_CHAINS_cnn_vmim__n1_seed_s1_sim904_row853481_noise305_484_663 (240000, 4) acc=0.211
  step 0/1999 best -5.851
  step 50/1999 best -3.656
  step 100/1999 best -1.238
  step 150/1999 best -1.238
  step 200/1999 best 1.100
  step 250/1999 best 1.022
  step 300/1999 best 1.609
  step 350/1999 best 1.384
  step 400/1999 best 1.384
  step 450/1999 best 1.227
  step 500/1999 best 1.452
  step 550/1999 best 1.452
  step 600/1999 best 1.452
  step 650/1999 best 1.452
  step 700/1999 best 1.337
  step 750/1999 best 1.337
  step 800/1999 best 1.715
  step 850/1999 best 3.627
  step 900/1999 best 3.627
  step 950/1999 best 1.518
  step 1000/1999 best 2.851
  step 1050/1999 best 2.851
  step 1100/1999 best 1.315
  step 1150/1999 best 1.888
  step 1200/1999 best 4.485
  step 1250/1999 best 4.485
  step 1300/1999 best 4.485
  step 1350/1999 best 4.485
  step 1400/1999 best 4.485
  step 1450/1999 best 4.485
  step 1500/1999 best 4.485
  step 1550/1999 best 4.485
  step 1600/1999 best 5.225
  step 1650/1999 best 5.225
  step 1700/1999 best 5.225
  step 1750/1999 best 5.041
  step 1800/1999 best 5.653
  step 1850/1999 best 5.653
  step 1900/1999 best 8.708
  step 1950/1999 best 6.571
saved SBC_CHAINS_cnn_vmim__n1_seed_s1_sim256_row242258_noise730_909_1088 (240000, 4) acc=0.231
  step 0/1999 best -15.606
  step 50/1999 best -0.848
  step 100/1999 best -2.000
  step 150/1999 best 0.487
  step 200/1999 best 1.210
  step 250/1999 best 3.939
  step 300/1999 best 5.762
  step 350/1999 best 6.267
  step 400/1999 best 6.208
  step 450/1999 best 6.343
  step 500/1999 best 10.709
  step 550/1999 best 10.232
  step 600/1999 best 14.432
  step 650/1999 best 13.926
  step 700/1999 best 13.926
  step 750/1999 best 16.739
  step 800/1999 best 17.404
  step 850/1999 best 17.424
  step 900/1999 best 16.245
  step 950/1999 best 16.319
  step 1000/1999 best 17.240
  step 1050/1999 best 17.472
  step 1100/1999 best 17.373
  step 1150/1999 best 17.258
  step 1200/1999 best 17.557
  step 1250/1999 best 17.568
  step 1300/1999 best 17.835
  step 1350/1999 best 17.606
  step 1400/1999 best 17.692
  step 1450/1999 best 17.843
  step 1500/1999 best 17.876
  step 1550/1999 best 17.440
  step 1600/1999 best 17.796
  step 1650/1999 best 17.743
  step 1700/1999 best 17.573
  step 1750/1999 best 17.841
  step 1800/1999 best 17.807
  step 1850/1999 best 17.685
  step 1900/1999 best 17.629
  step 1950/1999 best 17.979
saved SBC_CHAINS_cnn_vmim__n1_seed_s1_sim105_row104945_noise7665_7844_8023 (240000, 4) acc=0.162
  step 0/1999 best -7.858
  step 50/1999 best 8.218
  step 100/1999 best 11.704
  step 150/1999 best 15.769
  step 200/1999 best 15.662
  step 250/1999 best 15.877
  step 300/1999 best 16.081
  step 350/1999 best 15.976
  step 400/1999 best 16.127
  step 450/1999 best 16.381
  step 500/1999 best 16.227
  step 550/1999 best 16.035
  step 600/1999 best 16.127
  step 650/1999 best 16.109
  step 700/1999 best 16.334
  step 750/1999 best 16.150
  step 800/1999 best 16.270
  step 850/1999 best 16.147
  step 900/1999 best 16.088
  step 950/1999 best 16.366
  step 1000/1999 best 16.240
  step 1050/1999 best 16.229
  step 1100/1999 best 16.318
  step 1150/1999 best 16.143
  step 1200/1999 best 16.075
  step 1250/1999 best 16.318
  step 1300/1999 best 16.083
  step 1350/1999 best 16.348
  step 1400/1999 best 16.320
  step 1450/1999 best 16.317
  step 1500/1999 best 16.371
  step 1550/1999 best 16.294
  step 1600/1999 best 16.149
  step 1650/1999 best 16.242
  step 1700/1999 best 16.293
  step 1750/1999 best 16.227
  step 1800/1999 best 16.200
  step 1850/1999 best 16.156
  step 1900/1999 best 16.366
  step 1950/1999 best 16.228
saved SBC_CHAINS_cnn_vmim__n1_seed_s1_sim1369_row1177022_noise2930_3109_3288 (240000, 4) acc=0.280
  step 0/1999 best -15.848
  step 50/1999 best -8.331
  step 100/1999 best -5.640
  step 150/1999 best 0.920
  step 200/1999 best 14.840
  step 250/1999 best 14.248
  step 300/1999 best 15.214
  step 350/1999 best 14.908
  step 400/1999 best 14.902
  step 450/1999 best 14.786
  step 500/1999 best 14.873
  step 550/1999 best 15.368
  step 600/1999 best 15.434
  step 650/1999 best 15.352
  step 700/1999 best 15.230
  step 750/1999 best 15.364
  step 800/1999 best 15.323
  step 850/1999 best 15.176
  step 900/1999 best 15.140
  step 950/1999 best 15.306
  step 1000/1999 best 15.223
  step 1050/1999 best 15.367
  step 1100/1999 best 15.279
  step 1150/1999 best 15.310
  step 1200/1999 best 15.423
  step 1250/1999 best 15.374
  step 1300/1999 best 15.477
  step 1350/1999 best 15.351
  step 1400/1999 best 15.456
  step 1450/1999 best 15.524
  step 1500/1999 best 15.383
  step 1550/1999 best 15.510
  step 1600/1999 best 15.434
  step 1650/1999 best 15.391
  step 1700/1999 best 15.476
  step 1750/1999 best 15.553
  step 1800/1999 best 15.432
  step 1850/1999 best 15.340
  step 1900/1999 best 15.492
  step 1950/1999 best 15.441
saved SBC_CHAINS_cnn_vmim__n1_seed_s1_sim639_row592229_noise409_588_767 (240000, 4) acc=0.206
  step 0/1999 best -14.669
  step 50/1999 best 7.148
  step 100/1999 best 8.427
  step 150/1999 best 9.631
  step 200/1999 best 11.460
  step 250/1999 best 11.492
  step 300/1999 best 11.254
  step 350/1999 best 11.658
  step 400/1999 best 11.656
  step 450/1999 best 11.649
  step 500/1999 best 11.604
  step 550/1999 best 11.661
  step 600/1999 best 11.727
  step 650/1999 best 11.714
  step 700/1999 best 11.705
  step 750/1999 best 11.557
  step 800/1999 best 11.728
  step 850/1999 best 11.630
  step 900/1999 best 11.718
  step 950/1999 best 11.601
  step 1000/1999 best 11.540
  step 1050/1999 best 11.663
  step 1100/1999 best 11.661
  step 1150/1999 best 11.717
  step 1200/1999 best 11.612
  step 1250/1999 best 11.636
  step 1300/1999 best 11.685
  step 1350/1999 best 11.677
  step 1400/1999 best 11.601
  step 1450/1999 best 11.697
  step 1500/1999 best 11.458
  step 1550/1999 best 11.581
  step 1600/1999 best 11.549
  step 1650/1999 best 11.695
  step 1700/1999 best 11.534
  step 1750/1999 best 11.626
  step 1800/1999 best 11.697
  step 1850/1999 best 11.723
  step 1900/1999 best 11.736
  step 1950/1999 best 11.730
saved SBC_CHAINS_cnn_vmim__n1_seed_s1_sim3091_row2686657_noise5665_5844_6023 (240000, 4) acc=0.217
  step 0/1999 best -7.588
  step 50/1999 best 14.663
  step 100/1999 best 16.337
  step 150/1999 best 18.131
  step 200/1999 best 17.592
  step 250/1999 best 17.537
  step 300/1999 best 17.644
  step 350/1999 best 17.923
  step 400/1999 best 18.272
  step 450/1999 best 18.193
  step 500/1999 best 18.075
  step 550/1999 best 18.097
  step 600/1999 best 17.754
  step 650/1999 best 18.175
  step 700/1999 best 18.147
  step 750/1999 best 17.777
  step 800/1999 best 18.090
  step 850/1999 best 18.156
  step 900/1999 best 18.056
  step 950/1999 best 18.227
  step 1000/1999 best 18.086
  step 1050/1999 best 17.998
  step 1100/1999 best 18.173
  step 1150/1999 best 18.158
  step 1200/1999 best 17.935
  step 1250/1999 best 17.793
  step 1300/1999 best 18.069
  step 1350/1999 best 18.048
  step 1400/1999 best 18.213
  step 1450/1999 best 18.036
  step 1500/1999 best 18.127
  step 1550/1999 best 18.106
  step 1600/1999 best 17.993
  step 1650/1999 best 18.109
  step 1700/1999 best 18.010
  step 1750/1999 best 17.966
  step 1800/1999 best 17.926
  step 1850/1999 best 18.293
  step 1900/1999 best 18.115
  step 1950/1999 best 18.255
saved SBC_CHAINS_cnn_vmim__n1_seed_s1_sim1365_row1173296_noise9032_9211_9390 (240000, 4) acc=0.174
  step 0/1999 best -11.469
  step 50/1999 best -3.472
  step 100/1999 best -3.472
  step 150/1999 best -0.069
  step 200/1999 best 2.921
  step 250/1999 best 5.539
  step 300/1999 best 5.539
  step 350/1999 best 5.812
  step 400/1999 best 6.162
  step 450/1999 best 7.541
  step 500/1999 best 10.953
  step 550/1999 best 10.953
  step 600/1999 best 11.199
  step 650/1999 best 11.462
  step 700/1999 best 11.360
  step 750/1999 best 14.060
  step 800/1999 best 14.328
  step 850/1999 best 16.689
  step 900/1999 best 15.544
  step 950/1999 best 15.869
  step 1000/1999 best 16.124
  step 1050/1999 best 15.891
  step 1100/1999 best 15.119
  step 1150/1999 best 15.510
  step 1200/1999 best 16.599
  step 1250/1999 best 16.638
  step 1300/1999 best 15.871
  step 1350/1999 best 16.099
  step 1400/1999 best 16.757
  step 1450/1999 best 16.857
  step 1500/1999 best 16.946
  step 1550/1999 best 16.843
  step 1600/1999 best 16.957
  step 1650/1999 best 16.931
  step 1700/1999 best 16.610
  step 1750/1999 best 16.606
  step 1800/1999 best 16.823
  step 1850/1999 best 16.616
  step 1900/1999 best 16.821
  step 1950/1999 best 17.009
saved SBC_CHAINS_cnn_vmim__n1_seed_s1_sim93_row92817_noise5365_5544_5723 (240000, 4) acc=0.231
  step 0/1999 best -19.279
  step 50/1999 best -0.606
  step 100/1999 best 5.869
  step 150/1999 best 11.403
  step 200/1999 best 12.241
  step 250/1999 best 12.644
  step 300/1999 best 12.322
  step 350/1999 best 12.574
  step 400/1999 best 12.566
  step 450/1999 best 12.635
  step 500/1999 best 12.379
  step 550/1999 best 12.588
  step 600/1999 best 12.523
  step 650/1999 best 12.613
  step 700/1999 best 12.324
  step 750/1999 best 12.539
  step 800/1999 best 12.466
  step 850/1999 best 12.579
  step 900/1999 best 12.559
  step 950/1999 best 12.547
  step 1000/1999 best 12.488
  step 1050/1999 best 12.559
  step 1100/1999 best 12.331
  step 1150/1999 best 12.565
  step 1200/1999 best 12.433
  step 1250/1999 best 12.442
  step 1300/1999 best 12.530
  step 1350/1999 best 12.511
  step 1400/1999 best 12.542
  step 1450/1999 best 12.478
  step 1500/1999 best 12.489
  step 1550/1999 best 12.525
  step 1600/1999 best 12.562
  step 1650/1999 best 12.511
  step 1700/1999 best 12.540
  step 1750/1999 best 12.556
  step 1800/1999 best 12.483
  step 1850/1999 best 12.543
  step 1900/1999 best 12.611
  step 1950/1999 best 12.626
saved SBC_CHAINS_cnn_vmim__n1_seed_s1_sim2834_row2429643_noise4179_4358_4537 (240000, 4) acc=0.297
  step 0/1999 best -16.764
  step 50/1999 best -1.238
  step 100/1999 best -0.855
  step 150/1999 best -0.861
  step 200/1999 best -0.846
  step 250/1999 best -0.462
  step 300/1999 best -0.461
  step 350/1999 best 15.978
  step 400/1999 best 16.805
  step 450/1999 best 16.805
  step 500/1999 best 16.805
  step 550/1999 best 16.390
  step 600/1999 best 17.015
  step 650/1999 best 17.023
  step 700/1999 best 16.871
  step 750/1999 best 14.355
  step 800/1999 best 14.355
  step 850/1999 best 16.257
  step 900/1999 best 15.104
  step 950/1999 best 12.696
  step 1000/1999 best 14.855
  step 1050/1999 best 16.492
  step 1100/1999 best 16.623
  step 1150/1999 best 16.456
  step 1200/1999 best 16.909
  step 1250/1999 best 16.664
  step 1300/1999 best 16.458
  step 1350/1999 best 17.031
  step 1400/1999 best 17.130
  step 1450/1999 best 17.657
  step 1500/1999 best 17.586
  step 1550/1999 best 17.227
  step 1600/1999 best 17.782
  step 1650/1999 best 17.795
  step 1700/1999 best 17.550
  step 1750/1999 best 17.690
  step 1800/1999 best 17.088
  step 1850/1999 best 17.136
  step 1900/1999 best 17.375
  step 1950/1999 best 17.333
saved SBC_CHAINS_cnn_vmim__n1_seed_s1_sim436_row414441_noise4009_4188_4367 (240000, 4) acc=0.163
  step 0/1999 best -13.861
  step 50/1999 best 11.612
  step 100/1999 best 14.796
  step 150/1999 best 14.611
  step 200/1999 best 15.002
  step 250/1999 best 15.270
  step 300/1999 best 15.501
  step 350/1999 best 15.417
  step 400/1999 best 15.475
  step 450/1999 best 15.493
  step 500/1999 best 15.421
  step 550/1999 best 15.509
  step 600/1999 best 15.413
  step 650/1999 best 15.431
  step 700/1999 best 15.518
  step 750/1999 best 15.530
  step 800/1999 best 15.482
  step 850/1999 best 15.491
  step 900/1999 best 15.307
  step 950/1999 best 15.379
  step 1000/1999 best 15.467
  step 1050/1999 best 15.552
  step 1100/1999 best 15.364
  step 1150/1999 best 15.494
  step 1200/1999 best 15.415
  step 1250/1999 best 15.535
  step 1300/1999 best 15.144
  step 1350/1999 best 15.439
  step 1400/1999 best 15.525
  step 1450/1999 best 15.510
  step 1500/1999 best 15.304
  step 1550/1999 best 15.348
  step 1600/1999 best 15.466
  step 1650/1999 best 15.514
  step 1700/1999 best 15.428
  step 1750/1999 best 15.350
  step 1800/1999 best 15.244
  step 1850/1999 best 15.460
  step 1900/1999 best 15.474
  step 1950/1999 best 15.432
saved SBC_CHAINS_cnn_vmim__n1_seed_s1_sim663_row616123_noise4647_4826_5005 (240000, 4) acc=0.300
  step 0/1999 best -17.095
  step 50/1999 best -1.038
  step 100/1999 best 10.338
  step 150/1999 best 10.107
  step 200/1999 best 8.921
  step 250/1999 best 11.217
  step 300/1999 best 11.767
  step 350/1999 best 12.234
  step 400/1999 best 13.392
  step 450/1999 best 15.014
  step 500/1999 best 14.307
  step 550/1999 best 15.201
  step 600/1999 best 14.472
  step 650/1999 best 14.744
  step 700/1999 best 15.225
  step 750/1999 best 15.005
  step 800/1999 best 15.705
  step 850/1999 best 15.805
  step 900/1999 best 15.688
  step 950/1999 best 15.946
  step 1000/1999 best 15.365
  step 1050/1999 best 15.782
  step 1100/1999 best 15.563
  step 1150/1999 best 15.801
  step 1200/1999 best 16.058
  step 1250/1999 best 15.891
  step 1300/1999 best 16.030
  step 1350/1999 best 15.982
  step 1400/1999 best 15.524
  step 1450/1999 best 15.940
  step 1500/1999 best 15.951
  step 1550/1999 best 15.750
  step 1600/1999 best 15.968
  step 1650/1999 best 15.879
  step 1700/1999 best 16.080
  step 1750/1999 best 15.372
  step 1800/1999 best 15.717
  step 1850/1999 best 15.707
  step 1900/1999 best 15.634
  step 1950/1999 best 16.068
saved SBC_CHAINS_cnn_vmim__n1_seed_s1_sim2523_row2122485_noise7517_7696_7875 (240000, 4) acc=0.137
