[stage3] arm=cnn_vmim_/n1_jitter/seed_s0  nle=/gscratch/ddehiwalage-don/sbi_master/cnn_vmim_/n1_jitter/seed_s0/nle
[NLE] scope=standard_t family=nsf loaded from /gscratch/ddehiwalage-don/sbi_master/cnn_vmim_/n1_jitter/seed_s0/nle/standard_t/nsf
targets this task: 151 | family=standard_t_nsf | chains -> /gscratch/ddehiwalage-don/sbi_master/cnn_vmim_/n1_jitter/seed_s0/chains/standard_t_nsf
  step 0/1999 best -12.898
  step 50/1999 best -2.255
  step 100/1999 best 3.395
  step 150/1999 best 13.342
  step 200/1999 best 13.773
  step 250/1999 best 13.627
  step 300/1999 best 14.008
  step 350/1999 best 13.332
  step 400/1999 best 13.631
  step 450/1999 best 13.835
  step 500/1999 best 13.561
  step 550/1999 best 13.989
  step 600/1999 best 13.818
  step 650/1999 best 13.967
  step 700/1999 best 13.991
  step 750/1999 best 13.821
  step 800/1999 best 13.901
  step 850/1999 best 13.915
  step 900/1999 best 13.737
  step 950/1999 best 13.842
  step 1000/1999 best 13.930
  step 1050/1999 best 13.675
  step 1100/1999 best 13.903
  step 1150/1999 best 13.910
  step 1200/1999 best 13.991
  step 1250/1999 best 13.857
  step 1300/1999 best 14.007
  step 1350/1999 best 13.927
  step 1400/1999 best 13.845
  step 1450/1999 best 13.955
  step 1500/1999 best 13.964
  step 1550/1999 best 13.865
  step 1600/1999 best 13.874
  step 1650/1999 best 13.992
  step 1700/1999 best 13.912
  step 1750/1999 best 13.897
  step 1800/1999 best 13.930
  step 1850/1999 best 13.825
  step 1900/1999 best 13.843
  step 1950/1999 best 13.872
saved SBC_CHAINS_cnn_vmim__n1_jitter_seed_s0_sim976_row925003_noise3031_3210_3389 (240000, 4) acc=0.217
  step 0/1999 best -7.037
  step 50/1999 best -6.695
  step 100/1999 best 6.057
  step 150/1999 best 8.323
  step 200/1999 best 11.609
  step 250/1999 best 12.820
  step 300/1999 best 13.533
  step 350/1999 best 13.192
  step 400/1999 best 13.586
  step 450/1999 best 13.435
  step 500/1999 best 13.553
  step 550/1999 best 13.686
  step 600/1999 best 13.636
  step 650/1999 best 13.633
  step 700/1999 best 13.584
  step 750/1999 best 13.688
  step 800/1999 best 13.693
  step 850/1999 best 13.595
  step 900/1999 best 13.664
  step 950/1999 best 13.656
  step 1000/1999 best 13.565
  step 1050/1999 best 13.710
  step 1100/1999 best 13.582
  step 1150/1999 best 13.638
  step 1200/1999 best 13.648
  step 1250/1999 best 13.726
  step 1300/1999 best 13.649
  step 1350/1999 best 13.649
  step 1400/1999 best 13.697
  step 1450/1999 best 13.560
  step 1500/1999 best 13.605
  step 1550/1999 best 13.561
  step 1600/1999 best 13.521
  step 1650/1999 best 13.681
  step 1700/1999 best 13.447
  step 1750/1999 best 13.499
  step 1800/1999 best 13.717
  step 1850/1999 best 13.711
  step 1900/1999 best 13.710
  step 1950/1999 best 13.651
saved SBC_CHAINS_cnn_vmim__n1_jitter_seed_s0_sim1503_row1280723_noise39_218_397 (240000, 4) acc=0.209
  step 0/1999 best -19.447
  step 50/1999 best 12.005
  step 100/1999 best 13.466
  step 150/1999 best 14.185
  step 200/1999 best 14.670
  step 250/1999 best 14.597
  step 300/1999 best 14.724
  step 350/1999 best 14.684
  step 400/1999 best 14.560
  step 450/1999 best 14.740
  step 500/1999 best 14.693
  step 550/1999 best 14.718
  step 600/1999 best 14.646
  step 650/1999 best 14.465
  step 700/1999 best 14.581
  step 750/1999 best 14.547
  step 800/1999 best 14.676
  step 850/1999 best 14.625
  step 900/1999 best 14.586
  step 950/1999 best 14.621
  step 1000/1999 best 14.694
  step 1050/1999 best 14.616
  step 1100/1999 best 14.668
  step 1150/1999 best 14.619
  step 1200/1999 best 14.668
  step 1250/1999 best 14.637
  step 1300/1999 best 14.638
  step 1350/1999 best 14.702
  step 1400/1999 best 14.707
  step 1450/1999 best 14.732
  step 1500/1999 best 14.656
  step 1550/1999 best 14.639
  step 1600/1999 best 14.619
  step 1650/1999 best 14.620
  step 1700/1999 best 14.657
  step 1750/1999 best 14.724
  step 1800/1999 best 14.601
  step 1850/1999 best 14.763
  step 1900/1999 best 14.638
  step 1950/1999 best 14.454
saved SBC_CHAINS_cnn_vmim__n1_jitter_seed_s0_sim1982_row1593305_noise6877_7056_7235 (240000, 4) acc=0.288
  step 0/1999 best -12.377
  step 50/1999 best 9.839
  step 100/1999 best 13.155
  step 150/1999 best 14.259
  step 200/1999 best 14.132
  step 250/1999 best 14.303
  step 300/1999 best 14.195
  step 350/1999 best 14.271
  step 400/1999 best 14.163
  step 450/1999 best 14.133
  step 500/1999 best 14.449
  step 550/1999 best 14.349
  step 600/1999 best 14.373
  step 650/1999 best 14.350
  step 700/1999 best 14.391
  step 750/1999 best 14.402
  step 800/1999 best 14.287
  step 850/1999 best 14.371
  step 900/1999 best 14.395
  step 950/1999 best 14.380
  step 1000/1999 best 14.364
  step 1050/1999 best 14.438
  step 1100/1999 best 14.433
  step 1150/1999 best 14.275
  step 1200/1999 best 14.329
  step 1250/1999 best 14.340
  step 1300/1999 best 14.376
  step 1350/1999 best 14.366
  step 1400/1999 best 14.421
  step 1450/1999 best 14.411
  step 1500/1999 best 14.324
  step 1550/1999 best 14.391
  step 1600/1999 best 14.394
  step 1650/1999 best 14.394
  step 1700/1999 best 14.327
  step 1750/1999 best 14.408
  step 1800/1999 best 14.222
  step 1850/1999 best 14.358
  step 1900/1999 best 14.324
  step 1950/1999 best 14.333
saved SBC_CHAINS_cnn_vmim__n1_jitter_seed_s0_sim2061_row1671653_noise7601_7780_7959 (240000, 4) acc=0.299
  step 0/1999 best -18.565
  step 50/1999 best 2.337
  step 100/1999 best 12.894
  step 150/1999 best 13.652
  step 200/1999 best 14.898
  step 250/1999 best 14.954
  step 300/1999 best 15.243
  step 350/1999 best 15.178
  step 400/1999 best 15.111
  step 450/1999 best 15.115
  step 500/1999 best 15.194
  step 550/1999 best 15.114
  step 600/1999 best 15.169
  step 650/1999 best 15.247
  step 700/1999 best 15.247
  step 750/1999 best 15.151
  step 800/1999 best 15.195
  step 850/1999 best 15.160
  step 900/1999 best 15.172
  step 950/1999 best 15.073
  step 1000/1999 best 15.083
  step 1050/1999 best 15.228
  step 1100/1999 best 15.187
  step 1150/1999 best 15.032
  step 1200/1999 best 15.157
  step 1250/1999 best 15.215
  step 1300/1999 best 15.160
  step 1350/1999 best 15.122
  step 1400/1999 best 15.296
  step 1450/1999 best 15.241
  step 1500/1999 best 15.162
  step 1550/1999 best 15.193
  step 1600/1999 best 15.166
  step 1650/1999 best 15.219
  step 1700/1999 best 15.162
  step 1750/1999 best 15.147
  step 1800/1999 best 15.269
  step 1850/1999 best 15.231
  step 1900/1999 best 15.087
  step 1950/1999 best 15.278
saved SBC_CHAINS_cnn_vmim__n1_jitter_seed_s0_sim1215_row1033631_noise6787_6966_7145 (240000, 4) acc=0.323
  step 0/1999 best -17.409
  step 50/1999 best -3.956
  step 100/1999 best 5.431
  step 150/1999 best 7.409
  step 200/1999 best 9.584
  step 250/1999 best 14.125
  step 300/1999 best 15.899
  step 350/1999 best 16.183
  step 400/1999 best 16.183
  step 450/1999 best 16.025
  step 500/1999 best 15.675
  step 550/1999 best 16.088
  step 600/1999 best 16.169
  step 650/1999 best 16.009
  step 700/1999 best 16.246
  step 750/1999 best 16.186
  step 800/1999 best 16.123
  step 850/1999 best 16.249
  step 900/1999 best 16.078
  step 950/1999 best 16.168
  step 1000/1999 best 16.009
  step 1050/1999 best 16.033
  step 1100/1999 best 15.965
  step 1150/1999 best 16.187
  step 1200/1999 best 16.130
  step 1250/1999 best 16.152
  step 1300/1999 best 16.235
  step 1350/1999 best 16.031
  step 1400/1999 best 16.119
  step 1450/1999 best 16.232
  step 1500/1999 best 16.252
  step 1550/1999 best 16.215
  step 1600/1999 best 16.297
  step 1650/1999 best 16.189
  step 1700/1999 best 16.211
  step 1750/1999 best 16.142
  step 1800/1999 best 15.962
  step 1850/1999 best 16.087
  step 1900/1999 best 16.223
  step 1950/1999 best 16.271
saved SBC_CHAINS_cnn_vmim__n1_jitter_seed_s0_sim112_row111528_noise4420_4599_4778 (240000, 4) acc=0.271
  step 0/1999 best -14.731
  step 50/1999 best 8.395
  step 100/1999 best 8.867
  step 150/1999 best 9.246
  step 200/1999 best 8.986
  step 250/1999 best 9.167
  step 300/1999 best 9.246
  step 350/1999 best 9.109
  step 400/1999 best 9.116
  step 450/1999 best 9.096
  step 500/1999 best 9.097
  step 550/1999 best 8.921
  step 600/1999 best 9.072
  step 650/1999 best 9.181
  step 700/1999 best 9.191
  step 750/1999 best 9.179
  step 800/1999 best 9.215
  step 850/1999 best 9.258
  step 900/1999 best 9.187
  step 950/1999 best 8.923
  step 1000/1999 best 9.205
  step 1050/1999 best 9.190
  step 1100/1999 best 9.174
  step 1150/1999 best 9.246
  step 1200/1999 best 9.179
  step 1250/1999 best 9.219
  step 1300/1999 best 9.139
  step 1350/1999 best 9.214
  step 1400/1999 best 9.049
  step 1450/1999 best 9.155
  step 1500/1999 best 9.092
  step 1550/1999 best 9.273
  step 1600/1999 best 9.051
  step 1650/1999 best 9.226
  step 1700/1999 best 9.226
  step 1750/1999 best 9.119
  step 1800/1999 best 9.152
  step 1850/1999 best 9.122
  step 1900/1999 best 9.198
  step 1950/1999 best 9.181
saved SBC_CHAINS_cnn_vmim__n1_jitter_seed_s0_sim3103_row2698266_noise7446_7625_7804 (240000, 4) acc=0.283
  step 0/1999 best -16.231
  step 50/1999 best -0.118
  step 100/1999 best -0.417
  step 150/1999 best 3.713
  step 200/1999 best 12.405
  step 250/1999 best 12.936
  step 300/1999 best 13.344
  step 350/1999 best 13.157
  step 400/1999 best 13.139
  step 450/1999 best 13.220
  step 500/1999 best 13.370
  step 550/1999 best 13.221
  step 600/1999 best 13.370
  step 650/1999 best 13.262
  step 700/1999 best 13.043
  step 750/1999 best 13.219
  step 800/1999 best 13.265
  step 850/1999 best 13.398
  step 900/1999 best 13.355
  step 950/1999 best 13.199
  step 1000/1999 best 13.202
  step 1050/1999 best 13.407
  step 1100/1999 best 13.384
  step 1150/1999 best 13.367
  step 1200/1999 best 13.411
  step 1250/1999 best 13.469
  step 1300/1999 best 13.480
  step 1350/1999 best 13.423
  step 1400/1999 best 13.278
  step 1450/1999 best 13.417
  step 1500/1999 best 13.417
  step 1550/1999 best 13.315
  step 1600/1999 best 13.506
  step 1650/1999 best 13.431
  step 1700/1999 best 13.367
  step 1750/1999 best 13.348
  step 1800/1999 best 13.274
  step 1850/1999 best 13.382
  step 1900/1999 best 13.402
  step 1950/1999 best 13.272
saved SBC_CHAINS_cnn_vmim__n1_jitter_seed_s0_sim2014_row1625675_noise9763_114_293 (240000, 4) acc=0.158
  step 0/1999 best -21.369
  step 50/1999 best 11.084
  step 100/1999 best 14.176
  step 150/1999 best 14.009
  step 200/1999 best 14.309
  step 250/1999 best 14.367
  step 300/1999 best 14.515
  step 350/1999 best 14.507
  step 400/1999 best 14.367
  step 450/1999 best 14.342
  step 500/1999 best 14.463
  step 550/1999 best 14.505
  step 600/1999 best 14.443
  step 650/1999 best 14.428
  step 700/1999 best 14.526
  step 750/1999 best 14.447
  step 800/1999 best 14.559
  step 850/1999 best 14.455
  step 900/1999 best 14.456
  step 950/1999 best 14.532
  step 1000/1999 best 14.350
  step 1050/1999 best 14.488
  step 1100/1999 best 14.503
  step 1150/1999 best 14.517
  step 1200/1999 best 14.569
  step 1250/1999 best 14.540
  step 1300/1999 best 14.477
  step 1350/1999 best 14.420
  step 1400/1999 best 14.562
  step 1450/1999 best 14.508
  step 1500/1999 best 14.505
  step 1550/1999 best 14.498
  step 1600/1999 best 14.517
  step 1650/1999 best 14.575
  step 1700/1999 best 14.501
  step 1750/1999 best 14.383
  step 1800/1999 best 14.336
  step 1850/1999 best 14.567
  step 1900/1999 best 14.572
  step 1950/1999 best 14.416
saved SBC_CHAINS_cnn_vmim__n1_jitter_seed_s0_sim362_row348972_noise9164_9343_9522 (240000, 4) acc=0.240
  step 0/1999 best -27.978
  step 50/1999 best 9.451
  step 100/1999 best 14.538
  step 150/1999 best 14.208
  step 200/1999 best 14.401
  step 250/1999 best 14.544
  step 300/1999 best 14.485
  step 350/1999 best 14.576
  step 400/1999 best 14.250
  step 450/1999 best 14.466
  step 500/1999 best 14.508
  step 550/1999 best 14.459
  step 600/1999 best 14.497
  step 650/1999 best 14.603
  step 700/1999 best 14.622
  step 750/1999 best 14.469
  step 800/1999 best 14.462
  step 850/1999 best 14.410
  step 900/1999 best 14.621
  step 950/1999 best 14.474
  step 1000/1999 best 14.449
  step 1050/1999 best 14.644
  step 1100/1999 best 14.402
  step 1150/1999 best 14.405
  step 1200/1999 best 14.557
  step 1250/1999 best 14.549
  step 1300/1999 best 14.613
  step 1350/1999 best 14.630
  step 1400/1999 best 14.452
  step 1450/1999 best 14.545
  step 1500/1999 best 14.448
  step 1550/1999 best 14.567
  step 1600/1999 best 14.564
  step 1650/1999 best 14.384
  step 1700/1999 best 14.605
  step 1750/1999 best 14.608
  step 1800/1999 best 14.571
  step 1850/1999 best 14.662
  step 1900/1999 best 14.428
  step 1950/1999 best 14.668
saved SBC_CHAINS_cnn_vmim__n1_jitter_seed_s0_sim1340_row1149004_noise3396_3575_3754 (240000, 4) acc=0.189
  step 0/1999 best -13.214
  step 50/1999 best 7.381
  step 100/1999 best 10.682
  step 150/1999 best 12.927
  step 200/1999 best 13.060
  step 250/1999 best 13.143
  step 300/1999 best 13.047
  step 350/1999 best 13.165
  step 400/1999 best 13.164
  step 450/1999 best 13.126
  step 500/1999 best 13.158
  step 550/1999 best 13.069
  step 600/1999 best 13.043
  step 650/1999 best 13.034
  step 700/1999 best 13.118
  step 750/1999 best 12.960
  step 800/1999 best 13.075
  step 850/1999 best 13.098
  step 900/1999 best 13.192
  step 950/1999 best 13.096
  step 1000/1999 best 13.134
  step 1050/1999 best 13.077
  step 1100/1999 best 13.115
  step 1150/1999 best 12.982
  step 1200/1999 best 13.093
  step 1250/1999 best 13.071
  step 1300/1999 best 13.106
  step 1350/1999 best 13.140
  step 1400/1999 best 13.175
  step 1450/1999 best 13.133
  step 1500/1999 best 13.123
  step 1550/1999 best 13.084
  step 1600/1999 best 13.121
  step 1650/1999 best 13.130
  step 1700/1999 best 13.071
  step 1750/1999 best 13.124
  step 1800/1999 best 13.050
  step 1850/1999 best 12.882
  step 1900/1999 best 13.061
  step 1950/1999 best 13.153
saved SBC_CHAINS_cnn_vmim__n1_jitter_seed_s0_sim1226_row1044188_noise7516_7695_7874 (240000, 4) acc=0.320
  step 0/1999 best -24.146
  step 50/1999 best 7.536
  step 100/1999 best 10.899
  step 150/1999 best 10.553
  step 200/1999 best 11.186
  step 250/1999 best 12.993
  step 300/1999 best 13.830
  step 350/1999 best 13.811
  step 400/1999 best 13.500
  step 450/1999 best 13.793
  step 500/1999 best 13.722
  step 550/1999 best 13.969
  step 600/1999 best 13.735
  step 650/1999 best 13.898
  step 700/1999 best 13.750
  step 750/1999 best 13.915
  step 800/1999 best 13.908
  step 850/1999 best 13.923
  step 900/1999 best 13.841
  step 950/1999 best 13.915
  step 1000/1999 best 13.948
  step 1050/1999 best 13.944
  step 1100/1999 best 14.033
  step 1150/1999 best 13.928
  step 1200/1999 best 13.915
  step 1250/1999 best 13.987
  step 1300/1999 best 13.963
  step 1350/1999 best 13.817
  step 1400/1999 best 13.909
  step 1450/1999 best 13.841
  step 1500/1999 best 13.928
  step 1550/1999 best 13.781
  step 1600/1999 best 13.879
  step 1650/1999 best 13.932
  step 1700/1999 best 13.902
  step 1750/1999 best 13.999
  step 1800/1999 best 13.968
  step 1850/1999 best 13.852
  step 1900/1999 best 13.946
  step 1950/1999 best 13.892
saved SBC_CHAINS_cnn_vmim__n1_jitter_seed_s0_sim169_row160468_noise2392_2571_2750 (240000, 4) acc=0.176
  step 0/1999 best -23.575
  step 50/1999 best -2.874
  step 100/1999 best 9.852
  step 150/1999 best 14.081
  step 200/1999 best 13.579
  step 250/1999 best 14.174
  step 300/1999 best 14.467
  step 350/1999 best 14.688
  step 400/1999 best 14.501
  step 450/1999 best 14.687
  step 500/1999 best 14.409
  step 550/1999 best 14.512
  step 600/1999 best 14.510
  step 650/1999 best 14.574
  step 700/1999 best 14.735
  step 750/1999 best 14.703
  step 800/1999 best 14.709
  step 850/1999 best 14.377
  step 900/1999 best 14.651
  step 950/1999 best 14.682
  step 1000/1999 best 14.581
  step 1050/1999 best 14.675
  step 1100/1999 best 14.710
  step 1150/1999 best 14.607
  step 1200/1999 best 14.615
  step 1250/1999 best 14.457
  step 1300/1999 best 14.745
  step 1350/1999 best 14.566
  step 1400/1999 best 14.493
  step 1450/1999 best 14.774
  step 1500/1999 best 14.571
  step 1550/1999 best 14.578
  step 1600/1999 best 14.649
  step 1650/1999 best 14.664
  step 1700/1999 best 14.704
  step 1750/1999 best 14.562
  step 1800/1999 best 14.668
  step 1850/1999 best 14.692
  step 1900/1999 best 14.568
  step 1950/1999 best 14.653
saved SBC_CHAINS_cnn_vmim__n1_jitter_seed_s0_sim1184_row1002257_noise4897_5076_5255 (240000, 4) acc=0.210
  step 0/1999 best -24.750
  step 50/1999 best -7.429
  step 100/1999 best 4.399
  step 150/1999 best 4.722
  step 200/1999 best 10.015
  step 250/1999 best 11.334
  step 300/1999 best 11.953
  step 350/1999 best 11.727
  step 400/1999 best 11.801
  step 450/1999 best 11.948
  step 500/1999 best 11.962
  step 550/1999 best 11.859
  step 600/1999 best 11.972
  step 650/1999 best 11.948
  step 700/1999 best 11.932
  step 750/1999 best 11.828
  step 800/1999 best 11.937
  step 850/1999 best 11.947
  step 900/1999 best 11.842
  step 950/1999 best 11.921
  step 1000/1999 best 11.890
  step 1050/1999 best 11.849
  step 1100/1999 best 11.892
  step 1150/1999 best 11.945
  step 1200/1999 best 11.837
  step 1250/1999 best 11.887
  step 1300/1999 best 11.939
  step 1350/1999 best 11.876
  step 1400/1999 best 11.957
  step 1450/1999 best 11.965
  step 1500/1999 best 11.956
  step 1550/1999 best 11.817
  step 1600/1999 best 11.989
  step 1650/1999 best 11.900
  step 1700/1999 best 11.968
  step 1750/1999 best 11.860
  step 1800/1999 best 11.948
  step 1850/1999 best 11.986
  step 1900/1999 best 12.000
  step 1950/1999 best 11.971
saved SBC_CHAINS_cnn_vmim__n1_jitter_seed_s0_sim2842_row2437250_noise1958_2137_2316 (240000, 4) acc=0.324
  step 0/1999 best -26.493
  step 50/1999 best 6.506
  step 100/1999 best 10.499
  step 150/1999 best 10.790
  step 200/1999 best 10.860
  step 250/1999 best 10.670
  step 300/1999 best 10.786
  step 350/1999 best 10.629
  step 400/1999 best 10.806
  step 450/1999 best 10.794
  step 500/1999 best 10.822
  step 550/1999 best 10.870
  step 600/1999 best 10.834
  step 650/1999 best 10.687
  step 700/1999 best 10.768
  step 750/1999 best 10.897
  step 800/1999 best 10.797
  step 850/1999 best 10.890
  step 900/1999 best 10.846
  step 950/1999 best 10.815
  step 1000/1999 best 10.876
  step 1050/1999 best 10.903
  step 1100/1999 best 10.821
  step 1150/1999 best 10.806
  step 1200/1999 best 10.886
  step 1250/1999 best 10.883
  step 1300/1999 best 10.718
  step 1350/1999 best 10.806
  step 1400/1999 best 10.904
  step 1450/1999 best 10.845
  step 1500/1999 best 10.852
  step 1550/1999 best 10.767
  step 1600/1999 best 10.894
  step 1650/1999 best 10.904
  step 1700/1999 best 10.816
  step 1750/1999 best 10.820
  step 1800/1999 best 10.801
  step 1850/1999 best 10.852
  step 1900/1999 best 10.866
  step 1950/1999 best 10.906
saved SBC_CHAINS_cnn_vmim__n1_jitter_seed_s0_sim3014_row2609809_noise7441_7620_7799 (240000, 4) acc=0.513
  step 0/1999 best -13.372
  step 50/1999 best -3.110
  step 100/1999 best 4.518
  step 150/1999 best 9.985
  step 200/1999 best 11.965
  step 250/1999 best 12.542
  step 300/1999 best 12.436
  step 350/1999 best 12.633
  step 400/1999 best 12.480
  step 450/1999 best 12.590
  step 500/1999 best 12.538
  step 550/1999 best 12.776
  step 600/1999 best 12.672
  step 650/1999 best 12.746
  step 700/1999 best 12.782
  step 750/1999 best 12.719
  step 800/1999 best 12.777
  step 850/1999 best 12.635
  step 900/1999 best 12.787
  step 950/1999 best 12.711
  step 1000/1999 best 12.570
  step 1050/1999 best 12.668
  step 1100/1999 best 12.682
  step 1150/1999 best 12.781
  step 1200/1999 best 12.662
  step 1250/1999 best 12.722
  step 1300/1999 best 12.744
  step 1350/1999 best 12.769
  step 1400/1999 best 12.672
  step 1450/1999 best 12.807
  step 1500/1999 best 12.770
  step 1550/1999 best 12.763
  step 1600/1999 best 12.660
  step 1650/1999 best 12.665
  step 1700/1999 best 12.684
  step 1750/1999 best 12.718
  step 1800/1999 best 12.740
  step 1850/1999 best 12.619
  step 1900/1999 best 12.774
  step 1950/1999 best 12.570
saved SBC_CHAINS_cnn_vmim__n1_jitter_seed_s0_sim2354_row1954252_noise5360_5539_5718 (240000, 4) acc=0.260
  step 0/1999 best -18.047
  step 50/1999 best 8.166
  step 100/1999 best 13.873
  step 150/1999 best 15.046
  step 200/1999 best 14.880
  step 250/1999 best 14.969
  step 300/1999 best 14.738
  step 350/1999 best 15.004
  step 400/1999 best 15.047
  step 450/1999 best 14.994
  step 500/1999 best 15.079
  step 550/1999 best 15.004
  step 600/1999 best 15.010
  step 650/1999 best 15.000
  step 700/1999 best 15.093
  step 750/1999 best 14.857
  step 800/1999 best 15.017
  step 850/1999 best 15.120
  step 900/1999 best 15.023
  step 950/1999 best 14.940
  step 1000/1999 best 15.137
  step 1050/1999 best 15.092
  step 1100/1999 best 15.112
  step 1150/1999 best 14.897
  step 1200/1999 best 14.963
  step 1250/1999 best 15.005
  step 1300/1999 best 15.064
  step 1350/1999 best 15.044
  step 1400/1999 best 15.017
  step 1450/1999 best 15.106
  step 1500/1999 best 15.078
  step 1550/1999 best 14.993
  step 1600/1999 best 15.038
  step 1650/1999 best 15.047
  step 1700/1999 best 14.956
  step 1750/1999 best 14.988
  step 1800/1999 best 14.983
  step 1850/1999 best 14.982
  step 1900/1999 best 15.090
  step 1950/1999 best 15.092
saved SBC_CHAINS_cnn_vmim__n1_jitter_seed_s0_sim813_row762177_noise7281_7460_7639 (240000, 4) acc=0.469
  step 0/1999 best -13.574
  step 50/1999 best -8.777
  step 100/1999 best -2.851
  step 150/1999 best 13.170
  step 200/1999 best 13.206
  step 250/1999 best 13.173
  step 300/1999 best 13.393
  step 350/1999 best 13.658
  step 400/1999 best 13.446
  step 450/1999 best 13.614
  step 500/1999 best 13.629
  step 550/1999 best 13.640
  step 600/1999 best 13.691
  step 650/1999 best 13.656
  step 700/1999 best 13.657
  step 750/1999 best 13.721
  step 800/1999 best 13.563
  step 850/1999 best 13.600
  step 900/1999 best 13.431
  step 950/1999 best 13.697
  step 1000/1999 best 13.631
  step 1050/1999 best 13.626
  step 1100/1999 best 13.603
  step 1150/1999 best 13.709
  step 1200/1999 best 13.705
  step 1250/1999 best 13.672
  step 1300/1999 best 13.488
  step 1350/1999 best 13.695
  step 1400/1999 best 13.593
  step 1450/1999 best 13.549
  step 1500/1999 best 13.615
  step 1550/1999 best 13.568
  step 1600/1999 best 13.675
  step 1650/1999 best 13.643
  step 1700/1999 best 13.676
  step 1750/1999 best 13.614
  step 1800/1999 best 13.589
  step 1850/1999 best 13.539
  step 1900/1999 best 13.682
  step 1950/1999 best 13.613
saved SBC_CHAINS_cnn_vmim__n1_jitter_seed_s0_sim646_row599415_noise7595_7774_7953 (240000, 4) acc=0.312
  step 0/1999 best -12.414
  step 50/1999 best 7.195
  step 100/1999 best 13.163
  step 150/1999 best 14.741
  step 200/1999 best 15.267
  step 250/1999 best 15.198
  step 300/1999 best 15.250
  step 350/1999 best 15.359
  step 400/1999 best 15.383
  step 450/1999 best 15.281
  step 500/1999 best 15.405
  step 550/1999 best 15.468
  step 600/1999 best 15.364
  step 650/1999 best 15.448
  step 700/1999 best 15.316
  step 750/1999 best 15.337
  step 800/1999 best 15.356
  step 850/1999 best 15.472
  step 900/1999 best 15.394
  step 950/1999 best 15.414
  step 1000/1999 best 15.418
  step 1050/1999 best 15.401
  step 1100/1999 best 15.422
  step 1150/1999 best 15.445
  step 1200/1999 best 15.389
  step 1250/1999 best 15.416
  step 1300/1999 best 15.398
  step 1350/1999 best 15.356
  step 1400/1999 best 15.405
  step 1450/1999 best 15.465
  step 1500/1999 best 15.453
  step 1550/1999 best 15.402
  step 1600/1999 best 15.412
  step 1650/1999 best 15.367
  step 1700/1999 best 15.251
  step 1750/1999 best 15.407
  step 1800/1999 best 15.331
  step 1850/1999 best 15.434
  step 1900/1999 best 15.425
  step 1950/1999 best 15.380
saved SBC_CHAINS_cnn_vmim__n1_jitter_seed_s0_sim1989_row1600710_noise4454_4633_4812 (240000, 4) acc=0.302
  step 0/1999 best -16.355
  step 50/1999 best -0.149
  step 100/1999 best 2.376
  step 150/1999 best 9.251
  step 200/1999 best 10.240
  step 250/1999 best 10.844
  step 300/1999 best 10.330
  step 350/1999 best 10.264
  step 400/1999 best 10.667
  step 450/1999 best 10.916
  step 500/1999 best 10.714
  step 550/1999 best 10.783
  step 600/1999 best 10.480
  step 650/1999 best 10.732
  step 700/1999 best 10.657
  step 750/1999 best 10.906
  step 800/1999 best 10.870
  step 850/1999 best 10.685
  step 900/1999 best 10.628
  step 950/1999 best 10.841
  step 1000/1999 best 10.663
  step 1050/1999 best 10.916
  step 1100/1999 best 10.783
  step 1150/1999 best 10.859
  step 1200/1999 best 10.850
  step 1250/1999 best 10.860
  step 1300/1999 best 10.538
  step 1350/1999 best 10.788
  step 1400/1999 best 10.814
  step 1450/1999 best 10.704
  step 1500/1999 best 10.704
  step 1550/1999 best 10.824
  step 1600/1999 best 10.715
  step 1650/1999 best 10.737
  step 1700/1999 best 10.940
  step 1750/1999 best 10.896
  step 1800/1999 best 10.858
  step 1850/1999 best 10.710
  step 1900/1999 best 10.721
  step 1950/1999 best 10.741
saved SBC_CHAINS_cnn_vmim__n1_jitter_seed_s0_sim2090_row1700023_noise6487_6666_6845 (240000, 4) acc=0.146
  step 0/1999 best -2.999
  step 50/1999 best 1.600
  step 100/1999 best 11.518
  step 150/1999 best 13.366
  step 200/1999 best 13.165
  step 250/1999 best 13.478
  step 300/1999 best 13.655
  step 350/1999 best 13.611
  step 400/1999 best 13.345
  step 450/1999 best 13.553
  step 500/1999 best 13.466
  step 550/1999 best 13.587
  step 600/1999 best 13.696
  step 650/1999 best 13.648
  step 700/1999 best 13.525
  step 750/1999 best 13.747
  step 800/1999 best 13.729
  step 850/1999 best 13.625
  step 900/1999 best 13.609
  step 950/1999 best 13.607
  step 1000/1999 best 13.585
  step 1050/1999 best 13.710
  step 1100/1999 best 13.680
  step 1150/1999 best 13.595
  step 1200/1999 best 13.499
  step 1250/1999 best 13.512
  step 1300/1999 best 13.621
  step 1350/1999 best 13.599
  step 1400/1999 best 13.636
  step 1450/1999 best 13.635
  step 1500/1999 best 13.617
  step 1550/1999 best 13.686
  step 1600/1999 best 13.710
  step 1650/1999 best 13.678
  step 1700/1999 best 13.665
  step 1750/1999 best 13.594
  step 1800/1999 best 13.708
  step 1850/1999 best 13.705
  step 1900/1999 best 13.649
  step 1950/1999 best 13.716
saved SBC_CHAINS_cnn_vmim__n1_jitter_seed_s0_sim1441_row1223126_noise6238_6417_6596 (240000, 4) acc=0.206
  step 0/1999 best -21.366
  step 50/1999 best 7.191
  step 100/1999 best 9.961
  step 150/1999 best 10.593
  step 200/1999 best 10.918
  step 250/1999 best 10.753
  step 300/1999 best 10.967
  step 350/1999 best 10.935
  step 400/1999 best 10.954
  step 450/1999 best 10.893
  step 500/1999 best 10.949
  step 550/1999 best 10.778
  step 600/1999 best 10.979
  step 650/1999 best 10.904
  step 700/1999 best 10.911
  step 750/1999 best 10.913
  step 800/1999 best 10.847
  step 850/1999 best 10.956
  step 900/1999 best 10.872
  step 950/1999 best 10.983
  step 1000/1999 best 10.963
  step 1050/1999 best 10.932
  step 1100/1999 best 10.982
  step 1150/1999 best 10.990
  step 1200/1999 best 10.901
  step 1250/1999 best 10.998
  step 1300/1999 best 10.773
  step 1350/1999 best 10.890
  step 1400/1999 best 10.760
  step 1450/1999 best 10.954
  step 1500/1999 best 10.947
  step 1550/1999 best 10.964
  step 1600/1999 best 10.907
  step 1650/1999 best 10.959
  step 1700/1999 best 11.013
  step 1750/1999 best 10.924
  step 1800/1999 best 10.944
  step 1850/1999 best 10.969
  step 1900/1999 best 11.018
  step 1950/1999 best 10.948
saved SBC_CHAINS_cnn_vmim__n1_jitter_seed_s0_sim2930_row2525189_noise1445_1624_1803 (240000, 4) acc=0.457
  step 0/1999 best -17.398
  step 50/1999 best 12.893
  step 100/1999 best 12.893
  step 150/1999 best 13.017
  step 200/1999 best 13.239
  step 250/1999 best 13.938
  step 300/1999 best 14.030
  step 350/1999 best 14.263
  step 400/1999 best 14.395
  step 450/1999 best 14.658
  step 500/1999 best 14.490
  step 550/1999 best 14.303
  step 600/1999 best 14.420
  step 650/1999 best 14.603
  step 700/1999 best 14.546
  step 750/1999 best 14.412
  step 800/1999 best 14.409
  step 850/1999 best 14.443
  step 900/1999 best 14.543
  step 950/1999 best 14.564
  step 1000/1999 best 14.349
  step 1050/1999 best 14.628
  step 1100/1999 best 14.616
  step 1150/1999 best 14.672
  step 1200/1999 best 14.639
  step 1250/1999 best 14.619
  step 1300/1999 best 14.677
  step 1350/1999 best 14.623
  step 1400/1999 best 14.530
  step 1450/1999 best 14.369
  step 1500/1999 best 14.522
  step 1550/1999 best 14.576
  step 1600/1999 best 14.620
  step 1650/1999 best 14.568
  step 1700/1999 best 14.663
  step 1750/1999 best 14.468
  step 1800/1999 best 14.355
  step 1850/1999 best 14.503
  step 1900/1999 best 14.404
  step 1950/1999 best 14.657
saved SBC_CHAINS_cnn_vmim__n1_jitter_seed_s0_sim338_row324494_noise4342_4521_4700 (240000, 4) acc=0.216
  step 0/1999 best -27.896
  step 50/1999 best 9.918
  step 100/1999 best 14.643
  step 150/1999 best 14.823
  step 200/1999 best 14.994
  step 250/1999 best 15.054
  step 300/1999 best 15.024
  step 350/1999 best 15.001
  step 400/1999 best 15.137
  step 450/1999 best 15.217
  step 500/1999 best 15.152
  step 550/1999 best 15.141
  step 600/1999 best 15.086
  step 650/1999 best 15.114
  step 700/1999 best 14.989
  step 750/1999 best 15.072
  step 800/1999 best 15.149
  step 850/1999 best 15.173
  step 900/1999 best 15.118
  step 950/1999 best 15.154
  step 1000/1999 best 15.143
  step 1050/1999 best 15.131
  step 1100/1999 best 15.108
  step 1150/1999 best 15.178
  step 1200/1999 best 14.982
  step 1250/1999 best 15.191
  step 1300/1999 best 15.134
  step 1350/1999 best 15.214
  step 1400/1999 best 14.994
  step 1450/1999 best 15.207
  step 1500/1999 best 15.133
  step 1550/1999 best 15.062
  step 1600/1999 best 15.083
  step 1650/1999 best 15.186
  step 1700/1999 best 15.098
  step 1750/1999 best 15.118
  step 1800/1999 best 15.056
  step 1850/1999 best 15.136
  step 1900/1999 best 15.194
  step 1950/1999 best 15.102
saved SBC_CHAINS_cnn_vmim__n1_jitter_seed_s0_sim814_row763292_noise8396_8575_8754 (240000, 4) acc=0.415
  step 0/1999 best -15.570
  step 50/1999 best -3.052
  step 100/1999 best 2.389
  step 150/1999 best 8.693
  step 200/1999 best 9.298
  step 250/1999 best 8.593
  step 300/1999 best 9.569
  step 350/1999 best 9.302
  step 400/1999 best 9.447
  step 450/1999 best 9.441
  step 500/1999 best 9.653
  step 550/1999 best 9.617
  step 600/1999 best 9.591
  step 650/1999 best 9.670
  step 700/1999 best 9.550
  step 750/1999 best 9.461
  step 800/1999 best 9.676
  step 850/1999 best 9.383
  step 900/1999 best 9.567
  step 950/1999 best 9.556
  step 1000/1999 best 9.276
  step 1050/1999 best 9.508
  step 1100/1999 best 9.471
  step 1150/1999 best 9.613
  step 1200/1999 best 9.410
  step 1250/1999 best 9.543
  step 1300/1999 best 9.600
  step 1350/1999 best 9.640
  step 1400/1999 best 9.519
  step 1450/1999 best 9.556
  step 1500/1999 best 9.355
  step 1550/1999 best 9.589
  step 1600/1999 best 9.644
  step 1650/1999 best 9.583
  step 1700/1999 best 9.632
  step 1750/1999 best 9.612
  step 1800/1999 best 9.573
  step 1850/1999 best 9.535
  step 1900/1999 best 9.711
  step 1950/1999 best 9.602
saved SBC_CHAINS_cnn_vmim__n1_jitter_seed_s0_sim2636_row2235319_noise2415_2594_2773 (240000, 4) acc=0.232
  step 0/1999 best -28.052
  step 50/1999 best -2.362
  step 100/1999 best 3.711
  step 150/1999 best 8.782
  step 200/1999 best 10.419
  step 250/1999 best 10.120
  step 300/1999 best 10.539
  step 350/1999 best 10.698
  step 400/1999 best 10.681
  step 450/1999 best 10.658
  step 500/1999 best 10.507
  step 550/1999 best 10.645
  step 600/1999 best 10.615
  step 650/1999 best 10.668
  step 700/1999 best 10.659
  step 750/1999 best 10.417
  step 800/1999 best 10.668
  step 850/1999 best 10.707
  step 900/1999 best 10.686
  step 950/1999 best 10.650
  step 1000/1999 best 10.690
  step 1050/1999 best 10.703
  step 1100/1999 best 10.631
  step 1150/1999 best 10.560
  step 1200/1999 best 10.642
  step 1250/1999 best 10.650
  step 1300/1999 best 10.611
  step 1350/1999 best 10.743
  step 1400/1999 best 10.591
  step 1450/1999 best 10.596
  step 1500/1999 best 10.689
  step 1550/1999 best 10.669
  step 1600/1999 best 10.637
  step 1650/1999 best 10.595
  step 1700/1999 best 10.688
  step 1750/1999 best 10.717
  step 1800/1999 best 10.691
  step 1850/1999 best 10.741
  step 1900/1999 best 10.721
  step 1950/1999 best 10.698
saved SBC_CHAINS_cnn_vmim__n1_jitter_seed_s0_sim2905_row2500106_noise5846_6025_6204 (240000, 4) acc=0.414
  step 0/1999 best -16.745
  step 50/1999 best 11.262
  step 100/1999 best 13.008
  step 150/1999 best 13.933
  step 200/1999 best 13.934
  step 250/1999 best 13.891
  step 300/1999 best 13.947
  step 350/1999 best 13.957
  step 400/1999 best 13.987
  step 450/1999 best 13.986
  step 500/1999 best 13.863
  step 550/1999 best 13.927
  step 600/1999 best 13.969
  step 650/1999 best 14.037
  step 700/1999 best 13.975
  step 750/1999 best 13.913
  step 800/1999 best 13.950
  step 850/1999 best 13.841
  step 900/1999 best 13.909
  step 950/1999 best 14.005
  step 1000/1999 best 13.929
  step 1050/1999 best 13.943
  step 1100/1999 best 13.880
  step 1150/1999 best 13.996
  step 1200/1999 best 14.023
  step 1250/1999 best 13.890
  step 1300/1999 best 14.016
  step 1350/1999 best 13.995
  step 1400/1999 best 13.922
  step 1450/1999 best 13.897
  step 1500/1999 best 13.995
  step 1550/1999 best 14.027
  step 1600/1999 best 13.995
  step 1650/1999 best 13.997
  step 1700/1999 best 13.939
  step 1750/1999 best 14.043
  step 1800/1999 best 14.003
  step 1850/1999 best 13.932
  step 1900/1999 best 13.963
  step 1950/1999 best 13.936
saved SBC_CHAINS_cnn_vmim__n1_jitter_seed_s0_sim1754_row1507604_noise5220_5399_5578 (240000, 4) acc=0.339
  step 0/1999 best -22.758
  step 50/1999 best 7.085
  step 100/1999 best 7.825
  step 150/1999 best 8.207
  step 200/1999 best 8.287
  step 250/1999 best 8.260
  step 300/1999 best 8.203
  step 350/1999 best 8.195
  step 400/1999 best 8.283
  step 450/1999 best 8.201
  step 500/1999 best 8.218
  step 550/1999 best 8.085
  step 600/1999 best 8.051
  step 650/1999 best 8.230
  step 700/1999 best 8.277
  step 750/1999 best 8.173
  step 800/1999 best 8.236
  step 850/1999 best 8.211
  step 900/1999 best 8.242
  step 950/1999 best 8.268
  step 1000/1999 best 8.194
  step 1050/1999 best 8.231
  step 1100/1999 best 8.275
  step 1150/1999 best 8.189
  step 1200/1999 best 8.202
  step 1250/1999 best 8.288
  step 1300/1999 best 8.187
  step 1350/1999 best 8.216
  step 1400/1999 best 8.236
  step 1450/1999 best 8.116
  step 1500/1999 best 8.112
  step 1550/1999 best 8.178
  step 1600/1999 best 8.172
  step 1650/1999 best 8.241
  step 1700/1999 best 8.285
  step 1750/1999 best 8.295
  step 1800/1999 best 8.308
  step 1850/1999 best 8.174
  step 1900/1999 best 8.188
  step 1950/1999 best 8.195
saved SBC_CHAINS_cnn_vmim__n1_jitter_seed_s0_sim3025_row2620426_noise8230_8409_8588 (240000, 4) acc=0.428
  step 0/1999 best -24.589
  step 50/1999 best -1.940
  step 100/1999 best 1.437
  step 150/1999 best 4.091
  step 200/1999 best 8.284
  step 250/1999 best 10.751
  step 300/1999 best 12.019
  step 350/1999 best 12.105
  step 400/1999 best 12.031
  step 450/1999 best 11.904
  step 500/1999 best 12.213
  step 550/1999 best 12.149
  step 600/1999 best 12.206
  step 650/1999 best 12.034
  step 700/1999 best 11.998
  step 750/1999 best 12.195
  step 800/1999 best 11.990
  step 850/1999 best 12.160
  step 900/1999 best 12.090
  step 950/1999 best 12.192
  step 1000/1999 best 12.169
  step 1050/1999 best 12.213
  step 1100/1999 best 12.137
  step 1150/1999 best 12.180
  step 1200/1999 best 12.164
  step 1250/1999 best 12.074
  step 1300/1999 best 12.014
  step 1350/1999 best 12.214
  step 1400/1999 best 12.109
  step 1450/1999 best 12.192
  step 1500/1999 best 12.084
  step 1550/1999 best 12.052
  step 1600/1999 best 12.138
  step 1650/1999 best 12.092
  step 1700/1999 best 12.224
  step 1750/1999 best 12.129
  step 1800/1999 best 12.084
  step 1850/1999 best 12.190
  step 1900/1999 best 12.171
  step 1950/1999 best 12.053
saved SBC_CHAINS_cnn_vmim__n1_jitter_seed_s0_sim415_row393028_noise2252_2431_2610 (240000, 4) acc=0.192
  step 0/1999 best -11.902
  step 50/1999 best -4.528
  step 100/1999 best 9.501
  step 150/1999 best 7.899
  step 200/1999 best 11.198
  step 250/1999 best 12.429
  step 300/1999 best 13.079
  step 350/1999 best 13.024
  step 400/1999 best 12.508
  step 450/1999 best 13.216
  step 500/1999 best 13.025
  step 550/1999 best 13.014
  step 600/1999 best 13.304
  step 650/1999 best 13.025
  step 700/1999 best 12.808
  step 750/1999 best 13.094
  step 800/1999 best 12.987
  step 850/1999 best 13.159
  step 900/1999 best 13.329
  step 950/1999 best 13.249
  step 1000/1999 best 13.180
  step 1050/1999 best 13.320
  step 1100/1999 best 13.305
  step 1150/1999 best 13.193
  step 1200/1999 best 13.273
  step 1250/1999 best 13.126
  step 1300/1999 best 13.309
  step 1350/1999 best 13.201
  step 1400/1999 best 13.022
  step 1450/1999 best 13.250
  step 1500/1999 best 13.326
  step 1550/1999 best 13.197
  step 1600/1999 best 13.218
  step 1650/1999 best 13.182
  step 1700/1999 best 13.208
  step 1750/1999 best 13.260
  step 1800/1999 best 13.118
  step 1850/1999 best 13.312
  step 1900/1999 best 13.277
  step 1950/1999 best 13.330
saved SBC_CHAINS_cnn_vmim__n1_jitter_seed_s0_sim454_row432850_noise2762_2941_3120 (240000, 4) acc=0.195
  step 0/1999 best -21.089
  step 50/1999 best 5.834
  step 100/1999 best 13.565
  step 150/1999 best 14.257
  step 200/1999 best 14.595
  step 250/1999 best 14.673
  step 300/1999 best 14.851
  step 350/1999 best 14.804
  step 400/1999 best 14.830
  step 450/1999 best 14.791
  step 500/1999 best 14.752
  step 550/1999 best 14.809
  step 600/1999 best 14.860
  step 650/1999 best 14.731
  step 700/1999 best 14.758
  step 750/1999 best 14.760
  step 800/1999 best 14.814
  step 850/1999 best 14.756
  step 900/1999 best 14.864
  step 950/1999 best 14.796
  step 1000/1999 best 14.747
  step 1050/1999 best 14.868
  step 1100/1999 best 14.721
  step 1150/1999 best 14.808
  step 1200/1999 best 14.795
  step 1250/1999 best 14.720
  step 1300/1999 best 14.766
  step 1350/1999 best 14.585
  step 1400/1999 best 14.832
  step 1450/1999 best 14.761
  step 1500/1999 best 14.727
  step 1550/1999 best 14.756
  step 1600/1999 best 14.659
  step 1650/1999 best 14.782
  step 1700/1999 best 14.704
  step 1750/1999 best 14.840
  step 1800/1999 best 14.708
  step 1850/1999 best 14.797
  step 1900/1999 best 14.806
  step 1950/1999 best 14.770
saved SBC_CHAINS_cnn_vmim__n1_jitter_seed_s0_sim807_row756448_noise1552_1731_1910 (240000, 4) acc=0.438
  step 0/1999 best -18.771
  step 50/1999 best 2.352
  step 100/1999 best 2.849
  step 150/1999 best 6.191
  step 200/1999 best 8.238
  step 250/1999 best 11.322
  step 300/1999 best 12.308
  step 350/1999 best 12.242
  step 400/1999 best 12.939
  step 450/1999 best 13.758
  step 500/1999 best 13.165
  step 550/1999 best 13.575
  step 600/1999 best 13.710
  step 650/1999 best 13.746
  step 700/1999 best 13.598
  step 750/1999 best 13.661
  step 800/1999 best 13.709
  step 850/1999 best 13.881
  step 900/1999 best 13.678
  step 950/1999 best 13.722
  step 1000/1999 best 13.719
  step 1050/1999 best 13.646
  step 1100/1999 best 13.709
  step 1150/1999 best 13.841
  step 1200/1999 best 13.697
  step 1250/1999 best 13.703
  step 1300/1999 best 13.684
  step 1350/1999 best 13.849
  step 1400/1999 best 13.790
  step 1450/1999 best 13.692
  step 1500/1999 best 13.845
  step 1550/1999 best 13.743
  step 1600/1999 best 13.752
  step 1650/1999 best 13.865
  step 1700/1999 best 13.853
  step 1750/1999 best 13.792
  step 1800/1999 best 13.838
  step 1850/1999 best 13.774
  step 1900/1999 best 13.703
  step 1950/1999 best 13.834
saved SBC_CHAINS_cnn_vmim__n1_jitter_seed_s0_sim328_row314808_noise4484_4663_4842 (240000, 4) acc=0.178
  step 0/1999 best -22.323
  step 50/1999 best 0.418
  step 100/1999 best 10.707
  step 150/1999 best 11.660
  step 200/1999 best 12.735
  step 250/1999 best 12.657
  step 300/1999 best 12.842
  step 350/1999 best 12.872
  step 400/1999 best 12.899
  step 450/1999 best 12.773
  step 500/1999 best 12.875
  step 550/1999 best 12.673
  step 600/1999 best 12.892
  step 650/1999 best 12.729
  step 700/1999 best 12.663
  step 750/1999 best 12.792
  step 800/1999 best 12.773
  step 850/1999 best 12.870
  step 900/1999 best 12.715
  step 950/1999 best 12.899
  step 1000/1999 best 12.874
  step 1050/1999 best 12.813
  step 1100/1999 best 12.851
  step 1150/1999 best 12.938
  step 1200/1999 best 12.880
  step 1250/1999 best 12.885
  step 1300/1999 best 12.905
  step 1350/1999 best 12.664
  step 1400/1999 best 12.789
  step 1450/1999 best 12.699
  step 1500/1999 best 12.928
  step 1550/1999 best 12.858
  step 1600/1999 best 12.877
  step 1650/1999 best 12.830
  step 1700/1999 best 12.826
  step 1750/1999 best 12.755
  step 1800/1999 best 12.787
  step 1850/1999 best 12.820
  step 1900/1999 best 12.820
  step 1950/1999 best 12.715
saved SBC_CHAINS_cnn_vmim__n1_jitter_seed_s0_sim1233_row1051709_noise5209_5388_5567 (240000, 4) acc=0.334
  step 0/1999 best -22.186
  step 50/1999 best 4.283
  step 100/1999 best 6.057
  step 150/1999 best 6.523
  step 200/1999 best 6.756
  step 250/1999 best 6.702
  step 300/1999 best 6.608
  step 350/1999 best 6.723
  step 400/1999 best 6.708
  step 450/1999 best 6.717
  step 500/1999 best 6.661
  step 550/1999 best 6.778
  step 600/1999 best 6.797
  step 650/1999 best 6.800
  step 700/1999 best 6.772
  step 750/1999 best 6.821
  step 800/1999 best 6.763
  step 850/1999 best 6.614
  step 900/1999 best 6.768
  step 950/1999 best 6.743
  step 1000/1999 best 6.813
  step 1050/1999 best 6.821
  step 1100/1999 best 6.682
  step 1150/1999 best 6.776
  step 1200/1999 best 6.750
  step 1250/1999 best 6.698
  step 1300/1999 best 6.792
  step 1350/1999 best 6.684
  step 1400/1999 best 6.834
  step 1450/1999 best 6.783
  step 1500/1999 best 6.773
  step 1550/1999 best 6.763
  step 1600/1999 best 6.705
  step 1650/1999 best 6.605
  step 1700/1999 best 6.685
  step 1750/1999 best 6.553
  step 1800/1999 best 6.824
  step 1850/1999 best 6.790
  step 1900/1999 best 6.818
  step 1950/1999 best 6.669
saved SBC_CHAINS_cnn_vmim__n1_jitter_seed_s0_sim2870_row2465513_noise737_916_1095 (240000, 4) acc=0.399
  step 0/1999 best -17.391
  step 50/1999 best 1.735
  step 100/1999 best 12.364
  step 150/1999 best 15.755
  step 200/1999 best 15.425
  step 250/1999 best 15.777
  step 300/1999 best 16.071
  step 350/1999 best 15.929
  step 400/1999 best 16.013
  step 450/1999 best 16.054
  step 500/1999 best 15.945
  step 550/1999 best 15.894
  step 600/1999 best 16.094
  step 650/1999 best 16.027
  step 700/1999 best 16.022
  step 750/1999 best 16.088
  step 800/1999 best 16.110
  step 850/1999 best 15.957
  step 900/1999 best 15.874
  step 950/1999 best 15.932
  step 1000/1999 best 16.039
  step 1050/1999 best 16.069
  step 1100/1999 best 16.086
  step 1150/1999 best 15.987
  step 1200/1999 best 15.997
  step 1250/1999 best 16.035
  step 1300/1999 best 16.008
  step 1350/1999 best 16.043
  step 1400/1999 best 16.016
  step 1450/1999 best 15.999
  step 1500/1999 best 16.041
  step 1550/1999 best 16.033
  step 1600/1999 best 15.983
  step 1650/1999 best 16.048
  step 1700/1999 best 16.094
  step 1750/1999 best 16.036
  step 1800/1999 best 16.096
  step 1850/1999 best 16.107
  step 1900/1999 best 16.090
  step 1950/1999 best 15.980
saved SBC_CHAINS_cnn_vmim__n1_jitter_seed_s0_sim1203_row1021047_noise4031_4210_4389 (240000, 4) acc=0.298
  step 0/1999 best -29.303
  step 50/1999 best 3.031
  step 100/1999 best 14.740
  step 150/1999 best 15.081
  step 200/1999 best 15.221
  step 250/1999 best 15.414
  step 300/1999 best 15.435
  step 350/1999 best 15.450
  step 400/1999 best 15.431
  step 450/1999 best 15.523
  step 500/1999 best 15.439
  step 550/1999 best 15.430
  step 600/1999 best 15.366
  step 650/1999 best 15.430
  step 700/1999 best 15.344
  step 750/1999 best 15.389
  step 800/1999 best 15.451
  step 850/1999 best 15.535
  step 900/1999 best 15.520
  step 950/1999 best 15.411
  step 1000/1999 best 15.509
  step 1050/1999 best 15.412
  step 1100/1999 best 15.425
  step 1150/1999 best 15.491
  step 1200/1999 best 15.476
  step 1250/1999 best 15.504
  step 1300/1999 best 15.448
  step 1350/1999 best 15.353
  step 1400/1999 best 15.539
  step 1450/1999 best 15.464
  step 1500/1999 best 15.411
  step 1550/1999 best 15.510
  step 1600/1999 best 15.335
  step 1650/1999 best 15.501
  step 1700/1999 best 15.382
  step 1750/1999 best 15.424
  step 1800/1999 best 15.493
  step 1850/1999 best 15.420
  step 1900/1999 best 15.352
  step 1950/1999 best 15.493
saved SBC_CHAINS_cnn_vmim__n1_jitter_seed_s0_sim1347_row1156608_noise1172_1351_1530 (240000, 4) acc=0.271
  step 0/1999 best -23.943
  step 50/1999 best -2.461
  step 100/1999 best 9.951
  step 150/1999 best 9.910
  step 200/1999 best 10.654
  step 250/1999 best 10.862
  step 300/1999 best 10.772
  step 350/1999 best 10.812
  step 400/1999 best 10.684
  step 450/1999 best 11.021
  step 500/1999 best 10.964
  step 550/1999 best 10.856
  step 600/1999 best 10.967
  step 650/1999 best 10.776
  step 700/1999 best 10.934
  step 750/1999 best 11.007
  step 800/1999 best 10.982
  step 850/1999 best 10.952
  step 900/1999 best 10.919
  step 950/1999 best 10.858
  step 1000/1999 best 10.819
  step 1050/1999 best 11.028
  step 1100/1999 best 10.795
  step 1150/1999 best 10.848
  step 1200/1999 best 10.926
  step 1250/1999 best 10.879
  step 1300/1999 best 10.786
  step 1350/1999 best 10.939
  step 1400/1999 best 10.936
  step 1450/1999 best 11.023
  step 1500/1999 best 11.038
  step 1550/1999 best 10.942
  step 1600/1999 best 11.009
  step 1650/1999 best 10.898
  step 1700/1999 best 10.828
  step 1750/1999 best 10.921
  step 1800/1999 best 10.882
  step 1850/1999 best 10.903
  step 1900/1999 best 11.006
  step 1950/1999 best 10.997
saved SBC_CHAINS_cnn_vmim__n1_jitter_seed_s0_sim3061_row2656740_noise5232_5411_5590 (240000, 4) acc=0.429
  step 0/1999 best -16.713
  step 50/1999 best 3.216
  step 100/1999 best 10.752
  step 150/1999 best 13.511
  step 200/1999 best 14.404
  step 250/1999 best 14.862
  step 300/1999 best 14.949
  step 350/1999 best 14.630
  step 400/1999 best 14.681
  step 450/1999 best 14.879
  step 500/1999 best 14.955
  step 550/1999 best 14.829
  step 600/1999 best 14.912
  step 650/1999 best 14.836
  step 700/1999 best 14.971
  step 750/1999 best 14.775
  step 800/1999 best 14.847
  step 850/1999 best 14.725
  step 900/1999 best 14.884
  step 950/1999 best 14.852
  step 1000/1999 best 14.991
  step 1050/1999 best 14.775
  step 1100/1999 best 14.872
  step 1150/1999 best 14.802
  step 1200/1999 best 14.783
  step 1250/1999 best 14.937
  step 1300/1999 best 14.734
  step 1350/1999 best 14.961
  step 1400/1999 best 14.948
  step 1450/1999 best 14.928
  step 1500/1999 best 14.884
  step 1550/1999 best 14.925
  step 1600/1999 best 14.767
  step 1650/1999 best 14.806
  step 1700/1999 best 14.834
  step 1750/1999 best 14.846
  step 1800/1999 best 14.995
  step 1850/1999 best 14.867
  step 1900/1999 best 14.856
  step 1950/1999 best 14.944
saved SBC_CHAINS_cnn_vmim__n1_jitter_seed_s0_sim350_row336965_noise6985_7164_7343 (240000, 4) acc=0.226
  step 0/1999 best -23.501
  step 50/1999 best 1.992
  step 100/1999 best 9.339
  step 150/1999 best 11.405
  step 200/1999 best 13.375
  step 250/1999 best 13.434
  step 300/1999 best 13.409
  step 350/1999 best 13.573
  step 400/1999 best 13.685
  step 450/1999 best 13.562
  step 500/1999 best 13.646
  step 550/1999 best 13.588
  step 600/1999 best 13.573
  step 650/1999 best 13.657
  step 700/1999 best 13.704
  step 750/1999 best 13.709
  step 800/1999 best 13.616
  step 850/1999 best 13.610
  step 900/1999 best 13.476
  step 950/1999 best 13.603
  step 1000/1999 best 13.670
  step 1050/1999 best 13.595
  step 1100/1999 best 13.615
  step 1150/1999 best 13.664
  step 1200/1999 best 13.670
  step 1250/1999 best 13.534
  step 1300/1999 best 13.551
  step 1350/1999 best 13.602
  step 1400/1999 best 13.626
  step 1450/1999 best 13.659
  step 1500/1999 best 13.607
  step 1550/1999 best 13.574
  step 1600/1999 best 13.719
  step 1650/1999 best 13.600
  step 1700/1999 best 13.630
  step 1750/1999 best 13.595
  step 1800/1999 best 13.490
  step 1850/1999 best 13.495
  step 1900/1999 best 13.639
  step 1950/1999 best 13.632
saved SBC_CHAINS_cnn_vmim__n1_jitter_seed_s0_sim1311_row1120235_noise4111_4290_4469 (240000, 4) acc=0.295
  step 0/1999 best -14.933
  step 50/1999 best -6.137
  step 100/1999 best 0.775
  step 150/1999 best 5.883
  step 200/1999 best 9.668
  step 250/1999 best 11.279
  step 300/1999 best 13.097
  step 350/1999 best 13.132
  step 400/1999 best 14.207
  step 450/1999 best 13.849
  step 500/1999 best 14.164
  step 550/1999 best 14.023
  step 600/1999 best 14.145
  step 650/1999 best 14.013
  step 700/1999 best 14.007
  step 750/1999 best 14.199
  step 800/1999 best 14.038
  step 850/1999 best 13.949
  step 900/1999 best 14.189
  step 950/1999 best 14.205
  step 1000/1999 best 14.037
  step 1050/1999 best 14.070
  step 1100/1999 best 14.105
  step 1150/1999 best 14.173
  step 1200/1999 best 14.153
  step 1250/1999 best 14.187
  step 1300/1999 best 14.155
  step 1350/1999 best 13.974
  step 1400/1999 best 13.937
  step 1450/1999 best 14.099
  step 1500/1999 best 14.198
  step 1550/1999 best 14.172
  step 1600/1999 best 14.111
  step 1650/1999 best 14.013
  step 1700/1999 best 14.080
  step 1750/1999 best 14.227
  step 1800/1999 best 14.217
  step 1850/1999 best 14.217
  step 1900/1999 best 14.033
  step 1950/1999 best 14.131
saved SBC_CHAINS_cnn_vmim__n1_jitter_seed_s0_sim1420_row1202988_noise5756_5935_6114 (240000, 4) acc=0.210
  step 0/1999 best -19.487
  step 50/1999 best 9.806
  step 100/1999 best 13.232
  step 150/1999 best 13.232
  step 200/1999 best 13.963
  step 250/1999 best 13.652
  step 300/1999 best 14.121
  step 350/1999 best 14.290
  step 400/1999 best 13.939
  step 450/1999 best 14.083
  step 500/1999 best 14.382
  step 550/1999 best 14.341
  step 600/1999 best 14.420
  step 650/1999 best 14.352
  step 700/1999 best 14.442
  step 750/1999 best 14.367
  step 800/1999 best 14.300
  step 850/1999 best 14.402
  step 900/1999 best 14.350
  step 950/1999 best 14.304
  step 1000/1999 best 14.408
  step 1050/1999 best 14.229
  step 1100/1999 best 14.324
  step 1150/1999 best 14.445
  step 1200/1999 best 14.403
  step 1250/1999 best 14.454
  step 1300/1999 best 14.214
  step 1350/1999 best 14.361
  step 1400/1999 best 14.244
  step 1450/1999 best 14.432
  step 1500/1999 best 14.397
  step 1550/1999 best 14.409
  step 1600/1999 best 14.230
  step 1650/1999 best 14.471
  step 1700/1999 best 14.369
  step 1750/1999 best 14.397
  step 1800/1999 best 14.337
  step 1850/1999 best 14.428
  step 1900/1999 best 14.397
  step 1950/1999 best 14.453
saved SBC_CHAINS_cnn_vmim__n1_jitter_seed_s0_sim1454_row1236076_noise9360_9539_9718 (240000, 4) acc=0.248
  step 0/1999 best -25.024
  step 50/1999 best 11.599
  step 100/1999 best 9.635
  step 150/1999 best 8.977
  step 200/1999 best 12.582
  step 250/1999 best 15.452
  step 300/1999 best 14.739
  step 350/1999 best 15.436
  step 400/1999 best 15.272
  step 450/1999 best 14.819
  step 500/1999 best 15.514
  step 550/1999 best 15.476
  step 600/1999 best 15.309
  step 650/1999 best 15.525
  step 700/1999 best 15.405
  step 750/1999 best 15.468
  step 800/1999 best 15.335
  step 850/1999 best 15.440
  step 900/1999 best 15.396
  step 950/1999 best 15.423
  step 1000/1999 best 15.338
  step 1050/1999 best 15.307
  step 1100/1999 best 15.439
  step 1150/1999 best 15.432
  step 1200/1999 best 15.319
  step 1250/1999 best 15.506
  step 1300/1999 best 15.346
  step 1350/1999 best 15.292
  step 1400/1999 best 15.543
  step 1450/1999 best 15.533
  step 1500/1999 best 15.299
  step 1550/1999 best 15.448
  step 1600/1999 best 15.307
  step 1650/1999 best 15.397
  step 1700/1999 best 15.446
  step 1750/1999 best 15.388
  step 1800/1999 best 15.432
  step 1850/1999 best 15.416
  step 1900/1999 best 15.302
  step 1950/1999 best 15.359
saved SBC_CHAINS_cnn_vmim__n1_jitter_seed_s0_sim104_row103293_noise6013_6192_6371 (240000, 4) acc=0.199
  step 0/1999 best -21.981
  step 50/1999 best -0.862
  step 100/1999 best 13.676
  step 150/1999 best 13.646
  step 200/1999 best 14.452
  step 250/1999 best 14.277
  step 300/1999 best 14.297
  step 350/1999 best 14.453
  step 400/1999 best 14.199
  step 450/1999 best 14.419
  step 500/1999 best 14.540
  step 550/1999 best 14.440
  step 600/1999 best 14.503
  step 650/1999 best 14.536
  step 700/1999 best 14.565
  step 750/1999 best 14.554
  step 800/1999 best 14.475
  step 850/1999 best 14.553
  step 900/1999 best 14.526
  step 950/1999 best 14.560
  step 1000/1999 best 14.473
  step 1050/1999 best 14.514
  step 1100/1999 best 14.541
  step 1150/1999 best 14.499
  step 1200/1999 best 14.516
  step 1250/1999 best 14.577
  step 1300/1999 best 14.433
  step 1350/1999 best 14.509
  step 1400/1999 best 14.595
  step 1450/1999 best 14.366
  step 1500/1999 best 14.492
  step 1550/1999 best 14.512
  step 1600/1999 best 14.518
  step 1650/1999 best 14.530
  step 1700/1999 best 14.583
  step 1750/1999 best 14.416
  step 1800/1999 best 14.508
  step 1850/1999 best 14.526
  step 1900/1999 best 14.511
  step 1950/1999 best 14.576
saved SBC_CHAINS_cnn_vmim__n1_jitter_seed_s0_sim193_row184447_noise6715_6894_7073 (240000, 4) acc=0.315
  step 0/1999 best -19.684
  step 50/1999 best 0.912
  step 100/1999 best 14.821
  step 150/1999 best 15.450
  step 200/1999 best 15.486
  step 250/1999 best 15.433
  step 300/1999 best 15.616
  step 350/1999 best 15.456
  step 400/1999 best 15.465
  step 450/1999 best 15.469
  step 500/1999 best 15.626
  step 550/1999 best 15.511
  step 600/1999 best 15.573
  step 650/1999 best 15.483
  step 700/1999 best 15.602
  step 750/1999 best 15.576
  step 800/1999 best 15.453
  step 850/1999 best 15.445
  step 900/1999 best 15.560
  step 950/1999 best 15.482
  step 1000/1999 best 15.515
  step 1050/1999 best 15.630
  step 1100/1999 best 15.588
  step 1150/1999 best 15.416
  step 1200/1999 best 15.544
  step 1250/1999 best 15.645
  step 1300/1999 best 15.582
  step 1350/1999 best 15.355
  step 1400/1999 best 15.491
  step 1450/1999 best 15.610
  step 1500/1999 best 15.534
  step 1550/1999 best 15.594
  step 1600/1999 best 15.433
  step 1650/1999 best 15.472
  step 1700/1999 best 15.501
  step 1750/1999 best 15.345
  step 1800/1999 best 15.615
  step 1850/1999 best 15.552
  step 1900/1999 best 15.591
  step 1950/1999 best 15.532
saved SBC_CHAINS_cnn_vmim__n1_jitter_seed_s0_sim272_row258519_noise7163_7342_7521 (240000, 4) acc=0.271
  step 0/1999 best -10.180
  step 50/1999 best -1.911
  step 100/1999 best -0.401
  step 150/1999 best 9.692
  step 200/1999 best 12.646
  step 250/1999 best 12.444
  step 300/1999 best 11.875
  step 350/1999 best 12.812
  step 400/1999 best 13.241
  step 450/1999 best 13.553
  step 500/1999 best 13.416
  step 550/1999 best 13.364
  step 600/1999 best 13.582
  step 650/1999 best 13.626
  step 700/1999 best 13.644
  step 750/1999 best 13.615
  step 800/1999 best 13.598
  step 850/1999 best 13.691
  step 900/1999 best 13.589
  step 950/1999 best 13.575
  step 1000/1999 best 13.607
  step 1050/1999 best 13.737
  step 1100/1999 best 13.658
  step 1150/1999 best 13.730
  step 1200/1999 best 13.679
  step 1250/1999 best 13.680
  step 1300/1999 best 13.542
  step 1350/1999 best 13.641
  step 1400/1999 best 13.565
  step 1450/1999 best 13.685
  step 1500/1999 best 13.592
  step 1550/1999 best 13.662
  step 1600/1999 best 13.610
  step 1650/1999 best 13.718
  step 1700/1999 best 13.603
  step 1750/1999 best 13.627
  step 1800/1999 best 13.660
  step 1850/1999 best 13.680
  step 1900/1999 best 13.530
  step 1950/1999 best 13.681
saved SBC_CHAINS_cnn_vmim__n1_jitter_seed_s0_sim2391_row1990591_noise3387_3566_3745 (240000, 4) acc=0.341
  step 0/1999 best -24.391
  step 50/1999 best 12.507
  step 100/1999 best 15.042
  step 150/1999 best 14.814
  step 200/1999 best 15.108
  step 250/1999 best 15.094
  step 300/1999 best 15.209
  step 350/1999 best 15.098
  step 400/1999 best 15.048
  step 450/1999 best 15.026
  step 500/1999 best 15.280
  step 550/1999 best 15.237
  step 600/1999 best 15.194
  step 650/1999 best 15.240
  step 700/1999 best 15.247
  step 750/1999 best 15.258
  step 800/1999 best 15.205
  step 850/1999 best 15.200
  step 900/1999 best 15.250
  step 950/1999 best 15.193
  step 1000/1999 best 15.203
  step 1050/1999 best 15.099
  step 1100/1999 best 15.174
  step 1150/1999 best 15.165
  step 1200/1999 best 15.172
  step 1250/1999 best 15.303
  step 1300/1999 best 15.178
  step 1350/1999 best 15.252
  step 1400/1999 best 15.257
  step 1450/1999 best 15.271
  step 1500/1999 best 15.272
  step 1550/1999 best 15.181
  step 1600/1999 best 15.153
  step 1650/1999 best 15.222
  step 1700/1999 best 15.276
  step 1750/1999 best 15.272
  step 1800/1999 best 15.162
  step 1850/1999 best 15.286
  step 1900/1999 best 14.957
  step 1950/1999 best 15.173
saved SBC_CHAINS_cnn_vmim__n1_jitter_seed_s0_sim1346_row1155577_noise141_320_499 (240000, 4) acc=0.249
  step 0/1999 best -13.424
  step 50/1999 best 4.778
  step 100/1999 best 10.248
  step 150/1999 best 10.782
  step 200/1999 best 10.830
  step 250/1999 best 10.933
  step 300/1999 best 10.994
  step 350/1999 best 10.976
  step 400/1999 best 10.951
  step 450/1999 best 11.020
  step 500/1999 best 10.934
  step 550/1999 best 10.917
  step 600/1999 best 10.963
  step 650/1999 best 10.941
  step 700/1999 best 10.989
  step 750/1999 best 10.896
  step 800/1999 best 10.931
  step 850/1999 best 10.809
  step 900/1999 best 10.907
  step 950/1999 best 10.832
  step 1000/1999 best 10.969
  step 1050/1999 best 10.945
  step 1100/1999 best 10.905
  step 1150/1999 best 10.940
  step 1200/1999 best 10.901
  step 1250/1999 best 10.979
  step 1300/1999 best 10.798
  step 1350/1999 best 10.919
  step 1400/1999 best 10.982
  step 1450/1999 best 10.972
  step 1500/1999 best 11.007
  step 1550/1999 best 10.972
  step 1600/1999 best 10.850
  step 1650/1999 best 11.016
  step 1700/1999 best 10.902
  step 1750/1999 best 10.875
  step 1800/1999 best 10.898
  step 1850/1999 best 10.977
  step 1900/1999 best 10.974
  step 1950/1999 best 10.803
saved SBC_CHAINS_cnn_vmim__n1_jitter_seed_s0_sim667_row620499_noise9023_9202_9381 (240000, 4) acc=0.362
  step 0/1999 best -19.423
  step 50/1999 best 14.058
  step 100/1999 best 14.921
  step 150/1999 best 14.634
  step 200/1999 best 14.818
  step 250/1999 best 14.737
  step 300/1999 best 14.949
  step 350/1999 best 14.938
  step 400/1999 best 14.884
  step 450/1999 best 14.815
  step 500/1999 best 14.965
  step 550/1999 best 14.920
  step 600/1999 best 14.946
  step 650/1999 best 14.896
  step 700/1999 best 14.908
  step 750/1999 best 14.842
  step 800/1999 best 14.794
  step 850/1999 best 14.953
  step 900/1999 best 14.845
  step 950/1999 best 14.908
  step 1000/1999 best 14.958
  step 1050/1999 best 14.880
  step 1100/1999 best 14.980
  step 1150/1999 best 14.923
  step 1200/1999 best 14.929
  step 1250/1999 best 14.882
  step 1300/1999 best 14.947
  step 1350/1999 best 14.769
  step 1400/1999 best 14.996
  step 1450/1999 best 14.906
  step 1500/1999 best 14.958
  step 1550/1999 best 14.924
  step 1600/1999 best 14.903
  step 1650/1999 best 14.792
  step 1700/1999 best 14.825
  step 1750/1999 best 14.881
  step 1800/1999 best 14.915
  step 1850/1999 best 14.894
  step 1900/1999 best 14.971
  step 1950/1999 best 14.952
saved SBC_CHAINS_cnn_vmim__n1_jitter_seed_s0_sim1923_row1534655_noise7195_7374_7553 (240000, 4) acc=0.367
  step 0/1999 best -24.748
  step 50/1999 best 10.048
  step 100/1999 best 10.978
  step 150/1999 best 14.390
  step 200/1999 best 14.882
  step 250/1999 best 14.474
  step 300/1999 best 14.879
  step 350/1999 best 15.087
  step 400/1999 best 15.086
  step 450/1999 best 14.976
  step 500/1999 best 15.007
  step 550/1999 best 15.118
  step 600/1999 best 15.049
  step 650/1999 best 15.064
  step 700/1999 best 15.013
  step 750/1999 best 15.017
  step 800/1999 best 14.974
  step 850/1999 best 15.016
  step 900/1999 best 15.035
  step 950/1999 best 14.990
  step 1000/1999 best 15.071
  step 1050/1999 best 14.965
  step 1100/1999 best 15.065
  step 1150/1999 best 15.097
  step 1200/1999 best 14.862
  step 1250/1999 best 14.963
  step 1300/1999 best 15.033
  step 1350/1999 best 15.036
  step 1400/1999 best 15.116
  step 1450/1999 best 14.893
  step 1500/1999 best 15.061
  step 1550/1999 best 15.020
  step 1600/1999 best 15.074
  step 1650/1999 best 15.066
  step 1700/1999 best 15.132
  step 1750/1999 best 15.130
  step 1800/1999 best 15.049
  step 1850/1999 best 14.969
  step 1900/1999 best 14.979
  step 1950/1999 best 15.072
saved SBC_CHAINS_cnn_vmim__n1_jitter_seed_s0_sim1190_row1008830_noise1642_1821_2000 (240000, 4) acc=0.260
  step 0/1999 best -29.733
  step 50/1999 best 2.800
  step 100/1999 best 8.703
  step 150/1999 best 12.030
  step 200/1999 best 12.404
  step 250/1999 best 12.303
  step 300/1999 best 12.439
  step 350/1999 best 12.446
  step 400/1999 best 12.353
  step 450/1999 best 12.477
  step 500/1999 best 12.486
  step 550/1999 best 12.329
  step 600/1999 best 12.537
  step 650/1999 best 12.547
  step 700/1999 best 12.414
  step 750/1999 best 12.562
  step 800/1999 best 12.386
  step 850/1999 best 12.534
  step 900/1999 best 12.496
  step 950/1999 best 12.523
  step 1000/1999 best 12.566
  step 1050/1999 best 12.505
  step 1100/1999 best 12.558
  step 1150/1999 best 12.539
  step 1200/1999 best 12.457
  step 1250/1999 best 12.515
  step 1300/1999 best 12.401
  step 1350/1999 best 12.498
  step 1400/1999 best 12.392
  step 1450/1999 best 12.528
  step 1500/1999 best 12.497
  step 1550/1999 best 12.553
  step 1600/1999 best 12.506
  step 1650/1999 best 12.429
  step 1700/1999 best 12.359
  step 1750/1999 best 12.543
  step 1800/1999 best 12.447
  step 1850/1999 best 12.477
  step 1900/1999 best 12.347
  step 1950/1999 best 12.497
saved SBC_CHAINS_cnn_vmim__n1_jitter_seed_s0_sim793_row742938_noise7698_7877_8056 (240000, 4) acc=0.356
  step 0/1999 best -26.010
  step 50/1999 best 2.099
  step 100/1999 best 10.586
  step 150/1999 best 10.397
  step 200/1999 best 10.816
  step 250/1999 best 10.736
  step 300/1999 best 10.790
  step 350/1999 best 10.741
  step 400/1999 best 10.802
  step 450/1999 best 10.806
  step 500/1999 best 10.863
  step 550/1999 best 10.847
  step 600/1999 best 10.795
  step 650/1999 best 10.759
  step 700/1999 best 10.882
  step 750/1999 best 10.839
  step 800/1999 best 10.870
  step 850/1999 best 10.828
  step 900/1999 best 10.847
  step 950/1999 best 10.794
  step 1000/1999 best 10.909
  step 1050/1999 best 10.831
  step 1100/1999 best 10.830
  step 1150/1999 best 10.757
  step 1200/1999 best 10.860
  step 1250/1999 best 10.800
  step 1300/1999 best 10.862
  step 1350/1999 best 10.877
  step 1400/1999 best 10.842
  step 1450/1999 best 10.749
  step 1500/1999 best 10.851
  step 1550/1999 best 10.792
  step 1600/1999 best 10.783
  step 1650/1999 best 10.847
  step 1700/1999 best 10.694
  step 1750/1999 best 10.877
  step 1800/1999 best 10.881
  step 1850/1999 best 10.868
  step 1900/1999 best 10.830
  step 1950/1999 best 10.876
saved SBC_CHAINS_cnn_vmim__n1_jitter_seed_s0_sim3067_row2662599_noise1263_1442_1621 (240000, 4) acc=0.431
  step 0/1999 best -13.316
  step 50/1999 best 0.358
  step 100/1999 best 4.568
  step 150/1999 best 8.797
  step 200/1999 best 13.266
  step 250/1999 best 13.552
  step 300/1999 best 15.469
  step 350/1999 best 15.137
  step 400/1999 best 15.177
  step 450/1999 best 15.410
  step 500/1999 best 15.521
  step 550/1999 best 15.712
  step 600/1999 best 15.585
  step 650/1999 best 15.487
  step 700/1999 best 15.536
  step 750/1999 best 15.667
  step 800/1999 best 15.600
  step 850/1999 best 15.616
  step 900/1999 best 15.392
  step 950/1999 best 15.721
  step 1000/1999 best 15.509
  step 1050/1999 best 15.658
  step 1100/1999 best 15.667
  step 1150/1999 best 15.674
  step 1200/1999 best 15.735
  step 1250/1999 best 15.656
  step 1300/1999 best 15.690
  step 1350/1999 best 15.649
  step 1400/1999 best 15.588
  step 1450/1999 best 15.757
  step 1500/1999 best 15.599
  step 1550/1999 best 15.536
  step 1600/1999 best 15.430
  step 1650/1999 best 15.658
  step 1700/1999 best 15.694
  step 1750/1999 best 15.728
  step 1800/1999 best 15.677
  step 1850/1999 best 15.659
  step 1900/1999 best 15.718
  step 1950/1999 best 15.540
saved SBC_CHAINS_cnn_vmim__n1_jitter_seed_s0_sim351_row337840_noise7860_8039_8218 (240000, 4) acc=0.221
  step 0/1999 best -16.899
  step 50/1999 best 5.476
  step 100/1999 best 9.883
  step 150/1999 best 11.960
  step 200/1999 best 12.566
  step 250/1999 best 12.627
  step 300/1999 best 12.431
  step 350/1999 best 12.444
  step 400/1999 best 12.697
  step 450/1999 best 12.704
  step 500/1999 best 12.704
  step 550/1999 best 12.542
  step 600/1999 best 12.740
  step 650/1999 best 12.636
  step 700/1999 best 12.657
  step 750/1999 best 12.686
  step 800/1999 best 12.663
  step 850/1999 best 12.752
  step 900/1999 best 12.575
  step 950/1999 best 12.642
  step 1000/1999 best 12.726
  step 1050/1999 best 12.566
  step 1100/1999 best 12.638
  step 1150/1999 best 12.673
  step 1200/1999 best 12.658
  step 1250/1999 best 12.677
  step 1300/1999 best 12.743
  step 1350/1999 best 12.644
  step 1400/1999 best 12.679
  step 1450/1999 best 12.755
  step 1500/1999 best 12.713
  step 1550/1999 best 12.720
  step 1600/1999 best 12.743
  step 1650/1999 best 12.680
  step 1700/1999 best 12.757
  step 1750/1999 best 12.767
  step 1800/1999 best 12.590
  step 1850/1999 best 12.724
  step 1900/1999 best 12.698
  step 1950/1999 best 12.541
saved SBC_CHAINS_cnn_vmim__n1_jitter_seed_s0_sim987_row936744_noise4944_5123_5302 (240000, 4) acc=0.268
  step 0/1999 best -12.049
  step 50/1999 best 9.677
  step 100/1999 best 13.203
  step 150/1999 best 13.971
  step 200/1999 best 14.874
  step 250/1999 best 14.618
  step 300/1999 best 14.925
  step 350/1999 best 14.838
  step 400/1999 best 14.943
  step 450/1999 best 14.927
  step 500/1999 best 14.794
  step 550/1999 best 14.863
  step 600/1999 best 14.894
  step 650/1999 best 14.850
  step 700/1999 best 14.866
  step 750/1999 best 14.918
  step 800/1999 best 14.791
  step 850/1999 best 14.853
  step 900/1999 best 14.940
  step 950/1999 best 14.832
  step 1000/1999 best 14.705
  step 1050/1999 best 14.753
  step 1100/1999 best 14.896
  step 1150/1999 best 14.927
  step 1200/1999 best 14.944
  step 1250/1999 best 14.812
  step 1300/1999 best 14.694
  step 1350/1999 best 14.698
  step 1400/1999 best 14.697
  step 1450/1999 best 14.919
  step 1500/1999 best 14.971
  step 1550/1999 best 14.665
  step 1600/1999 best 14.642
  step 1650/1999 best 14.695
  step 1700/1999 best 14.938
  step 1750/1999 best 14.837
  step 1800/1999 best 14.851
  step 1850/1999 best 14.900
  step 1900/1999 best 14.902
  step 1950/1999 best 14.887
saved SBC_CHAINS_cnn_vmim__n1_jitter_seed_s0_sim284_row270435_noise9251_9430_9609 (240000, 4) acc=0.229
  step 0/1999 best -25.019
  step 50/1999 best 0.438
  step 100/1999 best 5.813
  step 150/1999 best 9.817
  step 200/1999 best 11.922
  step 250/1999 best 12.105
  step 300/1999 best 12.459
  step 350/1999 best 12.307
  step 400/1999 best 12.343
  step 450/1999 best 12.396
  step 500/1999 best 12.448
  step 550/1999 best 12.117
  step 600/1999 best 12.377
  step 650/1999 best 12.503
  step 700/1999 best 12.482
  step 750/1999 best 12.421
  step 800/1999 best 12.503
  step 850/1999 best 12.384
  step 900/1999 best 12.360
  step 950/1999 best 12.488
  step 1000/1999 best 12.510
  step 1050/1999 best 12.485
  step 1100/1999 best 12.432
  step 1150/1999 best 12.285
  step 1200/1999 best 12.459
  step 1250/1999 best 12.271
  step 1300/1999 best 12.385
  step 1350/1999 best 12.394
  step 1400/1999 best 12.414
  step 1450/1999 best 12.305
  step 1500/1999 best 12.362
  step 1550/1999 best 12.475
  step 1600/1999 best 12.482
  step 1650/1999 best 12.417
  step 1700/1999 best 12.468
  step 1750/1999 best 12.445
  step 1800/1999 best 12.376
  step 1850/1999 best 12.291
  step 1900/1999 best 12.444
  step 1950/1999 best 12.528
saved SBC_CHAINS_cnn_vmim__n1_jitter_seed_s0_sim721_row670574_noise4130_4309_4488 (240000, 4) acc=0.330
  step 0/1999 best -19.757
  step 50/1999 best -1.190
  step 100/1999 best 1.068
  step 150/1999 best 10.604
  step 200/1999 best 12.000
  step 250/1999 best 12.643
  step 300/1999 best 13.112
  step 350/1999 best 13.313
  step 400/1999 best 13.589
  step 450/1999 best 13.927
  step 500/1999 best 13.850
  step 550/1999 best 13.797
  step 600/1999 best 13.911
  step 650/1999 best 13.960
  step 700/1999 best 13.723
  step 750/1999 best 13.526
  step 800/1999 best 13.861
  step 850/1999 best 13.896
  step 900/1999 best 13.745
  step 950/1999 best 13.737
  step 1000/1999 best 13.900
  step 1050/1999 best 13.906
  step 1100/1999 best 13.885
  step 1150/1999 best 13.852
  step 1200/1999 best 14.023
  step 1250/1999 best 13.908
  step 1300/1999 best 13.652
  step 1350/1999 best 13.842
  step 1400/1999 best 13.720
  step 1450/1999 best 13.993
  step 1500/1999 best 13.870
  step 1550/1999 best 13.712
  step 1600/1999 best 13.783
  step 1650/1999 best 13.919
  step 1700/1999 best 13.857
  step 1750/1999 best 13.912
  step 1800/1999 best 13.993
  step 1850/1999 best 13.773
  step 1900/1999 best 13.912
  step 1950/1999 best 14.038
saved SBC_CHAINS_cnn_vmim__n1_jitter_seed_s0_sim418_row396381_noise5605_5784_5963 (240000, 4) acc=0.158
  step 0/1999 best -5.796
  step 50/1999 best -4.010
  step 100/1999 best 0.059
  step 150/1999 best 9.376
  step 200/1999 best 10.948
  step 250/1999 best 14.142
  step 300/1999 best 14.077
  step 350/1999 best 13.587
  step 400/1999 best 14.022
  step 450/1999 best 14.309
  step 500/1999 best 14.309
  step 550/1999 best 14.160
  step 600/1999 best 14.165
  step 650/1999 best 14.065
  step 700/1999 best 14.253
  step 750/1999 best 14.135
  step 800/1999 best 14.253
  step 850/1999 best 13.902
  step 900/1999 best 14.125
  step 950/1999 best 14.146
  step 1000/1999 best 14.265
  step 1050/1999 best 14.265
  step 1100/1999 best 14.231
  step 1150/1999 best 13.841
  step 1200/1999 best 14.063
  step 1250/1999 best 14.168
  step 1300/1999 best 14.204
  step 1350/1999 best 14.266
  step 1400/1999 best 14.179
  step 1450/1999 best 14.216
  step 1500/1999 best 14.171
  step 1550/1999 best 14.267
  step 1600/1999 best 14.026
  step 1650/1999 best 14.150
  step 1700/1999 best 14.143
  step 1750/1999 best 14.077
  step 1800/1999 best 14.272
  step 1850/1999 best 14.201
  step 1900/1999 best 14.193
  step 1950/1999 best 14.193
saved SBC_CHAINS_cnn_vmim__n1_jitter_seed_s0_sim91_row90797_noise3345_3524_3703 (240000, 4) acc=0.136
  step 0/1999 best -11.651
  step 50/1999 best -3.425
  step 100/1999 best 2.204
  step 150/1999 best 8.188
  step 200/1999 best 10.860
  step 250/1999 best 11.174
  step 300/1999 best 10.924
  step 350/1999 best 11.903
  step 400/1999 best 11.667
  step 450/1999 best 11.944
  step 500/1999 best 11.882
  step 550/1999 best 11.680
  step 600/1999 best 11.779
  step 650/1999 best 11.876
  step 700/1999 best 11.671
  step 750/1999 best 11.912
  step 800/1999 best 11.695
  step 850/1999 best 11.789
  step 900/1999 best 11.756
  step 950/1999 best 11.871
  step 1000/1999 best 11.865
  step 1050/1999 best 11.948
  step 1100/1999 best 11.929
  step 1150/1999 best 11.837
  step 1200/1999 best 11.892
  step 1250/1999 best 11.851
  step 1300/1999 best 11.888
  step 1350/1999 best 11.859
  step 1400/1999 best 11.877
  step 1450/1999 best 11.947
  step 1500/1999 best 11.804
  step 1550/1999 best 11.828
  step 1600/1999 best 11.934
  step 1650/1999 best 11.945
  step 1700/1999 best 11.926
  step 1750/1999 best 11.785
  step 1800/1999 best 11.895
  step 1850/1999 best 11.924
  step 1900/1999 best 11.903
  step 1950/1999 best 11.924
saved SBC_CHAINS_cnn_vmim__n1_jitter_seed_s0_sim2511_row2110882_noise5742_5921_6100 (240000, 4) acc=0.310
  step 0/1999 best -13.781
  step 50/1999 best 8.307
  step 100/1999 best 8.377
  step 150/1999 best 7.701
  step 200/1999 best 9.738
  step 250/1999 best 12.253
  step 300/1999 best 13.151
  step 350/1999 best 12.616
  step 400/1999 best 13.326
  step 450/1999 best 13.710
  step 500/1999 best 13.650
  step 550/1999 best 13.520
  step 600/1999 best 13.497
  step 650/1999 best 13.756
  step 700/1999 best 13.643
  step 750/1999 best 13.459
  step 800/1999 best 13.592
  step 850/1999 best 13.732
  step 900/1999 best 13.650
  step 950/1999 best 13.627
  step 1000/1999 best 13.596
  step 1050/1999 best 13.737
  step 1100/1999 best 13.665
  step 1150/1999 best 13.683
  step 1200/1999 best 13.674
  step 1250/1999 best 13.710
  step 1300/1999 best 13.765
  step 1350/1999 best 13.765
  step 1400/1999 best 13.749
  step 1450/1999 best 13.724
  step 1500/1999 best 13.506
  step 1550/1999 best 13.665
  step 1600/1999 best 13.678
  step 1650/1999 best 13.574
  step 1700/1999 best 13.615
  step 1750/1999 best 13.670
  step 1800/1999 best 13.674
  step 1850/1999 best 13.747
  step 1900/1999 best 13.700
  step 1950/1999 best 13.710
saved SBC_CHAINS_cnn_vmim__n1_jitter_seed_s0_sim375_row361981_noise2517_2696_2875 (240000, 4) acc=0.231
  step 0/1999 best -14.074
  step 50/1999 best -1.629
  step 100/1999 best 10.098
  step 150/1999 best 10.455
  step 200/1999 best 10.809
  step 250/1999 best 11.349
  step 300/1999 best 11.914
  step 350/1999 best 11.677
  step 400/1999 best 11.876
  step 450/1999 best 11.939
  step 500/1999 best 11.924
  step 550/1999 best 11.896
  step 600/1999 best 11.785
  step 650/1999 best 11.920
  step 700/1999 best 11.841
  step 750/1999 best 11.962
  step 800/1999 best 11.893
  step 850/1999 best 11.930
  step 900/1999 best 11.789
  step 950/1999 best 11.932
  step 1000/1999 best 11.794
  step 1050/1999 best 11.915
  step 1100/1999 best 12.007
  step 1150/1999 best 11.923
  step 1200/1999 best 11.797
  step 1250/1999 best 12.000
  step 1300/1999 best 11.930
  step 1350/1999 best 12.014
  step 1400/1999 best 11.978
  step 1450/1999 best 11.950
  step 1500/1999 best 11.936
  step 1550/1999 best 11.970
  step 1600/1999 best 11.914
  step 1650/1999 best 11.871
  step 1700/1999 best 11.829
  step 1750/1999 best 11.985
  step 1800/1999 best 12.016
  step 1850/1999 best 11.933
  step 1900/1999 best 11.949
  step 1950/1999 best 12.023
saved SBC_CHAINS_cnn_vmim__n1_jitter_seed_s0_sim2559_row2158276_noise3996_4175_4354 (240000, 4) acc=0.365
  step 0/1999 best -18.744
  step 50/1999 best -2.426
  step 100/1999 best 14.063
  step 150/1999 best 15.314
  step 200/1999 best 13.091
  step 250/1999 best 15.011
  step 300/1999 best 15.141
  step 350/1999 best 15.450
  step 400/1999 best 15.315
  step 450/1999 best 15.305
  step 500/1999 best 15.393
  step 550/1999 best 15.462
  step 600/1999 best 15.394
  step 650/1999 best 15.434
  step 700/1999 best 15.454
  step 750/1999 best 15.470
  step 800/1999 best 15.494
  step 850/1999 best 15.440
  step 900/1999 best 15.440
  step 950/1999 best 15.424
  step 1000/1999 best 15.461
  step 1050/1999 best 15.409
  step 1100/1999 best 15.409
  step 1150/1999 best 15.409
  step 1200/1999 best 15.430
  step 1250/1999 best 15.369
  step 1300/1999 best 15.394
  step 1350/1999 best 15.449
  step 1400/1999 best 15.498
  step 1450/1999 best 15.491
  step 1500/1999 best 15.502
  step 1550/1999 best 15.470
  step 1600/1999 best 15.426
  step 1650/1999 best 15.367
  step 1700/1999 best 15.423
  step 1750/1999 best 15.391
  step 1800/1999 best 15.448
  step 1850/1999 best 15.338
  step 1900/1999 best 15.511
  step 1950/1999 best 15.507
saved SBC_CHAINS_cnn_vmim__n1_jitter_seed_s0_sim1348_row1157649_noise2213_2392_2571 (240000, 4) acc=0.234
  step 0/1999 best -19.089
  step 50/1999 best 1.694
  step 100/1999 best 7.321
  step 150/1999 best 12.920
  step 200/1999 best 14.999
  step 250/1999 best 15.638
  step 300/1999 best 15.561
  step 350/1999 best 15.911
  step 400/1999 best 15.733
  step 450/1999 best 15.532
  step 500/1999 best 15.779
  step 550/1999 best 15.529
  step 600/1999 best 15.919
  step 650/1999 best 15.747
  step 700/1999 best 15.972
  step 750/1999 best 15.783
  step 800/1999 best 15.784
  step 850/1999 best 15.926
  step 900/1999 best 15.867
  step 950/1999 best 15.916
  step 1000/1999 best 15.723
  step 1050/1999 best 15.908
  step 1100/1999 best 15.970
  step 1150/1999 best 15.772
  step 1200/1999 best 15.903
  step 1250/1999 best 15.794
  step 1300/1999 best 15.799
  step 1350/1999 best 15.717
  step 1400/1999 best 15.636
  step 1450/1999 best 15.975
  step 1500/1999 best 15.787
  step 1550/1999 best 15.811
  step 1600/1999 best 15.919
  step 1650/1999 best 15.668
  step 1700/1999 best 15.893
  step 1750/1999 best 15.796
  step 1800/1999 best 15.862
  step 1850/1999 best 15.646
  step 1900/1999 best 15.680
  step 1950/1999 best 15.724
saved SBC_CHAINS_cnn_vmim__n1_jitter_seed_s0_sim358_row344709_noise4901_5080_5259 (240000, 4) acc=0.213
  step 0/1999 best -14.527
  step 50/1999 best -3.704
  step 100/1999 best 9.433
  step 150/1999 best 12.415
  step 200/1999 best 12.962
  step 250/1999 best 13.192
  step 300/1999 best 13.153
  step 350/1999 best 13.210
  step 400/1999 best 13.029
  step 450/1999 best 13.205
  step 500/1999 best 13.054
  step 550/1999 best 13.219
  step 600/1999 best 13.058
  step 650/1999 best 13.111
  step 700/1999 best 13.137
  step 750/1999 best 13.111
  step 800/1999 best 13.158
  step 850/1999 best 13.228
  step 900/1999 best 13.119
  step 950/1999 best 13.255
  step 1000/1999 best 13.145
  step 1050/1999 best 13.186
  step 1100/1999 best 13.217
  step 1150/1999 best 13.195
  step 1200/1999 best 13.048
  step 1250/1999 best 13.209
  step 1300/1999 best 13.114
  step 1350/1999 best 13.138
  step 1400/1999 best 13.141
  step 1450/1999 best 13.163
  step 1500/1999 best 13.176
  step 1550/1999 best 13.187
  step 1600/1999 best 13.189
  step 1650/1999 best 13.223
  step 1700/1999 best 13.155
  step 1750/1999 best 13.165
  step 1800/1999 best 13.175
  step 1850/1999 best 13.162
  step 1900/1999 best 13.182
  step 1950/1999 best 13.195
saved SBC_CHAINS_cnn_vmim__n1_jitter_seed_s0_sim2534_row2133218_noise8422_8601_8780 (240000, 4) acc=0.332
  step 0/1999 best -24.861
  step 50/1999 best -1.101
  step 100/1999 best 1.118
  step 150/1999 best 13.081
  step 200/1999 best 13.150
  step 250/1999 best 13.478
  step 300/1999 best 13.362
  step 350/1999 best 13.557
  step 400/1999 best 13.796
  step 450/1999 best 13.703
  step 500/1999 best 13.724
  step 550/1999 best 13.748
  step 600/1999 best 13.766
  step 650/1999 best 13.774
  step 700/1999 best 13.782
  step 750/1999 best 13.733
  step 800/1999 best 13.804
  step 850/1999 best 13.829
  step 900/1999 best 13.570
  step 950/1999 best 13.725
  step 1000/1999 best 13.823
  step 1050/1999 best 13.598
  step 1100/1999 best 13.736
  step 1150/1999 best 13.719
  step 1200/1999 best 13.734
  step 1250/1999 best 13.795
  step 1300/1999 best 13.802
  step 1350/1999 best 13.647
  step 1400/1999 best 13.712
  step 1450/1999 best 13.832
  step 1500/1999 best 13.648
  step 1550/1999 best 13.677
  step 1600/1999 best 13.723
  step 1650/1999 best 13.757
  step 1700/1999 best 13.651
  step 1750/1999 best 13.804
  step 1800/1999 best 13.795
  step 1850/1999 best 13.743
  step 1900/1999 best 13.686
  step 1950/1999 best 13.804
saved SBC_CHAINS_cnn_vmim__n1_jitter_seed_s0_sim277_row263311_noise2127_2306_2485 (240000, 4) acc=0.183
  step 0/1999 best -31.206
  step 50/1999 best 3.171
  step 100/1999 best 11.751
  step 150/1999 best 11.832
  step 200/1999 best 12.565
  step 250/1999 best 12.657
  step 300/1999 best 12.580
  step 350/1999 best 12.741
  step 400/1999 best 12.765
  step 450/1999 best 12.729
  step 500/1999 best 12.621
  step 550/1999 best 12.813
  step 600/1999 best 12.820
  step 650/1999 best 12.784
  step 700/1999 best 12.756
  step 750/1999 best 12.767
  step 800/1999 best 12.703
  step 850/1999 best 12.812
  step 900/1999 best 12.757
  step 950/1999 best 12.667
  step 1000/1999 best 12.733
  step 1050/1999 best 12.837
  step 1100/1999 best 12.746
  step 1150/1999 best 12.737
  step 1200/1999 best 12.661
  step 1250/1999 best 12.721
  step 1300/1999 best 12.761
  step 1350/1999 best 12.803
  step 1400/1999 best 12.774
  step 1450/1999 best 12.817
  step 1500/1999 best 12.712
  step 1550/1999 best 12.812
  step 1600/1999 best 12.801
  step 1650/1999 best 12.720
  step 1700/1999 best 12.681
  step 1750/1999 best 12.692
  step 1800/1999 best 12.752
  step 1850/1999 best 12.727
  step 1900/1999 best 12.784
  step 1950/1999 best 12.762
saved SBC_CHAINS_cnn_vmim__n1_jitter_seed_s0_sim649_row602056_noise408_587_766 (240000, 4) acc=0.407
  step 0/1999 best -20.014
  step 50/1999 best 8.586
  step 100/1999 best 9.121
  step 150/1999 best 9.432
  step 200/1999 best 11.199
  step 250/1999 best 11.071
  step 300/1999 best 11.171
  step 350/1999 best 11.282
  step 400/1999 best 11.430
  step 450/1999 best 11.329
  step 500/1999 best 11.402
  step 550/1999 best 11.180
  step 600/1999 best 11.411
  step 650/1999 best 11.354
  step 700/1999 best 11.533
  step 750/1999 best 11.279
  step 800/1999 best 11.556
  step 850/1999 best 11.170
  step 900/1999 best 11.433
  step 950/1999 best 11.554
  step 1000/1999 best 11.363
  step 1050/1999 best 11.512
  step 1100/1999 best 11.370
  step 1150/1999 best 11.268
  step 1200/1999 best 11.540
  step 1250/1999 best 11.510
  step 1300/1999 best 11.465
  step 1350/1999 best 11.358
  step 1400/1999 best 11.503
  step 1450/1999 best 11.374
  step 1500/1999 best 11.431
  step 1550/1999 best 11.424
  step 1600/1999 best 11.275
  step 1650/1999 best 11.402
  step 1700/1999 best 11.560
  step 1750/1999 best 11.513
  step 1800/1999 best 11.534
  step 1850/1999 best 11.521
  step 1900/1999 best 11.583
  step 1950/1999 best 11.125
saved SBC_CHAINS_cnn_vmim__n1_jitter_seed_s0_sim1544_row1321848_noise1852_2031_2210 (240000, 4) acc=0.146
  step 0/1999 best -15.265
  step 50/1999 best 3.940
  step 100/1999 best 9.852
  step 150/1999 best 11.337
  step 200/1999 best 13.047
  step 250/1999 best 13.232
  step 300/1999 best 12.449
  step 350/1999 best 13.197
  step 400/1999 best 13.210
  step 450/1999 best 13.076
  step 500/1999 best 12.913
  step 550/1999 best 13.083
  step 600/1999 best 13.291
  step 650/1999 best 13.361
  step 700/1999 best 13.339
  step 750/1999 best 13.356
  step 800/1999 best 13.383
  step 850/1999 best 13.091
  step 900/1999 best 13.368
  step 950/1999 best 13.281
  step 1000/1999 best 13.328
  step 1050/1999 best 13.229
  step 1100/1999 best 13.355
  step 1150/1999 best 13.206
  step 1200/1999 best 13.384
  step 1250/1999 best 13.340
  step 1300/1999 best 13.250
  step 1350/1999 best 13.373
  step 1400/1999 best 13.431
  step 1450/1999 best 13.419
  step 1500/1999 best 13.370
  step 1550/1999 best 13.400
  step 1600/1999 best 13.235
  step 1650/1999 best 13.358
  step 1700/1999 best 13.392
  step 1750/1999 best 13.230
  step 1800/1999 best 13.227
  step 1850/1999 best 13.408
  step 1900/1999 best 13.255
  step 1950/1999 best 13.399
saved SBC_CHAINS_cnn_vmim__n1_jitter_seed_s0_sim2440_row2039673_noise3329_3508_3687 (240000, 4) acc=0.251
  step 0/1999 best -19.561
  step 50/1999 best 12.725
  step 100/1999 best 13.859
  step 150/1999 best 14.443
  step 200/1999 best 14.529
  step 250/1999 best 14.594
  step 300/1999 best 14.550
  step 350/1999 best 14.572
  step 400/1999 best 14.552
  step 450/1999 best 14.592
  step 500/1999 best 14.618
  step 550/1999 best 14.512
  step 600/1999 best 14.587
  step 650/1999 best 14.569
  step 700/1999 best 14.498
  step 750/1999 best 14.410
  step 800/1999 best 14.584
  step 850/1999 best 14.644
  step 900/1999 best 14.458
  step 950/1999 best 14.541
  step 1000/1999 best 14.479
  step 1050/1999 best 14.613
  step 1100/1999 best 14.536
  step 1150/1999 best 14.649
  step 1200/1999 best 14.687
  step 1250/1999 best 14.515
  step 1300/1999 best 14.559
  step 1350/1999 best 14.559
  step 1400/1999 best 14.681
  step 1450/1999 best 14.627
  step 1500/1999 best 14.619
  step 1550/1999 best 14.585
  step 1600/1999 best 14.623
  step 1650/1999 best 14.487
  step 1700/1999 best 14.568
  step 1750/1999 best 14.600
  step 1800/1999 best 14.616
  step 1850/1999 best 14.588
  step 1900/1999 best 14.410
  step 1950/1999 best 14.590
saved SBC_CHAINS_cnn_vmim__n1_jitter_seed_s0_sim801_row750785_noise5717_5896_6075 (240000, 4) acc=0.412
  step 0/1999 best -30.265
  step 50/1999 best 4.970
  step 100/1999 best 6.742
  step 150/1999 best 10.428
  step 200/1999 best 10.428
  step 250/1999 best 13.709
  step 300/1999 best 13.371
  step 350/1999 best 14.412
  step 400/1999 best 14.639
  step 450/1999 best 14.557
  step 500/1999 best 14.539
  step 550/1999 best 14.496
  step 600/1999 best 14.556
  step 650/1999 best 14.653
  step 700/1999 best 14.552
  step 750/1999 best 14.433
  step 800/1999 best 14.649
  step 850/1999 best 14.554
  step 900/1999 best 14.478
  step 950/1999 best 14.543
  step 1000/1999 best 14.508
  step 1050/1999 best 14.424
  step 1100/1999 best 14.527
  step 1150/1999 best 14.698
  step 1200/1999 best 14.438
  step 1250/1999 best 14.642
  step 1300/1999 best 14.651
  step 1350/1999 best 14.646
  step 1400/1999 best 14.654
  step 1450/1999 best 14.592
  step 1500/1999 best 14.515
  step 1550/1999 best 14.594
  step 1600/1999 best 14.666
  step 1650/1999 best 14.598
  step 1700/1999 best 14.621
  step 1750/1999 best 14.437
  step 1800/1999 best 14.533
  step 1850/1999 best 14.532
  step 1900/1999 best 14.624
  step 1950/1999 best 14.651
saved SBC_CHAINS_cnn_vmim__n1_jitter_seed_s0_sim253_row239418_noise7718_7897_8076 (240000, 4) acc=0.192
  step 0/1999 best -18.887
  step 50/1999 best -1.603
  step 100/1999 best 8.524
  step 150/1999 best 10.967
  step 200/1999 best 12.609
  step 250/1999 best 12.614
  step 300/1999 best 12.546
  step 350/1999 best 12.701
  step 400/1999 best 12.787
  step 450/1999 best 12.659
  step 500/1999 best 12.754
  step 550/1999 best 12.866
  step 600/1999 best 12.719
  step 650/1999 best 12.774
  step 700/1999 best 12.864
  step 750/1999 best 12.724
  step 800/1999 best 12.848
  step 850/1999 best 12.865
  step 900/1999 best 12.781
  step 950/1999 best 12.773
  step 1000/1999 best 12.681
  step 1050/1999 best 12.624
  step 1100/1999 best 12.784
  step 1150/1999 best 12.813
  step 1200/1999 best 12.792
  step 1250/1999 best 12.876
  step 1300/1999 best 12.721
  step 1350/1999 best 12.789
  step 1400/1999 best 12.853
  step 1450/1999 best 12.871
  step 1500/1999 best 12.776
  step 1550/1999 best 12.885
  step 1600/1999 best 12.844
  step 1650/1999 best 12.764
  step 1700/1999 best 12.764
  step 1750/1999 best 12.818
  step 1800/1999 best 12.646
  step 1850/1999 best 12.766
  step 1900/1999 best 12.810
  step 1950/1999 best 12.710
saved SBC_CHAINS_cnn_vmim__n1_jitter_seed_s0_sim2443_row2042344_noise6000_6179_6358 (240000, 4) acc=0.319
  step 0/1999 best -25.611
  step 50/1999 best 5.299
  step 100/1999 best 12.075
  step 150/1999 best 14.024
  step 200/1999 best 14.977
  step 250/1999 best 15.814
  step 300/1999 best 15.676
  step 350/1999 best 15.587
  step 400/1999 best 15.813
  step 450/1999 best 15.844
  step 500/1999 best 15.663
  step 550/1999 best 15.702
  step 600/1999 best 15.650
  step 650/1999 best 15.529
  step 700/1999 best 15.812
  step 750/1999 best 15.777
  step 800/1999 best 15.828
  step 850/1999 best 15.650
  step 900/1999 best 15.783
  step 950/1999 best 15.613
  step 1000/1999 best 15.550
  step 1050/1999 best 15.724
  step 1100/1999 best 15.781
  step 1150/1999 best 15.827
  step 1200/1999 best 15.675
  step 1250/1999 best 15.832
  step 1300/1999 best 15.660
  step 1350/1999 best 15.781
  step 1400/1999 best 15.629
  step 1450/1999 best 15.836
  step 1500/1999 best 15.842
  step 1550/1999 best 15.803
  step 1600/1999 best 15.711
  step 1650/1999 best 15.664
  step 1700/1999 best 15.856
  step 1750/1999 best 15.740
  step 1800/1999 best 15.465
  step 1850/1999 best 15.646
  step 1900/1999 best 15.742
  step 1950/1999 best 15.832
saved SBC_CHAINS_cnn_vmim__n1_jitter_seed_s0_sim177_row168071_noise167_346_525 (240000, 4) acc=0.194
  step 0/1999 best -19.903
  step 50/1999 best 6.326
  step 100/1999 best 10.828
  step 150/1999 best 11.655
  step 200/1999 best 11.669
  step 250/1999 best 11.972
  step 300/1999 best 11.859
  step 350/1999 best 11.948
  step 400/1999 best 11.847
  step 450/1999 best 11.854
  step 500/1999 best 11.874
  step 550/1999 best 11.848
  step 600/1999 best 11.970
  step 650/1999 best 11.833
  step 700/1999 best 11.933
  step 750/1999 best 11.856
  step 800/1999 best 11.738
  step 850/1999 best 11.938
  step 900/1999 best 11.825
  step 950/1999 best 11.717
  step 1000/1999 best 11.888
  step 1050/1999 best 11.866
  step 1100/1999 best 11.869
  step 1150/1999 best 11.857
  step 1200/1999 best 11.960
  step 1250/1999 best 11.940
  step 1300/1999 best 11.765
  step 1350/1999 best 11.857
  step 1400/1999 best 11.840
  step 1450/1999 best 11.764
  step 1500/1999 best 11.908
  step 1550/1999 best 11.840
  step 1600/1999 best 11.867
  step 1650/1999 best 11.854
  step 1700/1999 best 11.870
  step 1750/1999 best 11.838
  step 1800/1999 best 11.786
  step 1850/1999 best 11.755
  step 1900/1999 best 11.930
  step 1950/1999 best 11.756
saved SBC_CHAINS_cnn_vmim__n1_jitter_seed_s0_sim3080_row2675002_noise3838_4017_4196 (240000, 4) acc=0.371
  step 0/1999 best -7.947
  step 50/1999 best -1.918
  step 100/1999 best 1.968
  step 150/1999 best 5.780
  step 200/1999 best 10.155
  step 250/1999 best 13.448
  step 300/1999 best 14.132
  step 350/1999 best 14.455
  step 400/1999 best 15.096
  step 450/1999 best 14.994
  step 500/1999 best 15.017
  step 550/1999 best 14.851
  step 600/1999 best 15.171
  step 650/1999 best 14.966
  step 700/1999 best 15.215
  step 750/1999 best 15.070
  step 800/1999 best 15.134
  step 850/1999 best 15.101
  step 900/1999 best 15.151
  step 950/1999 best 15.139
  step 1000/1999 best 15.049
  step 1050/1999 best 15.103
  step 1100/1999 best 15.078
  step 1150/1999 best 15.165
  step 1200/1999 best 15.096
  step 1250/1999 best 15.163
  step 1300/1999 best 15.097
  step 1350/1999 best 15.027
  step 1400/1999 best 15.085
  step 1450/1999 best 15.082
  step 1500/1999 best 15.232
  step 1550/1999 best 15.181
  step 1600/1999 best 15.217
  step 1650/1999 best 15.112
  step 1700/1999 best 15.153
  step 1750/1999 best 15.032
  step 1800/1999 best 15.158
  step 1850/1999 best 15.053
  step 1900/1999 best 15.077
  step 1950/1999 best 15.175
saved SBC_CHAINS_cnn_vmim__n1_jitter_seed_s0_sim1462_row1244206_noise7662_7841_8020 (240000, 4) acc=0.234
  step 0/1999 best -17.993
  step 50/1999 best -0.610
  step 100/1999 best 2.059
  step 150/1999 best 4.316
  step 200/1999 best 12.659
  step 250/1999 best 13.030
  step 300/1999 best 13.051
  step 350/1999 best 13.271
  step 400/1999 best 13.301
  step 450/1999 best 13.142
  step 500/1999 best 13.552
  step 550/1999 best 13.420
  step 600/1999 best 13.344
  step 650/1999 best 13.461
  step 700/1999 best 13.588
  step 750/1999 best 13.340
  step 800/1999 best 13.422
  step 850/1999 best 13.476
  step 900/1999 best 13.474
  step 950/1999 best 13.564
  step 1000/1999 best 13.486
  step 1050/1999 best 13.516
  step 1100/1999 best 13.496
  step 1150/1999 best 13.542
  step 1200/1999 best 13.436
  step 1250/1999 best 13.435
  step 1300/1999 best 13.469
  step 1350/1999 best 13.537
  step 1400/1999 best 13.256
  step 1450/1999 best 13.447
  step 1500/1999 best 13.578
  step 1550/1999 best 13.560
  step 1600/1999 best 13.576
  step 1650/1999 best 13.503
  step 1700/1999 best 13.402
  step 1750/1999 best 13.534
  step 1800/1999 best 13.542
  step 1850/1999 best 13.483
  step 1900/1999 best 13.362
  step 1950/1999 best 13.414
saved SBC_CHAINS_cnn_vmim__n1_jitter_seed_s0_sim1467_row1249568_noise3196_3375_3554 (240000, 4) acc=0.221
  step 0/1999 best -28.039
  step 50/1999 best 10.781
  step 100/1999 best 13.008
  step 150/1999 best 13.126
  step 200/1999 best 13.526
  step 250/1999 best 13.559
  step 300/1999 best 13.557
  step 350/1999 best 13.627
  step 400/1999 best 13.606
  step 450/1999 best 13.589
  step 500/1999 best 13.601
  step 550/1999 best 13.643
  step 600/1999 best 13.579
  step 650/1999 best 13.555
  step 700/1999 best 13.592
  step 750/1999 best 13.577
  step 800/1999 best 13.604
  step 850/1999 best 13.547
  step 900/1999 best 13.593
  step 950/1999 best 13.679
  step 1000/1999 best 13.526
  step 1050/1999 best 13.618
  step 1100/1999 best 13.544
  step 1150/1999 best 13.529
  step 1200/1999 best 13.533
  step 1250/1999 best 13.589
  step 1300/1999 best 13.637
  step 1350/1999 best 13.615
  step 1400/1999 best 13.497
  step 1450/1999 best 13.612
  step 1500/1999 best 13.624
  step 1550/1999 best 13.630
  step 1600/1999 best 13.638
  step 1650/1999 best 13.518
  step 1700/1999 best 13.570
  step 1750/1999 best 13.590
  step 1800/1999 best 13.465
  step 1850/1999 best 13.550
  step 1900/1999 best 13.566
  step 1950/1999 best 13.584
saved SBC_CHAINS_cnn_vmim__n1_jitter_seed_s0_sim1767_row1519081_noise7869_8048_8227 (240000, 4) acc=0.416
  step 0/1999 best -21.301
  step 50/1999 best 1.201
  step 100/1999 best 6.271
  step 150/1999 best 7.177
  step 200/1999 best 7.240
  step 250/1999 best 6.957
  step 300/1999 best 7.121
  step 350/1999 best 7.111
  step 400/1999 best 7.135
  step 450/1999 best 7.180
  step 500/1999 best 7.334
  step 550/1999 best 7.281
  step 600/1999 best 7.243
  step 650/1999 best 7.254
  step 700/1999 best 7.068
  step 750/1999 best 7.149
  step 800/1999 best 7.205
  step 850/1999 best 7.189
  step 900/1999 best 7.107
  step 950/1999 best 7.242
  step 1000/1999 best 7.186
  step 1050/1999 best 7.292
  step 1100/1999 best 7.235
  step 1150/1999 best 7.237
  step 1200/1999 best 7.221
  step 1250/1999 best 7.309
  step 1300/1999 best 7.001
  step 1350/1999 best 7.150
  step 1400/1999 best 7.205
  step 1450/1999 best 7.305
  step 1500/1999 best 7.283
  step 1550/1999 best 7.154
  step 1600/1999 best 7.273
  step 1650/1999 best 7.094
  step 1700/1999 best 7.056
  step 1750/1999 best 7.149
  step 1800/1999 best 7.069
  step 1850/1999 best 7.201
  step 1900/1999 best 7.249
  step 1950/1999 best 7.232
saved SBC_CHAINS_cnn_vmim__n1_jitter_seed_s0_sim2863_row2458276_noise3328_3507_3686 (240000, 4) acc=0.400
  step 0/1999 best -16.638
  step 50/1999 best 6.430
  step 100/1999 best 13.523
  step 150/1999 best 13.976
  step 200/1999 best 13.840
  step 250/1999 best 13.982
  step 300/1999 best 13.926
  step 350/1999 best 13.977
  step 400/1999 best 13.949
  step 450/1999 best 14.032
  step 500/1999 best 13.964
  step 550/1999 best 14.032
  step 600/1999 best 14.061
  step 650/1999 best 13.921
  step 700/1999 best 14.005
  step 750/1999 best 13.957
  step 800/1999 best 13.990
  step 850/1999 best 13.900
  step 900/1999 best 13.987
  step 950/1999 best 13.834
  step 1000/1999 best 13.904
  step 1050/1999 best 14.034
  step 1100/1999 best 13.944
  step 1150/1999 best 14.017
  step 1200/1999 best 13.914
  step 1250/1999 best 13.915
  step 1300/1999 best 13.943
  step 1350/1999 best 13.990
  step 1400/1999 best 14.030
  step 1450/1999 best 14.035
  step 1500/1999 best 13.917
  step 1550/1999 best 13.958
  step 1600/1999 best 13.922
  step 1650/1999 best 14.007
  step 1700/1999 best 13.994
  step 1750/1999 best 13.914
  step 1800/1999 best 13.869
  step 1850/1999 best 13.945
  step 1900/1999 best 13.903
  step 1950/1999 best 13.966
saved SBC_CHAINS_cnn_vmim__n1_jitter_seed_s0_sim1304_row1113559_noise7263_7442_7621 (240000, 4) acc=0.286
  step 0/1999 best -25.048
  step 50/1999 best 2.384
  step 100/1999 best 2.755
  step 150/1999 best 11.639
  step 200/1999 best 14.157
  step 250/1999 best 14.085
  step 300/1999 best 14.570
  step 350/1999 best 14.193
  step 400/1999 best 14.624
  step 450/1999 best 14.748
  step 500/1999 best 14.500
  step 550/1999 best 13.978
  step 600/1999 best 14.616
  step 650/1999 best 14.612
  step 700/1999 best 14.802
  step 750/1999 best 14.633
  step 800/1999 best 14.732
  step 850/1999 best 14.806
  step 900/1999 best 14.763
  step 950/1999 best 14.707
  step 1000/1999 best 14.827
  step 1050/1999 best 14.764
  step 1100/1999 best 14.874
  step 1150/1999 best 14.464
  step 1200/1999 best 14.776
  step 1250/1999 best 14.617
  step 1300/1999 best 14.747
  step 1350/1999 best 14.811
  step 1400/1999 best 14.748
  step 1450/1999 best 14.761
  step 1500/1999 best 14.711
  step 1550/1999 best 14.763
  step 1600/1999 best 14.641
  step 1650/1999 best 14.816
  step 1700/1999 best 14.823
  step 1750/1999 best 14.631
  step 1800/1999 best 14.655
  step 1850/1999 best 14.806
  step 1900/1999 best 14.761
  step 1950/1999 best 14.703
saved SBC_CHAINS_cnn_vmim__n1_jitter_seed_s0_sim249_row235025_noise3325_3504_3683 (240000, 4) acc=0.172
  step 0/1999 best -20.772
  step 50/1999 best 8.572
  step 100/1999 best 12.425
  step 150/1999 best 14.980
  step 200/1999 best 15.729
  step 250/1999 best 15.638
  step 300/1999 best 15.960
  step 350/1999 best 15.583
  step 400/1999 best 15.662
  step 450/1999 best 15.837
  step 500/1999 best 15.669
  step 550/1999 best 15.940
  step 600/1999 best 15.906
  step 650/1999 best 15.970
  step 700/1999 best 16.016
  step 750/1999 best 15.751
  step 800/1999 best 15.988
  step 850/1999 best 15.943
  step 900/1999 best 15.955
  step 950/1999 best 15.878
  step 1000/1999 best 15.905
  step 1050/1999 best 15.863
  step 1100/1999 best 15.960
  step 1150/1999 best 16.033
  step 1200/1999 best 15.890
  step 1250/1999 best 15.925
  step 1300/1999 best 15.865
  step 1350/1999 best 16.020
  step 1400/1999 best 15.988
  step 1450/1999 best 15.986
  step 1500/1999 best 15.975
  step 1550/1999 best 15.854
  step 1600/1999 best 15.870
  step 1650/1999 best 15.980
  step 1700/1999 best 15.991
  step 1750/1999 best 15.949
  step 1800/1999 best 15.860
  step 1850/1999 best 16.005
  step 1900/1999 best 15.908
  step 1950/1999 best 15.956
saved SBC_CHAINS_cnn_vmim__n1_jitter_seed_s0_sim201_row187451_noise4891_5070_5249 (240000, 4) acc=0.273
  step 0/1999 best -20.837
  step 50/1999 best -1.354
  step 100/1999 best 7.183
  step 150/1999 best 14.389
  step 200/1999 best 13.903
  step 250/1999 best 14.140
  step 300/1999 best 14.787
  step 350/1999 best 14.932
  step 400/1999 best 14.802
  step 450/1999 best 14.882
  step 500/1999 best 14.510
  step 550/1999 best 14.840
  step 600/1999 best 14.925
  step 650/1999 best 14.699
  step 700/1999 best 14.993
  step 750/1999 best 14.795
  step 800/1999 best 14.868
  step 850/1999 best 14.918
  step 900/1999 best 14.850
  step 950/1999 best 14.774
  step 1000/1999 best 14.792
  step 1050/1999 best 14.699
  step 1100/1999 best 14.952
  step 1150/1999 best 14.760
  step 1200/1999 best 14.953
  step 1250/1999 best 14.700
  step 1300/1999 best 14.957
  step 1350/1999 best 14.983
  step 1400/1999 best 14.813
  step 1450/1999 best 14.821
  step 1500/1999 best 14.901
  step 1550/1999 best 14.877
  step 1600/1999 best 14.835
  step 1650/1999 best 14.953
  step 1700/1999 best 14.921
  step 1750/1999 best 14.912
  step 1800/1999 best 14.862
  step 1850/1999 best 14.948
  step 1900/1999 best 14.923
  step 1950/1999 best 14.837
saved SBC_CHAINS_cnn_vmim__n1_jitter_seed_s0_sim1342_row1151224_noise5616_5795_5974 (240000, 4) acc=0.207
  step 0/1999 best -19.743
  step 50/1999 best -2.261
  step 100/1999 best 9.893
  step 150/1999 best 11.223
  step 200/1999 best 11.762
  step 250/1999 best 11.772
  step 300/1999 best 11.769
  step 350/1999 best 11.855
  step 400/1999 best 11.748
  step 450/1999 best 11.764
  step 500/1999 best 11.755
  step 550/1999 best 11.817
  step 600/1999 best 11.657
  step 650/1999 best 11.696
  step 700/1999 best 11.860
  step 750/1999 best 11.838
  step 800/1999 best 11.731
  step 850/1999 best 11.824
  step 900/1999 best 11.760
  step 950/1999 best 11.828
  step 1000/1999 best 11.715
  step 1050/1999 best 11.737
  step 1100/1999 best 11.826
  step 1150/1999 best 11.750
  step 1200/1999 best 11.727
  step 1250/1999 best 11.760
  step 1300/1999 best 11.828
  step 1350/1999 best 11.699
  step 1400/1999 best 11.750
  step 1450/1999 best 11.792
  step 1500/1999 best 11.846
  step 1550/1999 best 11.839
  step 1600/1999 best 11.837
  step 1650/1999 best 11.835
  step 1700/1999 best 11.793
  step 1750/1999 best 11.743
  step 1800/1999 best 11.790
  step 1850/1999 best 11.781
  step 1900/1999 best 11.741
  step 1950/1999 best 11.744
saved SBC_CHAINS_cnn_vmim__n1_jitter_seed_s0_sim3086_row2681249_noise257_436_615 (240000, 4) acc=0.410
  step 0/1999 best -24.647
  step 50/1999 best 4.438
  step 100/1999 best 6.079
  step 150/1999 best 10.416
  step 200/1999 best 13.229
  step 250/1999 best 13.994
  step 300/1999 best 13.845
  step 350/1999 best 14.299
  step 400/1999 best 14.195
  step 450/1999 best 14.325
  step 500/1999 best 14.499
  step 550/1999 best 14.538
  step 600/1999 best 14.531
  step 650/1999 best 14.329
  step 700/1999 best 14.459
  step 750/1999 best 14.574
  step 800/1999 best 14.512
  step 850/1999 best 14.508
  step 900/1999 best 14.181
  step 950/1999 best 14.519
  step 1000/1999 best 14.324
  step 1050/1999 best 14.543
  step 1100/1999 best 14.511
  step 1150/1999 best 14.429
  step 1200/1999 best 14.513
  step 1250/1999 best 14.534
  step 1300/1999 best 14.405
  step 1350/1999 best 14.464
  step 1400/1999 best 14.435
  step 1450/1999 best 14.476
  step 1500/1999 best 14.486
  step 1550/1999 best 14.574
  step 1600/1999 best 14.558
  step 1650/1999 best 14.371
  step 1700/1999 best 14.535
  step 1750/1999 best 14.465
  step 1800/1999 best 14.466
  step 1850/1999 best 14.369
  step 1900/1999 best 14.358
  step 1950/1999 best 14.590
saved SBC_CHAINS_cnn_vmim__n1_jitter_seed_s0_sim103_row102896_noise5616_5795_5974 (240000, 4) acc=0.209
  step 0/1999 best -17.622
  step 50/1999 best -1.576
  step 100/1999 best 12.726
  step 150/1999 best 13.323
  step 200/1999 best 13.099
  step 250/1999 best 13.308
  step 300/1999 best 13.310
  step 350/1999 best 13.349
  step 400/1999 best 13.343
  step 450/1999 best 13.412
  step 500/1999 best 13.154
  step 550/1999 best 13.196
  step 600/1999 best 13.391
  step 650/1999 best 13.400
  step 700/1999 best 13.375
  step 750/1999 best 13.437
  step 800/1999 best 13.332
  step 850/1999 best 13.316
  step 900/1999 best 13.252
  step 950/1999 best 13.261
  step 1000/1999 best 13.192
  step 1050/1999 best 13.422
  step 1100/1999 best 13.427
  step 1150/1999 best 13.335
  step 1200/1999 best 13.387
  step 1250/1999 best 13.331
  step 1300/1999 best 13.431
  step 1350/1999 best 13.407
  step 1400/1999 best 13.383
  step 1450/1999 best 13.406
  step 1500/1999 best 13.369
  step 1550/1999 best 13.314
  step 1600/1999 best 13.400
  step 1650/1999 best 13.392
  step 1700/1999 best 13.338
  step 1750/1999 best 13.278
  step 1800/1999 best 13.327
  step 1850/1999 best 13.240
  step 1900/1999 best 13.389
  step 1950/1999 best 13.196
saved SBC_CHAINS_cnn_vmim__n1_jitter_seed_s0_sim1975_row1586476_noise48_227_406 (240000, 4) acc=0.273
  step 0/1999 best -21.429
  step 50/1999 best 9.329
  step 100/1999 best 12.794
  step 150/1999 best 15.713
  step 200/1999 best 15.951
  step 250/1999 best 16.296
  step 300/1999 best 16.500
  step 350/1999 best 16.356
  step 400/1999 best 16.429
  step 450/1999 best 16.517
  step 500/1999 best 16.387
  step 550/1999 best 16.298
  step 600/1999 best 16.409
  step 650/1999 best 16.386
  step 700/1999 best 16.406
  step 750/1999 best 16.475
  step 800/1999 best 16.462
  step 850/1999 best 16.434
  step 900/1999 best 16.362
  step 950/1999 best 16.365
  step 1000/1999 best 16.419
  step 1050/1999 best 16.371
  step 1100/1999 best 16.339
  step 1150/1999 best 16.467
  step 1200/1999 best 16.486
  step 1250/1999 best 16.426
  step 1300/1999 best 16.443
  step 1350/1999 best 16.466
  step 1400/1999 best 16.481
  step 1450/1999 best 16.443
  step 1500/1999 best 16.394
  step 1550/1999 best 16.384
  step 1600/1999 best 16.508
  step 1650/1999 best 16.357
  step 1700/1999 best 16.411
  step 1750/1999 best 16.399
  step 1800/1999 best 16.445
  step 1850/1999 best 16.384
  step 1900/1999 best 16.381
  step 1950/1999 best 16.413
saved SBC_CHAINS_cnn_vmim__n1_jitter_seed_s0_sim1360_row1169524_noise4260_4439_4618 (240000, 4) acc=0.319
  step 0/1999 best -21.913
  step 50/1999 best 6.202
  step 100/1999 best 12.114
  step 150/1999 best 12.370
  step 200/1999 best 12.512
  step 250/1999 best 12.481
  step 300/1999 best 12.943
  step 350/1999 best 12.718
  step 400/1999 best 12.866
  step 450/1999 best 13.152
  step 500/1999 best 13.065
  step 550/1999 best 12.984
  step 600/1999 best 12.703
  step 650/1999 best 13.115
  step 700/1999 best 13.165
  step 750/1999 best 12.961
  step 800/1999 best 12.998
  step 850/1999 best 12.836
  step 900/1999 best 12.968
  step 950/1999 best 12.908
  step 1000/1999 best 12.830
  step 1050/1999 best 12.940
  step 1100/1999 best 13.158
  step 1150/1999 best 13.127
  step 1200/1999 best 13.045
  step 1250/1999 best 13.001
  step 1300/1999 best 12.877
  step 1350/1999 best 13.104
  step 1400/1999 best 12.774
  step 1450/1999 best 13.086
  step 1500/1999 best 13.103
  step 1550/1999 best 13.103
  step 1600/1999 best 12.967
  step 1650/1999 best 13.101
  step 1700/1999 best 13.037
  step 1750/1999 best 13.084
  step 1800/1999 best 13.037
  step 1850/1999 best 13.060
  step 1900/1999 best 13.042
  step 1950/1999 best 12.946
saved SBC_CHAINS_cnn_vmim__n1_jitter_seed_s0_sim2006_row1617381_noise1469_1648_1827 (240000, 4) acc=0.190
  step 0/1999 best -15.111
  step 50/1999 best 0.386
  step 100/1999 best 3.942
  step 150/1999 best 10.847
  step 200/1999 best 11.850
  step 250/1999 best 13.107
  step 300/1999 best 13.497
  step 350/1999 best 13.597
  step 400/1999 best 13.681
  step 450/1999 best 13.811
  step 500/1999 best 13.715
  step 550/1999 best 13.713
  step 600/1999 best 13.713
  step 650/1999 best 13.722
  step 700/1999 best 13.712
  step 750/1999 best 13.617
  step 800/1999 best 13.736
  step 850/1999 best 13.582
  step 900/1999 best 13.660
  step 950/1999 best 13.705
  step 1000/1999 best 13.779
  step 1050/1999 best 13.575
  step 1100/1999 best 13.765
  step 1150/1999 best 13.690
  step 1200/1999 best 13.666
  step 1250/1999 best 13.622
  step 1300/1999 best 13.566
  step 1350/1999 best 13.471
  step 1400/1999 best 13.703
  step 1450/1999 best 13.517
  step 1500/1999 best 13.671
  step 1550/1999 best 13.746
  step 1600/1999 best 13.515
  step 1650/1999 best 13.695
  step 1700/1999 best 13.672
  step 1750/1999 best 13.769
  step 1800/1999 best 13.700
  step 1850/1999 best 13.737
  step 1900/1999 best 13.812
  step 1950/1999 best 13.635
saved SBC_CHAINS_cnn_vmim__n1_jitter_seed_s0_sim2050_row1660636_noise6412_6591_6770 (240000, 4) acc=0.203
  step 0/1999 best -11.702
  step 50/1999 best 4.520
  step 100/1999 best 9.822
  step 150/1999 best 9.822
  step 200/1999 best 12.227
  step 250/1999 best 13.036
  step 300/1999 best 12.457
  step 350/1999 best 12.677
  step 400/1999 best 12.738
  step 450/1999 best 13.105
  step 500/1999 best 12.931
  step 550/1999 best 12.919
  step 600/1999 best 13.200
  step 650/1999 best 12.880
  step 700/1999 best 12.700
  step 750/1999 best 13.076
  step 800/1999 best 13.053
  step 850/1999 best 13.145
  step 900/1999 best 13.079
  step 950/1999 best 13.046
  step 1000/1999 best 12.988
  step 1050/1999 best 13.208
  step 1100/1999 best 13.241
  step 1150/1999 best 13.195
  step 1200/1999 best 13.074
  step 1250/1999 best 13.155
  step 1300/1999 best 13.085
  step 1350/1999 best 13.074
  step 1400/1999 best 13.135
  step 1450/1999 best 13.184
  step 1500/1999 best 13.176
  step 1550/1999 best 13.227
  step 1600/1999 best 13.085
  step 1650/1999 best 13.039
  step 1700/1999 best 13.122
  step 1750/1999 best 12.960
  step 1800/1999 best 13.036
  step 1850/1999 best 12.900
  step 1900/1999 best 13.155
  step 1950/1999 best 13.019
saved SBC_CHAINS_cnn_vmim__n1_jitter_seed_s0_sim1532_row1309198_noise8858_9037_9216 (240000, 4) acc=0.225
  step 0/1999 best -17.507
  step 50/1999 best 7.229
  step 100/1999 best 10.982
  step 150/1999 best 11.884
  step 200/1999 best 12.148
  step 250/1999 best 12.682
  step 300/1999 best 12.328
  step 350/1999 best 12.552
  step 400/1999 best 12.657
  step 450/1999 best 12.567
  step 500/1999 best 12.601
  step 550/1999 best 12.691
  step 600/1999 best 12.633
  step 650/1999 best 12.478
  step 700/1999 best 12.652
  step 750/1999 best 12.505
  step 800/1999 best 12.524
  step 850/1999 best 12.537
  step 900/1999 best 12.535
  step 950/1999 best 12.598
  step 1000/1999 best 12.482
  step 1050/1999 best 12.580
  step 1100/1999 best 12.588
  step 1150/1999 best 12.569
  step 1200/1999 best 12.500
  step 1250/1999 best 12.405
  step 1300/1999 best 12.617
  step 1350/1999 best 12.329
  step 1400/1999 best 12.699
  step 1450/1999 best 12.583
  step 1500/1999 best 12.658
  step 1550/1999 best 12.471
  step 1600/1999 best 12.481
  step 1650/1999 best 12.553
  step 1700/1999 best 12.654
  step 1750/1999 best 12.660
  step 1800/1999 best 12.636
  step 1850/1999 best 12.654
  step 1900/1999 best 12.661
  step 1950/1999 best 12.693
saved SBC_CHAINS_cnn_vmim__n1_jitter_seed_s0_sim2053_row1663754_noise9530_9709_60 (240000, 4) acc=0.221
  step 0/1999 best -20.911
  step 50/1999 best -8.462
  step 100/1999 best 6.358
  step 150/1999 best 6.249
  step 200/1999 best 7.977
  step 250/1999 best 7.627
  step 300/1999 best 9.236
  step 350/1999 best 9.416
  step 400/1999 best 9.614
  step 450/1999 best 9.282
  step 500/1999 best 9.363
  step 550/1999 best 9.390
  step 600/1999 best 9.182
  step 650/1999 best 9.507
  step 700/1999 best 9.536
  step 750/1999 best 9.492
  step 800/1999 best 9.399
  step 850/1999 best 9.439
  step 900/1999 best 9.585
  step 950/1999 best 9.475
  step 1000/1999 best 9.285
  step 1050/1999 best 9.624
  step 1100/1999 best 9.615
  step 1150/1999 best 9.208
  step 1200/1999 best 9.568
  step 1250/1999 best 9.457
  step 1300/1999 best 9.581
  step 1350/1999 best 9.316
  step 1400/1999 best 9.685
  step 1450/1999 best 9.480
  step 1500/1999 best 9.443
  step 1550/1999 best 9.616
  step 1600/1999 best 9.565
  step 1650/1999 best 9.432
  step 1700/1999 best 9.616
  step 1750/1999 best 9.622
  step 1800/1999 best 9.425
  step 1850/1999 best 9.279
  step 1900/1999 best 9.429
  step 1950/1999 best 9.523
saved SBC_CHAINS_cnn_vmim__n1_jitter_seed_s0_sim2557_row2156565_noise2285_2464_2643 (240000, 4) acc=0.194
  step 0/1999 best -22.729
  step 50/1999 best -5.842
  step 100/1999 best 9.038
  step 150/1999 best 10.276
  step 200/1999 best 12.653
  step 250/1999 best 13.814
  step 300/1999 best 12.962
  step 350/1999 best 13.603
  step 400/1999 best 13.555
  step 450/1999 best 13.786
  step 500/1999 best 13.785
  step 550/1999 best 13.617
  step 600/1999 best 13.631
  step 650/1999 best 13.587
  step 700/1999 best 13.815
  step 750/1999 best 13.688
  step 800/1999 best 13.765
  step 850/1999 best 13.704
  step 900/1999 best 13.820
  step 950/1999 best 13.644
  step 1000/1999 best 13.777
  step 1050/1999 best 13.735
  step 1100/1999 best 13.686
  step 1150/1999 best 13.760
  step 1200/1999 best 13.831
  step 1250/1999 best 13.775
  step 1300/1999 best 13.745
  step 1350/1999 best 13.735
  step 1400/1999 best 13.718
  step 1450/1999 best 13.711
  step 1500/1999 best 13.805
  step 1550/1999 best 13.656
  step 1600/1999 best 13.838
  step 1650/1999 best 13.762
  step 1700/1999 best 13.636
  step 1750/1999 best 13.600
  step 1800/1999 best 13.746
  step 1850/1999 best 13.803
  step 1900/1999 best 13.793
  step 1950/1999 best 13.731
saved SBC_CHAINS_cnn_vmim__n1_jitter_seed_s0_sim1966_row1577409_noise809_988_1167 (240000, 4) acc=0.251
  step 0/1999 best -19.655
  step 50/1999 best 10.437
  step 100/1999 best 13.307
  step 150/1999 best 13.620
  step 200/1999 best 13.719
  step 250/1999 best 13.783
  step 300/1999 best 13.858
  step 350/1999 best 13.941
  step 400/1999 best 13.984
  step 450/1999 best 13.881
  step 500/1999 best 13.951
  step 550/1999 best 13.812
  step 600/1999 best 13.893
  step 650/1999 best 13.822
  step 700/1999 best 13.978
  step 750/1999 best 13.669
  step 800/1999 best 13.861
  step 850/1999 best 13.906
  step 900/1999 best 13.950
  step 950/1999 best 13.959
  step 1000/1999 best 13.992
  step 1050/1999 best 13.865
  step 1100/1999 best 13.977
  step 1150/1999 best 13.914
  step 1200/1999 best 13.868
  step 1250/1999 best 13.778
  step 1300/1999 best 13.942
  step 1350/1999 best 13.942
  step 1400/1999 best 13.909
  step 1450/1999 best 13.910
  step 1500/1999 best 14.014
  step 1550/1999 best 13.939
  step 1600/1999 best 13.835
  step 1650/1999 best 13.904
  step 1700/1999 best 13.924
  step 1750/1999 best 13.894
  step 1800/1999 best 13.754
  step 1850/1999 best 13.921
  step 1900/1999 best 13.979
  step 1950/1999 best 13.884
saved SBC_CHAINS_cnn_vmim__n1_jitter_seed_s0_sim879_row828057_noise4365_4544_4723 (240000, 4) acc=0.338
  step 0/1999 best -17.572
  step 50/1999 best 2.759
  step 100/1999 best 5.633
  step 150/1999 best 10.224
  step 200/1999 best 10.754
  step 250/1999 best 10.821
  step 300/1999 best 10.851
  step 350/1999 best 10.848
  step 400/1999 best 10.864
  step 450/1999 best 11.000
  step 500/1999 best 11.023
  step 550/1999 best 10.945
  step 600/1999 best 10.926
  step 650/1999 best 11.023
  step 700/1999 best 10.990
  step 750/1999 best 10.917
  step 800/1999 best 11.051
  step 850/1999 best 10.948
  step 900/1999 best 10.926
  step 950/1999 best 10.898
  step 1000/1999 best 10.973
  step 1050/1999 best 10.968
  step 1100/1999 best 10.872
  step 1150/1999 best 10.949
  step 1200/1999 best 10.964
  step 1250/1999 best 10.893
  step 1300/1999 best 10.971
  step 1350/1999 best 11.009
  step 1400/1999 best 10.998
  step 1450/1999 best 10.958
  step 1500/1999 best 11.028
  step 1550/1999 best 10.913
  step 1600/1999 best 10.874
  step 1650/1999 best 11.038
  step 1700/1999 best 10.764
  step 1750/1999 best 10.956
  step 1800/1999 best 11.031
  step 1850/1999 best 11.032
  step 1900/1999 best 10.988
  step 1950/1999 best 10.951
saved SBC_CHAINS_cnn_vmim__n1_jitter_seed_s0_sim445_row423148_noise2888_3067_3246 (240000, 4) acc=0.205
  step 0/1999 best -10.475
  step 50/1999 best 6.352
  step 100/1999 best 7.748
  step 150/1999 best 11.240
  step 200/1999 best 11.346
  step 250/1999 best 11.829
  step 300/1999 best 12.137
  step 350/1999 best 11.990
  step 400/1999 best 11.845
  step 450/1999 best 12.043
  step 500/1999 best 12.034
  step 550/1999 best 12.055
  step 600/1999 best 12.100
  step 650/1999 best 11.784
  step 700/1999 best 11.999
  step 750/1999 best 12.030
  step 800/1999 best 12.016
  step 850/1999 best 12.029
  step 900/1999 best 12.122
  step 950/1999 best 12.114
  step 1000/1999 best 12.075
  step 1050/1999 best 11.949
  step 1100/1999 best 12.066
  step 1150/1999 best 12.058
  step 1200/1999 best 11.972
  step 1250/1999 best 11.987
  step 1300/1999 best 12.127
  step 1350/1999 best 12.112
  step 1400/1999 best 12.028
  step 1450/1999 best 12.059
  step 1500/1999 best 12.025
  step 1550/1999 best 12.041
  step 1600/1999 best 12.069
  step 1650/1999 best 12.003
  step 1700/1999 best 12.053
  step 1750/1999 best 12.101
  step 1800/1999 best 12.075
  step 1850/1999 best 11.904
  step 1900/1999 best 12.129
  step 1950/1999 best 12.013
saved SBC_CHAINS_cnn_vmim__n1_jitter_seed_s0_sim2608_row2207540_noise4120_4299_4478 (240000, 4) acc=0.277
  step 0/1999 best -31.895
  step 50/1999 best 12.667
  step 100/1999 best 14.059
  step 150/1999 best 13.909
  step 200/1999 best 14.019
  step 250/1999 best 14.071
  step 300/1999 best 14.100
  step 350/1999 best 13.950
  step 400/1999 best 14.122
  step 450/1999 best 14.089
  step 500/1999 best 14.086
  step 550/1999 best 14.071
  step 600/1999 best 14.094
  step 650/1999 best 14.115
  step 700/1999 best 14.081
  step 750/1999 best 14.139
  step 800/1999 best 14.126
  step 850/1999 best 14.071
  step 900/1999 best 14.085
  step 950/1999 best 13.955
  step 1000/1999 best 14.069
  step 1050/1999 best 14.019
  step 1100/1999 best 13.985
  step 1150/1999 best 14.082
  step 1200/1999 best 14.126
  step 1250/1999 best 14.049
  step 1300/1999 best 14.050
  step 1350/1999 best 14.082
  step 1400/1999 best 14.153
  step 1450/1999 best 14.130
  step 1500/1999 best 14.136
  step 1550/1999 best 14.120
  step 1600/1999 best 14.093
  step 1650/1999 best 14.018
  step 1700/1999 best 14.078
  step 1750/1999 best 14.155
  step 1800/1999 best 14.060
  step 1850/1999 best 13.989
  step 1900/1999 best 14.090
  step 1950/1999 best 14.006
saved SBC_CHAINS_cnn_vmim__n1_jitter_seed_s0_sim1922_row1533124_noise5664_5843_6022 (240000, 4) acc=0.375
  step 0/1999 best -28.735
  step 50/1999 best 11.560
  step 100/1999 best 13.309
  step 150/1999 best 14.123
  step 200/1999 best 14.108
  step 250/1999 best 14.205
  step 300/1999 best 14.134
  step 350/1999 best 14.211
  step 400/1999 best 14.232
  step 450/1999 best 14.224
  step 500/1999 best 14.220
  step 550/1999 best 14.221
  step 600/1999 best 14.194
  step 650/1999 best 14.243
  step 700/1999 best 14.230
  step 750/1999 best 14.174
  step 800/1999 best 14.189
  step 850/1999 best 14.254
  step 900/1999 best 14.100
  step 950/1999 best 14.213
  step 1000/1999 best 14.208
  step 1050/1999 best 14.272
  step 1100/1999 best 14.151
  step 1150/1999 best 14.188
  step 1200/1999 best 14.151
  step 1250/1999 best 14.206
  step 1300/1999 best 14.202
  step 1350/1999 best 14.100
  step 1400/1999 best 14.159
  step 1450/1999 best 14.149
  step 1500/1999 best 14.076
  step 1550/1999 best 14.211
  step 1600/1999 best 14.186
  step 1650/1999 best 14.243
  step 1700/1999 best 14.276
  step 1750/1999 best 14.203
  step 1800/1999 best 14.234
  step 1850/1999 best 14.297
  step 1900/1999 best 14.210
  step 1950/1999 best 14.163
saved SBC_CHAINS_cnn_vmim__n1_jitter_seed_s0_sim806_row755768_noise872_1051_1230 (240000, 4) acc=0.463
  step 0/1999 best -10.241
  step 50/1999 best 12.449
  step 100/1999 best 11.165
  step 150/1999 best 13.227
  step 200/1999 best 13.405
  step 250/1999 best 13.038
  step 300/1999 best 13.343
  step 350/1999 best 13.689
  step 400/1999 best 13.639
  step 450/1999 best 13.593
  step 500/1999 best 13.341
  step 550/1999 best 13.578
  step 600/1999 best 13.779
  step 650/1999 best 13.616
  step 700/1999 best 13.769
  step 750/1999 best 13.623
  step 800/1999 best 13.489
  step 850/1999 best 13.670
  step 900/1999 best 13.592
  step 950/1999 best 13.564
  step 1000/1999 best 13.647
  step 1050/1999 best 13.666
  step 1100/1999 best 13.614
  step 1150/1999 best 13.610
  step 1200/1999 best 13.603
  step 1250/1999 best 13.736
  step 1300/1999 best 13.638
  step 1350/1999 best 13.663
  step 1400/1999 best 13.661
  step 1450/1999 best 13.611
  step 1500/1999 best 13.562
  step 1550/1999 best 13.619
  step 1600/1999 best 13.769
  step 1650/1999 best 13.615
  step 1700/1999 best 13.673
  step 1750/1999 best 13.653
  step 1800/1999 best 13.669
  step 1850/1999 best 13.768
  step 1900/1999 best 13.734
  step 1950/1999 best 13.732
saved SBC_CHAINS_cnn_vmim__n1_jitter_seed_s0_sim1504_row1281897_noise1213_1392_1571 (240000, 4) acc=0.163
  step 0/1999 best -24.125
  step 50/1999 best 3.533
  step 100/1999 best 11.953
  step 150/1999 best 12.820
  step 200/1999 best 13.053
  step 250/1999 best 13.040
  step 300/1999 best 13.016
  step 350/1999 best 12.958
  step 400/1999 best 12.942
  step 450/1999 best 13.030
  step 500/1999 best 13.018
  step 550/1999 best 12.990
  step 600/1999 best 13.015
  step 650/1999 best 13.070
  step 700/1999 best 12.788
  step 750/1999 best 13.132
  step 800/1999 best 13.015
  step 850/1999 best 13.080
  step 900/1999 best 13.025
  step 950/1999 best 12.986
  step 1000/1999 best 12.954
  step 1050/1999 best 12.939
  step 1100/1999 best 12.995
  step 1150/1999 best 13.003
  step 1200/1999 best 13.077
  step 1250/1999 best 13.082
  step 1300/1999 best 13.032
  step 1350/1999 best 13.088
  step 1400/1999 best 13.081
  step 1450/1999 best 13.085
  step 1500/1999 best 13.128
  step 1550/1999 best 13.056
  step 1600/1999 best 13.049
  step 1650/1999 best 12.918
  step 1700/1999 best 12.866
  step 1750/1999 best 13.020
  step 1800/1999 best 13.138
  step 1850/1999 best 13.024
  step 1900/1999 best 12.978
  step 1950/1999 best 12.968
saved SBC_CHAINS_cnn_vmim__n1_jitter_seed_s0_sim1969_row1580409_noise3809_3988_4167 (240000, 4) acc=0.368
  step 0/1999 best -17.784
  step 50/1999 best 6.514
  step 100/1999 best 8.117
  step 150/1999 best 10.344
  step 200/1999 best 12.583
  step 250/1999 best 12.609
  step 300/1999 best 12.539
  step 350/1999 best 12.648
  step 400/1999 best 12.415
  step 450/1999 best 12.607
  step 500/1999 best 12.604
  step 550/1999 best 12.661
  step 600/1999 best 12.476
  step 650/1999 best 12.701
  step 700/1999 best 12.594
  step 750/1999 best 12.635
  step 800/1999 best 12.698
  step 850/1999 best 12.575
  step 900/1999 best 12.711
  step 950/1999 best 12.689
  step 1000/1999 best 12.602
  step 1050/1999 best 12.685
  step 1100/1999 best 12.666
  step 1150/1999 best 12.710
  step 1200/1999 best 12.729
  step 1250/1999 best 12.558
  step 1300/1999 best 12.590
  step 1350/1999 best 12.677
  step 1400/1999 best 12.646
  step 1450/1999 best 12.632
  step 1500/1999 best 12.621
  step 1550/1999 best 12.623
  step 1600/1999 best 12.586
  step 1650/1999 best 12.572
  step 1700/1999 best 12.556
  step 1750/1999 best 12.535
  step 1800/1999 best 12.634
  step 1850/1999 best 12.653
  step 1900/1999 best 12.699
  step 1950/1999 best 12.647
saved SBC_CHAINS_cnn_vmim__n1_jitter_seed_s0_sim2517_row2116563_noise1595_1774_1953 (240000, 4) acc=0.369
  step 0/1999 best -28.174
  step 50/1999 best 5.628
  step 100/1999 best 12.811
  step 150/1999 best 13.828
  step 200/1999 best 13.712
  step 250/1999 best 14.073
  step 300/1999 best 14.132
  step 350/1999 best 13.832
  step 400/1999 best 14.091
  step 450/1999 best 14.008
  step 500/1999 best 14.056
  step 550/1999 best 14.052
  step 600/1999 best 14.091
  step 650/1999 best 14.058
  step 700/1999 best 14.125
  step 750/1999 best 14.073
  step 800/1999 best 14.159
  step 850/1999 best 14.037
  step 900/1999 best 14.104
  step 950/1999 best 14.056
  step 1000/1999 best 14.105
  step 1050/1999 best 14.142
  step 1100/1999 best 14.083
  step 1150/1999 best 14.144
  step 1200/1999 best 14.098
  step 1250/1999 best 14.063
  step 1300/1999 best 14.058
  step 1350/1999 best 14.075
  step 1400/1999 best 14.124
  step 1450/1999 best 14.160
  step 1500/1999 best 13.987
  step 1550/1999 best 14.103
  step 1600/1999 best 14.026
  step 1650/1999 best 14.050
  step 1700/1999 best 14.070
  step 1750/1999 best 14.060
  step 1800/1999 best 14.124
  step 1850/1999 best 14.028
  step 1900/1999 best 14.156
  step 1950/1999 best 14.097
saved SBC_CHAINS_cnn_vmim__n1_jitter_seed_s0_sim728_row677558_noise1286_1465_1644 (240000, 4) acc=0.451
  step 0/1999 best -22.467
  step 50/1999 best -0.309
  step 100/1999 best 9.466
  step 150/1999 best 12.114
  step 200/1999 best 12.313
  step 250/1999 best 11.215
  step 300/1999 best 12.332
  step 350/1999 best 12.200
  step 400/1999 best 12.493
  step 450/1999 best 12.440
  step 500/1999 best 12.474
  step 550/1999 best 12.440
  step 600/1999 best 12.125
  step 650/1999 best 12.316
  step 700/1999 best 12.231
  step 750/1999 best 12.466
  step 800/1999 best 12.380
  step 850/1999 best 12.350
  step 900/1999 best 12.509
  step 950/1999 best 12.392
  step 1000/1999 best 12.388
  step 1050/1999 best 12.406
  step 1100/1999 best 12.464
  step 1150/1999 best 12.409
  step 1200/1999 best 12.456
  step 1250/1999 best 12.477
  step 1300/1999 best 12.341
  step 1350/1999 best 12.387
  step 1400/1999 best 12.505
  step 1450/1999 best 12.378
  step 1500/1999 best 12.490
  step 1550/1999 best 12.315
  step 1600/1999 best 12.294
  step 1650/1999 best 12.301
  step 1700/1999 best 12.421
  step 1750/1999 best 12.127
  step 1800/1999 best 12.479
  step 1850/1999 best 12.507
  step 1900/1999 best 12.473
  step 1950/1999 best 12.356
saved SBC_CHAINS_cnn_vmim__n1_jitter_seed_s0_sim1538_row1315948_noise5780_5959_6138 (240000, 4) acc=0.166
  step 0/1999 best -22.702
  step 50/1999 best 6.516
  step 100/1999 best 10.953
  step 150/1999 best 14.399
  step 200/1999 best 14.155
  step 250/1999 best 14.743
  step 300/1999 best 14.819
  step 350/1999 best 14.681
  step 400/1999 best 14.711
  step 450/1999 best 14.858
  step 500/1999 best 14.577
  step 550/1999 best 14.762
  step 600/1999 best 14.842
  step 650/1999 best 14.797
  step 700/1999 best 14.701
  step 750/1999 best 14.749
  step 800/1999 best 14.856
  step 850/1999 best 14.643
  step 900/1999 best 14.758
  step 950/1999 best 14.829
  step 1000/1999 best 14.775
  step 1050/1999 best 14.796
  step 1100/1999 best 14.858
  step 1150/1999 best 14.703
  step 1200/1999 best 14.736
  step 1250/1999 best 14.800
  step 1300/1999 best 14.833
  step 1350/1999 best 14.776
  step 1400/1999 best 14.821
  step 1450/1999 best 14.849
  step 1500/1999 best 14.821
  step 1550/1999 best 14.752
  step 1600/1999 best 14.845
  step 1650/1999 best 14.851
  step 1700/1999 best 14.745
  step 1750/1999 best 14.834
  step 1800/1999 best 14.855
  step 1850/1999 best 14.687
  step 1900/1999 best 14.793
  step 1950/1999 best 14.768
saved SBC_CHAINS_cnn_vmim__n1_jitter_seed_s0_sim2001_row1612781_noise6697_6876_7055 (240000, 4) acc=0.303
  step 0/1999 best -17.136
  step 50/1999 best 2.585
  step 100/1999 best 9.003
  step 150/1999 best 14.615
  step 200/1999 best 15.170
  step 250/1999 best 15.062
  step 300/1999 best 15.083
  step 350/1999 best 15.415
  step 400/1999 best 15.298
  step 450/1999 best 15.274
  step 500/1999 best 15.472
  step 550/1999 best 15.213
  step 600/1999 best 15.175
  step 650/1999 best 15.279
  step 700/1999 best 15.353
  step 750/1999 best 15.324
  step 800/1999 best 15.345
  step 850/1999 best 15.362
  step 900/1999 best 15.514
  step 950/1999 best 15.276
  step 1000/1999 best 15.505
  step 1050/1999 best 15.418
  step 1100/1999 best 15.414
  step 1150/1999 best 15.376
  step 1200/1999 best 15.466
  step 1250/1999 best 15.368
  step 1300/1999 best 15.506
  step 1350/1999 best 15.363
  step 1400/1999 best 15.332
  step 1450/1999 best 15.378
  step 1500/1999 best 15.478
  step 1550/1999 best 15.377
  step 1600/1999 best 15.406
  step 1650/1999 best 15.475
  step 1700/1999 best 15.182
  step 1750/1999 best 15.396
  step 1800/1999 best 15.289
  step 1850/1999 best 15.294
  step 1900/1999 best 15.518
  step 1950/1999 best 15.499
saved SBC_CHAINS_cnn_vmim__n1_jitter_seed_s0_sim255_row241316_noise9616_9795_146 (240000, 4) acc=0.208
  step 0/1999 best -24.462
  step 50/1999 best 5.595
  step 100/1999 best 13.265
  step 150/1999 best 13.317
  step 200/1999 best 14.081
  step 250/1999 best 14.196
  step 300/1999 best 14.152
  step 350/1999 best 13.951
  step 400/1999 best 14.079
  step 450/1999 best 14.148
  step 500/1999 best 14.100
  step 550/1999 best 14.116
  step 600/1999 best 14.241
  step 650/1999 best 13.986
  step 700/1999 best 14.224
  step 750/1999 best 14.190
  step 800/1999 best 14.250
  step 850/1999 best 14.258
  step 900/1999 best 14.190
  step 950/1999 best 14.160
  step 1000/1999 best 14.228
  step 1050/1999 best 14.208
  step 1100/1999 best 14.156
  step 1150/1999 best 14.224
  step 1200/1999 best 14.278
  step 1250/1999 best 14.264
  step 1300/1999 best 14.174
  step 1350/1999 best 14.178
  step 1400/1999 best 14.181
  step 1450/1999 best 14.209
  step 1500/1999 best 14.171
  step 1550/1999 best 14.223
  step 1600/1999 best 14.133
  step 1650/1999 best 14.279
  step 1700/1999 best 14.279
  step 1750/1999 best 14.097
  step 1800/1999 best 14.091
  step 1850/1999 best 14.182
  step 1900/1999 best 14.259
  step 1950/1999 best 14.166
saved SBC_CHAINS_cnn_vmim__n1_jitter_seed_s0_sim1970_row1581205_noise4605_4784_4963 (240000, 4) acc=0.280
  step 0/1999 best -16.558
  step 50/1999 best 3.114
  step 100/1999 best 11.167
  step 150/1999 best 12.169
  step 200/1999 best 12.030
  step 250/1999 best 12.155
  step 300/1999 best 12.313
  step 350/1999 best 12.311
  step 400/1999 best 12.274
  step 450/1999 best 12.322
  step 500/1999 best 12.333
  step 550/1999 best 12.313
  step 600/1999 best 12.163
  step 650/1999 best 12.312
  step 700/1999 best 12.287
  step 750/1999 best 12.261
  step 800/1999 best 12.282
  step 850/1999 best 12.295
  step 900/1999 best 12.302
  step 950/1999 best 12.215
  step 1000/1999 best 12.256
  step 1050/1999 best 12.157
  step 1100/1999 best 12.224
  step 1150/1999 best 12.280
  step 1200/1999 best 12.297
  step 1250/1999 best 12.280
  step 1300/1999 best 12.308
  step 1350/1999 best 12.154
  step 1400/1999 best 12.231
  step 1450/1999 best 12.281
  step 1500/1999 best 12.137
  step 1550/1999 best 12.347
  step 1600/1999 best 12.330
  step 1650/1999 best 12.227
  step 1700/1999 best 12.273
  step 1750/1999 best 12.290
  step 1800/1999 best 12.286
  step 1850/1999 best 12.279
  step 1900/1999 best 12.206
  step 1950/1999 best 12.254
saved SBC_CHAINS_cnn_vmim__n1_jitter_seed_s0_sim901_row850955_noise7607_7786_7965 (240000, 4) acc=0.380
  step 0/1999 best -24.327
  step 50/1999 best 3.215
  step 100/1999 best 6.469
  step 150/1999 best 15.370
  step 200/1999 best 15.346
  step 250/1999 best 15.694
  step 300/1999 best 15.966
  step 350/1999 best 16.015
  step 400/1999 best 15.893
  step 450/1999 best 15.870
  step 500/1999 best 15.933
  step 550/1999 best 16.019
  step 600/1999 best 16.041
  step 650/1999 best 16.084
  step 700/1999 best 16.025
  step 750/1999 best 16.028
  step 800/1999 best 16.070
  step 850/1999 best 16.073
  step 900/1999 best 16.085
  step 950/1999 best 15.786
  step 1000/1999 best 16.087
  step 1050/1999 best 15.891
  step 1100/1999 best 16.062
  step 1150/1999 best 16.138
  step 1200/1999 best 16.052
  step 1250/1999 best 16.087
  step 1300/1999 best 16.054
  step 1350/1999 best 15.928
  step 1400/1999 best 16.019
  step 1450/1999 best 16.025
  step 1500/1999 best 15.950
  step 1550/1999 best 15.983
  step 1600/1999 best 16.090
  step 1650/1999 best 16.054
  step 1700/1999 best 15.830
  step 1750/1999 best 16.053
  step 1800/1999 best 16.100
  step 1850/1999 best 16.096
  step 1900/1999 best 16.001
  step 1950/1999 best 15.993
saved SBC_CHAINS_cnn_vmim__n1_jitter_seed_s0_sim188_row179232_noise1500_1679_1858 (240000, 4) acc=0.227
  step 0/1999 best -16.070
  step 50/1999 best 0.422
  step 100/1999 best 8.636
  step 150/1999 best 12.938
  step 200/1999 best 13.131
  step 250/1999 best 12.943
  step 300/1999 best 13.057
  step 350/1999 best 12.958
  step 400/1999 best 13.105
  step 450/1999 best 12.993
  step 500/1999 best 13.174
  step 550/1999 best 13.102
  step 600/1999 best 12.979
  step 650/1999 best 13.113
  step 700/1999 best 13.172
  step 750/1999 best 13.030
  step 800/1999 best 13.085
  step 850/1999 best 13.104
  step 900/1999 best 12.991
  step 950/1999 best 13.143
  step 1000/1999 best 12.938
  step 1050/1999 best 13.130
  step 1100/1999 best 13.006
  step 1150/1999 best 13.138
  step 1200/1999 best 13.155
  step 1250/1999 best 13.118
  step 1300/1999 best 13.148
  step 1350/1999 best 13.107
  step 1400/1999 best 13.119
  step 1450/1999 best 13.097
  step 1500/1999 best 13.109
  step 1550/1999 best 13.129
  step 1600/1999 best 13.145
  step 1650/1999 best 13.083
  step 1700/1999 best 13.122
  step 1750/1999 best 13.068
  step 1800/1999 best 13.050
  step 1850/1999 best 13.140
  step 1900/1999 best 12.958
  step 1950/1999 best 13.161
saved SBC_CHAINS_cnn_vmim__n1_jitter_seed_s0_sim1963_row1574343_noise7571_7750_7929 (240000, 4) acc=0.309
  step 0/1999 best -18.684
  step 50/1999 best 9.603
  step 100/1999 best 10.954
  step 150/1999 best 12.076
  step 200/1999 best 11.787
  step 250/1999 best 12.169
  step 300/1999 best 11.949
  step 350/1999 best 12.216
  step 400/1999 best 12.191
  step 450/1999 best 12.221
  step 500/1999 best 11.857
  step 550/1999 best 12.060
  step 600/1999 best 12.154
  step 650/1999 best 12.033
  step 700/1999 best 12.191
  step 750/1999 best 12.228
  step 800/1999 best 12.076
  step 850/1999 best 12.198
  step 900/1999 best 12.043
  step 950/1999 best 12.063
  step 1000/1999 best 12.143
  step 1050/1999 best 12.140
  step 1100/1999 best 12.131
  step 1150/1999 best 12.084
  step 1200/1999 best 12.032
  step 1250/1999 best 12.122
  step 1300/1999 best 12.054
  step 1350/1999 best 12.137
  step 1400/1999 best 12.225
  step 1450/1999 best 12.201
  step 1500/1999 best 12.232
  step 1550/1999 best 12.051
  step 1600/1999 best 12.136
  step 1650/1999 best 12.187
  step 1700/1999 best 12.156
  step 1750/1999 best 12.202
  step 1800/1999 best 12.091
  step 1850/1999 best 12.044
  step 1900/1999 best 12.217
  step 1950/1999 best 12.201
saved SBC_CHAINS_cnn_vmim__n1_jitter_seed_s0_sim2396_row1995206_noise8002_8181_8360 (240000, 4) acc=0.271
  step 0/1999 best -9.165
  step 50/1999 best -2.301
  step 100/1999 best 4.314
  step 150/1999 best 12.824
  step 200/1999 best 14.743
  step 250/1999 best 14.652
  step 300/1999 best 15.128
  step 350/1999 best 15.248
  step 400/1999 best 15.381
  step 450/1999 best 15.215
  step 500/1999 best 15.564
  step 550/1999 best 15.531
  step 600/1999 best 15.486
  step 650/1999 best 15.298
  step 700/1999 best 15.539
  step 750/1999 best 15.372
  step 800/1999 best 15.552
  step 850/1999 best 15.402
  step 900/1999 best 15.436
  step 950/1999 best 15.446
  step 1000/1999 best 15.475
  step 1050/1999 best 15.402
  step 1100/1999 best 15.477
  step 1150/1999 best 15.433
  step 1200/1999 best 15.397
  step 1250/1999 best 15.514
  step 1300/1999 best 15.523
  step 1350/1999 best 15.424
  step 1400/1999 best 15.376
  step 1450/1999 best 15.248
  step 1500/1999 best 15.427
  step 1550/1999 best 15.452
  step 1600/1999 best 15.565
  step 1650/1999 best 15.465
  step 1700/1999 best 15.482
  step 1750/1999 best 15.484
  step 1800/1999 best 15.493
  step 1850/1999 best 15.467
  step 1900/1999 best 15.487
  step 1950/1999 best 15.467
saved SBC_CHAINS_cnn_vmim__n1_jitter_seed_s0_sim1192_row1010293_noise3105_3284_3463 (240000, 4) acc=0.259
  step 0/1999 best -12.912
  step 50/1999 best 5.202
  step 100/1999 best 7.283
  step 150/1999 best 10.621
  step 200/1999 best 11.065
  step 250/1999 best 11.519
  step 300/1999 best 11.466
  step 350/1999 best 11.528
  step 400/1999 best 11.538
  step 450/1999 best 11.431
  step 500/1999 best 11.561
  step 550/1999 best 11.509
  step 600/1999 best 11.396
  step 650/1999 best 11.533
  step 700/1999 best 11.528
  step 750/1999 best 11.554
  step 800/1999 best 11.542
  step 850/1999 best 11.426
  step 900/1999 best 11.543
  step 950/1999 best 11.597
  step 1000/1999 best 11.486
  step 1050/1999 best 11.594
  step 1100/1999 best 11.490
  step 1150/1999 best 11.581
  step 1200/1999 best 11.500
  step 1250/1999 best 11.590
  step 1300/1999 best 11.447
  step 1350/1999 best 11.477
  step 1400/1999 best 11.513
  step 1450/1999 best 11.519
  step 1500/1999 best 11.491
  step 1550/1999 best 11.424
  step 1600/1999 best 11.562
  step 1650/1999 best 11.589
  step 1700/1999 best 11.533
  step 1750/1999 best 11.521
  step 1800/1999 best 11.568
  step 1850/1999 best 11.484
  step 1900/1999 best 11.494
  step 1950/1999 best 11.563
saved SBC_CHAINS_cnn_vmim__n1_jitter_seed_s0_sim2601_row2200814_noise7222_7401_7580 (240000, 4) acc=0.323
  step 0/1999 best -25.036
  step 50/1999 best -2.369
  step 100/1999 best 5.217
  step 150/1999 best 8.210
  step 200/1999 best 11.377
  step 250/1999 best 14.547
  step 300/1999 best 14.023
  step 350/1999 best 15.412
  step 400/1999 best 16.030
  step 450/1999 best 15.873
  step 500/1999 best 16.500
  step 550/1999 best 16.663
  step 600/1999 best 16.531
  step 650/1999 best 16.499
  step 700/1999 best 16.500
  step 750/1999 best 16.359
  step 800/1999 best 16.571
  step 850/1999 best 16.592
  step 900/1999 best 16.445
  step 950/1999 best 16.537
  step 1000/1999 best 16.595
  step 1050/1999 best 16.520
  step 1100/1999 best 16.624
  step 1150/1999 best 16.490
  step 1200/1999 best 16.588
  step 1250/1999 best 16.448
  step 1300/1999 best 16.619
  step 1350/1999 best 16.547
  step 1400/1999 best 16.574
  step 1450/1999 best 16.595
  step 1500/1999 best 16.479
  step 1550/1999 best 16.542
  step 1600/1999 best 16.520
  step 1650/1999 best 16.563
  step 1700/1999 best 16.437
  step 1750/1999 best 16.475
  step 1800/1999 best 16.646
  step 1850/1999 best 16.587
  step 1900/1999 best 16.546
  step 1950/1999 best 16.662
saved SBC_CHAINS_cnn_vmim__n1_jitter_seed_s0_sim190_row181809_noise4077_4256_4435 (240000, 4) acc=0.225
  step 0/1999 best -18.849
  step 50/1999 best 3.398
  step 100/1999 best 10.480
  step 150/1999 best 9.566
  step 200/1999 best 9.795
  step 250/1999 best 11.768
  step 300/1999 best 11.685
  step 350/1999 best 11.694
  step 400/1999 best 11.871
  step 450/1999 best 11.878
  step 500/1999 best 11.874
  step 550/1999 best 11.987
  step 600/1999 best 11.884
  step 650/1999 best 11.828
  step 700/1999 best 11.810
  step 750/1999 best 11.943
  step 800/1999 best 11.543
  step 850/1999 best 11.941
  step 900/1999 best 11.949
  step 950/1999 best 11.872
  step 1000/1999 best 11.996
  step 1050/1999 best 11.812
  step 1100/1999 best 11.981
  step 1150/1999 best 12.019
  step 1200/1999 best 11.826
  step 1250/1999 best 11.898
  step 1300/1999 best 11.938
  step 1350/1999 best 11.973
  step 1400/1999 best 11.955
  step 1450/1999 best 11.958
  step 1500/1999 best 11.934
  step 1550/1999 best 11.926
  step 1600/1999 best 11.994
  step 1650/1999 best 11.892
  step 1700/1999 best 11.965
  step 1750/1999 best 11.996
  step 1800/1999 best 11.708
  step 1850/1999 best 11.813
  step 1900/1999 best 11.837
  step 1950/1999 best 11.820
saved SBC_CHAINS_cnn_vmim__n1_jitter_seed_s0_sim2084_row1694304_noise768_947_1126 (240000, 4) acc=0.173
  step 0/1999 best -21.236
  step 50/1999 best -0.546
  step 100/1999 best 9.998
  step 150/1999 best 13.574
  step 200/1999 best 13.559
  step 250/1999 best 13.825
  step 300/1999 best 14.002
  step 350/1999 best 13.779
  step 400/1999 best 13.916
  step 450/1999 best 13.803
  step 500/1999 best 13.958
  step 550/1999 best 13.963
  step 600/1999 best 13.731
  step 650/1999 best 13.837
  step 700/1999 best 13.947
  step 750/1999 best 13.778
  step 800/1999 best 13.888
  step 850/1999 best 13.956
  step 900/1999 best 13.938
  step 950/1999 best 13.935
  step 1000/1999 best 13.932
  step 1050/1999 best 13.766
  step 1100/1999 best 13.995
  step 1150/1999 best 13.950
  step 1200/1999 best 13.939
  step 1250/1999 best 13.829
  step 1300/1999 best 14.020
  step 1350/1999 best 13.953
  step 1400/1999 best 13.894
  step 1450/1999 best 13.854
  step 1500/1999 best 13.966
  step 1550/1999 best 14.002
  step 1600/1999 best 13.912
  step 1650/1999 best 13.947
  step 1700/1999 best 13.925
  step 1750/1999 best 13.982
  step 1800/1999 best 13.926
  step 1850/1999 best 13.859
  step 1900/1999 best 13.814
  step 1950/1999 best 14.017
saved SBC_CHAINS_cnn_vmim__n1_jitter_seed_s0_sim1227_row1045915_noise9243_9422_9601 (240000, 4) acc=0.307
  step 0/1999 best -19.276
  step 50/1999 best -3.143
  step 100/1999 best 10.161
  step 150/1999 best 10.689
  step 200/1999 best 10.953
  step 250/1999 best 10.962
  step 300/1999 best 11.014
  step 350/1999 best 11.003
  step 400/1999 best 10.991
  step 450/1999 best 11.038
  step 500/1999 best 11.013
  step 550/1999 best 11.046
  step 600/1999 best 11.077
  step 650/1999 best 10.795
  step 700/1999 best 11.039
  step 750/1999 best 11.028
  step 800/1999 best 11.029
  step 850/1999 best 10.923
  step 900/1999 best 11.020
  step 950/1999 best 10.998
  step 1000/1999 best 10.906
  step 1050/1999 best 10.954
  step 1100/1999 best 11.060
  step 1150/1999 best 10.994
  step 1200/1999 best 11.053
  step 1250/1999 best 10.993
  step 1300/1999 best 11.076
  step 1350/1999 best 11.083
  step 1400/1999 best 10.954
  step 1450/1999 best 10.977
  step 1500/1999 best 11.036
  step 1550/1999 best 10.888
  step 1600/1999 best 10.992
  step 1650/1999 best 11.081
  step 1700/1999 best 10.969
  step 1750/1999 best 10.791
  step 1800/1999 best 11.036
  step 1850/1999 best 10.916
  step 1900/1999 best 11.049
  step 1950/1999 best 11.044
saved SBC_CHAINS_cnn_vmim__n1_jitter_seed_s0_sim3056_row2651509_noise1_180_359 (240000, 4) acc=0.405
  step 0/1999 best -18.675
  step 50/1999 best -0.297
  step 100/1999 best 5.156
  step 150/1999 best 8.546
  step 200/1999 best 9.557
  step 250/1999 best 11.929
  step 300/1999 best 11.535
  step 350/1999 best 11.804
  step 400/1999 best 11.463
  step 450/1999 best 11.630
  step 500/1999 best 11.950
  step 550/1999 best 11.970
  step 600/1999 best 11.827
  step 650/1999 best 11.768
  step 700/1999 best 11.684
  step 750/1999 best 12.064
  step 800/1999 best 11.980
  step 850/1999 best 12.064
  step 900/1999 best 11.898
  step 950/1999 best 11.973
  step 1000/1999 best 12.045
  step 1050/1999 best 11.583
  step 1100/1999 best 12.048
  step 1150/1999 best 12.043
  step 1200/1999 best 11.994
  step 1250/1999 best 11.920
  step 1300/1999 best 12.093
  step 1350/1999 best 12.126
  step 1400/1999 best 11.887
  step 1450/1999 best 12.009
  step 1500/1999 best 12.099
  step 1550/1999 best 12.020
  step 1600/1999 best 12.134
  step 1650/1999 best 11.912
  step 1700/1999 best 12.069
  step 1750/1999 best 12.034
  step 1800/1999 best 12.074
  step 1850/1999 best 12.081
  step 1900/1999 best 12.105
  step 1950/1999 best 11.901
saved SBC_CHAINS_cnn_vmim__n1_jitter_seed_s0_sim409_row387026_noise6078_6257_6436 (240000, 4) acc=0.171
  step 0/1999 best -18.288
  step 50/1999 best 1.809
  step 100/1999 best 12.811
  step 150/1999 best 13.106
  step 200/1999 best 13.243
  step 250/1999 best 13.149
  step 300/1999 best 13.166
  step 350/1999 best 13.200
  step 400/1999 best 12.975
  step 450/1999 best 13.218
  step 500/1999 best 13.132
  step 550/1999 best 13.150
  step 600/1999 best 13.095
  step 650/1999 best 13.157
  step 700/1999 best 13.200
  step 750/1999 best 13.241
  step 800/1999 best 13.260
  step 850/1999 best 13.111
  step 900/1999 best 13.200
  step 950/1999 best 13.175
  step 1000/1999 best 13.240
  step 1050/1999 best 13.193
  step 1100/1999 best 13.277
  step 1150/1999 best 13.072
  step 1200/1999 best 13.157
  step 1250/1999 best 13.159
  step 1300/1999 best 13.157
  step 1350/1999 best 13.230
  step 1400/1999 best 13.226
  step 1450/1999 best 13.199
  step 1500/1999 best 13.248
  step 1550/1999 best 13.200
  step 1600/1999 best 13.144
  step 1650/1999 best 13.253
  step 1700/1999 best 13.229
  step 1750/1999 best 13.156
  step 1800/1999 best 13.137
  step 1850/1999 best 13.152
  step 1900/1999 best 13.089
  step 1950/1999 best 13.171
saved SBC_CHAINS_cnn_vmim__n1_jitter_seed_s0_sim1773_row1525085_noise4045_4224_4403 (240000, 4) acc=0.390
  step 0/1999 best -15.977
  step 50/1999 best 10.744
  step 100/1999 best 10.004
  step 150/1999 best 10.327
  step 200/1999 best 10.776
  step 250/1999 best 11.641
  step 300/1999 best 11.647
  step 350/1999 best 11.455
  step 400/1999 best 11.477
  step 450/1999 best 11.392
  step 500/1999 best 11.584
  step 550/1999 best 11.492
  step 600/1999 best 11.529
  step 650/1999 best 11.543
  step 700/1999 best 11.559
  step 750/1999 best 11.615
  step 800/1999 best 11.623
  step 850/1999 best 11.521
  step 900/1999 best 11.469
  step 950/1999 best 11.673
  step 1000/1999 best 11.508
  step 1050/1999 best 11.591
  step 1100/1999 best 11.635
  step 1150/1999 best 11.630
  step 1200/1999 best 11.625
  step 1250/1999 best 11.620
  step 1300/1999 best 11.642
  step 1350/1999 best 11.648
  step 1400/1999 best 11.589
  step 1450/1999 best 11.667
  step 1500/1999 best 11.603
  step 1550/1999 best 11.551
  step 1600/1999 best 11.650
  step 1650/1999 best 11.692
  step 1700/1999 best 11.665
  step 1750/1999 best 11.523
  step 1800/1999 best 11.581
  step 1850/1999 best 11.405
  step 1900/1999 best 11.697
  step 1950/1999 best 11.572
saved SBC_CHAINS_cnn_vmim__n1_jitter_seed_s0_sim217_row203866_noise1650_1829_2008 (240000, 4) acc=0.236
  step 0/1999 best -11.238
  step 50/1999 best 11.581
  step 100/1999 best 13.600
  step 150/1999 best 14.791
  step 200/1999 best 14.709
  step 250/1999 best 14.649
  step 300/1999 best 14.700
  step 350/1999 best 14.660
  step 400/1999 best 14.780
  step 450/1999 best 14.550
  step 500/1999 best 14.781
  step 550/1999 best 14.809
  step 600/1999 best 14.768
  step 650/1999 best 14.759
  step 700/1999 best 14.731
  step 750/1999 best 14.742
  step 800/1999 best 14.773
  step 850/1999 best 14.626
  step 900/1999 best 14.700
  step 950/1999 best 14.666
  step 1000/1999 best 14.718
  step 1050/1999 best 14.726
  step 1100/1999 best 14.703
  step 1150/1999 best 14.744
  step 1200/1999 best 14.812
  step 1250/1999 best 14.750
  step 1300/1999 best 14.814
  step 1350/1999 best 14.682
  step 1400/1999 best 14.604
  step 1450/1999 best 14.663
  step 1500/1999 best 14.784
  step 1550/1999 best 14.809
  step 1600/1999 best 14.736
  step 1650/1999 best 14.769
  step 1700/1999 best 14.792
  step 1750/1999 best 14.798
  step 1800/1999 best 14.741
  step 1850/1999 best 14.678
  step 1900/1999 best 14.750
  step 1950/1999 best 14.790
saved SBC_CHAINS_cnn_vmim__n1_jitter_seed_s0_sim1425_row1207790_noise730_909_1088 (240000, 4) acc=0.270
  step 0/1999 best -13.364
  step 50/1999 best 9.934
  step 100/1999 best 9.929
  step 150/1999 best 12.143
  step 200/1999 best 14.609
  step 250/1999 best 15.634
  step 300/1999 best 16.030
  step 350/1999 best 15.895
  step 400/1999 best 16.102
  step 450/1999 best 15.841
  step 500/1999 best 15.968
  step 550/1999 best 15.955
  step 600/1999 best 15.835
  step 650/1999 best 16.046
  step 700/1999 best 15.944
  step 750/1999 best 15.989
  step 800/1999 best 15.812
  step 850/1999 best 16.097
  step 900/1999 best 15.983
  step 950/1999 best 16.083
  step 1000/1999 best 15.976
  step 1050/1999 best 16.032
  step 1100/1999 best 15.998
  step 1150/1999 best 15.964
  step 1200/1999 best 15.997
  step 1250/1999 best 16.022
  step 1300/1999 best 16.110
  step 1350/1999 best 15.961
  step 1400/1999 best 16.014
  step 1450/1999 best 15.949
  step 1500/1999 best 16.004
  step 1550/1999 best 15.957
  step 1600/1999 best 15.978
  step 1650/1999 best 16.046
  step 1700/1999 best 15.939
  step 1750/1999 best 15.857
  step 1800/1999 best 16.065
  step 1850/1999 best 16.077
  step 1900/1999 best 16.018
  step 1950/1999 best 15.906
saved SBC_CHAINS_cnn_vmim__n1_jitter_seed_s0_sim208_row194887_noise2499_2678_2857 (240000, 4) acc=0.317
  step 0/1999 best -19.968
  step 50/1999 best 1.885
  step 100/1999 best 9.040
  step 150/1999 best 12.385
  step 200/1999 best 12.205
  step 250/1999 best 12.760
  step 300/1999 best 12.728
  step 350/1999 best 12.798
  step 400/1999 best 12.788
  step 450/1999 best 12.785
  step 500/1999 best 12.576
  step 550/1999 best 12.653
  step 600/1999 best 12.817
  step 650/1999 best 12.740
  step 700/1999 best 12.673
  step 750/1999 best 12.825
  step 800/1999 best 12.664
  step 850/1999 best 12.614
  step 900/1999 best 12.660
  step 950/1999 best 12.845
  step 1000/1999 best 12.795
  step 1050/1999 best 12.813
  step 1100/1999 best 12.649
  step 1150/1999 best 12.770
  step 1200/1999 best 12.802
  step 1250/1999 best 12.846
  step 1300/1999 best 12.739
  step 1350/1999 best 12.644
  step 1400/1999 best 12.783
  step 1450/1999 best 12.780
  step 1500/1999 best 12.811
  step 1550/1999 best 12.824
  step 1600/1999 best 12.845
  step 1650/1999 best 12.847
  step 1700/1999 best 12.799
  step 1750/1999 best 12.844
  step 1800/1999 best 12.870
  step 1850/1999 best 12.728
  step 1900/1999 best 12.858
  step 1950/1999 best 12.832
saved SBC_CHAINS_cnn_vmim__n1_jitter_seed_s0_sim2078_row1688781_noise5073_5252_5431 (240000, 4) acc=0.245
  step 0/1999 best -22.558
  step 50/1999 best 5.858
  step 100/1999 best 9.943
  step 150/1999 best 10.558
  step 200/1999 best 10.880
  step 250/1999 best 10.949
  step 300/1999 best 10.922
  step 350/1999 best 10.981
  step 400/1999 best 11.044
  step 450/1999 best 11.059
  step 500/1999 best 11.035
  step 550/1999 best 11.103
  step 600/1999 best 11.010
  step 650/1999 best 11.044
  step 700/1999 best 11.057
  step 750/1999 best 11.056
  step 800/1999 best 11.026
  step 850/1999 best 10.969
  step 900/1999 best 11.026
  step 950/1999 best 11.134
  step 1000/1999 best 11.103
  step 1050/1999 best 11.136
  step 1100/1999 best 11.076
  step 1150/1999 best 11.067
  step 1200/1999 best 11.119
  step 1250/1999 best 11.100
  step 1300/1999 best 11.067
  step 1350/1999 best 11.050
  step 1400/1999 best 11.110
  step 1450/1999 best 11.019
  step 1500/1999 best 11.107
  step 1550/1999 best 11.137
  step 1600/1999 best 11.034
  step 1650/1999 best 11.148
  step 1700/1999 best 10.965
  step 1750/1999 best 11.121
  step 1800/1999 best 11.012
  step 1850/1999 best 10.980
  step 1900/1999 best 11.113
  step 1950/1999 best 11.020
saved SBC_CHAINS_cnn_vmim__n1_jitter_seed_s0_sim985_row934195_noise2395_2574_2753 (240000, 4) acc=0.263
  step 0/1999 best -22.160
  step 50/1999 best 3.509
  step 100/1999 best 12.674
  step 150/1999 best 12.722
  step 200/1999 best 13.040
  step 250/1999 best 13.147
  step 300/1999 best 13.175
  step 350/1999 best 13.028
  step 400/1999 best 13.138
  step 450/1999 best 13.128
  step 500/1999 best 13.094
  step 550/1999 best 13.083
  step 600/1999 best 13.205
  step 650/1999 best 13.189
  step 700/1999 best 13.147
  step 750/1999 best 13.168
  step 800/1999 best 13.094
  step 850/1999 best 13.192
  step 900/1999 best 13.141
  step 950/1999 best 13.197
  step 1000/1999 best 13.130
  step 1050/1999 best 13.154
  step 1100/1999 best 13.068
  step 1150/1999 best 13.116
  step 1200/1999 best 13.063
  step 1250/1999 best 13.107
  step 1300/1999 best 13.146
  step 1350/1999 best 13.148
  step 1400/1999 best 13.072
  step 1450/1999 best 13.207
  step 1500/1999 best 13.121
  step 1550/1999 best 13.131
  step 1600/1999 best 12.990
  step 1650/1999 best 13.216
  step 1700/1999 best 13.050
  step 1750/1999 best 13.161
  step 1800/1999 best 13.130
  step 1850/1999 best 13.121
  step 1900/1999 best 13.137
  step 1950/1999 best 13.129
saved SBC_CHAINS_cnn_vmim__n1_jitter_seed_s0_sim753_row702965_noise7037_7216_7395 (240000, 4) acc=0.439
  step 0/1999 best -15.923
  step 50/1999 best 6.542
  step 100/1999 best 7.984
  step 150/1999 best 11.695
  step 200/1999 best 13.703
  step 250/1999 best 14.191
  step 300/1999 best 14.506
  step 350/1999 best 13.927
  step 400/1999 best 14.460
  step 450/1999 best 14.552
  step 500/1999 best 14.593
  step 550/1999 best 14.553
  step 600/1999 best 14.502
  step 650/1999 best 14.377
  step 700/1999 best 14.695
  step 750/1999 best 14.405
  step 800/1999 best 14.663
  step 850/1999 best 14.650
  step 900/1999 best 14.606
  step 950/1999 best 14.531
  step 1000/1999 best 14.610
  step 1050/1999 best 14.510
  step 1100/1999 best 14.670
  step 1150/1999 best 14.633
  step 1200/1999 best 14.569
  step 1250/1999 best 14.680
  step 1300/1999 best 14.555
  step 1350/1999 best 14.680
  step 1400/1999 best 14.537
  step 1450/1999 best 14.587
  step 1500/1999 best 14.619
  step 1550/1999 best 14.534
  step 1600/1999 best 14.458
  step 1650/1999 best 14.663
  step 1700/1999 best 14.659
  step 1750/1999 best 14.601
  step 1800/1999 best 14.538
  step 1850/1999 best 14.582
  step 1900/1999 best 14.537
  step 1950/1999 best 14.441
saved SBC_CHAINS_cnn_vmim__n1_jitter_seed_s0_sim1461_row1243378_noise6834_7013_7192 (240000, 4) acc=0.212
  step 0/1999 best -15.735
  step 50/1999 best 5.829
  step 100/1999 best 10.545
  step 150/1999 best 12.021
  step 200/1999 best 11.889
  step 250/1999 best 11.947
  step 300/1999 best 12.023
  step 350/1999 best 11.942
  step 400/1999 best 11.877
  step 450/1999 best 12.017
  step 500/1999 best 11.999
  step 550/1999 best 11.992
  step 600/1999 best 11.917
  step 650/1999 best 12.027
  step 700/1999 best 12.080
  step 750/1999 best 11.949
  step 800/1999 best 11.974
  step 850/1999 best 11.990
  step 900/1999 best 12.084
  step 950/1999 best 12.050
  step 1000/1999 best 11.998
  step 1050/1999 best 12.019
  step 1100/1999 best 12.040
  step 1150/1999 best 12.043
  step 1200/1999 best 11.875
  step 1250/1999 best 11.917
  step 1300/1999 best 12.033
  step 1350/1999 best 12.056
  step 1400/1999 best 11.988
  step 1450/1999 best 11.950
  step 1500/1999 best 12.037
  step 1550/1999 best 11.880
  step 1600/1999 best 11.984
  step 1650/1999 best 12.027
  step 1700/1999 best 12.016
  step 1750/1999 best 11.915
  step 1800/1999 best 12.020
  step 1850/1999 best 12.050
  step 1900/1999 best 12.019
  step 1950/1999 best 12.005
saved SBC_CHAINS_cnn_vmim__n1_jitter_seed_s0_sim3015_row2610930_noise8562_8741_8920 (240000, 4) acc=0.470
  step 0/1999 best -16.785
  step 50/1999 best -0.209
  step 100/1999 best 7.405
  step 150/1999 best 11.251
  step 200/1999 best 11.404
  step 250/1999 best 11.504
  step 300/1999 best 11.542
  step 350/1999 best 11.452
  step 400/1999 best 11.447
  step 450/1999 best 11.468
  step 500/1999 best 11.458
  step 550/1999 best 11.518
  step 600/1999 best 11.459
  step 650/1999 best 11.502
  step 700/1999 best 11.526
  step 750/1999 best 11.424
  step 800/1999 best 11.482
  step 850/1999 best 11.443
  step 900/1999 best 11.363
  step 950/1999 best 11.444
  step 1000/1999 best 11.546
  step 1050/1999 best 11.404
  step 1100/1999 best 11.387
  step 1150/1999 best 11.527
  step 1200/1999 best 11.326
  step 1250/1999 best 11.452
  step 1300/1999 best 11.445
  step 1350/1999 best 11.471
  step 1400/1999 best 11.470
  step 1450/1999 best 11.483
  step 1500/1999 best 11.547
  step 1550/1999 best 11.543
  step 1600/1999 best 11.532
  step 1650/1999 best 11.525
  step 1700/1999 best 11.524
  step 1750/1999 best 11.554
  step 1800/1999 best 11.530
  step 1850/1999 best 11.508
  step 1900/1999 best 11.505
  step 1950/1999 best 11.536
saved SBC_CHAINS_cnn_vmim__n1_jitter_seed_s0_sim2924_row2519444_noise5528_5707_5886 (240000, 4) acc=0.420
  step 0/1999 best -17.028
  step 50/1999 best 4.349
  step 100/1999 best 12.489
  step 150/1999 best 13.005
  step 200/1999 best 13.095
  step 250/1999 best 13.295
  step 300/1999 best 13.345
  step 350/1999 best 13.403
  step 400/1999 best 13.409
  step 450/1999 best 13.281
  step 500/1999 best 13.478
  step 550/1999 best 13.474
  step 600/1999 best 13.520
  step 650/1999 best 13.365
  step 700/1999 best 13.472
  step 750/1999 best 13.511
  step 800/1999 best 13.472
  step 850/1999 best 13.477
  step 900/1999 best 13.421
  step 950/1999 best 13.402
  step 1000/1999 best 13.467
  step 1050/1999 best 13.456
  step 1100/1999 best 13.450
  step 1150/1999 best 13.485
  step 1200/1999 best 13.418
  step 1250/1999 best 13.506
  step 1300/1999 best 13.472
  step 1350/1999 best 13.509
  step 1400/1999 best 13.442
  step 1450/1999 best 13.423
  step 1500/1999 best 13.492
  step 1550/1999 best 13.335
  step 1600/1999 best 13.401
  step 1650/1999 best 13.294
  step 1700/1999 best 13.438
  step 1750/1999 best 13.506
  step 1800/1999 best 13.474
  step 1850/1999 best 13.409
  step 1900/1999 best 13.461
  step 1950/1999 best 13.545
saved SBC_CHAINS_cnn_vmim__n1_jitter_seed_s0_sim2054_row1664254_noise202_381_560 (240000, 4) acc=0.305
  step 0/1999 best -21.879
  step 50/1999 best 7.207
  step 100/1999 best 8.692
  step 150/1999 best 10.796
  step 200/1999 best 12.980
  step 250/1999 best 13.743
  step 300/1999 best 13.381
  step 350/1999 best 13.592
  step 400/1999 best 13.360
  step 450/1999 best 13.741
  step 500/1999 best 13.535
  step 550/1999 best 13.629
  step 600/1999 best 13.617
  step 650/1999 best 13.669
  step 700/1999 best 13.566
  step 750/1999 best 13.699
  step 800/1999 best 13.532
  step 850/1999 best 13.670
  step 900/1999 best 13.538
  step 950/1999 best 13.756
  step 1000/1999 best 13.687
  step 1050/1999 best 13.469
  step 1100/1999 best 13.745
  step 1150/1999 best 13.769
  step 1200/1999 best 13.640
  step 1250/1999 best 13.773
  step 1300/1999 best 13.747
  step 1350/1999 best 13.337
  step 1400/1999 best 13.793
  step 1450/1999 best 13.699
  step 1500/1999 best 13.718
  step 1550/1999 best 13.836
  step 1600/1999 best 13.588
  step 1650/1999 best 13.758
  step 1700/1999 best 13.781
  step 1750/1999 best 13.708
  step 1800/1999 best 13.822
  step 1850/1999 best 13.642
  step 1900/1999 best 13.647
  step 1950/1999 best 13.670
saved SBC_CHAINS_cnn_vmim__n1_jitter_seed_s0_sim422_row400226_noise9450_9629_9808 (240000, 4) acc=0.216
  step 0/1999 best -15.165
  step 50/1999 best 1.637
  step 100/1999 best 13.471
  step 150/1999 best 14.161
  step 200/1999 best 14.758
  step 250/1999 best 14.863
  step 300/1999 best 14.635
  step 350/1999 best 15.054
  step 400/1999 best 14.862
  step 450/1999 best 14.962
  step 500/1999 best 14.818
  step 550/1999 best 14.952
  step 600/1999 best 15.008
  step 650/1999 best 14.981
  step 700/1999 best 14.883
  step 750/1999 best 14.864
  step 800/1999 best 14.893
  step 850/1999 best 15.021
  step 900/1999 best 14.907
  step 950/1999 best 15.033
  step 1000/1999 best 14.994
  step 1050/1999 best 14.920
  step 1100/1999 best 14.945
  step 1150/1999 best 14.785
  step 1200/1999 best 14.987
  step 1250/1999 best 14.952
  step 1300/1999 best 14.903
  step 1350/1999 best 14.962
  step 1400/1999 best 14.858
  step 1450/1999 best 14.903
  step 1500/1999 best 14.910
  step 1550/1999 best 14.977
  step 1600/1999 best 14.994
  step 1650/1999 best 15.011
  step 1700/1999 best 14.975
  step 1750/1999 best 15.001
  step 1800/1999 best 14.904
  step 1850/1999 best 14.834
  step 1900/1999 best 14.840
  step 1950/1999 best 14.974
saved SBC_CHAINS_cnn_vmim__n1_jitter_seed_s0_sim1262_row1080432_noise4448_4627_4806 (240000, 4) acc=0.218
  step 0/1999 best -7.529
  step 50/1999 best 0.366
  step 100/1999 best 9.986
  step 150/1999 best 9.823
  step 200/1999 best 13.878
  step 250/1999 best 15.132
  step 300/1999 best 15.578
  step 350/1999 best 15.741
  step 400/1999 best 15.737
  step 450/1999 best 15.710
  step 500/1999 best 15.765
  step 550/1999 best 15.660
  step 600/1999 best 15.826
  step 650/1999 best 15.956
  step 700/1999 best 15.659
  step 750/1999 best 15.894
  step 800/1999 best 15.623
  step 850/1999 best 15.641
  step 900/1999 best 15.875
  step 950/1999 best 15.992
  step 1000/1999 best 15.910
  step 1050/1999 best 15.833
  step 1100/1999 best 15.867
  step 1150/1999 best 15.626
  step 1200/1999 best 15.937
  step 1250/1999 best 15.741
  step 1300/1999 best 15.861
  step 1350/1999 best 15.742
  step 1400/1999 best 15.791
  step 1450/1999 best 15.784
  step 1500/1999 best 15.867
  step 1550/1999 best 15.888
  step 1600/1999 best 15.821
  step 1650/1999 best 15.862
  step 1700/1999 best 15.931
  step 1750/1999 best 16.002
  step 1800/1999 best 15.818
  step 1850/1999 best 15.846
  step 1900/1999 best 15.868
  step 1950/1999 best 15.980
saved SBC_CHAINS_cnn_vmim__n1_jitter_seed_s0_sim352_row338794_noise8814_8993_9172 (240000, 4) acc=0.232
  step 0/1999 best -20.139
  step 50/1999 best -8.155
  step 100/1999 best -6.242
  step 150/1999 best 9.639
  step 200/1999 best 9.150
  step 250/1999 best 8.732
  step 300/1999 best 10.339
  step 350/1999 best 10.238
  step 400/1999 best 10.331
  step 450/1999 best 10.336
  step 500/1999 best 9.477
  step 550/1999 best 10.366
  step 600/1999 best 10.348
  step 650/1999 best 10.269
  step 700/1999 best 10.387
  step 750/1999 best 10.443
  step 800/1999 best 10.253
  step 850/1999 best 10.500
  step 900/1999 best 10.153
  step 950/1999 best 10.446
  step 1000/1999 best 10.455
  step 1050/1999 best 10.247
  step 1100/1999 best 10.165
  step 1150/1999 best 10.055
  step 1200/1999 best 10.254
  step 1250/1999 best 10.282
  step 1300/1999 best 10.481
  step 1350/1999 best 10.315
  step 1400/1999 best 10.432
  step 1450/1999 best 10.266
  step 1500/1999 best 10.286
  step 1550/1999 best 10.245
  step 1600/1999 best 10.401
  step 1650/1999 best 10.309
  step 1700/1999 best 10.380
  step 1750/1999 best 10.189
  step 1800/1999 best 10.119
  step 1850/1999 best 10.387
  step 1900/1999 best 10.340
  step 1950/1999 best 10.362
saved SBC_CHAINS_cnn_vmim__n1_jitter_seed_s0_sim2551_row2150311_noise5859_6038_6217 (240000, 4) acc=0.233
  step 0/1999 best -27.711
  step 50/1999 best 5.494
  step 100/1999 best 13.312
  step 150/1999 best 14.513
  step 200/1999 best 14.423
  step 250/1999 best 14.428
  step 300/1999 best 14.576
  step 350/1999 best 14.439
  step 400/1999 best 14.448
  step 450/1999 best 14.536
  step 500/1999 best 14.543
  step 550/1999 best 14.362
  step 600/1999 best 14.528
  step 650/1999 best 14.545
  step 700/1999 best 14.452
  step 750/1999 best 14.357
  step 800/1999 best 14.416
  step 850/1999 best 14.399
  step 900/1999 best 14.445
  step 950/1999 best 14.511
  step 1000/1999 best 14.396
  step 1050/1999 best 14.526
  step 1100/1999 best 14.368
  step 1150/1999 best 14.569
  step 1200/1999 best 14.574
  step 1250/1999 best 14.598
  step 1300/1999 best 14.450
  step 1350/1999 best 14.501
  step 1400/1999 best 14.439
  step 1450/1999 best 14.473
  step 1500/1999 best 14.501
  step 1550/1999 best 14.416
  step 1600/1999 best 14.526
  step 1650/1999 best 14.439
  step 1700/1999 best 14.468
  step 1750/1999 best 14.458
  step 1800/1999 best 14.440
  step 1850/1999 best 14.417
  step 1900/1999 best 14.545
  step 1950/1999 best 14.486
saved SBC_CHAINS_cnn_vmim__n1_jitter_seed_s0_sim1267_row1085341_noise9357_9536_9715 (240000, 4) acc=0.324
  step 0/1999 best -18.838
  step 50/1999 best -2.862
  step 100/1999 best 5.673
  step 150/1999 best 9.213
  step 200/1999 best 10.212
  step 250/1999 best 11.963
  step 300/1999 best 13.394
  step 350/1999 best 12.975
  step 400/1999 best 14.122
  step 450/1999 best 13.349
  step 500/1999 best 13.886
  step 550/1999 best 14.351
  step 600/1999 best 14.645
  step 650/1999 best 14.631
  step 700/1999 best 14.614
  step 750/1999 best 14.542
  step 800/1999 best 14.720
  step 850/1999 best 14.780
  step 900/1999 best 14.671
  step 950/1999 best 14.677
  step 1000/1999 best 14.856
  step 1050/1999 best 14.792
  step 1100/1999 best 14.585
  step 1150/1999 best 14.883
  step 1200/1999 best 14.762
  step 1250/1999 best 14.792
  step 1300/1999 best 14.829
  step 1350/1999 best 14.830
  step 1400/1999 best 14.785
  step 1450/1999 best 14.834
  step 1500/1999 best 14.791
  step 1550/1999 best 14.870
  step 1600/1999 best 14.776
  step 1650/1999 best 14.762
  step 1700/1999 best 14.807
  step 1750/1999 best 14.760
  step 1800/1999 best 14.883
  step 1850/1999 best 14.779
  step 1900/1999 best 14.774
  step 1950/1999 best 14.896
saved SBC_CHAINS_cnn_vmim__n1_jitter_seed_s0_sim1522_row1299609_noise9097_9276_9455 (240000, 4) acc=0.157
  step 0/1999 best -17.748
  step 50/1999 best 2.387
  step 100/1999 best 12.235
  step 150/1999 best 14.757
  step 200/1999 best 14.657
  step 250/1999 best 14.779
  step 300/1999 best 14.594
  step 350/1999 best 14.756
  step 400/1999 best 14.818
  step 450/1999 best 14.753
  step 500/1999 best 14.829
  step 550/1999 best 14.684
  step 600/1999 best 14.686
  step 650/1999 best 14.744
  step 700/1999 best 14.828
  step 750/1999 best 14.799
  step 800/1999 best 14.680
  step 850/1999 best 14.790
  step 900/1999 best 14.756
  step 950/1999 best 14.790
  step 1000/1999 best 14.770
  step 1050/1999 best 14.796
  step 1100/1999 best 14.853
  step 1150/1999 best 14.733
  step 1200/1999 best 14.770
  step 1250/1999 best 14.718
  step 1300/1999 best 14.838
  step 1350/1999 best 14.809
  step 1400/1999 best 14.771
  step 1450/1999 best 14.711
  step 1500/1999 best 14.820
  step 1550/1999 best 14.755
  step 1600/1999 best 14.660
  step 1650/1999 best 14.761
  step 1700/1999 best 14.812
  step 1750/1999 best 14.689
  step 1800/1999 best 14.705
  step 1850/1999 best 14.823
  step 1900/1999 best 14.726
  step 1950/1999 best 14.852
saved SBC_CHAINS_cnn_vmim__n1_jitter_seed_s0_sim808_row757400_noise2504_2683_2862 (240000, 4) acc=0.403
  step 0/1999 best 0.513
  step 50/1999 best 0.629
  step 100/1999 best 8.007
  step 150/1999 best 10.171
  step 200/1999 best 10.644
  step 250/1999 best 10.529
  step 300/1999 best 10.592
  step 350/1999 best 10.673
  step 400/1999 best 10.654
  step 450/1999 best 10.647
  step 500/1999 best 10.596
  step 550/1999 best 10.773
  step 600/1999 best 10.695
  step 650/1999 best 10.686
  step 700/1999 best 10.582
  step 750/1999 best 10.654
  step 800/1999 best 10.761
  step 850/1999 best 10.698
  step 900/1999 best 10.705
  step 950/1999 best 10.684
  step 1000/1999 best 10.675
  step 1050/1999 best 10.746
  step 1100/1999 best 10.624
  step 1150/1999 best 10.672
  step 1200/1999 best 10.772
  step 1250/1999 best 10.540
  step 1300/1999 best 10.696
  step 1350/1999 best 10.676
  step 1400/1999 best 10.719
  step 1450/1999 best 10.721
  step 1500/1999 best 10.694
  step 1550/1999 best 10.758
  step 1600/1999 best 10.761
  step 1650/1999 best 10.657
  step 1700/1999 best 10.676
  step 1750/1999 best 10.731
  step 1800/1999 best 10.585
  step 1850/1999 best 10.622
  step 1900/1999 best 10.734
  step 1950/1999 best 10.673
saved SBC_CHAINS_cnn_vmim__n1_jitter_seed_s0_sim2860_row2455030_noise82_261_440 (240000, 4) acc=0.355
  step 0/1999 best -7.896
  step 50/1999 best -2.948
  step 100/1999 best 8.644
  step 150/1999 best 9.021
  step 200/1999 best 12.852
  step 250/1999 best 13.191
  step 300/1999 best 13.135
  step 350/1999 best 13.194
  step 400/1999 best 13.356
  step 450/1999 best 13.331
  step 500/1999 best 13.374
  step 550/1999 best 13.354
  step 600/1999 best 13.449
  step 650/1999 best 13.424
  step 700/1999 best 13.501
  step 750/1999 best 13.495
  step 800/1999 best 13.496
  step 850/1999 best 13.461
  step 900/1999 best 13.438
  step 950/1999 best 13.462
  step 1000/1999 best 13.494
  step 1050/1999 best 13.440
  step 1100/1999 best 13.312
  step 1150/1999 best 13.470
  step 1200/1999 best 13.477
  step 1250/1999 best 13.524
  step 1300/1999 best 13.505
  step 1350/1999 best 13.392
  step 1400/1999 best 13.446
  step 1450/1999 best 13.391
  step 1500/1999 best 13.528
  step 1550/1999 best 13.414
  step 1600/1999 best 13.471
  step 1650/1999 best 13.438
  step 1700/1999 best 13.429
  step 1750/1999 best 13.414
  step 1800/1999 best 13.412
  step 1850/1999 best 13.472
  step 1900/1999 best 13.532
  step 1950/1999 best 13.384
saved SBC_CHAINS_cnn_vmim__n1_jitter_seed_s0_sim2529_row2128663_noise3867_4046_4225 (240000, 4) acc=0.370
  step 0/1999 best -17.863
  step 50/1999 best 5.408
  step 100/1999 best 10.531
  step 150/1999 best 12.753
  step 200/1999 best 12.635
  step 250/1999 best 12.800
  step 300/1999 best 12.829
  step 350/1999 best 12.839
  step 400/1999 best 12.817
  step 450/1999 best 12.713
  step 500/1999 best 12.815
  step 550/1999 best 12.840
  step 600/1999 best 12.824
  step 650/1999 best 12.854
  step 700/1999 best 12.896
  step 750/1999 best 12.799
  step 800/1999 best 12.787
  step 850/1999 best 12.842
  step 900/1999 best 12.808
  step 950/1999 best 12.909
  step 1000/1999 best 12.839
  step 1050/1999 best 12.921
  step 1100/1999 best 12.801
  step 1150/1999 best 12.829
  step 1200/1999 best 12.887
  step 1250/1999 best 12.744
  step 1300/1999 best 12.877
  step 1350/1999 best 12.860
  step 1400/1999 best 12.839
  step 1450/1999 best 12.881
  step 1500/1999 best 12.840
  step 1550/1999 best 12.907
  step 1600/1999 best 12.804
  step 1650/1999 best 12.897
  step 1700/1999 best 12.896
  step 1750/1999 best 12.880
  step 1800/1999 best 12.866
  step 1850/1999 best 12.881
  step 1900/1999 best 12.826
  step 1950/1999 best 12.828
saved SBC_CHAINS_cnn_vmim__n1_jitter_seed_s0_sim837_row786354_noise1974_2153_2332 (240000, 4) acc=0.345
  step 0/1999 best -24.020
  step 50/1999 best 5.885
  step 100/1999 best 8.060
  step 150/1999 best 8.429
  step 200/1999 best 8.294
  step 250/1999 best 8.318
  step 300/1999 best 8.293
  step 350/1999 best 8.285
  step 400/1999 best 8.370
  step 450/1999 best 8.362
  step 500/1999 best 8.421
  step 550/1999 best 8.294
  step 600/1999 best 8.348
  step 650/1999 best 8.250
  step 700/1999 best 8.358
  step 750/1999 best 8.294
  step 800/1999 best 8.265
  step 850/1999 best 8.317
  step 900/1999 best 8.395
  step 950/1999 best 8.379
  step 1000/1999 best 8.178
  step 1050/1999 best 8.313
  step 1100/1999 best 8.230
  step 1150/1999 best 8.364
  step 1200/1999 best 8.214
  step 1250/1999 best 8.256
  step 1300/1999 best 8.379
  step 1350/1999 best 8.305
  step 1400/1999 best 8.337
  step 1450/1999 best 8.373
  step 1500/1999 best 8.085
  step 1550/1999 best 8.315
  step 1600/1999 best 8.238
  step 1650/1999 best 8.259
  step 1700/1999 best 8.419
  step 1750/1999 best 8.308
  step 1800/1999 best 8.321
  step 1850/1999 best 8.415
  step 1900/1999 best 8.208
  step 1950/1999 best 8.391
saved SBC_CHAINS_cnn_vmim__n1_jitter_seed_s0_sim2941_row2536751_noise3179_3358_3537 (240000, 4) acc=0.413
  step 0/1999 best -18.384
  step 50/1999 best -5.938
  step 100/1999 best 2.141
  step 150/1999 best 3.343
  step 200/1999 best 3.670
  step 250/1999 best 7.622
  step 300/1999 best 11.367
  step 350/1999 best 12.192
  step 400/1999 best 12.519
  step 450/1999 best 12.327
  step 500/1999 best 12.534
  step 550/1999 best 12.609
  step 600/1999 best 12.106
  step 650/1999 best 12.433
  step 700/1999 best 12.547
  step 750/1999 best 12.568
  step 800/1999 best 12.533
  step 850/1999 best 12.409
  step 900/1999 best 12.485
  step 950/1999 best 12.623
  step 1000/1999 best 12.306
  step 1050/1999 best 12.554
  step 1100/1999 best 12.489
  step 1150/1999 best 12.513
  step 1200/1999 best 12.397
  step 1250/1999 best 12.439
  step 1300/1999 best 12.610
  step 1350/1999 best 12.429
  step 1400/1999 best 12.512
  step 1450/1999 best 12.596
  step 1500/1999 best 12.621
  step 1550/1999 best 12.306
  step 1600/1999 best 12.606
  step 1650/1999 best 12.486
  step 1700/1999 best 12.513
  step 1750/1999 best 12.450
  step 1800/1999 best 12.507
  step 1850/1999 best 12.529
  step 1900/1999 best 12.543
  step 1950/1999 best 12.478
saved SBC_CHAINS_cnn_vmim__n1_jitter_seed_s0_sim2433_row2032798_noise6282_6461_6640 (240000, 4) acc=0.250
  step 0/1999 best -18.945
  step 50/1999 best 11.224
  step 100/1999 best 14.905
  step 150/1999 best 15.573
  step 200/1999 best 15.827
  step 250/1999 best 15.778
  step 300/1999 best 15.816
  step 350/1999 best 15.749
  step 400/1999 best 15.577
  step 450/1999 best 15.673
  step 500/1999 best 15.631
  step 550/1999 best 15.780
  step 600/1999 best 15.712
  step 650/1999 best 15.615
  step 700/1999 best 15.790
  step 750/1999 best 15.783
  step 800/1999 best 15.407
  step 850/1999 best 15.772
  step 900/1999 best 15.671
  step 950/1999 best 15.801
  step 1000/1999 best 15.676
  step 1050/1999 best 15.742
  step 1100/1999 best 15.725
  step 1150/1999 best 15.616
  step 1200/1999 best 15.810
  step 1250/1999 best 15.775
  step 1300/1999 best 15.790
  step 1350/1999 best 15.599
  step 1400/1999 best 15.696
  step 1450/1999 best 15.706
  step 1500/1999 best 15.772
  step 1550/1999 best 15.685
  step 1600/1999 best 15.782
  step 1650/1999 best 15.656
  step 1700/1999 best 15.671
  step 1750/1999 best 15.780
  step 1800/1999 best 15.674
  step 1850/1999 best 15.761
  step 1900/1999 best 15.745
  step 1950/1999 best 15.741
saved SBC_CHAINS_cnn_vmim__n1_jitter_seed_s0_sim1209_row1027539_noise695_874_1053 (240000, 4) acc=0.336
  step 0/1999 best -11.751
  step 50/1999 best -1.700
  step 100/1999 best 1.844
  step 150/1999 best 11.126
  step 200/1999 best 11.126
  step 250/1999 best 14.864
  step 300/1999 best 14.470
  step 350/1999 best 15.280
  step 400/1999 best 15.710
  step 450/1999 best 15.512
  step 500/1999 best 15.624
  step 550/1999 best 15.622
  step 600/1999 best 15.512
  step 650/1999 best 15.682
  step 700/1999 best 15.577
  step 750/1999 best 15.332
  step 800/1999 best 15.717
  step 850/1999 best 15.649
  step 900/1999 best 15.511
  step 950/1999 best 15.693
  step 1000/1999 best 15.573
  step 1050/1999 best 15.651
  step 1100/1999 best 15.570
  step 1150/1999 best 15.439
  step 1200/1999 best 15.640
  step 1250/1999 best 15.587
  step 1300/1999 best 15.733
  step 1350/1999 best 15.579
  step 1400/1999 best 15.688
  step 1450/1999 best 15.599
  step 1500/1999 best 15.586
  step 1550/1999 best 15.741
  step 1600/1999 best 15.673
  step 1650/1999 best 15.694
  step 1700/1999 best 15.679
  step 1750/1999 best 15.736
  step 1800/1999 best 15.657
  step 1850/1999 best 15.749
  step 1900/1999 best 15.581
  step 1950/1999 best 15.652
saved SBC_CHAINS_cnn_vmim__n1_jitter_seed_s0_sim260_row246792_noise5264_5443_5622 (240000, 4) acc=0.196
  step 0/1999 best -25.011
  step 50/1999 best 13.042
  step 100/1999 best 13.683
  step 150/1999 best 13.735
  step 200/1999 best 14.928
  step 250/1999 best 15.199
  step 300/1999 best 15.199
  step 350/1999 best 15.314
  step 400/1999 best 15.200
  step 450/1999 best 15.233
  step 500/1999 best 15.181
  step 550/1999 best 15.253
  step 600/1999 best 15.349
  step 650/1999 best 15.192
  step 700/1999 best 15.021
  step 750/1999 best 15.188
  step 800/1999 best 15.076
  step 850/1999 best 15.243
  step 900/1999 best 15.311
  step 950/1999 best 15.168
  step 1000/1999 best 15.217
  step 1050/1999 best 15.095
  step 1100/1999 best 15.334
  step 1150/1999 best 15.198
  step 1200/1999 best 15.334
  step 1250/1999 best 15.206
  step 1300/1999 best 15.192
  step 1350/1999 best 15.228
  step 1400/1999 best 15.259
  step 1450/1999 best 15.273
  step 1500/1999 best 15.227
  step 1550/1999 best 15.251
  step 1600/1999 best 15.313
  step 1650/1999 best 15.323
  step 1700/1999 best 15.116
  step 1750/1999 best 15.206
  step 1800/1999 best 15.310
  step 1850/1999 best 15.193
  step 1900/1999 best 15.296
  step 1950/1999 best 15.134
saved SBC_CHAINS_cnn_vmim__n1_jitter_seed_s0_sim1749_row1502221_noise9665_16_195 (240000, 4) acc=0.317
  step 0/1999 best -19.633
  step 50/1999 best -6.641
  step 100/1999 best 3.338
  step 150/1999 best 10.641
  step 200/1999 best 10.614
  step 250/1999 best 13.416
  step 300/1999 best 13.262
  step 350/1999 best 13.330
  step 400/1999 best 13.169
  step 450/1999 best 13.514
  step 500/1999 best 13.410
  step 550/1999 best 13.472
  step 600/1999 best 13.514
  step 650/1999 best 13.370
  step 700/1999 best 13.488
  step 750/1999 best 13.463
  step 800/1999 best 13.504
  step 850/1999 best 13.380
  step 900/1999 best 13.530
  step 950/1999 best 13.303
  step 1000/1999 best 13.532
  step 1050/1999 best 13.403
  step 1100/1999 best 13.529
  step 1150/1999 best 13.431
  step 1200/1999 best 13.527
  step 1250/1999 best 13.479
  step 1300/1999 best 13.455
  step 1350/1999 best 13.396
  step 1400/1999 best 13.523
  step 1450/1999 best 13.418
  step 1500/1999 best 13.560
  step 1550/1999 best 13.485
  step 1600/1999 best 13.544
  step 1650/1999 best 13.548
  step 1700/1999 best 13.452
  step 1750/1999 best 13.526
  step 1800/1999 best 13.510
  step 1850/1999 best 13.448
  step 1900/1999 best 13.539
  step 1950/1999 best 13.454
saved SBC_CHAINS_cnn_vmim__n1_jitter_seed_s0_sim411_row389206_noise8258_8437_8616 (240000, 4) acc=0.188
  step 0/1999 best -19.567
  step 50/1999 best 6.507
  step 100/1999 best 8.986
  step 150/1999 best 10.236
  step 200/1999 best 10.873
  step 250/1999 best 13.292
  step 300/1999 best 13.006
  step 350/1999 best 13.231
  step 400/1999 best 13.234
  step 450/1999 best 13.024
  step 500/1999 best 13.223
  step 550/1999 best 13.334
  step 600/1999 best 13.204
  step 650/1999 best 13.248
  step 700/1999 best 13.251
  step 750/1999 best 13.215
  step 800/1999 best 13.351
  step 850/1999 best 13.219
  step 900/1999 best 13.290
  step 950/1999 best 13.325
  step 1000/1999 best 13.360
  step 1050/1999 best 13.250
  step 1100/1999 best 13.281
  step 1150/1999 best 13.239
  step 1200/1999 best 13.266
  step 1250/1999 best 13.233
  step 1300/1999 best 13.293
  step 1350/1999 best 13.234
  step 1400/1999 best 13.183
  step 1450/1999 best 13.325
  step 1500/1999 best 13.157
  step 1550/1999 best 13.310
  step 1600/1999 best 13.302
  step 1650/1999 best 13.289
  step 1700/1999 best 13.236
  step 1750/1999 best 13.356
  step 1800/1999 best 13.256
  step 1850/1999 best 13.248
  step 1900/1999 best 13.286
  step 1950/1999 best 13.130
saved SBC_CHAINS_cnn_vmim__n1_jitter_seed_s0_sim981_row930715_noise8743_8922_9101 (240000, 4) acc=0.261
  step 0/1999 best -11.705
  step 50/1999 best 10.766
  step 100/1999 best 12.741
  step 150/1999 best 12.862
  step 200/1999 best 12.782
  step 250/1999 best 12.788
  step 300/1999 best 12.817
  step 350/1999 best 12.759
  step 400/1999 best 12.844
  step 450/1999 best 12.802
  step 500/1999 best 12.797
  step 550/1999 best 12.835
  step 600/1999 best 12.805
  step 650/1999 best 12.862
  step 700/1999 best 12.780
  step 750/1999 best 12.724
  step 800/1999 best 12.750
  step 850/1999 best 12.729
  step 900/1999 best 12.820
  step 950/1999 best 12.826
  step 1000/1999 best 12.743
  step 1050/1999 best 12.738
  step 1100/1999 best 12.601
  step 1150/1999 best 12.821
  step 1200/1999 best 12.839
  step 1250/1999 best 12.681
  step 1300/1999 best 12.830
  step 1350/1999 best 12.825
  step 1400/1999 best 12.869
  step 1450/1999 best 12.710
  step 1500/1999 best 12.827
  step 1550/1999 best 12.812
  step 1600/1999 best 12.854
  step 1650/1999 best 12.786
  step 1700/1999 best 12.718
  step 1750/1999 best 12.780
  step 1800/1999 best 12.775
  step 1850/1999 best 12.826
  step 1900/1999 best 12.834
  step 1950/1999 best 12.717
saved SBC_CHAINS_cnn_vmim__n1_jitter_seed_s0_sim830_row779378_noise4826_5005_5184 (240000, 4) acc=0.447
  step 0/1999 best -23.972
  step 50/1999 best 8.135
  step 100/1999 best 11.729
  step 150/1999 best 11.746
  step 200/1999 best 11.555
  step 250/1999 best 11.335
  step 300/1999 best 11.597
  step 350/1999 best 11.656
  step 400/1999 best 11.630
  step 450/1999 best 11.709
  step 500/1999 best 11.514
  step 550/1999 best 11.603
  step 600/1999 best 11.524
  step 650/1999 best 11.816
  step 700/1999 best 11.597
  step 750/1999 best 11.725
  step 800/1999 best 11.750
  step 850/1999 best 11.722
  step 900/1999 best 11.734
  step 950/1999 best 11.576
  step 1000/1999 best 11.685
  step 1050/1999 best 11.634
  step 1100/1999 best 11.672
  step 1150/1999 best 11.661
  step 1200/1999 best 11.635
  step 1250/1999 best 11.600
  step 1300/1999 best 11.732
  step 1350/1999 best 11.571
  step 1400/1999 best 11.813
  step 1450/1999 best 11.637
  step 1500/1999 best 11.670
  step 1550/1999 best 11.560
  step 1600/1999 best 11.713
  step 1650/1999 best 11.544
  step 1700/1999 best 11.747
  step 1750/1999 best 11.784
  step 1800/1999 best 11.658
  step 1850/1999 best 11.780
  step 1900/1999 best 11.703
  step 1950/1999 best 11.802
saved SBC_CHAINS_cnn_vmim__n1_jitter_seed_s0_sim295_row281039_noise199_378_557 (240000, 4) acc=0.171
  step 0/1999 best -21.197
  step 50/1999 best 1.582
  step 100/1999 best 6.181
  step 150/1999 best 10.288
  step 200/1999 best 10.775
  step 250/1999 best 12.686
  step 300/1999 best 13.155
  step 350/1999 best 13.171
  step 400/1999 best 13.958
  step 450/1999 best 13.904
  step 500/1999 best 13.899
  step 550/1999 best 13.718
  step 600/1999 best 13.817
  step 650/1999 best 13.451
  step 700/1999 best 13.885
  step 750/1999 best 13.855
  step 800/1999 best 13.874
  step 850/1999 best 13.885
  step 900/1999 best 13.946
  step 950/1999 best 13.906
  step 1000/1999 best 13.834
  step 1050/1999 best 13.976
  step 1100/1999 best 13.930
  step 1150/1999 best 13.936
  step 1200/1999 best 14.023
  step 1250/1999 best 13.975
  step 1300/1999 best 13.948
  step 1350/1999 best 13.822
  step 1400/1999 best 13.908
  step 1450/1999 best 13.957
  step 1500/1999 best 13.980
  step 1550/1999 best 13.944
  step 1600/1999 best 13.940
  step 1650/1999 best 13.904
  step 1700/1999 best 13.934
  step 1750/1999 best 14.002
  step 1800/1999 best 13.920
  step 1850/1999 best 13.867
  step 1900/1999 best 13.973
  step 1950/1999 best 13.850
saved SBC_CHAINS_cnn_vmim__n1_jitter_seed_s0_sim327_row313312_noise2988_3167_3346 (240000, 4) acc=0.195
  step 0/1999 best -22.811
  step 50/1999 best -5.936
  step 100/1999 best 4.350
  step 150/1999 best 9.588
  step 200/1999 best 11.620
  step 250/1999 best 12.210
  step 300/1999 best 12.194
  step 350/1999 best 12.283
  step 400/1999 best 12.113
  step 450/1999 best 12.139
  step 500/1999 best 12.041
  step 550/1999 best 12.167
  step 600/1999 best 11.897
  step 650/1999 best 11.871
  step 700/1999 best 12.279
  step 750/1999 best 12.291
  step 800/1999 best 12.256
  step 850/1999 best 12.219
  step 900/1999 best 12.175
  step 950/1999 best 12.091
  step 1000/1999 best 12.135
  step 1050/1999 best 12.246
  step 1100/1999 best 12.267
  step 1150/1999 best 12.331
  step 1200/1999 best 12.307
  step 1250/1999 best 12.272
  step 1300/1999 best 12.260
  step 1350/1999 best 12.235
  step 1400/1999 best 12.304
  step 1450/1999 best 12.157
  step 1500/1999 best 12.231
  step 1550/1999 best 12.226
  step 1600/1999 best 12.226
  step 1650/1999 best 12.326
  step 1700/1999 best 12.219
  step 1750/1999 best 12.268
  step 1800/1999 best 12.179
  step 1850/1999 best 12.084
  step 1900/1999 best 12.224
  step 1950/1999 best 12.025
saved SBC_CHAINS_cnn_vmim__n1_jitter_seed_s0_sim427_row405727_noise5123_5302_5481 (240000, 4) acc=0.150
  step 0/1999 best -17.381
  step 50/1999 best -2.461
  step 100/1999 best -2.088
  step 150/1999 best 0.600
  step 200/1999 best 12.582
  step 250/1999 best 12.938
  step 300/1999 best 13.278
  step 350/1999 best 12.881
  step 400/1999 best 13.906
  step 450/1999 best 14.034
  step 500/1999 best 14.053
  step 550/1999 best 14.145
  step 600/1999 best 14.043
  step 650/1999 best 14.147
  step 700/1999 best 13.878
  step 750/1999 best 14.190
  step 800/1999 best 14.075
  step 850/1999 best 14.121
  step 900/1999 best 14.076
  step 950/1999 best 14.184
  step 1000/1999 best 14.112
  step 1050/1999 best 14.140
  step 1100/1999 best 14.222
  step 1150/1999 best 14.235
  step 1200/1999 best 14.219
  step 1250/1999 best 14.085
  step 1300/1999 best 14.275
  step 1350/1999 best 14.128
  step 1400/1999 best 14.267
  step 1450/1999 best 14.084
  step 1500/1999 best 14.202
  step 1550/1999 best 14.060
  step 1600/1999 best 14.143
  step 1650/1999 best 14.117
  step 1700/1999 best 14.255
  step 1750/1999 best 14.265
  step 1800/1999 best 14.028
  step 1850/1999 best 14.144
  step 1900/1999 best 14.140
  step 1950/1999 best 13.979
saved SBC_CHAINS_cnn_vmim__n1_jitter_seed_s0_sim2470_row2069124_noise3296_3475_3654 (240000, 4) acc=0.293
  step 0/1999 best -12.935
  step 50/1999 best 0.888
  step 100/1999 best 0.888
  step 150/1999 best 10.547
  step 200/1999 best 11.649
  step 250/1999 best 13.718
  step 300/1999 best 14.996
  step 350/1999 best 14.594
  step 400/1999 best 14.969
  step 450/1999 best 15.152
  step 500/1999 best 14.965
  step 550/1999 best 14.876
  step 600/1999 best 15.090
  step 650/1999 best 15.084
  step 700/1999 best 14.965
  step 750/1999 best 14.892
  step 800/1999 best 14.682
  step 850/1999 best 14.867
  step 900/1999 best 15.153
  step 950/1999 best 14.961
  step 1000/1999 best 14.959
  step 1050/1999 best 15.118
  step 1100/1999 best 15.123
  step 1150/1999 best 15.054
  step 1200/1999 best 15.156
  step 1250/1999 best 15.181
  step 1300/1999 best 15.111
  step 1350/1999 best 15.028
  step 1400/1999 best 15.068
  step 1450/1999 best 15.190
  step 1500/1999 best 14.897
  step 1550/1999 best 14.975
  step 1600/1999 best 14.998
  step 1650/1999 best 15.187
  step 1700/1999 best 15.199
  step 1750/1999 best 15.022
  step 1800/1999 best 15.158
  step 1850/1999 best 15.068
  step 1900/1999 best 15.183
  step 1950/1999 best 15.166
saved SBC_CHAINS_cnn_vmim__n1_jitter_seed_s0_sim340_row326477_noise6325_6504_6683 (240000, 4) acc=0.206
  step 0/1999 best -11.740
  step 50/1999 best 6.186
  step 100/1999 best 12.208
  step 150/1999 best 14.949
  step 200/1999 best 15.147
  step 250/1999 best 15.366
  step 300/1999 best 15.151
  step 350/1999 best 15.449
  step 400/1999 best 15.343
  step 450/1999 best 15.261
  step 500/1999 best 15.489
  step 550/1999 best 15.355
  step 600/1999 best 15.368
  step 650/1999 best 15.515
  step 700/1999 best 15.422
  step 750/1999 best 15.181
  step 800/1999 best 15.478
  step 850/1999 best 15.538
  step 900/1999 best 15.413
  step 950/1999 best 15.433
  step 1000/1999 best 15.398
  step 1050/1999 best 15.331
  step 1100/1999 best 15.504
  step 1150/1999 best 15.347
  step 1200/1999 best 15.434
  step 1250/1999 best 15.545
  step 1300/1999 best 15.406
  step 1350/1999 best 15.483
  step 1400/1999 best 15.483
  step 1450/1999 best 15.509
  step 1500/1999 best 15.547
  step 1550/1999 best 15.522
  step 1600/1999 best 15.413
  step 1650/1999 best 15.545
  step 1700/1999 best 15.382
  step 1750/1999 best 15.490
  step 1800/1999 best 15.562
  step 1850/1999 best 15.500
  step 1900/1999 best 15.478
  step 1950/1999 best 15.527
saved SBC_CHAINS_cnn_vmim__n1_jitter_seed_s0_sim117_row116076_noise8968_9147_9326 (240000, 4) acc=0.253
  step 0/1999 best -13.841
  step 50/1999 best -3.969
  step 100/1999 best 3.569
  step 150/1999 best 12.173
  step 200/1999 best 12.711
  step 250/1999 best 13.948
  step 300/1999 best 14.048
  step 350/1999 best 14.026
  step 400/1999 best 13.979
  step 450/1999 best 13.991
  step 500/1999 best 14.063
  step 550/1999 best 14.032
  step 600/1999 best 14.166
  step 650/1999 best 14.073
  step 700/1999 best 13.953
  step 750/1999 best 14.058
  step 800/1999 best 14.122
  step 850/1999 best 14.193
  step 900/1999 best 14.123
  step 950/1999 best 14.189
  step 1000/1999 best 14.076
  step 1050/1999 best 14.139
  step 1100/1999 best 14.120
  step 1150/1999 best 14.146
  step 1200/1999 best 14.077
  step 1250/1999 best 14.134
  step 1300/1999 best 14.090
  step 1350/1999 best 13.988
  step 1400/1999 best 13.955
  step 1450/1999 best 14.124
  step 1500/1999 best 14.131
  step 1550/1999 best 14.031
  step 1600/1999 best 14.042
  step 1650/1999 best 14.121
  step 1700/1999 best 14.045
  step 1750/1999 best 14.072
  step 1800/1999 best 14.103
  step 1850/1999 best 13.957
  step 1900/1999 best 14.185
  step 1950/1999 best 14.051
saved SBC_CHAINS_cnn_vmim__n1_jitter_seed_s0_sim724_row673130_noise6686_6865_7044 (240000, 4) acc=0.329
  step 0/1999 best -5.205
  step 50/1999 best 4.143
  step 100/1999 best 11.200
  step 150/1999 best 12.678
  step 200/1999 best 13.284
  step 250/1999 best 13.104
  step 300/1999 best 13.224
  step 350/1999 best 13.193
  step 400/1999 best 13.305
  step 450/1999 best 13.274
  step 500/1999 best 13.317
  step 550/1999 best 13.368
  step 600/1999 best 13.244
  step 650/1999 best 13.233
  step 700/1999 best 13.335
  step 750/1999 best 13.256
  step 800/1999 best 13.366
  step 850/1999 best 13.369
  step 900/1999 best 13.240
  step 950/1999 best 13.271
  step 1000/1999 best 13.276
  step 1050/1999 best 13.275
  step 1100/1999 best 13.268
  step 1150/1999 best 13.310
  step 1200/1999 best 13.228
  step 1250/1999 best 13.262
  step 1300/1999 best 13.330
  step 1350/1999 best 13.274
  step 1400/1999 best 13.281
  step 1450/1999 best 13.325
  step 1500/1999 best 13.150
  step 1550/1999 best 13.372
  step 1600/1999 best 13.176
  step 1650/1999 best 13.274
  step 1700/1999 best 13.255
  step 1750/1999 best 13.289
  step 1800/1999 best 13.284
  step 1850/1999 best 13.297
  step 1900/1999 best 13.227
  step 1950/1999 best 13.334
saved SBC_CHAINS_cnn_vmim__n1_jitter_seed_s0_sim656_row609914_noise8266_8445_8624 (240000, 4) acc=0.411
