[stage3] arm=cnn_vmim_/n1_jitter/seed_s3  nle=/gscratch/ddehiwalage-don/sbi_master/cnn_vmim_/n1_jitter/seed_s3/nle
[NLE] scope=standard_t family=nsf loaded from /gscratch/ddehiwalage-don/sbi_master/cnn_vmim_/n1_jitter/seed_s3/nle/standard_t/nsf
targets this task: 152 | family=standard_t_nsf | chains -> /gscratch/ddehiwalage-don/sbi_master/cnn_vmim_/n1_jitter/seed_s3/chains/standard_t_nsf
  step 0/1999 best -15.593
  step 50/1999 best -1.172
  step 100/1999 best 2.505
  step 150/1999 best 5.800
  step 200/1999 best 9.702
  step 250/1999 best 12.337
  step 300/1999 best 12.679
  step 350/1999 best 13.525
  step 400/1999 best 13.236
  step 450/1999 best 14.242
  step 500/1999 best 14.001
  step 550/1999 best 13.861
  step 600/1999 best 14.124
  step 650/1999 best 14.209
  step 700/1999 best 14.249
  step 750/1999 best 14.021
  step 800/1999 best 14.009
  step 850/1999 best 13.998
  step 900/1999 best 14.220
  step 950/1999 best 14.167
  step 1000/1999 best 14.121
  step 1050/1999 best 14.038
  step 1100/1999 best 14.143
  step 1150/1999 best 14.185
  step 1200/1999 best 13.903
  step 1250/1999 best 13.863
  step 1300/1999 best 14.005
  step 1350/1999 best 14.100
  step 1400/1999 best 14.155
  step 1450/1999 best 14.153
  step 1500/1999 best 14.112
  step 1550/1999 best 14.148
  step 1600/1999 best 14.169
  step 1650/1999 best 14.155
  step 1700/1999 best 14.138
  step 1750/1999 best 14.277
  step 1800/1999 best 14.183
  step 1850/1999 best 13.997
  step 1900/1999 best 13.990
  step 1950/1999 best 13.848
saved SBC_CHAINS_cnn_vmim__n1_jitter_seed_s3_sim922_row871559_noise8555_8734_8913 (240000, 4) acc=0.119
  step 0/1999 best -22.134
  step 50/1999 best 4.309
  step 100/1999 best 4.309
  step 150/1999 best 5.224
  step 200/1999 best 10.185
  step 250/1999 best 11.119
  step 300/1999 best 12.987
  step 350/1999 best 12.619
  step 400/1999 best 13.196
  step 450/1999 best 13.155
  step 500/1999 best 13.207
  step 550/1999 best 13.228
  step 600/1999 best 13.122
  step 650/1999 best 13.357
  step 700/1999 best 13.256
  step 750/1999 best 13.134
  step 800/1999 best 13.379
  step 850/1999 best 13.395
  step 900/1999 best 13.412
  step 950/1999 best 13.307
  step 1000/1999 best 13.230
  step 1050/1999 best 13.197
  step 1100/1999 best 13.371
  step 1150/1999 best 13.316
  step 1200/1999 best 13.248
  step 1250/1999 best 13.177
  step 1300/1999 best 13.430
  step 1350/1999 best 13.382
  step 1400/1999 best 13.364
  step 1450/1999 best 13.380
  step 1500/1999 best 13.472
  step 1550/1999 best 13.226
  step 1600/1999 best 13.429
  step 1650/1999 best 13.376
  step 1700/1999 best 13.414
  step 1750/1999 best 13.286
  step 1800/1999 best 13.355
  step 1850/1999 best 13.329
  step 1900/1999 best 13.310
  step 1950/1999 best 13.406
saved SBC_CHAINS_cnn_vmim__n1_jitter_seed_s3_sim1303_row1112754_noise6458_6637_6816 (240000, 4) acc=0.162
  step 0/1999 best -17.017
  step 50/1999 best 12.486
  step 100/1999 best 12.870
  step 150/1999 best 13.789
  step 200/1999 best 13.198
  step 250/1999 best 14.155
  step 300/1999 best 13.726
  step 350/1999 best 13.939
  step 400/1999 best 14.125
  step 450/1999 best 14.135
  step 500/1999 best 14.105
  step 550/1999 best 14.132
  step 600/1999 best 13.933
  step 650/1999 best 14.162
  step 700/1999 best 14.234
  step 750/1999 best 14.017
  step 800/1999 best 14.178
  step 850/1999 best 14.279
  step 900/1999 best 14.127
  step 950/1999 best 13.963
  step 1000/1999 best 14.089
  step 1050/1999 best 14.115
  step 1100/1999 best 13.950
  step 1150/1999 best 14.212
  step 1200/1999 best 14.288
  step 1250/1999 best 14.203
  step 1300/1999 best 14.240
  step 1350/1999 best 14.088
  step 1400/1999 best 14.160
  step 1450/1999 best 14.145
  step 1500/1999 best 14.093
  step 1550/1999 best 14.085
  step 1600/1999 best 14.135
  step 1650/1999 best 14.165
  step 1700/1999 best 14.208
  step 1750/1999 best 14.163
  step 1800/1999 best 14.259
  step 1850/1999 best 14.194
  step 1900/1999 best 13.970
  step 1950/1999 best 14.254
saved SBC_CHAINS_cnn_vmim__n1_jitter_seed_s3_sim2361_row1960744_noise3024_3203_3382 (240000, 4) acc=0.246
  step 0/1999 best -8.147
  step 50/1999 best -1.779
  step 100/1999 best 0.664
  step 150/1999 best 6.706
  step 200/1999 best 10.174
  step 250/1999 best 11.694
  step 300/1999 best 13.362
  step 350/1999 best 13.556
  step 400/1999 best 13.268
  step 450/1999 best 13.348
  step 500/1999 best 13.338
  step 550/1999 best 13.530
  step 600/1999 best 13.624
  step 650/1999 best 13.405
  step 700/1999 best 13.511
  step 750/1999 best 13.446
  step 800/1999 best 13.479
  step 850/1999 best 13.527
  step 900/1999 best 13.667
  step 950/1999 best 13.572
  step 1000/1999 best 13.506
  step 1050/1999 best 13.473
  step 1100/1999 best 13.388
  step 1150/1999 best 13.377
  step 1200/1999 best 13.448
  step 1250/1999 best 13.474
  step 1300/1999 best 13.643
  step 1350/1999 best 13.570
  step 1400/1999 best 13.568
  step 1450/1999 best 13.499
  step 1500/1999 best 13.676
  step 1550/1999 best 13.551
  step 1600/1999 best 13.463
  step 1650/1999 best 13.492
  step 1700/1999 best 13.423
  step 1750/1999 best 13.637
  step 1800/1999 best 13.654
  step 1850/1999 best 13.561
  step 1900/1999 best 13.323
  step 1950/1999 best 13.329
saved SBC_CHAINS_cnn_vmim__n1_jitter_seed_s3_sim2482_row2081887_noise6231_6410_6589 (240000, 4) acc=0.178
  step 0/1999 best -11.318
  step 50/1999 best -2.814
  step 100/1999 best -1.357
  step 150/1999 best 7.282
  step 200/1999 best 12.545
  step 250/1999 best 12.204
  step 300/1999 best 14.632
  step 350/1999 best 15.078
  step 400/1999 best 14.989
  step 450/1999 best 15.056
  step 500/1999 best 15.054
  step 550/1999 best 15.348
  step 600/1999 best 15.150
  step 650/1999 best 15.210
  step 700/1999 best 15.514
  step 750/1999 best 15.335
  step 800/1999 best 15.188
  step 850/1999 best 15.529
  step 900/1999 best 15.306
  step 950/1999 best 15.441
  step 1000/1999 best 15.044
  step 1050/1999 best 15.538
  step 1100/1999 best 15.464
  step 1150/1999 best 15.460
  step 1200/1999 best 15.364
  step 1250/1999 best 15.552
  step 1300/1999 best 15.480
  step 1350/1999 best 15.426
  step 1400/1999 best 15.232
  step 1450/1999 best 15.373
  step 1500/1999 best 15.261
  step 1550/1999 best 15.474
  step 1600/1999 best 15.486
  step 1650/1999 best 15.461
  step 1700/1999 best 15.372
  step 1750/1999 best 15.362
  step 1800/1999 best 15.486
  step 1850/1999 best 15.541
  step 1900/1999 best 15.464
  step 1950/1999 best 15.478
saved SBC_CHAINS_cnn_vmim__n1_jitter_seed_s3_sim1519_row1296600_noise6088_6267_6446 (240000, 4) acc=0.133
  step 0/1999 best -26.619
  step 50/1999 best -3.824
  step 100/1999 best 1.274
  step 150/1999 best 10.499
  step 200/1999 best 11.311
  step 250/1999 best 10.994
  step 300/1999 best 11.082
  step 350/1999 best 11.312
  step 400/1999 best 11.391
  step 450/1999 best 11.394
  step 500/1999 best 11.566
  step 550/1999 best 11.545
  step 600/1999 best 11.556
  step 650/1999 best 11.341
  step 700/1999 best 11.485
  step 750/1999 best 11.523
  step 800/1999 best 11.505
  step 850/1999 best 11.524
  step 900/1999 best 11.361
  step 950/1999 best 11.505
  step 1000/1999 best 11.386
  step 1050/1999 best 11.489
  step 1100/1999 best 11.486
  step 1150/1999 best 11.473
  step 1200/1999 best 11.557
  step 1250/1999 best 11.508
  step 1300/1999 best 11.415
  step 1350/1999 best 11.626
  step 1400/1999 best 11.502
  step 1450/1999 best 11.405
  step 1500/1999 best 11.584
  step 1550/1999 best 11.487
  step 1600/1999 best 11.536
  step 1650/1999 best 11.533
  step 1700/1999 best 11.512
  step 1750/1999 best 11.498
  step 1800/1999 best 11.505
  step 1850/1999 best 11.373
  step 1900/1999 best 11.613
  step 1950/1999 best 11.491
saved SBC_CHAINS_cnn_vmim__n1_jitter_seed_s3_sim2835_row2430108_noise4644_4823_5002 (240000, 4) acc=0.232
  step 0/1999 best -16.051
  step 50/1999 best -5.269
  step 100/1999 best -2.467
  step 150/1999 best -0.248
  step 200/1999 best 12.122
  step 250/1999 best 13.006
  step 300/1999 best 12.985
  step 350/1999 best 13.907
  step 400/1999 best 14.010
  step 450/1999 best 13.994
  step 500/1999 best 14.143
  step 550/1999 best 14.223
  step 600/1999 best 14.313
  step 650/1999 best 14.195
  step 700/1999 best 14.334
  step 750/1999 best 14.302
  step 800/1999 best 14.197
  step 850/1999 best 14.020
  step 900/1999 best 14.183
  step 950/1999 best 14.299
  step 1000/1999 best 14.381
  step 1050/1999 best 14.246
  step 1100/1999 best 14.216
  step 1150/1999 best 14.074
  step 1200/1999 best 14.190
  step 1250/1999 best 14.275
  step 1300/1999 best 14.289
  step 1350/1999 best 14.156
  step 1400/1999 best 14.311
  step 1450/1999 best 14.194
  step 1500/1999 best 14.133
  step 1550/1999 best 14.198
  step 1600/1999 best 14.350
  step 1650/1999 best 14.306
  step 1700/1999 best 14.394
  step 1750/1999 best 14.277
  step 1800/1999 best 14.073
  step 1850/1999 best 14.207
  step 1900/1999 best 14.319
  step 1950/1999 best 14.311
saved SBC_CHAINS_cnn_vmim__n1_jitter_seed_s3_sim2554_row2153628_noise9176_9355_9534 (240000, 4) acc=0.213
  step 0/1999 best -21.365
  step 50/1999 best -0.530
  step 100/1999 best 4.262
  step 150/1999 best 6.152
  step 200/1999 best 6.955
  step 250/1999 best 8.141
  step 300/1999 best 8.326
  step 350/1999 best 8.695
  step 400/1999 best 8.577
  step 450/1999 best 8.247
  step 500/1999 best 8.278
  step 550/1999 best 8.598
  step 600/1999 best 8.570
  step 650/1999 best 8.690
  step 700/1999 best 8.445
  step 750/1999 best 8.693
  step 800/1999 best 8.532
  step 850/1999 best 8.844
  step 900/1999 best 8.590
  step 950/1999 best 8.610
  step 1000/1999 best 8.723
  step 1050/1999 best 8.702
  step 1100/1999 best 8.883
  step 1150/1999 best 8.851
  step 1200/1999 best 8.276
  step 1250/1999 best 8.383
  step 1300/1999 best 8.876
  step 1350/1999 best 8.950
  step 1400/1999 best 8.264
  step 1450/1999 best 8.797
  step 1500/1999 best 8.718
  step 1550/1999 best 8.935
  step 1600/1999 best 8.877
  step 1650/1999 best 8.602
  step 1700/1999 best 8.401
  step 1750/1999 best 8.748
  step 1800/1999 best 8.665
  step 1850/1999 best 8.917
  step 1900/1999 best 8.627
  step 1950/1999 best 8.765
saved SBC_CHAINS_cnn_vmim__n1_jitter_seed_s3_sim2865_row2460586_noise5638_5817_5996 (240000, 4) acc=0.315
  step 0/1999 best -14.086
  step 50/1999 best -5.470
  step 100/1999 best 5.044
  step 150/1999 best 5.044
  step 200/1999 best 12.127
  step 250/1999 best 13.243
  step 300/1999 best 15.154
  step 350/1999 best 14.411
  step 400/1999 best 14.877
  step 450/1999 best 14.862
  step 500/1999 best 15.035
  step 550/1999 best 15.081
  step 600/1999 best 14.916
  step 650/1999 best 14.787
  step 700/1999 best 14.876
  step 750/1999 best 15.136
  step 800/1999 best 15.193
  step 850/1999 best 15.069
  step 900/1999 best 14.773
  step 950/1999 best 14.893
  step 1000/1999 best 15.051
  step 1050/1999 best 15.003
  step 1100/1999 best 14.971
  step 1150/1999 best 15.085
  step 1200/1999 best 15.214
  step 1250/1999 best 15.139
  step 1300/1999 best 15.170
  step 1350/1999 best 15.147
  step 1400/1999 best 15.043
  step 1450/1999 best 14.837
  step 1500/1999 best 15.173
  step 1550/1999 best 15.067
  step 1600/1999 best 15.160
  step 1650/1999 best 14.977
  step 1700/1999 best 15.122
  step 1750/1999 best 15.114
  step 1800/1999 best 15.079
  step 1850/1999 best 15.118
  step 1900/1999 best 15.070
  step 1950/1999 best 15.104
saved SBC_CHAINS_cnn_vmim__n1_jitter_seed_s3_sim433_row411688_noise1256_1435_1614 (240000, 4) acc=0.131
  step 0/1999 best -10.208
  step 50/1999 best 14.527
  step 100/1999 best 15.266
  step 150/1999 best 16.507
  step 200/1999 best 16.999
  step 250/1999 best 16.385
  step 300/1999 best 16.776
  step 350/1999 best 17.028
  step 400/1999 best 16.784
  step 450/1999 best 16.939
  step 500/1999 best 16.908
  step 550/1999 best 16.834
  step 600/1999 best 16.901
  step 650/1999 best 17.044
  step 700/1999 best 16.939
  step 750/1999 best 16.992
  step 800/1999 best 17.003
  step 850/1999 best 16.914
  step 900/1999 best 16.971
  step 950/1999 best 16.822
  step 1000/1999 best 17.072
  step 1050/1999 best 17.034
  step 1100/1999 best 16.989
  step 1150/1999 best 17.010
  step 1200/1999 best 16.875
  step 1250/1999 best 16.845
  step 1300/1999 best 16.840
  step 1350/1999 best 17.002
  step 1400/1999 best 16.957
  step 1450/1999 best 16.826
  step 1500/1999 best 16.888
  step 1550/1999 best 16.976
  step 1600/1999 best 16.998
  step 1650/1999 best 16.769
  step 1700/1999 best 16.972
  step 1750/1999 best 16.806
  step 1800/1999 best 17.050
  step 1850/1999 best 16.827
  step 1900/1999 best 16.984
  step 1950/1999 best 17.015
saved SBC_CHAINS_cnn_vmim__n1_jitter_seed_s3_sim279_row265758_noise4574_4753_4932 (240000, 4) acc=0.214
  step 0/1999 best -25.036
  step 50/1999 best -3.500
  step 100/1999 best 11.142
  step 150/1999 best 13.760
  step 200/1999 best 13.472
  step 250/1999 best 14.313
  step 300/1999 best 14.427
  step 350/1999 best 14.416
  step 400/1999 best 14.455
  step 450/1999 best 14.480
  step 500/1999 best 14.401
  step 550/1999 best 14.370
  step 600/1999 best 14.502
  step 650/1999 best 14.368
  step 700/1999 best 14.461
  step 750/1999 best 14.389
  step 800/1999 best 14.493
  step 850/1999 best 14.408
  step 900/1999 best 14.372
  step 950/1999 best 14.467
  step 1000/1999 best 14.348
  step 1050/1999 best 14.441
  step 1100/1999 best 14.249
  step 1150/1999 best 14.455
  step 1200/1999 best 14.445
  step 1250/1999 best 14.464
  step 1300/1999 best 14.387
  step 1350/1999 best 14.358
  step 1400/1999 best 14.378
  step 1450/1999 best 14.415
  step 1500/1999 best 14.485
  step 1550/1999 best 14.449
  step 1600/1999 best 14.482
  step 1650/1999 best 14.454
  step 1700/1999 best 14.507
  step 1750/1999 best 14.270
  step 1800/1999 best 14.357
  step 1850/1999 best 14.394
  step 1900/1999 best 14.451
  step 1950/1999 best 14.493
saved SBC_CHAINS_cnn_vmim__n1_jitter_seed_s3_sim2360_row1959708_noise1988_2167_2346 (240000, 4) acc=0.275
  step 0/1999 best -17.209
  step 50/1999 best 1.959
  step 100/1999 best 13.190
  step 150/1999 best 13.253
  step 200/1999 best 12.445
  step 250/1999 best 16.483
  step 300/1999 best 16.326
  step 350/1999 best 15.583
  step 400/1999 best 14.970
  step 450/1999 best 16.167
  step 500/1999 best 16.583
  step 550/1999 best 16.557
  step 600/1999 best 16.273
  step 650/1999 best 16.616
  step 700/1999 best 16.558
  step 750/1999 best 16.413
  step 800/1999 best 16.518
  step 850/1999 best 16.558
  step 900/1999 best 16.510
  step 950/1999 best 16.529
  step 1000/1999 best 16.598
  step 1050/1999 best 16.643
  step 1100/1999 best 16.466
  step 1150/1999 best 16.614
  step 1200/1999 best 16.551
  step 1250/1999 best 16.637
  step 1300/1999 best 16.622
  step 1350/1999 best 16.609
  step 1400/1999 best 16.560
  step 1450/1999 best 16.670
  step 1500/1999 best 16.534
  step 1550/1999 best 16.541
  step 1600/1999 best 16.588
  step 1650/1999 best 16.576
  step 1700/1999 best 16.634
  step 1750/1999 best 16.607
  step 1800/1999 best 16.575
  step 1850/1999 best 16.371
  step 1900/1999 best 16.581
  step 1950/1999 best 16.527
saved SBC_CHAINS_cnn_vmim__n1_jitter_seed_s3_sim429_row407105_noise6501_6680_6859 (240000, 4) acc=0.204
  step 0/1999 best -19.596
  step 50/1999 best 1.654
  step 100/1999 best 5.004
  step 150/1999 best 11.359
  step 200/1999 best 15.258
  step 250/1999 best 15.132
  step 300/1999 best 15.823
  step 350/1999 best 15.409
  step 400/1999 best 15.635
  step 450/1999 best 15.705
  step 500/1999 best 15.647
  step 550/1999 best 15.600
  step 600/1999 best 15.636
  step 650/1999 best 15.492
  step 700/1999 best 15.632
  step 750/1999 best 15.721
  step 800/1999 best 15.595
  step 850/1999 best 15.714
  step 900/1999 best 15.828
  step 950/1999 best 15.767
  step 1000/1999 best 15.579
  step 1050/1999 best 15.695
  step 1100/1999 best 15.737
  step 1150/1999 best 15.818
  step 1200/1999 best 15.685
  step 1250/1999 best 15.638
  step 1300/1999 best 15.727
  step 1350/1999 best 15.669
  step 1400/1999 best 15.647
  step 1450/1999 best 15.713
  step 1500/1999 best 15.845
  step 1550/1999 best 15.784
  step 1600/1999 best 15.773
  step 1650/1999 best 15.536
  step 1700/1999 best 15.698
  step 1750/1999 best 15.753
  step 1800/1999 best 15.793
  step 1850/1999 best 15.795
  step 1900/1999 best 15.646
  step 1950/1999 best 15.810
saved SBC_CHAINS_cnn_vmim__n1_jitter_seed_s3_sim1429_row1211182_noise4122_4301_4480 (240000, 4) acc=0.239
  step 0/1999 best -8.294
  step 50/1999 best -0.278
  step 100/1999 best -0.207
  step 150/1999 best 6.961
  step 200/1999 best 8.180
  step 250/1999 best 11.780
  step 300/1999 best 11.934
  step 350/1999 best 13.708
  step 400/1999 best 14.295
  step 450/1999 best 14.196
  step 500/1999 best 14.577
  step 550/1999 best 14.865
  step 600/1999 best 14.508
  step 650/1999 best 14.793
  step 700/1999 best 14.846
  step 750/1999 best 14.624
  step 800/1999 best 14.717
  step 850/1999 best 14.863
  step 900/1999 best 14.790
  step 950/1999 best 14.496
  step 1000/1999 best 14.901
  step 1050/1999 best 14.958
  step 1100/1999 best 14.946
  step 1150/1999 best 14.529
  step 1200/1999 best 14.756
  step 1250/1999 best 14.878
  step 1300/1999 best 14.621
  step 1350/1999 best 14.875
  step 1400/1999 best 14.838
  step 1450/1999 best 14.694
  step 1500/1999 best 14.990
  step 1550/1999 best 14.897
  step 1600/1999 best 14.961
  step 1650/1999 best 14.738
  step 1700/1999 best 14.970
  step 1750/1999 best 14.919
  step 1800/1999 best 14.988
  step 1850/1999 best 14.768
  step 1900/1999 best 14.918
  step 1950/1999 best 14.736
saved SBC_CHAINS_cnn_vmim__n1_jitter_seed_s3_sim453_row431530_noise1442_1621_1800 (240000, 4) acc=0.119
  step 0/1999 best -28.492
  step 50/1999 best -2.715
  step 100/1999 best 2.356
  step 150/1999 best 7.472
  step 200/1999 best 13.666
  step 250/1999 best 12.450
  step 300/1999 best 13.905
  step 350/1999 best 13.518
  step 400/1999 best 13.649
  step 450/1999 best 13.772
  step 500/1999 best 13.897
  step 550/1999 best 13.816
  step 600/1999 best 13.865
  step 650/1999 best 13.824
  step 700/1999 best 13.881
  step 750/1999 best 13.940
  step 800/1999 best 13.927
  step 850/1999 best 13.921
  step 900/1999 best 13.823
  step 950/1999 best 13.684
  step 1000/1999 best 13.854
  step 1050/1999 best 13.788
  step 1100/1999 best 13.803
  step 1150/1999 best 13.835
  step 1200/1999 best 13.828
  step 1250/1999 best 13.893
  step 1300/1999 best 13.802
  step 1350/1999 best 13.859
  step 1400/1999 best 13.786
  step 1450/1999 best 13.947
  step 1500/1999 best 13.873
  step 1550/1999 best 13.830
  step 1600/1999 best 13.530
  step 1650/1999 best 13.754
  step 1700/1999 best 13.967
  step 1750/1999 best 13.779
  step 1800/1999 best 13.929
  step 1850/1999 best 13.804
  step 1900/1999 best 13.576
  step 1950/1999 best 13.829
saved SBC_CHAINS_cnn_vmim__n1_jitter_seed_s3_sim2632_row2231998_noise8922_9101_9280 (240000, 4) acc=0.232
  step 0/1999 best -7.647
  step 50/1999 best 9.879
  step 100/1999 best 9.920
  step 150/1999 best 10.707
  step 200/1999 best 10.960
  step 250/1999 best 11.317
  step 300/1999 best 11.606
  step 350/1999 best 11.485
  step 400/1999 best 11.862
  step 450/1999 best 12.514
  step 500/1999 best 12.533
  step 550/1999 best 12.953
  step 600/1999 best 12.552
  step 650/1999 best 12.883
  step 700/1999 best 12.945
  step 750/1999 best 12.837
  step 800/1999 best 12.968
  step 850/1999 best 12.826
  step 900/1999 best 12.868
  step 950/1999 best 12.894
  step 1000/1999 best 12.643
  step 1050/1999 best 12.975
  step 1100/1999 best 12.853
  step 1150/1999 best 12.820
  step 1200/1999 best 12.643
  step 1250/1999 best 12.886
  step 1300/1999 best 12.715
  step 1350/1999 best 12.867
  step 1400/1999 best 12.975
  step 1450/1999 best 12.816
  step 1500/1999 best 12.818
  step 1550/1999 best 12.882
  step 1600/1999 best 12.749
  step 1650/1999 best 12.799
  step 1700/1999 best 12.610
  step 1750/1999 best 12.707
  step 1800/1999 best 12.596
  step 1850/1999 best 12.745
  step 1900/1999 best 12.356
  step 1950/1999 best 12.946
saved SBC_CHAINS_cnn_vmim__n1_jitter_seed_s3_sim913_row862879_noise9703_54_233 (240000, 4) acc=0.138
  step 0/1999 best -23.652
  step 50/1999 best 2.812
  step 100/1999 best 2.812
  step 150/1999 best 14.741
  step 200/1999 best 14.065
  step 250/1999 best 13.506
  step 300/1999 best 15.007
  step 350/1999 best 14.907
  step 400/1999 best 15.057
  step 450/1999 best 14.960
  step 500/1999 best 15.317
  step 550/1999 best 15.114
  step 600/1999 best 15.095
  step 650/1999 best 15.186
  step 700/1999 best 15.215
  step 750/1999 best 14.919
  step 800/1999 best 15.324
  step 850/1999 best 15.310
  step 900/1999 best 15.127
  step 950/1999 best 15.091
  step 1000/1999 best 15.323
  step 1050/1999 best 15.240
  step 1100/1999 best 15.348
  step 1150/1999 best 15.325
  step 1200/1999 best 15.218
  step 1250/1999 best 15.141
  step 1300/1999 best 15.222
  step 1350/1999 best 15.183
  step 1400/1999 best 15.151
  step 1450/1999 best 15.074
  step 1500/1999 best 15.201
  step 1550/1999 best 15.294
  step 1600/1999 best 15.004
  step 1650/1999 best 15.274
  step 1700/1999 best 15.218
  step 1750/1999 best 15.264
  step 1800/1999 best 15.192
  step 1850/1999 best 15.286
  step 1900/1999 best 15.259
  step 1950/1999 best 15.214
saved SBC_CHAINS_cnn_vmim__n1_jitter_seed_s3_sim1545_row1322656_noise2660_2839_3018 (240000, 4) acc=0.153
  step 0/1999 best 0.532
  step 50/1999 best 6.351
  step 100/1999 best 7.871
  step 150/1999 best 10.158
  step 200/1999 best 11.974
  step 250/1999 best 12.538
  step 300/1999 best 12.330
  step 350/1999 best 12.397
  step 400/1999 best 12.483
  step 450/1999 best 12.338
  step 500/1999 best 12.449
  step 550/1999 best 12.606
  step 600/1999 best 12.466
  step 650/1999 best 12.533
  step 700/1999 best 12.641
  step 750/1999 best 12.304
  step 800/1999 best 12.628
  step 850/1999 best 12.679
  step 900/1999 best 12.379
  step 950/1999 best 12.642
  step 1000/1999 best 12.576
  step 1050/1999 best 12.489
  step 1100/1999 best 12.624
  step 1150/1999 best 12.711
  step 1200/1999 best 12.737
  step 1250/1999 best 12.583
  step 1300/1999 best 12.658
  step 1350/1999 best 12.646
  step 1400/1999 best 12.565
  step 1450/1999 best 12.460
  step 1500/1999 best 12.622
  step 1550/1999 best 12.717
  step 1600/1999 best 12.529
  step 1650/1999 best 12.670
  step 1700/1999 best 12.349
  step 1750/1999 best 12.591
  step 1800/1999 best 12.426
  step 1850/1999 best 12.769
  step 1900/1999 best 12.627
  step 1950/1999 best 12.453
saved SBC_CHAINS_cnn_vmim__n1_jitter_seed_s3_sim765_row714631_noise8875_9054_9233 (240000, 4) acc=0.126
  step 0/1999 best -22.953
  step 50/1999 best -0.482
  step 100/1999 best 8.939
  step 150/1999 best 14.087
  step 200/1999 best 15.093
  step 250/1999 best 15.008
  step 300/1999 best 15.307
  step 350/1999 best 15.322
  step 400/1999 best 15.382
  step 450/1999 best 15.288
  step 500/1999 best 15.403
  step 550/1999 best 15.321
  step 600/1999 best 15.350
  step 650/1999 best 15.420
  step 700/1999 best 15.308
  step 750/1999 best 15.357
  step 800/1999 best 15.319
  step 850/1999 best 15.376
  step 900/1999 best 15.413
  step 950/1999 best 15.310
  step 1000/1999 best 15.429
  step 1050/1999 best 15.408
  step 1100/1999 best 15.425
  step 1150/1999 best 15.412
  step 1200/1999 best 15.145
  step 1250/1999 best 15.385
  step 1300/1999 best 15.329
  step 1350/1999 best 15.302
  step 1400/1999 best 15.366
  step 1450/1999 best 15.369
  step 1500/1999 best 15.465
  step 1550/1999 best 15.408
  step 1600/1999 best 15.370
  step 1650/1999 best 15.317
  step 1700/1999 best 15.289
  step 1750/1999 best 15.294
  step 1800/1999 best 15.063
  step 1850/1999 best 15.409
  step 1900/1999 best 15.400
  step 1950/1999 best 15.452
saved SBC_CHAINS_cnn_vmim__n1_jitter_seed_s3_sim872_row821051_noise7187_7366_7545 (240000, 4) acc=0.228
  step 0/1999 best -24.341
  step 50/1999 best 2.378
  step 100/1999 best 14.183
  step 150/1999 best 13.184
  step 200/1999 best 14.690
  step 250/1999 best 15.300
  step 300/1999 best 15.466
  step 350/1999 best 15.663
  step 400/1999 best 15.740
  step 450/1999 best 15.617
  step 500/1999 best 15.754
  step 550/1999 best 15.733
  step 600/1999 best 15.649
  step 650/1999 best 15.711
  step 700/1999 best 15.815
  step 750/1999 best 15.839
  step 800/1999 best 15.773
  step 850/1999 best 15.770
  step 900/1999 best 15.766
  step 950/1999 best 15.627
  step 1000/1999 best 15.778
  step 1050/1999 best 15.606
  step 1100/1999 best 15.692
  step 1150/1999 best 15.791
  step 1200/1999 best 15.617
  step 1250/1999 best 15.749
  step 1300/1999 best 15.864
  step 1350/1999 best 15.643
  step 1400/1999 best 15.708
  step 1450/1999 best 15.680
  step 1500/1999 best 15.862
  step 1550/1999 best 15.779
  step 1600/1999 best 15.668
  step 1650/1999 best 15.816
  step 1700/1999 best 15.829
  step 1750/1999 best 15.696
  step 1800/1999 best 15.576
  step 1850/1999 best 15.646
  step 1900/1999 best 15.562
  step 1950/1999 best 15.735
saved SBC_CHAINS_cnn_vmim__n1_jitter_seed_s3_sim734_row683953_noise7681_7860_8039 (240000, 4) acc=0.161
  step 0/1999 best -30.872
  step 50/1999 best -3.293
  step 100/1999 best -1.143
  step 150/1999 best -0.652
  step 200/1999 best 0.519
  step 250/1999 best 1.320
  step 300/1999 best 9.246
  step 350/1999 best 14.476
  step 400/1999 best 14.761
  step 450/1999 best 14.258
  step 500/1999 best 15.858
  step 550/1999 best 16.439
  step 600/1999 best 16.478
  step 650/1999 best 16.346
  step 700/1999 best 16.394
  step 750/1999 best 16.266
  step 800/1999 best 16.488
  step 850/1999 best 16.503
  step 900/1999 best 16.428
  step 950/1999 best 16.431
  step 1000/1999 best 16.402
  step 1050/1999 best 16.317
  step 1100/1999 best 16.414
  step 1150/1999 best 16.579
  step 1200/1999 best 16.575
  step 1250/1999 best 16.542
  step 1300/1999 best 16.593
  step 1350/1999 best 16.556
  step 1400/1999 best 16.603
  step 1450/1999 best 16.465
  step 1500/1999 best 16.459
  step 1550/1999 best 16.413
  step 1600/1999 best 16.436
  step 1650/1999 best 16.529
  step 1700/1999 best 16.580
  step 1750/1999 best 16.512
  step 1800/1999 best 16.549
  step 1850/1999 best 16.559
  step 1900/1999 best 16.364
  step 1950/1999 best 16.492
saved SBC_CHAINS_cnn_vmim__n1_jitter_seed_s3_sim2062_row1672940_noise8888_9067_9246 (240000, 4) acc=0.228
  step 0/1999 best -10.665
  step 50/1999 best 3.562
  step 100/1999 best 5.817
  step 150/1999 best 10.296
  step 200/1999 best 11.021
  step 250/1999 best 14.716
  step 300/1999 best 15.022
  step 350/1999 best 15.559
  step 400/1999 best 15.468
  step 450/1999 best 15.232
  step 500/1999 best 15.643
  step 550/1999 best 15.462
  step 600/1999 best 15.659
  step 650/1999 best 15.442
  step 700/1999 best 15.565
  step 750/1999 best 15.503
  step 800/1999 best 15.599
  step 850/1999 best 15.556
  step 900/1999 best 15.448
  step 950/1999 best 15.663
  step 1000/1999 best 15.546
  step 1050/1999 best 15.632
  step 1100/1999 best 15.474
  step 1150/1999 best 15.475
  step 1200/1999 best 15.540
  step 1250/1999 best 15.573
  step 1300/1999 best 15.570
  step 1350/1999 best 15.579
  step 1400/1999 best 15.535
  step 1450/1999 best 15.606
  step 1500/1999 best 15.469
  step 1550/1999 best 15.511
  step 1600/1999 best 15.627
  step 1650/1999 best 15.577
  step 1700/1999 best 15.481
  step 1750/1999 best 15.537
  step 1800/1999 best 15.570
  step 1850/1999 best 15.387
  step 1900/1999 best 15.464
  step 1950/1999 best 15.585
saved SBC_CHAINS_cnn_vmim__n1_jitter_seed_s3_sim1423_row1205915_noise8683_8862_9041 (240000, 4) acc=0.223
  step 0/1999 best -28.313
  step 50/1999 best 0.416
  step 100/1999 best 5.309
  step 150/1999 best 11.650
  step 200/1999 best 11.657
  step 250/1999 best 12.492
  step 300/1999 best 12.377
  step 350/1999 best 12.714
  step 400/1999 best 12.721
  step 450/1999 best 12.594
  step 500/1999 best 12.897
  step 550/1999 best 12.803
  step 600/1999 best 12.901
  step 650/1999 best 12.595
  step 700/1999 best 12.893
  step 750/1999 best 12.847
  step 800/1999 best 12.933
  step 850/1999 best 12.707
  step 900/1999 best 12.827
  step 950/1999 best 12.778
  step 1000/1999 best 12.617
  step 1050/1999 best 12.904
  step 1100/1999 best 12.828
  step 1150/1999 best 12.894
  step 1200/1999 best 12.842
  step 1250/1999 best 12.918
  step 1300/1999 best 12.807
  step 1350/1999 best 12.736
  step 1400/1999 best 12.957
  step 1450/1999 best 12.775
  step 1500/1999 best 12.767
  step 1550/1999 best 12.797
  step 1600/1999 best 12.720
  step 1650/1999 best 12.953
  step 1700/1999 best 12.924
  step 1750/1999 best 12.852
  step 1800/1999 best 12.826
  step 1850/1999 best 12.762
  step 1900/1999 best 12.906
  step 1950/1999 best 12.739
saved SBC_CHAINS_cnn_vmim__n1_jitter_seed_s3_sim3057_row2652484_noise976_1155_1334 (240000, 4) acc=0.228
  step 0/1999 best -17.890
  step 50/1999 best 9.290
  step 100/1999 best 14.105
  step 150/1999 best 15.345
  step 200/1999 best 15.414
  step 250/1999 best 15.802
  step 300/1999 best 15.810
  step 350/1999 best 15.786
  step 400/1999 best 15.801
  step 450/1999 best 15.230
  step 500/1999 best 15.721
  step 550/1999 best 15.795
  step 600/1999 best 15.636
  step 650/1999 best 15.591
  step 700/1999 best 15.824
  step 750/1999 best 15.543
  step 800/1999 best 15.773
  step 850/1999 best 15.761
  step 900/1999 best 15.750
  step 950/1999 best 15.744
  step 1000/1999 best 15.727
  step 1050/1999 best 15.689
  step 1100/1999 best 15.730
  step 1150/1999 best 15.487
  step 1200/1999 best 15.780
  step 1250/1999 best 15.800
  step 1300/1999 best 15.692
  step 1350/1999 best 15.631
  step 1400/1999 best 15.774
  step 1450/1999 best 15.813
  step 1500/1999 best 15.782
  step 1550/1999 best 15.871
  step 1600/1999 best 15.755
  step 1650/1999 best 15.785
  step 1700/1999 best 15.805
  step 1750/1999 best 15.848
  step 1800/1999 best 15.739
  step 1850/1999 best 15.771
  step 1900/1999 best 15.798
  step 1950/1999 best 15.537
saved SBC_CHAINS_cnn_vmim__n1_jitter_seed_s3_sim1929_row1540493_noise3205_3384_3563 (240000, 4) acc=0.172
  step 0/1999 best -14.484
  step 50/1999 best -2.334
  step 100/1999 best 8.044
  step 150/1999 best 10.565
  step 200/1999 best 13.115
  step 250/1999 best 12.901
  step 300/1999 best 13.421
  step 350/1999 best 13.385
  step 400/1999 best 13.361
  step 450/1999 best 13.218
  step 500/1999 best 13.400
  step 550/1999 best 13.195
  step 600/1999 best 13.424
  step 650/1999 best 13.457
  step 700/1999 best 13.580
  step 750/1999 best 13.639
  step 800/1999 best 13.510
  step 850/1999 best 13.563
  step 900/1999 best 13.103
  step 950/1999 best 13.312
  step 1000/1999 best 13.682
  step 1050/1999 best 13.384
  step 1100/1999 best 13.451
  step 1150/1999 best 13.573
  step 1200/1999 best 13.620
  step 1250/1999 best 13.400
  step 1300/1999 best 13.510
  step 1350/1999 best 13.611
  step 1400/1999 best 13.549
  step 1450/1999 best 13.602
  step 1500/1999 best 13.699
  step 1550/1999 best 13.706
  step 1600/1999 best 13.293
  step 1650/1999 best 13.534
  step 1700/1999 best 13.396
  step 1750/1999 best 13.488
  step 1800/1999 best 13.666
  step 1850/1999 best 13.624
  step 1900/1999 best 13.501
  step 1950/1999 best 13.686
saved SBC_CHAINS_cnn_vmim__n1_jitter_seed_s3_sim1772_row1524181_noise3141_3320_3499 (240000, 4) acc=0.108
  step 0/1999 best -12.896
  step 50/1999 best -2.663
  step 100/1999 best 3.254
  step 150/1999 best 3.254
  step 200/1999 best 4.139
  step 250/1999 best 4.589
  step 300/1999 best 10.960
  step 350/1999 best 11.473
  step 400/1999 best 12.778
  step 450/1999 best 12.745
  step 500/1999 best 12.798
  step 550/1999 best 13.053
  step 600/1999 best 13.186
  step 650/1999 best 13.125
  step 700/1999 best 13.013
  step 750/1999 best 13.071
  step 800/1999 best 13.067
  step 850/1999 best 12.999
  step 900/1999 best 13.225
  step 950/1999 best 13.210
  step 1000/1999 best 13.411
  step 1050/1999 best 12.846
  step 1100/1999 best 13.437
  step 1150/1999 best 13.023
  step 1200/1999 best 13.153
  step 1250/1999 best 13.202
  step 1300/1999 best 13.296
  step 1350/1999 best 13.251
  step 1400/1999 best 13.133
  step 1450/1999 best 13.017
  step 1500/1999 best 13.045
  step 1550/1999 best 13.093
  step 1600/1999 best 13.167
  step 1650/1999 best 13.262
  step 1700/1999 best 13.269
  step 1750/1999 best 13.367
  step 1800/1999 best 13.416
  step 1850/1999 best 13.248
  step 1900/1999 best 13.386
  step 1950/1999 best 13.293
saved SBC_CHAINS_cnn_vmim__n1_jitter_seed_s3_sim991_row940679_noise8879_9058_9237 (240000, 4) acc=0.154
  step 0/1999 best -20.367
  step 50/1999 best 14.325
  step 100/1999 best 15.567
  step 150/1999 best 15.867
  step 200/1999 best 15.508
  step 250/1999 best 16.688
  step 300/1999 best 17.009
  step 350/1999 best 17.123
  step 400/1999 best 16.950
  step 450/1999 best 17.069
  step 500/1999 best 17.109
  step 550/1999 best 17.100
  step 600/1999 best 17.016
  step 650/1999 best 17.009
  step 700/1999 best 17.170
  step 750/1999 best 17.037
  step 800/1999 best 16.916
  step 850/1999 best 16.974
  step 900/1999 best 17.065
  step 950/1999 best 16.906
  step 1000/1999 best 17.091
  step 1050/1999 best 17.088
  step 1100/1999 best 16.960
  step 1150/1999 best 16.913
  step 1200/1999 best 17.067
  step 1250/1999 best 16.858
  step 1300/1999 best 17.077
  step 1350/1999 best 17.125
  step 1400/1999 best 16.997
  step 1450/1999 best 16.996
  step 1500/1999 best 17.024
  step 1550/1999 best 17.110
  step 1600/1999 best 17.061
  step 1650/1999 best 17.056
  step 1700/1999 best 17.045
  step 1750/1999 best 17.085
  step 1800/1999 best 17.008
  step 1850/1999 best 16.889
  step 1900/1999 best 17.048
  step 1950/1999 best 17.005
saved SBC_CHAINS_cnn_vmim__n1_jitter_seed_s3_sim1280_row1097647_noise3007_3186_3365 (240000, 4) acc=0.266
  step 0/1999 best -17.438
  step 50/1999 best 1.496
  step 100/1999 best 12.014
  step 150/1999 best 12.014
  step 200/1999 best 15.315
  step 250/1999 best 15.557
  step 300/1999 best 16.437
  step 350/1999 best 16.790
  step 400/1999 best 16.796
  step 450/1999 best 16.477
  step 500/1999 best 16.706
  step 550/1999 best 16.623
  step 600/1999 best 16.741
  step 650/1999 best 16.679
  step 700/1999 best 16.773
  step 750/1999 best 16.762
  step 800/1999 best 16.796
  step 850/1999 best 16.691
  step 900/1999 best 16.590
  step 950/1999 best 16.657
  step 1000/1999 best 16.770
  step 1050/1999 best 16.694
  step 1100/1999 best 16.796
  step 1150/1999 best 16.749
  step 1200/1999 best 16.684
  step 1250/1999 best 16.686
  step 1300/1999 best 16.793
  step 1350/1999 best 16.776
  step 1400/1999 best 16.782
  step 1450/1999 best 16.784
  step 1500/1999 best 16.806
  step 1550/1999 best 16.721
  step 1600/1999 best 16.780
  step 1650/1999 best 16.715
  step 1700/1999 best 16.649
  step 1750/1999 best 16.730
  step 1800/1999 best 16.784
  step 1850/1999 best 16.813
  step 1900/1999 best 16.663
  step 1950/1999 best 16.787
saved SBC_CHAINS_cnn_vmim__n1_jitter_seed_s3_sim2067_row1677518_noise3638_3817_3996 (240000, 4) acc=0.265
  step 0/1999 best -19.959
  step 50/1999 best 2.174
  step 100/1999 best 3.683
  step 150/1999 best 8.913
  step 200/1999 best 13.468
  step 250/1999 best 13.667
  step 300/1999 best 13.648
  step 350/1999 best 13.836
  step 400/1999 best 13.869
  step 450/1999 best 13.987
  step 500/1999 best 13.855
  step 550/1999 best 13.906
  step 600/1999 best 13.983
  step 650/1999 best 13.965
  step 700/1999 best 13.853
  step 750/1999 best 13.840
  step 800/1999 best 13.994
  step 850/1999 best 13.791
  step 900/1999 best 13.942
  step 950/1999 best 13.900
  step 1000/1999 best 13.982
  step 1050/1999 best 13.995
  step 1100/1999 best 14.083
  step 1150/1999 best 13.940
  step 1200/1999 best 13.987
  step 1250/1999 best 13.925
  step 1300/1999 best 13.955
  step 1350/1999 best 14.005
  step 1400/1999 best 14.047
  step 1450/1999 best 13.734
  step 1500/1999 best 13.838
  step 1550/1999 best 13.902
  step 1600/1999 best 13.963
  step 1650/1999 best 14.072
  step 1700/1999 best 13.983
  step 1750/1999 best 13.993
  step 1800/1999 best 13.909
  step 1850/1999 best 13.782
  step 1900/1999 best 14.011
  step 1950/1999 best 13.962
saved SBC_CHAINS_cnn_vmim__n1_jitter_seed_s3_sim2521_row2120982_noise6014_6193_6372 (240000, 4) acc=0.276
  step 0/1999 best -21.992
  step 50/1999 best -2.909
  step 100/1999 best 3.179
  step 150/1999 best 10.683
  step 200/1999 best 14.654
  step 250/1999 best 15.389
  step 300/1999 best 15.259
  step 350/1999 best 15.733
  step 400/1999 best 15.446
  step 450/1999 best 15.360
  step 500/1999 best 15.533
  step 550/1999 best 15.633
  step 600/1999 best 15.767
  step 650/1999 best 15.474
  step 700/1999 best 15.776
  step 750/1999 best 15.479
  step 800/1999 best 15.612
  step 850/1999 best 15.807
  step 900/1999 best 15.634
  step 950/1999 best 15.644
  step 1000/1999 best 15.793
  step 1050/1999 best 15.597
  step 1100/1999 best 15.677
  step 1150/1999 best 15.751
  step 1200/1999 best 15.641
  step 1250/1999 best 15.766
  step 1300/1999 best 15.776
  step 1350/1999 best 15.641
  step 1400/1999 best 15.527
  step 1450/1999 best 15.617
  step 1500/1999 best 15.457
  step 1550/1999 best 15.728
  step 1600/1999 best 15.549
  step 1650/1999 best 15.717
  step 1700/1999 best 15.761
  step 1750/1999 best 15.692
  step 1800/1999 best 15.727
  step 1850/1999 best 15.616
  step 1900/1999 best 15.578
  step 1950/1999 best 15.584
saved SBC_CHAINS_cnn_vmim__n1_jitter_seed_s3_sim1339_row1148093_noise2485_2664_2843 (240000, 4) acc=0.181
  step 0/1999 best -20.616
  step 50/1999 best 7.916
  step 100/1999 best 11.763
  step 150/1999 best 10.107
  step 200/1999 best 13.471
  step 250/1999 best 13.458
  step 300/1999 best 13.433
  step 350/1999 best 13.676
  step 400/1999 best 13.840
  step 450/1999 best 13.790
  step 500/1999 best 14.008
  step 550/1999 best 13.628
  step 600/1999 best 13.876
  step 650/1999 best 13.978
  step 700/1999 best 13.882
  step 750/1999 best 14.033
  step 800/1999 best 13.872
  step 850/1999 best 13.927
  step 900/1999 best 13.819
  step 950/1999 best 13.922
  step 1000/1999 best 13.945
  step 1050/1999 best 13.970
  step 1100/1999 best 14.003
  step 1150/1999 best 13.894
  step 1200/1999 best 13.935
  step 1250/1999 best 14.034
  step 1300/1999 best 13.884
  step 1350/1999 best 13.924
  step 1400/1999 best 13.999
  step 1450/1999 best 14.022
  step 1500/1999 best 13.723
  step 1550/1999 best 13.873
  step 1600/1999 best 13.927
  step 1650/1999 best 13.972
  step 1700/1999 best 13.969
  step 1750/1999 best 13.908
  step 1800/1999 best 13.949
  step 1850/1999 best 14.038
  step 1900/1999 best 13.974
  step 1950/1999 best 13.825
saved SBC_CHAINS_cnn_vmim__n1_jitter_seed_s3_sim2362_row1961136_noise3416_3595_3774 (240000, 4) acc=0.221
  step 0/1999 best -25.008
  step 50/1999 best 8.044
  step 100/1999 best 12.542
  step 150/1999 best 13.516
  step 200/1999 best 13.970
  step 250/1999 best 13.975
  step 300/1999 best 13.903
  step 350/1999 best 14.049
  step 400/1999 best 14.146
  step 450/1999 best 14.040
  step 500/1999 best 14.165
  step 550/1999 best 14.149
  step 600/1999 best 14.085
  step 650/1999 best 14.050
  step 700/1999 best 13.930
  step 750/1999 best 14.126
  step 800/1999 best 14.026
  step 850/1999 best 14.067
  step 900/1999 best 13.884
  step 950/1999 best 14.133
  step 1000/1999 best 14.130
  step 1050/1999 best 13.885
  step 1100/1999 best 13.999
  step 1150/1999 best 14.144
  step 1200/1999 best 14.120
  step 1250/1999 best 14.167
  step 1300/1999 best 14.101
  step 1350/1999 best 14.135
  step 1400/1999 best 13.967
  step 1450/1999 best 14.081
  step 1500/1999 best 14.179
  step 1550/1999 best 14.071
  step 1600/1999 best 14.049
  step 1650/1999 best 14.062
  step 1700/1999 best 14.015
  step 1750/1999 best 14.024
  step 1800/1999 best 13.943
  step 1850/1999 best 14.039
  step 1900/1999 best 14.066
  step 1950/1999 best 14.076
saved SBC_CHAINS_cnn_vmim__n1_jitter_seed_s3_sim2600_row2199131_noise5539_5718_5897 (240000, 4) acc=0.340
  step 0/1999 best -24.543
  step 50/1999 best -4.279
  step 100/1999 best 9.899
  step 150/1999 best 9.454
  step 200/1999 best 11.832
  step 250/1999 best 11.840
  step 300/1999 best 12.061
  step 350/1999 best 12.001
  step 400/1999 best 12.277
  step 450/1999 best 12.227
  step 500/1999 best 12.207
  step 550/1999 best 12.375
  step 600/1999 best 12.290
  step 650/1999 best 12.284
  step 700/1999 best 12.111
  step 750/1999 best 12.330
  step 800/1999 best 12.232
  step 850/1999 best 12.239
  step 900/1999 best 12.281
  step 950/1999 best 12.184
  step 1000/1999 best 12.210
  step 1050/1999 best 12.220
  step 1100/1999 best 12.250
  step 1150/1999 best 11.997
  step 1200/1999 best 12.303
  step 1250/1999 best 12.353
  step 1300/1999 best 12.250
  step 1350/1999 best 12.335
  step 1400/1999 best 12.290
  step 1450/1999 best 12.357
  step 1500/1999 best 12.336
  step 1550/1999 best 12.357
  step 1600/1999 best 12.308
  step 1650/1999 best 12.328
  step 1700/1999 best 12.264
  step 1750/1999 best 12.316
  step 1800/1999 best 12.169
  step 1850/1999 best 12.293
  step 1900/1999 best 12.286
  step 1950/1999 best 12.261
saved SBC_CHAINS_cnn_vmim__n1_jitter_seed_s3_sim2912_row2507711_noise3623_3802_3981 (240000, 4) acc=0.243
  step 0/1999 best -12.932
  step 50/1999 best 3.233
  step 100/1999 best 9.644
  step 150/1999 best 13.877
  step 200/1999 best 14.205
  step 250/1999 best 14.972
  step 300/1999 best 14.972
  step 350/1999 best 15.763
  step 400/1999 best 15.801
  step 450/1999 best 15.711
  step 500/1999 best 15.521
  step 550/1999 best 16.542
  step 600/1999 best 16.395
  step 650/1999 best 16.620
  step 700/1999 best 16.406
  step 750/1999 best 16.441
  step 800/1999 best 16.434
  step 850/1999 best 16.472
  step 900/1999 best 16.470
  step 950/1999 best 16.421
  step 1000/1999 best 16.497
  step 1050/1999 best 16.372
  step 1100/1999 best 16.327
  step 1150/1999 best 16.504
  step 1200/1999 best 16.553
  step 1250/1999 best 16.437
  step 1300/1999 best 16.551
  step 1350/1999 best 16.637
  step 1400/1999 best 16.598
  step 1450/1999 best 16.529
  step 1500/1999 best 16.510
  step 1550/1999 best 16.558
  step 1600/1999 best 16.482
  step 1650/1999 best 16.521
  step 1700/1999 best 16.479
  step 1750/1999 best 16.418
  step 1800/1999 best 16.596
  step 1850/1999 best 16.516
  step 1900/1999 best 16.277
  step 1950/1999 best 16.410
saved SBC_CHAINS_cnn_vmim__n1_jitter_seed_s3_sim1743_row1496540_noise3984_4163_4342 (240000, 4) acc=0.183
  step 0/1999 best -20.676
  step 50/1999 best 1.504
  step 100/1999 best 7.001
  step 150/1999 best 10.668
  step 200/1999 best 11.931
  step 250/1999 best 13.051
  step 300/1999 best 14.367
  step 350/1999 best 14.589
  step 400/1999 best 14.734
  step 450/1999 best 14.207
  step 500/1999 best 14.520
  step 550/1999 best 14.728
  step 600/1999 best 14.664
  step 650/1999 best 14.570
  step 700/1999 best 14.609
  step 750/1999 best 14.786
  step 800/1999 best 14.596
  step 850/1999 best 14.572
  step 900/1999 best 14.332
  step 950/1999 best 14.543
  step 1000/1999 best 14.745
  step 1050/1999 best 14.590
  step 1100/1999 best 14.832
  step 1150/1999 best 14.685
  step 1200/1999 best 14.510
  step 1250/1999 best 14.638
  step 1300/1999 best 14.623
  step 1350/1999 best 14.393
  step 1400/1999 best 14.685
  step 1450/1999 best 14.508
  step 1500/1999 best 14.835
  step 1550/1999 best 14.377
  step 1600/1999 best 14.301
  step 1650/1999 best 14.474
  step 1700/1999 best 14.767
  step 1750/1999 best 14.699
  step 1800/1999 best 14.533
  step 1850/1999 best 14.655
  step 1900/1999 best 14.678
  step 1950/1999 best 14.660
saved SBC_CHAINS_cnn_vmim__n1_jitter_seed_s3_sim134_row125432_noise6668_6847_7026 (240000, 4) acc=0.130
  step 0/1999 best -21.140
  step 50/1999 best 3.638
  step 100/1999 best 5.671
  step 150/1999 best 13.698
  step 200/1999 best 13.698
  step 250/1999 best 15.200
  step 300/1999 best 15.200
  step 350/1999 best 15.821
  step 400/1999 best 16.418
  step 450/1999 best 16.294
  step 500/1999 best 16.486
  step 550/1999 best 16.352
  step 600/1999 best 16.029
  step 650/1999 best 16.311
  step 700/1999 best 16.306
  step 750/1999 best 16.555
  step 800/1999 best 16.283
  step 850/1999 best 16.552
  step 900/1999 best 16.343
  step 950/1999 best 16.275
  step 1000/1999 best 16.486
  step 1050/1999 best 16.596
  step 1100/1999 best 16.574
  step 1150/1999 best 16.507
  step 1200/1999 best 16.472
  step 1250/1999 best 16.659
  step 1300/1999 best 16.507
  step 1350/1999 best 16.458
  step 1400/1999 best 16.423
  step 1450/1999 best 16.588
  step 1500/1999 best 16.510
  step 1550/1999 best 16.629
  step 1600/1999 best 16.440
  step 1650/1999 best 16.581
  step 1700/1999 best 16.556
  step 1750/1999 best 16.542
  step 1800/1999 best 16.629
  step 1850/1999 best 16.575
  step 1900/1999 best 16.618
  step 1950/1999 best 16.574
saved SBC_CHAINS_cnn_vmim__n1_jitter_seed_s3_sim1191_row1009348_noise2160_2339_2518 (240000, 4) acc=0.152
  step 0/1999 best -22.756
  step 50/1999 best 6.186
  step 100/1999 best 6.693
  step 150/1999 best 15.476
  step 200/1999 best 15.683
  step 250/1999 best 15.756
  step 300/1999 best 16.571
  step 350/1999 best 16.653
  step 400/1999 best 16.535
  step 450/1999 best 16.211
  step 500/1999 best 16.626
  step 550/1999 best 16.613
  step 600/1999 best 16.692
  step 650/1999 best 16.746
  step 700/1999 best 16.378
  step 750/1999 best 16.578
  step 800/1999 best 16.556
  step 850/1999 best 16.735
  step 900/1999 best 16.662
  step 950/1999 best 16.613
  step 1000/1999 best 16.630
  step 1050/1999 best 16.606
  step 1100/1999 best 16.505
  step 1150/1999 best 16.499
  step 1200/1999 best 16.649
  step 1250/1999 best 16.647
  step 1300/1999 best 16.256
  step 1350/1999 best 16.724
  step 1400/1999 best 16.611
  step 1450/1999 best 16.722
  step 1500/1999 best 16.597
  step 1550/1999 best 16.658
  step 1600/1999 best 16.652
  step 1650/1999 best 16.715
  step 1700/1999 best 16.713
  step 1750/1999 best 16.693
  step 1800/1999 best 16.486
  step 1850/1999 best 16.544
  step 1900/1999 best 16.721
  step 1950/1999 best 16.519
saved SBC_CHAINS_cnn_vmim__n1_jitter_seed_s3_sim1438_row1220673_noise3785_3964_4143 (240000, 4) acc=0.157
  step 0/1999 best -22.654
  step 50/1999 best -4.695
  step 100/1999 best 2.943
  step 150/1999 best 11.318
  step 200/1999 best 12.037
  step 250/1999 best 14.545
  step 300/1999 best 15.674
  step 350/1999 best 15.400
  step 400/1999 best 15.601
  step 450/1999 best 15.418
  step 500/1999 best 15.299
  step 550/1999 best 15.380
  step 600/1999 best 15.363
  step 650/1999 best 15.142
  step 700/1999 best 15.251
  step 750/1999 best 15.350
  step 800/1999 best 15.571
  step 850/1999 best 15.386
  step 900/1999 best 15.521
  step 950/1999 best 15.296
  step 1000/1999 best 15.611
  step 1050/1999 best 15.442
  step 1100/1999 best 15.506
  step 1150/1999 best 15.513
  step 1200/1999 best 15.489
  step 1250/1999 best 15.327
  step 1300/1999 best 15.477
  step 1350/1999 best 15.634
  step 1400/1999 best 15.602
  step 1450/1999 best 15.349
  step 1500/1999 best 15.528
  step 1550/1999 best 15.416
  step 1600/1999 best 15.683
  step 1650/1999 best 15.387
  step 1700/1999 best 15.452
  step 1750/1999 best 15.383
  step 1800/1999 best 15.610
  step 1850/1999 best 15.458
  step 1900/1999 best 15.340
  step 1950/1999 best 15.617
saved SBC_CHAINS_cnn_vmim__n1_jitter_seed_s3_sim368_row354024_noise4388_4567_4746 (240000, 4) acc=0.135
  step 0/1999 best -15.415
  step 50/1999 best 14.108
  step 100/1999 best 13.873
  step 150/1999 best 16.208
  step 200/1999 best 15.976
  step 250/1999 best 16.207
  step 300/1999 best 16.321
  step 350/1999 best 16.367
  step 400/1999 best 16.251
  step 450/1999 best 16.316
  step 500/1999 best 16.250
  step 550/1999 best 16.432
  step 600/1999 best 16.364
  step 650/1999 best 16.426
  step 700/1999 best 16.301
  step 750/1999 best 16.257
  step 800/1999 best 16.354
  step 850/1999 best 16.326
  step 900/1999 best 16.262
  step 950/1999 best 16.321
  step 1000/1999 best 16.161
  step 1050/1999 best 16.432
  step 1100/1999 best 16.337
  step 1150/1999 best 16.393
  step 1200/1999 best 16.357
  step 1250/1999 best 16.354
  step 1300/1999 best 16.414
  step 1350/1999 best 16.353
  step 1400/1999 best 16.394
  step 1450/1999 best 16.337
  step 1500/1999 best 16.321
  step 1550/1999 best 16.374
  step 1600/1999 best 16.264
  step 1650/1999 best 16.380
  step 1700/1999 best 16.369
  step 1750/1999 best 16.326
  step 1800/1999 best 16.396
  step 1850/1999 best 16.334
  step 1900/1999 best 16.302
  step 1950/1999 best 16.339
saved SBC_CHAINS_cnn_vmim__n1_jitter_seed_s3_sim891_row840743_noise7223_7402_7581 (240000, 4) acc=0.298
  step 0/1999 best -11.226
  step 50/1999 best 4.270
  step 100/1999 best 11.371
  step 150/1999 best 14.701
  step 200/1999 best 15.228
  step 250/1999 best 15.154
  step 300/1999 best 15.610
  step 350/1999 best 15.319
  step 400/1999 best 15.550
  step 450/1999 best 15.330
  step 500/1999 best 15.455
  step 550/1999 best 15.316
  step 600/1999 best 15.532
  step 650/1999 best 15.395
  step 700/1999 best 15.487
  step 750/1999 best 15.436
  step 800/1999 best 15.553
  step 850/1999 best 15.420
  step 900/1999 best 15.233
  step 950/1999 best 15.557
  step 1000/1999 best 15.610
  step 1050/1999 best 15.480
  step 1100/1999 best 15.331
  step 1150/1999 best 15.395
  step 1200/1999 best 15.463
  step 1250/1999 best 15.566
  step 1300/1999 best 15.303
  step 1350/1999 best 15.493
  step 1400/1999 best 15.395
  step 1450/1999 best 15.501
  step 1500/1999 best 15.431
  step 1550/1999 best 15.530
  step 1600/1999 best 15.451
  step 1650/1999 best 15.536
  step 1700/1999 best 15.478
  step 1750/1999 best 15.574
  step 1800/1999 best 15.577
  step 1850/1999 best 15.540
  step 1900/1999 best 15.504
  step 1950/1999 best 15.533
saved SBC_CHAINS_cnn_vmim__n1_jitter_seed_s3_sim795_row744293_noise9053_9232_9411 (240000, 4) acc=0.224
  step 0/1999 best -19.035
  step 50/1999 best 3.351
  step 100/1999 best 10.455
  step 150/1999 best 11.328
  step 200/1999 best 12.042
  step 250/1999 best 12.222
  step 300/1999 best 12.281
  step 350/1999 best 12.429
  step 400/1999 best 12.436
  step 450/1999 best 12.366
  step 500/1999 best 12.129
  step 550/1999 best 12.290
  step 600/1999 best 12.384
  step 650/1999 best 12.200
  step 700/1999 best 12.425
  step 750/1999 best 12.331
  step 800/1999 best 12.242
  step 850/1999 best 12.288
  step 900/1999 best 12.334
  step 950/1999 best 12.379
  step 1000/1999 best 12.385
  step 1050/1999 best 12.312
  step 1100/1999 best 12.395
  step 1150/1999 best 12.383
  step 1200/1999 best 12.390
  step 1250/1999 best 12.380
  step 1300/1999 best 12.444
  step 1350/1999 best 12.401
  step 1400/1999 best 12.405
  step 1450/1999 best 12.377
  step 1500/1999 best 12.388
  step 1550/1999 best 12.314
  step 1600/1999 best 12.283
  step 1650/1999 best 12.435
  step 1700/1999 best 12.307
  step 1750/1999 best 12.350
  step 1800/1999 best 12.274
  step 1850/1999 best 12.267
  step 1900/1999 best 12.336
  step 1950/1999 best 12.293
saved SBC_CHAINS_cnn_vmim__n1_jitter_seed_s3_sim2983_row2578593_noise5709_5888_6067 (240000, 4) acc=0.286
  step 0/1999 best -14.349
  step 50/1999 best -2.761
  step 100/1999 best 13.367
  step 150/1999 best 13.701
  step 200/1999 best 14.798
  step 250/1999 best 14.874
  step 300/1999 best 14.948
  step 350/1999 best 14.859
  step 400/1999 best 14.795
  step 450/1999 best 14.880
  step 500/1999 best 14.876
  step 550/1999 best 14.820
  step 600/1999 best 14.873
  step 650/1999 best 14.906
  step 700/1999 best 14.889
  step 750/1999 best 14.814
  step 800/1999 best 14.849
  step 850/1999 best 14.898
  step 900/1999 best 14.836
  step 950/1999 best 14.939
  step 1000/1999 best 14.900
  step 1050/1999 best 14.813
  step 1100/1999 best 14.889
  step 1150/1999 best 14.835
  step 1200/1999 best 14.872
  step 1250/1999 best 14.831
  step 1300/1999 best 14.939
  step 1350/1999 best 14.979
  step 1400/1999 best 14.655
  step 1450/1999 best 14.906
  step 1500/1999 best 14.935
  step 1550/1999 best 15.010
  step 1600/1999 best 14.987
  step 1650/1999 best 14.934
  step 1700/1999 best 14.887
  step 1750/1999 best 14.711
  step 1800/1999 best 14.918
  step 1850/1999 best 14.774
  step 1900/1999 best 14.970
  step 1950/1999 best 14.951
saved SBC_CHAINS_cnn_vmim__n1_jitter_seed_s3_sim2372_row1971182_noise3634_3813_3992 (240000, 4) acc=0.278
  step 0/1999 best -14.957
  step 50/1999 best -0.576
  step 100/1999 best -0.168
  step 150/1999 best 11.093
  step 200/1999 best 11.409
  step 250/1999 best 12.990
  step 300/1999 best 12.995
  step 350/1999 best 12.930
  step 400/1999 best 12.998
  step 450/1999 best 12.963
  step 500/1999 best 13.167
  step 550/1999 best 12.975
  step 600/1999 best 13.181
  step 650/1999 best 12.977
  step 700/1999 best 12.922
  step 750/1999 best 13.103
  step 800/1999 best 13.194
  step 850/1999 best 13.242
  step 900/1999 best 13.160
  step 950/1999 best 13.206
  step 1000/1999 best 13.060
  step 1050/1999 best 13.180
  step 1100/1999 best 13.215
  step 1150/1999 best 13.177
  step 1200/1999 best 13.194
  step 1250/1999 best 13.107
  step 1300/1999 best 12.927
  step 1350/1999 best 13.177
  step 1400/1999 best 13.217
  step 1450/1999 best 13.233
  step 1500/1999 best 13.151
  step 1550/1999 best 13.242
  step 1600/1999 best 13.207
  step 1650/1999 best 13.259
  step 1700/1999 best 13.261
  step 1750/1999 best 13.176
  step 1800/1999 best 13.179
  step 1850/1999 best 13.237
  step 1900/1999 best 13.205
  step 1950/1999 best 13.229
saved SBC_CHAINS_cnn_vmim__n1_jitter_seed_s3_sim2509_row2108484_noise3344_3523_3702 (240000, 4) acc=0.249
  step 0/1999 best -26.922
  step 50/1999 best 4.172
  step 100/1999 best 13.408
  step 150/1999 best 12.568
  step 200/1999 best 13.963
  step 250/1999 best 14.088
  step 300/1999 best 14.523
  step 350/1999 best 14.505
  step 400/1999 best 14.141
  step 450/1999 best 14.436
  step 500/1999 best 14.259
  step 550/1999 best 14.306
  step 600/1999 best 14.391
  step 650/1999 best 14.384
  step 700/1999 best 14.570
  step 750/1999 best 14.551
  step 800/1999 best 14.020
  step 850/1999 best 14.551
  step 900/1999 best 14.421
  step 950/1999 best 14.558
  step 1000/1999 best 14.551
  step 1050/1999 best 14.673
  step 1100/1999 best 14.431
  step 1150/1999 best 14.509
  step 1200/1999 best 14.618
  step 1250/1999 best 14.398
  step 1300/1999 best 14.300
  step 1350/1999 best 14.483
  step 1400/1999 best 14.556
  step 1450/1999 best 14.455
  step 1500/1999 best 14.556
  step 1550/1999 best 14.616
  step 1600/1999 best 14.518
  step 1650/1999 best 14.537
  step 1700/1999 best 14.479
  step 1750/1999 best 14.566
  step 1800/1999 best 14.577
  step 1850/1999 best 14.607
  step 1900/1999 best 14.473
  step 1950/1999 best 14.628
saved SBC_CHAINS_cnn_vmim__n1_jitter_seed_s3_sim1999_row1610031_noise3947_4126_4305 (240000, 4) acc=0.133
  step 0/1999 best -23.285
  step 50/1999 best 6.404
  step 100/1999 best 14.842
  step 150/1999 best 16.078
  step 200/1999 best 16.619
  step 250/1999 best 16.554
  step 300/1999 best 16.442
  step 350/1999 best 16.654
  step 400/1999 best 16.527
  step 450/1999 best 16.603
  step 500/1999 best 16.713
  step 550/1999 best 16.656
  step 600/1999 best 16.781
  step 650/1999 best 16.628
  step 700/1999 best 16.632
  step 750/1999 best 16.778
  step 800/1999 best 16.778
  step 850/1999 best 16.772
  step 900/1999 best 16.670
  step 950/1999 best 16.738
  step 1000/1999 best 16.789
  step 1050/1999 best 16.690
  step 1100/1999 best 16.743
  step 1150/1999 best 16.702
  step 1200/1999 best 16.728
  step 1250/1999 best 16.744
  step 1300/1999 best 16.811
  step 1350/1999 best 16.725
  step 1400/1999 best 16.783
  step 1450/1999 best 16.775
  step 1500/1999 best 16.647
  step 1550/1999 best 16.689
  step 1600/1999 best 16.793
  step 1650/1999 best 16.477
  step 1700/1999 best 16.723
  step 1750/1999 best 16.790
  step 1800/1999 best 16.656
  step 1850/1999 best 16.826
  step 1900/1999 best 16.781
  step 1950/1999 best 16.634
saved SBC_CHAINS_cnn_vmim__n1_jitter_seed_s3_sim1977_row1588921_noise2493_2672_2851 (240000, 4) acc=0.254
  step 0/1999 best -10.672
  step 50/1999 best -7.438
  step 100/1999 best 0.522
  step 150/1999 best 10.751
  step 200/1999 best 10.661
  step 250/1999 best 10.811
  step 300/1999 best 10.827
  step 350/1999 best 10.689
  step 400/1999 best 11.048
  step 450/1999 best 10.866
  step 500/1999 best 11.014
  step 550/1999 best 10.975
  step 600/1999 best 10.770
  step 650/1999 best 11.033
  step 700/1999 best 11.022
  step 750/1999 best 10.905
  step 800/1999 best 10.877
  step 850/1999 best 10.758
  step 900/1999 best 10.921
  step 950/1999 best 10.980
  step 1000/1999 best 11.017
  step 1050/1999 best 10.832
  step 1100/1999 best 11.003
  step 1150/1999 best 10.950
  step 1200/1999 best 10.902
  step 1250/1999 best 10.846
  step 1300/1999 best 10.926
  step 1350/1999 best 10.937
  step 1400/1999 best 11.056
  step 1450/1999 best 10.970
  step 1500/1999 best 10.950
  step 1550/1999 best 11.036
  step 1600/1999 best 11.098
  step 1650/1999 best 10.888
  step 1700/1999 best 11.002
  step 1750/1999 best 11.094
  step 1800/1999 best 11.102
  step 1850/1999 best 11.062
  step 1900/1999 best 10.994
  step 1950/1999 best 10.910
saved SBC_CHAINS_cnn_vmim__n1_jitter_seed_s3_sim2847_row2442306_noise7014_7193_7372 (240000, 4) acc=0.256
  step 0/1999 best -22.387
  step 50/1999 best -8.740
  step 100/1999 best 5.495
  step 150/1999 best 5.699
  step 200/1999 best 9.313
  step 250/1999 best 12.577
  step 300/1999 best 13.900
  step 350/1999 best 13.982
  step 400/1999 best 14.261
  step 450/1999 best 14.236
  step 500/1999 best 14.304
  step 550/1999 best 14.277
  step 600/1999 best 14.147
  step 650/1999 best 14.398
  step 700/1999 best 14.452
  step 750/1999 best 13.930
  step 800/1999 best 14.318
  step 850/1999 best 14.327
  step 900/1999 best 14.386
  step 950/1999 best 14.452
  step 1000/1999 best 14.403
  step 1050/1999 best 14.314
  step 1100/1999 best 14.196
  step 1150/1999 best 14.183
  step 1200/1999 best 14.358
  step 1250/1999 best 14.372
  step 1300/1999 best 14.348
  step 1350/1999 best 14.363
  step 1400/1999 best 14.487
  step 1450/1999 best 14.317
  step 1500/1999 best 14.239
  step 1550/1999 best 14.225
  step 1600/1999 best 14.223
  step 1650/1999 best 14.265
  step 1700/1999 best 14.345
  step 1750/1999 best 14.305
  step 1800/1999 best 14.285
  step 1850/1999 best 14.335
  step 1900/1999 best 14.297
  step 1950/1999 best 14.302
saved SBC_CHAINS_cnn_vmim__n1_jitter_seed_s3_sim643_row596087_noise4267_4446_4625 (240000, 4) acc=0.134
  step 0/1999 best -38.952
  step 50/1999 best 1.058
  step 100/1999 best 9.377
  step 150/1999 best 10.797
  step 200/1999 best 13.847
  step 250/1999 best 12.966
  step 300/1999 best 13.724
  step 350/1999 best 13.966
  step 400/1999 best 14.006
  step 450/1999 best 14.299
  step 500/1999 best 14.127
  step 550/1999 best 14.248
  step 600/1999 best 14.123
  step 650/1999 best 14.177
  step 700/1999 best 14.029
  step 750/1999 best 14.293
  step 800/1999 best 14.212
  step 850/1999 best 14.210
  step 900/1999 best 14.127
  step 950/1999 best 14.262
  step 1000/1999 best 14.274
  step 1050/1999 best 14.113
  step 1100/1999 best 14.178
  step 1150/1999 best 14.255
  step 1200/1999 best 14.319
  step 1250/1999 best 14.250
  step 1300/1999 best 14.101
  step 1350/1999 best 14.200
  step 1400/1999 best 14.252
  step 1450/1999 best 14.231
  step 1500/1999 best 14.154
  step 1550/1999 best 14.202
  step 1600/1999 best 14.021
  step 1650/1999 best 14.203
  step 1700/1999 best 14.127
  step 1750/1999 best 14.323
  step 1800/1999 best 14.256
  step 1850/1999 best 14.240
  step 1900/1999 best 14.237
  step 1950/1999 best 14.177
saved SBC_CHAINS_cnn_vmim__n1_jitter_seed_s3_sim637_row590992_noise9000_9179_9358 (240000, 4) acc=0.173
  step 0/1999 best -18.085
  step 50/1999 best -0.258
  step 100/1999 best 2.415
  step 150/1999 best 14.349
  step 200/1999 best 11.293
  step 250/1999 best 11.637
  step 300/1999 best 14.145
  step 350/1999 best 15.158
  step 400/1999 best 15.125
  step 450/1999 best 15.107
  step 500/1999 best 15.845
  step 550/1999 best 16.088
  step 600/1999 best 15.513
  step 650/1999 best 15.825
  step 700/1999 best 16.229
  step 750/1999 best 15.870
  step 800/1999 best 16.201
  step 850/1999 best 16.065
  step 900/1999 best 16.245
  step 950/1999 best 15.916
  step 1000/1999 best 16.087
  step 1050/1999 best 16.073
  step 1100/1999 best 16.145
  step 1150/1999 best 16.053
  step 1200/1999 best 15.843
  step 1250/1999 best 16.153
  step 1300/1999 best 16.242
  step 1350/1999 best 16.171
  step 1400/1999 best 16.255
  step 1450/1999 best 16.108
  step 1500/1999 best 16.300
  step 1550/1999 best 16.187
  step 1600/1999 best 16.208
  step 1650/1999 best 16.254
  step 1700/1999 best 16.232
  step 1750/1999 best 16.163
  step 1800/1999 best 16.092
  step 1850/1999 best 16.197
  step 1900/1999 best 16.221
  step 1950/1999 best 16.209
saved SBC_CHAINS_cnn_vmim__n1_jitter_seed_s3_sim1306_row1115249_noise8953_9132_9311 (240000, 4) acc=0.219
  step 0/1999 best -22.701
  step 50/1999 best 12.410
  step 100/1999 best 14.555
  step 150/1999 best 15.417
  step 200/1999 best 15.662
  step 250/1999 best 15.298
  step 300/1999 best 15.637
  step 350/1999 best 15.657
  step 400/1999 best 15.651
  step 450/1999 best 15.676
  step 500/1999 best 15.631
  step 550/1999 best 15.566
  step 600/1999 best 15.607
  step 650/1999 best 15.668
  step 700/1999 best 15.679
  step 750/1999 best 15.427
  step 800/1999 best 15.530
  step 850/1999 best 15.624
  step 900/1999 best 15.685
  step 950/1999 best 15.499
  step 1000/1999 best 15.461
  step 1050/1999 best 15.665
  step 1100/1999 best 15.618
  step 1150/1999 best 15.658
  step 1200/1999 best 15.585
  step 1250/1999 best 15.465
  step 1300/1999 best 15.588
  step 1350/1999 best 15.564
  step 1400/1999 best 15.584
  step 1450/1999 best 15.528
  step 1500/1999 best 15.659
  step 1550/1999 best 15.514
  step 1600/1999 best 15.658
  step 1650/1999 best 15.664
  step 1700/1999 best 15.623
  step 1750/1999 best 15.494
  step 1800/1999 best 15.657
  step 1850/1999 best 15.462
  step 1900/1999 best 15.698
  step 1950/1999 best 15.683
saved SBC_CHAINS_cnn_vmim__n1_jitter_seed_s3_sim896_row845749_noise2401_2580_2759 (240000, 4) acc=0.278
  step 0/1999 best -18.771
  step 50/1999 best 7.817
  step 100/1999 best 12.672
  step 150/1999 best 12.398
  step 200/1999 best 12.423
  step 250/1999 best 12.578
  step 300/1999 best 12.624
  step 350/1999 best 12.515
  step 400/1999 best 12.491
  step 450/1999 best 12.673
  step 500/1999 best 12.584
  step 550/1999 best 12.529
  step 600/1999 best 12.565
  step 650/1999 best 12.506
  step 700/1999 best 12.612
  step 750/1999 best 12.466
  step 800/1999 best 12.621
  step 850/1999 best 12.545
  step 900/1999 best 12.671
  step 950/1999 best 12.453
  step 1000/1999 best 12.579
  step 1050/1999 best 12.644
  step 1100/1999 best 12.601
  step 1150/1999 best 12.617
  step 1200/1999 best 12.643
  step 1250/1999 best 12.661
  step 1300/1999 best 12.649
  step 1350/1999 best 12.697
  step 1400/1999 best 12.598
  step 1450/1999 best 12.597
  step 1500/1999 best 12.595
  step 1550/1999 best 12.503
  step 1600/1999 best 12.554
  step 1650/1999 best 12.692
  step 1700/1999 best 12.451
  step 1750/1999 best 12.596
  step 1800/1999 best 12.589
  step 1850/1999 best 12.672
  step 1900/1999 best 12.550
  step 1950/1999 best 12.599
saved SBC_CHAINS_cnn_vmim__n1_jitter_seed_s3_sim2996_row2591552_noise8840_9019_9198 (240000, 4) acc=0.341
  step 0/1999 best -13.976
  step 50/1999 best -0.105
  step 100/1999 best 15.940
  step 150/1999 best 15.339
  step 200/1999 best 16.303
  step 250/1999 best 16.304
  step 300/1999 best 16.722
  step 350/1999 best 16.549
  step 400/1999 best 16.731
  step 450/1999 best 16.688
  step 500/1999 best 16.690
  step 550/1999 best 16.746
  step 600/1999 best 16.773
  step 650/1999 best 16.716
  step 700/1999 best 16.421
  step 750/1999 best 16.532
  step 800/1999 best 16.590
  step 850/1999 best 16.668
  step 900/1999 best 16.706
  step 950/1999 best 16.725
  step 1000/1999 best 16.711
  step 1050/1999 best 16.584
  step 1100/1999 best 16.642
  step 1150/1999 best 16.657
  step 1200/1999 best 16.456
  step 1250/1999 best 16.601
  step 1300/1999 best 16.511
  step 1350/1999 best 16.738
  step 1400/1999 best 16.800
  step 1450/1999 best 16.616
  step 1500/1999 best 16.700
  step 1550/1999 best 16.816
  step 1600/1999 best 16.755
  step 1650/1999 best 16.737
  step 1700/1999 best 16.637
  step 1750/1999 best 16.600
  step 1800/1999 best 16.759
  step 1850/1999 best 16.595
  step 1900/1999 best 16.713
  step 1950/1999 best 16.727
saved SBC_CHAINS_cnn_vmim__n1_jitter_seed_s3_sim357_row343915_noise4107_4286_4465 (240000, 4) acc=0.201
  step 0/1999 best -25.436
  step 50/1999 best 1.823
  step 100/1999 best 9.058
  step 150/1999 best 9.944
  step 200/1999 best 8.441
  step 250/1999 best 8.441
  step 300/1999 best 10.405
  step 350/1999 best 12.424
  step 400/1999 best 12.424
  step 450/1999 best 12.817
  step 500/1999 best 12.486
  step 550/1999 best 12.890
  step 600/1999 best 12.783
  step 650/1999 best 12.926
  step 700/1999 best 13.070
  step 750/1999 best 12.972
  step 800/1999 best 12.878
  step 850/1999 best 12.976
  step 900/1999 best 12.993
  step 950/1999 best 12.756
  step 1000/1999 best 13.043
  step 1050/1999 best 12.952
  step 1100/1999 best 12.884
  step 1150/1999 best 12.997
  step 1200/1999 best 12.929
  step 1250/1999 best 13.059
  step 1300/1999 best 12.897
  step 1350/1999 best 13.055
  step 1400/1999 best 12.839
  step 1450/1999 best 13.025
  step 1500/1999 best 13.081
  step 1550/1999 best 12.958
  step 1600/1999 best 13.075
  step 1650/1999 best 12.953
  step 1700/1999 best 12.962
  step 1750/1999 best 12.918
  step 1800/1999 best 13.083
  step 1850/1999 best 13.121
  step 1900/1999 best 13.073
  step 1950/1999 best 13.059
saved SBC_CHAINS_cnn_vmim__n1_jitter_seed_s3_sim2617_row2216791_noise3543_3722_3901 (240000, 4) acc=0.170
  step 0/1999 best -13.308
  step 50/1999 best 4.963
  step 100/1999 best 13.786
  step 150/1999 best 14.463
  step 200/1999 best 14.992
  step 250/1999 best 14.990
  step 300/1999 best 14.959
  step 350/1999 best 15.007
  step 400/1999 best 15.056
  step 450/1999 best 14.834
  step 500/1999 best 14.919
  step 550/1999 best 14.833
  step 600/1999 best 15.059
  step 650/1999 best 14.959
  step 700/1999 best 14.934
  step 750/1999 best 15.036
  step 800/1999 best 14.935
  step 850/1999 best 14.983
  step 900/1999 best 14.952
  step 950/1999 best 15.077
  step 1000/1999 best 14.963
  step 1050/1999 best 15.096
  step 1100/1999 best 14.960
  step 1150/1999 best 15.042
  step 1200/1999 best 15.020
  step 1250/1999 best 15.012
  step 1300/1999 best 15.063
  step 1350/1999 best 15.069
  step 1400/1999 best 14.991
  step 1450/1999 best 14.850
  step 1500/1999 best 14.963
  step 1550/1999 best 15.036
  step 1600/1999 best 15.073
  step 1650/1999 best 15.041
  step 1700/1999 best 14.892
  step 1750/1999 best 15.081
  step 1800/1999 best 14.926
  step 1850/1999 best 15.035
  step 1900/1999 best 14.938
  step 1950/1999 best 15.060
saved SBC_CHAINS_cnn_vmim__n1_jitter_seed_s3_sim799_row748511_noise3443_3622_3801 (240000, 4) acc=0.280
  step 0/1999 best -24.024
  step 50/1999 best -2.390
  step 100/1999 best 8.195
  step 150/1999 best 5.569
  step 200/1999 best 13.622
  step 250/1999 best 15.915
  step 300/1999 best 16.140
  step 350/1999 best 16.114
  step 400/1999 best 16.079
  step 450/1999 best 16.311
  step 500/1999 best 16.285
  step 550/1999 best 16.098
  step 600/1999 best 16.332
  step 650/1999 best 16.362
  step 700/1999 best 16.355
  step 750/1999 best 16.032
  step 800/1999 best 16.405
  step 850/1999 best 16.375
  step 900/1999 best 16.358
  step 950/1999 best 16.364
  step 1000/1999 best 16.380
  step 1050/1999 best 16.051
  step 1100/1999 best 16.330
  step 1150/1999 best 16.182
  step 1200/1999 best 16.351
  step 1250/1999 best 16.286
  step 1300/1999 best 16.309
  step 1350/1999 best 16.122
  step 1400/1999 best 16.396
  step 1450/1999 best 16.032
  step 1500/1999 best 16.419
  step 1550/1999 best 16.329
  step 1600/1999 best 16.402
  step 1650/1999 best 16.259
  step 1700/1999 best 16.033
  step 1750/1999 best 16.339
  step 1800/1999 best 16.354
  step 1850/1999 best 16.313
  step 1900/1999 best 16.342
  step 1950/1999 best 16.412
saved SBC_CHAINS_cnn_vmim__n1_jitter_seed_s3_sim1737_row1490974_noise8246_8425_8604 (240000, 4) acc=0.223
  step 0/1999 best -17.785
  step 50/1999 best 1.280
  step 100/1999 best 4.436
  step 150/1999 best 9.709
  step 200/1999 best 9.709
  step 250/1999 best 9.472
  step 300/1999 best 12.303
  step 350/1999 best 12.772
  step 400/1999 best 15.539
  step 450/1999 best 16.000
  step 500/1999 best 14.900
  step 550/1999 best 15.694
  step 600/1999 best 15.703
  step 650/1999 best 16.175
  step 700/1999 best 15.920
  step 750/1999 best 15.830
  step 800/1999 best 16.022
  step 850/1999 best 16.029
  step 900/1999 best 15.920
  step 950/1999 best 15.933
  step 1000/1999 best 16.133
  step 1050/1999 best 15.991
  step 1100/1999 best 16.099
  step 1150/1999 best 16.065
  step 1200/1999 best 16.089
  step 1250/1999 best 15.823
  step 1300/1999 best 16.011
  step 1350/1999 best 16.052
  step 1400/1999 best 15.918
  step 1450/1999 best 15.849
  step 1500/1999 best 15.924
  step 1550/1999 best 16.063
  step 1600/1999 best 15.902
  step 1650/1999 best 15.918
  step 1700/1999 best 16.096
  step 1750/1999 best 16.135
  step 1800/1999 best 16.060
  step 1850/1999 best 16.068
  step 1900/1999 best 15.991
  step 1950/1999 best 16.063
saved SBC_CHAINS_cnn_vmim__n1_jitter_seed_s3_sim1539_row1316658_noise6490_6669_6848 (240000, 4) acc=0.152
  step 0/1999 best -18.704
  step 50/1999 best 3.108
  step 100/1999 best 5.118
  step 150/1999 best 9.274
  step 200/1999 best 13.955
  step 250/1999 best 14.105
  step 300/1999 best 14.098
  step 350/1999 best 15.028
  step 400/1999 best 14.754
  step 450/1999 best 14.986
  step 500/1999 best 15.040
  step 550/1999 best 14.206
  step 600/1999 best 14.763
  step 650/1999 best 15.022
  step 700/1999 best 15.225
  step 750/1999 best 15.227
  step 800/1999 best 15.128
  step 850/1999 best 14.719
  step 900/1999 best 15.105
  step 950/1999 best 14.915
  step 1000/1999 best 15.079
  step 1050/1999 best 14.947
  step 1100/1999 best 14.904
  step 1150/1999 best 14.943
  step 1200/1999 best 14.895
  step 1250/1999 best 14.860
  step 1300/1999 best 15.121
  step 1350/1999 best 15.075
  step 1400/1999 best 15.231
  step 1450/1999 best 15.018
  step 1500/1999 best 15.191
  step 1550/1999 best 15.012
  step 1600/1999 best 15.061
  step 1650/1999 best 14.887
  step 1700/1999 best 15.249
  step 1750/1999 best 14.829
  step 1800/1999 best 15.099
  step 1850/1999 best 14.853
  step 1900/1999 best 15.033
  step 1950/1999 best 14.880
saved SBC_CHAINS_cnn_vmim__n1_jitter_seed_s3_sim220_row206759_noise4543_4722_4901 (240000, 4) acc=0.228
  step 0/1999 best -22.602
  step 50/1999 best -6.015
  step 100/1999 best 6.974
  step 150/1999 best 7.502
  step 200/1999 best 12.599
  step 250/1999 best 12.895
  step 300/1999 best 13.268
  step 350/1999 best 13.698
  step 400/1999 best 13.831
  step 450/1999 best 13.658
  step 500/1999 best 13.624
  step 550/1999 best 13.738
  step 600/1999 best 13.744
  step 650/1999 best 13.694
  step 700/1999 best 13.429
  step 750/1999 best 13.783
  step 800/1999 best 13.805
  step 850/1999 best 13.616
  step 900/1999 best 13.868
  step 950/1999 best 13.797
  step 1000/1999 best 13.845
  step 1050/1999 best 13.817
  step 1100/1999 best 13.762
  step 1150/1999 best 13.672
  step 1200/1999 best 13.761
  step 1250/1999 best 13.896
  step 1300/1999 best 13.830
  step 1350/1999 best 13.809
  step 1400/1999 best 13.813
  step 1450/1999 best 13.787
  step 1500/1999 best 13.853
  step 1550/1999 best 13.851
  step 1600/1999 best 13.779
  step 1650/1999 best 13.860
  step 1700/1999 best 13.744
  step 1750/1999 best 13.667
  step 1800/1999 best 13.689
  step 1850/1999 best 13.815
  step 1900/1999 best 13.846
  step 1950/1999 best 13.862
saved SBC_CHAINS_cnn_vmim__n1_jitter_seed_s3_sim2631_row2230651_noise7575_7754_7933 (240000, 4) acc=0.219
  step 0/1999 best -19.772
  step 50/1999 best 2.930
  step 100/1999 best 4.358
  step 150/1999 best 6.898
  step 200/1999 best 7.086
  step 250/1999 best 8.665
  step 300/1999 best 8.257
  step 350/1999 best 8.517
  step 400/1999 best 8.292
  step 450/1999 best 8.614
  step 500/1999 best 8.589
  step 550/1999 best 8.447
  step 600/1999 best 8.631
  step 650/1999 best 8.637
  step 700/1999 best 8.679
  step 750/1999 best 8.654
  step 800/1999 best 8.601
  step 850/1999 best 8.671
  step 900/1999 best 8.544
  step 950/1999 best 8.635
  step 1000/1999 best 8.511
  step 1050/1999 best 8.497
  step 1100/1999 best 8.617
  step 1150/1999 best 8.749
  step 1200/1999 best 8.580
  step 1250/1999 best 8.693
  step 1300/1999 best 8.684
  step 1350/1999 best 8.742
  step 1400/1999 best 8.640
  step 1450/1999 best 8.448
  step 1500/1999 best 8.424
  step 1550/1999 best 8.547
  step 1600/1999 best 8.415
  step 1650/1999 best 8.646
  step 1700/1999 best 8.782
  step 1750/1999 best 8.637
  step 1800/1999 best 8.512
  step 1850/1999 best 8.513
  step 1900/1999 best 8.366
  step 1950/1999 best 8.762
saved SBC_CHAINS_cnn_vmim__n1_jitter_seed_s3_sim3026_row2621684_noise9488_9667_18 (240000, 4) acc=0.323
  step 0/1999 best -20.054
  step 50/1999 best 12.360
  step 100/1999 best 15.924
  step 150/1999 best 16.431
  step 200/1999 best 16.502
  step 250/1999 best 16.654
  step 300/1999 best 16.565
  step 350/1999 best 16.488
  step 400/1999 best 16.508
  step 450/1999 best 16.470
  step 500/1999 best 16.605
  step 550/1999 best 16.494
  step 600/1999 best 16.522
  step 650/1999 best 16.543
  step 700/1999 best 16.583
  step 750/1999 best 16.637
  step 800/1999 best 16.500
  step 850/1999 best 16.587
  step 900/1999 best 16.606
  step 950/1999 best 16.582
  step 1000/1999 best 16.271
  step 1050/1999 best 16.622
  step 1100/1999 best 16.636
  step 1150/1999 best 16.496
  step 1200/1999 best 16.578
  step 1250/1999 best 16.575
  step 1300/1999 best 16.631
  step 1350/1999 best 16.677
  step 1400/1999 best 16.583
  step 1450/1999 best 16.611
  step 1500/1999 best 16.654
  step 1550/1999 best 16.501
  step 1600/1999 best 16.644
  step 1650/1999 best 16.498
  step 1700/1999 best 16.579
  step 1750/1999 best 16.575
  step 1800/1999 best 16.535
  step 1850/1999 best 16.519
  step 1900/1999 best 16.514
  step 1950/1999 best 16.630
saved SBC_CHAINS_cnn_vmim__n1_jitter_seed_s3_sim1988_row1599052_noise2796_2975_3154 (240000, 4) acc=0.255
  step 0/1999 best -3.932
  step 50/1999 best -0.180
  step 100/1999 best 11.884
  step 150/1999 best 15.244
  step 200/1999 best 15.509
  step 250/1999 best 15.628
  step 300/1999 best 15.388
  step 350/1999 best 15.767
  step 400/1999 best 15.554
  step 450/1999 best 15.765
  step 500/1999 best 15.877
  step 550/1999 best 15.747
  step 600/1999 best 15.940
  step 650/1999 best 15.807
  step 700/1999 best 15.631
  step 750/1999 best 15.797
  step 800/1999 best 15.783
  step 850/1999 best 15.919
  step 900/1999 best 15.879
  step 950/1999 best 15.893
  step 1000/1999 best 15.807
  step 1050/1999 best 15.819
  step 1100/1999 best 15.805
  step 1150/1999 best 15.641
  step 1200/1999 best 15.830
  step 1250/1999 best 15.793
  step 1300/1999 best 15.911
  step 1350/1999 best 15.628
  step 1400/1999 best 15.826
  step 1450/1999 best 15.922
  step 1500/1999 best 15.883
  step 1550/1999 best 15.646
  step 1600/1999 best 15.895
  step 1650/1999 best 15.969
  step 1700/1999 best 15.866
  step 1750/1999 best 15.688
  step 1800/1999 best 15.963
  step 1850/1999 best 15.798
  step 1900/1999 best 15.906
  step 1950/1999 best 15.786
saved SBC_CHAINS_cnn_vmim__n1_jitter_seed_s3_sim171_row162286_noise4210_4389_4568 (240000, 4) acc=0.169
  step 0/1999 best -20.259
  step 50/1999 best -0.187
  step 100/1999 best 3.808
  step 150/1999 best 8.423
  step 200/1999 best 9.773
  step 250/1999 best 11.973
  step 300/1999 best 12.206
  step 350/1999 best 12.537
  step 400/1999 best 12.769
  step 450/1999 best 12.885
  step 500/1999 best 13.048
  step 550/1999 best 13.082
  step 600/1999 best 12.954
  step 650/1999 best 12.934
  step 700/1999 best 12.977
  step 750/1999 best 12.754
  step 800/1999 best 12.883
  step 850/1999 best 12.931
  step 900/1999 best 12.857
  step 950/1999 best 13.025
  step 1000/1999 best 12.882
  step 1050/1999 best 12.887
  step 1100/1999 best 13.001
  step 1150/1999 best 12.857
  step 1200/1999 best 12.889
  step 1250/1999 best 13.001
  step 1300/1999 best 12.998
  step 1350/1999 best 12.878
  step 1400/1999 best 13.011
  step 1450/1999 best 12.968
  step 1500/1999 best 12.824
  step 1550/1999 best 12.874
  step 1600/1999 best 12.975
  step 1650/1999 best 13.010
  step 1700/1999 best 12.930
  step 1750/1999 best 13.070
  step 1800/1999 best 13.027
  step 1850/1999 best 12.853
  step 1900/1999 best 12.925
  step 1950/1999 best 12.998
saved SBC_CHAINS_cnn_vmim__n1_jitter_seed_s3_sim3087_row2682625_noise1633_1812_1991 (240000, 4) acc=0.233
  step 0/1999 best -20.729
  step 50/1999 best 12.074
  step 100/1999 best 14.186
  step 150/1999 best 16.011
  step 200/1999 best 15.593
  step 250/1999 best 16.184
  step 300/1999 best 16.681
  step 350/1999 best 16.406
  step 400/1999 best 16.523
  step 450/1999 best 16.455
  step 500/1999 best 16.630
  step 550/1999 best 16.522
  step 600/1999 best 16.596
  step 650/1999 best 16.166
  step 700/1999 best 16.522
  step 750/1999 best 16.614
  step 800/1999 best 16.662
  step 850/1999 best 16.593
  step 900/1999 best 16.387
  step 950/1999 best 16.522
  step 1000/1999 best 16.529
  step 1050/1999 best 16.391
  step 1100/1999 best 16.539
  step 1150/1999 best 16.580
  step 1200/1999 best 16.689
  step 1250/1999 best 16.658
  step 1300/1999 best 16.507
  step 1350/1999 best 16.428
  step 1400/1999 best 16.587
  step 1450/1999 best 16.469
  step 1500/1999 best 16.555
  step 1550/1999 best 16.453
  step 1600/1999 best 16.674
  step 1650/1999 best 16.676
  step 1700/1999 best 16.545
  step 1750/1999 best 16.670
  step 1800/1999 best 16.407
  step 1850/1999 best 16.466
  step 1900/1999 best 16.656
  step 1950/1999 best 16.506
saved SBC_CHAINS_cnn_vmim__n1_jitter_seed_s3_sim278_row264974_noise3790_3969_4148 (240000, 4) acc=0.191
  step 0/1999 best -0.647
  step 50/1999 best 2.632
  step 100/1999 best 11.341
  step 150/1999 best 12.516
  step 200/1999 best 12.866
  step 250/1999 best 12.789
  step 300/1999 best 12.673
  step 350/1999 best 12.815
  step 400/1999 best 12.440
  step 450/1999 best 13.144
  step 500/1999 best 12.924
  step 550/1999 best 13.329
  step 600/1999 best 13.175
  step 650/1999 best 13.197
  step 700/1999 best 13.395
  step 750/1999 best 13.193
  step 800/1999 best 13.122
  step 850/1999 best 13.221
  step 900/1999 best 13.183
  step 950/1999 best 12.928
  step 1000/1999 best 13.170
  step 1050/1999 best 13.137
  step 1100/1999 best 13.342
  step 1150/1999 best 13.317
  step 1200/1999 best 13.329
  step 1250/1999 best 13.232
  step 1300/1999 best 13.100
  step 1350/1999 best 13.289
  step 1400/1999 best 13.114
  step 1450/1999 best 13.317
  step 1500/1999 best 13.307
  step 1550/1999 best 13.097
  step 1600/1999 best 13.341
  step 1650/1999 best 13.243
  step 1700/1999 best 13.227
  step 1750/1999 best 13.096
  step 1800/1999 best 13.241
  step 1850/1999 best 13.085
  step 1900/1999 best 13.216
  step 1950/1999 best 13.115
saved SBC_CHAINS_cnn_vmim__n1_jitter_seed_s3_sim829_row778483_noise3931_4110_4289 (240000, 4) acc=0.129
  step 0/1999 best -26.690
  step 50/1999 best -1.495
  step 100/1999 best -0.258
  step 150/1999 best 12.844
  step 200/1999 best 13.592
  step 250/1999 best 14.134
  step 300/1999 best 14.366
  step 350/1999 best 14.407
  step 400/1999 best 14.287
  step 450/1999 best 14.206
  step 500/1999 best 14.400
  step 550/1999 best 14.310
  step 600/1999 best 14.362
  step 650/1999 best 14.396
  step 700/1999 best 14.456
  step 750/1999 best 14.273
  step 800/1999 best 14.326
  step 850/1999 best 14.343
  step 900/1999 best 14.246
  step 950/1999 best 14.305
  step 1000/1999 best 14.439
  step 1050/1999 best 14.325
  step 1100/1999 best 14.231
  step 1150/1999 best 14.401
  step 1200/1999 best 14.231
  step 1250/1999 best 14.392
  step 1300/1999 best 14.376
  step 1350/1999 best 14.286
  step 1400/1999 best 14.420
  step 1450/1999 best 14.299
  step 1500/1999 best 14.434
  step 1550/1999 best 14.328
  step 1600/1999 best 14.391
  step 1650/1999 best 14.303
  step 1700/1999 best 14.380
  step 1750/1999 best 14.417
  step 1800/1999 best 14.356
  step 1850/1999 best 14.259
  step 1900/1999 best 14.386
  step 1950/1999 best 14.338
saved SBC_CHAINS_cnn_vmim__n1_jitter_seed_s3_sim2613_row2212969_noise9549_9728_79 (240000, 4) acc=0.318
  step 0/1999 best -16.394
  step 50/1999 best 1.045
  step 100/1999 best 6.396
  step 150/1999 best 14.322
  step 200/1999 best 16.326
  step 250/1999 best 16.836
  step 300/1999 best 17.105
  step 350/1999 best 16.833
  step 400/1999 best 16.934
  step 450/1999 best 17.254
  step 500/1999 best 17.012
  step 550/1999 best 17.158
  step 600/1999 best 17.271
  step 650/1999 best 17.085
  step 700/1999 best 17.317
  step 750/1999 best 17.183
  step 800/1999 best 17.112
  step 850/1999 best 17.135
  step 900/1999 best 17.229
  step 950/1999 best 17.188
  step 1000/1999 best 17.135
  step 1050/1999 best 17.119
  step 1100/1999 best 16.960
  step 1150/1999 best 17.269
  step 1200/1999 best 17.304
  step 1250/1999 best 17.249
  step 1300/1999 best 17.003
  step 1350/1999 best 17.200
  step 1400/1999 best 17.306
  step 1450/1999 best 17.269
  step 1500/1999 best 17.217
  step 1550/1999 best 17.167
  step 1600/1999 best 17.266
  step 1650/1999 best 17.266
  step 1700/1999 best 17.308
  step 1750/1999 best 17.239
  step 1800/1999 best 17.225
  step 1850/1999 best 17.279
  step 1900/1999 best 17.187
  step 1950/1999 best 17.259
saved SBC_CHAINS_cnn_vmim__n1_jitter_seed_s3_sim1275_row1093201_noise7389_7568_7747 (240000, 4) acc=0.257
  step 0/1999 best -17.313
  step 50/1999 best -5.232
  step 100/1999 best -3.409
  step 150/1999 best 7.576
  step 200/1999 best 13.026
  step 250/1999 best 13.057
  step 300/1999 best 12.936
  step 350/1999 best 12.472
  step 400/1999 best 13.248
  step 450/1999 best 13.336
  step 500/1999 best 13.526
  step 550/1999 best 13.379
  step 600/1999 best 13.566
  step 650/1999 best 13.345
  step 700/1999 best 13.422
  step 750/1999 best 13.549
  step 800/1999 best 13.317
  step 850/1999 best 13.347
  step 900/1999 best 13.440
  step 950/1999 best 13.449
  step 1000/1999 best 13.377
  step 1050/1999 best 13.492
  step 1100/1999 best 13.355
  step 1150/1999 best 13.444
  step 1200/1999 best 13.513
  step 1250/1999 best 13.443
  step 1300/1999 best 13.429
  step 1350/1999 best 13.413
  step 1400/1999 best 13.361
  step 1450/1999 best 13.353
  step 1500/1999 best 13.310
  step 1550/1999 best 13.366
  step 1600/1999 best 13.413
  step 1650/1999 best 13.244
  step 1700/1999 best 13.372
  step 1750/1999 best 13.446
  step 1800/1999 best 13.359
  step 1850/1999 best 13.478
  step 1900/1999 best 13.501
  step 1950/1999 best 13.428
saved SBC_CHAINS_cnn_vmim__n1_jitter_seed_s3_sim2630_row2229643_noise6567_6746_6925 (240000, 4) acc=0.191
  step 0/1999 best -14.188
  step 50/1999 best 2.879
  step 100/1999 best 13.423
  step 150/1999 best 13.797
  step 200/1999 best 14.690
  step 250/1999 best 14.662
  step 300/1999 best 14.922
  step 350/1999 best 14.831
  step 400/1999 best 14.579
  step 450/1999 best 14.718
  step 500/1999 best 14.770
  step 550/1999 best 14.926
  step 600/1999 best 14.665
  step 650/1999 best 14.884
  step 700/1999 best 14.779
  step 750/1999 best 14.822
  step 800/1999 best 14.906
  step 850/1999 best 14.888
  step 900/1999 best 14.813
  step 950/1999 best 14.802
  step 1000/1999 best 14.868
  step 1050/1999 best 14.872
  step 1100/1999 best 14.853
  step 1150/1999 best 14.897
  step 1200/1999 best 14.712
  step 1250/1999 best 14.805
  step 1300/1999 best 14.872
  step 1350/1999 best 14.785
  step 1400/1999 best 14.805
  step 1450/1999 best 14.674
  step 1500/1999 best 14.823
  step 1550/1999 best 14.793
  step 1600/1999 best 14.842
  step 1650/1999 best 14.766
  step 1700/1999 best 14.874
  step 1750/1999 best 14.839
  step 1800/1999 best 14.777
  step 1850/1999 best 14.620
  step 1900/1999 best 14.802
  step 1950/1999 best 14.687
saved SBC_CHAINS_cnn_vmim__n1_jitter_seed_s3_sim2444_row2043933_noise7589_7768_7947 (240000, 4) acc=0.274
  step 0/1999 best -10.481
  step 50/1999 best -2.120
  step 100/1999 best 2.874
  step 150/1999 best 5.614
  step 200/1999 best 7.437
  step 250/1999 best 7.409
  step 300/1999 best 12.428
  step 350/1999 best 11.409
  step 400/1999 best 11.718
  step 450/1999 best 12.111
  step 500/1999 best 12.461
  step 550/1999 best 12.705
  step 600/1999 best 12.001
  step 650/1999 best 12.603
  step 700/1999 best 12.712
  step 750/1999 best 12.774
  step 800/1999 best 12.593
  step 850/1999 best 12.759
  step 900/1999 best 12.681
  step 950/1999 best 12.727
  step 1000/1999 best 12.696
  step 1050/1999 best 12.552
  step 1100/1999 best 12.777
  step 1150/1999 best 12.729
  step 1200/1999 best 12.693
  step 1250/1999 best 12.739
  step 1300/1999 best 12.660
  step 1350/1999 best 12.578
  step 1400/1999 best 12.523
  step 1450/1999 best 12.682
  step 1500/1999 best 12.487
  step 1550/1999 best 12.694
  step 1600/1999 best 12.771
  step 1650/1999 best 12.733
  step 1700/1999 best 12.583
  step 1750/1999 best 12.348
  step 1800/1999 best 12.744
  step 1850/1999 best 12.699
  step 1900/1999 best 12.775
  step 1950/1999 best 12.602
saved SBC_CHAINS_cnn_vmim__n1_jitter_seed_s3_sim2089_row1699690_noise6154_6333_6512 (240000, 4) acc=0.113
  step 0/1999 best -21.727
  step 50/1999 best -0.575
  step 100/1999 best -0.936
  step 150/1999 best -0.217
  step 200/1999 best 2.188
  step 250/1999 best 5.475
  step 300/1999 best 13.240
  step 350/1999 best 15.595
  step 400/1999 best 13.681
  step 450/1999 best 15.236
  step 500/1999 best 13.715
  step 550/1999 best 16.509
  step 600/1999 best 16.428
  step 650/1999 best 16.453
  step 700/1999 best 16.512
  step 750/1999 best 16.326
  step 800/1999 best 16.369
  step 850/1999 best 16.269
  step 900/1999 best 16.374
  step 950/1999 best 16.566
  step 1000/1999 best 16.449
  step 1050/1999 best 16.193
  step 1100/1999 best 16.505
  step 1150/1999 best 16.409
  step 1200/1999 best 16.134
  step 1250/1999 best 16.394
  step 1300/1999 best 16.475
  step 1350/1999 best 16.434
  step 1400/1999 best 16.525
  step 1450/1999 best 16.509
  step 1500/1999 best 16.374
  step 1550/1999 best 16.214
  step 1600/1999 best 16.383
  step 1650/1999 best 16.525
  step 1700/1999 best 16.511
  step 1750/1999 best 16.285
  step 1800/1999 best 16.354
  step 1850/1999 best 16.465
  step 1900/1999 best 16.285
  step 1950/1999 best 16.533
saved SBC_CHAINS_cnn_vmim__n1_jitter_seed_s3_sim1534_row1311615_noise1447_1626_1805 (240000, 4) acc=0.161
  step 0/1999 best -17.731
  step 50/1999 best 1.885
  step 100/1999 best 10.217
  step 150/1999 best 11.998
  step 200/1999 best 13.815
  step 250/1999 best 13.372
  step 300/1999 best 13.794
  step 350/1999 best 14.054
  step 400/1999 best 14.286
  step 450/1999 best 14.015
  step 500/1999 best 14.044
  step 550/1999 best 14.019
  step 600/1999 best 14.304
  step 650/1999 best 14.144
  step 700/1999 best 14.206
  step 750/1999 best 14.001
  step 800/1999 best 14.119
  step 850/1999 best 14.187
  step 900/1999 best 14.180
  step 950/1999 best 14.330
  step 1000/1999 best 14.070
  step 1050/1999 best 13.947
  step 1100/1999 best 13.899
  step 1150/1999 best 14.231
  step 1200/1999 best 14.183
  step 1250/1999 best 14.305
  step 1300/1999 best 14.061
  step 1350/1999 best 14.170
  step 1400/1999 best 14.093
  step 1450/1999 best 14.209
  step 1500/1999 best 14.063
  step 1550/1999 best 14.158
  step 1600/1999 best 14.273
  step 1650/1999 best 14.311
  step 1700/1999 best 14.186
  step 1750/1999 best 14.225
  step 1800/1999 best 14.216
  step 1850/1999 best 14.301
  step 1900/1999 best 14.244
  step 1950/1999 best 14.123
saved SBC_CHAINS_cnn_vmim__n1_jitter_seed_s3_sim296_row282431_noise1591_1770_1949 (240000, 4) acc=0.151
  step 0/1999 best -21.601
  step 50/1999 best -5.084
  step 100/1999 best 0.881
  step 150/1999 best 5.436
  step 200/1999 best 4.740
  step 250/1999 best 6.811
  step 300/1999 best 9.253
  step 350/1999 best 9.588
  step 400/1999 best 12.545
  step 450/1999 best 12.554
  step 500/1999 best 12.949
  step 550/1999 best 13.133
  step 600/1999 best 13.138
  step 650/1999 best 13.388
  step 700/1999 best 13.002
  step 750/1999 best 13.211
  step 800/1999 best 13.148
  step 850/1999 best 13.364
  step 900/1999 best 13.270
  step 950/1999 best 13.137
  step 1000/1999 best 13.281
  step 1050/1999 best 13.329
  step 1100/1999 best 12.967
  step 1150/1999 best 13.307
  step 1200/1999 best 13.367
  step 1250/1999 best 13.109
  step 1300/1999 best 13.131
  step 1350/1999 best 13.137
  step 1400/1999 best 13.181
  step 1450/1999 best 13.111
  step 1500/1999 best 13.186
  step 1550/1999 best 13.351
  step 1600/1999 best 13.140
  step 1650/1999 best 13.293
  step 1700/1999 best 13.179
  step 1750/1999 best 13.383
  step 1800/1999 best 13.211
  step 1850/1999 best 13.305
  step 1900/1999 best 13.173
  step 1950/1999 best 13.284
saved SBC_CHAINS_cnn_vmim__n1_jitter_seed_s3_sim2560_row2159512_noise5232_5411_5590 (240000, 4) acc=0.171
  step 0/1999 best -28.668
  step 50/1999 best -1.920
  step 100/1999 best -0.093
  step 150/1999 best 0.351
  step 200/1999 best 2.319
  step 250/1999 best 9.348
  step 300/1999 best 13.214
  step 350/1999 best 14.455
  step 400/1999 best 15.864
  step 450/1999 best 15.475
  step 500/1999 best 16.047
  step 550/1999 best 16.356
  step 600/1999 best 16.431
  step 650/1999 best 16.616
  step 700/1999 best 16.628
  step 750/1999 best 16.571
  step 800/1999 best 16.532
  step 850/1999 best 16.646
  step 900/1999 best 16.529
  step 950/1999 best 16.478
  step 1000/1999 best 16.576
  step 1050/1999 best 16.508
  step 1100/1999 best 16.436
  step 1150/1999 best 16.754
  step 1200/1999 best 16.717
  step 1250/1999 best 16.611
  step 1300/1999 best 16.663
  step 1350/1999 best 16.691
  step 1400/1999 best 16.680
  step 1450/1999 best 16.553
  step 1500/1999 best 16.630
  step 1550/1999 best 16.669
  step 1600/1999 best 16.728
  step 1650/1999 best 16.683
  step 1700/1999 best 16.612
  step 1750/1999 best 16.636
  step 1800/1999 best 16.628
  step 1850/1999 best 16.614
  step 1900/1999 best 16.696
  step 1950/1999 best 16.694
saved SBC_CHAINS_cnn_vmim__n1_jitter_seed_s3_sim2068_row1678450_noise4570_4749_4928 (240000, 4) acc=0.224
  step 0/1999 best -12.731
  step 50/1999 best 0.127
  step 100/1999 best 15.816
  step 150/1999 best 15.263
  step 200/1999 best 14.378
  step 250/1999 best 16.170
  step 300/1999 best 16.627
  step 350/1999 best 15.776
  step 400/1999 best 16.181
  step 450/1999 best 16.331
  step 500/1999 best 16.472
  step 550/1999 best 16.656
  step 600/1999 best 16.558
  step 650/1999 best 16.396
  step 700/1999 best 16.550
  step 750/1999 best 16.600
  step 800/1999 best 16.578
  step 850/1999 best 16.373
  step 900/1999 best 16.608
  step 950/1999 best 16.476
  step 1000/1999 best 16.522
  step 1050/1999 best 16.387
  step 1100/1999 best 16.588
  step 1150/1999 best 16.528
  step 1200/1999 best 16.558
  step 1250/1999 best 16.440
  step 1300/1999 best 16.335
  step 1350/1999 best 16.422
  step 1400/1999 best 16.506
  step 1450/1999 best 16.652
  step 1500/1999 best 16.464
  step 1550/1999 best 16.643
  step 1600/1999 best 16.387
  step 1650/1999 best 16.456
  step 1700/1999 best 16.491
  step 1750/1999 best 16.494
  step 1800/1999 best 16.503
  step 1850/1999 best 16.460
  step 1900/1999 best 16.587
  step 1950/1999 best 16.633
saved SBC_CHAINS_cnn_vmim__n1_jitter_seed_s3_sim1455_row1237609_noise1065_1244_1423 (240000, 4) acc=0.166
  step 0/1999 best -12.008
  step 50/1999 best 1.232
  step 100/1999 best 7.740
  step 150/1999 best 9.304
  step 200/1999 best 13.883
  step 250/1999 best 13.921
  step 300/1999 best 13.953
  step 350/1999 best 14.283
  step 400/1999 best 14.276
  step 450/1999 best 14.265
  step 500/1999 best 13.997
  step 550/1999 best 14.034
  step 600/1999 best 14.224
  step 650/1999 best 14.206
  step 700/1999 best 14.192
  step 750/1999 best 14.290
  step 800/1999 best 14.369
  step 850/1999 best 14.229
  step 900/1999 best 14.353
  step 950/1999 best 14.206
  step 1000/1999 best 14.383
  step 1050/1999 best 14.176
  step 1100/1999 best 14.259
  step 1150/1999 best 14.182
  step 1200/1999 best 14.269
  step 1250/1999 best 14.348
  step 1300/1999 best 14.381
  step 1350/1999 best 14.239
  step 1400/1999 best 14.156
  step 1450/1999 best 14.192
  step 1500/1999 best 14.229
  step 1550/1999 best 14.322
  step 1600/1999 best 14.280
  step 1650/1999 best 14.358
  step 1700/1999 best 14.335
  step 1750/1999 best 14.318
  step 1800/1999 best 14.249
  step 1850/1999 best 14.313
  step 1900/1999 best 14.233
  step 1950/1999 best 14.351
saved SBC_CHAINS_cnn_vmim__n1_jitter_seed_s3_sim2468_row2067801_noise1973_2152_2331 (240000, 4) acc=0.224
  step 0/1999 best -21.543
  step 50/1999 best -1.434
  step 100/1999 best 0.159
  step 150/1999 best 7.049
  step 200/1999 best 6.802
  step 250/1999 best 6.933
  step 300/1999 best 7.245
  step 350/1999 best 7.881
  step 400/1999 best 7.505
  step 450/1999 best 7.169
  step 500/1999 best 7.765
  step 550/1999 best 7.890
  step 600/1999 best 7.834
  step 650/1999 best 7.743
  step 700/1999 best 7.398
  step 750/1999 best 7.126
  step 800/1999 best 7.497
  step 850/1999 best 7.604
  step 900/1999 best 8.026
  step 950/1999 best 7.437
  step 1000/1999 best 8.020
  step 1050/1999 best 8.020
  step 1100/1999 best 7.403
  step 1150/1999 best 7.685
  step 1200/1999 best 7.507
  step 1250/1999 best 7.762
  step 1300/1999 best 7.902
  step 1350/1999 best 7.604
  step 1400/1999 best 7.265
  step 1450/1999 best 7.825
  step 1500/1999 best 7.771
  step 1550/1999 best 7.483
  step 1600/1999 best 7.763
  step 1650/1999 best 7.944
  step 1700/1999 best 7.854
  step 1750/1999 best 7.741
  step 1800/1999 best 7.674
  step 1850/1999 best 7.780
  step 1900/1999 best 8.055
  step 1950/1999 best 7.883
saved SBC_CHAINS_cnn_vmim__n1_jitter_seed_s3_sim2948_row2543641_noise241_420_599 (240000, 4) acc=0.356
  step 0/1999 best -21.342
  step 50/1999 best -2.608
  step 100/1999 best 5.455
  step 150/1999 best 14.679
  step 200/1999 best 14.859
  step 250/1999 best 14.667
  step 300/1999 best 14.911
  step 350/1999 best 15.007
  step 400/1999 best 14.957
  step 450/1999 best 14.674
  step 500/1999 best 15.333
  step 550/1999 best 14.971
  step 600/1999 best 15.299
  step 650/1999 best 15.328
  step 700/1999 best 15.322
  step 750/1999 best 15.400
  step 800/1999 best 15.289
  step 850/1999 best 15.365
  step 900/1999 best 15.150
  step 950/1999 best 15.410
  step 1000/1999 best 15.229
  step 1050/1999 best 15.430
  step 1100/1999 best 15.339
  step 1150/1999 best 15.328
  step 1200/1999 best 15.300
  step 1250/1999 best 15.378
  step 1300/1999 best 15.378
  step 1350/1999 best 15.152
  step 1400/1999 best 15.368
  step 1450/1999 best 15.361
  step 1500/1999 best 15.387
  step 1550/1999 best 15.357
  step 1600/1999 best 15.243
  step 1650/1999 best 15.364
  step 1700/1999 best 15.363
  step 1750/1999 best 15.303
  step 1800/1999 best 15.346
  step 1850/1999 best 15.362
  step 1900/1999 best 15.416
  step 1950/1999 best 15.408
saved SBC_CHAINS_cnn_vmim__n1_jitter_seed_s3_sim115_row114648_noise7540_7719_7898 (240000, 4) acc=0.163
  step 0/1999 best -16.024
  step 50/1999 best -3.170
  step 100/1999 best -2.242
  step 150/1999 best 8.676
  step 200/1999 best 11.143
  step 250/1999 best 13.974
  step 300/1999 best 13.999
  step 350/1999 best 13.983
  step 400/1999 best 14.064
  step 450/1999 best 14.085
  step 500/1999 best 13.967
  step 550/1999 best 13.995
  step 600/1999 best 14.046
  step 650/1999 best 14.134
  step 700/1999 best 14.071
  step 750/1999 best 14.114
  step 800/1999 best 14.161
  step 850/1999 best 14.177
  step 900/1999 best 14.116
  step 950/1999 best 14.029
  step 1000/1999 best 13.973
  step 1050/1999 best 14.021
  step 1100/1999 best 14.102
  step 1150/1999 best 14.153
  step 1200/1999 best 14.070
  step 1250/1999 best 14.095
  step 1300/1999 best 14.100
  step 1350/1999 best 14.169
  step 1400/1999 best 14.006
  step 1450/1999 best 14.094
  step 1500/1999 best 14.013
  step 1550/1999 best 14.104
  step 1600/1999 best 14.138
  step 1650/1999 best 14.210
  step 1700/1999 best 14.094
  step 1750/1999 best 13.965
  step 1800/1999 best 14.142
  step 1850/1999 best 13.945
  step 1900/1999 best 14.091
  step 1950/1999 best 14.091
saved SBC_CHAINS_cnn_vmim__n1_jitter_seed_s3_sim2553_row2152897_noise8445_8624_8803 (240000, 4) acc=0.209
  step 0/1999 best -20.988
  step 50/1999 best 10.711
  step 100/1999 best 13.112
  step 150/1999 best 13.548
  step 200/1999 best 13.815
  step 250/1999 best 16.236
  step 300/1999 best 15.728
  step 350/1999 best 16.525
  step 400/1999 best 16.678
  step 450/1999 best 16.403
  step 500/1999 best 16.637
  step 550/1999 best 16.591
  step 600/1999 best 16.723
  step 650/1999 best 16.745
  step 700/1999 best 16.732
  step 750/1999 best 16.699
  step 800/1999 best 16.189
  step 850/1999 best 16.542
  step 900/1999 best 16.619
  step 950/1999 best 16.582
  step 1000/1999 best 16.589
  step 1050/1999 best 16.619
  step 1100/1999 best 16.734
  step 1150/1999 best 16.737
  step 1200/1999 best 16.691
  step 1250/1999 best 16.555
  step 1300/1999 best 16.594
  step 1350/1999 best 16.350
  step 1400/1999 best 16.739
  step 1450/1999 best 16.739
  step 1500/1999 best 16.637
  step 1550/1999 best 16.750
  step 1600/1999 best 16.537
  step 1650/1999 best 16.426
  step 1700/1999 best 16.501
  step 1750/1999 best 16.723
  step 1800/1999 best 16.541
  step 1850/1999 best 16.557
  step 1900/1999 best 16.712
  step 1950/1999 best 16.742
saved SBC_CHAINS_cnn_vmim__n1_jitter_seed_s3_sim1300_row1109225_noise2929_3108_3287 (240000, 4) acc=0.229
  step 0/1999 best -23.324
  step 50/1999 best 1.409
  step 100/1999 best 12.333
  step 150/1999 best 11.970
  step 200/1999 best 12.840
  step 250/1999 best 12.964
  step 300/1999 best 12.900
  step 350/1999 best 12.993
  step 400/1999 best 12.999
  step 450/1999 best 12.966
  step 500/1999 best 13.033
  step 550/1999 best 12.933
  step 600/1999 best 13.006
  step 650/1999 best 12.893
  step 700/1999 best 12.903
  step 750/1999 best 12.983
  step 800/1999 best 12.875
  step 850/1999 best 13.040
  step 900/1999 best 12.964
  step 950/1999 best 12.858
  step 1000/1999 best 13.017
  step 1050/1999 best 13.021
  step 1100/1999 best 12.995
  step 1150/1999 best 12.994
  step 1200/1999 best 12.927
  step 1250/1999 best 12.925
  step 1300/1999 best 12.999
  step 1350/1999 best 12.972
  step 1400/1999 best 12.970
  step 1450/1999 best 12.941
  step 1500/1999 best 13.015
  step 1550/1999 best 12.985
  step 1600/1999 best 12.810
  step 1650/1999 best 12.915
  step 1700/1999 best 12.807
  step 1750/1999 best 12.972
  step 1800/1999 best 12.825
  step 1850/1999 best 12.838
  step 1900/1999 best 13.053
  step 1950/1999 best 13.005
saved SBC_CHAINS_cnn_vmim__n1_jitter_seed_s3_sim3068_row2663443_noise2107_2286_2465 (240000, 4) acc=0.325
  step 0/1999 best -28.909
  step 50/1999 best -14.825
  step 100/1999 best -5.837
  step 150/1999 best 7.446
  step 200/1999 best 9.843
  step 250/1999 best 12.315
  step 300/1999 best 12.705
  step 350/1999 best 13.054
  step 400/1999 best 13.018
  step 450/1999 best 12.897
  step 500/1999 best 13.184
  step 550/1999 best 13.185
  step 600/1999 best 13.179
  step 650/1999 best 13.171
  step 700/1999 best 13.118
  step 750/1999 best 13.098
  step 800/1999 best 12.973
  step 850/1999 best 13.143
  step 900/1999 best 13.201
  step 950/1999 best 13.219
  step 1000/1999 best 13.170
  step 1050/1999 best 13.130
  step 1100/1999 best 13.188
  step 1150/1999 best 13.233
  step 1200/1999 best 13.073
  step 1250/1999 best 13.115
  step 1300/1999 best 13.151
  step 1350/1999 best 13.201
  step 1400/1999 best 13.121
  step 1450/1999 best 13.228
  step 1500/1999 best 13.033
  step 1550/1999 best 13.234
  step 1600/1999 best 13.111
  step 1650/1999 best 13.095
  step 1700/1999 best 13.209
  step 1750/1999 best 13.250
  step 1800/1999 best 13.165
  step 1850/1999 best 13.218
  step 1900/1999 best 13.235
  step 1950/1999 best 13.186
saved SBC_CHAINS_cnn_vmim__n1_jitter_seed_s3_sim2596_row2195880_noise2288_2467_2646 (240000, 4) acc=0.243
  step 0/1999 best -24.122
  step 50/1999 best 0.776
  step 100/1999 best 2.029
  step 150/1999 best 1.601
  step 200/1999 best 6.801
  step 250/1999 best 11.719
  step 300/1999 best 14.884
  step 350/1999 best 15.326
  step 400/1999 best 14.624
  step 450/1999 best 15.144
  step 500/1999 best 15.329
  step 550/1999 best 15.235
  step 600/1999 best 15.513
  step 650/1999 best 14.968
  step 700/1999 best 15.304
  step 750/1999 best 15.462
  step 800/1999 best 15.388
  step 850/1999 best 15.353
  step 900/1999 best 15.362
  step 950/1999 best 15.361
  step 1000/1999 best 15.362
  step 1050/1999 best 15.552
  step 1100/1999 best 15.512
  step 1150/1999 best 15.424
  step 1200/1999 best 15.371
  step 1250/1999 best 15.345
  step 1300/1999 best 15.486
  step 1350/1999 best 15.336
  step 1400/1999 best 15.502
  step 1450/1999 best 15.515
  step 1500/1999 best 15.499
  step 1550/1999 best 15.219
  step 1600/1999 best 15.420
  step 1650/1999 best 15.384
  step 1700/1999 best 15.533
  step 1750/1999 best 15.314
  step 1800/1999 best 15.498
  step 1850/1999 best 15.458
  step 1900/1999 best 15.387
  step 1950/1999 best 15.463
saved SBC_CHAINS_cnn_vmim__n1_jitter_seed_s3_sim645_row598000_noise6180_6359_6538 (240000, 4) acc=0.178
  step 0/1999 best -4.279
  step 50/1999 best -0.370
  step 100/1999 best -0.774
  step 150/1999 best 0.740
  step 200/1999 best 1.412
  step 250/1999 best 8.622
  step 300/1999 best 12.546
  step 350/1999 best 14.134
  step 400/1999 best 14.724
  step 450/1999 best 15.287
  step 500/1999 best 15.064
  step 550/1999 best 15.405
  step 600/1999 best 15.293
  step 650/1999 best 15.135
  step 700/1999 best 15.059
  step 750/1999 best 15.328
  step 800/1999 best 15.069
  step 850/1999 best 15.304
  step 900/1999 best 15.355
  step 950/1999 best 15.289
  step 1000/1999 best 15.337
  step 1050/1999 best 15.366
  step 1100/1999 best 15.295
  step 1150/1999 best 15.381
  step 1200/1999 best 15.205
  step 1250/1999 best 15.081
  step 1300/1999 best 15.260
  step 1350/1999 best 15.268
  step 1400/1999 best 15.195
  step 1450/1999 best 15.383
  step 1500/1999 best 15.328
  step 1550/1999 best 15.404
  step 1600/1999 best 15.256
  step 1650/1999 best 15.312
  step 1700/1999 best 15.349
  step 1750/1999 best 15.391
  step 1800/1999 best 15.270
  step 1850/1999 best 15.287
  step 1900/1999 best 15.375
  step 1950/1999 best 15.232
saved SBC_CHAINS_cnn_vmim__n1_jitter_seed_s3_sim980_row929344_noise7372_7551_7730 (240000, 4) acc=0.207
  step 0/1999 best -9.644
  step 50/1999 best 4.906
  step 100/1999 best 13.649
  step 150/1999 best 13.090
  step 200/1999 best 13.543
  step 250/1999 best 13.974
  step 300/1999 best 14.486
  step 350/1999 best 14.384
  step 400/1999 best 14.256
  step 450/1999 best 14.229
  step 500/1999 best 14.405
  step 550/1999 best 14.395
  step 600/1999 best 14.486
  step 650/1999 best 14.405
  step 700/1999 best 14.430
  step 750/1999 best 14.574
  step 800/1999 best 14.523
  step 850/1999 best 14.519
  step 900/1999 best 14.499
  step 950/1999 best 14.125
  step 1000/1999 best 14.431
  step 1050/1999 best 14.394
  step 1100/1999 best 14.348
  step 1150/1999 best 14.334
  step 1200/1999 best 14.498
  step 1250/1999 best 14.427
  step 1300/1999 best 14.207
  step 1350/1999 best 14.563
  step 1400/1999 best 14.473
  step 1450/1999 best 14.492
  step 1500/1999 best 14.439
  step 1550/1999 best 14.275
  step 1600/1999 best 14.437
  step 1650/1999 best 14.365
  step 1700/1999 best 14.357
  step 1750/1999 best 14.486
  step 1800/1999 best 14.454
  step 1850/1999 best 14.459
  step 1900/1999 best 14.499
  step 1950/1999 best 14.466
saved SBC_CHAINS_cnn_vmim__n1_jitter_seed_s3_sim1935_row1546917_noise9629_9808_159 (240000, 4) acc=0.142
  step 0/1999 best -19.657
  step 50/1999 best 0.159
  step 100/1999 best 1.887
  step 150/1999 best 7.193
  step 200/1999 best 11.217
  step 250/1999 best 11.420
  step 300/1999 best 11.892
  step 350/1999 best 15.930
  step 400/1999 best 15.489
  step 450/1999 best 16.049
  step 500/1999 best 15.842
  step 550/1999 best 15.884
  step 600/1999 best 16.402
  step 650/1999 best 16.300
  step 700/1999 best 16.145
  step 750/1999 best 16.525
  step 800/1999 best 16.364
  step 850/1999 best 16.488
  step 900/1999 best 16.473
  step 950/1999 best 16.396
  step 1000/1999 best 16.439
  step 1050/1999 best 16.368
  step 1100/1999 best 16.413
  step 1150/1999 best 16.534
  step 1200/1999 best 16.517
  step 1250/1999 best 16.508
  step 1300/1999 best 16.428
  step 1350/1999 best 16.563
  step 1400/1999 best 16.304
  step 1450/1999 best 16.255
  step 1500/1999 best 16.460
  step 1550/1999 best 16.498
  step 1600/1999 best 16.423
  step 1650/1999 best 16.482
  step 1700/1999 best 16.451
  step 1750/1999 best 16.443
  step 1800/1999 best 16.438
  step 1850/1999 best 16.324
  step 1900/1999 best 16.242
  step 1950/1999 best 16.463
saved SBC_CHAINS_cnn_vmim__n1_jitter_seed_s3_sim2080_row1690190_noise6482_6661_6840 (240000, 4) acc=0.168
  step 0/1999 best -23.477
  step 50/1999 best -3.681
  step 100/1999 best 7.447
  step 150/1999 best 14.986
  step 200/1999 best 13.761
  step 250/1999 best 15.457
  step 300/1999 best 15.510
  step 350/1999 best 16.300
  step 400/1999 best 16.033
  step 450/1999 best 16.260
  step 500/1999 best 16.348
  step 550/1999 best 16.499
  step 600/1999 best 16.318
  step 650/1999 best 16.407
  step 700/1999 best 16.347
  step 750/1999 best 16.499
  step 800/1999 best 16.323
  step 850/1999 best 16.548
  step 900/1999 best 16.325
  step 950/1999 best 16.370
  step 1000/1999 best 16.426
  step 1050/1999 best 16.487
  step 1100/1999 best 16.461
  step 1150/1999 best 16.410
  step 1200/1999 best 16.458
  step 1250/1999 best 16.497
  step 1300/1999 best 16.478
  step 1350/1999 best 16.575
  step 1400/1999 best 16.445
  step 1450/1999 best 16.487
  step 1500/1999 best 16.258
  step 1550/1999 best 16.371
  step 1600/1999 best 16.389
  step 1650/1999 best 16.350
  step 1700/1999 best 16.468
  step 1750/1999 best 16.584
  step 1800/1999 best 16.544
  step 1850/1999 best 16.583
  step 1900/1999 best 16.457
  step 1950/1999 best 16.491
saved SBC_CHAINS_cnn_vmim__n1_jitter_seed_s3_sim423_row401947_noise1343_1522_1701 (240000, 4) acc=0.183
  step 0/1999 best -20.737
  step 50/1999 best 1.269
  step 100/1999 best 11.025
  step 150/1999 best 11.094
  step 200/1999 best 11.094
  step 250/1999 best 12.922
  step 300/1999 best 12.513
  step 350/1999 best 12.862
  step 400/1999 best 13.306
  step 450/1999 best 12.481
  step 500/1999 best 13.153
  step 550/1999 best 13.208
  step 600/1999 best 13.120
  step 650/1999 best 13.102
  step 700/1999 best 13.310
  step 750/1999 best 13.338
  step 800/1999 best 13.302
  step 850/1999 best 13.278
  step 900/1999 best 13.092
  step 950/1999 best 13.221
  step 1000/1999 best 13.245
  step 1050/1999 best 13.377
  step 1100/1999 best 13.334
  step 1150/1999 best 13.287
  step 1200/1999 best 13.290
  step 1250/1999 best 13.428
  step 1300/1999 best 13.350
  step 1350/1999 best 13.373
  step 1400/1999 best 13.278
  step 1450/1999 best 13.288
  step 1500/1999 best 13.232
  step 1550/1999 best 13.005
  step 1600/1999 best 13.259
  step 1650/1999 best 13.254
  step 1700/1999 best 13.245
  step 1750/1999 best 13.391
  step 1800/1999 best 13.206
  step 1850/1999 best 13.342
  step 1900/1999 best 13.378
  step 1950/1999 best 13.311
saved SBC_CHAINS_cnn_vmim__n1_jitter_seed_s3_sim1465_row1247626_noise1254_1433_1612 (240000, 4) acc=0.138
  step 0/1999 best -17.269
  step 50/1999 best -1.994
  step 100/1999 best -0.372
  step 150/1999 best 11.857
  step 200/1999 best 11.756
  step 250/1999 best 10.807
  step 300/1999 best 12.361
  step 350/1999 best 14.253
  step 400/1999 best 14.289
  step 450/1999 best 13.901
  step 500/1999 best 13.759
  step 550/1999 best 14.215
  step 600/1999 best 14.342
  step 650/1999 best 14.144
  step 700/1999 best 14.194
  step 750/1999 best 14.185
  step 800/1999 best 14.343
  step 850/1999 best 14.106
  step 900/1999 best 14.150
  step 950/1999 best 14.265
  step 1000/1999 best 14.306
  step 1050/1999 best 14.287
  step 1100/1999 best 14.087
  step 1150/1999 best 14.149
  step 1200/1999 best 14.195
  step 1250/1999 best 14.373
  step 1300/1999 best 14.109
  step 1350/1999 best 14.269
  step 1400/1999 best 14.234
  step 1450/1999 best 14.348
  step 1500/1999 best 14.401
  step 1550/1999 best 13.891
  step 1600/1999 best 14.216
  step 1650/1999 best 14.137
  step 1700/1999 best 14.350
  step 1750/1999 best 14.312
  step 1800/1999 best 14.271
  step 1850/1999 best 14.332
  step 1900/1999 best 14.298
  step 1950/1999 best 14.320
saved SBC_CHAINS_cnn_vmim__n1_jitter_seed_s3_sim1537_row1314705_noise4537_4716_4895 (240000, 4) acc=0.156
  step 0/1999 best -11.933
  step 50/1999 best -1.325
  step 100/1999 best -1.250
  step 150/1999 best 1.729
  step 200/1999 best 9.443
  step 250/1999 best 12.076
  step 300/1999 best 13.731
  step 350/1999 best 14.581
  step 400/1999 best 14.522
  step 450/1999 best 14.657
  step 500/1999 best 14.725
  step 550/1999 best 14.796
  step 600/1999 best 14.891
  step 650/1999 best 14.804
  step 700/1999 best 14.894
  step 750/1999 best 14.875
  step 800/1999 best 14.734
  step 850/1999 best 14.805
  step 900/1999 best 14.814
  step 950/1999 best 14.773
  step 1000/1999 best 14.895
  step 1050/1999 best 14.936
  step 1100/1999 best 14.820
  step 1150/1999 best 14.882
  step 1200/1999 best 14.905
  step 1250/1999 best 14.758
  step 1300/1999 best 14.869
  step 1350/1999 best 14.902
  step 1400/1999 best 14.718
  step 1450/1999 best 14.735
  step 1500/1999 best 14.879
  step 1550/1999 best 14.773
  step 1600/1999 best 14.903
  step 1650/1999 best 14.931
  step 1700/1999 best 14.855
  step 1750/1999 best 14.825
  step 1800/1999 best 14.643
  step 1850/1999 best 14.862
  step 1900/1999 best 14.907
  step 1950/1999 best 14.893
saved SBC_CHAINS_cnn_vmim__n1_jitter_seed_s3_sim955_row904075_noise1759_1938_2117 (240000, 4) acc=0.266
  step 0/1999 best -15.695
  step 50/1999 best 2.744
  step 100/1999 best 7.308
  step 150/1999 best 8.592
  step 200/1999 best 9.756
  step 250/1999 best 10.212
  step 300/1999 best 10.479
  step 350/1999 best 10.358
  step 400/1999 best 10.191
  step 450/1999 best 10.087
  step 500/1999 best 10.406
  step 550/1999 best 10.269
  step 600/1999 best 10.542
  step 650/1999 best 10.361
  step 700/1999 best 10.120
  step 750/1999 best 10.479
  step 800/1999 best 10.499
  step 850/1999 best 10.346
  step 900/1999 best 10.505
  step 950/1999 best 10.502
  step 1000/1999 best 10.402
  step 1050/1999 best 10.122
  step 1100/1999 best 10.195
  step 1150/1999 best 10.264
  step 1200/1999 best 10.446
  step 1250/1999 best 10.291
  step 1300/1999 best 10.413
  step 1350/1999 best 10.398
  step 1400/1999 best 10.039
  step 1450/1999 best 10.511
  step 1500/1999 best 10.380
  step 1550/1999 best 10.302
  step 1600/1999 best 10.404
  step 1650/1999 best 10.318
  step 1700/1999 best 10.434
  step 1750/1999 best 10.422
  step 1800/1999 best 10.467
  step 1850/1999 best 10.567
  step 1900/1999 best 10.112
  step 1950/1999 best 10.426
saved SBC_CHAINS_cnn_vmim__n1_jitter_seed_s3_sim841_row790394_noise6014_6193_6372 (240000, 4) acc=0.140
  step 0/1999 best -18.707
  step 50/1999 best 11.868
  step 100/1999 best 13.487
  step 150/1999 best 14.406
  step 200/1999 best 15.001
  step 250/1999 best 15.015
  step 300/1999 best 14.911
  step 350/1999 best 14.971
  step 400/1999 best 14.957
  step 450/1999 best 14.971
  step 500/1999 best 15.048
  step 550/1999 best 15.005
  step 600/1999 best 14.843
  step 650/1999 best 14.892
  step 700/1999 best 14.898
  step 750/1999 best 14.909
  step 800/1999 best 14.941
  step 850/1999 best 14.934
  step 900/1999 best 15.005
  step 950/1999 best 14.947
  step 1000/1999 best 14.920
  step 1050/1999 best 15.079
  step 1100/1999 best 15.045
  step 1150/1999 best 15.062
  step 1200/1999 best 15.092
  step 1250/1999 best 14.957
  step 1300/1999 best 14.942
  step 1350/1999 best 14.908
  step 1400/1999 best 14.702
  step 1450/1999 best 14.923
  step 1500/1999 best 14.765
  step 1550/1999 best 15.029
  step 1600/1999 best 15.034
  step 1650/1999 best 15.075
  step 1700/1999 best 15.047
  step 1750/1999 best 14.995
  step 1800/1999 best 15.036
  step 1850/1999 best 15.039
  step 1900/1999 best 15.024
  step 1950/1999 best 14.932
saved SBC_CHAINS_cnn_vmim__n1_jitter_seed_s3_sim2457_row2056252_noise252_431_610 (240000, 4) acc=0.310
  step 0/1999 best -11.048
  step 50/1999 best -1.117
  step 100/1999 best 6.908
  step 150/1999 best 10.068
  step 200/1999 best 13.579
  step 250/1999 best 14.603
  step 300/1999 best 14.698
  step 350/1999 best 15.328
  step 400/1999 best 15.224
  step 450/1999 best 15.374
  step 500/1999 best 15.522
  step 550/1999 best 15.217
  step 600/1999 best 15.266
  step 650/1999 best 15.340
  step 700/1999 best 15.361
  step 750/1999 best 15.319
  step 800/1999 best 15.423
  step 850/1999 best 15.357
  step 900/1999 best 15.509
  step 950/1999 best 15.517
  step 1000/1999 best 15.536
  step 1050/1999 best 15.323
  step 1100/1999 best 15.534
  step 1150/1999 best 15.521
  step 1200/1999 best 15.464
  step 1250/1999 best 15.448
  step 1300/1999 best 15.379
  step 1350/1999 best 15.469
  step 1400/1999 best 15.499
  step 1450/1999 best 15.378
  step 1500/1999 best 15.443
  step 1550/1999 best 15.511
  step 1600/1999 best 15.482
  step 1650/1999 best 15.501
  step 1700/1999 best 15.529
  step 1750/1999 best 15.370
  step 1800/1999 best 15.328
  step 1850/1999 best 15.515
  step 1900/1999 best 15.386
  step 1950/1999 best 15.297
saved SBC_CHAINS_cnn_vmim__n1_jitter_seed_s3_sim956_row905668_noise3352_3531_3710 (240000, 4) acc=0.249
  step 0/1999 best -2.439
  step 50/1999 best 7.874
  step 100/1999 best 8.707
  step 150/1999 best 12.506
  step 200/1999 best 12.171
  step 250/1999 best 12.816
  step 300/1999 best 13.318
  step 350/1999 best 13.411
  step 400/1999 best 14.298
  step 450/1999 best 14.446
  step 500/1999 best 14.443
  step 550/1999 best 13.842
  step 600/1999 best 14.416
  step 650/1999 best 14.344
  step 700/1999 best 14.402
  step 750/1999 best 14.487
  step 800/1999 best 14.390
  step 850/1999 best 14.159
  step 900/1999 best 14.418
  step 950/1999 best 14.430
  step 1000/1999 best 14.500
  step 1050/1999 best 14.373
  step 1100/1999 best 14.614
  step 1150/1999 best 14.352
  step 1200/1999 best 14.543
  step 1250/1999 best 14.495
  step 1300/1999 best 14.649
  step 1350/1999 best 14.567
  step 1400/1999 best 14.502
  step 1450/1999 best 14.530
  step 1500/1999 best 14.396
  step 1550/1999 best 14.526
  step 1600/1999 best 14.575
  step 1650/1999 best 14.234
  step 1700/1999 best 14.542
  step 1750/1999 best 14.442
  step 1800/1999 best 14.342
  step 1850/1999 best 14.510
  step 1900/1999 best 14.383
  step 1950/1999 best 14.405
saved SBC_CHAINS_cnn_vmim__n1_jitter_seed_s3_sim2392_row1991948_noise4744_4923_5102 (240000, 4) acc=0.180
  step 0/1999 best -18.417
  step 50/1999 best 2.650
  step 100/1999 best 8.904
  step 150/1999 best 10.068
  step 200/1999 best 10.180
  step 250/1999 best 10.688
  step 300/1999 best 10.776
  step 350/1999 best 11.026
  step 400/1999 best 10.863
  step 450/1999 best 11.084
  step 500/1999 best 10.927
  step 550/1999 best 11.064
  step 600/1999 best 11.110
  step 650/1999 best 10.862
  step 700/1999 best 10.996
  step 750/1999 best 10.958
  step 800/1999 best 10.880
  step 850/1999 best 10.929
  step 900/1999 best 11.002
  step 950/1999 best 11.015
  step 1000/1999 best 10.825
  step 1050/1999 best 10.995
  step 1100/1999 best 11.070
  step 1150/1999 best 11.003
  step 1200/1999 best 10.902
  step 1250/1999 best 10.960
  step 1300/1999 best 10.914
  step 1350/1999 best 10.951
  step 1400/1999 best 11.047
  step 1450/1999 best 10.859
  step 1500/1999 best 10.924
  step 1550/1999 best 10.883
  step 1600/1999 best 10.742
  step 1650/1999 best 10.943
  step 1700/1999 best 11.108
  step 1750/1999 best 11.091
  step 1800/1999 best 10.844
  step 1850/1999 best 10.809
  step 1900/1999 best 11.059
  step 1950/1999 best 10.892
saved SBC_CHAINS_cnn_vmim__n1_jitter_seed_s3_sim2923_row2518456_noise4540_4719_4898 (240000, 4) acc=0.236
  step 0/1999 best -20.495
  step 50/1999 best 2.713
  step 100/1999 best 10.260
  step 150/1999 best 11.194
  step 200/1999 best 11.934
  step 250/1999 best 12.502
  step 300/1999 best 12.415
  step 350/1999 best 12.431
  step 400/1999 best 12.139
  step 450/1999 best 12.384
  step 500/1999 best 12.026
  step 550/1999 best 11.995
  step 600/1999 best 12.293
  step 650/1999 best 12.446
  step 700/1999 best 12.471
  step 750/1999 best 12.457
  step 800/1999 best 12.310
  step 850/1999 best 12.320
  step 900/1999 best 12.300
  step 950/1999 best 12.043
  step 1000/1999 best 12.433
  step 1050/1999 best 12.348
  step 1100/1999 best 12.187
  step 1150/1999 best 12.484
  step 1200/1999 best 12.038
  step 1250/1999 best 12.269
  step 1300/1999 best 12.447
  step 1350/1999 best 12.374
  step 1400/1999 best 12.172
  step 1450/1999 best 12.356
  step 1500/1999 best 11.975
  step 1550/1999 best 12.292
  step 1600/1999 best 12.443
  step 1650/1999 best 12.468
  step 1700/1999 best 12.432
  step 1750/1999 best 12.505
  step 1800/1999 best 12.482
  step 1850/1999 best 12.352
  step 1900/1999 best 12.275
  step 1950/1999 best 12.143
saved SBC_CHAINS_cnn_vmim__n1_jitter_seed_s3_sim835_row784994_noise614_793_972 (240000, 4) acc=0.133
  step 0/1999 best -12.075
  step 50/1999 best 6.458
  step 100/1999 best 15.852
  step 150/1999 best 16.547
  step 200/1999 best 16.900
  step 250/1999 best 16.873
  step 300/1999 best 16.730
  step 350/1999 best 16.965
  step 400/1999 best 16.733
  step 450/1999 best 16.945
  step 500/1999 best 16.818
  step 550/1999 best 16.834
  step 600/1999 best 16.909
  step 650/1999 best 16.829
  step 700/1999 best 16.841
  step 750/1999 best 16.835
  step 800/1999 best 16.990
  step 850/1999 best 16.812
  step 900/1999 best 16.775
  step 950/1999 best 16.821
  step 1000/1999 best 16.873
  step 1050/1999 best 16.849
  step 1100/1999 best 16.992
  step 1150/1999 best 16.906
  step 1200/1999 best 16.827
  step 1250/1999 best 16.959
  step 1300/1999 best 16.955
  step 1350/1999 best 16.925
  step 1400/1999 best 16.866
  step 1450/1999 best 16.905
  step 1500/1999 best 16.920
  step 1550/1999 best 16.873
  step 1600/1999 best 16.849
  step 1650/1999 best 16.962
  step 1700/1999 best 16.849
  step 1750/1999 best 16.856
  step 1800/1999 best 16.881
  step 1850/1999 best 16.865
  step 1900/1999 best 16.924
  step 1950/1999 best 16.774
saved SBC_CHAINS_cnn_vmim__n1_jitter_seed_s3_sim1983_row1594758_noise8330_8509_8688 (240000, 4) acc=0.301
  step 0/1999 best -13.154
  step 50/1999 best 5.017
  step 100/1999 best 8.017
  step 150/1999 best 12.058
  step 200/1999 best 14.570
  step 250/1999 best 10.734
  step 300/1999 best 11.132
  step 350/1999 best 13.015
  step 400/1999 best 14.432
  step 450/1999 best 15.073
  step 500/1999 best 15.628
  step 550/1999 best 15.528
  step 600/1999 best 15.416
  step 650/1999 best 16.021
  step 700/1999 best 15.742
  step 750/1999 best 15.817
  step 800/1999 best 15.969
  step 850/1999 best 15.776
  step 900/1999 best 15.855
  step 950/1999 best 15.704
  step 1000/1999 best 15.584
  step 1050/1999 best 15.836
  step 1100/1999 best 15.891
  step 1150/1999 best 15.744
  step 1200/1999 best 15.945
  step 1250/1999 best 15.940
  step 1300/1999 best 15.940
  step 1350/1999 best 15.664
  step 1400/1999 best 15.883
  step 1450/1999 best 15.954
  step 1500/1999 best 15.974
  step 1550/1999 best 16.009
  step 1600/1999 best 15.853
  step 1650/1999 best 15.726
  step 1700/1999 best 15.909
  step 1750/1999 best 15.796
  step 1800/1999 best 15.905
  step 1850/1999 best 15.979
  step 1900/1999 best 15.844
  step 1950/1999 best 15.934
saved SBC_CHAINS_cnn_vmim__n1_jitter_seed_s3_sim1930_row1541929_noise4641_4820_4999 (240000, 4) acc=0.129
  step 0/1999 best -15.347
  step 50/1999 best 2.486
  step 100/1999 best 9.241
  step 150/1999 best 12.517
  step 200/1999 best 12.623
  step 250/1999 best 12.485
  step 300/1999 best 12.831
  step 350/1999 best 13.162
  step 400/1999 best 13.063
  step 450/1999 best 13.283
  step 500/1999 best 13.017
  step 550/1999 best 13.212
  step 600/1999 best 13.209
  step 650/1999 best 13.276
  step 700/1999 best 13.142
  step 750/1999 best 13.034
  step 800/1999 best 13.188
  step 850/1999 best 13.274
  step 900/1999 best 13.174
  step 950/1999 best 13.205
  step 1000/1999 best 13.208
  step 1050/1999 best 13.301
  step 1100/1999 best 13.229
  step 1150/1999 best 13.102
  step 1200/1999 best 13.157
  step 1250/1999 best 13.265
  step 1300/1999 best 13.248
  step 1350/1999 best 13.222
  step 1400/1999 best 12.743
  step 1450/1999 best 13.093
  step 1500/1999 best 13.218
  step 1550/1999 best 13.145
  step 1600/1999 best 13.034
  step 1650/1999 best 13.011
  step 1700/1999 best 13.220
  step 1750/1999 best 13.039
  step 1800/1999 best 13.009
  step 1850/1999 best 13.114
  step 1900/1999 best 13.299
  step 1950/1999 best 13.067
saved SBC_CHAINS_cnn_vmim__n1_jitter_seed_s3_sim373_row359386_noise9750_101_280 (240000, 4) acc=0.158
  step 0/1999 best -10.571
  step 50/1999 best 0.540
  step 100/1999 best 1.105
  step 150/1999 best 0.951
  step 200/1999 best 0.645
  step 250/1999 best 7.488
  step 300/1999 best 12.336
  step 350/1999 best 14.689
  step 400/1999 best 14.689
  step 450/1999 best 14.748
  step 500/1999 best 14.547
  step 550/1999 best 14.366
  step 600/1999 best 14.638
  step 650/1999 best 14.742
  step 700/1999 best 14.866
  step 750/1999 best 14.470
  step 800/1999 best 14.822
  step 850/1999 best 14.723
  step 900/1999 best 14.912
  step 950/1999 best 14.805
  step 1000/1999 best 14.923
  step 1050/1999 best 14.857
  step 1100/1999 best 14.777
  step 1150/1999 best 14.836
  step 1200/1999 best 14.686
  step 1250/1999 best 14.817
  step 1300/1999 best 14.814
  step 1350/1999 best 14.890
  step 1400/1999 best 14.671
  step 1450/1999 best 14.669
  step 1500/1999 best 14.759
  step 1550/1999 best 14.721
  step 1600/1999 best 14.831
  step 1650/1999 best 14.747
  step 1700/1999 best 14.635
  step 1750/1999 best 14.713
  step 1800/1999 best 14.820
  step 1850/1999 best 14.723
  step 1900/1999 best 14.664
  step 1950/1999 best 14.485
saved SBC_CHAINS_cnn_vmim__n1_jitter_seed_s3_sim838_row787421_noise3041_3220_3399 (240000, 4) acc=0.170
  step 0/1999 best -18.560
  step 50/1999 best 6.260
  step 100/1999 best 9.523
  step 150/1999 best 9.523
  step 200/1999 best 12.288
  step 250/1999 best 12.477
  step 300/1999 best 12.629
  step 350/1999 best 12.170
  step 400/1999 best 12.859
  step 450/1999 best 12.700
  step 500/1999 best 12.470
  step 550/1999 best 13.061
  step 600/1999 best 12.745
  step 650/1999 best 12.977
  step 700/1999 best 12.847
  step 750/1999 best 12.591
  step 800/1999 best 12.712
  step 850/1999 best 13.000
  step 900/1999 best 12.666
  step 950/1999 best 13.139
  step 1000/1999 best 13.052
  step 1050/1999 best 12.807
  step 1100/1999 best 13.061
  step 1150/1999 best 12.893
  step 1200/1999 best 13.038
  step 1250/1999 best 12.959
  step 1300/1999 best 12.674
  step 1350/1999 best 12.968
  step 1400/1999 best 12.956
  step 1450/1999 best 12.900
  step 1500/1999 best 12.840
  step 1550/1999 best 12.686
  step 1600/1999 best 13.122
  step 1650/1999 best 12.971
  step 1700/1999 best 12.946
  step 1750/1999 best 12.953
  step 1800/1999 best 12.953
  step 1850/1999 best 12.886
  step 1900/1999 best 12.864
  step 1950/1999 best 13.028
saved SBC_CHAINS_cnn_vmim__n1_jitter_seed_s3_sim3100_row2695119_noise4299_4478_4657 (240000, 4) acc=0.170
  step 0/1999 best -14.054
  step 50/1999 best 1.100
  step 100/1999 best 12.670
  step 150/1999 best 15.789
  step 200/1999 best 15.813
  step 250/1999 best 15.887
  step 300/1999 best 15.569
  step 350/1999 best 15.886
  step 400/1999 best 15.959
  step 450/1999 best 15.927
  step 500/1999 best 15.859
  step 550/1999 best 15.878
  step 600/1999 best 15.733
  step 650/1999 best 15.909
  step 700/1999 best 15.821
  step 750/1999 best 15.843
  step 800/1999 best 15.972
  step 850/1999 best 15.896
  step 900/1999 best 15.715
  step 950/1999 best 15.994
  step 1000/1999 best 15.935
  step 1050/1999 best 15.883
  step 1100/1999 best 15.825
  step 1150/1999 best 15.867
  step 1200/1999 best 15.830
  step 1250/1999 best 15.774
  step 1300/1999 best 16.001
  step 1350/1999 best 15.956
  step 1400/1999 best 15.908
  step 1450/1999 best 15.890
  step 1500/1999 best 15.770
  step 1550/1999 best 15.951
  step 1600/1999 best 15.872
  step 1650/1999 best 15.861
  step 1700/1999 best 15.881
  step 1750/1999 best 15.902
  step 1800/1999 best 15.774
  step 1850/1999 best 15.997
  step 1900/1999 best 15.865
  step 1950/1999 best 15.776
saved SBC_CHAINS_cnn_vmim__n1_jitter_seed_s3_sim800_row749510_noise4442_4621_4800 (240000, 4) acc=0.219
  step 0/1999 best -19.881
  step 50/1999 best -5.293
  step 100/1999 best 0.750
  step 150/1999 best 2.736
  step 200/1999 best 6.579
  step 250/1999 best 12.501
  step 300/1999 best 12.993
  step 350/1999 best 14.805
  step 400/1999 best 14.906
  step 450/1999 best 15.466
  step 500/1999 best 15.405
  step 550/1999 best 15.444
  step 600/1999 best 15.004
  step 650/1999 best 15.499
  step 700/1999 best 15.387
  step 750/1999 best 15.417
  step 800/1999 best 15.455
  step 850/1999 best 15.274
  step 900/1999 best 15.371
  step 950/1999 best 15.302
  step 1000/1999 best 15.304
  step 1050/1999 best 15.498
  step 1100/1999 best 15.238
  step 1150/1999 best 15.251
  step 1200/1999 best 15.296
  step 1250/1999 best 15.491
  step 1300/1999 best 15.516
  step 1350/1999 best 15.455
  step 1400/1999 best 15.439
  step 1450/1999 best 15.502
  step 1500/1999 best 15.473
  step 1550/1999 best 15.402
  step 1600/1999 best 15.470
  step 1650/1999 best 15.451
  step 1700/1999 best 15.435
  step 1750/1999 best 15.324
  step 1800/1999 best 15.549
  step 1850/1999 best 15.532
  step 1900/1999 best 15.477
  step 1950/1999 best 15.448
saved SBC_CHAINS_cnn_vmim__n1_jitter_seed_s3_sim1501_row1278004_noise7148_7327_7506 (240000, 4) acc=0.178
  step 0/1999 best -17.844
  step 50/1999 best 7.102
  step 100/1999 best 6.771
  step 150/1999 best 10.717
  step 200/1999 best 10.712
  step 250/1999 best 11.594
  step 300/1999 best 11.626
  step 350/1999 best 11.610
  step 400/1999 best 11.762
  step 450/1999 best 12.051
  step 500/1999 best 11.967
  step 550/1999 best 12.122
  step 600/1999 best 12.238
  step 650/1999 best 12.176
  step 700/1999 best 12.200
  step 750/1999 best 12.117
  step 800/1999 best 11.995
  step 850/1999 best 12.118
  step 900/1999 best 12.020
  step 950/1999 best 12.103
  step 1000/1999 best 12.083
  step 1050/1999 best 12.063
  step 1100/1999 best 12.165
  step 1150/1999 best 12.204
  step 1200/1999 best 12.223
  step 1250/1999 best 12.050
  step 1300/1999 best 12.179
  step 1350/1999 best 12.069
  step 1400/1999 best 12.142
  step 1450/1999 best 12.112
  step 1500/1999 best 12.115
  step 1550/1999 best 12.031
  step 1600/1999 best 12.075
  step 1650/1999 best 12.116
  step 1700/1999 best 12.133
  step 1750/1999 best 12.166
  step 1800/1999 best 12.205
  step 1850/1999 best 12.136
  step 1900/1999 best 12.071
  step 1950/1999 best 12.071
saved SBC_CHAINS_cnn_vmim__n1_jitter_seed_s3_sim2926_row2521850_noise7934_8113_8292 (240000, 4) acc=0.245
  step 0/1999 best -18.972
  step 50/1999 best -1.298
  step 100/1999 best 4.396
  step 150/1999 best 10.113
  step 200/1999 best 8.876
  step 250/1999 best 8.876
  step 300/1999 best 10.194
  step 350/1999 best 9.990
  step 400/1999 best 10.195
  step 450/1999 best 10.320
  step 500/1999 best 9.303
  step 550/1999 best 9.532
  step 600/1999 best 10.530
  step 650/1999 best 10.351
  step 700/1999 best 10.477
  step 750/1999 best 10.677
  step 800/1999 best 10.416
  step 850/1999 best 10.258
  step 900/1999 best 10.401
  step 950/1999 best 10.408
  step 1000/1999 best 10.274
  step 1050/1999 best 9.909
  step 1100/1999 best 9.752
  step 1150/1999 best 10.096
  step 1200/1999 best 10.192
  step 1250/1999 best 10.125
  step 1300/1999 best 10.194
  step 1350/1999 best 10.417
  step 1400/1999 best 10.675
  step 1450/1999 best 10.597
  step 1500/1999 best 10.471
  step 1550/1999 best 10.628
  step 1600/1999 best 10.571
  step 1650/1999 best 10.690
  step 1700/1999 best 10.577
  step 1750/1999 best 10.332
  step 1800/1999 best 10.454
  step 1850/1999 best 9.853
  step 1900/1999 best 9.989
  step 1950/1999 best 10.479
saved SBC_CHAINS_cnn_vmim__n1_jitter_seed_s3_sim3027_row2622266_noise242_421_600 (240000, 4) acc=0.352
  step 0/1999 best -24.716
  step 50/1999 best 4.904
  step 100/1999 best 6.812
  step 150/1999 best 14.082
  step 200/1999 best 14.594
  step 250/1999 best 15.051
  step 300/1999 best 14.699
  step 350/1999 best 14.832
  step 400/1999 best 15.155
  step 450/1999 best 15.007
  step 500/1999 best 14.929
  step 550/1999 best 15.051
  step 600/1999 best 14.713
  step 650/1999 best 14.957
  step 700/1999 best 14.933
  step 750/1999 best 15.040
  step 800/1999 best 15.200
  step 850/1999 best 15.222
  step 900/1999 best 15.030
  step 950/1999 best 15.127
  step 1000/1999 best 15.144
  step 1050/1999 best 15.062
  step 1100/1999 best 15.211
  step 1150/1999 best 15.064
  step 1200/1999 best 15.199
  step 1250/1999 best 15.087
  step 1300/1999 best 15.157
  step 1350/1999 best 15.109
  step 1400/1999 best 15.169
  step 1450/1999 best 14.901
  step 1500/1999 best 15.157
  step 1550/1999 best 15.059
  step 1600/1999 best 15.174
  step 1650/1999 best 14.951
  step 1700/1999 best 15.088
  step 1750/1999 best 15.053
  step 1800/1999 best 15.124
  step 1850/1999 best 15.104
  step 1900/1999 best 15.280
  step 1950/1999 best 15.172
saved SBC_CHAINS_cnn_vmim__n1_jitter_seed_s3_sim376_row362476_noise3012_3191_3370 (240000, 4) acc=0.169
  step 0/1999 best -17.112
  step 50/1999 best -5.364
  step 100/1999 best -4.385
  step 150/1999 best 0.009
  step 200/1999 best 4.033
  step 250/1999 best 5.741
  step 300/1999 best 11.442
  step 350/1999 best 11.350
  step 400/1999 best 12.358
  step 450/1999 best 12.134
  step 500/1999 best 12.040
  step 550/1999 best 12.170
  step 600/1999 best 12.582
  step 650/1999 best 12.309
  step 700/1999 best 12.534
  step 750/1999 best 12.681
  step 800/1999 best 12.323
  step 850/1999 best 12.614
  step 900/1999 best 12.494
  step 950/1999 best 12.526
  step 1000/1999 best 12.355
  step 1050/1999 best 12.618
  step 1100/1999 best 12.512
  step 1150/1999 best 12.633
  step 1200/1999 best 12.687
  step 1250/1999 best 12.517
  step 1300/1999 best 12.674
  step 1350/1999 best 12.499
  step 1400/1999 best 12.699
  step 1450/1999 best 12.606
  step 1500/1999 best 12.575
  step 1550/1999 best 12.621
  step 1600/1999 best 12.483
  step 1650/1999 best 12.573
  step 1700/1999 best 12.531
  step 1750/1999 best 12.674
  step 1800/1999 best 12.580
  step 1850/1999 best 12.692
  step 1900/1999 best 12.570
  step 1950/1999 best 12.720
saved SBC_CHAINS_cnn_vmim__n1_jitter_seed_s3_sim2623_row2222957_noise9709_60_239 (240000, 4) acc=0.140
  step 0/1999 best -15.632
  step 50/1999 best 9.331
  step 100/1999 best 10.069
  step 150/1999 best 10.142
  step 200/1999 best 10.476
  step 250/1999 best 9.342
  step 300/1999 best 10.760
  step 350/1999 best 10.930
  step 400/1999 best 10.898
  step 450/1999 best 10.739
  step 500/1999 best 10.835
  step 550/1999 best 11.022
  step 600/1999 best 10.876
  step 650/1999 best 10.709
  step 700/1999 best 10.389
  step 750/1999 best 11.022
  step 800/1999 best 10.928
  step 850/1999 best 10.983
  step 900/1999 best 10.912
  step 950/1999 best 11.059
  step 1000/1999 best 11.026
  step 1050/1999 best 10.974
  step 1100/1999 best 10.990
  step 1150/1999 best 10.965
  step 1200/1999 best 10.788
  step 1250/1999 best 11.025
  step 1300/1999 best 10.852
  step 1350/1999 best 11.036
  step 1400/1999 best 10.913
  step 1450/1999 best 10.894
  step 1500/1999 best 10.846
  step 1550/1999 best 11.038
  step 1600/1999 best 10.973
  step 1650/1999 best 10.922
  step 1700/1999 best 10.735
  step 1750/1999 best 10.648
  step 1800/1999 best 10.949
  step 1850/1999 best 10.889
  step 1900/1999 best 10.822
  step 1950/1999 best 10.896
saved SBC_CHAINS_cnn_vmim__n1_jitter_seed_s3_sim2848_row2443506_noise8214_8393_8572 (240000, 4) acc=0.261
  step 0/1999 best -18.267
  step 50/1999 best -4.649
  step 100/1999 best 1.884
  step 150/1999 best 2.940
  step 200/1999 best 2.653
  step 250/1999 best 2.447
  step 300/1999 best 12.445
  step 350/1999 best 12.419
  step 400/1999 best 14.390
  step 450/1999 best 14.390
  step 500/1999 best 13.716
  step 550/1999 best 13.435
  step 600/1999 best 14.769
  step 650/1999 best 15.311
  step 700/1999 best 15.311
  step 750/1999 best 15.583
  step 800/1999 best 15.471
  step 850/1999 best 15.524
  step 900/1999 best 15.683
  step 950/1999 best 15.573
  step 1000/1999 best 15.366
  step 1050/1999 best 15.393
  step 1100/1999 best 15.555
  step 1150/1999 best 15.597
  step 1200/1999 best 15.598
  step 1250/1999 best 15.532
  step 1300/1999 best 15.462
  step 1350/1999 best 15.473
  step 1400/1999 best 15.616
  step 1450/1999 best 15.542
  step 1500/1999 best 15.579
  step 1550/1999 best 15.486
  step 1600/1999 best 15.534
  step 1650/1999 best 15.690
  step 1700/1999 best 15.421
  step 1750/1999 best 15.536
  step 1800/1999 best 15.588
  step 1850/1999 best 15.582
  step 1900/1999 best 15.563
  step 1950/1999 best 15.495
saved SBC_CHAINS_cnn_vmim__n1_jitter_seed_s3_sim1507_row1284783_noise4099_4278_4457 (240000, 4) acc=0.163
  step 0/1999 best -22.908
  step 50/1999 best 5.055
  step 100/1999 best 15.693
  step 150/1999 best 16.737
  step 200/1999 best 16.803
  step 250/1999 best 16.827
  step 300/1999 best 16.815
  step 350/1999 best 17.042
  step 400/1999 best 16.938
  step 450/1999 best 16.970
  step 500/1999 best 17.033
  step 550/1999 best 16.964
  step 600/1999 best 16.867
  step 650/1999 best 16.936
  step 700/1999 best 16.860
  step 750/1999 best 17.009
  step 800/1999 best 16.810
  step 850/1999 best 17.011
  step 900/1999 best 17.000
  step 950/1999 best 16.790
  step 1000/1999 best 16.920
  step 1050/1999 best 16.994
  step 1100/1999 best 16.920
  step 1150/1999 best 16.969
  step 1200/1999 best 16.781
  step 1250/1999 best 16.924
  step 1300/1999 best 17.021
  step 1350/1999 best 17.061
  step 1400/1999 best 17.028
  step 1450/1999 best 16.989
  step 1500/1999 best 16.867
  step 1550/1999 best 16.956
  step 1600/1999 best 17.010
  step 1650/1999 best 16.853
  step 1700/1999 best 16.943
  step 1750/1999 best 17.078
  step 1800/1999 best 17.012
  step 1850/1999 best 17.024
  step 1900/1999 best 16.876
  step 1950/1999 best 17.003
saved SBC_CHAINS_cnn_vmim__n1_jitter_seed_s3_sim1353_row1162773_noise7337_7516_7695 (240000, 4) acc=0.266
  step 0/1999 best -3.716
  step 50/1999 best -2.478
  step 100/1999 best 11.261
  step 150/1999 best 11.267
  step 200/1999 best 11.569
  step 250/1999 best 10.476
  step 300/1999 best 10.982
  step 350/1999 best 11.341
  step 400/1999 best 10.517
  step 450/1999 best 10.896
  step 500/1999 best 11.370
  step 550/1999 best 11.551
  step 600/1999 best 11.400
  step 650/1999 best 11.360
  step 700/1999 best 11.365
  step 750/1999 best 11.142
  step 800/1999 best 11.454
  step 850/1999 best 11.706
  step 900/1999 best 11.846
  step 950/1999 best 11.766
  step 1000/1999 best 11.607
  step 1050/1999 best 11.608
  step 1100/1999 best 11.353
  step 1150/1999 best 11.571
  step 1200/1999 best 11.743
  step 1250/1999 best 11.605
  step 1300/1999 best 11.495
  step 1350/1999 best 11.577
  step 1400/1999 best 11.337
  step 1450/1999 best 11.581
  step 1500/1999 best 11.295
  step 1550/1999 best 11.482
  step 1600/1999 best 11.245
  step 1650/1999 best 11.516
  step 1700/1999 best 11.839
  step 1750/1999 best 11.525
  step 1800/1999 best 11.426
  step 1850/1999 best 11.691
  step 1900/1999 best 11.173
  step 1950/1999 best 11.601
saved SBC_CHAINS_cnn_vmim__n1_jitter_seed_s3_sim757_row706949_noise1193_1372_1551 (240000, 4) acc=0.126
  step 0/1999 best -5.224
  step 50/1999 best -3.189
  step 100/1999 best 9.877
  step 150/1999 best 11.129
  step 200/1999 best 13.934
  step 250/1999 best 13.363
  step 300/1999 best 14.379
  step 350/1999 best 14.591
  step 400/1999 best 14.492
  step 450/1999 best 14.852
  step 500/1999 best 14.656
  step 550/1999 best 14.460
  step 600/1999 best 14.695
  step 650/1999 best 14.773
  step 700/1999 best 14.808
  step 750/1999 best 14.860
  step 800/1999 best 14.653
  step 850/1999 best 14.671
  step 900/1999 best 14.672
  step 950/1999 best 14.980
  step 1000/1999 best 14.851
  step 1050/1999 best 14.969
  step 1100/1999 best 14.772
  step 1150/1999 best 14.839
  step 1200/1999 best 14.753
  step 1250/1999 best 14.696
  step 1300/1999 best 14.802
  step 1350/1999 best 14.968
  step 1400/1999 best 14.895
  step 1450/1999 best 14.880
  step 1500/1999 best 14.708
  step 1550/1999 best 14.837
  step 1600/1999 best 14.833
  step 1650/1999 best 14.852
  step 1700/1999 best 14.802
  step 1750/1999 best 14.893
  step 1800/1999 best 14.970
  step 1850/1999 best 14.899
  step 1900/1999 best 14.753
  step 1950/1999 best 14.572
saved SBC_CHAINS_cnn_vmim__n1_jitter_seed_s3_sim662_row615334_noise3858_4037_4216 (240000, 4) acc=0.150
  step 0/1999 best -18.906
  step 50/1999 best -2.421
  step 100/1999 best -1.830
  step 150/1999 best 5.906
  step 200/1999 best 8.800
  step 250/1999 best 9.218
  step 300/1999 best 10.334
  step 350/1999 best 10.615
  step 400/1999 best 11.809
  step 450/1999 best 12.346
  step 500/1999 best 10.815
  step 550/1999 best 11.455
  step 600/1999 best 11.751
  step 650/1999 best 12.227
  step 700/1999 best 12.489
  step 750/1999 best 12.063
  step 800/1999 best 12.415
  step 850/1999 best 12.436
  step 900/1999 best 12.343
  step 950/1999 best 12.472
  step 1000/1999 best 12.603
  step 1050/1999 best 12.059
  step 1100/1999 best 11.773
  step 1150/1999 best 11.785
  step 1200/1999 best 11.821
  step 1250/1999 best 12.065
  step 1300/1999 best 12.449
  step 1350/1999 best 12.491
  step 1400/1999 best 12.322
  step 1450/1999 best 12.268
  step 1500/1999 best 11.705
  step 1550/1999 best 12.322
  step 1600/1999 best 12.147
  step 1650/1999 best 12.123
  step 1700/1999 best 12.260
  step 1750/1999 best 12.285
  step 1800/1999 best 12.486
  step 1850/1999 best 12.453
  step 1900/1999 best 12.517
  step 1950/1999 best 12.140
saved SBC_CHAINS_cnn_vmim__n1_jitter_seed_s3_sim680_row631503_noise2371_2550_2729 (240000, 4) acc=0.145
  step 0/1999 best -14.998
  step 50/1999 best 0.701
  step 100/1999 best 5.641
  step 150/1999 best 11.270
  step 200/1999 best 13.072
  step 250/1999 best 13.578
  step 300/1999 best 14.101
  step 350/1999 best 13.904
  step 400/1999 best 13.927
  step 450/1999 best 13.833
  step 500/1999 best 14.121
  step 550/1999 best 14.095
  step 600/1999 best 13.876
  step 650/1999 best 14.007
  step 700/1999 best 14.086
  step 750/1999 best 13.963
  step 800/1999 best 13.996
  step 850/1999 best 13.937
  step 900/1999 best 13.949
  step 950/1999 best 14.108
  step 1000/1999 best 13.938
  step 1050/1999 best 14.045
  step 1100/1999 best 13.929
  step 1150/1999 best 13.959
  step 1200/1999 best 13.999
  step 1250/1999 best 14.095
  step 1300/1999 best 13.940
  step 1350/1999 best 13.863
  step 1400/1999 best 14.168
  step 1450/1999 best 14.126
  step 1500/1999 best 14.096
  step 1550/1999 best 14.079
  step 1600/1999 best 14.104
  step 1650/1999 best 14.124
  step 1700/1999 best 14.115
  step 1750/1999 best 14.140
  step 1800/1999 best 13.997
  step 1850/1999 best 13.939
  step 1900/1999 best 14.107
  step 1950/1999 best 14.043
saved SBC_CHAINS_cnn_vmim__n1_jitter_seed_s3_sim2626_row2225806_noise2730_2909_3088 (240000, 4) acc=0.231
  step 0/1999 best -21.912
  step 50/1999 best 0.359
  step 100/1999 best 0.359
  step 150/1999 best 3.056
  step 200/1999 best 9.267
  step 250/1999 best 8.675
  step 300/1999 best 13.142
  step 350/1999 best 14.801
  step 400/1999 best 12.852
  step 450/1999 best 13.904
  step 500/1999 best 14.892
  step 550/1999 best 14.416
  step 600/1999 best 14.900
  step 650/1999 best 14.904
  step 700/1999 best 14.830
  step 750/1999 best 14.665
  step 800/1999 best 14.865
  step 850/1999 best 14.759
  step 900/1999 best 14.783
  step 950/1999 best 14.806
  step 1000/1999 best 14.776
  step 1050/1999 best 14.988
  step 1100/1999 best 14.809
  step 1150/1999 best 14.646
  step 1200/1999 best 14.947
  step 1250/1999 best 14.775
  step 1300/1999 best 14.779
  step 1350/1999 best 14.945
  step 1400/1999 best 14.893
  step 1450/1999 best 14.942
  step 1500/1999 best 14.812
  step 1550/1999 best 14.798
  step 1600/1999 best 14.840
  step 1650/1999 best 14.900
  step 1700/1999 best 14.740
  step 1750/1999 best 14.974
  step 1800/1999 best 14.901
  step 1850/1999 best 14.929
  step 1900/1999 best 14.958
  step 1950/1999 best 14.851
saved SBC_CHAINS_cnn_vmim__n1_jitter_seed_s3_sim2044_row1654743_noise519_698_877 (240000, 4) acc=0.166
  step 0/1999 best -20.316
  step 50/1999 best -0.859
  step 100/1999 best 7.364
  step 150/1999 best 7.134
  step 200/1999 best 9.979
  step 250/1999 best 12.219
  step 300/1999 best 12.447
  step 350/1999 best 12.655
  step 400/1999 best 12.728
  step 450/1999 best 12.639
  step 500/1999 best 12.487
  step 550/1999 best 12.533
  step 600/1999 best 12.533
  step 650/1999 best 12.735
  step 700/1999 best 12.429
  step 750/1999 best 12.601
  step 800/1999 best 12.539
  step 850/1999 best 12.716
  step 900/1999 best 12.660
  step 950/1999 best 12.696
  step 1000/1999 best 12.651
  step 1050/1999 best 12.670
  step 1100/1999 best 12.623
  step 1150/1999 best 12.704
  step 1200/1999 best 12.609
  step 1250/1999 best 12.595
  step 1300/1999 best 12.573
  step 1350/1999 best 12.664
  step 1400/1999 best 12.558
  step 1450/1999 best 12.542
  step 1500/1999 best 12.754
  step 1550/1999 best 12.731
  step 1600/1999 best 12.500
  step 1650/1999 best 12.680
  step 1700/1999 best 12.734
  step 1750/1999 best 12.646
  step 1800/1999 best 12.648
  step 1850/1999 best 12.640
  step 1900/1999 best 12.540
  step 1950/1999 best 12.719
saved SBC_CHAINS_cnn_vmim__n1_jitter_seed_s3_sim2473_row2072784_noise6956_7135_7314 (240000, 4) acc=0.176
  step 0/1999 best -22.176
  step 50/1999 best 9.124
  step 100/1999 best 8.353
  step 150/1999 best 9.358
  step 200/1999 best 10.633
  step 250/1999 best 11.019
  step 300/1999 best 10.958
  step 350/1999 best 10.993
  step 400/1999 best 11.152
  step 450/1999 best 10.855
  step 500/1999 best 10.860
  step 550/1999 best 11.160
  step 600/1999 best 11.043
  step 650/1999 best 11.093
  step 700/1999 best 11.158
  step 750/1999 best 11.067
  step 800/1999 best 11.001
  step 850/1999 best 11.058
  step 900/1999 best 10.968
  step 950/1999 best 11.092
  step 1000/1999 best 10.988
  step 1050/1999 best 10.890
  step 1100/1999 best 11.031
  step 1150/1999 best 11.159
  step 1200/1999 best 10.904
  step 1250/1999 best 11.150
  step 1300/1999 best 11.097
  step 1350/1999 best 10.877
  step 1400/1999 best 11.059
  step 1450/1999 best 10.993
  step 1500/1999 best 11.102
  step 1550/1999 best 10.924
  step 1600/1999 best 10.972
  step 1650/1999 best 11.074
  step 1700/1999 best 11.081
  step 1750/1999 best 11.136
  step 1800/1999 best 11.074
  step 1850/1999 best 11.145
  step 1900/1999 best 11.097
  step 1950/1999 best 11.169
saved SBC_CHAINS_cnn_vmim__n1_jitter_seed_s3_sim2821_row2416116_noise480_659_838 (240000, 4) acc=0.245
  step 0/1999 best -14.414
  step 50/1999 best 3.940
  step 100/1999 best 6.106
  step 150/1999 best 11.030
  step 200/1999 best 14.138
  step 250/1999 best 13.840
  step 300/1999 best 14.120
  step 350/1999 best 14.026
  step 400/1999 best 14.037
  step 450/1999 best 14.103
  step 500/1999 best 14.080
  step 550/1999 best 14.115
  step 600/1999 best 14.089
  step 650/1999 best 13.957
  step 700/1999 best 14.074
  step 750/1999 best 14.149
  step 800/1999 best 13.987
  step 850/1999 best 14.128
  step 900/1999 best 13.895
  step 950/1999 best 14.073
  step 1000/1999 best 14.199
  step 1050/1999 best 14.163
  step 1100/1999 best 14.093
  step 1150/1999 best 14.194
  step 1200/1999 best 14.138
  step 1250/1999 best 14.014
  step 1300/1999 best 14.123
  step 1350/1999 best 14.089
  step 1400/1999 best 14.055
  step 1450/1999 best 14.002
  step 1500/1999 best 14.219
  step 1550/1999 best 14.212
  step 1600/1999 best 14.126
  step 1650/1999 best 14.201
  step 1700/1999 best 14.003
  step 1750/1999 best 14.036
  step 1800/1999 best 14.158
  step 1850/1999 best 14.131
  step 1900/1999 best 14.157
  step 1950/1999 best 14.184
saved SBC_CHAINS_cnn_vmim__n1_jitter_seed_s3_sim2390_row1989279_noise2075_2254_2433 (240000, 4) acc=0.226
  step 0/1999 best -14.791
  step 50/1999 best -1.465
  step 100/1999 best -0.330
  step 150/1999 best 9.201
  step 200/1999 best 9.375
  step 250/1999 best 10.791
  step 300/1999 best 14.467
  step 350/1999 best 14.368
  step 400/1999 best 14.493
  step 450/1999 best 15.191
  step 500/1999 best 15.636
  step 550/1999 best 15.819
  step 600/1999 best 15.855
  step 650/1999 best 15.998
  step 700/1999 best 15.908
  step 750/1999 best 15.769
  step 800/1999 best 15.715
  step 850/1999 best 15.782
  step 900/1999 best 15.757
  step 950/1999 best 15.804
  step 1000/1999 best 15.753
  step 1050/1999 best 15.806
  step 1100/1999 best 15.918
  step 1150/1999 best 15.935
  step 1200/1999 best 15.936
  step 1250/1999 best 15.912
  step 1300/1999 best 15.957
  step 1350/1999 best 15.904
  step 1400/1999 best 15.953
  step 1450/1999 best 15.914
  step 1500/1999 best 15.921
  step 1550/1999 best 15.933
  step 1600/1999 best 15.901
  step 1650/1999 best 15.992
  step 1700/1999 best 15.911
  step 1750/1999 best 15.864
  step 1800/1999 best 15.715
  step 1850/1999 best 15.999
  step 1900/1999 best 15.815
  step 1950/1999 best 15.845
saved SBC_CHAINS_cnn_vmim__n1_jitter_seed_s3_sim982_row931992_noise192_371_550 (240000, 4) acc=0.192
  step 0/1999 best -27.817
  step 50/1999 best 2.047
  step 100/1999 best 12.797
  step 150/1999 best 15.116
  step 200/1999 best 15.846
  step 250/1999 best 16.777
  step 300/1999 best 16.347
  step 350/1999 best 16.702
  step 400/1999 best 16.626
  step 450/1999 best 16.444
  step 500/1999 best 16.618
  step 550/1999 best 16.667
  step 600/1999 best 16.628
  step 650/1999 best 16.741
  step 700/1999 best 16.540
  step 750/1999 best 16.668
  step 800/1999 best 16.717
  step 850/1999 best 16.569
  step 900/1999 best 16.562
  step 950/1999 best 16.671
  step 1000/1999 best 16.751
  step 1050/1999 best 16.758
  step 1100/1999 best 16.754
  step 1150/1999 best 16.661
  step 1200/1999 best 16.632
  step 1250/1999 best 16.709
  step 1300/1999 best 16.742
  step 1350/1999 best 16.771
  step 1400/1999 best 16.764
  step 1450/1999 best 16.711
  step 1500/1999 best 16.774
  step 1550/1999 best 16.654
  step 1600/1999 best 16.515
  step 1650/1999 best 16.669
  step 1700/1999 best 16.816
  step 1750/1999 best 16.753
  step 1800/1999 best 16.770
  step 1850/1999 best 16.706
  step 1900/1999 best 16.660
  step 1950/1999 best 16.774
saved SBC_CHAINS_cnn_vmim__n1_jitter_seed_s3_sim1430_row1212287_noise5227_5406_5585 (240000, 4) acc=0.255
  step 0/1999 best -21.801
  step 50/1999 best -5.951
  step 100/1999 best 7.598
  step 150/1999 best 9.430
  step 200/1999 best 10.313
  step 250/1999 best 10.845
  step 300/1999 best 10.570
  step 350/1999 best 10.551
  step 400/1999 best 10.658
  step 450/1999 best 10.797
  step 500/1999 best 10.642
  step 550/1999 best 10.769
  step 600/1999 best 10.800
  step 650/1999 best 10.880
  step 700/1999 best 10.770
  step 750/1999 best 10.757
  step 800/1999 best 10.741
  step 850/1999 best 10.873
  step 900/1999 best 10.801
  step 950/1999 best 10.690
  step 1000/1999 best 10.690
  step 1050/1999 best 10.760
  step 1100/1999 best 10.831
  step 1150/1999 best 10.882
  step 1200/1999 best 10.803
  step 1250/1999 best 10.874
  step 1300/1999 best 10.840
  step 1350/1999 best 10.625
  step 1400/1999 best 10.765
  step 1450/1999 best 10.899
  step 1500/1999 best 10.901
  step 1550/1999 best 10.864
  step 1600/1999 best 10.880
  step 1650/1999 best 10.742
  step 1700/1999 best 10.786
  step 1750/1999 best 10.786
  step 1800/1999 best 10.742
  step 1850/1999 best 10.893
  step 1900/1999 best 10.833
  step 1950/1999 best 10.810
saved SBC_CHAINS_cnn_vmim__n1_jitter_seed_s3_sim2824_row2419720_noise4084_4263_4442 (240000, 4) acc=0.293
  step 0/1999 best -18.085
  step 50/1999 best 1.585
  step 100/1999 best 2.877
  step 150/1999 best 12.786
  step 200/1999 best 15.502
  step 250/1999 best 16.100
  step 300/1999 best 15.579
  step 350/1999 best 15.775
  step 400/1999 best 16.007
  step 450/1999 best 16.194
  step 500/1999 best 16.069
  step 550/1999 best 16.149
  step 600/1999 best 16.181
  step 650/1999 best 16.216
  step 700/1999 best 16.359
  step 750/1999 best 16.143
  step 800/1999 best 16.230
  step 850/1999 best 16.076
  step 900/1999 best 16.057
  step 950/1999 best 16.341
  step 1000/1999 best 16.143
  step 1050/1999 best 16.126
  step 1100/1999 best 16.208
  step 1150/1999 best 16.261
  step 1200/1999 best 16.273
  step 1250/1999 best 16.221
  step 1300/1999 best 16.333
  step 1350/1999 best 16.337
  step 1400/1999 best 16.192
  step 1450/1999 best 16.260
  step 1500/1999 best 16.074
  step 1550/1999 best 16.002
  step 1600/1999 best 16.055
  step 1650/1999 best 16.306
  step 1700/1999 best 15.950
  step 1750/1999 best 16.291
  step 1800/1999 best 16.298
  step 1850/1999 best 16.137
  step 1900/1999 best 16.337
  step 1950/1999 best 16.208
saved SBC_CHAINS_cnn_vmim__n1_jitter_seed_s3_sim736_row685259_noise8987_9166_9345 (240000, 4) acc=0.195
  step 0/1999 best -18.977
  step 50/1999 best 0.315
  step 100/1999 best 8.676
  step 150/1999 best 12.625
  step 200/1999 best 13.004
  step 250/1999 best 13.298
  step 300/1999 best 14.076
  step 350/1999 best 14.039
  step 400/1999 best 14.147
  step 450/1999 best 14.045
  step 500/1999 best 14.086
  step 550/1999 best 14.159
  step 600/1999 best 14.051
  step 650/1999 best 14.175
  step 700/1999 best 14.289
  step 750/1999 best 14.058
  step 800/1999 best 14.254
  step 850/1999 best 14.197
  step 900/1999 best 14.031
  step 950/1999 best 14.323
  step 1000/1999 best 13.872
  step 1050/1999 best 14.099
  step 1100/1999 best 14.284
  step 1150/1999 best 14.117
  step 1200/1999 best 14.225
  step 1250/1999 best 14.150
  step 1300/1999 best 14.278
  step 1350/1999 best 14.165
  step 1400/1999 best 14.171
  step 1450/1999 best 14.134
  step 1500/1999 best 14.247
  step 1550/1999 best 14.340
  step 1600/1999 best 14.351
  step 1650/1999 best 14.157
  step 1700/1999 best 14.237
  step 1750/1999 best 14.325
  step 1800/1999 best 14.274
  step 1850/1999 best 14.336
  step 1900/1999 best 14.166
  step 1950/1999 best 14.302
saved SBC_CHAINS_cnn_vmim__n1_jitter_seed_s3_sim1466_row1248103_noise1731_1910_2089 (240000, 4) acc=0.157
  step 0/1999 best -22.046
  step 50/1999 best 8.454
  step 100/1999 best 9.907
  step 150/1999 best 13.742
  step 200/1999 best 14.017
  step 250/1999 best 14.852
  step 300/1999 best 14.893
  step 350/1999 best 15.061
  step 400/1999 best 14.996
  step 450/1999 best 14.983
  step 500/1999 best 14.921
  step 550/1999 best 15.042
  step 600/1999 best 14.869
  step 650/1999 best 14.854
  step 700/1999 best 15.024
  step 750/1999 best 14.898
  step 800/1999 best 15.022
  step 850/1999 best 15.018
  step 900/1999 best 14.955
  step 950/1999 best 14.824
  step 1000/1999 best 14.951
  step 1050/1999 best 14.942
  step 1100/1999 best 14.886
  step 1150/1999 best 14.931
  step 1200/1999 best 14.907
  step 1250/1999 best 14.865
  step 1300/1999 best 14.900
  step 1350/1999 best 14.889
  step 1400/1999 best 15.013
  step 1450/1999 best 14.930
  step 1500/1999 best 14.944
  step 1550/1999 best 14.932
  step 1600/1999 best 14.904
  step 1650/1999 best 14.931
  step 1700/1999 best 14.902
  step 1750/1999 best 14.931
  step 1800/1999 best 14.902
  step 1850/1999 best 14.885
  step 1900/1999 best 14.997
  step 1950/1999 best 15.050
saved SBC_CHAINS_cnn_vmim__n1_jitter_seed_s3_sim883_row832926_noise9234_9413_9592 (240000, 4) acc=0.246
  step 0/1999 best -14.255
  step 50/1999 best 8.531
  step 100/1999 best 10.399
  step 150/1999 best 11.367
  step 200/1999 best 11.339
  step 250/1999 best 11.719
  step 300/1999 best 12.880
  step 350/1999 best 12.835
  step 400/1999 best 13.022
  step 450/1999 best 12.525
  step 500/1999 best 12.872
  step 550/1999 best 12.652
  step 600/1999 best 13.048
  step 650/1999 best 12.534
  step 700/1999 best 12.441
  step 750/1999 best 12.901
  step 800/1999 best 12.984
  step 850/1999 best 13.002
  step 900/1999 best 13.045
  step 950/1999 best 12.917
  step 1000/1999 best 12.968
  step 1050/1999 best 12.816
  step 1100/1999 best 12.925
  step 1150/1999 best 12.960
  step 1200/1999 best 12.805
  step 1250/1999 best 13.179
  step 1300/1999 best 12.700
  step 1350/1999 best 12.844
  step 1400/1999 best 13.120
  step 1450/1999 best 12.821
  step 1500/1999 best 12.964
  step 1550/1999 best 12.880
  step 1600/1999 best 12.894
  step 1650/1999 best 13.193
  step 1700/1999 best 13.041
  step 1750/1999 best 13.015
  step 1800/1999 best 13.117
  step 1850/1999 best 12.966
  step 1900/1999 best 12.972
  step 1950/1999 best 12.685
saved SBC_CHAINS_cnn_vmim__n1_jitter_seed_s3_sim758_row707349_noise1593_1772_1951 (240000, 4) acc=0.140
  step 0/1999 best -15.143
  step 50/1999 best 10.848
  step 100/1999 best 11.033
  step 150/1999 best 13.455
  step 200/1999 best 14.075
  step 250/1999 best 15.663
  step 300/1999 best 15.729
  step 350/1999 best 15.620
  step 400/1999 best 15.581
  step 450/1999 best 15.524
  step 500/1999 best 15.716
  step 550/1999 best 15.387
  step 600/1999 best 15.470
  step 650/1999 best 15.693
  step 700/1999 best 15.659
  step 750/1999 best 15.643
  step 800/1999 best 15.404
  step 850/1999 best 15.605
  step 900/1999 best 15.535
  step 950/1999 best 15.464
  step 1000/1999 best 15.700
  step 1050/1999 best 15.671
  step 1100/1999 best 15.582
  step 1150/1999 best 15.664
  step 1200/1999 best 15.686
  step 1250/1999 best 15.667
  step 1300/1999 best 15.641
  step 1350/1999 best 15.740
  step 1400/1999 best 15.732
  step 1450/1999 best 15.710
  step 1500/1999 best 15.544
  step 1550/1999 best 15.489
  step 1600/1999 best 15.589
  step 1650/1999 best 15.644
  step 1700/1999 best 15.571
  step 1750/1999 best 15.651
  step 1800/1999 best 15.590
  step 1850/1999 best 15.750
  step 1900/1999 best 15.590
  step 1950/1999 best 15.585
saved SBC_CHAINS_cnn_vmim__n1_jitter_seed_s3_sim1285_row1102276_noise7636_7815_7994 (240000, 4) acc=0.194
  step 0/1999 best -7.887
  step 50/1999 best 9.564
  step 100/1999 best 11.366
  step 150/1999 best 14.680
  step 200/1999 best 15.387
  step 250/1999 best 15.125
  step 300/1999 best 15.023
  step 350/1999 best 15.597
  step 400/1999 best 15.483
  step 450/1999 best 15.343
  step 500/1999 best 15.260
  step 550/1999 best 15.209
  step 600/1999 best 15.565
  step 650/1999 best 15.485
  step 700/1999 best 15.283
  step 750/1999 best 15.367
  step 800/1999 best 15.410
  step 850/1999 best 15.519
  step 900/1999 best 15.470
  step 950/1999 best 15.504
  step 1000/1999 best 15.325
  step 1050/1999 best 15.490
  step 1100/1999 best 15.459
  step 1150/1999 best 15.456
  step 1200/1999 best 15.542
  step 1250/1999 best 15.405
  step 1300/1999 best 15.477
  step 1350/1999 best 15.502
  step 1400/1999 best 15.552
  step 1450/1999 best 15.462
  step 1500/1999 best 15.558
  step 1550/1999 best 15.296
  step 1600/1999 best 15.257
  step 1650/1999 best 15.463
  step 1700/1999 best 15.459
  step 1750/1999 best 15.374
  step 1800/1999 best 15.589
  step 1850/1999 best 15.334
  step 1900/1999 best 15.402
  step 1950/1999 best 15.333
saved SBC_CHAINS_cnn_vmim__n1_jitter_seed_s3_sim747_row696875_noise947_1126_1305 (240000, 4) acc=0.165
  step 0/1999 best -9.438
  step 50/1999 best -3.933
  step 100/1999 best 0.140
  step 150/1999 best 4.055
  step 200/1999 best 12.309
  step 250/1999 best 12.985
  step 300/1999 best 14.622
  step 350/1999 best 14.625
  step 400/1999 best 15.076
  step 450/1999 best 15.211
  step 500/1999 best 15.078
  step 550/1999 best 15.200
  step 600/1999 best 14.956
  step 650/1999 best 15.179
  step 700/1999 best 15.154
  step 750/1999 best 15.253
  step 800/1999 best 15.170
  step 850/1999 best 15.210
  step 900/1999 best 15.111
  step 950/1999 best 15.231
  step 1000/1999 best 14.977
  step 1050/1999 best 15.245
  step 1100/1999 best 15.043
  step 1150/1999 best 15.084
  step 1200/1999 best 15.108
  step 1250/1999 best 15.171
  step 1300/1999 best 15.081
  step 1350/1999 best 14.883
  step 1400/1999 best 15.283
  step 1450/1999 best 15.257
  step 1500/1999 best 15.030
  step 1550/1999 best 15.223
  step 1600/1999 best 15.178
  step 1650/1999 best 15.178
  step 1700/1999 best 15.000
  step 1750/1999 best 15.328
  step 1800/1999 best 15.249
  step 1850/1999 best 15.021
  step 1900/1999 best 15.222
  step 1950/1999 best 15.298
saved SBC_CHAINS_cnn_vmim__n1_jitter_seed_s3_sim172_row163117_noise5041_5220_5399 (240000, 4) acc=0.171
  step 0/1999 best -23.089
  step 50/1999 best -7.452
  step 100/1999 best 5.773
  step 150/1999 best 15.496
  step 200/1999 best 15.872
  step 250/1999 best 16.117
  step 300/1999 best 16.308
  step 350/1999 best 16.336
  step 400/1999 best 16.438
  step 450/1999 best 16.405
  step 500/1999 best 16.442
  step 550/1999 best 16.531
  step 600/1999 best 16.270
  step 650/1999 best 16.449
  step 700/1999 best 16.530
  step 750/1999 best 16.525
  step 800/1999 best 16.387
  step 850/1999 best 16.626
  step 900/1999 best 16.493
  step 950/1999 best 16.627
  step 1000/1999 best 16.687
  step 1050/1999 best 16.504
  step 1100/1999 best 16.688
  step 1150/1999 best 16.555
  step 1200/1999 best 16.477
  step 1250/1999 best 16.660
  step 1300/1999 best 16.592
  step 1350/1999 best 16.334
  step 1400/1999 best 16.671
  step 1450/1999 best 16.478
  step 1500/1999 best 16.493
  step 1550/1999 best 16.324
  step 1600/1999 best 16.677
  step 1650/1999 best 16.489
  step 1700/1999 best 16.479
  step 1750/1999 best 16.564
  step 1800/1999 best 16.504
  step 1850/1999 best 16.619
  step 1900/1999 best 16.534
  step 1950/1999 best 16.586
saved SBC_CHAINS_cnn_vmim__n1_jitter_seed_s3_sim98_row97917_noise637_816_995 (240000, 4) acc=0.171
  step 0/1999 best -25.195
  step 50/1999 best 2.250
  step 100/1999 best 9.252
  step 150/1999 best 11.079
  step 200/1999 best 11.383
  step 250/1999 best 11.565
  step 300/1999 best 12.498
  step 350/1999 best 12.255
  step 400/1999 best 12.493
  step 450/1999 best 12.332
  step 500/1999 best 12.446
  step 550/1999 best 12.371
  step 600/1999 best 12.383
  step 650/1999 best 12.181
  step 700/1999 best 12.454
  step 750/1999 best 12.079
  step 800/1999 best 12.389
  step 850/1999 best 12.428
  step 900/1999 best 12.509
  step 950/1999 best 12.382
  step 1000/1999 best 12.538
  step 1050/1999 best 12.448
  step 1100/1999 best 12.300
  step 1150/1999 best 12.200
  step 1200/1999 best 12.390
  step 1250/1999 best 12.390
  step 1300/1999 best 12.529
  step 1350/1999 best 12.506
  step 1400/1999 best 12.459
  step 1450/1999 best 12.498
  step 1500/1999 best 12.435
  step 1550/1999 best 12.345
  step 1600/1999 best 12.463
  step 1650/1999 best 12.504
  step 1700/1999 best 12.410
  step 1750/1999 best 12.387
  step 1800/1999 best 12.519
  step 1850/1999 best 12.391
  step 1900/1999 best 12.483
  step 1950/1999 best 12.450
saved SBC_CHAINS_cnn_vmim__n1_jitter_seed_s3_sim2919_row2514045_noise129_308_487 (240000, 4) acc=0.226
  step 0/1999 best -17.586
  step 50/1999 best 13.562
  step 100/1999 best 13.572
  step 150/1999 best 14.587
  step 200/1999 best 14.976
  step 250/1999 best 15.027
  step 300/1999 best 14.981
  step 350/1999 best 15.163
  step 400/1999 best 15.022
  step 450/1999 best 15.032
  step 500/1999 best 15.070
  step 550/1999 best 15.003
  step 600/1999 best 15.028
  step 650/1999 best 14.895
  step 700/1999 best 15.004
  step 750/1999 best 14.952
  step 800/1999 best 15.007
  step 850/1999 best 15.168
  step 900/1999 best 14.986
  step 950/1999 best 14.827
  step 1000/1999 best 15.002
  step 1050/1999 best 14.977
  step 1100/1999 best 14.981
  step 1150/1999 best 15.042
  step 1200/1999 best 15.105
  step 1250/1999 best 15.138
  step 1300/1999 best 15.100
  step 1350/1999 best 15.069
  step 1400/1999 best 15.098
  step 1450/1999 best 15.029
  step 1500/1999 best 14.884
  step 1550/1999 best 15.050
  step 1600/1999 best 15.084
  step 1650/1999 best 15.159
  step 1700/1999 best 15.026
  step 1750/1999 best 15.138
  step 1800/1999 best 14.928
  step 1850/1999 best 15.009
  step 1900/1999 best 15.083
  step 1950/1999 best 15.035
saved SBC_CHAINS_cnn_vmim__n1_jitter_seed_s3_sim908_row857254_noise4078_4257_4436 (240000, 4) acc=0.177
  step 0/1999 best -14.902
  step 50/1999 best 0.334
  step 100/1999 best 3.547
  step 150/1999 best 10.361
  step 200/1999 best 12.376
  step 250/1999 best 13.571
  step 300/1999 best 13.129
  step 350/1999 best 13.719
  step 400/1999 best 13.485
  step 450/1999 best 12.760
  step 500/1999 best 13.632
  step 550/1999 best 13.623
  step 600/1999 best 13.854
  step 650/1999 best 13.133
  step 700/1999 best 13.622
  step 750/1999 best 13.964
  step 800/1999 best 13.751
  step 850/1999 best 13.475
  step 900/1999 best 13.616
  step 950/1999 best 14.000
  step 1000/1999 best 13.702
  step 1050/1999 best 13.855
  step 1100/1999 best 13.505
  step 1150/1999 best 13.166
  step 1200/1999 best 13.500
  step 1250/1999 best 13.587
  step 1300/1999 best 13.758
  step 1350/1999 best 13.996
  step 1400/1999 best 13.949
  step 1450/1999 best 13.910
  step 1500/1999 best 13.780
  step 1550/1999 best 13.795
  step 1600/1999 best 13.468
  step 1650/1999 best 13.555
  step 1700/1999 best 14.021
  step 1750/1999 best 13.761
  step 1800/1999 best 13.862
  step 1850/1999 best 13.811
  step 1900/1999 best 13.952
  step 1950/1999 best 13.935
saved SBC_CHAINS_cnn_vmim__n1_jitter_seed_s3_sim759_row708898_noise3142_3321_3500 (240000, 4) acc=0.141
  step 0/1999 best -18.438
  step 50/1999 best 9.003
  step 100/1999 best 15.126
  step 150/1999 best 16.613
  step 200/1999 best 16.357
  step 250/1999 best 16.418
  step 300/1999 best 16.621
  step 350/1999 best 16.665
  step 400/1999 best 16.673
  step 450/1999 best 16.637
  step 500/1999 best 16.522
  step 550/1999 best 16.721
  step 600/1999 best 16.710
  step 650/1999 best 16.501
  step 700/1999 best 16.613
  step 750/1999 best 16.588
  step 800/1999 best 16.651
  step 850/1999 best 16.531
  step 900/1999 best 16.720
  step 950/1999 best 16.723
  step 1000/1999 best 16.534
  step 1050/1999 best 16.696
  step 1100/1999 best 16.548
  step 1150/1999 best 16.566
  step 1200/1999 best 16.648
  step 1250/1999 best 16.673
  step 1300/1999 best 16.751
  step 1350/1999 best 16.768
  step 1400/1999 best 16.713
  step 1450/1999 best 16.528
  step 1500/1999 best 16.669
  step 1550/1999 best 16.698
  step 1600/1999 best 16.731
  step 1650/1999 best 16.622
  step 1700/1999 best 16.687
  step 1750/1999 best 16.735
  step 1800/1999 best 16.681
  step 1850/1999 best 16.592
  step 1900/1999 best 16.682
  step 1950/1999 best 16.511
saved SBC_CHAINS_cnn_vmim__n1_jitter_seed_s3_sim1995_row1606481_noise397_576_755 (240000, 4) acc=0.230
  step 0/1999 best -21.377
  step 50/1999 best 6.005
  step 100/1999 best 14.647
  step 150/1999 best 15.677
  step 200/1999 best 15.796
  step 250/1999 best 15.886
  step 300/1999 best 15.875
  step 350/1999 best 15.822
  step 400/1999 best 15.706
  step 450/1999 best 15.897
  step 500/1999 best 15.995
  step 550/1999 best 15.872
  step 600/1999 best 15.945
  step 650/1999 best 15.853
  step 700/1999 best 15.850
  step 750/1999 best 16.021
  step 800/1999 best 15.903
  step 850/1999 best 15.794
  step 900/1999 best 15.864
  step 950/1999 best 15.961
  step 1000/1999 best 15.912
  step 1050/1999 best 15.956
  step 1100/1999 best 15.925
  step 1150/1999 best 15.930
  step 1200/1999 best 15.813
  step 1250/1999 best 15.868
  step 1300/1999 best 15.842
  step 1350/1999 best 15.984
  step 1400/1999 best 15.823
  step 1450/1999 best 15.922
  step 1500/1999 best 15.958
  step 1550/1999 best 15.733
  step 1600/1999 best 15.973
  step 1650/1999 best 15.983
  step 1700/1999 best 15.633
  step 1750/1999 best 15.794
  step 1800/1999 best 15.974
  step 1850/1999 best 15.799
  step 1900/1999 best 15.799
  step 1950/1999 best 15.708
saved SBC_CHAINS_cnn_vmim__n1_jitter_seed_s3_sim2000_row1611269_noise5185_5364_5543 (240000, 4) acc=0.168
  step 0/1999 best -24.772
  step 50/1999 best 9.540
  step 100/1999 best 12.904
  step 150/1999 best 12.596
  step 200/1999 best 14.859
  step 250/1999 best 16.044
  step 300/1999 best 15.726
  step 350/1999 best 16.263
  step 400/1999 best 16.175
  step 450/1999 best 16.491
  step 500/1999 best 16.345
  step 550/1999 best 16.376
  step 600/1999 best 16.116
  step 650/1999 best 16.118
  step 700/1999 best 16.312
  step 750/1999 best 16.396
  step 800/1999 best 16.377
  step 850/1999 best 16.378
  step 900/1999 best 16.345
  step 950/1999 best 16.368
  step 1000/1999 best 16.410
  step 1050/1999 best 16.266
  step 1100/1999 best 16.325
  step 1150/1999 best 16.351
  step 1200/1999 best 16.384
  step 1250/1999 best 16.381
  step 1300/1999 best 16.400
  step 1350/1999 best 16.445
  step 1400/1999 best 16.501
  step 1450/1999 best 16.375
  step 1500/1999 best 16.459
  step 1550/1999 best 16.298
  step 1600/1999 best 16.325
  step 1650/1999 best 16.435
  step 1700/1999 best 16.412
  step 1750/1999 best 16.148
  step 1800/1999 best 16.264
  step 1850/1999 best 16.363
  step 1900/1999 best 16.438
  step 1950/1999 best 16.183
saved SBC_CHAINS_cnn_vmim__n1_jitter_seed_s3_sim2066_row1676479_noise2599_2778_2957 (240000, 4) acc=0.251
  step 0/1999 best -20.744
  step 50/1999 best 3.916
  step 100/1999 best 12.063
  step 150/1999 best 10.376
  step 200/1999 best 12.067
  step 250/1999 best 13.241
  step 300/1999 best 13.300
  step 350/1999 best 13.508
  step 400/1999 best 13.549
  step 450/1999 best 13.463
  step 500/1999 best 13.613
  step 550/1999 best 13.659
  step 600/1999 best 13.394
  step 650/1999 best 13.615
  step 700/1999 best 13.533
  step 750/1999 best 13.601
  step 800/1999 best 13.667
  step 850/1999 best 13.634
  step 900/1999 best 13.584
  step 950/1999 best 13.387
  step 1000/1999 best 13.511
  step 1050/1999 best 13.605
  step 1100/1999 best 13.597
  step 1150/1999 best 13.597
  step 1200/1999 best 13.591
  step 1250/1999 best 13.448
  step 1300/1999 best 13.579
  step 1350/1999 best 13.604
  step 1400/1999 best 13.345
  step 1450/1999 best 13.627
  step 1500/1999 best 13.610
  step 1550/1999 best 13.645
  step 1600/1999 best 13.596
  step 1650/1999 best 13.491
  step 1700/1999 best 13.321
  step 1750/1999 best 13.682
  step 1800/1999 best 13.549
  step 1850/1999 best 13.516
  step 1900/1999 best 13.501
  step 1950/1999 best 13.552
saved SBC_CHAINS_cnn_vmim__n1_jitter_seed_s3_sim2533_row2132663_noise7867_8046_8225 (240000, 4) acc=0.203
  step 0/1999 best -20.266
  step 50/1999 best 9.366
  step 100/1999 best 14.638
  step 150/1999 best 15.870
  step 200/1999 best 16.712
  step 250/1999 best 16.742
  step 300/1999 best 16.515
  step 350/1999 best 16.741
  step 400/1999 best 16.646
  step 450/1999 best 16.637
  step 500/1999 best 16.615
  step 550/1999 best 16.548
  step 600/1999 best 16.674
  step 650/1999 best 16.719
  step 700/1999 best 16.704
  step 750/1999 best 16.584
  step 800/1999 best 16.680
  step 850/1999 best 16.561
  step 900/1999 best 16.692
  step 950/1999 best 16.627
  step 1000/1999 best 16.573
  step 1050/1999 best 16.645
  step 1100/1999 best 16.720
  step 1150/1999 best 16.763
  step 1200/1999 best 16.714
  step 1250/1999 best 16.761
  step 1300/1999 best 16.670
  step 1350/1999 best 16.781
  step 1400/1999 best 16.616
  step 1450/1999 best 16.690
  step 1500/1999 best 16.634
  step 1550/1999 best 16.602
  step 1600/1999 best 16.574
  step 1650/1999 best 16.598
  step 1700/1999 best 16.703
  step 1750/1999 best 16.640
  step 1800/1999 best 16.649
  step 1850/1999 best 16.607
  step 1900/1999 best 16.753
  step 1950/1999 best 16.778
saved SBC_CHAINS_cnn_vmim__n1_jitter_seed_s3_sim1442_row1224451_noise7563_7742_7921 (240000, 4) acc=0.300
  step 0/1999 best -10.665
  step 50/1999 best -0.922
  step 100/1999 best 0.886
  step 150/1999 best 11.653
  step 200/1999 best 15.279
  step 250/1999 best 14.732
  step 300/1999 best 15.661
  step 350/1999 best 15.206
  step 400/1999 best 15.874
  step 450/1999 best 16.126
  step 500/1999 best 15.795
  step 550/1999 best 16.083
  step 600/1999 best 15.597
  step 650/1999 best 15.921
  step 700/1999 best 15.852
  step 750/1999 best 16.155
  step 800/1999 best 15.863
  step 850/1999 best 15.777
  step 900/1999 best 16.091
  step 950/1999 best 16.227
  step 1000/1999 best 16.083
  step 1050/1999 best 16.136
  step 1100/1999 best 15.959
  step 1150/1999 best 16.068
  step 1200/1999 best 16.068
  step 1250/1999 best 16.077
  step 1300/1999 best 16.118
  step 1350/1999 best 15.880
  step 1400/1999 best 15.994
  step 1450/1999 best 15.966
  step 1500/1999 best 15.939
  step 1550/1999 best 15.969
  step 1600/1999 best 16.104
  step 1650/1999 best 15.608
  step 1700/1999 best 16.073
  step 1750/1999 best 16.069
  step 1800/1999 best 15.892
  step 1850/1999 best 16.115
  step 1900/1999 best 16.005
  step 1950/1999 best 16.179
saved SBC_CHAINS_cnn_vmim__n1_jitter_seed_s3_sim2008_row1619818_noise3906_4085_4264 (240000, 4) acc=0.131
  step 0/1999 best -21.440
  step 50/1999 best 2.994
  step 100/1999 best 7.583
  step 150/1999 best 14.653
  step 200/1999 best 15.533
  step 250/1999 best 14.861
  step 300/1999 best 15.891
  step 350/1999 best 15.741
  step 400/1999 best 16.290
  step 450/1999 best 16.387
  step 500/1999 best 16.478
  step 550/1999 best 16.611
  step 600/1999 best 16.715
  step 650/1999 best 16.756
  step 700/1999 best 16.335
  step 750/1999 best 16.736
  step 800/1999 best 16.569
  step 850/1999 best 16.712
  step 900/1999 best 16.738
  step 950/1999 best 16.588
  step 1000/1999 best 16.493
  step 1050/1999 best 16.571
  step 1100/1999 best 16.434
  step 1150/1999 best 16.793
  step 1200/1999 best 16.799
  step 1250/1999 best 16.689
  step 1300/1999 best 16.769
  step 1350/1999 best 16.754
  step 1400/1999 best 16.745
  step 1450/1999 best 16.805
  step 1500/1999 best 16.906
  step 1550/1999 best 16.689
  step 1600/1999 best 16.799
  step 1650/1999 best 16.843
  step 1700/1999 best 16.730
  step 1750/1999 best 16.647
  step 1800/1999 best 16.619
  step 1850/1999 best 16.882
  step 1900/1999 best 16.717
  step 1950/1999 best 16.694
saved SBC_CHAINS_cnn_vmim__n1_jitter_seed_s3_sim1276_row1094473_noise8661_8840_9019 (240000, 4) acc=0.182
  step 0/1999 best -16.648
  step 50/1999 best -2.872
  step 100/1999 best 0.814
  step 150/1999 best 7.481
  step 200/1999 best 10.100
  step 250/1999 best 10.442
  step 300/1999 best 9.867
  step 350/1999 best 10.252
  step 400/1999 best 10.219
  step 450/1999 best 10.387
  step 500/1999 best 10.090
  step 550/1999 best 10.167
  step 600/1999 best 10.378
  step 650/1999 best 10.545
  step 700/1999 best 10.270
  step 750/1999 best 10.191
  step 800/1999 best 10.470
  step 850/1999 best 10.238
  step 900/1999 best 10.460
  step 950/1999 best 10.462
  step 1000/1999 best 10.479
  step 1050/1999 best 10.183
  step 1100/1999 best 10.371
  step 1150/1999 best 10.331
  step 1200/1999 best 10.478
  step 1250/1999 best 10.241
  step 1300/1999 best 10.408
  step 1350/1999 best 10.364
  step 1400/1999 best 10.273
  step 1450/1999 best 10.439
  step 1500/1999 best 10.278
  step 1550/1999 best 10.423
  step 1600/1999 best 10.365
  step 1650/1999 best 10.470
  step 1700/1999 best 10.466
  step 1750/1999 best 10.377
  step 1800/1999 best 10.349
  step 1850/1999 best 10.474
  step 1900/1999 best 10.300
  step 1950/1999 best 10.410
saved SBC_CHAINS_cnn_vmim__n1_jitter_seed_s3_sim3013_row2608024_noise5656_5835_6014 (240000, 4) acc=0.240
  step 0/1999 best -20.564
  step 50/1999 best -0.542
  step 100/1999 best 4.711
  step 150/1999 best 5.311
  step 200/1999 best 11.982
  step 250/1999 best 15.657
  step 300/1999 best 16.555
  step 350/1999 best 16.177
  step 400/1999 best 16.293
  step 450/1999 best 16.665
  step 500/1999 best 16.201
  step 550/1999 best 16.554
  step 600/1999 best 16.630
  step 650/1999 best 16.643
  step 700/1999 best 16.676
  step 750/1999 best 16.675
  step 800/1999 best 16.636
  step 850/1999 best 16.584
  step 900/1999 best 16.661
  step 950/1999 best 16.588
  step 1000/1999 best 16.631
  step 1050/1999 best 16.692
  step 1100/1999 best 16.656
  step 1150/1999 best 16.671
  step 1200/1999 best 16.631
  step 1250/1999 best 16.665
  step 1300/1999 best 16.636
  step 1350/1999 best 16.738
  step 1400/1999 best 16.632
  step 1450/1999 best 16.471
  step 1500/1999 best 16.650
  step 1550/1999 best 16.465
  step 1600/1999 best 16.714
  step 1650/1999 best 16.666
  step 1700/1999 best 16.728
  step 1750/1999 best 16.632
  step 1800/1999 best 16.679
  step 1850/1999 best 16.641
  step 1900/1999 best 16.653
  step 1950/1999 best 16.659
saved SBC_CHAINS_cnn_vmim__n1_jitter_seed_s3_sim254_row240173_noise8473_8652_8831 (240000, 4) acc=0.226
  step 0/1999 best -16.071
  step 50/1999 best -5.851
  step 100/1999 best 6.821
  step 150/1999 best 8.916
  step 200/1999 best 12.404
  step 250/1999 best 14.373
  step 300/1999 best 14.397
  step 350/1999 best 14.466
  step 400/1999 best 15.009
  step 450/1999 best 14.939
  step 500/1999 best 14.764
  step 550/1999 best 14.868
  step 600/1999 best 14.903
  step 650/1999 best 14.916
  step 700/1999 best 14.600
  step 750/1999 best 14.844
  step 800/1999 best 14.996
  step 850/1999 best 14.977
  step 900/1999 best 14.885
  step 950/1999 best 14.746
  step 1000/1999 best 14.939
  step 1050/1999 best 14.754
  step 1100/1999 best 14.835
  step 1150/1999 best 14.966
  step 1200/1999 best 14.958
  step 1250/1999 best 14.782
  step 1300/1999 best 14.888
  step 1350/1999 best 15.032
  step 1400/1999 best 14.835
  step 1450/1999 best 15.002
  step 1500/1999 best 14.837
  step 1550/1999 best 14.780
  step 1600/1999 best 14.988
  step 1650/1999 best 15.006
  step 1700/1999 best 14.779
  step 1750/1999 best 14.953
  step 1800/1999 best 15.021
  step 1850/1999 best 14.949
  step 1900/1999 best 14.909
  step 1950/1999 best 14.941
saved SBC_CHAINS_cnn_vmim__n1_jitter_seed_s3_sim297_row283977_noise3137_3316_3495 (240000, 4) acc=0.158
  step 0/1999 best -15.511
  step 50/1999 best -2.134
  step 100/1999 best 8.578
  step 150/1999 best 10.531
  step 200/1999 best 11.262
  step 250/1999 best 11.156
  step 300/1999 best 11.345
  step 350/1999 best 11.169
  step 400/1999 best 11.395
  step 450/1999 best 11.343
  step 500/1999 best 11.372
  step 550/1999 best 11.471
  step 600/1999 best 11.289
  step 650/1999 best 11.450
  step 700/1999 best 11.415
  step 750/1999 best 11.231
  step 800/1999 best 11.485
  step 850/1999 best 11.429
  step 900/1999 best 11.397
  step 950/1999 best 11.318
  step 1000/1999 best 11.430
  step 1050/1999 best 11.446
  step 1100/1999 best 11.387
  step 1150/1999 best 11.419
  step 1200/1999 best 11.348
  step 1250/1999 best 11.450
  step 1300/1999 best 11.426
  step 1350/1999 best 11.394
  step 1400/1999 best 11.348
  step 1450/1999 best 11.434
  step 1500/1999 best 11.416
  step 1550/1999 best 11.429
  step 1600/1999 best 11.214
  step 1650/1999 best 11.364
  step 1700/1999 best 11.422
  step 1750/1999 best 11.507
  step 1800/1999 best 11.347
  step 1850/1999 best 11.454
  step 1900/1999 best 11.311
  step 1950/1999 best 11.260
saved SBC_CHAINS_cnn_vmim__n1_jitter_seed_s3_sim3079_row2674370_noise3206_3385_3564 (240000, 4) acc=0.289
  step 0/1999 best -14.849
  step 50/1999 best -2.931
  step 100/1999 best -1.295
  step 150/1999 best 0.503
  step 200/1999 best 0.582
  step 250/1999 best 3.667
  step 300/1999 best 14.128
  step 350/1999 best 13.741
  step 400/1999 best 14.461
  step 450/1999 best 15.652
  step 500/1999 best 15.390
  step 550/1999 best 15.284
  step 600/1999 best 15.444
  step 650/1999 best 15.833
  step 700/1999 best 15.833
  step 750/1999 best 15.661
  step 800/1999 best 15.552
  step 850/1999 best 15.798
  step 900/1999 best 15.691
  step 950/1999 best 15.842
  step 1000/1999 best 15.836
  step 1050/1999 best 15.789
  step 1100/1999 best 15.733
  step 1150/1999 best 15.960
  step 1200/1999 best 15.888
  step 1250/1999 best 15.575
  step 1300/1999 best 15.986
  step 1350/1999 best 15.836
  step 1400/1999 best 15.937
  step 1450/1999 best 15.841
  step 1500/1999 best 15.838
  step 1550/1999 best 15.746
  step 1600/1999 best 15.840
  step 1650/1999 best 15.790
  step 1700/1999 best 15.753
  step 1750/1999 best 15.862
  step 1800/1999 best 15.679
  step 1850/1999 best 15.897
  step 1900/1999 best 15.707
  step 1950/1999 best 15.821
saved SBC_CHAINS_cnn_vmim__n1_jitter_seed_s3_sim2085_row1695975_noise2439_2618_2797 (240000, 4) acc=0.136
  step 0/1999 best -14.292
  step 50/1999 best 6.516
  step 100/1999 best 8.730
  step 150/1999 best 7.028
  step 200/1999 best 10.823
  step 250/1999 best 12.455
  step 300/1999 best 12.455
  step 350/1999 best 14.722
  step 400/1999 best 14.380
  step 450/1999 best 14.340
  step 500/1999 best 15.131
  step 550/1999 best 14.669
  step 600/1999 best 15.005
  step 650/1999 best 14.652
  step 700/1999 best 15.153
  step 750/1999 best 15.316
  step 800/1999 best 15.055
  step 850/1999 best 15.266
  step 900/1999 best 15.173
  step 950/1999 best 15.277
  step 1000/1999 best 15.053
  step 1050/1999 best 15.078
  step 1100/1999 best 15.164
  step 1150/1999 best 14.954
  step 1200/1999 best 15.148
  step 1250/1999 best 15.196
  step 1300/1999 best 15.085
  step 1350/1999 best 14.985
  step 1400/1999 best 15.130
  step 1450/1999 best 15.228
  step 1500/1999 best 15.199
  step 1550/1999 best 15.288
  step 1600/1999 best 15.046
  step 1650/1999 best 15.302
  step 1700/1999 best 15.078
  step 1750/1999 best 15.197
  step 1800/1999 best 15.093
  step 1850/1999 best 15.071
  step 1900/1999 best 15.333
  step 1950/1999 best 15.300
saved SBC_CHAINS_cnn_vmim__n1_jitter_seed_s3_sim298_row284725_noise3885_4064_4243 (240000, 4) acc=0.178
  step 0/1999 best -19.919
  step 50/1999 best -2.351
  step 100/1999 best 4.650
  step 150/1999 best 5.766
  step 200/1999 best 11.566
  step 250/1999 best 12.443
  step 300/1999 best 15.932
  step 350/1999 best 14.584
  step 400/1999 best 15.688
  step 450/1999 best 15.786
  step 500/1999 best 15.740
  step 550/1999 best 16.039
  step 600/1999 best 15.712
  step 650/1999 best 15.949
  step 700/1999 best 16.102
  step 750/1999 best 16.047
  step 800/1999 best 15.908
  step 850/1999 best 16.274
  step 900/1999 best 15.928
  step 950/1999 best 16.233
  step 1000/1999 best 15.574
  step 1050/1999 best 15.867
  step 1100/1999 best 16.160
  step 1150/1999 best 16.074
  step 1200/1999 best 16.088
  step 1250/1999 best 16.190
  step 1300/1999 best 16.016
  step 1350/1999 best 16.085
  step 1400/1999 best 16.104
  step 1450/1999 best 16.236
  step 1500/1999 best 16.060
  step 1550/1999 best 16.215
  step 1600/1999 best 15.905
  step 1650/1999 best 16.148
  step 1700/1999 best 16.082
  step 1750/1999 best 16.119
  step 1800/1999 best 16.022
  step 1850/1999 best 16.132
  step 1900/1999 best 16.115
  step 1950/1999 best 16.208
saved SBC_CHAINS_cnn_vmim__n1_jitter_seed_s3_sim370_row356188_noise6552_6731_6910 (240000, 4) acc=0.129
  step 0/1999 best -22.763
  step 50/1999 best 7.952
  step 100/1999 best 13.285
  step 150/1999 best 13.050
  step 200/1999 best 14.078
  step 250/1999 best 13.820
  step 300/1999 best 14.495
  step 350/1999 best 14.310
  step 400/1999 best 14.281
  step 450/1999 best 14.076
  step 500/1999 best 14.342
  step 550/1999 best 14.326
  step 600/1999 best 14.475
  step 650/1999 best 14.401
  step 700/1999 best 14.050
  step 750/1999 best 14.459
  step 800/1999 best 14.213
  step 850/1999 best 14.246
  step 900/1999 best 14.162
  step 950/1999 best 14.413
  step 1000/1999 best 14.385
  step 1050/1999 best 14.270
  step 1100/1999 best 14.248
  step 1150/1999 best 14.349
  step 1200/1999 best 14.453
  step 1250/1999 best 14.255
  step 1300/1999 best 14.094
  step 1350/1999 best 14.109
  step 1400/1999 best 14.318
  step 1450/1999 best 14.453
  step 1500/1999 best 14.234
  step 1550/1999 best 14.173
  step 1600/1999 best 14.216
  step 1650/1999 best 14.290
  step 1700/1999 best 14.326
  step 1750/1999 best 14.362
  step 1800/1999 best 14.265
  step 1850/1999 best 14.205
  step 1900/1999 best 14.234
  step 1950/1999 best 14.374
saved SBC_CHAINS_cnn_vmim__n1_jitter_seed_s3_sim374_row360092_noise628_807_986 (240000, 4) acc=0.169
  step 0/1999 best -13.946
  step 50/1999 best 6.299
  step 100/1999 best 12.787
  step 150/1999 best 14.631
  step 200/1999 best 15.347
  step 250/1999 best 15.401
  step 300/1999 best 15.418
  step 350/1999 best 15.480
  step 400/1999 best 15.439
  step 450/1999 best 15.538
  step 500/1999 best 15.100
  step 550/1999 best 15.320
  step 600/1999 best 15.390
  step 650/1999 best 15.542
  step 700/1999 best 15.397
  step 750/1999 best 15.311
  step 800/1999 best 15.300
  step 850/1999 best 15.327
  step 900/1999 best 15.517
  step 950/1999 best 15.497
  step 1000/1999 best 15.587
  step 1050/1999 best 15.417
  step 1100/1999 best 15.497
  step 1150/1999 best 15.575
  step 1200/1999 best 15.531
  step 1250/1999 best 15.237
  step 1300/1999 best 15.544
  step 1350/1999 best 15.540
  step 1400/1999 best 15.492
  step 1450/1999 best 15.522
  step 1500/1999 best 15.526
  step 1550/1999 best 15.273
  step 1600/1999 best 15.521
  step 1650/1999 best 15.343
  step 1700/1999 best 15.474
  step 1750/1999 best 15.492
  step 1800/1999 best 15.478
  step 1850/1999 best 15.573
  step 1900/1999 best 15.377
  step 1950/1999 best 15.600
saved SBC_CHAINS_cnn_vmim__n1_jitter_seed_s3_sim831_row780418_noise5866_6045_6224 (240000, 4) acc=0.156
  step 0/1999 best -11.959
  step 50/1999 best -0.054
  step 100/1999 best 2.627
  step 150/1999 best 5.152
  step 200/1999 best 13.232
  step 250/1999 best 15.141
  step 300/1999 best 15.147
  step 350/1999 best 16.026
  step 400/1999 best 16.460
  step 450/1999 best 15.572
  step 500/1999 best 16.768
  step 550/1999 best 16.528
  step 600/1999 best 16.413
  step 650/1999 best 16.718
  step 700/1999 best 16.794
  step 750/1999 best 16.704
  step 800/1999 best 16.429
  step 850/1999 best 16.529
  step 900/1999 best 16.445
  step 950/1999 best 16.456
  step 1000/1999 best 16.349
  step 1050/1999 best 16.702
  step 1100/1999 best 16.535
  step 1150/1999 best 16.623
  step 1200/1999 best 16.593
  step 1250/1999 best 16.708
  step 1300/1999 best 16.686
  step 1350/1999 best 16.682
  step 1400/1999 best 16.667
  step 1450/1999 best 16.575
  step 1500/1999 best 16.595
  step 1550/1999 best 16.636
  step 1600/1999 best 16.637
  step 1650/1999 best 16.755
  step 1700/1999 best 16.591
  step 1750/1999 best 16.751
  step 1800/1999 best 16.583
  step 1850/1999 best 16.551
  step 1900/1999 best 16.434
  step 1950/1999 best 16.650
saved SBC_CHAINS_cnn_vmim__n1_jitter_seed_s3_sim1528_row1305713_noise5373_5552_5731 (240000, 4) acc=0.174
  step 0/1999 best -12.413
  step 50/1999 best 11.842
  step 100/1999 best 11.842
  step 150/1999 best 14.409
  step 200/1999 best 14.974
  step 250/1999 best 16.268
  step 300/1999 best 16.127
  step 350/1999 best 16.294
  step 400/1999 best 16.196
  step 450/1999 best 16.143
  step 500/1999 best 16.196
  step 550/1999 best 16.325
  step 600/1999 best 16.305
  step 650/1999 best 16.337
  step 700/1999 best 16.325
  step 750/1999 best 16.235
  step 800/1999 best 16.240
  step 850/1999 best 16.334
  step 900/1999 best 16.258
  step 950/1999 best 16.371
  step 1000/1999 best 16.147
  step 1050/1999 best 16.352
  step 1100/1999 best 16.121
  step 1150/1999 best 16.400
  step 1200/1999 best 16.272
  step 1250/1999 best 16.310
  step 1300/1999 best 16.258
  step 1350/1999 best 16.343
  step 1400/1999 best 16.253
  step 1450/1999 best 16.138
  step 1500/1999 best 16.268
  step 1550/1999 best 16.252
  step 1600/1999 best 16.268
  step 1650/1999 best 16.157
  step 1700/1999 best 16.183
  step 1750/1999 best 16.314
  step 1800/1999 best 16.400
  step 1850/1999 best 16.245
  step 1900/1999 best 16.337
  step 1950/1999 best 16.188
saved SBC_CHAINS_cnn_vmim__n1_jitter_seed_s3_sim819_row768622_noise3898_4077_4256 (240000, 4) acc=0.162
  step 0/1999 best -29.343
  step 50/1999 best -1.055
  step 100/1999 best -0.745
  step 150/1999 best 1.968
  step 200/1999 best 0.942
  step 250/1999 best 5.947
  step 300/1999 best 13.983
  step 350/1999 best 15.500
  step 400/1999 best 16.168
  step 450/1999 best 15.416
  step 500/1999 best 15.082
  step 550/1999 best 15.777
  step 600/1999 best 16.000
  step 650/1999 best 16.036
  step 700/1999 best 16.291
  step 750/1999 best 15.965
  step 800/1999 best 16.156
  step 850/1999 best 16.199
  step 900/1999 best 16.161
  step 950/1999 best 16.055
  step 1000/1999 best 16.029
  step 1050/1999 best 16.095
  step 1100/1999 best 16.236
  step 1150/1999 best 16.303
  step 1200/1999 best 16.146
  step 1250/1999 best 16.237
  step 1300/1999 best 16.158
  step 1350/1999 best 16.284
  step 1400/1999 best 16.161
  step 1450/1999 best 16.173
  step 1500/1999 best 16.295
  step 1550/1999 best 16.101
  step 1600/1999 best 16.045
  step 1650/1999 best 16.031
  step 1700/1999 best 16.131
  step 1750/1999 best 16.221
  step 1800/1999 best 16.194
  step 1850/1999 best 16.253
  step 1900/1999 best 16.188
  step 1950/1999 best 16.083
saved SBC_CHAINS_cnn_vmim__n1_jitter_seed_s3_sim1510_row1287908_noise7224_7403_7582 (240000, 4) acc=0.167
  step 0/1999 best -11.831
  step 50/1999 best -1.228
  step 100/1999 best 6.201
  step 150/1999 best 9.672
  step 200/1999 best 9.672
  step 250/1999 best 11.770
  step 300/1999 best 11.770
  step 350/1999 best 12.333
  step 400/1999 best 12.734
  step 450/1999 best 12.651
  step 500/1999 best 12.932
  step 550/1999 best 12.925
  step 600/1999 best 12.805
  step 650/1999 best 12.970
  step 700/1999 best 12.798
  step 750/1999 best 12.908
  step 800/1999 best 12.939
  step 850/1999 best 12.964
  step 900/1999 best 13.016
  step 950/1999 best 12.796
  step 1000/1999 best 12.835
  step 1050/1999 best 12.986
  step 1100/1999 best 12.714
  step 1150/1999 best 12.846
  step 1200/1999 best 12.947
  step 1250/1999 best 12.912
  step 1300/1999 best 12.844
  step 1350/1999 best 12.490
  step 1400/1999 best 12.732
  step 1450/1999 best 12.825
  step 1500/1999 best 12.801
  step 1550/1999 best 12.984
  step 1600/1999 best 12.693
  step 1650/1999 best 12.938
  step 1700/1999 best 12.955
  step 1750/1999 best 12.891
  step 1800/1999 best 12.856
  step 1850/1999 best 12.959
  step 1900/1999 best 12.886
  step 1950/1999 best 12.825
saved SBC_CHAINS_cnn_vmim__n1_jitter_seed_s3_sim3099_row2694865_noise4045_4224_4403 (240000, 4) acc=0.186
  step 0/1999 best -23.940
  step 50/1999 best 1.662
  step 100/1999 best 8.625
  step 150/1999 best 9.279
  step 200/1999 best 9.874
  step 250/1999 best 10.979
  step 300/1999 best 11.114
  step 350/1999 best 11.051
  step 400/1999 best 11.138
  step 450/1999 best 10.961
  step 500/1999 best 10.968
  step 550/1999 best 11.081
  step 600/1999 best 11.080
  step 650/1999 best 10.960
  step 700/1999 best 10.991
  step 750/1999 best 10.954
  step 800/1999 best 10.986
  step 850/1999 best 10.882
  step 900/1999 best 11.067
  step 950/1999 best 11.041
  step 1000/1999 best 11.000
  step 1050/1999 best 10.911
  step 1100/1999 best 11.026
  step 1150/1999 best 10.901
  step 1200/1999 best 11.069
  step 1250/1999 best 11.102
  step 1300/1999 best 10.943
  step 1350/1999 best 10.994
  step 1400/1999 best 11.051
  step 1450/1999 best 11.135
  step 1500/1999 best 10.981
  step 1550/1999 best 10.957
  step 1600/1999 best 11.035
  step 1650/1999 best 10.975
  step 1700/1999 best 10.884
  step 1750/1999 best 11.073
  step 1800/1999 best 10.962
  step 1850/1999 best 11.040
  step 1900/1999 best 11.024
  step 1950/1999 best 11.140
saved SBC_CHAINS_cnn_vmim__n1_jitter_seed_s3_sim2840_row2435073_noise9609_9788_139 (240000, 4) acc=0.224
