[stage3] arm=cnn_vmim_/n1_jitter/seed_s2  nle=/gscratch/ddehiwalage-don/sbi_master/cnn_vmim_/n1_jitter/seed_s2/nle
[NLE] scope=standard_t family=nsf loaded from /gscratch/ddehiwalage-don/sbi_master/cnn_vmim_/n1_jitter/seed_s2/nle/standard_t/nsf
targets this task: 152 | family=standard_t_nsf | chains -> /gscratch/ddehiwalage-don/sbi_master/cnn_vmim_/n1_jitter/seed_s2/chains/standard_t_nsf
  step 0/1999 best -20.271
  step 50/1999 best 10.944
  step 100/1999 best 14.195
  step 150/1999 best 14.989
  step 200/1999 best 14.933
  step 250/1999 best 15.180
  step 300/1999 best 15.034
  step 350/1999 best 15.042
  step 400/1999 best 15.118
  step 450/1999 best 14.903
  step 500/1999 best 15.139
  step 550/1999 best 14.978
  step 600/1999 best 14.920
  step 650/1999 best 14.930
  step 700/1999 best 15.141
  step 750/1999 best 14.989
  step 800/1999 best 15.040
  step 850/1999 best 15.152
  step 900/1999 best 15.029
  step 950/1999 best 15.026
  step 1000/1999 best 15.055
  step 1050/1999 best 14.902
  step 1100/1999 best 15.039
  step 1150/1999 best 15.082
  step 1200/1999 best 15.103
  step 1250/1999 best 15.159
  step 1300/1999 best 15.184
  step 1350/1999 best 15.117
  step 1400/1999 best 14.849
  step 1450/1999 best 15.152
  step 1500/1999 best 15.153
  step 1550/1999 best 15.124
  step 1600/1999 best 15.141
  step 1650/1999 best 15.111
  step 1700/1999 best 15.042
  step 1750/1999 best 15.093
  step 1800/1999 best 15.126
  step 1850/1999 best 15.090
  step 1900/1999 best 15.084
  step 1950/1999 best 15.079
saved SBC_CHAINS_cnn_vmim__n1_jitter_seed_s2_sim2042_row1652395_noise7999_8178_8357 (240000, 4) acc=0.301
  step 0/1999 best -21.957
  step 50/1999 best 8.624
  step 100/1999 best 12.456
  step 150/1999 best 13.353
  step 200/1999 best 15.922
  step 250/1999 best 15.315
  step 300/1999 best 16.324
  step 350/1999 best 16.539
  step 400/1999 best 16.651
  step 450/1999 best 16.765
  step 500/1999 best 16.899
  step 550/1999 best 16.891
  step 600/1999 best 16.119
  step 650/1999 best 16.707
  step 700/1999 best 16.360
  step 750/1999 best 16.638
  step 800/1999 best 16.858
  step 850/1999 best 16.871
  step 900/1999 best 16.815
  step 950/1999 best 16.732
  step 1000/1999 best 16.855
  step 1050/1999 best 16.601
  step 1100/1999 best 16.855
  step 1150/1999 best 16.994
  step 1200/1999 best 17.153
  step 1250/1999 best 16.832
  step 1300/1999 best 16.959
  step 1350/1999 best 16.844
  step 1400/1999 best 16.776
  step 1450/1999 best 17.038
  step 1500/1999 best 16.924
  step 1550/1999 best 16.937
  step 1600/1999 best 16.988
  step 1650/1999 best 17.149
  step 1700/1999 best 17.103
  step 1750/1999 best 17.138
  step 1800/1999 best 17.016
  step 1850/1999 best 16.860
  step 1900/1999 best 17.050
  step 1950/1999 best 17.056
saved SBC_CHAINS_cnn_vmim__n1_jitter_seed_s2_sim280_row266929_noise5745_5924_6103 (240000, 4) acc=0.154
  step 0/1999 best -20.138
  step 50/1999 best -6.841
  step 100/1999 best -1.536
  step 150/1999 best 10.701
  step 200/1999 best 10.976
  step 250/1999 best 11.530
  step 300/1999 best 11.603
  step 350/1999 best 12.282
  step 400/1999 best 12.202
  step 450/1999 best 12.307
  step 500/1999 best 12.190
  step 550/1999 best 12.231
  step 600/1999 best 12.212
  step 650/1999 best 12.384
  step 700/1999 best 12.224
  step 750/1999 best 12.463
  step 800/1999 best 12.332
  step 850/1999 best 12.408
  step 900/1999 best 12.364
  step 950/1999 best 12.143
  step 1000/1999 best 12.244
  step 1050/1999 best 12.190
  step 1100/1999 best 12.281
  step 1150/1999 best 12.297
  step 1200/1999 best 12.462
  step 1250/1999 best 12.277
  step 1300/1999 best 12.167
  step 1350/1999 best 12.256
  step 1400/1999 best 12.269
  step 1450/1999 best 12.077
  step 1500/1999 best 12.167
  step 1550/1999 best 12.401
  step 1600/1999 best 12.106
  step 1650/1999 best 12.209
  step 1700/1999 best 12.230
  step 1750/1999 best 12.339
  step 1800/1999 best 12.290
  step 1850/1999 best 12.122
  step 1900/1999 best 12.476
  step 1950/1999 best 12.300
saved SBC_CHAINS_cnn_vmim__n1_jitter_seed_s2_sim2607_row2206666_noise3246_3425_3604 (240000, 4) acc=0.159
  step 0/1999 best -24.674
  step 50/1999 best 8.186
  step 100/1999 best 9.768
  step 150/1999 best 10.175
  step 200/1999 best 10.526
  step 250/1999 best 10.925
  step 300/1999 best 11.057
  step 350/1999 best 10.757
  step 400/1999 best 11.054
  step 450/1999 best 10.921
  step 500/1999 best 10.923
  step 550/1999 best 10.979
  step 600/1999 best 11.004
  step 650/1999 best 11.100
  step 700/1999 best 11.116
  step 750/1999 best 11.080
  step 800/1999 best 11.094
  step 850/1999 best 10.985
  step 900/1999 best 11.019
  step 950/1999 best 10.963
  step 1000/1999 best 10.994
  step 1050/1999 best 11.035
  step 1100/1999 best 11.031
  step 1150/1999 best 10.892
  step 1200/1999 best 11.018
  step 1250/1999 best 11.032
  step 1300/1999 best 11.128
  step 1350/1999 best 11.049
  step 1400/1999 best 11.042
  step 1450/1999 best 11.032
  step 1500/1999 best 11.137
  step 1550/1999 best 11.133
  step 1600/1999 best 10.985
  step 1650/1999 best 11.182
  step 1700/1999 best 11.099
  step 1750/1999 best 10.910
  step 1800/1999 best 11.112
  step 1850/1999 best 11.093
  step 1900/1999 best 11.017
  step 1950/1999 best 11.110
saved SBC_CHAINS_cnn_vmim__n1_jitter_seed_s2_sim2852_row2447648_noise2528_2707_2886 (240000, 4) acc=0.241
  step 0/1999 best -19.962
  step 50/1999 best -4.491
  step 100/1999 best 15.455
  step 150/1999 best 16.193
  step 200/1999 best 16.282
  step 250/1999 best 15.538
  step 300/1999 best 15.849
  step 350/1999 best 15.377
  step 400/1999 best 16.544
  step 450/1999 best 16.631
  step 500/1999 best 16.814
  step 550/1999 best 16.730
  step 600/1999 best 16.546
  step 650/1999 best 16.820
  step 700/1999 best 16.779
  step 750/1999 best 16.628
  step 800/1999 best 16.784
  step 850/1999 best 16.643
  step 900/1999 best 16.606
  step 950/1999 best 16.368
  step 1000/1999 best 16.568
  step 1050/1999 best 16.577
  step 1100/1999 best 16.534
  step 1150/1999 best 16.748
  step 1200/1999 best 16.692
  step 1250/1999 best 16.655
  step 1300/1999 best 16.654
  step 1350/1999 best 16.769
  step 1400/1999 best 16.810
  step 1450/1999 best 16.710
  step 1500/1999 best 16.716
  step 1550/1999 best 16.807
  step 1600/1999 best 16.746
  step 1650/1999 best 16.513
  step 1700/1999 best 16.770
  step 1750/1999 best 16.731
  step 1800/1999 best 16.650
  step 1850/1999 best 16.738
  step 1900/1999 best 16.763
  step 1950/1999 best 16.664
saved SBC_CHAINS_cnn_vmim__n1_jitter_seed_s2_sim99_row98576_noise1296_1475_1654 (240000, 4) acc=0.169
  step 0/1999 best -15.963
  step 50/1999 best -5.023
  step 100/1999 best -0.947
  step 150/1999 best 2.654
  step 200/1999 best 15.128
  step 250/1999 best 16.334
  step 300/1999 best 15.830
  step 350/1999 best 16.713
  step 400/1999 best 16.662
  step 450/1999 best 16.567
  step 500/1999 best 16.878
  step 550/1999 best 16.925
  step 600/1999 best 17.022
  step 650/1999 best 16.829
  step 700/1999 best 17.025
  step 750/1999 best 16.949
  step 800/1999 best 16.714
  step 850/1999 best 16.834
  step 900/1999 best 16.893
  step 950/1999 best 16.849
  step 1000/1999 best 16.730
  step 1050/1999 best 16.907
  step 1100/1999 best 16.809
  step 1150/1999 best 16.852
  step 1200/1999 best 16.904
  step 1250/1999 best 16.902
  step 1300/1999 best 17.054
  step 1350/1999 best 17.073
  step 1400/1999 best 16.863
  step 1450/1999 best 16.980
  step 1500/1999 best 17.011
  step 1550/1999 best 16.822
  step 1600/1999 best 17.102
  step 1650/1999 best 17.099
  step 1700/1999 best 17.094
  step 1750/1999 best 16.968
  step 1800/1999 best 16.984
  step 1850/1999 best 17.061
  step 1900/1999 best 17.150
  step 1950/1999 best 16.940
saved SBC_CHAINS_cnn_vmim__n1_jitter_seed_s2_sim268_row254451_noise3095_3274_3453 (240000, 4) acc=0.197
  step 0/1999 best -17.821
  step 50/1999 best 6.931
  step 100/1999 best 6.931
  step 150/1999 best 14.699
  step 200/1999 best 14.920
  step 250/1999 best 15.114
  step 300/1999 best 15.215
  step 350/1999 best 15.094
  step 400/1999 best 14.944
  step 450/1999 best 15.016
  step 500/1999 best 15.038
  step 550/1999 best 15.164
  step 600/1999 best 15.095
  step 650/1999 best 15.178
  step 700/1999 best 15.065
  step 750/1999 best 15.123
  step 800/1999 best 15.173
  step 850/1999 best 15.189
  step 900/1999 best 15.194
  step 950/1999 best 15.120
  step 1000/1999 best 15.139
  step 1050/1999 best 15.202
  step 1100/1999 best 15.205
  step 1150/1999 best 15.154
  step 1200/1999 best 15.289
  step 1250/1999 best 15.192
  step 1300/1999 best 15.238
  step 1350/1999 best 15.236
  step 1400/1999 best 15.107
  step 1450/1999 best 15.197
  step 1500/1999 best 15.233
  step 1550/1999 best 15.280
  step 1600/1999 best 15.196
  step 1650/1999 best 15.287
  step 1700/1999 best 15.131
  step 1750/1999 best 15.228
  step 1800/1999 best 15.120
  step 1850/1999 best 15.221
  step 1900/1999 best 15.121
  step 1950/1999 best 15.212
saved SBC_CHAINS_cnn_vmim__n1_jitter_seed_s2_sim331_row317947_noise7623_7802_7981 (240000, 4) acc=0.343
  step 0/1999 best -16.862
  step 50/1999 best 8.581
  step 100/1999 best 11.325
  step 150/1999 best 14.551
  step 200/1999 best 15.442
  step 250/1999 best 15.500
  step 300/1999 best 15.387
  step 350/1999 best 15.389
  step 400/1999 best 15.470
  step 450/1999 best 15.479
  step 500/1999 best 15.467
  step 550/1999 best 15.504
  step 600/1999 best 15.492
  step 650/1999 best 15.353
  step 700/1999 best 15.409
  step 750/1999 best 15.462
  step 800/1999 best 15.351
  step 850/1999 best 15.421
  step 900/1999 best 15.377
  step 950/1999 best 15.436
  step 1000/1999 best 15.411
  step 1050/1999 best 15.437
  step 1100/1999 best 15.432
  step 1150/1999 best 15.476
  step 1200/1999 best 15.410
  step 1250/1999 best 15.462
  step 1300/1999 best 15.542
  step 1350/1999 best 15.437
  step 1400/1999 best 15.499
  step 1450/1999 best 15.456
  step 1500/1999 best 15.477
  step 1550/1999 best 15.453
  step 1600/1999 best 15.403
  step 1650/1999 best 15.522
  step 1700/1999 best 15.504
  step 1750/1999 best 15.489
  step 1800/1999 best 15.523
  step 1850/1999 best 15.421
  step 1900/1999 best 15.499
  step 1950/1999 best 15.481
saved SBC_CHAINS_cnn_vmim__n1_jitter_seed_s2_sim968_row917506_noise5362_5541_5720 (240000, 4) acc=0.300
  step 0/1999 best -22.201
  step 50/1999 best 2.693
  step 100/1999 best 9.125
  step 150/1999 best 14.405
  step 200/1999 best 14.568
  step 250/1999 best 14.289
  step 300/1999 best 13.799
  step 350/1999 best 13.778
  step 400/1999 best 14.145
  step 450/1999 best 14.152
  step 500/1999 best 14.100
  step 550/1999 best 14.268
  step 600/1999 best 14.394
  step 650/1999 best 14.196
  step 700/1999 best 14.485
  step 750/1999 best 14.200
  step 800/1999 best 14.519
  step 850/1999 best 14.369
  step 900/1999 best 14.453
  step 950/1999 best 14.390
  step 1000/1999 best 14.391
  step 1050/1999 best 14.256
  step 1100/1999 best 14.242
  step 1150/1999 best 14.198
  step 1200/1999 best 14.349
  step 1250/1999 best 14.423
  step 1300/1999 best 14.365
  step 1350/1999 best 14.495
  step 1400/1999 best 14.418
  step 1450/1999 best 14.447
  step 1500/1999 best 14.510
  step 1550/1999 best 14.365
  step 1600/1999 best 14.362
  step 1650/1999 best 14.550
  step 1700/1999 best 14.579
  step 1750/1999 best 14.294
  step 1800/1999 best 14.492
  step 1850/1999 best 14.457
  step 1900/1999 best 14.450
  step 1950/1999 best 14.557
saved SBC_CHAINS_cnn_vmim__n1_jitter_seed_s2_sim2373_row1972377_noise4829_5008_5187 (240000, 4) acc=0.311
  step 0/1999 best -15.888
  step 50/1999 best 2.768
  step 100/1999 best 9.728
  step 150/1999 best 9.477
  step 200/1999 best 10.279
  step 250/1999 best 10.207
  step 300/1999 best 10.356
  step 350/1999 best 10.634
  step 400/1999 best 10.478
  step 450/1999 best 10.464
  step 500/1999 best 10.477
  step 550/1999 best 10.417
  step 600/1999 best 10.363
  step 650/1999 best 10.560
  step 700/1999 best 10.581
  step 750/1999 best 10.384
  step 800/1999 best 10.500
  step 850/1999 best 10.564
  step 900/1999 best 10.421
  step 950/1999 best 10.332
  step 1000/1999 best 10.574
  step 1050/1999 best 10.549
  step 1100/1999 best 10.573
  step 1150/1999 best 10.597
  step 1200/1999 best 10.611
  step 1250/1999 best 10.588
  step 1300/1999 best 10.609
  step 1350/1999 best 10.560
  step 1400/1999 best 10.569
  step 1450/1999 best 10.494
  step 1500/1999 best 10.444
  step 1550/1999 best 10.503
  step 1600/1999 best 10.481
  step 1650/1999 best 10.443
  step 1700/1999 best 10.508
  step 1750/1999 best 10.526
  step 1800/1999 best 10.424
  step 1850/1999 best 10.572
  step 1900/1999 best 10.629
  step 1950/1999 best 10.632
saved SBC_CHAINS_cnn_vmim__n1_jitter_seed_s2_sim763_row712609_noise6853_7032_7211 (240000, 4) acc=0.178
  step 0/1999 best -20.376
  step 50/1999 best 10.153
  step 100/1999 best 12.660
  step 150/1999 best 13.365
  step 200/1999 best 13.618
  step 250/1999 best 13.467
  step 300/1999 best 13.560
  step 350/1999 best 13.506
  step 400/1999 best 13.545
  step 450/1999 best 13.472
  step 500/1999 best 13.697
  step 550/1999 best 13.602
  step 600/1999 best 13.515
  step 650/1999 best 13.694
  step 700/1999 best 13.579
  step 750/1999 best 13.633
  step 800/1999 best 13.582
  step 850/1999 best 13.484
  step 900/1999 best 13.690
  step 950/1999 best 13.674
  step 1000/1999 best 13.555
  step 1050/1999 best 13.502
  step 1100/1999 best 13.598
  step 1150/1999 best 13.555
  step 1200/1999 best 13.711
  step 1250/1999 best 13.659
  step 1300/1999 best 13.667
  step 1350/1999 best 13.690
  step 1400/1999 best 13.668
  step 1450/1999 best 13.683
  step 1500/1999 best 13.521
  step 1550/1999 best 13.519
  step 1600/1999 best 13.743
  step 1650/1999 best 13.583
  step 1700/1999 best 13.510
  step 1750/1999 best 13.493
  step 1800/1999 best 13.516
  step 1850/1999 best 13.568
  step 1900/1999 best 13.510
  step 1950/1999 best 13.573
saved SBC_CHAINS_cnn_vmim__n1_jitter_seed_s2_sim2456_row2055317_noise9145_9324_9503 (240000, 4) acc=0.269
  step 0/1999 best -26.199
  step 50/1999 best -6.183
  step 100/1999 best 0.198
  step 150/1999 best 0.198
  step 200/1999 best 2.205
  step 250/1999 best 5.056
  step 300/1999 best 5.169
  step 350/1999 best 5.059
  step 400/1999 best 8.772
  step 450/1999 best 8.772
  step 500/1999 best 8.733
  step 550/1999 best 9.978
  step 600/1999 best 10.273
  step 650/1999 best 9.732
  step 700/1999 best 10.834
  step 750/1999 best 10.411
  step 800/1999 best 10.656
  step 850/1999 best 10.409
  step 900/1999 best 10.252
  step 950/1999 best 10.448
  step 1000/1999 best 10.485
  step 1050/1999 best 10.528
  step 1100/1999 best 10.648
  step 1150/1999 best 10.685
  step 1200/1999 best 10.652
  step 1250/1999 best 10.664
  step 1300/1999 best 10.553
  step 1350/1999 best 10.775
  step 1400/1999 best 10.533
  step 1450/1999 best 10.854
  step 1500/1999 best 10.742
  step 1550/1999 best 10.449
  step 1600/1999 best 10.791
  step 1650/1999 best 10.547
  step 1700/1999 best 10.696
  step 1750/1999 best 10.579
  step 1800/1999 best 10.735
  step 1850/1999 best 10.763
  step 1900/1999 best 10.607
  step 1950/1999 best 10.682
saved SBC_CHAINS_cnn_vmim__n1_jitter_seed_s2_sim2638_row2237547_noise4643_4822_5001 (240000, 4) acc=0.134
  step 0/1999 best -28.639
  step 50/1999 best 0.078
  step 100/1999 best 9.164
  step 150/1999 best 11.126
  step 200/1999 best 13.280
  step 250/1999 best 14.065
  step 300/1999 best 13.876
  step 350/1999 best 13.928
  step 400/1999 best 14.164
  step 450/1999 best 14.191
  step 500/1999 best 14.127
  step 550/1999 best 14.097
  step 600/1999 best 14.115
  step 650/1999 best 14.015
  step 700/1999 best 14.113
  step 750/1999 best 14.212
  step 800/1999 best 14.114
  step 850/1999 best 14.108
  step 900/1999 best 14.179
  step 950/1999 best 14.191
  step 1000/1999 best 14.063
  step 1050/1999 best 14.156
  step 1100/1999 best 13.979
  step 1150/1999 best 14.073
  step 1200/1999 best 14.184
  step 1250/1999 best 14.135
  step 1300/1999 best 14.064
  step 1350/1999 best 14.104
  step 1400/1999 best 14.151
  step 1450/1999 best 14.187
  step 1500/1999 best 14.098
  step 1550/1999 best 14.026
  step 1600/1999 best 14.045
  step 1650/1999 best 14.093
  step 1700/1999 best 14.219
  step 1750/1999 best 14.115
  step 1800/1999 best 14.035
  step 1850/1999 best 14.066
  step 1900/1999 best 14.118
  step 1950/1999 best 14.080
saved SBC_CHAINS_cnn_vmim__n1_jitter_seed_s2_sim3016_row2611084_noise8716_8895_9074 (240000, 4) acc=0.356
  step 0/1999 best -19.670
  step 50/1999 best -6.003
  step 100/1999 best -2.745
  step 150/1999 best 6.724
  step 200/1999 best 6.383
  step 250/1999 best 10.603
  step 300/1999 best 12.049
  step 350/1999 best 12.430
  step 400/1999 best 12.464
  step 450/1999 best 13.849
  step 500/1999 best 13.378
  step 550/1999 best 13.780
  step 600/1999 best 13.828
  step 650/1999 best 13.775
  step 700/1999 best 13.479
  step 750/1999 best 13.629
  step 800/1999 best 13.639
  step 850/1999 best 14.031
  step 900/1999 best 13.603
  step 950/1999 best 14.090
  step 1000/1999 best 14.028
  step 1050/1999 best 13.922
  step 1100/1999 best 14.139
  step 1150/1999 best 13.797
  step 1200/1999 best 13.904
  step 1250/1999 best 13.678
  step 1300/1999 best 13.524
  step 1350/1999 best 13.783
  step 1400/1999 best 13.660
  step 1450/1999 best 13.895
  step 1500/1999 best 13.704
  step 1550/1999 best 13.762
  step 1600/1999 best 13.837
  step 1650/1999 best 13.911
  step 1700/1999 best 14.109
  step 1750/1999 best 13.964
  step 1800/1999 best 14.044
  step 1850/1999 best 14.024
  step 1900/1999 best 14.030
  step 1950/1999 best 14.181
saved SBC_CHAINS_cnn_vmim__n1_jitter_seed_s2_sim2368_row1967330_noise9610_9789_140 (240000, 4) acc=0.246
  step 0/1999 best -25.063
  step 50/1999 best 0.594
  step 100/1999 best 8.553
  step 150/1999 best 12.444
  step 200/1999 best 12.638
  step 250/1999 best 13.083
  step 300/1999 best 12.975
  step 350/1999 best 12.985
  step 400/1999 best 13.024
  step 450/1999 best 12.912
  step 500/1999 best 13.073
  step 550/1999 best 12.919
  step 600/1999 best 13.076
  step 650/1999 best 12.979
  step 700/1999 best 12.934
  step 750/1999 best 12.827
  step 800/1999 best 12.970
  step 850/1999 best 13.085
  step 900/1999 best 12.968
  step 950/1999 best 13.052
  step 1000/1999 best 13.025
  step 1050/1999 best 12.933
  step 1100/1999 best 13.009
  step 1150/1999 best 13.025
  step 1200/1999 best 12.952
  step 1250/1999 best 13.069
  step 1300/1999 best 13.075
  step 1350/1999 best 13.049
  step 1400/1999 best 13.090
  step 1450/1999 best 12.879
  step 1500/1999 best 12.995
  step 1550/1999 best 13.105
  step 1600/1999 best 13.065
  step 1650/1999 best 13.005
  step 1700/1999 best 13.018
  step 1750/1999 best 13.057
  step 1800/1999 best 13.044
  step 1850/1999 best 13.093
  step 1900/1999 best 13.123
  step 1950/1999 best 12.945
saved SBC_CHAINS_cnn_vmim__n1_jitter_seed_s2_sim2841_row2436146_noise854_1033_1212 (240000, 4) acc=0.289
  step 0/1999 best -21.540
  step 50/1999 best 0.399
  step 100/1999 best 15.870
  step 150/1999 best 15.404
  step 200/1999 best 16.759
  step 250/1999 best 16.162
  step 300/1999 best 16.647
  step 350/1999 best 16.612
  step 400/1999 best 16.817
  step 450/1999 best 16.899
  step 500/1999 best 16.789
  step 550/1999 best 16.795
  step 600/1999 best 16.657
  step 650/1999 best 16.552
  step 700/1999 best 16.734
  step 750/1999 best 16.733
  step 800/1999 best 16.816
  step 850/1999 best 16.670
  step 900/1999 best 16.857
  step 950/1999 best 16.870
  step 1000/1999 best 16.778
  step 1050/1999 best 16.698
  step 1100/1999 best 16.851
  step 1150/1999 best 16.870
  step 1200/1999 best 16.922
  step 1250/1999 best 16.806
  step 1300/1999 best 16.724
  step 1350/1999 best 16.845
  step 1400/1999 best 16.824
  step 1450/1999 best 16.720
  step 1500/1999 best 16.728
  step 1550/1999 best 16.891
  step 1600/1999 best 16.786
  step 1650/1999 best 16.851
  step 1700/1999 best 16.863
  step 1750/1999 best 16.634
  step 1800/1999 best 16.869
  step 1850/1999 best 16.790
  step 1900/1999 best 16.859
  step 1950/1999 best 16.880
saved SBC_CHAINS_cnn_vmim__n1_jitter_seed_s2_sim898_row847751_noise4403_4582_4761 (240000, 4) acc=0.307
  step 0/1999 best -20.756
  step 50/1999 best -5.164
  step 100/1999 best 2.666
  step 150/1999 best 7.495
  step 200/1999 best 11.678
  step 250/1999 best 12.201
  step 300/1999 best 12.491
  step 350/1999 best 12.483
  step 400/1999 best 12.478
  step 450/1999 best 12.554
  step 500/1999 best 12.492
  step 550/1999 best 12.594
  step 600/1999 best 12.484
  step 650/1999 best 12.450
  step 700/1999 best 12.542
  step 750/1999 best 12.706
  step 800/1999 best 12.598
  step 850/1999 best 12.611
  step 900/1999 best 12.458
  step 950/1999 best 12.526
  step 1000/1999 best 12.538
  step 1050/1999 best 12.550
  step 1100/1999 best 12.553
  step 1150/1999 best 12.479
  step 1200/1999 best 12.648
  step 1250/1999 best 12.506
  step 1300/1999 best 12.647
  step 1350/1999 best 12.610
  step 1400/1999 best 12.690
  step 1450/1999 best 12.621
  step 1500/1999 best 12.606
  step 1550/1999 best 12.547
  step 1600/1999 best 12.657
  step 1650/1999 best 12.635
  step 1700/1999 best 12.643
  step 1750/1999 best 12.646
  step 1800/1999 best 12.574
  step 1850/1999 best 12.577
  step 1900/1999 best 12.634
  step 1950/1999 best 12.686
saved SBC_CHAINS_cnn_vmim__n1_jitter_seed_s2_sim2917_row2512918_noise8830_9009_9188 (240000, 4) acc=0.330
  step 0/1999 best -25.106
  step 50/1999 best 2.255
  step 100/1999 best 2.176
  step 150/1999 best 14.198
  step 200/1999 best 15.240
  step 250/1999 best 16.002
  step 300/1999 best 16.213
  step 350/1999 best 16.223
  step 400/1999 best 16.380
  step 450/1999 best 16.324
  step 500/1999 best 16.122
  step 550/1999 best 16.525
  step 600/1999 best 16.258
  step 650/1999 best 16.312
  step 700/1999 best 16.473
  step 750/1999 best 16.428
  step 800/1999 best 16.454
  step 850/1999 best 16.477
  step 900/1999 best 16.535
  step 950/1999 best 16.475
  step 1000/1999 best 16.382
  step 1050/1999 best 16.419
  step 1100/1999 best 16.470
  step 1150/1999 best 16.521
  step 1200/1999 best 16.478
  step 1250/1999 best 16.362
  step 1300/1999 best 16.482
  step 1350/1999 best 16.465
  step 1400/1999 best 16.347
  step 1450/1999 best 16.382
  step 1500/1999 best 16.397
  step 1550/1999 best 16.478
  step 1600/1999 best 16.395
  step 1650/1999 best 16.473
  step 1700/1999 best 16.424
  step 1750/1999 best 16.329
  step 1800/1999 best 16.443
  step 1850/1999 best 16.396
  step 1900/1999 best 16.525
  step 1950/1999 best 16.436
saved SBC_CHAINS_cnn_vmim__n1_jitter_seed_s2_sim1273_row1091592_noise5780_5959_6138 (240000, 4) acc=0.267
  step 0/1999 best -10.650
  step 50/1999 best -0.020
  step 100/1999 best 1.153
  step 150/1999 best 6.809
  step 200/1999 best 8.166
  step 250/1999 best 11.497
  step 300/1999 best 12.020
  step 350/1999 best 12.510
  step 400/1999 best 12.387
  step 450/1999 best 12.635
  step 500/1999 best 12.738
  step 550/1999 best 12.733
  step 600/1999 best 12.691
  step 650/1999 best 12.776
  step 700/1999 best 12.750
  step 750/1999 best 12.721
  step 800/1999 best 12.547
  step 850/1999 best 12.654
  step 900/1999 best 12.776
  step 950/1999 best 12.740
  step 1000/1999 best 12.682
  step 1050/1999 best 12.733
  step 1100/1999 best 12.798
  step 1150/1999 best 12.806
  step 1200/1999 best 12.629
  step 1250/1999 best 12.524
  step 1300/1999 best 12.640
  step 1350/1999 best 12.785
  step 1400/1999 best 12.760
  step 1450/1999 best 12.772
  step 1500/1999 best 12.763
  step 1550/1999 best 12.611
  step 1600/1999 best 12.863
  step 1650/1999 best 12.821
  step 1700/1999 best 12.783
  step 1750/1999 best 12.706
  step 1800/1999 best 12.759
  step 1850/1999 best 12.808
  step 1900/1999 best 12.830
  step 1950/1999 best 12.783
saved SBC_CHAINS_cnn_vmim__n1_jitter_seed_s2_sim2546_row2145330_noise878_1057_1236 (240000, 4) acc=0.168
  step 0/1999 best -17.432
  step 50/1999 best -0.753
  step 100/1999 best 9.474
  step 150/1999 best 12.960
  step 200/1999 best 13.732
  step 250/1999 best 14.091
  step 300/1999 best 14.301
  step 350/1999 best 14.327
  step 400/1999 best 14.301
  step 450/1999 best 14.143
  step 500/1999 best 14.334
  step 550/1999 best 14.217
  step 600/1999 best 14.270
  step 650/1999 best 14.299
  step 700/1999 best 14.370
  step 750/1999 best 14.257
  step 800/1999 best 14.295
  step 850/1999 best 14.176
  step 900/1999 best 14.313
  step 950/1999 best 14.197
  step 1000/1999 best 14.189
  step 1050/1999 best 14.171
  step 1100/1999 best 14.308
  step 1150/1999 best 14.215
  step 1200/1999 best 14.337
  step 1250/1999 best 14.142
  step 1300/1999 best 14.357
  step 1350/1999 best 14.126
  step 1400/1999 best 14.267
  step 1450/1999 best 14.361
  step 1500/1999 best 14.273
  step 1550/1999 best 14.281
  step 1600/1999 best 14.328
  step 1650/1999 best 14.325
  step 1700/1999 best 14.289
  step 1750/1999 best 14.335
  step 1800/1999 best 14.263
  step 1850/1999 best 14.325
  step 1900/1999 best 14.272
  step 1950/1999 best 14.086
saved SBC_CHAINS_cnn_vmim__n1_jitter_seed_s2_sim3009_row2604324_noise1956_2135_2314 (240000, 4) acc=0.391
  step 0/1999 best -13.912
  step 50/1999 best -2.468
  step 100/1999 best 5.471
  step 150/1999 best 12.682
  step 200/1999 best 13.995
  step 250/1999 best 14.541
  step 300/1999 best 16.568
  step 350/1999 best 16.690
  step 400/1999 best 16.462
  step 450/1999 best 16.472
  step 500/1999 best 16.694
  step 550/1999 best 16.506
  step 600/1999 best 16.743
  step 650/1999 best 16.263
  step 700/1999 best 16.599
  step 750/1999 best 16.669
  step 800/1999 best 16.422
  step 850/1999 best 16.588
  step 900/1999 best 16.595
  step 950/1999 best 16.573
  step 1000/1999 best 16.750
  step 1050/1999 best 16.378
  step 1100/1999 best 16.380
  step 1150/1999 best 16.728
  step 1200/1999 best 16.537
  step 1250/1999 best 16.547
  step 1300/1999 best 16.685
  step 1350/1999 best 16.525
  step 1400/1999 best 16.671
  step 1450/1999 best 16.775
  step 1500/1999 best 16.663
  step 1550/1999 best 16.481
  step 1600/1999 best 16.677
  step 1650/1999 best 16.618
  step 1700/1999 best 16.697
  step 1750/1999 best 16.668
  step 1800/1999 best 16.583
  step 1850/1999 best 16.414
  step 1900/1999 best 16.764
  step 1950/1999 best 16.703
saved SBC_CHAINS_cnn_vmim__n1_jitter_seed_s2_sim118_row117534_noise598_777_956 (240000, 4) acc=0.186
  step 0/1999 best -18.093
  step 50/1999 best 3.890
  step 100/1999 best 14.944
  step 150/1999 best 14.750
  step 200/1999 best 14.526
  step 250/1999 best 14.794
  step 300/1999 best 14.924
  step 350/1999 best 14.953
  step 400/1999 best 14.897
  step 450/1999 best 14.658
  step 500/1999 best 15.062
  step 550/1999 best 14.978
  step 600/1999 best 14.997
  step 650/1999 best 15.032
  step 700/1999 best 15.018
  step 750/1999 best 14.949
  step 800/1999 best 15.108
  step 850/1999 best 14.953
  step 900/1999 best 15.026
  step 950/1999 best 15.002
  step 1000/1999 best 14.983
  step 1050/1999 best 15.074
  step 1100/1999 best 14.883
  step 1150/1999 best 15.039
  step 1200/1999 best 15.076
  step 1250/1999 best 15.030
  step 1300/1999 best 15.066
  step 1350/1999 best 14.931
  step 1400/1999 best 15.007
  step 1450/1999 best 15.071
  step 1500/1999 best 15.055
  step 1550/1999 best 14.990
  step 1600/1999 best 14.906
  step 1650/1999 best 15.108
  step 1700/1999 best 15.009
  step 1750/1999 best 15.046
  step 1800/1999 best 15.033
  step 1850/1999 best 15.041
  step 1900/1999 best 15.058
  step 1950/1999 best 15.032
saved SBC_CHAINS_cnn_vmim__n1_jitter_seed_s2_sim1766_row1518003_noise6791_6970_7149 (240000, 4) acc=0.217
  step 0/1999 best -24.989
  step 50/1999 best -5.313
  step 100/1999 best 1.145
  step 150/1999 best 6.976
  step 200/1999 best 15.922
  step 250/1999 best 16.148
  step 300/1999 best 16.422
  step 350/1999 best 16.590
  step 400/1999 best 16.526
  step 450/1999 best 16.344
  step 500/1999 best 16.595
  step 550/1999 best 16.507
  step 600/1999 best 16.517
  step 650/1999 best 16.486
  step 700/1999 best 16.606
  step 750/1999 best 16.543
  step 800/1999 best 16.520
  step 850/1999 best 16.531
  step 900/1999 best 16.507
  step 950/1999 best 16.488
  step 1000/1999 best 16.576
  step 1050/1999 best 16.479
  step 1100/1999 best 16.584
  step 1150/1999 best 16.499
  step 1200/1999 best 16.653
  step 1250/1999 best 16.426
  step 1300/1999 best 16.568
  step 1350/1999 best 16.480
  step 1400/1999 best 16.367
  step 1450/1999 best 16.569
  step 1500/1999 best 16.623
  step 1550/1999 best 16.461
  step 1600/1999 best 16.561
  step 1650/1999 best 16.536
  step 1700/1999 best 16.451
  step 1750/1999 best 16.480
  step 1800/1999 best 16.338
  step 1850/1999 best 16.556
  step 1900/1999 best 16.584
  step 1950/1999 best 16.511
saved SBC_CHAINS_cnn_vmim__n1_jitter_seed_s2_sim1742_row1495564_noise3008_3187_3366 (240000, 4) acc=0.233
  step 0/1999 best -14.632
  step 50/1999 best -5.777
  step 100/1999 best -4.221
  step 150/1999 best 2.270
  step 200/1999 best 3.913
  step 250/1999 best 10.549
  step 300/1999 best 11.116
  step 350/1999 best 16.248
  step 400/1999 best 16.185
  step 450/1999 best 15.621
  step 500/1999 best 16.518
  step 550/1999 best 15.721
  step 600/1999 best 16.500
  step 650/1999 best 16.439
  step 700/1999 best 15.902
  step 750/1999 best 16.140
  step 800/1999 best 16.132
  step 850/1999 best 16.493
  step 900/1999 best 16.088
  step 950/1999 best 16.423
  step 1000/1999 best 16.410
  step 1050/1999 best 16.518
  step 1100/1999 best 16.513
  step 1150/1999 best 16.478
  step 1200/1999 best 16.608
  step 1250/1999 best 16.315
  step 1300/1999 best 16.542
  step 1350/1999 best 16.450
  step 1400/1999 best 16.406
  step 1450/1999 best 16.642
  step 1500/1999 best 16.359
  step 1550/1999 best 16.416
  step 1600/1999 best 16.336
  step 1650/1999 best 16.397
  step 1700/1999 best 16.508
  step 1750/1999 best 16.671
  step 1800/1999 best 16.431
  step 1850/1999 best 16.656
  step 1900/1999 best 16.389
  step 1950/1999 best 16.428
saved SBC_CHAINS_cnn_vmim__n1_jitter_seed_s2_sim1516_row1293413_noise2901_3080_3259 (240000, 4) acc=0.179
  step 0/1999 best -21.394
  step 50/1999 best 2.504
  step 100/1999 best 14.324
  step 150/1999 best 15.189
  step 200/1999 best 15.909
  step 250/1999 best 15.601
  step 300/1999 best 15.719
  step 350/1999 best 15.878
  step 400/1999 best 15.807
  step 450/1999 best 15.892
  step 500/1999 best 15.922
  step 550/1999 best 15.994
  step 600/1999 best 15.937
  step 650/1999 best 15.941
  step 700/1999 best 16.012
  step 750/1999 best 16.016
  step 800/1999 best 15.847
  step 850/1999 best 15.840
  step 900/1999 best 15.894
  step 950/1999 best 15.911
  step 1000/1999 best 15.940
  step 1050/1999 best 15.894
  step 1100/1999 best 15.819
  step 1150/1999 best 15.906
  step 1200/1999 best 15.970
  step 1250/1999 best 15.932
  step 1300/1999 best 15.698
  step 1350/1999 best 15.946
  step 1400/1999 best 15.821
  step 1450/1999 best 15.856
  step 1500/1999 best 15.974
  step 1550/1999 best 15.906
  step 1600/1999 best 15.890
  step 1650/1999 best 15.839
  step 1700/1999 best 15.944
  step 1750/1999 best 15.823
  step 1800/1999 best 15.916
  step 1850/1999 best 15.944
  step 1900/1999 best 15.960
  step 1950/1999 best 15.901
saved SBC_CHAINS_cnn_vmim__n1_jitter_seed_s2_sim1418_row1200454_noise3222_3401_3580 (240000, 4) acc=0.296
  step 0/1999 best -22.285
  step 50/1999 best -4.593
  step 100/1999 best 6.649
  step 150/1999 best 8.179
  step 200/1999 best 10.262
  step 250/1999 best 10.509
  step 300/1999 best 10.272
  step 350/1999 best 10.319
  step 400/1999 best 10.340
  step 450/1999 best 10.417
  step 500/1999 best 10.472
  step 550/1999 best 10.421
  step 600/1999 best 10.442
  step 650/1999 best 10.451
  step 700/1999 best 10.464
  step 750/1999 best 10.533
  step 800/1999 best 10.363
  step 850/1999 best 10.541
  step 900/1999 best 10.576
  step 950/1999 best 10.564
  step 1000/1999 best 10.476
  step 1050/1999 best 10.571
  step 1100/1999 best 10.351
  step 1150/1999 best 10.451
  step 1200/1999 best 10.365
  step 1250/1999 best 10.479
  step 1300/1999 best 10.575
  step 1350/1999 best 10.485
  step 1400/1999 best 10.494
  step 1450/1999 best 10.538
  step 1500/1999 best 10.556
  step 1550/1999 best 10.609
  step 1600/1999 best 10.463
  step 1650/1999 best 10.452
  step 1700/1999 best 10.626
  step 1750/1999 best 10.510
  step 1800/1999 best 10.539
  step 1850/1999 best 10.492
  step 1900/1999 best 10.541
  step 1950/1999 best 10.365
saved SBC_CHAINS_cnn_vmim__n1_jitter_seed_s2_sim2589_row2188655_noise4891_5070_5249 (240000, 4) acc=0.214
  step 0/1999 best -9.886
  step 50/1999 best 3.712
  step 100/1999 best 8.794
  step 150/1999 best 9.703
  step 200/1999 best 13.951
  step 250/1999 best 13.984
  step 300/1999 best 13.425
  step 350/1999 best 13.847
  step 400/1999 best 13.688
  step 450/1999 best 14.165
  step 500/1999 best 14.054
  step 550/1999 best 14.422
  step 600/1999 best 14.395
  step 650/1999 best 14.465
  step 700/1999 best 14.511
  step 750/1999 best 14.570
  step 800/1999 best 14.433
  step 850/1999 best 14.559
  step 900/1999 best 14.477
  step 950/1999 best 14.548
  step 1000/1999 best 14.603
  step 1050/1999 best 14.501
  step 1100/1999 best 14.201
  step 1150/1999 best 14.399
  step 1200/1999 best 14.266
  step 1250/1999 best 14.271
  step 1300/1999 best 14.572
  step 1350/1999 best 14.623
  step 1400/1999 best 14.413
  step 1450/1999 best 14.433
  step 1500/1999 best 14.410
  step 1550/1999 best 14.506
  step 1600/1999 best 14.492
  step 1650/1999 best 14.510
  step 1700/1999 best 14.410
  step 1750/1999 best 14.591
  step 1800/1999 best 14.408
  step 1850/1999 best 14.386
  step 1900/1999 best 14.530
  step 1950/1999 best 14.504
saved SBC_CHAINS_cnn_vmim__n1_jitter_seed_s2_sim2013_row1624912_noise9000_9179_9358 (240000, 4) acc=0.126
  step 0/1999 best -22.858
  step 50/1999 best -0.392
  step 100/1999 best 11.346
  step 150/1999 best 14.118
  step 200/1999 best 14.322
  step 250/1999 best 15.111
  step 300/1999 best 14.903
  step 350/1999 best 15.244
  step 400/1999 best 15.120
  step 450/1999 best 15.187
  step 500/1999 best 15.265
  step 550/1999 best 15.186
  step 600/1999 best 15.203
  step 650/1999 best 15.229
  step 700/1999 best 15.232
  step 750/1999 best 15.261
  step 800/1999 best 15.211
  step 850/1999 best 15.162
  step 900/1999 best 15.295
  step 950/1999 best 15.295
  step 1000/1999 best 15.256
  step 1050/1999 best 15.131
  step 1100/1999 best 15.339
  step 1150/1999 best 15.315
  step 1200/1999 best 15.315
  step 1250/1999 best 15.248
  step 1300/1999 best 15.310
  step 1350/1999 best 15.312
  step 1400/1999 best 15.228
  step 1450/1999 best 15.189
  step 1500/1999 best 15.268
  step 1550/1999 best 15.193
  step 1600/1999 best 15.172
  step 1650/1999 best 15.238
  step 1700/1999 best 15.260
  step 1750/1999 best 15.275
  step 1800/1999 best 15.246
  step 1850/1999 best 15.209
  step 1900/1999 best 15.237
  step 1950/1999 best 15.230
saved SBC_CHAINS_cnn_vmim__n1_jitter_seed_s2_sim247_row233918_noise2218_2397_2576 (240000, 4) acc=0.364
  step 0/1999 best -27.094
  step 50/1999 best -10.200
  step 100/1999 best 0.411
  step 150/1999 best 7.389
  step 200/1999 best 7.389
  step 250/1999 best 11.441
  step 300/1999 best 11.441
  step 350/1999 best 10.643
  step 400/1999 best 14.326
  step 450/1999 best 15.339
  step 500/1999 best 15.339
  step 550/1999 best 15.504
  step 600/1999 best 14.966
  step 650/1999 best 15.735
  step 700/1999 best 15.713
  step 750/1999 best 15.724
  step 800/1999 best 15.489
  step 850/1999 best 15.369
  step 900/1999 best 15.528
  step 950/1999 best 15.444
  step 1000/1999 best 15.672
  step 1050/1999 best 15.740
  step 1100/1999 best 15.559
  step 1150/1999 best 15.468
  step 1200/1999 best 15.682
  step 1250/1999 best 15.243
  step 1300/1999 best 15.616
  step 1350/1999 best 15.771
  step 1400/1999 best 15.730
  step 1450/1999 best 15.730
  step 1500/1999 best 15.466
  step 1550/1999 best 15.496
  step 1600/1999 best 15.710
  step 1650/1999 best 15.396
  step 1700/1999 best 15.581
  step 1750/1999 best 15.779
  step 1800/1999 best 15.793
  step 1850/1999 best 15.381
  step 1900/1999 best 15.504
  step 1950/1999 best 15.639
saved SBC_CHAINS_cnn_vmim__n1_jitter_seed_s2_sim442_row420755_noise495_674_853 (240000, 4) acc=0.175
  step 0/1999 best -23.810
  step 50/1999 best 3.657
  step 100/1999 best 8.561
  step 150/1999 best 15.697
  step 200/1999 best 15.998
  step 250/1999 best 16.065
  step 300/1999 best 16.426
  step 350/1999 best 15.991
  step 400/1999 best 16.644
  step 450/1999 best 15.682
  step 500/1999 best 16.687
  step 550/1999 best 16.811
  step 600/1999 best 16.748
  step 650/1999 best 16.538
  step 700/1999 best 16.501
  step 750/1999 best 16.632
  step 800/1999 best 16.727
  step 850/1999 best 16.581
  step 900/1999 best 16.781
  step 950/1999 best 16.646
  step 1000/1999 best 16.828
  step 1050/1999 best 16.802
  step 1100/1999 best 16.786
  step 1150/1999 best 16.582
  step 1200/1999 best 16.852
  step 1250/1999 best 16.787
  step 1300/1999 best 16.696
  step 1350/1999 best 16.895
  step 1400/1999 best 16.750
  step 1450/1999 best 16.540
  step 1500/1999 best 16.639
  step 1550/1999 best 16.552
  step 1600/1999 best 16.733
  step 1650/1999 best 16.805
  step 1700/1999 best 16.866
  step 1750/1999 best 16.796
  step 1800/1999 best 16.703
  step 1850/1999 best 16.857
  step 1900/1999 best 16.752
  step 1950/1999 best 16.857
saved SBC_CHAINS_cnn_vmim__n1_jitter_seed_s2_sim262_row248674_noise7146_7325_7504 (240000, 4) acc=0.188
  step 0/1999 best -21.063
  step 50/1999 best -5.470
  step 100/1999 best 12.794
  step 150/1999 best 12.797
  step 200/1999 best 14.887
  step 250/1999 best 15.024
  step 300/1999 best 15.909
  step 350/1999 best 16.011
  step 400/1999 best 16.135
  step 450/1999 best 16.038
  step 500/1999 best 16.158
  step 550/1999 best 16.021
  step 600/1999 best 16.129
  step 650/1999 best 16.163
  step 700/1999 best 16.065
  step 750/1999 best 16.125
  step 800/1999 best 16.149
  step 850/1999 best 16.200
  step 900/1999 best 16.050
  step 950/1999 best 16.141
  step 1000/1999 best 16.156
  step 1050/1999 best 16.253
  step 1100/1999 best 16.213
  step 1150/1999 best 16.144
  step 1200/1999 best 16.078
  step 1250/1999 best 16.139
  step 1300/1999 best 16.001
  step 1350/1999 best 15.976
  step 1400/1999 best 16.201
  step 1450/1999 best 16.123
  step 1500/1999 best 16.255
  step 1550/1999 best 16.278
  step 1600/1999 best 16.070
  step 1650/1999 best 16.155
  step 1700/1999 best 16.171
  step 1750/1999 best 16.245
  step 1800/1999 best 16.162
  step 1850/1999 best 16.270
  step 1900/1999 best 16.118
  step 1950/1999 best 16.143
saved SBC_CHAINS_cnn_vmim__n1_jitter_seed_s2_sim170_row161030_noise2954_3133_3312 (240000, 4) acc=0.253
  step 0/1999 best -15.437
  step 50/1999 best 7.257
  step 100/1999 best 14.252
  step 150/1999 best 14.074
  step 200/1999 best 15.328
  step 250/1999 best 15.386
  step 300/1999 best 15.321
  step 350/1999 best 15.447
  step 400/1999 best 15.445
  step 450/1999 best 15.453
  step 500/1999 best 15.482
  step 550/1999 best 15.504
  step 600/1999 best 15.472
  step 650/1999 best 15.413
  step 700/1999 best 15.452
  step 750/1999 best 15.427
  step 800/1999 best 15.573
  step 850/1999 best 15.375
  step 900/1999 best 15.577
  step 950/1999 best 15.427
  step 1000/1999 best 15.355
  step 1050/1999 best 15.416
  step 1100/1999 best 15.391
  step 1150/1999 best 15.415
  step 1200/1999 best 15.571
  step 1250/1999 best 15.381
  step 1300/1999 best 15.370
  step 1350/1999 best 15.373
  step 1400/1999 best 15.497
  step 1450/1999 best 15.355
  step 1500/1999 best 15.498
  step 1550/1999 best 15.453
  step 1600/1999 best 15.469
  step 1650/1999 best 15.461
  step 1700/1999 best 15.364
  step 1750/1999 best 15.511
  step 1800/1999 best 15.491
  step 1850/1999 best 15.588
  step 1900/1999 best 15.474
  step 1950/1999 best 15.465
saved SBC_CHAINS_cnn_vmim__n1_jitter_seed_s2_sim2043_row1653035_noise8639_8818_8997 (240000, 4) acc=0.238
  step 0/1999 best -24.996
  step 50/1999 best 4.374
  step 100/1999 best 4.374
  step 150/1999 best 10.331
  step 200/1999 best 11.135
  step 250/1999 best 13.777
  step 300/1999 best 15.329
  step 350/1999 best 15.428
  step 400/1999 best 15.384
  step 450/1999 best 15.468
  step 500/1999 best 15.494
  step 550/1999 best 15.575
  step 600/1999 best 15.503
  step 650/1999 best 15.494
  step 700/1999 best 15.326
  step 750/1999 best 15.394
  step 800/1999 best 15.544
  step 850/1999 best 15.577
  step 900/1999 best 15.465
  step 950/1999 best 15.305
  step 1000/1999 best 15.499
  step 1050/1999 best 15.595
  step 1100/1999 best 15.418
  step 1150/1999 best 15.359
  step 1200/1999 best 15.518
  step 1250/1999 best 15.539
  step 1300/1999 best 15.514
  step 1350/1999 best 15.489
  step 1400/1999 best 15.571
  step 1450/1999 best 15.526
  step 1500/1999 best 15.580
  step 1550/1999 best 15.592
  step 1600/1999 best 15.542
  step 1650/1999 best 15.602
  step 1700/1999 best 15.428
  step 1750/1999 best 15.625
  step 1800/1999 best 15.606
  step 1850/1999 best 15.622
  step 1900/1999 best 15.595
  step 1950/1999 best 15.509
saved SBC_CHAINS_cnn_vmim__n1_jitter_seed_s2_sim958_row907886_noise5570_5749_5928 (240000, 4) acc=0.219
  step 0/1999 best -24.565
  step 50/1999 best 1.146
  step 100/1999 best 4.193
  step 150/1999 best 8.726
  step 200/1999 best 14.420
  step 250/1999 best 13.991
  step 300/1999 best 15.489
  step 350/1999 best 15.664
  step 400/1999 best 14.988
  step 450/1999 best 15.063
  step 500/1999 best 15.285
  step 550/1999 best 15.547
  step 600/1999 best 15.604
  step 650/1999 best 15.589
  step 700/1999 best 15.565
  step 750/1999 best 15.506
  step 800/1999 best 15.592
  step 850/1999 best 15.667
  step 900/1999 best 15.696
  step 950/1999 best 15.518
  step 1000/1999 best 15.422
  step 1050/1999 best 15.489
  step 1100/1999 best 15.343
  step 1150/1999 best 15.402
  step 1200/1999 best 15.718
  step 1250/1999 best 15.613
  step 1300/1999 best 15.721
  step 1350/1999 best 15.612
  step 1400/1999 best 15.772
  step 1450/1999 best 15.654
  step 1500/1999 best 15.528
  step 1550/1999 best 15.595
  step 1600/1999 best 15.659
  step 1650/1999 best 15.609
  step 1700/1999 best 15.510
  step 1750/1999 best 15.474
  step 1800/1999 best 15.522
  step 1850/1999 best 15.628
  step 1900/1999 best 15.604
  step 1950/1999 best 15.490
saved SBC_CHAINS_cnn_vmim__n1_jitter_seed_s2_sim424_row402884_noise2280_2459_2638 (240000, 4) acc=0.184
  step 0/1999 best -26.057
  step 50/1999 best -2.339
  step 100/1999 best 5.751
  step 150/1999 best 12.212
  step 200/1999 best 11.774
  step 250/1999 best 14.589
  step 300/1999 best 14.449
  step 350/1999 best 14.048
  step 400/1999 best 14.106
  step 450/1999 best 14.450
  step 500/1999 best 14.554
  step 550/1999 best 14.505
  step 600/1999 best 14.634
  step 650/1999 best 14.584
  step 700/1999 best 14.536
  step 750/1999 best 14.572
  step 800/1999 best 14.625
  step 850/1999 best 14.432
  step 900/1999 best 14.473
  step 950/1999 best 14.678
  step 1000/1999 best 14.472
  step 1050/1999 best 14.572
  step 1100/1999 best 14.487
  step 1150/1999 best 14.611
  step 1200/1999 best 14.541
  step 1250/1999 best 14.432
  step 1300/1999 best 14.509
  step 1350/1999 best 14.490
  step 1400/1999 best 14.534
  step 1450/1999 best 14.227
  step 1500/1999 best 14.664
  step 1550/1999 best 14.624
  step 1600/1999 best 14.525
  step 1650/1999 best 14.619
  step 1700/1999 best 14.601
  step 1750/1999 best 14.608
  step 1800/1999 best 14.609
  step 1850/1999 best 14.546
  step 1900/1999 best 14.657
  step 1950/1999 best 14.640
saved SBC_CHAINS_cnn_vmim__n1_jitter_seed_s2_sim907_row856033_noise2857_3036_3215 (240000, 4) acc=0.199
  step 0/1999 best -19.534
  step 50/1999 best -6.367
  step 100/1999 best -1.613
  step 150/1999 best -0.441
  step 200/1999 best 2.114
  step 250/1999 best 2.114
  step 300/1999 best 10.246
  step 350/1999 best 11.095
  step 400/1999 best 9.287
  step 450/1999 best 10.595
  step 500/1999 best 11.619
  step 550/1999 best 12.082
  step 600/1999 best 12.329
  step 650/1999 best 13.081
  step 700/1999 best 13.081
  step 750/1999 best 12.739
  step 800/1999 best 13.404
  step 850/1999 best 13.457
  step 900/1999 best 12.675
  step 950/1999 best 13.153
  step 1000/1999 best 12.531
  step 1050/1999 best 13.016
  step 1100/1999 best 13.016
  step 1150/1999 best 13.070
  step 1200/1999 best 11.926
  step 1250/1999 best 13.272
  step 1300/1999 best 13.272
  step 1350/1999 best 13.313
  step 1400/1999 best 13.090
  step 1450/1999 best 13.027
  step 1500/1999 best 13.441
  step 1550/1999 best 13.360
  step 1600/1999 best 13.544
  step 1650/1999 best 13.527
  step 1700/1999 best 13.559
  step 1750/1999 best 13.485
  step 1800/1999 best 12.419
  step 1850/1999 best 11.973
  step 1900/1999 best 12.613
  step 1950/1999 best 13.423
saved SBC_CHAINS_cnn_vmim__n1_jitter_seed_s2_sim2548_row2147065_noise2613_2792_2971 (240000, 4) acc=0.209
  step 0/1999 best -20.353
  step 50/1999 best 12.786
  step 100/1999 best 16.104
  step 150/1999 best 16.734
  step 200/1999 best 17.011
  step 250/1999 best 17.036
  step 300/1999 best 16.961
  step 350/1999 best 17.068
  step 400/1999 best 17.044
  step 450/1999 best 17.066
  step 500/1999 best 17.041
  step 550/1999 best 16.930
  step 600/1999 best 16.987
  step 650/1999 best 16.983
  step 700/1999 best 17.043
  step 750/1999 best 17.096
  step 800/1999 best 17.001
  step 850/1999 best 17.084
  step 900/1999 best 17.153
  step 950/1999 best 17.022
  step 1000/1999 best 16.994
  step 1050/1999 best 17.117
  step 1100/1999 best 17.164
  step 1150/1999 best 17.020
  step 1200/1999 best 16.949
  step 1250/1999 best 17.053
  step 1300/1999 best 17.110
  step 1350/1999 best 17.044
  step 1400/1999 best 17.101
  step 1450/1999 best 17.041
  step 1500/1999 best 17.069
  step 1550/1999 best 17.098
  step 1600/1999 best 17.028
  step 1650/1999 best 17.150
  step 1700/1999 best 17.023
  step 1750/1999 best 17.146
  step 1800/1999 best 17.131
  step 1850/1999 best 17.039
  step 1900/1999 best 17.103
  step 1950/1999 best 16.997
saved SBC_CHAINS_cnn_vmim__n1_jitter_seed_s2_sim1268_row1086094_noise282_461_640 (240000, 4) acc=0.286
  step 0/1999 best -20.594
  step 50/1999 best -6.201
  step 100/1999 best 4.150
  step 150/1999 best 14.949
  step 200/1999 best 15.042
  step 250/1999 best 13.832
  step 300/1999 best 15.106
  step 350/1999 best 15.619
  step 400/1999 best 15.695
  step 450/1999 best 15.671
  step 500/1999 best 15.774
  step 550/1999 best 15.765
  step 600/1999 best 15.850
  step 650/1999 best 15.870
  step 700/1999 best 15.780
  step 750/1999 best 15.813
  step 800/1999 best 15.825
  step 850/1999 best 15.918
  step 900/1999 best 15.730
  step 950/1999 best 15.750
  step 1000/1999 best 15.866
  step 1050/1999 best 15.822
  step 1100/1999 best 15.787
  step 1150/1999 best 15.830
  step 1200/1999 best 15.837
  step 1250/1999 best 15.803
  step 1300/1999 best 15.790
  step 1350/1999 best 15.673
  step 1400/1999 best 15.716
  step 1450/1999 best 15.857
  step 1500/1999 best 15.864
  step 1550/1999 best 15.794
  step 1600/1999 best 15.838
  step 1650/1999 best 15.835
  step 1700/1999 best 15.841
  step 1750/1999 best 15.808
  step 1800/1999 best 15.656
  step 1850/1999 best 15.877
  step 1900/1999 best 15.909
  step 1950/1999 best 15.710
saved SBC_CHAINS_cnn_vmim__n1_jitter_seed_s2_sim92_row91923_noise4471_4650_4829 (240000, 4) acc=0.208
  step 0/1999 best -31.249
  step 50/1999 best -5.386
  step 100/1999 best 13.400
  step 150/1999 best 14.271
  step 200/1999 best 14.628
  step 250/1999 best 14.724
  step 300/1999 best 14.933
  step 350/1999 best 15.096
  step 400/1999 best 14.902
  step 450/1999 best 14.995
  step 500/1999 best 15.055
  step 550/1999 best 15.279
  step 600/1999 best 15.211
  step 650/1999 best 15.116
  step 700/1999 best 15.136
  step 750/1999 best 15.177
  step 800/1999 best 15.153
  step 850/1999 best 15.215
  step 900/1999 best 15.199
  step 950/1999 best 15.273
  step 1000/1999 best 15.245
  step 1050/1999 best 15.122
  step 1100/1999 best 15.259
  step 1150/1999 best 15.247
  step 1200/1999 best 15.054
  step 1250/1999 best 15.202
  step 1300/1999 best 15.088
  step 1350/1999 best 15.240
  step 1400/1999 best 15.226
  step 1450/1999 best 15.105
  step 1500/1999 best 15.176
  step 1550/1999 best 15.200
  step 1600/1999 best 15.253
  step 1650/1999 best 15.236
  step 1700/1999 best 15.208
  step 1750/1999 best 15.171
  step 1800/1999 best 15.052
  step 1850/1999 best 15.211
  step 1900/1999 best 15.259
  step 1950/1999 best 15.090
saved SBC_CHAINS_cnn_vmim__n1_jitter_seed_s2_sim326_row312205_noise1881_2060_2239 (240000, 4) acc=0.296
  step 0/1999 best -25.324
  step 50/1999 best 7.483
  step 100/1999 best 9.355
  step 150/1999 best 15.835
  step 200/1999 best 16.501
  step 250/1999 best 16.253
  step 300/1999 best 16.484
  step 350/1999 best 16.523
  step 400/1999 best 16.287
  step 450/1999 best 16.577
  step 500/1999 best 16.434
  step 550/1999 best 16.484
  step 600/1999 best 16.465
  step 650/1999 best 16.406
  step 700/1999 best 16.487
  step 750/1999 best 16.690
  step 800/1999 best 16.593
  step 850/1999 best 16.710
  step 900/1999 best 16.702
  step 950/1999 best 16.515
  step 1000/1999 best 16.590
  step 1050/1999 best 16.484
  step 1100/1999 best 16.588
  step 1150/1999 best 16.665
  step 1200/1999 best 16.448
  step 1250/1999 best 16.554
  step 1300/1999 best 16.548
  step 1350/1999 best 16.502
  step 1400/1999 best 16.491
  step 1450/1999 best 16.662
  step 1500/1999 best 16.710
  step 1550/1999 best 16.659
  step 1600/1999 best 16.728
  step 1650/1999 best 16.750
  step 1700/1999 best 16.662
  step 1750/1999 best 16.563
  step 1800/1999 best 16.745
  step 1850/1999 best 16.457
  step 1900/1999 best 16.466
  step 1950/1999 best 16.702
saved SBC_CHAINS_cnn_vmim__n1_jitter_seed_s2_sim1521_row1298364_noise7852_8031_8210 (240000, 4) acc=0.195
  step 0/1999 best -22.143
  step 50/1999 best -3.827
  step 100/1999 best 7.302
  step 150/1999 best 8.375
  step 200/1999 best 10.395
  step 250/1999 best 11.951
  step 300/1999 best 12.014
  step 350/1999 best 12.723
  step 400/1999 best 12.452
  step 450/1999 best 12.461
  step 500/1999 best 12.572
  step 550/1999 best 12.628
  step 600/1999 best 12.516
  step 650/1999 best 12.737
  step 700/1999 best 12.666
  step 750/1999 best 12.465
  step 800/1999 best 12.549
  step 850/1999 best 12.343
  step 900/1999 best 12.699
  step 950/1999 best 12.730
  step 1000/1999 best 12.579
  step 1050/1999 best 12.699
  step 1100/1999 best 12.613
  step 1150/1999 best 12.706
  step 1200/1999 best 12.639
  step 1250/1999 best 12.551
  step 1300/1999 best 12.683
  step 1350/1999 best 12.611
  step 1400/1999 best 12.523
  step 1450/1999 best 12.489
  step 1500/1999 best 12.720
  step 1550/1999 best 12.678
  step 1600/1999 best 12.473
  step 1650/1999 best 12.615
  step 1700/1999 best 12.729
  step 1750/1999 best 12.650
  step 1800/1999 best 12.696
  step 1850/1999 best 12.638
  step 1900/1999 best 12.673
  step 1950/1999 best 12.565
saved SBC_CHAINS_cnn_vmim__n1_jitter_seed_s2_sim3106_row2701949_noise1301_1480_1659 (240000, 4) acc=0.233
  step 0/1999 best -15.928
  step 50/1999 best 2.215
  step 100/1999 best 12.822
  step 150/1999 best 13.858
  step 200/1999 best 13.753
  step 250/1999 best 14.807
  step 300/1999 best 15.164
  step 350/1999 best 15.109
  step 400/1999 best 15.421
  step 450/1999 best 15.309
  step 500/1999 best 15.262
  step 550/1999 best 15.312
  step 600/1999 best 15.377
  step 650/1999 best 15.379
  step 700/1999 best 15.384
  step 750/1999 best 15.413
  step 800/1999 best 15.295
  step 850/1999 best 15.399
  step 900/1999 best 15.251
  step 950/1999 best 15.346
  step 1000/1999 best 15.320
  step 1050/1999 best 15.392
  step 1100/1999 best 15.393
  step 1150/1999 best 15.311
  step 1200/1999 best 15.306
  step 1250/1999 best 15.316
  step 1300/1999 best 15.385
  step 1350/1999 best 15.334
  step 1400/1999 best 15.377
  step 1450/1999 best 15.344
  step 1500/1999 best 15.242
  step 1550/1999 best 15.398
  step 1600/1999 best 15.305
  step 1650/1999 best 15.353
  step 1700/1999 best 15.397
  step 1750/1999 best 15.306
  step 1800/1999 best 15.301
  step 1850/1999 best 15.335
  step 1900/1999 best 15.210
  step 1950/1999 best 15.252
saved SBC_CHAINS_cnn_vmim__n1_jitter_seed_s2_sim1417_row1199216_noise1984_2163_2342 (240000, 4) acc=0.339
  step 0/1999 best -17.584
  step 50/1999 best -5.546
  step 100/1999 best -2.799
  step 150/1999 best -0.763
  step 200/1999 best 6.833
  step 250/1999 best 11.028
  step 300/1999 best 15.756
  step 350/1999 best 16.052
  step 400/1999 best 15.323
  step 450/1999 best 16.237
  step 500/1999 best 15.460
  step 550/1999 best 16.265
  step 600/1999 best 16.479
  step 650/1999 best 16.827
  step 700/1999 best 17.190
  step 750/1999 best 17.013
  step 800/1999 best 17.061
  step 850/1999 best 17.167
  step 900/1999 best 16.967
  step 950/1999 best 16.780
  step 1000/1999 best 17.216
  step 1050/1999 best 16.936
  step 1100/1999 best 17.206
  step 1150/1999 best 17.139
  step 1200/1999 best 16.926
  step 1250/1999 best 17.053
  step 1300/1999 best 17.060
  step 1350/1999 best 16.969
  step 1400/1999 best 17.103
  step 1450/1999 best 17.152
  step 1500/1999 best 16.837
  step 1550/1999 best 17.072
  step 1600/1999 best 16.836
  step 1650/1999 best 17.195
  step 1700/1999 best 16.895
  step 1750/1999 best 16.943
  step 1800/1999 best 16.911
  step 1850/1999 best 16.909
  step 1900/1999 best 17.170
  step 1950/1999 best 17.021
saved SBC_CHAINS_cnn_vmim__n1_jitter_seed_s2_sim1270_row1088444_noise2632_2811_2990 (240000, 4) acc=0.189
  step 0/1999 best -22.386
  step 50/1999 best 4.683
  step 100/1999 best 12.436
  step 150/1999 best 13.272
  step 200/1999 best 13.628
  step 250/1999 best 13.951
  step 300/1999 best 13.939
  step 350/1999 best 13.879
  step 400/1999 best 13.863
  step 450/1999 best 13.926
  step 500/1999 best 13.739
  step 550/1999 best 13.789
  step 600/1999 best 13.935
  step 650/1999 best 13.804
  step 700/1999 best 13.933
  step 750/1999 best 13.938
  step 800/1999 best 13.870
  step 850/1999 best 13.921
  step 900/1999 best 13.902
  step 950/1999 best 13.747
  step 1000/1999 best 13.900
  step 1050/1999 best 13.822
  step 1100/1999 best 13.923
  step 1150/1999 best 13.903
  step 1200/1999 best 13.830
  step 1250/1999 best 13.919
  step 1300/1999 best 13.829
  step 1350/1999 best 13.940
  step 1400/1999 best 13.898
  step 1450/1999 best 13.701
  step 1500/1999 best 13.906
  step 1550/1999 best 13.872
  step 1600/1999 best 13.999
  step 1650/1999 best 13.863
  step 1700/1999 best 13.898
  step 1750/1999 best 13.841
  step 1800/1999 best 13.913
  step 1850/1999 best 13.880
  step 1900/1999 best 13.802
  step 1950/1999 best 13.934
saved SBC_CHAINS_cnn_vmim__n1_jitter_seed_s2_sim3002_row2597802_noise5262_5441_5620 (240000, 4) acc=0.416
  step 0/1999 best -9.162
  step 50/1999 best -5.467
  step 100/1999 best 2.751
  step 150/1999 best 9.116
  step 200/1999 best 12.463
  step 250/1999 best 13.960
  step 300/1999 best 14.354
  step 350/1999 best 14.623
  step 400/1999 best 14.809
  step 450/1999 best 14.863
  step 500/1999 best 14.954
  step 550/1999 best 14.842
  step 600/1999 best 14.718
  step 650/1999 best 14.830
  step 700/1999 best 14.542
  step 750/1999 best 14.895
  step 800/1999 best 14.838
  step 850/1999 best 14.809
  step 900/1999 best 14.807
  step 950/1999 best 14.915
  step 1000/1999 best 14.906
  step 1050/1999 best 14.944
  step 1100/1999 best 14.789
  step 1150/1999 best 14.939
  step 1200/1999 best 14.853
  step 1250/1999 best 14.831
  step 1300/1999 best 14.845
  step 1350/1999 best 14.842
  step 1400/1999 best 14.809
  step 1450/1999 best 14.842
  step 1500/1999 best 14.864
  step 1550/1999 best 14.921
  step 1600/1999 best 14.956
  step 1650/1999 best 14.768
  step 1700/1999 best 14.693
  step 1750/1999 best 14.913
  step 1800/1999 best 14.891
  step 1850/1999 best 14.904
  step 1900/1999 best 14.845
  step 1950/1999 best 14.783
saved SBC_CHAINS_cnn_vmim__n1_jitter_seed_s2_sim283_row269479_noise8295_8474_8653 (240000, 4) acc=0.310
  step 0/1999 best -20.891
  step 50/1999 best 0.299
  step 100/1999 best 10.064
  step 150/1999 best 11.731
  step 200/1999 best 12.420
  step 250/1999 best 12.964
  step 300/1999 best 13.242
  step 350/1999 best 12.694
  step 400/1999 best 13.169
  step 450/1999 best 13.019
  step 500/1999 best 13.187
  step 550/1999 best 12.996
  step 600/1999 best 13.200
  step 650/1999 best 13.172
  step 700/1999 best 13.228
  step 750/1999 best 13.233
  step 800/1999 best 13.208
  step 850/1999 best 13.240
  step 900/1999 best 13.253
  step 950/1999 best 13.337
  step 1000/1999 best 13.280
  step 1050/1999 best 12.879
  step 1100/1999 best 13.117
  step 1150/1999 best 13.133
  step 1200/1999 best 13.207
  step 1250/1999 best 13.299
  step 1300/1999 best 13.383
  step 1350/1999 best 13.231
  step 1400/1999 best 13.125
  step 1450/1999 best 13.356
  step 1500/1999 best 13.179
  step 1550/1999 best 13.277
  step 1600/1999 best 13.315
  step 1650/1999 best 13.218
  step 1700/1999 best 13.242
  step 1750/1999 best 13.228
  step 1800/1999 best 13.271
  step 1850/1999 best 13.309
  step 1900/1999 best 13.335
  step 1950/1999 best 13.211
saved SBC_CHAINS_cnn_vmim__n1_jitter_seed_s2_sim681_row632169_noise3037_3216_3395 (240000, 4) acc=0.170
  step 0/1999 best -16.642
  step 50/1999 best 5.211
  step 100/1999 best 15.699
  step 150/1999 best 15.937
  step 200/1999 best 16.981
  step 250/1999 best 17.008
  step 300/1999 best 16.518
  step 350/1999 best 16.910
  step 400/1999 best 17.068
  step 450/1999 best 17.054
  step 500/1999 best 16.832
  step 550/1999 best 16.990
  step 600/1999 best 16.981
  step 650/1999 best 16.946
  step 700/1999 best 17.047
  step 750/1999 best 16.917
  step 800/1999 best 17.019
  step 850/1999 best 16.955
  step 900/1999 best 16.919
  step 950/1999 best 16.886
  step 1000/1999 best 16.903
  step 1050/1999 best 17.033
  step 1100/1999 best 16.838
  step 1150/1999 best 16.996
  step 1200/1999 best 16.824
  step 1250/1999 best 17.027
  step 1300/1999 best 16.928
  step 1350/1999 best 16.971
  step 1400/1999 best 16.801
  step 1450/1999 best 16.977
  step 1500/1999 best 16.922
  step 1550/1999 best 16.954
  step 1600/1999 best 17.036
  step 1650/1999 best 17.058
  step 1700/1999 best 16.875
  step 1750/1999 best 17.039
  step 1800/1999 best 17.036
  step 1850/1999 best 17.064
  step 1900/1999 best 16.867
  step 1950/1999 best 16.968
saved SBC_CHAINS_cnn_vmim__n1_jitter_seed_s2_sim1370_row1178695_noise4603_4782_4961 (240000, 4) acc=0.219
  step 0/1999 best -28.999
  step 50/1999 best -8.033
  step 100/1999 best 5.413
  step 150/1999 best 11.072
  step 200/1999 best 13.260
  step 250/1999 best 14.233
  step 300/1999 best 14.314
  step 350/1999 best 14.080
  step 400/1999 best 14.342
  step 450/1999 best 14.375
  step 500/1999 best 14.398
  step 550/1999 best 14.295
  step 600/1999 best 14.421
  step 650/1999 best 14.363
  step 700/1999 best 14.276
  step 750/1999 best 14.248
  step 800/1999 best 14.218
  step 850/1999 best 14.189
  step 900/1999 best 14.383
  step 950/1999 best 14.295
  step 1000/1999 best 14.320
  step 1050/1999 best 14.408
  step 1100/1999 best 14.230
  step 1150/1999 best 14.401
  step 1200/1999 best 14.434
  step 1250/1999 best 14.385
  step 1300/1999 best 14.362
  step 1350/1999 best 14.301
  step 1400/1999 best 14.203
  step 1450/1999 best 14.292
  step 1500/1999 best 14.376
  step 1550/1999 best 14.339
  step 1600/1999 best 14.355
  step 1650/1999 best 14.433
  step 1700/1999 best 14.358
  step 1750/1999 best 14.398
  step 1800/1999 best 14.407
  step 1850/1999 best 14.390
  step 1900/1999 best 14.297
  step 1950/1999 best 14.374
saved SBC_CHAINS_cnn_vmim__n1_jitter_seed_s2_sim2986_row2581118_noise8234_8413_8592 (240000, 4) acc=0.263
  step 0/1999 best -25.051
  step 50/1999 best -0.383
  step 100/1999 best 14.570
  step 150/1999 best 14.412
  step 200/1999 best 15.031
  step 250/1999 best 15.385
  step 300/1999 best 15.333
  step 350/1999 best 15.291
  step 400/1999 best 15.244
  step 450/1999 best 15.284
  step 500/1999 best 15.431
  step 550/1999 best 15.345
  step 600/1999 best 15.338
  step 650/1999 best 15.392
  step 700/1999 best 15.338
  step 750/1999 best 15.310
  step 800/1999 best 15.396
  step 850/1999 best 15.350
  step 900/1999 best 15.274
  step 950/1999 best 15.358
  step 1000/1999 best 15.371
  step 1050/1999 best 15.237
  step 1100/1999 best 15.445
  step 1150/1999 best 15.355
  step 1200/1999 best 15.305
  step 1250/1999 best 15.392
  step 1300/1999 best 15.389
  step 1350/1999 best 15.373
  step 1400/1999 best 15.337
  step 1450/1999 best 15.427
  step 1500/1999 best 15.264
  step 1550/1999 best 15.361
  step 1600/1999 best 15.400
  step 1650/1999 best 15.318
  step 1700/1999 best 15.387
  step 1750/1999 best 15.220
  step 1800/1999 best 15.403
  step 1850/1999 best 15.400
  step 1900/1999 best 15.417
  step 1950/1999 best 15.439
saved SBC_CHAINS_cnn_vmim__n1_jitter_seed_s2_sim638_row591665_noise9673_24_203 (240000, 4) acc=0.299
  step 0/1999 best -19.810
  step 50/1999 best 6.181
  step 100/1999 best 13.123
  step 150/1999 best 14.196
  step 200/1999 best 14.573
  step 250/1999 best 15.086
  step 300/1999 best 15.130
  step 350/1999 best 15.080
  step 400/1999 best 15.012
  step 450/1999 best 15.076
  step 500/1999 best 15.105
  step 550/1999 best 15.067
  step 600/1999 best 15.124
  step 650/1999 best 15.151
  step 700/1999 best 15.212
  step 750/1999 best 15.059
  step 800/1999 best 15.091
  step 850/1999 best 15.238
  step 900/1999 best 15.053
  step 950/1999 best 15.092
  step 1000/1999 best 15.133
  step 1050/1999 best 15.104
  step 1100/1999 best 15.070
  step 1150/1999 best 15.150
  step 1200/1999 best 15.160
  step 1250/1999 best 14.878
  step 1300/1999 best 15.239
  step 1350/1999 best 15.097
  step 1400/1999 best 15.132
  step 1450/1999 best 15.204
  step 1500/1999 best 15.016
  step 1550/1999 best 15.212
  step 1600/1999 best 15.153
  step 1650/1999 best 15.051
  step 1700/1999 best 15.066
  step 1750/1999 best 15.193
  step 1800/1999 best 14.992
  step 1850/1999 best 14.982
  step 1900/1999 best 15.063
  step 1950/1999 best 15.187
saved SBC_CHAINS_cnn_vmim__n1_jitter_seed_s2_sim895_row844856_noise1508_1687_1866 (240000, 4) acc=0.325
  step 0/1999 best -21.482
  step 50/1999 best -3.278
  step 100/1999 best 0.633
  step 150/1999 best 11.673
  step 200/1999 best 12.523
  step 250/1999 best 12.589
  step 300/1999 best 12.463
  step 350/1999 best 13.896
  step 400/1999 best 14.051
  step 450/1999 best 13.963
  step 500/1999 best 13.381
  step 550/1999 best 14.650
  step 600/1999 best 14.892
  step 650/1999 best 14.744
  step 700/1999 best 14.655
  step 750/1999 best 14.660
  step 800/1999 best 15.036
  step 850/1999 best 14.839
  step 900/1999 best 14.813
  step 950/1999 best 15.078
  step 1000/1999 best 15.082
  step 1050/1999 best 15.085
  step 1100/1999 best 15.054
  step 1150/1999 best 14.955
  step 1200/1999 best 14.762
  step 1250/1999 best 15.059
  step 1300/1999 best 15.084
  step 1350/1999 best 14.996
  step 1400/1999 best 14.807
  step 1450/1999 best 14.774
  step 1500/1999 best 15.109
  step 1550/1999 best 15.027
  step 1600/1999 best 15.010
  step 1650/1999 best 15.023
  step 1700/1999 best 15.129
  step 1750/1999 best 15.102
  step 1800/1999 best 15.005
  step 1850/1999 best 14.921
  step 1900/1999 best 14.888
  step 1950/1999 best 14.946
saved SBC_CHAINS_cnn_vmim__n1_jitter_seed_s2_sim1936_row1547242_noise126_305_484 (240000, 4) acc=0.114
  step 0/1999 best -28.969
  step 50/1999 best 12.169
  step 100/1999 best 14.004
  step 150/1999 best 15.102
  step 200/1999 best 15.138
  step 250/1999 best 15.078
  step 300/1999 best 15.071
  step 350/1999 best 14.946
  step 400/1999 best 15.095
  step 450/1999 best 14.933
  step 500/1999 best 15.172
  step 550/1999 best 15.017
  step 600/1999 best 15.138
  step 650/1999 best 15.124
  step 700/1999 best 15.173
  step 750/1999 best 15.131
  step 800/1999 best 15.192
  step 850/1999 best 15.110
  step 900/1999 best 15.157
  step 950/1999 best 15.156
  step 1000/1999 best 15.074
  step 1050/1999 best 15.017
  step 1100/1999 best 15.232
  step 1150/1999 best 15.225
  step 1200/1999 best 15.195
  step 1250/1999 best 15.139
  step 1300/1999 best 15.109
  step 1350/1999 best 15.201
  step 1400/1999 best 15.201
  step 1450/1999 best 15.168
  step 1500/1999 best 14.941
  step 1550/1999 best 15.214
  step 1600/1999 best 15.127
  step 1650/1999 best 14.967
  step 1700/1999 best 15.043
  step 1750/1999 best 15.064
  step 1800/1999 best 15.131
  step 1850/1999 best 14.962
  step 1900/1999 best 15.127
  step 1950/1999 best 15.106
saved SBC_CHAINS_cnn_vmim__n1_jitter_seed_s2_sim752_row701942_noise6014_6193_6372 (240000, 4) acc=0.241
  step 0/1999 best -19.291
  step 50/1999 best 5.402
  step 100/1999 best 5.402
  step 150/1999 best 9.687
  step 200/1999 best 13.479
  step 250/1999 best 14.111
  step 300/1999 best 14.400
  step 350/1999 best 14.336
  step 400/1999 best 14.303
  step 450/1999 best 14.296
  step 500/1999 best 14.300
  step 550/1999 best 14.349
  step 600/1999 best 14.186
  step 650/1999 best 14.306
  step 700/1999 best 14.328
  step 750/1999 best 14.338
  step 800/1999 best 14.150
  step 850/1999 best 14.259
  step 900/1999 best 14.367
  step 950/1999 best 14.440
  step 1000/1999 best 14.282
  step 1050/1999 best 14.168
  step 1100/1999 best 14.389
  step 1150/1999 best 14.299
  step 1200/1999 best 14.401
  step 1250/1999 best 14.131
  step 1300/1999 best 14.435
  step 1350/1999 best 14.315
  step 1400/1999 best 14.335
  step 1450/1999 best 14.340
  step 1500/1999 best 14.217
  step 1550/1999 best 14.305
  step 1600/1999 best 14.340
  step 1650/1999 best 14.324
  step 1700/1999 best 14.390
  step 1750/1999 best 14.279
  step 1800/1999 best 14.343
  step 1850/1999 best 14.365
  step 1900/1999 best 14.316
  step 1950/1999 best 14.338
saved SBC_CHAINS_cnn_vmim__n1_jitter_seed_s2_sim2913_row2508340_noise4252_4431_4610 (240000, 4) acc=0.315
  step 0/1999 best -26.257
  step 50/1999 best 0.311
  step 100/1999 best 2.188
  step 150/1999 best 8.435
  step 200/1999 best 9.790
  step 250/1999 best 10.310
  step 300/1999 best 10.239
  step 350/1999 best 10.641
  step 400/1999 best 10.654
  step 450/1999 best 10.896
  step 500/1999 best 10.671
  step 550/1999 best 10.600
  step 600/1999 best 10.616
  step 650/1999 best 10.709
  step 700/1999 best 10.659
  step 750/1999 best 10.777
  step 800/1999 best 10.718
  step 850/1999 best 10.803
  step 900/1999 best 10.671
  step 950/1999 best 10.908
  step 1000/1999 best 10.763
  step 1050/1999 best 10.733
  step 1100/1999 best 10.836
  step 1150/1999 best 10.828
  step 1200/1999 best 10.770
  step 1250/1999 best 10.893
  step 1300/1999 best 10.793
  step 1350/1999 best 10.835
  step 1400/1999 best 10.879
  step 1450/1999 best 10.813
  step 1500/1999 best 10.823
  step 1550/1999 best 10.846
  step 1600/1999 best 10.899
  step 1650/1999 best 10.873
  step 1700/1999 best 10.844
  step 1750/1999 best 10.735
  step 1800/1999 best 10.847
  step 1850/1999 best 10.854
  step 1900/1999 best 10.793
  step 1950/1999 best 10.621
saved SBC_CHAINS_cnn_vmim__n1_jitter_seed_s2_sim2845_row2440826_noise5534_5713_5892 (240000, 4) acc=0.250
  step 0/1999 best -11.858
  step 50/1999 best -0.706
  step 100/1999 best 8.917
  step 150/1999 best 10.400
  step 200/1999 best 12.022
  step 250/1999 best 12.051
  step 300/1999 best 12.153
  step 350/1999 best 12.654
  step 400/1999 best 12.772
  step 450/1999 best 12.652
  step 500/1999 best 12.605
  step 550/1999 best 12.572
  step 600/1999 best 12.673
  step 650/1999 best 12.598
  step 700/1999 best 12.761
  step 750/1999 best 12.785
  step 800/1999 best 12.717
  step 850/1999 best 12.742
  step 900/1999 best 12.621
  step 950/1999 best 12.480
  step 1000/1999 best 12.761
  step 1050/1999 best 12.568
  step 1100/1999 best 12.765
  step 1150/1999 best 12.580
  step 1200/1999 best 12.503
  step 1250/1999 best 12.720
  step 1300/1999 best 12.610
  step 1350/1999 best 12.751
  step 1400/1999 best 12.697
  step 1450/1999 best 12.764
  step 1500/1999 best 12.602
  step 1550/1999 best 12.712
  step 1600/1999 best 12.611
  step 1650/1999 best 12.697
  step 1700/1999 best 12.499
  step 1750/1999 best 12.701
  step 1800/1999 best 12.719
  step 1850/1999 best 12.778
  step 1900/1999 best 12.705
  step 1950/1999 best 12.809
saved SBC_CHAINS_cnn_vmim__n1_jitter_seed_s2_sim3007_row2602000_noise9460_9639_9818 (240000, 4) acc=0.313
  step 0/1999 best -24.976
  step 50/1999 best -9.336
  step 100/1999 best 1.000
  step 150/1999 best 6.144
  step 200/1999 best 8.826
  step 250/1999 best 12.166
  step 300/1999 best 12.363
  step 350/1999 best 12.222
  step 400/1999 best 12.517
  step 450/1999 best 12.601
  step 500/1999 best 12.421
  step 550/1999 best 12.410
  step 600/1999 best 12.644
  step 650/1999 best 12.610
  step 700/1999 best 12.583
  step 750/1999 best 12.549
  step 800/1999 best 12.504
  step 850/1999 best 12.563
  step 900/1999 best 12.416
  step 950/1999 best 12.566
  step 1000/1999 best 12.555
  step 1050/1999 best 12.488
  step 1100/1999 best 12.568
  step 1150/1999 best 12.577
  step 1200/1999 best 12.517
  step 1250/1999 best 12.630
  step 1300/1999 best 12.674
  step 1350/1999 best 12.537
  step 1400/1999 best 12.502
  step 1450/1999 best 12.408
  step 1500/1999 best 12.590
  step 1550/1999 best 12.599
  step 1600/1999 best 12.529
  step 1650/1999 best 12.479
  step 1700/1999 best 12.278
  step 1750/1999 best 12.495
  step 1800/1999 best 12.631
  step 1850/1999 best 12.509
  step 1900/1999 best 12.571
  step 1950/1999 best 12.526
saved SBC_CHAINS_cnn_vmim__n1_jitter_seed_s2_sim2518_row2117110_noise2142_2321_2500 (240000, 4) acc=0.284
  step 0/1999 best -5.438
  step 50/1999 best 8.971
  step 100/1999 best 14.896
  step 150/1999 best 15.826
  step 200/1999 best 15.088
  step 250/1999 best 15.793
  step 300/1999 best 16.113
  step 350/1999 best 16.055
  step 400/1999 best 16.136
  step 450/1999 best 15.968
  step 500/1999 best 16.050
  step 550/1999 best 15.938
  step 600/1999 best 16.048
  step 650/1999 best 15.843
  step 700/1999 best 16.221
  step 750/1999 best 16.110
  step 800/1999 best 16.127
  step 850/1999 best 16.036
  step 900/1999 best 16.191
  step 950/1999 best 16.105
  step 1000/1999 best 15.995
  step 1050/1999 best 16.152
  step 1100/1999 best 16.181
  step 1150/1999 best 16.110
  step 1200/1999 best 16.069
  step 1250/1999 best 16.223
  step 1300/1999 best 16.174
  step 1350/1999 best 16.016
  step 1400/1999 best 16.176
  step 1450/1999 best 16.061
  step 1500/1999 best 16.086
  step 1550/1999 best 16.107
  step 1600/1999 best 16.066
  step 1650/1999 best 16.090
  step 1700/1999 best 16.215
  step 1750/1999 best 16.195
  step 1800/1999 best 16.155
  step 1850/1999 best 16.128
  step 1900/1999 best 16.241
  step 1950/1999 best 16.131
saved SBC_CHAINS_cnn_vmim__n1_jitter_seed_s2_sim1981_row1592656_noise6228_6407_6586 (240000, 4) acc=0.317
  step 0/1999 best -17.896
  step 50/1999 best -2.286
  step 100/1999 best 6.125
  step 150/1999 best 7.892
  step 200/1999 best 14.043
  step 250/1999 best 13.971
  step 300/1999 best 13.999
  step 350/1999 best 14.161
  step 400/1999 best 14.148
  step 450/1999 best 14.100
  step 500/1999 best 14.118
  step 550/1999 best 14.218
  step 600/1999 best 14.257
  step 650/1999 best 14.116
  step 700/1999 best 14.124
  step 750/1999 best 14.240
  step 800/1999 best 14.132
  step 850/1999 best 14.053
  step 900/1999 best 14.129
  step 950/1999 best 13.973
  step 1000/1999 best 14.251
  step 1050/1999 best 14.177
  step 1100/1999 best 14.289
  step 1150/1999 best 14.271
  step 1200/1999 best 14.033
  step 1250/1999 best 14.224
  step 1300/1999 best 14.072
  step 1350/1999 best 14.096
  step 1400/1999 best 14.204
  step 1450/1999 best 14.001
  step 1500/1999 best 14.194
  step 1550/1999 best 14.287
  step 1600/1999 best 14.225
  step 1650/1999 best 14.254
  step 1700/1999 best 14.031
  step 1750/1999 best 14.190
  step 1800/1999 best 14.161
  step 1850/1999 best 14.048
  step 1900/1999 best 14.158
  step 1950/1999 best 14.169
saved SBC_CHAINS_cnn_vmim__n1_jitter_seed_s2_sim404_row382726_noise1778_1957_2136 (240000, 4) acc=0.189
  step 0/1999 best -14.937
  step 50/1999 best -6.751
  step 100/1999 best 0.073
  step 150/1999 best 8.390
  step 200/1999 best 13.977
  step 250/1999 best 13.104
  step 300/1999 best 13.826
  step 350/1999 best 13.886
  step 400/1999 best 13.983
  step 450/1999 best 14.014
  step 500/1999 best 14.240
  step 550/1999 best 13.913
  step 600/1999 best 14.160
  step 650/1999 best 14.102
  step 700/1999 best 14.090
  step 750/1999 best 14.130
  step 800/1999 best 14.185
  step 850/1999 best 14.174
  step 900/1999 best 14.209
  step 950/1999 best 14.026
  step 1000/1999 best 14.231
  step 1050/1999 best 14.229
  step 1100/1999 best 14.257
  step 1150/1999 best 14.170
  step 1200/1999 best 14.145
  step 1250/1999 best 14.239
  step 1300/1999 best 14.153
  step 1350/1999 best 14.219
  step 1400/1999 best 14.113
  step 1450/1999 best 13.971
  step 1500/1999 best 14.257
  step 1550/1999 best 14.239
  step 1600/1999 best 14.067
  step 1650/1999 best 14.169
  step 1700/1999 best 14.173
  step 1750/1999 best 14.252
  step 1800/1999 best 14.203
  step 1850/1999 best 14.182
  step 1900/1999 best 14.132
  step 1950/1999 best 14.075
saved SBC_CHAINS_cnn_vmim__n1_jitter_seed_s2_sim2908_row2503000_noise8740_8919_9098 (240000, 4) acc=0.240
  step 0/1999 best -19.755
  step 50/1999 best 7.925
  step 100/1999 best 9.289
  step 150/1999 best 11.463
  step 200/1999 best 13.635
  step 250/1999 best 13.397
  step 300/1999 best 14.024
  step 350/1999 best 13.873
  step 400/1999 best 13.942
  step 450/1999 best 14.124
  step 500/1999 best 13.895
  step 550/1999 best 14.228
  step 600/1999 best 13.979
  step 650/1999 best 14.076
  step 700/1999 best 14.208
  step 750/1999 best 13.931
  step 800/1999 best 14.124
  step 850/1999 best 14.214
  step 900/1999 best 14.269
  step 950/1999 best 13.983
  step 1000/1999 best 14.127
  step 1050/1999 best 14.083
  step 1100/1999 best 14.228
  step 1150/1999 best 14.035
  step 1200/1999 best 14.110
  step 1250/1999 best 13.933
  step 1300/1999 best 14.168
  step 1350/1999 best 14.015
  step 1400/1999 best 14.165
  step 1450/1999 best 14.165
  step 1500/1999 best 14.241
  step 1550/1999 best 14.239
  step 1600/1999 best 14.141
  step 1650/1999 best 14.226
  step 1700/1999 best 14.172
  step 1750/1999 best 14.269
  step 1800/1999 best 14.130
  step 1850/1999 best 14.199
  step 1900/1999 best 14.207
  step 1950/1999 best 14.074
saved SBC_CHAINS_cnn_vmim__n1_jitter_seed_s2_sim914_row863022_noise18_197_376 (240000, 4) acc=0.178
  step 0/1999 best -10.046
  step 50/1999 best 0.125
  step 100/1999 best 9.789
  step 150/1999 best 11.827
  step 200/1999 best 14.514
  step 250/1999 best 14.409
  step 300/1999 best 14.945
  step 350/1999 best 14.805
  step 400/1999 best 14.777
  step 450/1999 best 14.750
  step 500/1999 best 14.918
  step 550/1999 best 14.925
  step 600/1999 best 14.899
  step 650/1999 best 14.953
  step 700/1999 best 14.778
  step 750/1999 best 14.820
  step 800/1999 best 14.860
  step 850/1999 best 14.815
  step 900/1999 best 14.791
  step 950/1999 best 14.880
  step 1000/1999 best 14.961
  step 1050/1999 best 14.755
  step 1100/1999 best 14.872
  step 1150/1999 best 14.932
  step 1200/1999 best 14.909
  step 1250/1999 best 14.914
  step 1300/1999 best 14.856
  step 1350/1999 best 14.773
  step 1400/1999 best 14.811
  step 1450/1999 best 14.781
  step 1500/1999 best 14.816
  step 1550/1999 best 14.820
  step 1600/1999 best 14.747
  step 1650/1999 best 14.946
  step 1700/1999 best 14.796
  step 1750/1999 best 14.867
  step 1800/1999 best 14.911
  step 1850/1999 best 14.880
  step 1900/1999 best 14.822
  step 1950/1999 best 14.797
saved SBC_CHAINS_cnn_vmim__n1_jitter_seed_s2_sim1213_row1031559_noise4715_4894_5073 (240000, 4) acc=0.243
  step 0/1999 best -22.643
  step 50/1999 best -1.141
  step 100/1999 best 6.166
  step 150/1999 best 11.867
  step 200/1999 best 13.192
  step 250/1999 best 14.825
  step 300/1999 best 15.631
  step 350/1999 best 15.539
  step 400/1999 best 15.536
  step 450/1999 best 15.484
  step 500/1999 best 15.652
  step 550/1999 best 15.685
  step 600/1999 best 15.606
  step 650/1999 best 15.767
  step 700/1999 best 15.803
  step 750/1999 best 15.669
  step 800/1999 best 15.544
  step 850/1999 best 15.782
  step 900/1999 best 15.542
  step 950/1999 best 15.391
  step 1000/1999 best 15.566
  step 1050/1999 best 15.654
  step 1100/1999 best 15.605
  step 1150/1999 best 15.698
  step 1200/1999 best 15.661
  step 1250/1999 best 15.780
  step 1300/1999 best 15.765
  step 1350/1999 best 15.693
  step 1400/1999 best 15.719
  step 1450/1999 best 15.686
  step 1500/1999 best 15.659
  step 1550/1999 best 15.659
  step 1600/1999 best 15.638
  step 1650/1999 best 15.634
  step 1700/1999 best 15.719
  step 1750/1999 best 15.764
  step 1800/1999 best 15.717
  step 1850/1999 best 15.659
  step 1900/1999 best 15.634
  step 1950/1999 best 15.671
saved SBC_CHAINS_cnn_vmim__n1_jitter_seed_s2_sim97_row96852_noise9400_9579_9758 (240000, 4) acc=0.250
  step 0/1999 best -12.413
  step 50/1999 best 5.198
  step 100/1999 best 11.875
  step 150/1999 best 16.789
  step 200/1999 best 17.101
  step 250/1999 best 17.230
  step 300/1999 best 16.950
  step 350/1999 best 17.090
  step 400/1999 best 17.243
  step 450/1999 best 17.224
  step 500/1999 best 17.181
  step 550/1999 best 17.293
  step 600/1999 best 17.211
  step 650/1999 best 17.310
  step 700/1999 best 17.230
  step 750/1999 best 17.161
  step 800/1999 best 17.275
  step 850/1999 best 17.208
  step 900/1999 best 17.092
  step 950/1999 best 17.242
  step 1000/1999 best 17.251
  step 1050/1999 best 17.344
  step 1100/1999 best 17.232
  step 1150/1999 best 17.150
  step 1200/1999 best 17.067
  step 1250/1999 best 17.277
  step 1300/1999 best 17.342
  step 1350/1999 best 17.177
  step 1400/1999 best 17.095
  step 1450/1999 best 17.203
  step 1500/1999 best 17.092
  step 1550/1999 best 17.239
  step 1600/1999 best 17.253
  step 1650/1999 best 17.300
  step 1700/1999 best 17.231
  step 1750/1999 best 17.293
  step 1800/1999 best 17.303
  step 1850/1999 best 17.172
  step 1900/1999 best 17.323
  step 1950/1999 best 17.249
saved SBC_CHAINS_cnn_vmim__n1_jitter_seed_s2_sim267_row253888_noise2532_2711_2890 (240000, 4) acc=0.294
  step 0/1999 best -14.112
  step 50/1999 best 12.062
  step 100/1999 best 14.020
  step 150/1999 best 14.531
  step 200/1999 best 14.822
  step 250/1999 best 15.240
  step 300/1999 best 14.943
  step 350/1999 best 15.348
  step 400/1999 best 15.487
  step 450/1999 best 15.149
  step 500/1999 best 15.514
  step 550/1999 best 15.546
  step 600/1999 best 15.530
  step 650/1999 best 15.525
  step 700/1999 best 15.602
  step 750/1999 best 15.496
  step 800/1999 best 15.449
  step 850/1999 best 15.469
  step 900/1999 best 15.284
  step 950/1999 best 15.621
  step 1000/1999 best 15.541
  step 1050/1999 best 15.346
  step 1100/1999 best 15.613
  step 1150/1999 best 15.595
  step 1200/1999 best 15.569
  step 1250/1999 best 15.517
  step 1300/1999 best 15.434
  step 1350/1999 best 15.437
  step 1400/1999 best 15.401
  step 1450/1999 best 15.462
  step 1500/1999 best 15.603
  step 1550/1999 best 15.473
  step 1600/1999 best 15.551
  step 1650/1999 best 15.412
  step 1700/1999 best 15.358
  step 1750/1999 best 15.398
  step 1800/1999 best 15.619
  step 1850/1999 best 15.430
  step 1900/1999 best 15.658
  step 1950/1999 best 15.434
saved SBC_CHAINS_cnn_vmim__n1_jitter_seed_s2_sim915_row864527_noise1523_1702_1881 (240000, 4) acc=0.176
  step 0/1999 best -27.537
  step 50/1999 best -5.293
  step 100/1999 best 7.584
  step 150/1999 best 8.029
  step 200/1999 best 8.918
  step 250/1999 best 9.345
  step 300/1999 best 9.617
  step 350/1999 best 9.721
  step 400/1999 best 9.559
  step 450/1999 best 9.725
  step 500/1999 best 9.701
  step 550/1999 best 9.571
  step 600/1999 best 9.662
  step 650/1999 best 9.713
  step 700/1999 best 9.752
  step 750/1999 best 9.737
  step 800/1999 best 9.816
  step 850/1999 best 9.824
  step 900/1999 best 9.767
  step 950/1999 best 9.863
  step 1000/1999 best 9.578
  step 1050/1999 best 9.836
  step 1100/1999 best 9.807
  step 1150/1999 best 9.872
  step 1200/1999 best 9.666
  step 1250/1999 best 9.644
  step 1300/1999 best 9.788
  step 1350/1999 best 9.778
  step 1400/1999 best 9.721
  step 1450/1999 best 9.812
  step 1500/1999 best 9.755
  step 1550/1999 best 9.855
  step 1600/1999 best 9.763
  step 1650/1999 best 9.819
  step 1700/1999 best 9.782
  step 1750/1999 best 9.855
  step 1800/1999 best 9.857
  step 1850/1999 best 9.811
  step 1900/1999 best 9.540
  step 1950/1999 best 9.844
saved SBC_CHAINS_cnn_vmim__n1_jitter_seed_s2_sim2851_row2446413_noise1293_1472_1651 (240000, 4) acc=0.220
  step 0/1999 best -21.970
  step 50/1999 best -5.693
  step 100/1999 best 12.652
  step 150/1999 best 12.831
  step 200/1999 best 12.416
  step 250/1999 best 12.884
  step 300/1999 best 13.014
  step 350/1999 best 13.172
  step 400/1999 best 13.190
  step 450/1999 best 13.057
  step 500/1999 best 12.897
  step 550/1999 best 12.986
  step 600/1999 best 13.197
  step 650/1999 best 13.224
  step 700/1999 best 13.225
  step 750/1999 best 13.213
  step 800/1999 best 13.135
  step 850/1999 best 13.218
  step 900/1999 best 13.103
  step 950/1999 best 13.146
  step 1000/1999 best 13.235
  step 1050/1999 best 13.175
  step 1100/1999 best 13.267
  step 1150/1999 best 13.136
  step 1200/1999 best 13.196
  step 1250/1999 best 13.168
  step 1300/1999 best 13.121
  step 1350/1999 best 13.167
  step 1400/1999 best 13.240
  step 1450/1999 best 13.184
  step 1500/1999 best 13.251
  step 1550/1999 best 13.080
  step 1600/1999 best 13.285
  step 1650/1999 best 13.202
  step 1700/1999 best 13.174
  step 1750/1999 best 13.236
  step 1800/1999 best 13.137
  step 1850/1999 best 13.283
  step 1900/1999 best 13.029
  step 1950/1999 best 13.156
saved SBC_CHAINS_cnn_vmim__n1_jitter_seed_s2_sim2377_row1976052_noise8504_8683_8862 (240000, 4) acc=0.267
  step 0/1999 best -22.662
  step 50/1999 best -6.462
  step 100/1999 best 2.900
  step 150/1999 best 5.096
  step 200/1999 best 8.518
  step 250/1999 best 10.800
  step 300/1999 best 8.934
  step 350/1999 best 11.273
  step 400/1999 best 11.281
  step 450/1999 best 11.695
  step 500/1999 best 11.629
  step 550/1999 best 11.732
  step 600/1999 best 11.688
  step 650/1999 best 11.720
  step 700/1999 best 11.782
  step 750/1999 best 11.666
  step 800/1999 best 11.641
  step 850/1999 best 11.766
  step 900/1999 best 11.729
  step 950/1999 best 11.667
  step 1000/1999 best 11.522
  step 1050/1999 best 11.763
  step 1100/1999 best 11.534
  step 1150/1999 best 11.727
  step 1200/1999 best 11.709
  step 1250/1999 best 11.727
  step 1300/1999 best 11.779
  step 1350/1999 best 11.714
  step 1400/1999 best 11.741
  step 1450/1999 best 11.725
  step 1500/1999 best 11.643
  step 1550/1999 best 11.733
  step 1600/1999 best 11.841
  step 1650/1999 best 11.665
  step 1700/1999 best 11.763
  step 1750/1999 best 11.793
  step 1800/1999 best 11.752
  step 1850/1999 best 11.753
  step 1900/1999 best 11.694
  step 1950/1999 best 11.753
saved SBC_CHAINS_cnn_vmim__n1_jitter_seed_s2_sim2395_row1994115_noise6911_7090_7269 (240000, 4) acc=0.229
  step 0/1999 best -19.356
  step 50/1999 best -10.825
  step 100/1999 best 2.926
  step 150/1999 best 11.442
  step 200/1999 best 12.943
  step 250/1999 best 13.302
  step 300/1999 best 13.302
  step 350/1999 best 13.747
  step 400/1999 best 13.279
  step 450/1999 best 14.524
  step 500/1999 best 15.575
  step 550/1999 best 15.272
  step 600/1999 best 15.562
  step 650/1999 best 15.610
  step 700/1999 best 15.698
  step 750/1999 best 15.458
  step 800/1999 best 15.517
  step 850/1999 best 15.556
  step 900/1999 best 15.454
  step 950/1999 best 15.560
  step 1000/1999 best 15.537
  step 1050/1999 best 15.393
  step 1100/1999 best 15.629
  step 1150/1999 best 15.645
  step 1200/1999 best 15.483
  step 1250/1999 best 15.478
  step 1300/1999 best 15.656
  step 1350/1999 best 15.430
  step 1400/1999 best 15.251
  step 1450/1999 best 15.640
  step 1500/1999 best 15.540
  step 1550/1999 best 15.654
  step 1600/1999 best 15.656
  step 1650/1999 best 15.430
  step 1700/1999 best 15.676
  step 1750/1999 best 15.423
  step 1800/1999 best 15.467
  step 1850/1999 best 15.531
  step 1900/1999 best 15.652
  step 1950/1999 best 15.423
saved SBC_CHAINS_cnn_vmim__n1_jitter_seed_s2_sim2086_row1696052_noise2516_2695_2874 (240000, 4) acc=0.172
  step 0/1999 best -26.453
  step 50/1999 best 4.963
  step 100/1999 best 9.237
  step 150/1999 best 13.972
  step 200/1999 best 14.189
  step 250/1999 best 14.368
  step 300/1999 best 14.255
  step 350/1999 best 14.469
  step 400/1999 best 14.411
  step 450/1999 best 14.409
  step 500/1999 best 14.558
  step 550/1999 best 14.497
  step 600/1999 best 14.406
  step 650/1999 best 14.370
  step 700/1999 best 14.424
  step 750/1999 best 14.339
  step 800/1999 best 14.318
  step 850/1999 best 14.427
  step 900/1999 best 14.486
  step 950/1999 best 14.429
  step 1000/1999 best 14.439
  step 1050/1999 best 14.498
  step 1100/1999 best 14.498
  step 1150/1999 best 14.499
  step 1200/1999 best 14.463
  step 1250/1999 best 14.416
  step 1300/1999 best 14.492
  step 1350/1999 best 14.496
  step 1400/1999 best 14.471
  step 1450/1999 best 14.496
  step 1500/1999 best 14.478
  step 1550/1999 best 14.525
  step 1600/1999 best 14.465
  step 1650/1999 best 14.424
  step 1700/1999 best 14.413
  step 1750/1999 best 14.370
  step 1800/1999 best 14.501
  step 1850/1999 best 14.508
  step 1900/1999 best 14.401
  step 1950/1999 best 14.535
saved SBC_CHAINS_cnn_vmim__n1_jitter_seed_s2_sim2985_row2580026_noise7142_7321_7500 (240000, 4) acc=0.339
  step 0/1999 best -14.737
  step 50/1999 best 0.219
  step 100/1999 best 6.169
  step 150/1999 best 4.094
  step 200/1999 best 10.824
  step 250/1999 best 11.906
  step 300/1999 best 16.191
  step 350/1999 best 16.652
  step 400/1999 best 16.955
  step 450/1999 best 16.869
  step 500/1999 best 16.183
  step 550/1999 best 17.046
  step 600/1999 best 16.775
  step 650/1999 best 16.227
  step 700/1999 best 16.774
  step 750/1999 best 16.991
  step 800/1999 best 16.569
  step 850/1999 best 16.424
  step 900/1999 best 17.051
  step 950/1999 best 17.161
  step 1000/1999 best 17.012
  step 1050/1999 best 17.151
  step 1100/1999 best 16.434
  step 1150/1999 best 17.154
  step 1200/1999 best 16.957
  step 1250/1999 best 16.926
  step 1300/1999 best 16.986
  step 1350/1999 best 16.847
  step 1400/1999 best 16.992
  step 1450/1999 best 17.119
  step 1500/1999 best 17.023
  step 1550/1999 best 16.998
  step 1600/1999 best 17.022
  step 1650/1999 best 16.948
  step 1700/1999 best 16.972
  step 1750/1999 best 17.196
  step 1800/1999 best 17.059
  step 1850/1999 best 17.024
  step 1900/1999 best 16.929
  step 1950/1999 best 17.169
saved SBC_CHAINS_cnn_vmim__n1_jitter_seed_s2_sim184_row175744_noise7840_8019_8198 (240000, 4) acc=0.170
  step 0/1999 best -15.239
  step 50/1999 best 17.004
  step 100/1999 best 17.096
  step 150/1999 best 17.265
  step 200/1999 best 17.521
  step 250/1999 best 17.839
  step 300/1999 best 17.778
  step 350/1999 best 17.530
  step 400/1999 best 17.378
  step 450/1999 best 17.748
  step 500/1999 best 17.738
  step 550/1999 best 17.767
  step 600/1999 best 17.683
  step 650/1999 best 17.654
  step 700/1999 best 17.760
  step 750/1999 best 17.729
  step 800/1999 best 17.773
  step 850/1999 best 17.726
  step 900/1999 best 17.647
  step 950/1999 best 17.756
  step 1000/1999 best 17.494
  step 1050/1999 best 17.733
  step 1100/1999 best 17.778
  step 1150/1999 best 17.713
  step 1200/1999 best 17.713
  step 1250/1999 best 17.487
  step 1300/1999 best 17.519
  step 1350/1999 best 17.723
  step 1400/1999 best 17.831
  step 1450/1999 best 17.817
  step 1500/1999 best 17.711
  step 1550/1999 best 17.885
  step 1600/1999 best 17.759
  step 1650/1999 best 17.814
  step 1700/1999 best 17.889
  step 1750/1999 best 17.719
  step 1800/1999 best 17.770
  step 1850/1999 best 17.711
  step 1900/1999 best 17.810
  step 1950/1999 best 17.624
saved SBC_CHAINS_cnn_vmim__n1_jitter_seed_s2_sim1281_row1098049_noise3409_3588_3767 (240000, 4) acc=0.246
  step 0/1999 best -30.279
  step 50/1999 best -2.940
  step 100/1999 best 11.565
  step 150/1999 best 13.975
  step 200/1999 best 14.221
  step 250/1999 best 14.315
  step 300/1999 best 14.149
  step 350/1999 best 14.317
  step 400/1999 best 14.245
  step 450/1999 best 14.345
  step 500/1999 best 14.090
  step 550/1999 best 14.246
  step 600/1999 best 14.175
  step 650/1999 best 14.231
  step 700/1999 best 14.351
  step 750/1999 best 14.269
  step 800/1999 best 14.269
  step 850/1999 best 14.261
  step 900/1999 best 14.292
  step 950/1999 best 14.211
  step 1000/1999 best 14.037
  step 1050/1999 best 14.322
  step 1100/1999 best 14.246
  step 1150/1999 best 14.337
  step 1200/1999 best 14.343
  step 1250/1999 best 14.284
  step 1300/1999 best 14.364
  step 1350/1999 best 14.262
  step 1400/1999 best 14.296
  step 1450/1999 best 14.133
  step 1500/1999 best 14.348
  step 1550/1999 best 14.157
  step 1600/1999 best 14.323
  step 1650/1999 best 14.293
  step 1700/1999 best 14.299
  step 1750/1999 best 14.202
  step 1800/1999 best 14.077
  step 1850/1999 best 14.238
  step 1900/1999 best 14.313
  step 1950/1999 best 14.333
saved SBC_CHAINS_cnn_vmim__n1_jitter_seed_s2_sim3063_row2658802_noise7294_7473_7652 (240000, 4) acc=0.441
  step 0/1999 best -13.833
  step 50/1999 best 2.665
  step 100/1999 best 14.712
  step 150/1999 best 13.781
  step 200/1999 best 15.209
  step 250/1999 best 16.209
  step 300/1999 best 16.037
  step 350/1999 best 16.090
  step 400/1999 best 16.195
  step 450/1999 best 16.301
  step 500/1999 best 16.246
  step 550/1999 best 16.193
  step 600/1999 best 16.226
  step 650/1999 best 16.406
  step 700/1999 best 16.308
  step 750/1999 best 16.429
  step 800/1999 best 16.366
  step 850/1999 best 16.183
  step 900/1999 best 16.436
  step 950/1999 best 16.174
  step 1000/1999 best 16.339
  step 1050/1999 best 16.247
  step 1100/1999 best 16.400
  step 1150/1999 best 16.316
  step 1200/1999 best 16.354
  step 1250/1999 best 16.184
  step 1300/1999 best 16.257
  step 1350/1999 best 16.270
  step 1400/1999 best 16.434
  step 1450/1999 best 16.336
  step 1500/1999 best 16.375
  step 1550/1999 best 16.311
  step 1600/1999 best 16.357
  step 1650/1999 best 16.240
  step 1700/1999 best 16.365
  step 1750/1999 best 16.413
  step 1800/1999 best 16.422
  step 1850/1999 best 16.324
  step 1900/1999 best 16.297
  step 1950/1999 best 16.447
saved SBC_CHAINS_cnn_vmim__n1_jitter_seed_s2_sim802_row751296_noise6228_6407_6586 (240000, 4) acc=0.238
  step 0/1999 best -14.394
  step 50/1999 best -1.312
  step 100/1999 best 5.075
  step 150/1999 best 15.675
  step 200/1999 best 16.579
  step 250/1999 best 17.031
  step 300/1999 best 17.207
  step 350/1999 best 16.046
  step 400/1999 best 17.313
  step 450/1999 best 17.048
  step 500/1999 best 17.077
  step 550/1999 best 17.305
  step 600/1999 best 17.212
  step 650/1999 best 17.143
  step 700/1999 best 17.046
  step 750/1999 best 17.427
  step 800/1999 best 16.870
  step 850/1999 best 17.323
  step 900/1999 best 17.141
  step 950/1999 best 17.366
  step 1000/1999 best 17.346
  step 1050/1999 best 17.284
  step 1100/1999 best 17.456
  step 1150/1999 best 17.263
  step 1200/1999 best 17.200
  step 1250/1999 best 17.463
  step 1300/1999 best 17.461
  step 1350/1999 best 17.278
  step 1400/1999 best 17.480
  step 1450/1999 best 17.270
  step 1500/1999 best 17.291
  step 1550/1999 best 17.183
  step 1600/1999 best 17.269
  step 1650/1999 best 17.239
  step 1700/1999 best 17.405
  step 1750/1999 best 17.370
  step 1800/1999 best 17.090
  step 1850/1999 best 17.177
  step 1900/1999 best 17.369
  step 1950/1999 best 17.374
saved SBC_CHAINS_cnn_vmim__n1_jitter_seed_s2_sim1204_row1022137_noise5121_5300_5479 (240000, 4) acc=0.174
  step 0/1999 best -21.561
  step 50/1999 best 9.299
  step 100/1999 best 11.109
  step 150/1999 best 16.341
  step 200/1999 best 17.409
  step 250/1999 best 16.855
  step 300/1999 best 16.863
  step 350/1999 best 17.204
  step 400/1999 best 17.390
  step 450/1999 best 17.606
  step 500/1999 best 17.643
  step 550/1999 best 17.327
  step 600/1999 best 17.671
  step 650/1999 best 17.576
  step 700/1999 best 17.504
  step 750/1999 best 17.551
  step 800/1999 best 17.676
  step 850/1999 best 17.530
  step 900/1999 best 17.535
  step 950/1999 best 17.623
  step 1000/1999 best 17.305
  step 1050/1999 best 17.499
  step 1100/1999 best 17.698
  step 1150/1999 best 17.485
  step 1200/1999 best 17.680
  step 1250/1999 best 17.495
  step 1300/1999 best 17.667
  step 1350/1999 best 17.528
  step 1400/1999 best 17.616
  step 1450/1999 best 17.310
  step 1500/1999 best 17.561
  step 1550/1999 best 17.459
  step 1600/1999 best 17.427
  step 1650/1999 best 17.582
  step 1700/1999 best 17.628
  step 1750/1999 best 17.249
  step 1800/1999 best 17.659
  step 1850/1999 best 17.567
  step 1900/1999 best 17.495
  step 1950/1999 best 17.438
saved SBC_CHAINS_cnn_vmim__n1_jitter_seed_s2_sim1197_row1015031_noise7843_8022_8201 (240000, 4) acc=0.212
  step 0/1999 best -20.317
  step 50/1999 best 0.125
  step 100/1999 best 11.970
  step 150/1999 best 16.413
  step 200/1999 best 15.743
  step 250/1999 best 15.669
  step 300/1999 best 16.769
  step 350/1999 best 16.931
  step 400/1999 best 16.974
  step 450/1999 best 16.910
  step 500/1999 best 16.856
  step 550/1999 best 16.774
  step 600/1999 best 16.964
  step 650/1999 best 16.585
  step 700/1999 best 16.781
  step 750/1999 best 16.885
  step 800/1999 best 16.865
  step 850/1999 best 16.951
  step 900/1999 best 16.701
  step 950/1999 best 16.897
  step 1000/1999 best 16.746
  step 1050/1999 best 16.947
  step 1100/1999 best 16.795
  step 1150/1999 best 16.872
  step 1200/1999 best 16.629
  step 1250/1999 best 16.953
  step 1300/1999 best 16.913
  step 1350/1999 best 16.907
  step 1400/1999 best 16.861
  step 1450/1999 best 16.981
  step 1500/1999 best 16.969
  step 1550/1999 best 16.964
  step 1600/1999 best 16.746
  step 1650/1999 best 16.894
  step 1700/1999 best 16.846
  step 1750/1999 best 16.834
  step 1800/1999 best 16.950
  step 1850/1999 best 17.038
  step 1900/1999 best 17.016
  step 1950/1999 best 16.934
saved SBC_CHAINS_cnn_vmim__n1_jitter_seed_s2_sim1263_row1081792_noise5808_5987_6166 (240000, 4) acc=0.169
  step 0/1999 best -27.401
  step 50/1999 best -2.425
  step 100/1999 best 6.004
  step 150/1999 best 6.274
  step 200/1999 best 6.071
  step 250/1999 best 7.951
  step 300/1999 best 10.533
  step 350/1999 best 13.377
  step 400/1999 best 15.877
  step 450/1999 best 16.228
  step 500/1999 best 16.148
  step 550/1999 best 16.187
  step 600/1999 best 16.162
  step 650/1999 best 16.358
  step 700/1999 best 16.151
  step 750/1999 best 16.319
  step 800/1999 best 16.531
  step 850/1999 best 16.355
  step 900/1999 best 16.429
  step 950/1999 best 16.554
  step 1000/1999 best 16.299
  step 1050/1999 best 16.434
  step 1100/1999 best 16.284
  step 1150/1999 best 16.346
  step 1200/1999 best 16.335
  step 1250/1999 best 16.378
  step 1300/1999 best 16.339
  step 1350/1999 best 16.279
  step 1400/1999 best 15.925
  step 1450/1999 best 16.416
  step 1500/1999 best 16.394
  step 1550/1999 best 16.402
  step 1600/1999 best 16.172
  step 1650/1999 best 16.429
  step 1700/1999 best 16.398
  step 1750/1999 best 16.311
  step 1800/1999 best 16.350
  step 1850/1999 best 16.324
  step 1900/1999 best 16.333
  step 1950/1999 best 16.258
saved SBC_CHAINS_cnn_vmim__n1_jitter_seed_s2_sim100_row99008_noise1728_1907_2086 (240000, 4) acc=0.140
  step 0/1999 best -22.722
  step 50/1999 best 5.405
  step 100/1999 best 13.534
  step 150/1999 best 14.100
  step 200/1999 best 15.840
  step 250/1999 best 15.776
  step 300/1999 best 15.755
  step 350/1999 best 15.830
  step 400/1999 best 15.872
  step 450/1999 best 15.787
  step 500/1999 best 16.009
  step 550/1999 best 15.871
  step 600/1999 best 15.833
  step 650/1999 best 15.969
  step 700/1999 best 15.795
  step 750/1999 best 15.884
  step 800/1999 best 16.040
  step 850/1999 best 15.944
  step 900/1999 best 15.913
  step 950/1999 best 15.904
  step 1000/1999 best 15.858
  step 1050/1999 best 15.989
  step 1100/1999 best 15.966
  step 1150/1999 best 15.886
  step 1200/1999 best 15.910
  step 1250/1999 best 15.971
  step 1300/1999 best 15.827
  step 1350/1999 best 15.860
  step 1400/1999 best 15.920
  step 1450/1999 best 15.974
  step 1500/1999 best 15.879
  step 1550/1999 best 15.878
  step 1600/1999 best 15.816
  step 1650/1999 best 16.002
  step 1700/1999 best 15.841
  step 1750/1999 best 15.811
  step 1800/1999 best 16.000
  step 1850/1999 best 15.776
  step 1900/1999 best 15.908
  step 1950/1999 best 15.916
saved SBC_CHAINS_cnn_vmim__n1_jitter_seed_s2_sim1735_row1488323_noise5595_5774_5953 (240000, 4) acc=0.288
  step 0/1999 best -18.937
  step 50/1999 best -8.830
  step 100/1999 best 4.672
  step 150/1999 best 11.573
  step 200/1999 best 11.573
  step 250/1999 best 11.751
  step 300/1999 best 12.130
  step 350/1999 best 12.606
  step 400/1999 best 13.490
  step 450/1999 best 13.694
  step 500/1999 best 12.158
  step 550/1999 best 12.982
  step 600/1999 best 12.797
  step 650/1999 best 12.438
  step 700/1999 best 14.161
  step 750/1999 best 13.791
  step 800/1999 best 14.930
  step 850/1999 best 15.280
  step 900/1999 best 14.386
  step 950/1999 best 15.037
  step 1000/1999 best 15.239
  step 1050/1999 best 14.724
  step 1100/1999 best 15.374
  step 1150/1999 best 15.020
  step 1200/1999 best 15.206
  step 1250/1999 best 15.115
  step 1300/1999 best 14.994
  step 1350/1999 best 15.314
  step 1400/1999 best 15.363
  step 1450/1999 best 15.087
  step 1500/1999 best 14.939
  step 1550/1999 best 15.239
  step 1600/1999 best 15.398
  step 1650/1999 best 15.095
  step 1700/1999 best 15.137
  step 1750/1999 best 15.341
  step 1800/1999 best 14.984
  step 1850/1999 best 15.286
  step 1900/1999 best 14.967
  step 1950/1999 best 15.298
saved SBC_CHAINS_cnn_vmim__n1_jitter_seed_s2_sim448_row426948_noise6688_6867_7046 (240000, 4) acc=0.191
  step 0/1999 best -28.955
  step 50/1999 best -11.987
  step 100/1999 best -7.458
  step 150/1999 best 1.394
  step 200/1999 best 0.098
  step 250/1999 best 4.444
  step 300/1999 best 8.196
  step 350/1999 best 12.078
  step 400/1999 best 10.604
  step 450/1999 best 15.164
  step 500/1999 best 15.113
  step 550/1999 best 15.857
  step 600/1999 best 15.881
  step 650/1999 best 16.027
  step 700/1999 best 15.965
  step 750/1999 best 16.065
  step 800/1999 best 15.899
  step 850/1999 best 16.074
  step 900/1999 best 16.016
  step 950/1999 best 16.061
  step 1000/1999 best 16.016
  step 1050/1999 best 16.006
  step 1100/1999 best 16.174
  step 1150/1999 best 15.867
  step 1200/1999 best 15.993
  step 1250/1999 best 16.123
  step 1300/1999 best 16.115
  step 1350/1999 best 16.115
  step 1400/1999 best 15.879
  step 1450/1999 best 15.933
  step 1500/1999 best 16.052
  step 1550/1999 best 16.048
  step 1600/1999 best 16.271
  step 1650/1999 best 15.981
  step 1700/1999 best 16.190
  step 1750/1999 best 16.042
  step 1800/1999 best 16.006
  step 1850/1999 best 15.926
  step 1900/1999 best 16.091
  step 1950/1999 best 16.200
saved SBC_CHAINS_cnn_vmim__n1_jitter_seed_s2_sim1732_row1485251_noise2523_2702_2881 (240000, 4) acc=0.124
  step 0/1999 best -19.265
  step 50/1999 best -3.675
  step 100/1999 best 5.495
  step 150/1999 best 6.974
  step 200/1999 best 12.805
  step 250/1999 best 12.855
  step 300/1999 best 12.961
  step 350/1999 best 13.885
  step 400/1999 best 13.611
  step 450/1999 best 13.793
  step 500/1999 best 14.056
  step 550/1999 best 13.902
  step 600/1999 best 13.893
  step 650/1999 best 13.929
  step 700/1999 best 14.007
  step 750/1999 best 13.993
  step 800/1999 best 13.936
  step 850/1999 best 13.977
  step 900/1999 best 13.818
  step 950/1999 best 13.886
  step 1000/1999 best 13.929
  step 1050/1999 best 13.912
  step 1100/1999 best 14.074
  step 1150/1999 best 13.834
  step 1200/1999 best 13.995
  step 1250/1999 best 13.891
  step 1300/1999 best 13.963
  step 1350/1999 best 14.000
  step 1400/1999 best 14.022
  step 1450/1999 best 14.074
  step 1500/1999 best 14.000
  step 1550/1999 best 13.953
  step 1600/1999 best 14.033
  step 1650/1999 best 13.819
  step 1700/1999 best 13.959
  step 1750/1999 best 13.902
  step 1800/1999 best 13.966
  step 1850/1999 best 14.005
  step 1900/1999 best 14.055
  step 1950/1999 best 13.877
saved SBC_CHAINS_cnn_vmim__n1_jitter_seed_s2_sim367_row353055_noise3419_3598_3777 (240000, 4) acc=0.202
  step 0/1999 best -25.847
  step 50/1999 best -2.592
  step 100/1999 best 5.242
  step 150/1999 best 16.348
  step 200/1999 best 14.952
  step 250/1999 best 15.803
  step 300/1999 best 16.145
  step 350/1999 best 16.611
  step 400/1999 best 16.696
  step 450/1999 best 16.821
  step 500/1999 best 16.800
  step 550/1999 best 16.733
  step 600/1999 best 16.515
  step 650/1999 best 16.584
  step 700/1999 best 16.642
  step 750/1999 best 16.827
  step 800/1999 best 16.687
  step 850/1999 best 16.696
  step 900/1999 best 16.676
  step 950/1999 best 16.564
  step 1000/1999 best 16.708
  step 1050/1999 best 16.597
  step 1100/1999 best 16.651
  step 1150/1999 best 16.797
  step 1200/1999 best 16.638
  step 1250/1999 best 16.720
  step 1300/1999 best 16.714
  step 1350/1999 best 16.796
  step 1400/1999 best 16.686
  step 1450/1999 best 16.768
  step 1500/1999 best 16.743
  step 1550/1999 best 16.523
  step 1600/1999 best 16.723
  step 1650/1999 best 16.774
  step 1700/1999 best 16.613
  step 1750/1999 best 16.730
  step 1800/1999 best 16.783
  step 1850/1999 best 16.535
  step 1900/1999 best 16.708
  step 1950/1999 best 16.593
saved SBC_CHAINS_cnn_vmim__n1_jitter_seed_s2_sim1341_row1150654_noise5046_5225_5404 (240000, 4) acc=0.195
  step 0/1999 best -10.451
  step 50/1999 best -7.607
  step 100/1999 best -1.871
  step 150/1999 best 4.200
  step 200/1999 best 10.079
  step 250/1999 best 11.513
  step 300/1999 best 11.663
  step 350/1999 best 12.262
  step 400/1999 best 12.899
  step 450/1999 best 12.222
  step 500/1999 best 12.340
  step 550/1999 best 12.315
  step 600/1999 best 12.256
  step 650/1999 best 12.537
  step 700/1999 best 12.219
  step 750/1999 best 12.936
  step 800/1999 best 12.490
  step 850/1999 best 12.569
  step 900/1999 best 12.481
  step 950/1999 best 12.566
  step 1000/1999 best 12.506
  step 1050/1999 best 12.583
  step 1100/1999 best 12.817
  step 1150/1999 best 12.807
  step 1200/1999 best 12.812
  step 1250/1999 best 12.848
  step 1300/1999 best 12.566
  step 1350/1999 best 12.862
  step 1400/1999 best 12.735
  step 1450/1999 best 12.643
  step 1500/1999 best 12.770
  step 1550/1999 best 12.940
  step 1600/1999 best 12.736
  step 1650/1999 best 12.668
  step 1700/1999 best 12.690
  step 1750/1999 best 12.893
  step 1800/1999 best 12.821
  step 1850/1999 best 12.603
  step 1900/1999 best 12.813
  step 1950/1999 best 12.822
saved SBC_CHAINS_cnn_vmim__n1_jitter_seed_s2_sim2356_row1956574_noise7682_7861_8040 (240000, 4) acc=0.209
  step 0/1999 best -9.215
  step 50/1999 best 3.262
  step 100/1999 best 9.947
  step 150/1999 best 10.519
  step 200/1999 best 11.494
  step 250/1999 best 11.359
  step 300/1999 best 11.323
  step 350/1999 best 11.152
  step 400/1999 best 11.366
  step 450/1999 best 11.442
  step 500/1999 best 11.525
  step 550/1999 best 11.246
  step 600/1999 best 11.546
  step 650/1999 best 11.341
  step 700/1999 best 11.291
  step 750/1999 best 11.288
  step 800/1999 best 11.552
  step 850/1999 best 11.261
  step 900/1999 best 11.552
  step 950/1999 best 11.430
  step 1000/1999 best 11.522
  step 1050/1999 best 11.429
  step 1100/1999 best 11.610
  step 1150/1999 best 11.547
  step 1200/1999 best 11.560
  step 1250/1999 best 11.556
  step 1300/1999 best 11.265
  step 1350/1999 best 11.524
  step 1400/1999 best 11.444
  step 1450/1999 best 11.490
  step 1500/1999 best 11.468
  step 1550/1999 best 11.513
  step 1600/1999 best 11.428
  step 1650/1999 best 11.537
  step 1700/1999 best 11.391
  step 1750/1999 best 11.508
  step 1800/1999 best 11.514
  step 1850/1999 best 11.577
  step 1900/1999 best 11.459
  step 1950/1999 best 11.441
saved SBC_CHAINS_cnn_vmim__n1_jitter_seed_s2_sim764_row713570_noise7814_7993_8172 (240000, 4) acc=0.175
  step 0/1999 best -12.667
  step 50/1999 best -3.900
  step 100/1999 best -2.630
  step 150/1999 best -1.508
  step 200/1999 best 9.243
  step 250/1999 best 9.243
  step 300/1999 best 11.946
  step 350/1999 best 11.946
  step 400/1999 best 13.510
  step 450/1999 best 13.230
  step 500/1999 best 13.291
  step 550/1999 best 13.729
  step 600/1999 best 13.668
  step 650/1999 best 13.475
  step 700/1999 best 13.474
  step 750/1999 best 13.321
  step 800/1999 best 12.944
  step 850/1999 best 12.665
  step 900/1999 best 13.261
  step 950/1999 best 12.410
  step 1000/1999 best 14.094
  step 1050/1999 best 14.094
  step 1100/1999 best 14.094
  step 1150/1999 best 13.919
  step 1200/1999 best 14.153
  step 1250/1999 best 14.054
  step 1300/1999 best 13.467
  step 1350/1999 best 13.572
  step 1400/1999 best 14.053
  step 1450/1999 best 13.844
  step 1500/1999 best 13.884
  step 1550/1999 best 13.737
  step 1600/1999 best 14.145
  step 1650/1999 best 13.888
  step 1700/1999 best 14.284
  step 1750/1999 best 14.654
  step 1800/1999 best 14.039
  step 1850/1999 best 13.917
  step 1900/1999 best 14.192
  step 1950/1999 best 14.054
saved SBC_CHAINS_cnn_vmim__n1_jitter_seed_s2_sim142_row133189_noise4597_4776_4955 (240000, 4) acc=0.194
  step 0/1999 best -20.307
  step 50/1999 best 6.139
  step 100/1999 best 13.489
  step 150/1999 best 15.202
  step 200/1999 best 16.007
  step 250/1999 best 16.071
  step 300/1999 best 16.084
  step 350/1999 best 16.078
  step 400/1999 best 16.056
  step 450/1999 best 16.016
  step 500/1999 best 15.878
  step 550/1999 best 16.169
  step 600/1999 best 16.152
  step 650/1999 best 16.070
  step 700/1999 best 16.020
  step 750/1999 best 16.168
  step 800/1999 best 16.114
  step 850/1999 best 16.153
  step 900/1999 best 16.071
  step 950/1999 best 16.065
  step 1000/1999 best 15.962
  step 1050/1999 best 16.135
  step 1100/1999 best 15.879
  step 1150/1999 best 16.003
  step 1200/1999 best 16.058
  step 1250/1999 best 16.201
  step 1300/1999 best 16.107
  step 1350/1999 best 16.211
  step 1400/1999 best 15.991
  step 1450/1999 best 16.097
  step 1500/1999 best 16.167
  step 1550/1999 best 16.259
  step 1600/1999 best 16.154
  step 1650/1999 best 16.172
  step 1700/1999 best 16.097
  step 1750/1999 best 16.121
  step 1800/1999 best 16.227
  step 1850/1999 best 16.086
  step 1900/1999 best 15.971
  step 1950/1999 best 16.023
saved SBC_CHAINS_cnn_vmim__n1_jitter_seed_s2_sim1305_row1114236_noise7940_8119_8298 (240000, 4) acc=0.168
  step 0/1999 best -17.093
  step 50/1999 best 6.112
  step 100/1999 best 6.112
  step 150/1999 best 11.577
  step 200/1999 best 13.894
  step 250/1999 best 12.721
  step 300/1999 best 14.929
  step 350/1999 best 15.152
  step 400/1999 best 15.251
  step 450/1999 best 15.240
  step 500/1999 best 15.019
  step 550/1999 best 14.900
  step 600/1999 best 15.067
  step 650/1999 best 15.116
  step 700/1999 best 15.164
  step 750/1999 best 14.983
  step 800/1999 best 15.119
  step 850/1999 best 15.182
  step 900/1999 best 15.092
  step 950/1999 best 15.218
  step 1000/1999 best 15.070
  step 1050/1999 best 15.152
  step 1100/1999 best 15.095
  step 1150/1999 best 15.175
  step 1200/1999 best 15.122
  step 1250/1999 best 15.228
  step 1300/1999 best 15.116
  step 1350/1999 best 15.126
  step 1400/1999 best 15.069
  step 1450/1999 best 15.199
  step 1500/1999 best 15.293
  step 1550/1999 best 15.070
  step 1600/1999 best 15.232
  step 1650/1999 best 15.135
  step 1700/1999 best 15.220
  step 1750/1999 best 15.067
  step 1800/1999 best 15.114
  step 1850/1999 best 15.246
  step 1900/1999 best 15.026
  step 1950/1999 best 15.136
saved SBC_CHAINS_cnn_vmim__n1_jitter_seed_s2_sim434_row412362_noise1930_2109_2288 (240000, 4) acc=0.209
  step 0/1999 best -21.242
  step 50/1999 best 0.368
  step 100/1999 best 14.142
  step 150/1999 best 14.188
  step 200/1999 best 15.022
  step 250/1999 best 15.075
  step 300/1999 best 15.103
  step 350/1999 best 15.141
  step 400/1999 best 15.160
  step 450/1999 best 15.140
  step 500/1999 best 15.141
  step 550/1999 best 15.031
  step 600/1999 best 15.128
  step 650/1999 best 15.099
  step 700/1999 best 15.164
  step 750/1999 best 15.141
  step 800/1999 best 15.011
  step 850/1999 best 15.191
  step 900/1999 best 15.164
  step 950/1999 best 15.125
  step 1000/1999 best 15.125
  step 1050/1999 best 15.116
  step 1100/1999 best 15.143
  step 1150/1999 best 15.114
  step 1200/1999 best 15.120
  step 1250/1999 best 15.129
  step 1300/1999 best 15.197
  step 1350/1999 best 14.955
  step 1400/1999 best 15.066
  step 1450/1999 best 15.067
  step 1500/1999 best 15.003
  step 1550/1999 best 15.063
  step 1600/1999 best 15.075
  step 1650/1999 best 15.118
  step 1700/1999 best 15.057
  step 1750/1999 best 15.095
  step 1800/1999 best 15.136
  step 1850/1999 best 15.158
  step 1900/1999 best 15.189
  step 1950/1999 best 15.043
saved SBC_CHAINS_cnn_vmim__n1_jitter_seed_s2_sim877_row826039_noise2347_2526_2705 (240000, 4) acc=0.399
  step 0/1999 best -17.318
  step 50/1999 best -5.319
  step 100/1999 best 11.043
  step 150/1999 best 11.043
  step 200/1999 best 11.038
  step 250/1999 best 11.038
  step 300/1999 best 11.038
  step 350/1999 best 13.169
  step 400/1999 best 13.989
  step 450/1999 best 14.633
  step 500/1999 best 14.674
  step 550/1999 best 14.834
  step 600/1999 best 12.700
  step 650/1999 best 14.676
  step 700/1999 best 14.255
  step 750/1999 best 15.174
  step 800/1999 best 15.115
  step 850/1999 best 14.942
  step 900/1999 best 14.704
  step 950/1999 best 15.211
  step 1000/1999 best 15.219
  step 1050/1999 best 15.265
  step 1100/1999 best 15.089
  step 1150/1999 best 15.181
  step 1200/1999 best 15.208
  step 1250/1999 best 15.280
  step 1300/1999 best 15.112
  step 1350/1999 best 15.030
  step 1400/1999 best 15.244
  step 1450/1999 best 15.421
  step 1500/1999 best 15.142
  step 1550/1999 best 15.266
  step 1600/1999 best 15.371
  step 1650/1999 best 15.116
  step 1700/1999 best 15.302
  step 1750/1999 best 15.349
  step 1800/1999 best 15.367
  step 1850/1999 best 15.262
  step 1900/1999 best 15.178
  step 1950/1999 best 15.251
saved SBC_CHAINS_cnn_vmim__n1_jitter_seed_s2_sim1468_row1250118_noise3746_3925_4104 (240000, 4) acc=0.131
  step 0/1999 best -14.389
  step 50/1999 best 4.325
  step 100/1999 best 9.776
  step 150/1999 best 10.833
  step 200/1999 best 11.770
  step 250/1999 best 12.198
  step 300/1999 best 12.533
  step 350/1999 best 12.862
  step 400/1999 best 12.756
  step 450/1999 best 12.714
  step 500/1999 best 12.872
  step 550/1999 best 12.789
  step 600/1999 best 12.901
  step 650/1999 best 12.757
  step 700/1999 best 12.764
  step 750/1999 best 12.776
  step 800/1999 best 12.907
  step 850/1999 best 12.732
  step 900/1999 best 12.782
  step 950/1999 best 12.871
  step 1000/1999 best 12.884
  step 1050/1999 best 12.923
  step 1100/1999 best 12.917
  step 1150/1999 best 12.792
  step 1200/1999 best 12.808
  step 1250/1999 best 12.847
  step 1300/1999 best 12.865
  step 1350/1999 best 12.829
  step 1400/1999 best 12.788
  step 1450/1999 best 12.868
  step 1500/1999 best 12.916
  step 1550/1999 best 12.799
  step 1600/1999 best 12.884
  step 1650/1999 best 12.893
  step 1700/1999 best 12.890
  step 1750/1999 best 12.913
  step 1800/1999 best 12.900
  step 1850/1999 best 12.755
  step 1900/1999 best 12.949
  step 1950/1999 best 12.809
saved SBC_CHAINS_cnn_vmim__n1_jitter_seed_s2_sim2911_row2506580_noise2492_2671_2850 (240000, 4) acc=0.319
  step 0/1999 best -17.434
  step 50/1999 best 3.451
  step 100/1999 best 6.898
  step 150/1999 best 13.253
  step 200/1999 best 15.049
  step 250/1999 best 16.415
  step 300/1999 best 16.574
  step 350/1999 best 16.324
  step 400/1999 best 16.369
  step 450/1999 best 16.532
  step 500/1999 best 16.240
  step 550/1999 best 16.244
  step 600/1999 best 16.595
  step 650/1999 best 16.558
  step 700/1999 best 16.556
  step 750/1999 best 16.486
  step 800/1999 best 16.466
  step 850/1999 best 16.631
  step 900/1999 best 16.314
  step 950/1999 best 16.641
  step 1000/1999 best 16.429
  step 1050/1999 best 16.592
  step 1100/1999 best 16.544
  step 1150/1999 best 16.532
  step 1200/1999 best 16.590
  step 1250/1999 best 16.438
  step 1300/1999 best 16.695
  step 1350/1999 best 16.460
  step 1400/1999 best 16.613
  step 1450/1999 best 16.624
  step 1500/1999 best 16.545
  step 1550/1999 best 16.404
  step 1600/1999 best 16.544
  step 1650/1999 best 16.595
  step 1700/1999 best 16.453
  step 1750/1999 best 16.651
  step 1800/1999 best 16.598
  step 1850/1999 best 16.603
  step 1900/1999 best 16.676
  step 1950/1999 best 16.554
saved SBC_CHAINS_cnn_vmim__n1_jitter_seed_s2_sim1515_row1292822_noise2310_2489_2668 (240000, 4) acc=0.187
  step 0/1999 best -22.684
  step 50/1999 best 2.087
  step 100/1999 best 9.644
  step 150/1999 best 9.734
  step 200/1999 best 10.153
  step 250/1999 best 11.018
  step 300/1999 best 10.762
  step 350/1999 best 10.467
  step 400/1999 best 10.555
  step 450/1999 best 10.860
  step 500/1999 best 10.763
  step 550/1999 best 10.657
  step 600/1999 best 10.661
  step 650/1999 best 10.745
  step 700/1999 best 10.823
  step 750/1999 best 11.009
  step 800/1999 best 10.903
  step 850/1999 best 10.803
  step 900/1999 best 10.667
  step 950/1999 best 10.973
  step 1000/1999 best 10.950
  step 1050/1999 best 10.753
  step 1100/1999 best 10.740
  step 1150/1999 best 11.007
  step 1200/1999 best 10.742
  step 1250/1999 best 10.941
  step 1300/1999 best 10.840
  step 1350/1999 best 10.843
  step 1400/1999 best 10.919
  step 1450/1999 best 10.653
  step 1500/1999 best 11.001
  step 1550/1999 best 10.760
  step 1600/1999 best 11.011
  step 1650/1999 best 10.731
  step 1700/1999 best 10.924
  step 1750/1999 best 10.974
  step 1800/1999 best 10.794
  step 1850/1999 best 10.875
  step 1900/1999 best 10.989
  step 1950/1999 best 10.855
saved SBC_CHAINS_cnn_vmim__n1_jitter_seed_s2_sim2949_row2544460_noise1060_1239_1418 (240000, 4) acc=0.190
  step 0/1999 best -26.280
  step 50/1999 best 6.059
  step 100/1999 best 6.272
  step 150/1999 best 13.800
  step 200/1999 best 13.525
  step 250/1999 best 14.571
  step 300/1999 best 14.503
  step 350/1999 best 14.729
  step 400/1999 best 14.735
  step 450/1999 best 14.537
  step 500/1999 best 14.705
  step 550/1999 best 14.613
  step 600/1999 best 14.889
  step 650/1999 best 14.806
  step 700/1999 best 14.641
  step 750/1999 best 14.726
  step 800/1999 best 14.836
  step 850/1999 best 14.690
  step 900/1999 best 14.817
  step 950/1999 best 14.843
  step 1000/1999 best 14.795
  step 1050/1999 best 14.886
  step 1100/1999 best 14.731
  step 1150/1999 best 14.813
  step 1200/1999 best 14.759
  step 1250/1999 best 14.819
  step 1300/1999 best 14.782
  step 1350/1999 best 14.817
  step 1400/1999 best 14.693
  step 1450/1999 best 14.858
  step 1500/1999 best 14.541
  step 1550/1999 best 14.757
  step 1600/1999 best 14.888
  step 1650/1999 best 14.804
  step 1700/1999 best 14.708
  step 1750/1999 best 14.765
  step 1800/1999 best 14.894
  step 1850/1999 best 14.832
  step 1900/1999 best 14.844
  step 1950/1999 best 14.820
saved SBC_CHAINS_cnn_vmim__n1_jitter_seed_s2_sim2998_row2593230_noise690_869_1048 (240000, 4) acc=0.286
  step 0/1999 best -16.063
  step 50/1999 best 11.164
  step 100/1999 best 11.164
  step 150/1999 best 14.932
  step 200/1999 best 14.659
  step 250/1999 best 15.404
  step 300/1999 best 15.649
  step 350/1999 best 15.955
  step 400/1999 best 15.969
  step 450/1999 best 15.933
  step 500/1999 best 15.640
  step 550/1999 best 15.935
  step 600/1999 best 15.924
  step 650/1999 best 15.718
  step 700/1999 best 15.883
  step 750/1999 best 15.997
  step 800/1999 best 15.817
  step 850/1999 best 15.647
  step 900/1999 best 15.841
  step 950/1999 best 15.938
  step 1000/1999 best 15.771
  step 1050/1999 best 15.850
  step 1100/1999 best 15.891
  step 1150/1999 best 15.872
  step 1200/1999 best 15.865
  step 1250/1999 best 15.824
  step 1300/1999 best 15.823
  step 1350/1999 best 15.844
  step 1400/1999 best 15.968
  step 1450/1999 best 15.722
  step 1500/1999 best 15.885
  step 1550/1999 best 15.790
  step 1600/1999 best 15.959
  step 1650/1999 best 15.771
  step 1700/1999 best 15.865
  step 1750/1999 best 15.944
  step 1800/1999 best 15.927
  step 1850/1999 best 15.968
  step 1900/1999 best 15.850
  step 1950/1999 best 15.756
saved SBC_CHAINS_cnn_vmim__n1_jitter_seed_s2_sim2007_row1618406_noise2494_2673_2852 (240000, 4) acc=0.157
  step 0/1999 best -27.090
  step 50/1999 best 3.153
  step 100/1999 best 4.238
  step 150/1999 best 7.902
  step 200/1999 best 9.148
  step 250/1999 best 11.246
  step 300/1999 best 11.305
  step 350/1999 best 12.214
  step 400/1999 best 12.458
  step 450/1999 best 12.479
  step 500/1999 best 12.212
  step 550/1999 best 12.010
  step 600/1999 best 12.045
  step 650/1999 best 12.364
  step 700/1999 best 12.108
  step 750/1999 best 12.257
  step 800/1999 best 12.222
  step 850/1999 best 12.206
  step 900/1999 best 12.414
  step 950/1999 best 12.397
  step 1000/1999 best 12.421
  step 1050/1999 best 12.126
  step 1100/1999 best 12.213
  step 1150/1999 best 12.505
  step 1200/1999 best 12.506
  step 1250/1999 best 12.269
  step 1300/1999 best 12.410
  step 1350/1999 best 12.374
  step 1400/1999 best 12.305
  step 1450/1999 best 12.398
  step 1500/1999 best 12.456
  step 1550/1999 best 12.267
  step 1600/1999 best 12.369
  step 1650/1999 best 12.421
  step 1700/1999 best 12.329
  step 1750/1999 best 12.313
  step 1800/1999 best 12.462
  step 1850/1999 best 12.376
  step 1900/1999 best 12.348
  step 1950/1999 best 12.268
saved SBC_CHAINS_cnn_vmim__n1_jitter_seed_s2_sim3105_row2700584_noise9764_115_294 (240000, 4) acc=0.144
  step 0/1999 best -18.024
  step 50/1999 best -5.035
  step 100/1999 best 10.687
  step 150/1999 best 10.650
  step 200/1999 best 12.738
  step 250/1999 best 12.975
  step 300/1999 best 13.125
  step 350/1999 best 13.359
  step 400/1999 best 13.595
  step 450/1999 best 13.402
  step 500/1999 best 13.517
  step 550/1999 best 13.557
  step 600/1999 best 13.561
  step 650/1999 best 13.559
  step 700/1999 best 13.597
  step 750/1999 best 13.570
  step 800/1999 best 13.515
  step 850/1999 best 13.472
  step 900/1999 best 13.517
  step 950/1999 best 13.472
  step 1000/1999 best 13.599
  step 1050/1999 best 13.435
  step 1100/1999 best 13.595
  step 1150/1999 best 13.346
  step 1200/1999 best 13.459
  step 1250/1999 best 13.574
  step 1300/1999 best 13.508
  step 1350/1999 best 13.592
  step 1400/1999 best 13.492
  step 1450/1999 best 13.502
  step 1500/1999 best 13.477
  step 1550/1999 best 13.607
  step 1600/1999 best 13.520
  step 1650/1999 best 13.522
  step 1700/1999 best 13.555
  step 1750/1999 best 13.525
  step 1800/1999 best 13.644
  step 1850/1999 best 13.447
  step 1900/1999 best 13.623
  step 1950/1999 best 13.554
saved SBC_CHAINS_cnn_vmim__n1_jitter_seed_s2_sim2900_row2495593_noise1333_1512_1691 (240000, 4) acc=0.293
  step 0/1999 best -21.471
  step 50/1999 best 6.162
  step 100/1999 best 13.272
  step 150/1999 best 15.097
  step 200/1999 best 16.549
  step 250/1999 best 16.706
  step 300/1999 best 16.711
  step 350/1999 best 16.657
  step 400/1999 best 16.898
  step 450/1999 best 16.853
  step 500/1999 best 16.799
  step 550/1999 best 16.791
  step 600/1999 best 16.742
  step 650/1999 best 16.699
  step 700/1999 best 16.719
  step 750/1999 best 16.829
  step 800/1999 best 16.617
  step 850/1999 best 16.717
  step 900/1999 best 16.880
  step 950/1999 best 16.811
  step 1000/1999 best 16.705
  step 1050/1999 best 16.857
  step 1100/1999 best 16.853
  step 1150/1999 best 16.848
  step 1200/1999 best 16.687
  step 1250/1999 best 16.782
  step 1300/1999 best 16.834
  step 1350/1999 best 16.773
  step 1400/1999 best 16.869
  step 1450/1999 best 16.790
  step 1500/1999 best 16.923
  step 1550/1999 best 16.898
  step 1600/1999 best 16.824
  step 1650/1999 best 16.866
  step 1700/1999 best 16.881
  step 1750/1999 best 16.904
  step 1800/1999 best 16.875
  step 1850/1999 best 16.741
  step 1900/1999 best 16.763
  step 1950/1999 best 16.885
saved SBC_CHAINS_cnn_vmim__n1_jitter_seed_s2_sim1202_row1020124_noise3108_3287_3466 (240000, 4) acc=0.235
  step 0/1999 best -25.266
  step 50/1999 best -10.074
  step 100/1999 best -0.392
  step 150/1999 best 7.681
  step 200/1999 best 8.443
  step 250/1999 best 9.797
  step 300/1999 best 9.121
  step 350/1999 best 10.149
  step 400/1999 best 10.090
  step 450/1999 best 10.150
  step 500/1999 best 10.279
  step 550/1999 best 10.187
  step 600/1999 best 10.281
  step 650/1999 best 10.221
  step 700/1999 best 10.457
  step 750/1999 best 10.349
  step 800/1999 best 10.346
  step 850/1999 best 10.286
  step 900/1999 best 10.291
  step 950/1999 best 10.280
  step 1000/1999 best 10.356
  step 1050/1999 best 10.337
  step 1100/1999 best 10.339
  step 1150/1999 best 10.312
  step 1200/1999 best 10.368
  step 1250/1999 best 10.274
  step 1300/1999 best 10.453
  step 1350/1999 best 10.365
  step 1400/1999 best 10.297
  step 1450/1999 best 10.415
  step 1500/1999 best 10.380
  step 1550/1999 best 10.443
  step 1600/1999 best 10.347
  step 1650/1999 best 9.991
  step 1700/1999 best 10.241
  step 1750/1999 best 10.324
  step 1800/1999 best 10.164
  step 1850/1999 best 10.189
  step 1900/1999 best 10.177
  step 1950/1999 best 10.160
saved SBC_CHAINS_cnn_vmim__n1_jitter_seed_s2_sim2866_row2461766_noise6818_6997_7176 (240000, 4) acc=0.170
  step 0/1999 best -11.774
  step 50/1999 best 4.414
  step 100/1999 best 15.623
  step 150/1999 best 16.255
  step 200/1999 best 16.351
  step 250/1999 best 16.373
  step 300/1999 best 16.289
  step 350/1999 best 16.310
  step 400/1999 best 16.377
  step 450/1999 best 16.421
  step 500/1999 best 16.400
  step 550/1999 best 16.324
  step 600/1999 best 16.380
  step 650/1999 best 16.311
  step 700/1999 best 16.377
  step 750/1999 best 16.427
  step 800/1999 best 16.368
  step 850/1999 best 16.388
  step 900/1999 best 16.326
  step 950/1999 best 16.418
  step 1000/1999 best 16.364
  step 1050/1999 best 16.301
  step 1100/1999 best 16.283
  step 1150/1999 best 16.236
  step 1200/1999 best 16.387
  step 1250/1999 best 16.301
  step 1300/1999 best 16.379
  step 1350/1999 best 16.411
  step 1400/1999 best 16.423
  step 1450/1999 best 16.169
  step 1500/1999 best 16.224
  step 1550/1999 best 16.431
  step 1600/1999 best 16.241
  step 1650/1999 best 16.444
  step 1700/1999 best 16.353
  step 1750/1999 best 16.286
  step 1800/1999 best 16.451
  step 1850/1999 best 16.301
  step 1900/1999 best 16.316
  step 1950/1999 best 16.341
saved SBC_CHAINS_cnn_vmim__n1_jitter_seed_s2_sim1748_row1501414_noise8858_9037_9216 (240000, 4) acc=0.315
  step 0/1999 best -24.419
  step 50/1999 best -2.874
  step 100/1999 best 4.551
  step 150/1999 best 4.245
  step 200/1999 best 11.580
  step 250/1999 best 11.743
  step 300/1999 best 12.023
  step 350/1999 best 12.271
  step 400/1999 best 11.865
  step 450/1999 best 12.416
  step 500/1999 best 12.463
  step 550/1999 best 12.335
  step 600/1999 best 12.514
  step 650/1999 best 12.328
  step 700/1999 best 12.410
  step 750/1999 best 12.511
  step 800/1999 best 12.380
  step 850/1999 best 12.509
  step 900/1999 best 12.233
  step 950/1999 best 12.154
  step 1000/1999 best 12.329
  step 1050/1999 best 12.350
  step 1100/1999 best 12.373
  step 1150/1999 best 12.242
  step 1200/1999 best 12.460
  step 1250/1999 best 12.141
  step 1300/1999 best 12.358
  step 1350/1999 best 12.075
  step 1400/1999 best 12.407
  step 1450/1999 best 12.148
  step 1500/1999 best 12.209
  step 1550/1999 best 12.220
  step 1600/1999 best 12.157
  step 1650/1999 best 12.442
  step 1700/1999 best 12.156
  step 1750/1999 best 12.141
  step 1800/1999 best 12.485
  step 1850/1999 best 12.439
  step 1900/1999 best 12.455
  step 1950/1999 best 12.502
saved SBC_CHAINS_cnn_vmim__n1_jitter_seed_s2_sim688_row639218_noise258_437_616 (240000, 4) acc=0.110
  step 0/1999 best -17.997
  step 50/1999 best 1.548
  step 100/1999 best 5.562
  step 150/1999 best 4.944
  step 200/1999 best 8.572
  step 250/1999 best 9.535
  step 300/1999 best 10.439
  step 350/1999 best 12.162
  step 400/1999 best 13.345
  step 450/1999 best 12.899
  step 500/1999 best 12.711
  step 550/1999 best 13.267
  step 600/1999 best 13.118
  step 650/1999 best 13.237
  step 700/1999 best 13.304
  step 750/1999 best 13.083
  step 800/1999 best 13.477
  step 850/1999 best 13.548
  step 900/1999 best 13.568
  step 950/1999 best 13.531
  step 1000/1999 best 13.198
  step 1050/1999 best 13.630
  step 1100/1999 best 13.683
  step 1150/1999 best 13.392
  step 1200/1999 best 13.225
  step 1250/1999 best 13.474
  step 1300/1999 best 13.606
  step 1350/1999 best 13.536
  step 1400/1999 best 13.429
  step 1450/1999 best 13.552
  step 1500/1999 best 13.484
  step 1550/1999 best 13.658
  step 1600/1999 best 13.633
  step 1650/1999 best 13.604
  step 1700/1999 best 13.550
  step 1750/1999 best 13.603
  step 1800/1999 best 13.609
  step 1850/1999 best 13.543
  step 1900/1999 best 13.588
  step 1950/1999 best 13.663
saved SBC_CHAINS_cnn_vmim__n1_jitter_seed_s2_sim2530_row2129910_noise5114_5293_5472 (240000, 4) acc=0.208
  step 0/1999 best -18.843
  step 50/1999 best 6.539
  step 100/1999 best 6.335
  step 150/1999 best 11.012
  step 200/1999 best 12.147
  step 250/1999 best 12.822
  step 300/1999 best 12.576
  step 350/1999 best 12.935
  step 400/1999 best 12.731
  step 450/1999 best 12.760
  step 500/1999 best 12.865
  step 550/1999 best 12.847
  step 600/1999 best 12.689
  step 650/1999 best 12.895
  step 700/1999 best 12.883
  step 750/1999 best 12.847
  step 800/1999 best 12.727
  step 850/1999 best 12.819
  step 900/1999 best 12.665
  step 950/1999 best 12.736
  step 1000/1999 best 12.801
  step 1050/1999 best 12.963
  step 1100/1999 best 12.877
  step 1150/1999 best 12.941
  step 1200/1999 best 12.977
  step 1250/1999 best 12.678
  step 1300/1999 best 12.812
  step 1350/1999 best 12.776
  step 1400/1999 best 12.808
  step 1450/1999 best 12.786
  step 1500/1999 best 12.741
  step 1550/1999 best 12.797
  step 1600/1999 best 12.793
  step 1650/1999 best 12.919
  step 1700/1999 best 12.906
  step 1750/1999 best 12.791
  step 1800/1999 best 12.865
  step 1850/1999 best 12.844
  step 1900/1999 best 13.001
  step 1950/1999 best 12.889
saved SBC_CHAINS_cnn_vmim__n1_jitter_seed_s2_sim3098_row2693962_noise3142_3321_3500 (240000, 4) acc=0.213
  step 0/1999 best -18.808
  step 50/1999 best 6.326
  step 100/1999 best 10.715
  step 150/1999 best 12.815
  step 200/1999 best 12.733
  step 250/1999 best 12.734
  step 300/1999 best 12.749
  step 350/1999 best 12.875
  step 400/1999 best 12.838
  step 450/1999 best 12.874
  step 500/1999 best 12.664
  step 550/1999 best 12.886
  step 600/1999 best 12.780
  step 650/1999 best 12.846
  step 700/1999 best 12.803
  step 750/1999 best 12.815
  step 800/1999 best 12.747
  step 850/1999 best 12.879
  step 900/1999 best 12.789
  step 950/1999 best 12.890
  step 1000/1999 best 12.829
  step 1050/1999 best 12.774
  step 1100/1999 best 12.875
  step 1150/1999 best 12.792
  step 1200/1999 best 12.716
  step 1250/1999 best 12.849
  step 1300/1999 best 12.858
  step 1350/1999 best 12.763
  step 1400/1999 best 12.828
  step 1450/1999 best 12.891
  step 1500/1999 best 12.912
  step 1550/1999 best 12.787
  step 1600/1999 best 12.830
  step 1650/1999 best 12.820
  step 1700/1999 best 12.863
  step 1750/1999 best 12.785
  step 1800/1999 best 12.678
  step 1850/1999 best 12.919
  step 1900/1999 best 12.896
  step 1950/1999 best 12.905
saved SBC_CHAINS_cnn_vmim__n1_jitter_seed_s2_sim2437_row2036746_noise402_581_760 (240000, 4) acc=0.395
  step 0/1999 best -25.391
  step 50/1999 best 4.926
  step 100/1999 best 11.404
  step 150/1999 best 14.963
  step 200/1999 best 15.138
  step 250/1999 best 15.203
  step 300/1999 best 15.414
  step 350/1999 best 15.198
  step 400/1999 best 15.271
  step 450/1999 best 15.434
  step 500/1999 best 15.246
  step 550/1999 best 15.162
  step 600/1999 best 15.347
  step 650/1999 best 15.278
  step 700/1999 best 15.237
  step 750/1999 best 15.328
  step 800/1999 best 15.382
  step 850/1999 best 15.308
  step 900/1999 best 15.250
  step 950/1999 best 15.406
  step 1000/1999 best 15.443
  step 1050/1999 best 15.309
  step 1100/1999 best 15.325
  step 1150/1999 best 15.421
  step 1200/1999 best 15.262
  step 1250/1999 best 15.261
  step 1300/1999 best 15.376
  step 1350/1999 best 15.348
  step 1400/1999 best 15.464
  step 1450/1999 best 15.416
  step 1500/1999 best 15.367
  step 1550/1999 best 15.265
  step 1600/1999 best 15.307
  step 1650/1999 best 15.227
  step 1700/1999 best 15.288
  step 1750/1999 best 15.416
  step 1800/1999 best 15.394
  step 1850/1999 best 15.336
  step 1900/1999 best 15.375
  step 1950/1999 best 15.383
saved SBC_CHAINS_cnn_vmim__n1_jitter_seed_s2_sim1747_row1500564_noise8008_8187_8366 (240000, 4) acc=0.283
  step 0/1999 best -22.593
  step 50/1999 best 3.385
  step 100/1999 best 3.101
  step 150/1999 best 8.483
  step 200/1999 best 9.926
  step 250/1999 best 10.820
  step 300/1999 best 11.006
  step 350/1999 best 11.019
  step 400/1999 best 10.575
  step 450/1999 best 10.957
  step 500/1999 best 10.916
  step 550/1999 best 10.845
  step 600/1999 best 11.099
  step 650/1999 best 11.003
  step 700/1999 best 11.041
  step 750/1999 best 11.031
  step 800/1999 best 10.763
  step 850/1999 best 10.978
  step 900/1999 best 11.075
  step 950/1999 best 11.001
  step 1000/1999 best 11.044
  step 1050/1999 best 10.918
  step 1100/1999 best 10.945
  step 1150/1999 best 10.804
  step 1200/1999 best 11.010
  step 1250/1999 best 10.918
  step 1300/1999 best 11.019
  step 1350/1999 best 10.945
  step 1400/1999 best 11.031
  step 1450/1999 best 10.986
  step 1500/1999 best 11.016
  step 1550/1999 best 11.093
  step 1600/1999 best 11.061
  step 1650/1999 best 10.891
  step 1700/1999 best 11.058
  step 1750/1999 best 11.045
  step 1800/1999 best 10.937
  step 1850/1999 best 10.974
  step 1900/1999 best 10.992
  step 1950/1999 best 10.992
saved SBC_CHAINS_cnn_vmim__n1_jitter_seed_s2_sim679_row630361_noise1229_1408_1587 (240000, 4) acc=0.210
  step 0/1999 best -16.826
  step 50/1999 best -2.045
  step 100/1999 best 6.757
  step 150/1999 best 12.426
  step 200/1999 best 11.746
  step 250/1999 best 12.322
  step 300/1999 best 12.769
  step 350/1999 best 12.859
  step 400/1999 best 12.880
  step 450/1999 best 12.938
  step 500/1999 best 12.766
  step 550/1999 best 13.050
  step 600/1999 best 13.003
  step 650/1999 best 13.149
  step 700/1999 best 13.096
  step 750/1999 best 13.047
  step 800/1999 best 13.022
  step 850/1999 best 13.070
  step 900/1999 best 13.123
  step 950/1999 best 13.005
  step 1000/1999 best 12.892
  step 1050/1999 best 13.134
  step 1100/1999 best 13.080
  step 1150/1999 best 13.010
  step 1200/1999 best 13.115
  step 1250/1999 best 13.021
  step 1300/1999 best 13.098
  step 1350/1999 best 12.981
  step 1400/1999 best 13.115
  step 1450/1999 best 13.012
  step 1500/1999 best 13.048
  step 1550/1999 best 13.055
  step 1600/1999 best 13.028
  step 1650/1999 best 13.081
  step 1700/1999 best 13.143
  step 1750/1999 best 13.093
  step 1800/1999 best 13.155
  step 1850/1999 best 13.000
  step 1900/1999 best 13.012
  step 1950/1999 best 12.996
saved SBC_CHAINS_cnn_vmim__n1_jitter_seed_s2_sim2899_row2494346_noise86_265_444 (240000, 4) acc=0.289
  step 0/1999 best -23.225
  step 50/1999 best 1.884
  step 100/1999 best 10.278
  step 150/1999 best 10.214
  step 200/1999 best 13.333
  step 250/1999 best 13.553
  step 300/1999 best 13.554
  step 350/1999 best 13.346
  step 400/1999 best 13.437
  step 450/1999 best 13.622
  step 500/1999 best 13.407
  step 550/1999 best 13.524
  step 600/1999 best 13.525
  step 650/1999 best 13.538
  step 700/1999 best 13.553
  step 750/1999 best 13.423
  step 800/1999 best 13.474
  step 850/1999 best 13.503
  step 900/1999 best 13.663
  step 950/1999 best 13.494
  step 1000/1999 best 13.641
  step 1050/1999 best 13.539
  step 1100/1999 best 13.597
  step 1150/1999 best 13.557
  step 1200/1999 best 13.604
  step 1250/1999 best 13.373
  step 1300/1999 best 13.631
  step 1350/1999 best 13.497
  step 1400/1999 best 13.512
  step 1450/1999 best 13.586
  step 1500/1999 best 13.461
  step 1550/1999 best 13.656
  step 1600/1999 best 13.565
  step 1650/1999 best 13.629
  step 1700/1999 best 13.617
  step 1750/1999 best 13.638
  step 1800/1999 best 13.601
  step 1850/1999 best 13.620
  step 1900/1999 best 13.593
  step 1950/1999 best 13.680
saved SBC_CHAINS_cnn_vmim__n1_jitter_seed_s2_sim2980_row2575943_noise3059_3238_3417 (240000, 4) acc=0.276
  step 0/1999 best -24.661
  step 50/1999 best -8.043
  step 100/1999 best -3.966
  step 150/1999 best 9.296
  step 200/1999 best 9.358
  step 250/1999 best 8.792
  step 300/1999 best 7.771
  step 350/1999 best 9.452
  step 400/1999 best 9.115
  step 450/1999 best 9.356
  step 500/1999 best 8.939
  step 550/1999 best 9.223
  step 600/1999 best 9.452
  step 650/1999 best 9.672
  step 700/1999 best 9.496
  step 750/1999 best 9.536
  step 800/1999 best 9.507
  step 850/1999 best 9.602
  step 900/1999 best 9.584
  step 950/1999 best 9.446
  step 1000/1999 best 9.580
  step 1050/1999 best 9.516
  step 1100/1999 best 9.607
  step 1150/1999 best 9.494
  step 1200/1999 best 9.588
  step 1250/1999 best 9.650
  step 1300/1999 best 9.261
  step 1350/1999 best 9.730
  step 1400/1999 best 9.505
  step 1450/1999 best 9.574
  step 1500/1999 best 9.584
  step 1550/1999 best 9.578
  step 1600/1999 best 9.492
  step 1650/1999 best 9.610
  step 1700/1999 best 9.671
  step 1750/1999 best 9.560
  step 1800/1999 best 9.660
  step 1850/1999 best 9.623
  step 1900/1999 best 9.485
  step 1950/1999 best 9.558
saved SBC_CHAINS_cnn_vmim__n1_jitter_seed_s2_sim2629_row2228318_noise5242_5421_5600 (240000, 4) acc=0.190
  step 0/1999 best -3.152
  step 50/1999 best 5.566
  step 100/1999 best 6.406
  step 150/1999 best 9.920
  step 200/1999 best 9.660
  step 250/1999 best 9.864
  step 300/1999 best 10.353
  step 350/1999 best 10.310
  step 400/1999 best 10.231
  step 450/1999 best 10.331
  step 500/1999 best 10.293
  step 550/1999 best 10.208
  step 600/1999 best 10.184
  step 650/1999 best 10.107
  step 700/1999 best 10.227
  step 750/1999 best 10.168
  step 800/1999 best 10.350
  step 850/1999 best 10.202
  step 900/1999 best 10.186
  step 950/1999 best 10.168
  step 1000/1999 best 10.231
  step 1050/1999 best 10.071
  step 1100/1999 best 10.221
  step 1150/1999 best 10.319
  step 1200/1999 best 10.310
  step 1250/1999 best 10.329
  step 1300/1999 best 10.222
  step 1350/1999 best 10.260
  step 1400/1999 best 10.133
  step 1450/1999 best 10.106
  step 1500/1999 best 10.206
  step 1550/1999 best 10.216
  step 1600/1999 best 10.194
  step 1650/1999 best 10.115
  step 1700/1999 best 10.292
  step 1750/1999 best 10.229
  step 1800/1999 best 10.175
  step 1850/1999 best 10.263
  step 1900/1999 best 10.317
  step 1950/1999 best 10.182
saved SBC_CHAINS_cnn_vmim__n1_jitter_seed_s2_sim2864_row2459370_noise4422_4601_4780 (240000, 4) acc=0.250
  step 0/1999 best -28.398
  step 50/1999 best -6.336
  step 100/1999 best -6.349
  step 150/1999 best 7.894
  step 200/1999 best 7.027
  step 250/1999 best 9.870
  step 300/1999 best 12.768
  step 350/1999 best 13.023
  step 400/1999 best 13.158
  step 450/1999 best 13.054
  step 500/1999 best 13.067
  step 550/1999 best 12.969
  step 600/1999 best 13.151
  step 650/1999 best 13.204
  step 700/1999 best 13.266
  step 750/1999 best 13.127
  step 800/1999 best 13.069
  step 850/1999 best 13.095
  step 900/1999 best 13.202
  step 950/1999 best 12.965
  step 1000/1999 best 13.194
  step 1050/1999 best 13.120
  step 1100/1999 best 12.995
  step 1150/1999 best 13.156
  step 1200/1999 best 13.129
  step 1250/1999 best 13.179
  step 1300/1999 best 13.134
  step 1350/1999 best 13.249
  step 1400/1999 best 13.187
  step 1450/1999 best 13.103
  step 1500/1999 best 13.261
  step 1550/1999 best 13.193
  step 1600/1999 best 13.154
  step 1650/1999 best 13.202
  step 1700/1999 best 13.048
  step 1750/1999 best 13.216
  step 1800/1999 best 13.065
  step 1850/1999 best 13.166
  step 1900/1999 best 13.142
  step 1950/1999 best 13.301
saved SBC_CHAINS_cnn_vmim__n1_jitter_seed_s2_sim2830_row2425357_noise9721_72_251 (240000, 4) acc=0.148
  step 0/1999 best -14.475
  step 50/1999 best 6.848
  step 100/1999 best 15.192
  step 150/1999 best 16.102
  step 200/1999 best 16.840
  step 250/1999 best 17.051
  step 300/1999 best 16.290
  step 350/1999 best 16.896
  step 400/1999 best 17.227
  step 450/1999 best 17.315
  step 500/1999 best 17.220
  step 550/1999 best 17.134
  step 600/1999 best 17.169
  step 650/1999 best 17.119
  step 700/1999 best 17.159
  step 750/1999 best 17.213
  step 800/1999 best 17.155
  step 850/1999 best 17.201
  step 900/1999 best 17.272
  step 950/1999 best 17.059
  step 1000/1999 best 17.212
  step 1050/1999 best 17.370
  step 1100/1999 best 17.318
  step 1150/1999 best 17.127
  step 1200/1999 best 17.050
  step 1250/1999 best 17.266
  step 1300/1999 best 17.290
  step 1350/1999 best 17.274
  step 1400/1999 best 17.186
  step 1450/1999 best 17.335
  step 1500/1999 best 17.350
  step 1550/1999 best 17.077
  step 1600/1999 best 17.212
  step 1650/1999 best 17.219
  step 1700/1999 best 17.229
  step 1750/1999 best 17.276
  step 1800/1999 best 17.240
  step 1850/1999 best 17.293
  step 1900/1999 best 17.257
  step 1950/1999 best 17.196
saved SBC_CHAINS_cnn_vmim__n1_jitter_seed_s2_sim1990_row1601011_noise4755_4934_5113 (240000, 4) acc=0.176
  step 0/1999 best -29.586
  step 50/1999 best -0.879
  step 100/1999 best 12.699
  step 150/1999 best 14.423
  step 200/1999 best 14.519
  step 250/1999 best 14.480
  step 300/1999 best 14.456
  step 350/1999 best 14.322
  step 400/1999 best 14.380
  step 450/1999 best 14.492
  step 500/1999 best 14.477
  step 550/1999 best 14.522
  step 600/1999 best 14.419
  step 650/1999 best 14.444
  step 700/1999 best 14.550
  step 750/1999 best 14.574
  step 800/1999 best 14.616
  step 850/1999 best 14.630
  step 900/1999 best 14.508
  step 950/1999 best 14.557
  step 1000/1999 best 14.374
  step 1050/1999 best 14.451
  step 1100/1999 best 14.569
  step 1150/1999 best 14.612
  step 1200/1999 best 14.554
  step 1250/1999 best 14.514
  step 1300/1999 best 14.357
  step 1350/1999 best 14.569
  step 1400/1999 best 14.389
  step 1450/1999 best 14.481
  step 1500/1999 best 14.570
  step 1550/1999 best 14.631
  step 1600/1999 best 14.386
  step 1650/1999 best 14.415
  step 1700/1999 best 14.455
  step 1750/1999 best 14.379
  step 1800/1999 best 14.505
  step 1850/1999 best 14.584
  step 1900/1999 best 14.562
  step 1950/1999 best 14.618
saved SBC_CHAINS_cnn_vmim__n1_jitter_seed_s2_sim3069_row2664509_noise3173_3352_3531 (240000, 4) acc=0.470
  step 0/1999 best -22.338
  step 50/1999 best 1.857
  step 100/1999 best 15.586
  step 150/1999 best 16.607
  step 200/1999 best 15.991
  step 250/1999 best 17.223
  step 300/1999 best 16.803
  step 350/1999 best 17.412
  step 400/1999 best 17.567
  step 450/1999 best 17.381
  step 500/1999 best 17.305
  step 550/1999 best 17.393
  step 600/1999 best 17.269
  step 650/1999 best 17.491
  step 700/1999 best 17.478
  step 750/1999 best 17.454
  step 800/1999 best 17.318
  step 850/1999 best 17.537
  step 900/1999 best 17.359
  step 950/1999 best 17.402
  step 1000/1999 best 17.324
  step 1050/1999 best 17.476
  step 1100/1999 best 17.454
  step 1150/1999 best 17.368
  step 1200/1999 best 17.189
  step 1250/1999 best 17.202
  step 1300/1999 best 17.377
  step 1350/1999 best 17.523
  step 1400/1999 best 17.409
  step 1450/1999 best 17.481
  step 1500/1999 best 17.414
  step 1550/1999 best 17.428
  step 1600/1999 best 17.426
  step 1650/1999 best 17.509
  step 1700/1999 best 17.350
  step 1750/1999 best 17.438
  step 1800/1999 best 17.494
  step 1850/1999 best 17.460
  step 1900/1999 best 17.535
  step 1950/1999 best 17.415
saved SBC_CHAINS_cnn_vmim__n1_jitter_seed_s2_sim1269_row1087083_noise1271_1450_1629 (240000, 4) acc=0.203
  step 0/1999 best -11.999
  step 50/1999 best -1.532
  step 100/1999 best -0.762
  step 150/1999 best 1.211
  step 200/1999 best 1.211
  step 250/1999 best 2.799
  step 300/1999 best 6.418
  step 350/1999 best 11.574
  step 400/1999 best 11.574
  step 450/1999 best 10.511
  step 500/1999 best 11.093
  step 550/1999 best 11.093
  step 600/1999 best 11.093
  step 650/1999 best 11.869
  step 700/1999 best 11.585
  step 750/1999 best 11.585
  step 800/1999 best 10.744
  step 850/1999 best 10.744
  step 900/1999 best 12.516
  step 950/1999 best 13.437
  step 1000/1999 best 13.437
  step 1050/1999 best 13.781
  step 1100/1999 best 13.652
  step 1150/1999 best 13.529
  step 1200/1999 best 13.714
  step 1250/1999 best 13.847
  step 1300/1999 best 13.714
  step 1350/1999 best 14.275
  step 1400/1999 best 14.610
  step 1450/1999 best 14.411
  step 1500/1999 best 13.249
  step 1550/1999 best 14.462
  step 1600/1999 best 14.197
  step 1650/1999 best 14.313
  step 1700/1999 best 14.470
  step 1750/1999 best 13.642
  step 1800/1999 best 13.993
  step 1850/1999 best 14.289
  step 1900/1999 best 14.154
  step 1950/1999 best 14.197
saved SBC_CHAINS_cnn_vmim__n1_jitter_seed_s2_sim1234_row1052714_noise6214_6393_6572 (240000, 4) acc=0.129
  step 0/1999 best -19.374
  step 50/1999 best 0.072
  step 100/1999 best 11.694
  step 150/1999 best 15.196
  step 200/1999 best 15.536
  step 250/1999 best 15.688
  step 300/1999 best 15.611
  step 350/1999 best 15.642
  step 400/1999 best 15.609
  step 450/1999 best 15.488
  step 500/1999 best 15.617
  step 550/1999 best 15.607
  step 600/1999 best 15.750
  step 650/1999 best 15.716
  step 700/1999 best 15.716
  step 750/1999 best 15.714
  step 800/1999 best 15.691
  step 850/1999 best 15.710
  step 900/1999 best 15.667
  step 950/1999 best 15.702
  step 1000/1999 best 15.633
  step 1050/1999 best 15.631
  step 1100/1999 best 15.680
  step 1150/1999 best 15.579
  step 1200/1999 best 15.534
  step 1250/1999 best 15.622
  step 1300/1999 best 15.662
  step 1350/1999 best 15.693
  step 1400/1999 best 15.574
  step 1450/1999 best 15.656
  step 1500/1999 best 15.571
  step 1550/1999 best 15.657
  step 1600/1999 best 15.771
  step 1650/1999 best 15.629
  step 1700/1999 best 15.703
  step 1750/1999 best 15.551
  step 1800/1999 best 15.679
  step 1850/1999 best 15.706
  step 1900/1999 best 15.721
  step 1950/1999 best 15.621
saved SBC_CHAINS_cnn_vmim__n1_jitter_seed_s2_sim746_row695678_noise9578_9757_108 (240000, 4) acc=0.335
  step 0/1999 best -14.525
  step 50/1999 best 3.460
  step 100/1999 best 10.332
  step 150/1999 best 10.804
  step 200/1999 best 11.597
  step 250/1999 best 13.018
  step 300/1999 best 13.116
  step 350/1999 best 13.269
  step 400/1999 best 13.153
  step 450/1999 best 12.974
  step 500/1999 best 13.216
  step 550/1999 best 13.123
  step 600/1999 best 13.297
  step 650/1999 best 13.351
  step 700/1999 best 13.296
  step 750/1999 best 13.150
  step 800/1999 best 13.257
  step 850/1999 best 13.362
  step 900/1999 best 13.263
  step 950/1999 best 13.421
  step 1000/1999 best 13.363
  step 1050/1999 best 13.431
  step 1100/1999 best 13.263
  step 1150/1999 best 13.387
  step 1200/1999 best 13.308
  step 1250/1999 best 13.337
  step 1300/1999 best 13.213
  step 1350/1999 best 13.216
  step 1400/1999 best 13.264
  step 1450/1999 best 13.433
  step 1500/1999 best 13.410
  step 1550/1999 best 13.269
  step 1600/1999 best 13.144
  step 1650/1999 best 13.429
  step 1700/1999 best 13.399
  step 1750/1999 best 13.371
  step 1800/1999 best 13.268
  step 1850/1999 best 13.286
  step 1900/1999 best 13.446
  step 1950/1999 best 13.304
saved SBC_CHAINS_cnn_vmim__n1_jitter_seed_s2_sim133_row124915_noise6151_6330_6509 (240000, 4) acc=0.199
  step 0/1999 best -19.100
  step 50/1999 best -2.502
  step 100/1999 best 7.001
  step 150/1999 best 12.150
  step 200/1999 best 15.221
  step 250/1999 best 15.293
  step 300/1999 best 15.076
  step 350/1999 best 15.742
  step 400/1999 best 15.559
  step 450/1999 best 15.769
  step 500/1999 best 15.903
  step 550/1999 best 15.949
  step 600/1999 best 15.589
  step 650/1999 best 15.737
  step 700/1999 best 15.772
  step 750/1999 best 15.952
  step 800/1999 best 15.660
  step 850/1999 best 15.860
  step 900/1999 best 15.726
  step 950/1999 best 15.841
  step 1000/1999 best 15.699
  step 1050/1999 best 15.923
  step 1100/1999 best 15.834
  step 1150/1999 best 15.841
  step 1200/1999 best 15.626
  step 1250/1999 best 15.750
  step 1300/1999 best 15.729
  step 1350/1999 best 15.875
  step 1400/1999 best 15.659
  step 1450/1999 best 15.883
  step 1500/1999 best 15.895
  step 1550/1999 best 15.917
  step 1600/1999 best 15.771
  step 1650/1999 best 15.795
  step 1700/1999 best 15.928
  step 1750/1999 best 15.806
  step 1800/1999 best 15.966
  step 1850/1999 best 15.777
  step 1900/1999 best 15.662
  step 1950/1999 best 15.839
saved SBC_CHAINS_cnn_vmim__n1_jitter_seed_s2_sim435_row413228_noise2796_2975_3154 (240000, 4) acc=0.198
  step 0/1999 best -16.788
  step 50/1999 best 5.417
  step 100/1999 best 9.263
  step 150/1999 best 12.236
  step 200/1999 best 12.502
  step 250/1999 best 12.727
  step 300/1999 best 12.995
  step 350/1999 best 12.948
  step 400/1999 best 12.916
  step 450/1999 best 12.963
  step 500/1999 best 12.961
  step 550/1999 best 12.919
  step 600/1999 best 13.088
  step 650/1999 best 12.973
  step 700/1999 best 13.063
  step 750/1999 best 13.006
  step 800/1999 best 12.999
  step 850/1999 best 13.064
  step 900/1999 best 13.035
  step 950/1999 best 13.089
  step 1000/1999 best 13.038
  step 1050/1999 best 13.003
  step 1100/1999 best 13.012
  step 1150/1999 best 12.916
  step 1200/1999 best 12.923
  step 1250/1999 best 12.957
  step 1300/1999 best 13.060
  step 1350/1999 best 13.001
  step 1400/1999 best 12.997
  step 1450/1999 best 12.870
  step 1500/1999 best 12.934
  step 1550/1999 best 13.040
  step 1600/1999 best 13.121
  step 1650/1999 best 13.054
  step 1700/1999 best 12.882
  step 1750/1999 best 13.098
  step 1800/1999 best 13.061
  step 1850/1999 best 13.091
  step 1900/1999 best 13.015
  step 1950/1999 best 13.011
saved SBC_CHAINS_cnn_vmim__n1_jitter_seed_s2_sim2516_row2115348_noise380_559_738 (240000, 4) acc=0.340
  step 0/1999 best -19.564
  step 50/1999 best -1.557
  step 100/1999 best 10.150
  step 150/1999 best 11.484
  step 200/1999 best 11.496
  step 250/1999 best 11.517
  step 300/1999 best 12.390
  step 350/1999 best 12.390
  step 400/1999 best 12.390
  step 450/1999 best 12.667
  step 500/1999 best 12.667
  step 550/1999 best 12.605
  step 600/1999 best 12.605
  step 650/1999 best 11.241
  step 700/1999 best 12.358
  step 750/1999 best 11.308
  step 800/1999 best 11.419
  step 850/1999 best 12.660
  step 900/1999 best 11.516
  step 950/1999 best 12.203
  step 1000/1999 best 13.235
  step 1050/1999 best 13.540
  step 1100/1999 best 12.654
  step 1150/1999 best 13.074
  step 1200/1999 best 12.405
  step 1250/1999 best 12.974
  step 1300/1999 best 13.002
  step 1350/1999 best 13.109
  step 1400/1999 best 13.011
  step 1450/1999 best 13.110
  step 1500/1999 best 13.337
  step 1550/1999 best 12.558
  step 1600/1999 best 13.041
  step 1650/1999 best 13.217
  step 1700/1999 best 13.597
  step 1750/1999 best 13.527
  step 1800/1999 best 13.041
  step 1850/1999 best 13.353
  step 1900/1999 best 13.225
  step 1950/1999 best 13.241
saved SBC_CHAINS_cnn_vmim__n1_jitter_seed_s2_sim2397_row1996208_noise9004_9183_9362 (240000, 4) acc=0.316
  step 0/1999 best -13.705
  step 50/1999 best -0.511
  step 100/1999 best 10.298
  step 150/1999 best 10.298
  step 200/1999 best 12.965
  step 250/1999 best 13.511
  step 300/1999 best 12.247
  step 350/1999 best 12.795
  step 400/1999 best 13.363
  step 450/1999 best 13.152
  step 500/1999 best 13.346
  step 550/1999 best 13.372
  step 600/1999 best 12.960
  step 650/1999 best 13.338
  step 700/1999 best 13.580
  step 750/1999 best 13.405
  step 800/1999 best 13.775
  step 850/1999 best 13.655
  step 900/1999 best 13.304
  step 950/1999 best 13.641
  step 1000/1999 best 13.460
  step 1050/1999 best 13.502
  step 1100/1999 best 13.620
  step 1150/1999 best 13.331
  step 1200/1999 best 13.586
  step 1250/1999 best 13.782
  step 1300/1999 best 13.747
  step 1350/1999 best 13.801
  step 1400/1999 best 13.523
  step 1450/1999 best 13.566
  step 1500/1999 best 13.515
  step 1550/1999 best 13.566
  step 1600/1999 best 13.710
  step 1650/1999 best 13.799
  step 1700/1999 best 13.503
  step 1750/1999 best 13.608
  step 1800/1999 best 13.724
  step 1850/1999 best 13.790
  step 1900/1999 best 13.719
  step 1950/1999 best 13.662
saved SBC_CHAINS_cnn_vmim__n1_jitter_seed_s2_sim2536_row2135907_noise1283_1462_1641 (240000, 4) acc=0.170
  step 0/1999 best -17.587
  step 50/1999 best -2.765
  step 100/1999 best 6.497
  step 150/1999 best 8.326
  step 200/1999 best 12.378
  step 250/1999 best 13.206
  step 300/1999 best 13.324
  step 350/1999 best 13.335
  step 400/1999 best 13.429
  step 450/1999 best 13.193
  step 500/1999 best 13.575
  step 550/1999 best 13.624
  step 600/1999 best 13.669
  step 650/1999 best 13.562
  step 700/1999 best 13.665
  step 750/1999 best 13.648
  step 800/1999 best 13.510
  step 850/1999 best 13.455
  step 900/1999 best 13.519
  step 950/1999 best 13.654
  step 1000/1999 best 13.571
  step 1050/1999 best 13.540
  step 1100/1999 best 13.567
  step 1150/1999 best 13.558
  step 1200/1999 best 13.600
  step 1250/1999 best 13.501
  step 1300/1999 best 13.647
  step 1350/1999 best 13.401
  step 1400/1999 best 13.530
  step 1450/1999 best 13.585
  step 1500/1999 best 13.628
  step 1550/1999 best 13.567
  step 1600/1999 best 13.554
  step 1650/1999 best 13.580
  step 1700/1999 best 13.535
  step 1750/1999 best 13.608
  step 1800/1999 best 13.519
  step 1850/1999 best 13.454
  step 1900/1999 best 13.504
  step 1950/1999 best 13.637
saved SBC_CHAINS_cnn_vmim__n1_jitter_seed_s2_sim2918_row2513221_noise9133_9312_9491 (240000, 4) acc=0.339
  step 0/1999 best -18.279
  step 50/1999 best 0.899
  step 100/1999 best 13.402
  step 150/1999 best 14.496
  step 200/1999 best 15.801
  step 250/1999 best 16.733
  step 300/1999 best 17.045
  step 350/1999 best 16.890
  step 400/1999 best 17.056
  step 450/1999 best 17.112
  step 500/1999 best 17.255
  step 550/1999 best 17.266
  step 600/1999 best 17.268
  step 650/1999 best 17.254
  step 700/1999 best 16.936
  step 750/1999 best 17.101
  step 800/1999 best 17.221
  step 850/1999 best 16.934
  step 900/1999 best 17.259
  step 950/1999 best 16.966
  step 1000/1999 best 17.155
  step 1050/1999 best 17.156
  step 1100/1999 best 17.224
  step 1150/1999 best 17.182
  step 1200/1999 best 17.254
  step 1250/1999 best 16.977
  step 1300/1999 best 17.300
  step 1350/1999 best 17.036
  step 1400/1999 best 17.238
  step 1450/1999 best 17.121
  step 1500/1999 best 17.235
  step 1550/1999 best 17.119
  step 1600/1999 best 17.234
  step 1650/1999 best 17.192
  step 1700/1999 best 17.155
  step 1750/1999 best 17.150
  step 1800/1999 best 17.101
  step 1850/1999 best 17.232
  step 1900/1999 best 17.133
  step 1950/1999 best 17.264
saved SBC_CHAINS_cnn_vmim__n1_jitter_seed_s2_sim1984_row1595792_noise9364_9543_9722 (240000, 4) acc=0.181
  step 0/1999 best -19.994
  step 50/1999 best -2.842
  step 100/1999 best 13.301
  step 150/1999 best 16.043
  step 200/1999 best 15.012
  step 250/1999 best 15.679
  step 300/1999 best 15.837
  step 350/1999 best 15.830
  step 400/1999 best 16.167
  step 450/1999 best 16.200
  step 500/1999 best 16.125
  step 550/1999 best 16.111
  step 600/1999 best 15.955
  step 650/1999 best 16.211
  step 700/1999 best 16.065
  step 750/1999 best 16.139
  step 800/1999 best 16.108
  step 850/1999 best 16.179
  step 900/1999 best 16.185
  step 950/1999 best 16.010
  step 1000/1999 best 16.160
  step 1050/1999 best 16.052
  step 1100/1999 best 16.100
  step 1150/1999 best 16.121
  step 1200/1999 best 16.129
  step 1250/1999 best 16.210
  step 1300/1999 best 16.086
  step 1350/1999 best 16.084
  step 1400/1999 best 16.098
  step 1450/1999 best 16.155
  step 1500/1999 best 16.103
  step 1550/1999 best 16.147
  step 1600/1999 best 16.001
  step 1650/1999 best 16.176
  step 1700/1999 best 15.995
  step 1750/1999 best 16.200
  step 1800/1999 best 16.015
  step 1850/1999 best 16.170
  step 1900/1999 best 16.125
  step 1950/1999 best 16.185
saved SBC_CHAINS_cnn_vmim__n1_jitter_seed_s2_sim1965_row1576296_noise9524_9703_54 (240000, 4) acc=0.268
  step 0/1999 best -17.857
  step 50/1999 best -5.830
  step 100/1999 best -0.579
  step 150/1999 best 8.137
  step 200/1999 best 11.849
  step 250/1999 best 12.876
  step 300/1999 best 12.983
  step 350/1999 best 13.233
  step 400/1999 best 13.250
  step 450/1999 best 13.308
  step 500/1999 best 13.342
  step 550/1999 best 13.255
  step 600/1999 best 13.265
  step 650/1999 best 13.246
  step 700/1999 best 13.206
  step 750/1999 best 13.384
  step 800/1999 best 13.325
  step 850/1999 best 13.292
  step 900/1999 best 13.165
  step 950/1999 best 13.265
  step 1000/1999 best 13.369
  step 1050/1999 best 13.333
  step 1100/1999 best 13.357
  step 1150/1999 best 13.372
  step 1200/1999 best 13.298
  step 1250/1999 best 13.355
  step 1300/1999 best 13.381
  step 1350/1999 best 13.238
  step 1400/1999 best 13.294
  step 1450/1999 best 13.284
  step 1500/1999 best 13.248
  step 1550/1999 best 13.395
  step 1600/1999 best 13.393
  step 1650/1999 best 13.336
  step 1700/1999 best 13.353
  step 1750/1999 best 13.268
  step 1800/1999 best 13.279
  step 1850/1999 best 13.336
  step 1900/1999 best 13.181
  step 1950/1999 best 13.274
saved SBC_CHAINS_cnn_vmim__n1_jitter_seed_s2_sim2522_row2121660_noise6692_6871_7050 (240000, 4) acc=0.343
  step 0/1999 best -15.732
  step 50/1999 best 6.961
  step 100/1999 best 10.746
  step 150/1999 best 13.485
  step 200/1999 best 13.948
  step 250/1999 best 14.214
  step 300/1999 best 14.073
  step 350/1999 best 14.497
  step 400/1999 best 14.373
  step 450/1999 best 14.495
  step 500/1999 best 14.492
  step 550/1999 best 14.411
  step 600/1999 best 14.457
  step 650/1999 best 14.428
  step 700/1999 best 14.506
  step 750/1999 best 14.459
  step 800/1999 best 14.497
  step 850/1999 best 14.432
  step 900/1999 best 14.321
  step 950/1999 best 14.278
  step 1000/1999 best 14.464
  step 1050/1999 best 14.443
  step 1100/1999 best 14.344
  step 1150/1999 best 14.397
  step 1200/1999 best 14.502
  step 1250/1999 best 14.485
  step 1300/1999 best 14.545
  step 1350/1999 best 14.399
  step 1400/1999 best 14.429
  step 1450/1999 best 14.508
  step 1500/1999 best 14.370
  step 1550/1999 best 14.502
  step 1600/1999 best 14.542
  step 1650/1999 best 14.532
  step 1700/1999 best 14.269
  step 1750/1999 best 14.512
  step 1800/1999 best 14.411
  step 1850/1999 best 14.468
  step 1900/1999 best 14.323
  step 1950/1999 best 14.469
saved SBC_CHAINS_cnn_vmim__n1_jitter_seed_s2_sim3088_row2683330_noise2338_2517_2696 (240000, 4) acc=0.338
  step 0/1999 best -17.101
  step 50/1999 best -4.212
  step 100/1999 best -4.650
  step 150/1999 best -3.813
  step 200/1999 best -2.183
  step 250/1999 best -1.651
  step 300/1999 best 8.112
  step 350/1999 best 8.782
  step 400/1999 best 11.297
  step 450/1999 best 13.017
  step 500/1999 best 15.327
  step 550/1999 best 15.913
  step 600/1999 best 15.593
  step 650/1999 best 15.588
  step 700/1999 best 16.030
  step 750/1999 best 15.574
  step 800/1999 best 15.904
  step 850/1999 best 15.846
  step 900/1999 best 15.687
  step 950/1999 best 16.099
  step 1000/1999 best 15.583
  step 1050/1999 best 15.771
  step 1100/1999 best 15.821
  step 1150/1999 best 15.758
  step 1200/1999 best 15.952
  step 1250/1999 best 15.894
  step 1300/1999 best 15.908
  step 1350/1999 best 15.713
  step 1400/1999 best 16.112
  step 1450/1999 best 15.881
  step 1500/1999 best 15.993
  step 1550/1999 best 15.777
  step 1600/1999 best 16.047
  step 1650/1999 best 16.012
  step 1700/1999 best 15.643
  step 1750/1999 best 15.929
  step 1800/1999 best 15.908
  step 1850/1999 best 16.012
  step 1900/1999 best 15.760
  step 1950/1999 best 15.998
saved SBC_CHAINS_cnn_vmim__n1_jitter_seed_s2_sim1540_row1317724_noise7556_7735_7914 (240000, 4) acc=0.184
  step 0/1999 best -20.423
  step 50/1999 best 6.879
  step 100/1999 best 12.195
  step 150/1999 best 12.195
  step 200/1999 best 15.987
  step 250/1999 best 16.254
  step 300/1999 best 16.252
  step 350/1999 best 16.473
  step 400/1999 best 16.236
  step 450/1999 best 16.370
  step 500/1999 best 16.436
  step 550/1999 best 16.237
  step 600/1999 best 16.419
  step 650/1999 best 16.367
  step 700/1999 best 16.394
  step 750/1999 best 16.424
  step 800/1999 best 16.367
  step 850/1999 best 16.397
  step 900/1999 best 16.480
  step 950/1999 best 16.393
  step 1000/1999 best 16.306
  step 1050/1999 best 16.461
  step 1100/1999 best 16.435
  step 1150/1999 best 16.398
  step 1200/1999 best 16.403
  step 1250/1999 best 16.403
  step 1300/1999 best 16.434
  step 1350/1999 best 16.497
  step 1400/1999 best 16.509
  step 1450/1999 best 16.390
  step 1500/1999 best 16.498
  step 1550/1999 best 16.334
  step 1600/1999 best 16.420
  step 1650/1999 best 16.421
  step 1700/1999 best 16.467
  step 1750/1999 best 16.362
  step 1800/1999 best 16.204
  step 1850/1999 best 16.416
  step 1900/1999 best 16.371
  step 1950/1999 best 16.292
saved SBC_CHAINS_cnn_vmim__n1_jitter_seed_s2_sim1351_row1160344_noise4908_5087_5266 (240000, 4) acc=0.320
  step 0/1999 best -22.178
  step 50/1999 best 6.956
  step 100/1999 best 6.202
  step 150/1999 best 6.546
  step 200/1999 best 6.833
  step 250/1999 best 7.395
  step 300/1999 best 7.667
  step 350/1999 best 7.549
  step 400/1999 best 7.474
  step 450/1999 best 7.722
  step 500/1999 best 7.276
  step 550/1999 best 7.557
  step 600/1999 best 7.443
  step 650/1999 best 7.663
  step 700/1999 best 7.333
  step 750/1999 best 7.624
  step 800/1999 best 7.675
  step 850/1999 best 7.597
  step 900/1999 best 7.663
  step 950/1999 best 7.623
  step 1000/1999 best 7.641
  step 1050/1999 best 7.395
  step 1100/1999 best 7.657
  step 1150/1999 best 7.711
  step 1200/1999 best 7.721
  step 1250/1999 best 7.586
  step 1300/1999 best 7.580
  step 1350/1999 best 7.755
  step 1400/1999 best 7.679
  step 1450/1999 best 7.570
  step 1500/1999 best 7.643
  step 1550/1999 best 7.683
  step 1600/1999 best 7.636
  step 1650/1999 best 7.589
  step 1700/1999 best 7.578
  step 1750/1999 best 7.574
  step 1800/1999 best 7.430
  step 1850/1999 best 7.686
  step 1900/1999 best 7.764
  step 1950/1999 best 7.634
saved SBC_CHAINS_cnn_vmim__n1_jitter_seed_s2_sim2947_row2542387_noise8815_8994_9173 (240000, 4) acc=0.231
  step 0/1999 best -15.992
  step 50/1999 best -4.751
  step 100/1999 best 3.339
  step 150/1999 best 5.497
  step 200/1999 best 11.005
  step 250/1999 best 10.863
  step 300/1999 best 12.154
  step 350/1999 best 12.265
  step 400/1999 best 12.197
  step 450/1999 best 12.306
  step 500/1999 best 12.378
  step 550/1999 best 12.331
  step 600/1999 best 12.302
  step 650/1999 best 12.126
  step 700/1999 best 12.241
  step 750/1999 best 12.207
  step 800/1999 best 12.321
  step 850/1999 best 12.343
  step 900/1999 best 12.411
  step 950/1999 best 12.402
  step 1000/1999 best 12.375
  step 1050/1999 best 12.415
  step 1100/1999 best 12.381
  step 1150/1999 best 12.310
  step 1200/1999 best 12.226
  step 1250/1999 best 12.376
  step 1300/1999 best 12.452
  step 1350/1999 best 12.354
  step 1400/1999 best 12.354
  step 1450/1999 best 12.144
  step 1500/1999 best 12.371
  step 1550/1999 best 12.248
  step 1600/1999 best 12.183
  step 1650/1999 best 12.220
  step 1700/1999 best 12.396
  step 1750/1999 best 12.345
  step 1800/1999 best 12.330
  step 1850/1999 best 12.451
  step 1900/1999 best 12.330
  step 1950/1999 best 12.407
saved SBC_CHAINS_cnn_vmim__n1_jitter_seed_s2_sim2527_row2126912_noise2116_2295_2474 (240000, 4) acc=0.317
  step 0/1999 best -18.066
  step 50/1999 best -9.897
  step 100/1999 best 1.818
  step 150/1999 best 4.767
  step 200/1999 best 7.033
  step 250/1999 best 8.626
  step 300/1999 best 11.772
  step 350/1999 best 12.164
  step 400/1999 best 10.655
  step 450/1999 best 11.394
  step 500/1999 best 12.197
  step 550/1999 best 12.282
  step 600/1999 best 12.024
  step 650/1999 best 12.343
  step 700/1999 best 12.397
  step 750/1999 best 12.240
  step 800/1999 best 12.288
  step 850/1999 best 12.200
  step 900/1999 best 12.134
  step 950/1999 best 11.726
  step 1000/1999 best 12.460
  step 1050/1999 best 12.266
  step 1100/1999 best 12.186
  step 1150/1999 best 12.394
  step 1200/1999 best 11.870
  step 1250/1999 best 12.249
  step 1300/1999 best 12.386
  step 1350/1999 best 12.274
  step 1400/1999 best 12.435
  step 1450/1999 best 12.206
  step 1500/1999 best 12.476
  step 1550/1999 best 12.345
  step 1600/1999 best 12.303
  step 1650/1999 best 12.225
  step 1700/1999 best 12.135
  step 1750/1999 best 12.231
  step 1800/1999 best 12.383
  step 1850/1999 best 12.505
  step 1900/1999 best 12.490
  step 1950/1999 best 12.433
saved SBC_CHAINS_cnn_vmim__n1_jitter_seed_s2_sim2614_row2213861_noise613_792_971 (240000, 4) acc=0.206
  step 0/1999 best -16.992
  step 50/1999 best 6.294
  step 100/1999 best 14.619
  step 150/1999 best 14.949
  step 200/1999 best 15.198
  step 250/1999 best 15.890
  step 300/1999 best 15.960
  step 350/1999 best 15.930
  step 400/1999 best 15.955
  step 450/1999 best 15.876
  step 500/1999 best 15.948
  step 550/1999 best 15.990
  step 600/1999 best 15.929
  step 650/1999 best 15.995
  step 700/1999 best 16.010
  step 750/1999 best 16.121
  step 800/1999 best 15.997
  step 850/1999 best 16.048
  step 900/1999 best 16.029
  step 950/1999 best 16.051
  step 1000/1999 best 16.136
  step 1050/1999 best 16.012
  step 1100/1999 best 15.914
  step 1150/1999 best 16.024
  step 1200/1999 best 15.999
  step 1250/1999 best 16.043
  step 1300/1999 best 15.972
  step 1350/1999 best 15.886
  step 1400/1999 best 16.036
  step 1450/1999 best 15.858
  step 1500/1999 best 15.937
  step 1550/1999 best 16.085
  step 1600/1999 best 16.127
  step 1650/1999 best 16.098
  step 1700/1999 best 16.067
  step 1750/1999 best 16.161
  step 1800/1999 best 16.121
  step 1850/1999 best 15.873
  step 1900/1999 best 15.980
  step 1950/1999 best 16.061
saved SBC_CHAINS_cnn_vmim__n1_jitter_seed_s2_sim1520_row1297100_noise6588_6767_6946 (240000, 4) acc=0.198
  step 0/1999 best -18.492
  step 50/1999 best 2.223
  step 100/1999 best 10.569
  step 150/1999 best 14.063
  step 200/1999 best 15.521
  step 250/1999 best 16.201
  step 300/1999 best 16.040
  step 350/1999 best 16.414
  step 400/1999 best 16.037
  step 450/1999 best 16.287
  step 500/1999 best 16.233
  step 550/1999 best 16.182
  step 600/1999 best 16.335
  step 650/1999 best 16.333
  step 700/1999 best 16.428
  step 750/1999 best 16.164
  step 800/1999 best 16.332
  step 850/1999 best 16.390
  step 900/1999 best 16.310
  step 950/1999 best 16.389
  step 1000/1999 best 16.235
  step 1050/1999 best 16.259
  step 1100/1999 best 16.412
  step 1150/1999 best 16.231
  step 1200/1999 best 16.362
  step 1250/1999 best 16.357
  step 1300/1999 best 16.366
  step 1350/1999 best 16.245
  step 1400/1999 best 16.319
  step 1450/1999 best 16.389
  step 1500/1999 best 16.305
  step 1550/1999 best 16.449
  step 1600/1999 best 16.346
  step 1650/1999 best 16.259
  step 1700/1999 best 16.229
  step 1750/1999 best 16.368
  step 1800/1999 best 16.252
  step 1850/1999 best 16.375
  step 1900/1999 best 16.407
  step 1950/1999 best 16.398
saved SBC_CHAINS_cnn_vmim__n1_jitter_seed_s2_sim363_row349375_noise9567_9746_97 (240000, 4) acc=0.189
  step 0/1999 best -17.750
  step 50/1999 best 9.781
  step 100/1999 best 14.337
  step 150/1999 best 16.249
  step 200/1999 best 16.820
  step 250/1999 best 16.939
  step 300/1999 best 17.126
  step 350/1999 best 17.186
  step 400/1999 best 17.147
  step 450/1999 best 17.135
  step 500/1999 best 17.090
  step 550/1999 best 16.975
  step 600/1999 best 17.084
  step 650/1999 best 17.076
  step 700/1999 best 17.063
  step 750/1999 best 17.160
  step 800/1999 best 17.184
  step 850/1999 best 17.140
  step 900/1999 best 17.076
  step 950/1999 best 17.170
  step 1000/1999 best 17.082
  step 1050/1999 best 17.045
  step 1100/1999 best 17.074
  step 1150/1999 best 17.204
  step 1200/1999 best 17.126
  step 1250/1999 best 17.155
  step 1300/1999 best 17.233
  step 1350/1999 best 17.187
  step 1400/1999 best 17.134
  step 1450/1999 best 17.049
  step 1500/1999 best 17.106
  step 1550/1999 best 17.095
  step 1600/1999 best 17.090
  step 1650/1999 best 16.944
  step 1700/1999 best 17.132
  step 1750/1999 best 17.055
  step 1800/1999 best 17.099
  step 1850/1999 best 17.150
  step 1900/1999 best 17.070
  step 1950/1999 best 17.160
saved SBC_CHAINS_cnn_vmim__n1_jitter_seed_s2_sim261_row247783_noise6255_6434_6613 (240000, 4) acc=0.334
  step 0/1999 best -24.189
  step 50/1999 best 7.347
  step 100/1999 best 12.746
  step 150/1999 best 13.320
  step 200/1999 best 13.749
  step 250/1999 best 13.773
  step 300/1999 best 13.747
  step 350/1999 best 13.644
  step 400/1999 best 13.678
  step 450/1999 best 13.832
  step 500/1999 best 13.856
  step 550/1999 best 13.633
  step 600/1999 best 13.490
  step 650/1999 best 13.631
  step 700/1999 best 13.823
  step 750/1999 best 13.829
  step 800/1999 best 13.761
  step 850/1999 best 13.838
  step 900/1999 best 13.907
  step 950/1999 best 13.814
  step 1000/1999 best 13.920
  step 1050/1999 best 13.605
  step 1100/1999 best 13.834
  step 1150/1999 best 13.825
  step 1200/1999 best 13.547
  step 1250/1999 best 13.787
  step 1300/1999 best 13.806
  step 1350/1999 best 13.865
  step 1400/1999 best 13.839
  step 1450/1999 best 13.918
  step 1500/1999 best 13.699
  step 1550/1999 best 13.801
  step 1600/1999 best 13.602
  step 1650/1999 best 13.860
  step 1700/1999 best 13.858
  step 1750/1999 best 13.667
  step 1800/1999 best 13.903
  step 1850/1999 best 13.815
  step 1900/1999 best 13.792
  step 1950/1999 best 13.698
saved SBC_CHAINS_cnn_vmim__n1_jitter_seed_s2_sim674_row625078_noise5774_5953_6132 (240000, 4) acc=0.224
  step 0/1999 best -17.273
  step 50/1999 best 2.656
  step 100/1999 best 2.386
  step 150/1999 best 9.294
  step 200/1999 best 8.425
  step 250/1999 best 10.958
  step 300/1999 best 13.380
  step 350/1999 best 14.167
  step 400/1999 best 13.612
  step 450/1999 best 13.518
  step 500/1999 best 14.025
  step 550/1999 best 13.837
  step 600/1999 best 13.843
  step 650/1999 best 13.738
  step 700/1999 best 13.747
  step 750/1999 best 13.906
  step 800/1999 best 14.125
  step 850/1999 best 14.220
  step 900/1999 best 14.280
  step 950/1999 best 14.059
  step 1000/1999 best 14.184
  step 1050/1999 best 14.045
  step 1100/1999 best 14.272
  step 1150/1999 best 14.131
  step 1200/1999 best 14.202
  step 1250/1999 best 14.190
  step 1300/1999 best 14.160
  step 1350/1999 best 14.146
  step 1400/1999 best 14.355
  step 1450/1999 best 13.659
  step 1500/1999 best 14.197
  step 1550/1999 best 14.295
  step 1600/1999 best 13.734
  step 1650/1999 best 14.090
  step 1700/1999 best 14.361
  step 1750/1999 best 14.308
  step 1800/1999 best 14.301
  step 1850/1999 best 14.134
  step 1900/1999 best 14.289
  step 1950/1999 best 14.178
saved SBC_CHAINS_cnn_vmim__n1_jitter_seed_s2_sim2380_row1979506_noise2130_2309_2488 (240000, 4) acc=0.227
  step 0/1999 best -19.283
  step 50/1999 best -3.784
  step 100/1999 best -1.410
  step 150/1999 best 7.639
  step 200/1999 best 9.850
  step 250/1999 best 14.234
  step 300/1999 best 14.328
  step 350/1999 best 13.599
  step 400/1999 best 14.615
  step 450/1999 best 15.192
  step 500/1999 best 14.758
  step 550/1999 best 14.868
  step 600/1999 best 15.059
  step 650/1999 best 15.066
  step 700/1999 best 14.980
  step 750/1999 best 14.892
  step 800/1999 best 15.167
  step 850/1999 best 14.896
  step 900/1999 best 14.731
  step 950/1999 best 15.057
  step 1000/1999 best 14.881
  step 1050/1999 best 15.057
  step 1100/1999 best 15.200
  step 1150/1999 best 14.802
  step 1200/1999 best 15.135
  step 1250/1999 best 15.058
  step 1300/1999 best 15.011
  step 1350/1999 best 15.127
  step 1400/1999 best 15.033
  step 1450/1999 best 15.203
  step 1500/1999 best 15.007
  step 1550/1999 best 15.070
  step 1600/1999 best 15.179
  step 1650/1999 best 15.181
  step 1700/1999 best 15.265
  step 1750/1999 best 15.117
  step 1800/1999 best 15.249
  step 1850/1999 best 15.133
  step 1900/1999 best 15.000
  step 1950/1999 best 15.236
saved SBC_CHAINS_cnn_vmim__n1_jitter_seed_s2_sim447_row425073_noise4813_4992_5171 (240000, 4) acc=0.172
  step 0/1999 best -13.969
  step 50/1999 best 0.078
  step 100/1999 best 5.248
  step 150/1999 best 8.380
  step 200/1999 best 14.236
  step 250/1999 best 14.240
  step 300/1999 best 14.668
  step 350/1999 best 14.621
  step 400/1999 best 14.630
  step 450/1999 best 14.527
  step 500/1999 best 14.684
  step 550/1999 best 14.555
  step 600/1999 best 14.635
  step 650/1999 best 14.716
  step 700/1999 best 14.720
  step 750/1999 best 14.708
  step 800/1999 best 14.734
  step 850/1999 best 14.667
  step 900/1999 best 14.698
  step 950/1999 best 14.668
  step 1000/1999 best 14.577
  step 1050/1999 best 14.707
  step 1100/1999 best 14.563
  step 1150/1999 best 14.679
  step 1200/1999 best 14.515
  step 1250/1999 best 14.547
  step 1300/1999 best 14.628
  step 1350/1999 best 14.386
  step 1400/1999 best 14.690
  step 1450/1999 best 14.516
  step 1500/1999 best 14.685
  step 1550/1999 best 14.712
  step 1600/1999 best 14.665
  step 1650/1999 best 14.570
  step 1700/1999 best 14.537
  step 1750/1999 best 14.517
  step 1800/1999 best 14.705
  step 1850/1999 best 14.608
  step 1900/1999 best 14.679
  step 1950/1999 best 14.687
saved SBC_CHAINS_cnn_vmim__n1_jitter_seed_s2_sim2041_row1651143_noise6747_6926_7105 (240000, 4) acc=0.315
  step 0/1999 best -16.878
  step 50/1999 best -2.019
  step 100/1999 best 9.681
  step 150/1999 best 14.169
  step 200/1999 best 15.167
  step 250/1999 best 15.316
  step 300/1999 best 15.203
  step 350/1999 best 15.413
  step 400/1999 best 15.313
  step 450/1999 best 15.240
  step 500/1999 best 15.234
  step 550/1999 best 15.061
  step 600/1999 best 15.447
  step 650/1999 best 15.357
  step 700/1999 best 15.317
  step 750/1999 best 15.276
  step 800/1999 best 15.256
  step 850/1999 best 15.440
  step 900/1999 best 15.489
  step 950/1999 best 15.369
  step 1000/1999 best 15.444
  step 1050/1999 best 15.370
  step 1100/1999 best 15.407
  step 1150/1999 best 15.435
  step 1200/1999 best 15.361
  step 1250/1999 best 15.445
  step 1300/1999 best 15.355
  step 1350/1999 best 15.289
  step 1400/1999 best 15.485
  step 1450/1999 best 15.430
  step 1500/1999 best 15.345
  step 1550/1999 best 15.467
  step 1600/1999 best 15.363
  step 1650/1999 best 15.363
  step 1700/1999 best 15.452
  step 1750/1999 best 15.443
  step 1800/1999 best 15.391
  step 1850/1999 best 15.412
  step 1900/1999 best 15.389
  step 1950/1999 best 15.468
saved SBC_CHAINS_cnn_vmim__n1_jitter_seed_s2_sim974_row923996_noise2024_2203_2382 (240000, 4) acc=0.272
  step 0/1999 best -7.279
  step 50/1999 best -3.414
  step 100/1999 best 8.033
  step 150/1999 best 14.919
  step 200/1999 best 14.919
  step 250/1999 best 15.271
  step 300/1999 best 14.871
  step 350/1999 best 14.758
  step 400/1999 best 15.040
  step 450/1999 best 15.652
  step 500/1999 best 15.564
  step 550/1999 best 15.553
  step 600/1999 best 15.309
  step 650/1999 best 15.479
  step 700/1999 best 15.567
  step 750/1999 best 15.439
  step 800/1999 best 15.373
  step 850/1999 best 15.715
  step 900/1999 best 15.585
  step 950/1999 best 15.412
  step 1000/1999 best 15.583
  step 1050/1999 best 15.519
  step 1100/1999 best 15.461
  step 1150/1999 best 15.339
  step 1200/1999 best 15.036
  step 1250/1999 best 15.458
  step 1300/1999 best 15.377
  step 1350/1999 best 15.766
  step 1400/1999 best 15.778
  step 1450/1999 best 15.499
  step 1500/1999 best 15.629
  step 1550/1999 best 15.307
  step 1600/1999 best 15.371
  step 1650/1999 best 15.607
  step 1700/1999 best 15.601
  step 1750/1999 best 15.455
  step 1800/1999 best 15.613
  step 1850/1999 best 15.578
  step 1900/1999 best 15.587
  step 1950/1999 best 15.615
saved SBC_CHAINS_cnn_vmim__n1_jitter_seed_s2_sim129_row120016_noise1252_1431_1610 (240000, 4) acc=0.286
  step 0/1999 best -21.550
  step 50/1999 best 4.329
  step 100/1999 best 7.436
  step 150/1999 best 8.903
  step 200/1999 best 11.252
  step 250/1999 best 11.930
  step 300/1999 best 11.804
  step 350/1999 best 11.808
  step 400/1999 best 11.538
  step 450/1999 best 11.952
  step 500/1999 best 11.983
  step 550/1999 best 11.954
  step 600/1999 best 11.580
  step 650/1999 best 11.859
  step 700/1999 best 12.109
  step 750/1999 best 12.000
  step 800/1999 best 12.193
  step 850/1999 best 11.983
  step 900/1999 best 12.148
  step 950/1999 best 11.982
  step 1000/1999 best 12.020
  step 1050/1999 best 12.050
  step 1100/1999 best 11.972
  step 1150/1999 best 12.035
  step 1200/1999 best 11.857
  step 1250/1999 best 12.052
  step 1300/1999 best 11.793
  step 1350/1999 best 11.857
  step 1400/1999 best 11.980
  step 1450/1999 best 11.652
  step 1500/1999 best 12.052
  step 1550/1999 best 12.141
  step 1600/1999 best 11.777
  step 1650/1999 best 12.018
  step 1700/1999 best 12.038
  step 1750/1999 best 12.090
  step 1800/1999 best 11.917
  step 1850/1999 best 11.984
  step 1900/1999 best 12.086
  step 1950/1999 best 11.948
saved SBC_CHAINS_cnn_vmim__n1_jitter_seed_s2_sim140_row131636_noise3044_3223_3402 (240000, 4) acc=0.182
  step 0/1999 best -20.487
  step 50/1999 best 4.260
  step 100/1999 best 12.484
  step 150/1999 best 13.315
  step 200/1999 best 14.172
  step 250/1999 best 15.093
  step 300/1999 best 14.976
  step 350/1999 best 15.243
  step 400/1999 best 15.150
  step 450/1999 best 14.914
  step 500/1999 best 15.303
  step 550/1999 best 15.314
  step 600/1999 best 15.306
  step 650/1999 best 15.302
  step 700/1999 best 15.183
  step 750/1999 best 15.278
  step 800/1999 best 15.338
  step 850/1999 best 15.363
  step 900/1999 best 15.201
  step 950/1999 best 15.162
  step 1000/1999 best 15.269
  step 1050/1999 best 15.071
  step 1100/1999 best 15.343
  step 1150/1999 best 15.229
  step 1200/1999 best 15.253
  step 1250/1999 best 14.954
  step 1300/1999 best 15.327
  step 1350/1999 best 15.252
  step 1400/1999 best 15.144
  step 1450/1999 best 15.281
  step 1500/1999 best 15.322
  step 1550/1999 best 15.384
  step 1600/1999 best 15.230
  step 1650/1999 best 15.297
  step 1700/1999 best 15.281
  step 1750/1999 best 15.210
  step 1800/1999 best 15.177
  step 1850/1999 best 15.298
  step 1900/1999 best 15.343
  step 1950/1999 best 15.255
saved SBC_CHAINS_cnn_vmim__n1_jitter_seed_s2_sim2059_row1669802_noise5750_5929_6108 (240000, 4) acc=0.270
  step 0/1999 best -23.528
  step 50/1999 best -4.048
  step 100/1999 best -2.457
  step 150/1999 best 2.376
  step 200/1999 best 3.840
  step 250/1999 best 8.225
  step 300/1999 best 9.918
  step 350/1999 best 11.178
  step 400/1999 best 11.138
  step 450/1999 best 11.280
  step 500/1999 best 11.237
  step 550/1999 best 11.353
  step 600/1999 best 11.247
  step 650/1999 best 11.532
  step 700/1999 best 11.457
  step 750/1999 best 11.288
  step 800/1999 best 11.357
  step 850/1999 best 11.512
  step 900/1999 best 11.331
  step 950/1999 best 11.525
  step 1000/1999 best 11.559
  step 1050/1999 best 11.505
  step 1100/1999 best 11.452
  step 1150/1999 best 11.121
  step 1200/1999 best 11.493
  step 1250/1999 best 11.453
  step 1300/1999 best 11.293
  step 1350/1999 best 11.490
  step 1400/1999 best 11.441
  step 1450/1999 best 11.338
  step 1500/1999 best 11.364
  step 1550/1999 best 11.560
  step 1600/1999 best 11.483
  step 1650/1999 best 11.373
  step 1700/1999 best 11.486
  step 1750/1999 best 11.480
  step 1800/1999 best 11.375
  step 1850/1999 best 11.501
  step 1900/1999 best 11.479
  step 1950/1999 best 11.416
saved SBC_CHAINS_cnn_vmim__n1_jitter_seed_s2_sim3097_row2692749_noise1929_2108_2287 (240000, 4) acc=0.224
  step 0/1999 best -24.734
  step 50/1999 best 3.806
  step 100/1999 best 8.604
  step 150/1999 best 11.194
  step 200/1999 best 11.613
  step 250/1999 best 12.486
  step 300/1999 best 12.876
  step 350/1999 best 13.442
  step 400/1999 best 13.437
  step 450/1999 best 13.303
  step 500/1999 best 13.282
  step 550/1999 best 13.371
  step 600/1999 best 13.415
  step 650/1999 best 13.497
  step 700/1999 best 13.405
  step 750/1999 best 13.266
  step 800/1999 best 13.340
  step 850/1999 best 13.365
  step 900/1999 best 13.522
  step 950/1999 best 13.365
  step 1000/1999 best 13.298
  step 1050/1999 best 13.192
  step 1100/1999 best 13.526
  step 1150/1999 best 13.438
  step 1200/1999 best 13.328
  step 1250/1999 best 13.335
  step 1300/1999 best 13.347
  step 1350/1999 best 13.427
  step 1400/1999 best 13.439
  step 1450/1999 best 13.381
  step 1500/1999 best 13.334
  step 1550/1999 best 13.513
  step 1600/1999 best 13.353
  step 1650/1999 best 13.442
  step 1700/1999 best 13.454
  step 1750/1999 best 13.344
  step 1800/1999 best 13.448
  step 1850/1999 best 13.393
  step 1900/1999 best 13.268
  step 1950/1999 best 13.287
saved SBC_CHAINS_cnn_vmim__n1_jitter_seed_s2_sim403_row381149_noise201_380_559 (240000, 4) acc=0.254
  step 0/1999 best -17.329
  step 50/1999 best -4.241
  step 100/1999 best -2.599
  step 150/1999 best 7.370
  step 200/1999 best 11.050
  step 250/1999 best 15.918
  step 300/1999 best 16.203
  step 350/1999 best 16.073
  step 400/1999 best 15.954
  step 450/1999 best 16.087
  step 500/1999 best 16.172
  step 550/1999 best 16.517
  step 600/1999 best 16.347
  step 650/1999 best 16.569
  step 700/1999 best 16.709
  step 750/1999 best 16.687
  step 800/1999 best 16.297
  step 850/1999 best 16.869
  step 900/1999 best 17.037
  step 950/1999 best 16.478
  step 1000/1999 best 16.961
  step 1050/1999 best 16.838
  step 1100/1999 best 16.825
  step 1150/1999 best 16.838
  step 1200/1999 best 16.612
  step 1250/1999 best 16.875
  step 1300/1999 best 16.873
  step 1350/1999 best 16.848
  step 1400/1999 best 16.941
  step 1450/1999 best 17.026
  step 1500/1999 best 16.959
  step 1550/1999 best 16.949
  step 1600/1999 best 16.972
  step 1650/1999 best 16.790
  step 1700/1999 best 16.934
  step 1750/1999 best 17.002
  step 1800/1999 best 16.855
  step 1850/1999 best 16.897
  step 1900/1999 best 16.982
  step 1950/1999 best 16.775
saved SBC_CHAINS_cnn_vmim__n1_jitter_seed_s2_sim1456_row1238847_noise2303_2482_2661 (240000, 4) acc=0.168
  step 0/1999 best -15.686
  step 50/1999 best 3.287
  step 100/1999 best 3.025
  step 150/1999 best 8.005
  step 200/1999 best 8.005
  step 250/1999 best 8.005
  step 300/1999 best 8.166
  step 350/1999 best 8.146
  step 400/1999 best 10.937
  step 450/1999 best 10.937
  step 500/1999 best 10.975
  step 550/1999 best 10.858
  step 600/1999 best 10.971
  step 650/1999 best 10.548
  step 700/1999 best 11.080
  step 750/1999 best 10.550
  step 800/1999 best 10.359
  step 850/1999 best 11.330
  step 900/1999 best 11.444
  step 950/1999 best 11.040
  step 1000/1999 best 9.642
  step 1050/1999 best 11.709
  step 1100/1999 best 11.476
  step 1150/1999 best 11.286
  step 1200/1999 best 11.948
  step 1250/1999 best 11.691
  step 1300/1999 best 11.081
  step 1350/1999 best 11.903
  step 1400/1999 best 11.011
  step 1450/1999 best 11.572
  step 1500/1999 best 11.282
  step 1550/1999 best 11.615
  step 1600/1999 best 11.556
  step 1650/1999 best 11.857
  step 1700/1999 best 11.639
  step 1750/1999 best 11.698
  step 1800/1999 best 11.580
  step 1850/1999 best 11.678
  step 1900/1999 best 11.890
  step 1950/1999 best 11.680
saved SBC_CHAINS_cnn_vmim__n1_jitter_seed_s2_sim2403_row2002651_noise5619_5798_5977 (240000, 4) acc=0.202
  step 0/1999 best -22.654
  step 50/1999 best -1.925
  step 100/1999 best 7.549
  step 150/1999 best 11.676
  step 200/1999 best 13.166
  step 250/1999 best 13.529
  step 300/1999 best 13.741
  step 350/1999 best 13.799
  step 400/1999 best 13.877
  step 450/1999 best 13.868
  step 500/1999 best 13.880
  step 550/1999 best 13.632
  step 600/1999 best 14.004
  step 650/1999 best 13.908
  step 700/1999 best 13.812
  step 750/1999 best 13.787
  step 800/1999 best 13.895
  step 850/1999 best 13.928
  step 900/1999 best 13.836
  step 950/1999 best 13.929
  step 1000/1999 best 13.723
  step 1050/1999 best 13.913
  step 1100/1999 best 13.898
  step 1150/1999 best 13.842
  step 1200/1999 best 13.862
  step 1250/1999 best 13.959
  step 1300/1999 best 13.983
  step 1350/1999 best 13.894
  step 1400/1999 best 13.822
  step 1450/1999 best 13.907
  step 1500/1999 best 13.917
  step 1550/1999 best 13.836
  step 1600/1999 best 13.952
  step 1650/1999 best 13.962
  step 1700/1999 best 13.919
  step 1750/1999 best 13.739
  step 1800/1999 best 13.861
  step 1850/1999 best 13.791
  step 1900/1999 best 13.875
  step 1950/1999 best 13.856
saved SBC_CHAINS_cnn_vmim__n1_jitter_seed_s2_sim405_row383994_noise3046_3225_3404 (240000, 4) acc=0.196
  step 0/1999 best -18.324
  step 50/1999 best 14.825
  step 100/1999 best 16.170
  step 150/1999 best 17.706
  step 200/1999 best 17.624
  step 250/1999 best 17.811
  step 300/1999 best 17.694
  step 350/1999 best 17.680
  step 400/1999 best 17.847
  step 450/1999 best 17.600
  step 500/1999 best 17.840
  step 550/1999 best 17.811
  step 600/1999 best 17.710
  step 650/1999 best 17.675
  step 700/1999 best 17.739
  step 750/1999 best 17.577
  step 800/1999 best 17.636
  step 850/1999 best 17.868
  step 900/1999 best 17.736
  step 950/1999 best 17.797
  step 1000/1999 best 17.736
  step 1050/1999 best 17.750
  step 1100/1999 best 17.662
  step 1150/1999 best 17.736
  step 1200/1999 best 17.669
  step 1250/1999 best 17.682
  step 1300/1999 best 17.838
  step 1350/1999 best 17.815
  step 1400/1999 best 17.780
  step 1450/1999 best 17.730
  step 1500/1999 best 17.861
  step 1550/1999 best 17.735
  step 1600/1999 best 17.843
  step 1650/1999 best 17.841
  step 1700/1999 best 17.729
  step 1750/1999 best 17.769
  step 1800/1999 best 17.799
  step 1850/1999 best 17.591
  step 1900/1999 best 17.628
  step 1950/1999 best 17.801
saved SBC_CHAINS_cnn_vmim__n1_jitter_seed_s2_sim1359_row1168465_noise3201_3380_3559 (240000, 4) acc=0.263
  step 0/1999 best -22.623
  step 50/1999 best -1.736
  step 100/1999 best 11.793
  step 150/1999 best 11.633
  step 200/1999 best 12.526
  step 250/1999 best 12.767
  step 300/1999 best 12.805
  step 350/1999 best 12.930
  step 400/1999 best 12.912
  step 450/1999 best 12.895
  step 500/1999 best 12.998
  step 550/1999 best 12.970
  step 600/1999 best 12.893
  step 650/1999 best 12.908
  step 700/1999 best 12.935
  step 750/1999 best 12.937
  step 800/1999 best 12.982
  step 850/1999 best 12.821
  step 900/1999 best 12.856
  step 950/1999 best 12.804
  step 1000/1999 best 12.889
  step 1050/1999 best 12.916
  step 1100/1999 best 12.942
  step 1150/1999 best 12.950
  step 1200/1999 best 12.840
  step 1250/1999 best 13.002
  step 1300/1999 best 12.931
  step 1350/1999 best 12.960
  step 1400/1999 best 12.949
  step 1450/1999 best 12.794
  step 1500/1999 best 12.827
  step 1550/1999 best 12.857
  step 1600/1999 best 12.917
  step 1650/1999 best 12.770
  step 1700/1999 best 12.872
  step 1750/1999 best 12.991
  step 1800/1999 best 12.947
  step 1850/1999 best 13.003
  step 1900/1999 best 12.997
  step 1950/1999 best 12.942
saved SBC_CHAINS_cnn_vmim__n1_jitter_seed_s2_sim3055_row2650639_noise8959_9138_9317 (240000, 4) acc=0.425
  step 0/1999 best -22.638
  step 50/1999 best 12.699
  step 100/1999 best 14.655
  step 150/1999 best 15.188
  step 200/1999 best 15.472
  step 250/1999 best 15.437
  step 300/1999 best 15.624
  step 350/1999 best 15.529
  step 400/1999 best 15.470
  step 450/1999 best 15.692
  step 500/1999 best 15.629
  step 550/1999 best 15.625
  step 600/1999 best 15.714
  step 650/1999 best 15.504
  step 700/1999 best 15.476
  step 750/1999 best 15.717
  step 800/1999 best 15.577
  step 850/1999 best 15.706
  step 900/1999 best 15.578
  step 950/1999 best 15.616
  step 1000/1999 best 15.672
  step 1050/1999 best 15.484
  step 1100/1999 best 15.570
  step 1150/1999 best 15.648
  step 1200/1999 best 15.532
  step 1250/1999 best 15.639
  step 1300/1999 best 15.661
  step 1350/1999 best 15.696
  step 1400/1999 best 15.660
  step 1450/1999 best 15.562
  step 1500/1999 best 15.554
  step 1550/1999 best 15.651
  step 1600/1999 best 15.680
  step 1650/1999 best 15.621
  step 1700/1999 best 15.605
  step 1750/1999 best 15.671
  step 1800/1999 best 15.640
  step 1850/1999 best 15.686
  step 1900/1999 best 15.659
  step 1950/1999 best 15.548
saved SBC_CHAINS_cnn_vmim__n1_jitter_seed_s2_sim332_row318474_noise8150_8329_8508 (240000, 4) acc=0.313
  step 0/1999 best -14.724
  step 50/1999 best 7.263
  step 100/1999 best 15.312
  step 150/1999 best 15.896
  step 200/1999 best 16.147
  step 250/1999 best 16.372
  step 300/1999 best 16.452
  step 350/1999 best 16.286
  step 400/1999 best 16.455
  step 450/1999 best 16.387
  step 500/1999 best 16.439
  step 550/1999 best 16.369
  step 600/1999 best 16.368
  step 650/1999 best 16.391
  step 700/1999 best 16.332
  step 750/1999 best 16.323
  step 800/1999 best 16.303
  step 850/1999 best 16.185
  step 900/1999 best 16.423
  step 950/1999 best 16.417
  step 1000/1999 best 16.423
  step 1050/1999 best 16.388
  step 1100/1999 best 16.395
  step 1150/1999 best 16.316
  step 1200/1999 best 16.294
  step 1250/1999 best 16.306
  step 1300/1999 best 16.446
  step 1350/1999 best 16.408
  step 1400/1999 best 16.354
  step 1450/1999 best 16.317
  step 1500/1999 best 16.417
  step 1550/1999 best 16.245
  step 1600/1999 best 16.427
  step 1650/1999 best 16.421
  step 1700/1999 best 16.377
  step 1750/1999 best 16.321
  step 1800/1999 best 16.460
  step 1850/1999 best 16.365
  step 1900/1999 best 16.463
  step 1950/1999 best 16.391
saved SBC_CHAINS_cnn_vmim__n1_jitter_seed_s2_sim1357_row1166647_noise1383_1562_1741 (240000, 4) acc=0.341
  step 0/1999 best -10.611
  step 50/1999 best -5.738
  step 100/1999 best 2.887
  step 150/1999 best 8.841
  step 200/1999 best 10.016
  step 250/1999 best 10.209
  step 300/1999 best 10.156
  step 350/1999 best 10.303
  step 400/1999 best 10.317
  step 450/1999 best 10.219
  step 500/1999 best 10.273
  step 550/1999 best 10.295
  step 600/1999 best 10.294
  step 650/1999 best 10.026
  step 700/1999 best 10.329
  step 750/1999 best 10.165
  step 800/1999 best 10.304
  step 850/1999 best 10.254
  step 900/1999 best 10.377
  step 950/1999 best 10.118
  step 1000/1999 best 10.307
  step 1050/1999 best 10.416
  step 1100/1999 best 10.353
  step 1150/1999 best 10.411
  step 1200/1999 best 10.360
  step 1250/1999 best 10.101
  step 1300/1999 best 10.409
  step 1350/1999 best 10.317
  step 1400/1999 best 10.248
  step 1450/1999 best 10.365
  step 1500/1999 best 10.231
  step 1550/1999 best 10.296
  step 1600/1999 best 10.356
  step 1650/1999 best 10.181
  step 1700/1999 best 10.394
  step 1750/1999 best 10.122
  step 1800/1999 best 10.331
  step 1850/1999 best 10.251
  step 1900/1999 best 10.173
  step 1950/1999 best 10.308
saved SBC_CHAINS_cnn_vmim__n1_jitter_seed_s2_sim686_row637983_noise8851_9030_9209 (240000, 4) acc=0.183
  step 0/1999 best -25.926
  step 50/1999 best 6.250
  step 100/1999 best 8.264
  step 150/1999 best 12.210
  step 200/1999 best 13.791
  step 250/1999 best 13.951
  step 300/1999 best 13.949
  step 350/1999 best 14.121
  step 400/1999 best 14.054
  step 450/1999 best 13.993
  step 500/1999 best 14.039
  step 550/1999 best 14.048
  step 600/1999 best 14.078
  step 650/1999 best 14.097
  step 700/1999 best 14.088
  step 750/1999 best 13.939
  step 800/1999 best 14.070
  step 850/1999 best 14.091
  step 900/1999 best 14.122
  step 950/1999 best 13.904
  step 1000/1999 best 14.153
  step 1050/1999 best 13.990
  step 1100/1999 best 14.162
  step 1150/1999 best 14.104
  step 1200/1999 best 14.137
  step 1250/1999 best 14.045
  step 1300/1999 best 14.131
  step 1350/1999 best 14.048
  step 1400/1999 best 14.181
  step 1450/1999 best 13.902
  step 1500/1999 best 14.000
  step 1550/1999 best 14.008
  step 1600/1999 best 14.110
  step 1650/1999 best 14.043
  step 1700/1999 best 14.066
  step 1750/1999 best 14.169
  step 1800/1999 best 14.054
  step 1850/1999 best 13.876
  step 1900/1999 best 13.988
  step 1950/1999 best 14.126
saved SBC_CHAINS_cnn_vmim__n1_jitter_seed_s2_sim661_row614110_noise2634_2813_2992 (240000, 4) acc=0.256
