[stage3] arm=cnn_vmim_/n1_jitter/seed_s1  nle=/gscratch/ddehiwalage-don/sbi_master/cnn_vmim_/n1_jitter/seed_s1/nle
[NLE] scope=standard_t family=nsf loaded from /gscratch/ddehiwalage-don/sbi_master/cnn_vmim_/n1_jitter/seed_s1/nle/standard_t/nsf
targets this task: 151 | family=standard_t_nsf | chains -> /gscratch/ddehiwalage-don/sbi_master/cnn_vmim_/n1_jitter/seed_s1/chains/standard_t_nsf
  step 0/1999 best -9.749
  step 50/1999 best -4.435
  step 100/1999 best 2.779
  step 150/1999 best 8.804
  step 200/1999 best 9.101
  step 250/1999 best 13.343
  step 300/1999 best 14.247
  step 350/1999 best 14.346
  step 400/1999 best 14.346
  step 450/1999 best 14.346
  step 500/1999 best 13.317
  step 550/1999 best 13.123
  step 600/1999 best 13.325
  step 650/1999 best 13.986
  step 700/1999 best 14.736
  step 750/1999 best 15.275
  step 800/1999 best 15.549
  step 850/1999 best 15.504
  step 900/1999 best 15.593
  step 950/1999 best 15.480
  step 1000/1999 best 15.828
  step 1050/1999 best 15.619
  step 1100/1999 best 15.823
  step 1150/1999 best 15.695
  step 1200/1999 best 15.746
  step 1250/1999 best 15.623
  step 1300/1999 best 15.933
  step 1350/1999 best 15.534
  step 1400/1999 best 15.754
  step 1450/1999 best 16.029
  step 1500/1999 best 15.817
  step 1550/1999 best 15.388
  step 1600/1999 best 15.564
  step 1650/1999 best 15.620
  step 1700/1999 best 15.850
  step 1750/1999 best 15.609
  step 1800/1999 best 15.591
  step 1850/1999 best 15.928
  step 1900/1999 best 15.685
  step 1950/1999 best 15.914
saved SBC_CHAINS_cnn_vmim__n1_jitter_seed_s1_sim976_row925003_noise3031_3210_3389 (240000, 4) acc=0.219
  step 0/1999 best -10.915
  step 50/1999 best -1.148
  step 100/1999 best 8.850
  step 150/1999 best 11.224
  step 200/1999 best 11.616
  step 250/1999 best 12.718
  step 300/1999 best 13.492
  step 350/1999 best 13.238
  step 400/1999 best 14.333
  step 450/1999 best 15.587
  step 500/1999 best 16.005
  step 550/1999 best 15.086
  step 600/1999 best 16.017
  step 650/1999 best 16.045
  step 700/1999 best 16.071
  step 750/1999 best 16.020
  step 800/1999 best 16.074
  step 850/1999 best 16.022
  step 900/1999 best 15.965
  step 950/1999 best 16.049
  step 1000/1999 best 16.157
  step 1050/1999 best 16.001
  step 1100/1999 best 15.965
  step 1150/1999 best 15.990
  step 1200/1999 best 16.024
  step 1250/1999 best 15.950
  step 1300/1999 best 15.839
  step 1350/1999 best 16.020
  step 1400/1999 best 15.797
  step 1450/1999 best 16.108
  step 1500/1999 best 16.051
  step 1550/1999 best 15.888
  step 1600/1999 best 16.192
  step 1650/1999 best 16.133
  step 1700/1999 best 16.081
  step 1750/1999 best 15.960
  step 1800/1999 best 16.154
  step 1850/1999 best 15.866
  step 1900/1999 best 16.083
  step 1950/1999 best 16.135
saved SBC_CHAINS_cnn_vmim__n1_jitter_seed_s1_sim1503_row1280723_noise39_218_397 (240000, 4) acc=0.221
  step 0/1999 best -17.078
  step 50/1999 best -1.784
  step 100/1999 best 8.399
  step 150/1999 best 15.113
  step 200/1999 best 15.587
  step 250/1999 best 16.000
  step 300/1999 best 16.263
  step 350/1999 best 16.224
  step 400/1999 best 16.100
  step 450/1999 best 16.034
  step 500/1999 best 15.913
  step 550/1999 best 16.307
  step 600/1999 best 16.170
  step 650/1999 best 16.335
  step 700/1999 best 16.264
  step 750/1999 best 16.207
  step 800/1999 best 16.113
  step 850/1999 best 16.303
  step 900/1999 best 16.197
  step 950/1999 best 16.214
  step 1000/1999 best 16.311
  step 1050/1999 best 16.172
  step 1100/1999 best 16.196
  step 1150/1999 best 16.283
  step 1200/1999 best 16.204
  step 1250/1999 best 16.025
  step 1300/1999 best 16.218
  step 1350/1999 best 16.219
  step 1400/1999 best 16.213
  step 1450/1999 best 16.287
  step 1500/1999 best 16.237
  step 1550/1999 best 16.329
  step 1600/1999 best 16.212
  step 1650/1999 best 16.295
  step 1700/1999 best 16.134
  step 1750/1999 best 16.144
  step 1800/1999 best 16.126
  step 1850/1999 best 16.050
  step 1900/1999 best 16.199
  step 1950/1999 best 16.139
saved SBC_CHAINS_cnn_vmim__n1_jitter_seed_s1_sim1982_row1593305_noise6877_7056_7235 (240000, 4) acc=0.306
  step 0/1999 best -12.847
  step 50/1999 best 6.117
  step 100/1999 best 7.453
  step 150/1999 best 11.070
  step 200/1999 best 14.736
  step 250/1999 best 14.867
  step 300/1999 best 15.264
  step 350/1999 best 16.050
  step 400/1999 best 15.711
  step 450/1999 best 15.785
  step 500/1999 best 16.366
  step 550/1999 best 16.572
  step 600/1999 best 16.254
  step 650/1999 best 16.479
  step 700/1999 best 16.632
  step 750/1999 best 16.280
  step 800/1999 best 16.604
  step 850/1999 best 16.574
  step 900/1999 best 16.473
  step 950/1999 best 16.292
  step 1000/1999 best 16.418
  step 1050/1999 best 16.624
  step 1100/1999 best 16.345
  step 1150/1999 best 16.402
  step 1200/1999 best 16.450
  step 1250/1999 best 16.586
  step 1300/1999 best 16.523
  step 1350/1999 best 16.492
  step 1400/1999 best 16.481
  step 1450/1999 best 16.600
  step 1500/1999 best 16.463
  step 1550/1999 best 16.540
  step 1600/1999 best 16.599
  step 1650/1999 best 16.416
  step 1700/1999 best 16.503
  step 1750/1999 best 16.430
  step 1800/1999 best 16.509
  step 1850/1999 best 16.537
  step 1900/1999 best 16.447
  step 1950/1999 best 16.618
saved SBC_CHAINS_cnn_vmim__n1_jitter_seed_s1_sim2061_row1671653_noise7601_7780_7959 (240000, 4) acc=0.209
  step 0/1999 best -17.376
  step 50/1999 best 1.281
  step 100/1999 best 12.562
  step 150/1999 best 15.842
  step 200/1999 best 15.631
  step 250/1999 best 16.059
  step 300/1999 best 15.861
  step 350/1999 best 16.213
  step 400/1999 best 16.116
  step 450/1999 best 16.186
  step 500/1999 best 16.195
  step 550/1999 best 16.172
  step 600/1999 best 16.207
  step 650/1999 best 16.215
  step 700/1999 best 16.173
  step 750/1999 best 16.231
  step 800/1999 best 16.138
  step 850/1999 best 16.138
  step 900/1999 best 16.226
  step 950/1999 best 16.034
  step 1000/1999 best 16.291
  step 1050/1999 best 16.264
  step 1100/1999 best 16.216
  step 1150/1999 best 16.334
  step 1200/1999 best 16.296
  step 1250/1999 best 16.202
  step 1300/1999 best 16.313
  step 1350/1999 best 16.154
  step 1400/1999 best 16.243
  step 1450/1999 best 16.149
  step 1500/1999 best 15.989
  step 1550/1999 best 16.175
  step 1600/1999 best 16.290
  step 1650/1999 best 16.235
  step 1700/1999 best 16.327
  step 1750/1999 best 16.158
  step 1800/1999 best 16.263
  step 1850/1999 best 16.266
  step 1900/1999 best 16.024
  step 1950/1999 best 16.189
saved SBC_CHAINS_cnn_vmim__n1_jitter_seed_s1_sim1215_row1033631_noise6787_6966_7145 (240000, 4) acc=0.230
  step 0/1999 best -21.031
  step 50/1999 best -3.848
  step 100/1999 best 2.675
  step 150/1999 best 9.158
  step 200/1999 best 7.996
  step 250/1999 best 12.178
  step 300/1999 best 14.079
  step 350/1999 best 16.512
  step 400/1999 best 16.200
  step 450/1999 best 16.343
  step 500/1999 best 16.336
  step 550/1999 best 16.745
  step 600/1999 best 16.937
  step 650/1999 best 16.853
  step 700/1999 best 16.198
  step 750/1999 best 16.349
  step 800/1999 best 16.577
  step 850/1999 best 16.640
  step 900/1999 best 16.705
  step 950/1999 best 16.842
  step 1000/1999 best 16.678
  step 1050/1999 best 16.892
  step 1100/1999 best 16.793
  step 1150/1999 best 16.494
  step 1200/1999 best 16.828
  step 1250/1999 best 16.677
  step 1300/1999 best 16.635
  step 1350/1999 best 16.859
  step 1400/1999 best 16.911
  step 1450/1999 best 16.936
  step 1500/1999 best 16.751
  step 1550/1999 best 16.945
  step 1600/1999 best 16.859
  step 1650/1999 best 16.881
  step 1700/1999 best 16.873
  step 1750/1999 best 16.736
  step 1800/1999 best 16.663
  step 1850/1999 best 16.847
  step 1900/1999 best 16.799
  step 1950/1999 best 16.838
saved SBC_CHAINS_cnn_vmim__n1_jitter_seed_s1_sim112_row111528_noise4420_4599_4778 (240000, 4) acc=0.172
  step 0/1999 best -13.293
  step 50/1999 best 1.543
  step 100/1999 best 8.563
  step 150/1999 best 8.925
  step 200/1999 best 9.247
  step 250/1999 best 9.268
  step 300/1999 best 9.111
  step 350/1999 best 9.172
  step 400/1999 best 9.283
  step 450/1999 best 9.249
  step 500/1999 best 9.092
  step 550/1999 best 9.205
  step 600/1999 best 9.206
  step 650/1999 best 9.205
  step 700/1999 best 9.194
  step 750/1999 best 9.256
  step 800/1999 best 9.334
  step 850/1999 best 9.287
  step 900/1999 best 9.154
  step 950/1999 best 9.252
  step 1000/1999 best 9.138
  step 1050/1999 best 9.346
  step 1100/1999 best 9.244
  step 1150/1999 best 9.198
  step 1200/1999 best 9.253
  step 1250/1999 best 9.323
  step 1300/1999 best 9.195
  step 1350/1999 best 9.176
  step 1400/1999 best 9.159
  step 1450/1999 best 9.198
  step 1500/1999 best 9.255
  step 1550/1999 best 9.208
  step 1600/1999 best 9.347
  step 1650/1999 best 9.236
  step 1700/1999 best 9.289
  step 1750/1999 best 9.110
  step 1800/1999 best 9.206
  step 1850/1999 best 9.211
  step 1900/1999 best 9.305
  step 1950/1999 best 9.229
saved SBC_CHAINS_cnn_vmim__n1_jitter_seed_s1_sim3103_row2698266_noise7446_7625_7804 (240000, 4) acc=0.331
  step 0/1999 best -19.304
  step 50/1999 best -0.939
  step 100/1999 best 10.049
  step 150/1999 best 13.969
  step 200/1999 best 14.648
  step 250/1999 best 13.831
  step 300/1999 best 14.434
  step 350/1999 best 14.566
  step 400/1999 best 14.507
  step 450/1999 best 14.456
  step 500/1999 best 14.525
  step 550/1999 best 14.475
  step 600/1999 best 14.498
  step 650/1999 best 14.581
  step 700/1999 best 14.608
  step 750/1999 best 14.516
  step 800/1999 best 14.648
  step 850/1999 best 14.565
  step 900/1999 best 14.521
  step 950/1999 best 14.570
  step 1000/1999 best 14.524
  step 1050/1999 best 14.396
  step 1100/1999 best 14.584
  step 1150/1999 best 14.516
  step 1200/1999 best 14.646
  step 1250/1999 best 14.413
  step 1300/1999 best 14.447
  step 1350/1999 best 14.643
  step 1400/1999 best 14.619
  step 1450/1999 best 14.642
  step 1500/1999 best 14.467
  step 1550/1999 best 14.385
  step 1600/1999 best 14.633
  step 1650/1999 best 14.629
  step 1700/1999 best 14.624
  step 1750/1999 best 14.598
  step 1800/1999 best 14.591
  step 1850/1999 best 14.408
  step 1900/1999 best 14.676
  step 1950/1999 best 14.581
saved SBC_CHAINS_cnn_vmim__n1_jitter_seed_s1_sim2014_row1625675_noise9763_114_293 (240000, 4) acc=0.432
  step 0/1999 best -12.570
  step 50/1999 best -0.042
  step 100/1999 best 7.707
  step 150/1999 best 12.958
  step 200/1999 best 14.763
  step 250/1999 best 15.295
  step 300/1999 best 15.489
  step 350/1999 best 15.379
  step 400/1999 best 15.361
  step 450/1999 best 15.471
  step 500/1999 best 15.518
  step 550/1999 best 15.569
  step 600/1999 best 15.483
  step 650/1999 best 15.319
  step 700/1999 best 15.486
  step 750/1999 best 15.309
  step 800/1999 best 15.464
  step 850/1999 best 15.512
  step 900/1999 best 15.244
  step 950/1999 best 15.390
  step 1000/1999 best 15.498
  step 1050/1999 best 15.495
  step 1100/1999 best 15.310
  step 1150/1999 best 15.559
  step 1200/1999 best 15.438
  step 1250/1999 best 15.396
  step 1300/1999 best 15.564
  step 1350/1999 best 15.518
  step 1400/1999 best 15.573
  step 1450/1999 best 15.407
  step 1500/1999 best 15.459
  step 1550/1999 best 15.476
  step 1600/1999 best 15.517
  step 1650/1999 best 15.359
  step 1700/1999 best 15.486
  step 1750/1999 best 15.523
  step 1800/1999 best 15.561
  step 1850/1999 best 15.580
  step 1900/1999 best 15.558
  step 1950/1999 best 15.588
saved SBC_CHAINS_cnn_vmim__n1_jitter_seed_s1_sim362_row348972_noise9164_9343_9522 (240000, 4) acc=0.254
  step 0/1999 best -13.740
  step 50/1999 best 1.092
  step 100/1999 best 10.629
  step 150/1999 best 14.469
  step 200/1999 best 14.983
  step 250/1999 best 16.041
  step 300/1999 best 15.334
  step 350/1999 best 16.041
  step 400/1999 best 15.548
  step 450/1999 best 15.961
  step 500/1999 best 15.914
  step 550/1999 best 15.925
  step 600/1999 best 15.815
  step 650/1999 best 15.917
  step 700/1999 best 16.068
  step 750/1999 best 16.012
  step 800/1999 best 16.081
  step 850/1999 best 15.942
  step 900/1999 best 15.969
  step 950/1999 best 15.850
  step 1000/1999 best 16.110
  step 1050/1999 best 16.120
  step 1100/1999 best 16.077
  step 1150/1999 best 15.993
  step 1200/1999 best 16.042
  step 1250/1999 best 15.930
  step 1300/1999 best 16.020
  step 1350/1999 best 16.023
  step 1400/1999 best 15.977
  step 1450/1999 best 15.880
  step 1500/1999 best 15.841
  step 1550/1999 best 16.050
  step 1600/1999 best 16.023
  step 1650/1999 best 15.948
  step 1700/1999 best 16.009
  step 1750/1999 best 15.965
  step 1800/1999 best 15.883
  step 1850/1999 best 15.948
  step 1900/1999 best 15.959
  step 1950/1999 best 16.019
saved SBC_CHAINS_cnn_vmim__n1_jitter_seed_s1_sim1340_row1149004_noise3396_3575_3754 (240000, 4) acc=0.195
  step 0/1999 best -12.366
  step 50/1999 best 5.504
  step 100/1999 best 8.816
  step 150/1999 best 13.921
  step 200/1999 best 13.647
  step 250/1999 best 13.808
  step 300/1999 best 13.663
  step 350/1999 best 13.785
  step 400/1999 best 13.753
  step 450/1999 best 13.779
  step 500/1999 best 13.877
  step 550/1999 best 13.883
  step 600/1999 best 13.757
  step 650/1999 best 13.833
  step 700/1999 best 13.892
  step 750/1999 best 13.881
  step 800/1999 best 13.858
  step 850/1999 best 13.885
  step 900/1999 best 13.727
  step 950/1999 best 13.758
  step 1000/1999 best 13.829
  step 1050/1999 best 13.808
  step 1100/1999 best 13.874
  step 1150/1999 best 13.764
  step 1200/1999 best 13.854
  step 1250/1999 best 13.865
  step 1300/1999 best 13.872
  step 1350/1999 best 13.810
  step 1400/1999 best 13.868
  step 1450/1999 best 13.760
  step 1500/1999 best 13.821
  step 1550/1999 best 13.705
  step 1600/1999 best 13.768
  step 1650/1999 best 13.807
  step 1700/1999 best 13.850
  step 1750/1999 best 13.903
  step 1800/1999 best 13.790
  step 1850/1999 best 13.826
  step 1900/1999 best 13.873
  step 1950/1999 best 13.793
saved SBC_CHAINS_cnn_vmim__n1_jitter_seed_s1_sim1226_row1044188_noise7516_7695_7874 (240000, 4) acc=0.289
  step 0/1999 best -6.306
  step 50/1999 best -0.121
  step 100/1999 best 0.384
  step 150/1999 best 7.298
  step 200/1999 best 8.493
  step 250/1999 best 8.604
  step 300/1999 best 8.604
  step 350/1999 best 11.338
  step 400/1999 best 11.737
  step 450/1999 best 14.936
  step 500/1999 best 14.596
  step 550/1999 best 14.558
  step 600/1999 best 15.316
  step 650/1999 best 15.316
  step 700/1999 best 14.998
  step 750/1999 best 15.077
  step 800/1999 best 15.368
  step 850/1999 best 15.193
  step 900/1999 best 15.015
  step 950/1999 best 15.440
  step 1000/1999 best 15.474
  step 1050/1999 best 15.300
  step 1100/1999 best 15.310
  step 1150/1999 best 15.668
  step 1200/1999 best 15.521
  step 1250/1999 best 15.694
  step 1300/1999 best 15.418
  step 1350/1999 best 15.696
  step 1400/1999 best 15.660
  step 1450/1999 best 15.495
  step 1500/1999 best 15.589
  step 1550/1999 best 15.687
  step 1600/1999 best 15.320
  step 1650/1999 best 15.648
  step 1700/1999 best 15.356
  step 1750/1999 best 15.498
  step 1800/1999 best 15.651
  step 1850/1999 best 15.230
  step 1900/1999 best 15.689
  step 1950/1999 best 15.704
saved SBC_CHAINS_cnn_vmim__n1_jitter_seed_s1_sim169_row160468_noise2392_2571_2750 (240000, 4) acc=0.162
  step 0/1999 best -17.686
  step 50/1999 best -1.024
  step 100/1999 best -1.394
  step 150/1999 best -0.302
  step 200/1999 best -0.108
  step 250/1999 best 5.413
  step 300/1999 best 12.196
  step 350/1999 best 15.574
  step 400/1999 best 15.346
  step 450/1999 best 14.997
  step 500/1999 best 15.450
  step 550/1999 best 14.372
  step 600/1999 best 15.511
  step 650/1999 best 15.060
  step 700/1999 best 15.150
  step 750/1999 best 15.799
  step 800/1999 best 15.954
  step 850/1999 best 15.891
  step 900/1999 best 15.899
  step 950/1999 best 15.852
  step 1000/1999 best 15.939
  step 1050/1999 best 15.857
  step 1100/1999 best 15.916
  step 1150/1999 best 15.736
  step 1200/1999 best 15.978
  step 1250/1999 best 15.919
  step 1300/1999 best 16.073
  step 1350/1999 best 15.948
  step 1400/1999 best 16.018
  step 1450/1999 best 15.823
  step 1500/1999 best 15.960
  step 1550/1999 best 16.081
  step 1600/1999 best 15.757
  step 1650/1999 best 15.742
  step 1700/1999 best 15.909
  step 1750/1999 best 15.622
  step 1800/1999 best 16.043
  step 1850/1999 best 15.662
  step 1900/1999 best 15.818
  step 1950/1999 best 15.979
saved SBC_CHAINS_cnn_vmim__n1_jitter_seed_s1_sim1184_row1002257_noise4897_5076_5255 (240000, 4) acc=0.153
  step 0/1999 best -16.239
  step 50/1999 best -3.643
  step 100/1999 best 7.531
  step 150/1999 best 9.433
  step 200/1999 best 10.944
  step 250/1999 best 11.424
  step 300/1999 best 12.218
  step 350/1999 best 12.449
  step 400/1999 best 12.355
  step 450/1999 best 12.398
  step 500/1999 best 12.378
  step 550/1999 best 12.464
  step 600/1999 best 12.444
  step 650/1999 best 12.453
  step 700/1999 best 12.518
  step 750/1999 best 12.405
  step 800/1999 best 12.434
  step 850/1999 best 12.437
  step 900/1999 best 12.403
  step 950/1999 best 12.521
  step 1000/1999 best 12.342
  step 1050/1999 best 12.418
  step 1100/1999 best 12.449
  step 1150/1999 best 12.435
  step 1200/1999 best 12.455
  step 1250/1999 best 12.309
  step 1300/1999 best 12.434
  step 1350/1999 best 12.287
  step 1400/1999 best 12.517
  step 1450/1999 best 12.450
  step 1500/1999 best 12.374
  step 1550/1999 best 12.509
  step 1600/1999 best 12.372
  step 1650/1999 best 12.519
  step 1700/1999 best 12.503
  step 1750/1999 best 12.418
  step 1800/1999 best 12.471
  step 1850/1999 best 12.480
  step 1900/1999 best 12.354
  step 1950/1999 best 12.355
saved SBC_CHAINS_cnn_vmim__n1_jitter_seed_s1_sim2842_row2437250_noise1958_2137_2316 (240000, 4) acc=0.290
  step 0/1999 best -22.099
  step 50/1999 best 6.566
  step 100/1999 best 7.909
  step 150/1999 best 11.370
  step 200/1999 best 11.216
  step 250/1999 best 11.573
  step 300/1999 best 11.631
  step 350/1999 best 11.560
  step 400/1999 best 11.534
  step 450/1999 best 11.338
  step 500/1999 best 11.407
  step 550/1999 best 11.421
  step 600/1999 best 11.579
  step 650/1999 best 11.700
  step 700/1999 best 11.542
  step 750/1999 best 11.498
  step 800/1999 best 11.662
  step 850/1999 best 11.598
  step 900/1999 best 11.575
  step 950/1999 best 11.658
  step 1000/1999 best 11.605
  step 1050/1999 best 11.623
  step 1100/1999 best 11.600
  step 1150/1999 best 11.575
  step 1200/1999 best 11.496
  step 1250/1999 best 11.627
  step 1300/1999 best 11.525
  step 1350/1999 best 11.612
  step 1400/1999 best 11.561
  step 1450/1999 best 11.592
  step 1500/1999 best 11.612
  step 1550/1999 best 11.691
  step 1600/1999 best 11.448
  step 1650/1999 best 11.501
  step 1700/1999 best 11.488
  step 1750/1999 best 11.683
  step 1800/1999 best 11.593
  step 1850/1999 best 11.409
  step 1900/1999 best 11.629
  step 1950/1999 best 11.596
saved SBC_CHAINS_cnn_vmim__n1_jitter_seed_s1_sim3014_row2609809_noise7441_7620_7799 (240000, 4) acc=0.199
  step 0/1999 best -20.990
  step 50/1999 best -9.239
  step 100/1999 best -7.377
  step 150/1999 best -2.720
  step 200/1999 best -0.460
  step 250/1999 best 10.670
  step 300/1999 best 11.194
  step 350/1999 best 12.596
  step 400/1999 best 13.424
  step 450/1999 best 13.264
  step 500/1999 best 13.059
  step 550/1999 best 13.545
  step 600/1999 best 13.315
  step 650/1999 best 13.642
  step 700/1999 best 13.675
  step 750/1999 best 13.408
  step 800/1999 best 13.672
  step 850/1999 best 13.562
  step 900/1999 best 13.680
  step 950/1999 best 13.856
  step 1000/1999 best 13.504
  step 1050/1999 best 13.458
  step 1100/1999 best 13.593
  step 1150/1999 best 13.706
  step 1200/1999 best 13.474
  step 1250/1999 best 13.653
  step 1300/1999 best 13.385
  step 1350/1999 best 13.740
  step 1400/1999 best 13.856
  step 1450/1999 best 13.678
  step 1500/1999 best 13.446
  step 1550/1999 best 13.590
  step 1600/1999 best 13.483
  step 1650/1999 best 13.655
  step 1700/1999 best 13.602
  step 1750/1999 best 13.354
  step 1800/1999 best 13.691
  step 1850/1999 best 13.818
  step 1900/1999 best 13.532
  step 1950/1999 best 13.814
saved SBC_CHAINS_cnn_vmim__n1_jitter_seed_s1_sim2354_row1954252_noise5360_5539_5718 (240000, 4) acc=0.107
  step 0/1999 best -8.797
  step 50/1999 best 9.307
  step 100/1999 best 14.579
  step 150/1999 best 14.647
  step 200/1999 best 16.096
  step 250/1999 best 15.704
  step 300/1999 best 16.429
  step 350/1999 best 16.510
  step 400/1999 best 16.426
  step 450/1999 best 16.317
  step 500/1999 best 16.191
  step 550/1999 best 16.165
  step 600/1999 best 16.432
  step 650/1999 best 16.186
  step 700/1999 best 16.344
  step 750/1999 best 16.286
  step 800/1999 best 16.361
  step 850/1999 best 16.445
  step 900/1999 best 16.369
  step 950/1999 best 16.358
  step 1000/1999 best 16.205
  step 1050/1999 best 16.364
  step 1100/1999 best 16.423
  step 1150/1999 best 16.498
  step 1200/1999 best 16.427
  step 1250/1999 best 16.356
  step 1300/1999 best 16.378
  step 1350/1999 best 16.483
  step 1400/1999 best 16.311
  step 1450/1999 best 16.441
  step 1500/1999 best 16.319
  step 1550/1999 best 16.472
  step 1600/1999 best 16.484
  step 1650/1999 best 16.278
  step 1700/1999 best 16.381
  step 1750/1999 best 16.437
  step 1800/1999 best 16.356
  step 1850/1999 best 16.482
  step 1900/1999 best 16.506
  step 1950/1999 best 16.306
saved SBC_CHAINS_cnn_vmim__n1_jitter_seed_s1_sim813_row762177_noise7281_7460_7639 (240000, 4) acc=0.275
  step 0/1999 best -16.729
  step 50/1999 best -5.744
  step 100/1999 best 12.679
  step 150/1999 best 12.484
  step 200/1999 best 12.484
  step 250/1999 best 12.484
  step 300/1999 best 13.476
  step 350/1999 best 13.806
  step 400/1999 best 13.993
  step 450/1999 best 15.064
  step 500/1999 best 14.777
  step 550/1999 best 15.285
  step 600/1999 best 14.558
  step 650/1999 best 15.640
  step 700/1999 best 15.295
  step 750/1999 best 14.949
  step 800/1999 best 14.873
  step 850/1999 best 14.885
  step 900/1999 best 15.244
  step 950/1999 best 15.390
  step 1000/1999 best 15.192
  step 1050/1999 best 15.470
  step 1100/1999 best 15.579
  step 1150/1999 best 15.717
  step 1200/1999 best 15.468
  step 1250/1999 best 15.547
  step 1300/1999 best 15.671
  step 1350/1999 best 15.603
  step 1400/1999 best 15.641
  step 1450/1999 best 15.399
  step 1500/1999 best 15.642
  step 1550/1999 best 15.386
  step 1600/1999 best 15.631
  step 1650/1999 best 15.678
  step 1700/1999 best 15.414
  step 1750/1999 best 15.636
  step 1800/1999 best 15.625
  step 1850/1999 best 15.697
  step 1900/1999 best 15.654
  step 1950/1999 best 15.670
saved SBC_CHAINS_cnn_vmim__n1_jitter_seed_s1_sim646_row599415_noise7595_7774_7953 (240000, 4) acc=0.131
  step 0/1999 best -14.009
  step 50/1999 best 1.533
  step 100/1999 best 10.497
  step 150/1999 best 14.720
  step 200/1999 best 15.621
  step 250/1999 best 16.023
  step 300/1999 best 16.580
  step 350/1999 best 16.578
  step 400/1999 best 16.434
  step 450/1999 best 16.624
  step 500/1999 best 16.562
  step 550/1999 best 16.603
  step 600/1999 best 16.416
  step 650/1999 best 16.619
  step 700/1999 best 16.503
  step 750/1999 best 16.584
  step 800/1999 best 16.500
  step 850/1999 best 16.577
  step 900/1999 best 16.541
  step 950/1999 best 16.626
  step 1000/1999 best 16.517
  step 1050/1999 best 16.544
  step 1100/1999 best 16.565
  step 1150/1999 best 16.551
  step 1200/1999 best 16.552
  step 1250/1999 best 16.405
  step 1300/1999 best 16.580
  step 1350/1999 best 16.603
  step 1400/1999 best 16.644
  step 1450/1999 best 16.530
  step 1500/1999 best 16.568
  step 1550/1999 best 16.558
  step 1600/1999 best 16.569
  step 1650/1999 best 16.623
  step 1700/1999 best 16.598
  step 1750/1999 best 16.646
  step 1800/1999 best 16.543
  step 1850/1999 best 16.516
  step 1900/1999 best 16.548
  step 1950/1999 best 16.415
saved SBC_CHAINS_cnn_vmim__n1_jitter_seed_s1_sim1989_row1600710_noise4454_4633_4812 (240000, 4) acc=0.356
  step 0/1999 best -8.499
  step 50/1999 best 1.884
  step 100/1999 best 9.793
  step 150/1999 best 12.553
  step 200/1999 best 12.314
  step 250/1999 best 12.578
  step 300/1999 best 13.093
  step 350/1999 best 12.975
  step 400/1999 best 13.037
  step 450/1999 best 13.179
  step 500/1999 best 13.155
  step 550/1999 best 12.992
  step 600/1999 best 13.067
  step 650/1999 best 13.161
  step 700/1999 best 13.148
  step 750/1999 best 13.093
  step 800/1999 best 13.171
  step 850/1999 best 12.844
  step 900/1999 best 13.088
  step 950/1999 best 13.082
  step 1000/1999 best 12.883
  step 1050/1999 best 13.023
  step 1100/1999 best 12.943
  step 1150/1999 best 13.102
  step 1200/1999 best 13.000
  step 1250/1999 best 12.940
  step 1300/1999 best 13.156
  step 1350/1999 best 12.949
  step 1400/1999 best 13.154
  step 1450/1999 best 13.122
  step 1500/1999 best 13.148
  step 1550/1999 best 13.049
  step 1600/1999 best 13.134
  step 1650/1999 best 13.175
  step 1700/1999 best 12.889
  step 1750/1999 best 13.028
  step 1800/1999 best 12.977
  step 1850/1999 best 13.119
  step 1900/1999 best 13.089
  step 1950/1999 best 13.074
saved SBC_CHAINS_cnn_vmim__n1_jitter_seed_s1_sim2090_row1700023_noise6487_6666_6845 (240000, 4) acc=0.260
  step 0/1999 best -13.829
  step 50/1999 best 9.137
  step 100/1999 best 10.785
  step 150/1999 best 14.989
  step 200/1999 best 15.088
  step 250/1999 best 15.406
  step 300/1999 best 15.341
  step 350/1999 best 15.534
  step 400/1999 best 15.262
  step 450/1999 best 15.264
  step 500/1999 best 15.356
  step 550/1999 best 15.550
  step 600/1999 best 15.367
  step 650/1999 best 15.506
  step 700/1999 best 15.544
  step 750/1999 best 15.397
  step 800/1999 best 15.417
  step 850/1999 best 15.378
  step 900/1999 best 15.565
  step 950/1999 best 15.487
  step 1000/1999 best 15.495
  step 1050/1999 best 15.561
  step 1100/1999 best 15.272
  step 1150/1999 best 15.428
  step 1200/1999 best 15.276
  step 1250/1999 best 15.471
  step 1300/1999 best 15.487
  step 1350/1999 best 15.553
  step 1400/1999 best 15.356
  step 1450/1999 best 15.390
  step 1500/1999 best 15.450
  step 1550/1999 best 15.298
  step 1600/1999 best 15.486
  step 1650/1999 best 15.316
  step 1700/1999 best 15.522
  step 1750/1999 best 15.280
  step 1800/1999 best 15.402
  step 1850/1999 best 15.552
  step 1900/1999 best 15.412
  step 1950/1999 best 15.482
saved SBC_CHAINS_cnn_vmim__n1_jitter_seed_s1_sim1441_row1223126_noise6238_6417_6596 (240000, 4) acc=0.221
  step 0/1999 best -13.411
  step 50/1999 best 5.861
  step 100/1999 best 9.671
  step 150/1999 best 11.273
  step 200/1999 best 11.600
  step 250/1999 best 11.755
  step 300/1999 best 11.781
  step 350/1999 best 11.821
  step 400/1999 best 11.710
  step 450/1999 best 11.723
  step 500/1999 best 11.765
  step 550/1999 best 11.820
  step 600/1999 best 11.825
  step 650/1999 best 11.741
  step 700/1999 best 11.683
  step 750/1999 best 11.696
  step 800/1999 best 11.749
  step 850/1999 best 11.686
  step 900/1999 best 11.781
  step 950/1999 best 11.818
  step 1000/1999 best 11.687
  step 1050/1999 best 11.877
  step 1100/1999 best 11.840
  step 1150/1999 best 11.793
  step 1200/1999 best 11.682
  step 1250/1999 best 11.809
  step 1300/1999 best 11.807
  step 1350/1999 best 11.860
  step 1400/1999 best 11.761
  step 1450/1999 best 11.863
  step 1500/1999 best 11.846
  step 1550/1999 best 11.854
  step 1600/1999 best 11.842
  step 1650/1999 best 11.763
  step 1700/1999 best 11.666
  step 1750/1999 best 11.663
  step 1800/1999 best 11.847
  step 1850/1999 best 11.787
  step 1900/1999 best 11.710
  step 1950/1999 best 11.838
saved SBC_CHAINS_cnn_vmim__n1_jitter_seed_s1_sim2930_row2525189_noise1445_1624_1803 (240000, 4) acc=0.253
  step 0/1999 best -19.524
  step 50/1999 best -3.060
  step 100/1999 best 13.940
  step 150/1999 best 14.621
  step 200/1999 best 14.566
  step 250/1999 best 14.488
  step 300/1999 best 15.583
  step 350/1999 best 15.836
  step 400/1999 best 15.933
  step 450/1999 best 16.138
  step 500/1999 best 15.970
  step 550/1999 best 16.173
  step 600/1999 best 16.179
  step 650/1999 best 15.763
  step 700/1999 best 15.939
  step 750/1999 best 16.192
  step 800/1999 best 16.080
  step 850/1999 best 16.140
  step 900/1999 best 16.235
  step 950/1999 best 16.203
  step 1000/1999 best 16.076
  step 1050/1999 best 16.132
  step 1100/1999 best 16.192
  step 1150/1999 best 16.122
  step 1200/1999 best 16.241
  step 1250/1999 best 16.042
  step 1300/1999 best 16.059
  step 1350/1999 best 16.166
  step 1400/1999 best 16.144
  step 1450/1999 best 16.115
  step 1500/1999 best 16.204
  step 1550/1999 best 16.069
  step 1600/1999 best 16.127
  step 1650/1999 best 16.004
  step 1700/1999 best 16.261
  step 1750/1999 best 16.154
  step 1800/1999 best 16.211
  step 1850/1999 best 15.934
  step 1900/1999 best 16.058
  step 1950/1999 best 16.115
saved SBC_CHAINS_cnn_vmim__n1_jitter_seed_s1_sim338_row324494_noise4342_4521_4700 (240000, 4) acc=0.208
  step 0/1999 best -8.274
  step 50/1999 best -1.089
  step 100/1999 best 10.917
  step 150/1999 best 15.247
  step 200/1999 best 15.803
  step 250/1999 best 16.102
  step 300/1999 best 16.419
  step 350/1999 best 16.327
  step 400/1999 best 16.339
  step 450/1999 best 16.501
  step 500/1999 best 16.351
  step 550/1999 best 16.437
  step 600/1999 best 16.422
  step 650/1999 best 16.474
  step 700/1999 best 16.532
  step 750/1999 best 16.507
  step 800/1999 best 16.536
  step 850/1999 best 16.591
  step 900/1999 best 16.435
  step 950/1999 best 16.378
  step 1000/1999 best 16.403
  step 1050/1999 best 16.594
  step 1100/1999 best 16.474
  step 1150/1999 best 16.393
  step 1200/1999 best 16.539
  step 1250/1999 best 16.297
  step 1300/1999 best 16.550
  step 1350/1999 best 16.604
  step 1400/1999 best 16.485
  step 1450/1999 best 16.464
  step 1500/1999 best 16.443
  step 1550/1999 best 16.498
  step 1600/1999 best 16.509
  step 1650/1999 best 16.558
  step 1700/1999 best 16.477
  step 1750/1999 best 16.642
  step 1800/1999 best 16.416
  step 1850/1999 best 16.546
  step 1900/1999 best 16.502
  step 1950/1999 best 16.547
saved SBC_CHAINS_cnn_vmim__n1_jitter_seed_s1_sim814_row763292_noise8396_8575_8754 (240000, 4) acc=0.323
  step 0/1999 best -12.477
  step 50/1999 best -2.073
  step 100/1999 best 5.577
  step 150/1999 best 7.170
  step 200/1999 best 8.407
  step 250/1999 best 10.308
  step 300/1999 best 10.738
  step 350/1999 best 10.919
  step 400/1999 best 11.251
  step 450/1999 best 11.109
  step 500/1999 best 11.546
  step 550/1999 best 11.444
  step 600/1999 best 11.385
  step 650/1999 best 11.445
  step 700/1999 best 11.631
  step 750/1999 best 11.119
  step 800/1999 best 11.371
  step 850/1999 best 11.494
  step 900/1999 best 11.485
  step 950/1999 best 11.475
  step 1000/1999 best 11.410
  step 1050/1999 best 11.605
  step 1100/1999 best 11.400
  step 1150/1999 best 11.407
  step 1200/1999 best 11.464
  step 1250/1999 best 11.614
  step 1300/1999 best 11.522
  step 1350/1999 best 11.585
  step 1400/1999 best 11.279
  step 1450/1999 best 11.641
  step 1500/1999 best 11.489
  step 1550/1999 best 11.407
  step 1600/1999 best 11.535
  step 1650/1999 best 11.620
  step 1700/1999 best 11.473
  step 1750/1999 best 11.334
  step 1800/1999 best 11.359
  step 1850/1999 best 11.550
  step 1900/1999 best 11.511
  step 1950/1999 best 11.553
saved SBC_CHAINS_cnn_vmim__n1_jitter_seed_s1_sim2636_row2235319_noise2415_2594_2773 (240000, 4) acc=0.150
  step 0/1999 best -24.917
  step 50/1999 best -4.640
  step 100/1999 best 8.929
  step 150/1999 best 11.624
  step 200/1999 best 10.768
  step 250/1999 best 12.142
  step 300/1999 best 12.064
  step 350/1999 best 12.154
  step 400/1999 best 12.098
  step 450/1999 best 12.053
  step 500/1999 best 12.013
  step 550/1999 best 12.037
  step 600/1999 best 12.118
  step 650/1999 best 12.101
  step 700/1999 best 12.045
  step 750/1999 best 12.074
  step 800/1999 best 12.076
  step 850/1999 best 11.991
  step 900/1999 best 12.116
  step 950/1999 best 12.117
  step 1000/1999 best 12.100
  step 1050/1999 best 12.130
  step 1100/1999 best 12.179
  step 1150/1999 best 12.087
  step 1200/1999 best 12.156
  step 1250/1999 best 12.113
  step 1300/1999 best 12.165
  step 1350/1999 best 11.915
  step 1400/1999 best 11.982
  step 1450/1999 best 12.091
  step 1500/1999 best 12.085
  step 1550/1999 best 12.091
  step 1600/1999 best 12.120
  step 1650/1999 best 12.128
  step 1700/1999 best 12.122
  step 1750/1999 best 12.171
  step 1800/1999 best 12.145
  step 1850/1999 best 12.067
  step 1900/1999 best 12.135
  step 1950/1999 best 12.093
saved SBC_CHAINS_cnn_vmim__n1_jitter_seed_s1_sim2905_row2500106_noise5846_6025_6204 (240000, 4) acc=0.252
  step 0/1999 best -19.110
  step 50/1999 best 9.844
  step 100/1999 best 15.471
  step 150/1999 best 15.377
  step 200/1999 best 15.458
  step 250/1999 best 15.778
  step 300/1999 best 15.567
  step 350/1999 best 15.745
  step 400/1999 best 15.927
  step 450/1999 best 15.841
  step 500/1999 best 15.936
  step 550/1999 best 15.913
  step 600/1999 best 15.759
  step 650/1999 best 15.684
  step 700/1999 best 15.749
  step 750/1999 best 15.860
  step 800/1999 best 15.753
  step 850/1999 best 15.770
  step 900/1999 best 15.865
  step 950/1999 best 15.564
  step 1000/1999 best 15.784
  step 1050/1999 best 15.692
  step 1100/1999 best 15.793
  step 1150/1999 best 15.864
  step 1200/1999 best 15.828
  step 1250/1999 best 15.659
  step 1300/1999 best 15.759
  step 1350/1999 best 15.846
  step 1400/1999 best 15.852
  step 1450/1999 best 15.720
  step 1500/1999 best 15.724
  step 1550/1999 best 15.778
  step 1600/1999 best 15.910
  step 1650/1999 best 15.895
  step 1700/1999 best 15.892
  step 1750/1999 best 15.812
  step 1800/1999 best 15.905
  step 1850/1999 best 15.773
  step 1900/1999 best 15.736
  step 1950/1999 best 15.756
saved SBC_CHAINS_cnn_vmim__n1_jitter_seed_s1_sim1754_row1507604_noise5220_5399_5578 (240000, 4) acc=0.193
  step 0/1999 best -14.720
  step 50/1999 best 7.627
  step 100/1999 best 10.258
  step 150/1999 best 10.474
  step 200/1999 best 10.548
  step 250/1999 best 10.539
  step 300/1999 best 10.711
  step 350/1999 best 10.660
  step 400/1999 best 10.635
  step 450/1999 best 10.560
  step 500/1999 best 10.543
  step 550/1999 best 10.570
  step 600/1999 best 10.592
  step 650/1999 best 10.527
  step 700/1999 best 10.695
  step 750/1999 best 10.679
  step 800/1999 best 10.623
  step 850/1999 best 10.467
  step 900/1999 best 10.545
  step 950/1999 best 10.586
  step 1000/1999 best 10.573
  step 1050/1999 best 10.425
  step 1100/1999 best 10.703
  step 1150/1999 best 10.624
  step 1200/1999 best 10.556
  step 1250/1999 best 10.480
  step 1300/1999 best 10.674
  step 1350/1999 best 10.691
  step 1400/1999 best 10.639
  step 1450/1999 best 10.670
  step 1500/1999 best 10.686
  step 1550/1999 best 10.545
  step 1600/1999 best 10.636
  step 1650/1999 best 10.445
  step 1700/1999 best 10.471
  step 1750/1999 best 10.605
  step 1800/1999 best 10.677
  step 1850/1999 best 10.582
  step 1900/1999 best 10.660
  step 1950/1999 best 10.642
saved SBC_CHAINS_cnn_vmim__n1_jitter_seed_s1_sim3025_row2620426_noise8230_8409_8588 (240000, 4) acc=0.429
  step 0/1999 best -19.933
  step 50/1999 best 3.644
  step 100/1999 best 8.811
  step 150/1999 best 11.019
  step 200/1999 best 14.443
  step 250/1999 best 14.391
  step 300/1999 best 14.654
  step 350/1999 best 15.010
  step 400/1999 best 14.897
  step 450/1999 best 14.383
  step 500/1999 best 15.061
  step 550/1999 best 15.190
  step 600/1999 best 15.252
  step 650/1999 best 15.254
  step 700/1999 best 15.168
  step 750/1999 best 15.170
  step 800/1999 best 15.046
  step 850/1999 best 15.257
  step 900/1999 best 15.292
  step 950/1999 best 15.207
  step 1000/1999 best 14.914
  step 1050/1999 best 14.885
  step 1100/1999 best 15.211
  step 1150/1999 best 15.251
  step 1200/1999 best 15.162
  step 1250/1999 best 15.119
  step 1300/1999 best 15.173
  step 1350/1999 best 14.875
  step 1400/1999 best 15.052
  step 1450/1999 best 15.237
  step 1500/1999 best 15.289
  step 1550/1999 best 15.234
  step 1600/1999 best 15.280
  step 1650/1999 best 15.216
  step 1700/1999 best 15.181
  step 1750/1999 best 15.122
  step 1800/1999 best 15.205
  step 1850/1999 best 15.248
  step 1900/1999 best 14.945
  step 1950/1999 best 15.315
saved SBC_CHAINS_cnn_vmim__n1_jitter_seed_s1_sim415_row393028_noise2252_2431_2610 (240000, 4) acc=0.158
  step 0/1999 best -16.457
  step 50/1999 best -4.742
  step 100/1999 best -2.973
  step 150/1999 best 0.966
  step 200/1999 best 8.671
  step 250/1999 best 12.395
  step 300/1999 best 12.608
  step 350/1999 best 11.681
  step 400/1999 best 14.218
  step 450/1999 best 14.283
  step 500/1999 best 13.985
  step 550/1999 best 14.815
  step 600/1999 best 14.923
  step 650/1999 best 14.675
  step 700/1999 best 14.966
  step 750/1999 best 14.645
  step 800/1999 best 14.790
  step 850/1999 best 14.973
  step 900/1999 best 14.912
  step 950/1999 best 14.788
  step 1000/1999 best 14.818
  step 1050/1999 best 14.943
  step 1100/1999 best 14.871
  step 1150/1999 best 14.696
  step 1200/1999 best 14.762
  step 1250/1999 best 14.788
  step 1300/1999 best 14.907
  step 1350/1999 best 14.851
  step 1400/1999 best 14.949
  step 1450/1999 best 14.939
  step 1500/1999 best 14.913
  step 1550/1999 best 14.775
  step 1600/1999 best 14.696
  step 1650/1999 best 14.839
  step 1700/1999 best 14.861
  step 1750/1999 best 14.966
  step 1800/1999 best 14.660
  step 1850/1999 best 14.901
  step 1900/1999 best 14.697
  step 1950/1999 best 14.789
saved SBC_CHAINS_cnn_vmim__n1_jitter_seed_s1_sim454_row432850_noise2762_2941_3120 (240000, 4) acc=0.242
  step 0/1999 best -20.155
  step 50/1999 best 0.264
  step 100/1999 best 3.467
  step 150/1999 best 14.825
  step 200/1999 best 13.978
  step 250/1999 best 15.107
  step 300/1999 best 15.906
  step 350/1999 best 16.455
  step 400/1999 best 16.290
  step 450/1999 best 16.544
  step 500/1999 best 16.403
  step 550/1999 best 16.344
  step 600/1999 best 16.527
  step 650/1999 best 16.374
  step 700/1999 best 16.248
  step 750/1999 best 16.418
  step 800/1999 best 16.322
  step 850/1999 best 16.351
  step 900/1999 best 16.432
  step 950/1999 best 16.449
  step 1000/1999 best 16.251
  step 1050/1999 best 16.418
  step 1100/1999 best 16.250
  step 1150/1999 best 16.504
  step 1200/1999 best 16.429
  step 1250/1999 best 16.462
  step 1300/1999 best 16.420
  step 1350/1999 best 16.494
  step 1400/1999 best 16.343
  step 1450/1999 best 16.490
  step 1500/1999 best 16.488
  step 1550/1999 best 16.458
  step 1600/1999 best 16.326
  step 1650/1999 best 16.434
  step 1700/1999 best 16.416
  step 1750/1999 best 16.443
  step 1800/1999 best 16.507
  step 1850/1999 best 16.545
  step 1900/1999 best 16.434
  step 1950/1999 best 16.287
saved SBC_CHAINS_cnn_vmim__n1_jitter_seed_s1_sim807_row756448_noise1552_1731_1910 (240000, 4) acc=0.278
  step 0/1999 best -6.318
  step 50/1999 best 3.463
  step 100/1999 best 11.281
  step 150/1999 best 12.181
  step 200/1999 best 13.662
  step 250/1999 best 13.455
  step 300/1999 best 14.210
  step 350/1999 best 14.711
  step 400/1999 best 14.742
  step 450/1999 best 14.525
  step 500/1999 best 14.570
  step 550/1999 best 14.675
  step 600/1999 best 14.635
  step 650/1999 best 14.630
  step 700/1999 best 14.499
  step 750/1999 best 14.460
  step 800/1999 best 14.318
  step 850/1999 best 14.597
  step 900/1999 best 14.617
  step 950/1999 best 14.560
  step 1000/1999 best 14.486
  step 1050/1999 best 14.651
  step 1100/1999 best 14.399
  step 1150/1999 best 14.552
  step 1200/1999 best 14.647
  step 1250/1999 best 14.679
  step 1300/1999 best 14.622
  step 1350/1999 best 14.731
  step 1400/1999 best 14.439
  step 1450/1999 best 14.736
  step 1500/1999 best 14.613
  step 1550/1999 best 14.707
  step 1600/1999 best 14.692
  step 1650/1999 best 14.532
  step 1700/1999 best 14.665
  step 1750/1999 best 14.734
  step 1800/1999 best 14.665
  step 1850/1999 best 14.694
  step 1900/1999 best 14.652
  step 1950/1999 best 14.558
saved SBC_CHAINS_cnn_vmim__n1_jitter_seed_s1_sim328_row314808_noise4484_4663_4842 (240000, 4) acc=0.210
  step 0/1999 best -12.086
  step 50/1999 best 6.629
  step 100/1999 best 11.612
  step 150/1999 best 12.917
  step 200/1999 best 13.083
  step 250/1999 best 13.022
  step 300/1999 best 13.137
  step 350/1999 best 13.032
  step 400/1999 best 13.244
  step 450/1999 best 13.283
  step 500/1999 best 13.106
  step 550/1999 best 13.295
  step 600/1999 best 13.242
  step 650/1999 best 13.253
  step 700/1999 best 13.151
  step 750/1999 best 13.293
  step 800/1999 best 13.276
  step 850/1999 best 13.298
  step 900/1999 best 13.042
  step 950/1999 best 13.127
  step 1000/1999 best 13.208
  step 1050/1999 best 13.160
  step 1100/1999 best 13.276
  step 1150/1999 best 13.228
  step 1200/1999 best 13.241
  step 1250/1999 best 13.306
  step 1300/1999 best 13.252
  step 1350/1999 best 13.180
  step 1400/1999 best 13.199
  step 1450/1999 best 13.156
  step 1500/1999 best 13.252
  step 1550/1999 best 13.181
  step 1600/1999 best 13.223
  step 1650/1999 best 13.170
  step 1700/1999 best 13.153
  step 1750/1999 best 13.238
  step 1800/1999 best 13.222
  step 1850/1999 best 13.298
  step 1900/1999 best 13.282
  step 1950/1999 best 13.272
saved SBC_CHAINS_cnn_vmim__n1_jitter_seed_s1_sim1233_row1051709_noise5209_5388_5567 (240000, 4) acc=0.413
  step 0/1999 best -18.067
  step 50/1999 best 0.759
  step 100/1999 best 5.239
  step 150/1999 best 6.309
  step 200/1999 best 6.356
  step 250/1999 best 6.799
  step 300/1999 best 6.788
  step 350/1999 best 6.526
  step 400/1999 best 6.703
  step 450/1999 best 6.639
  step 500/1999 best 6.715
  step 550/1999 best 6.734
  step 600/1999 best 6.483
  step 650/1999 best 6.626
  step 700/1999 best 6.755
  step 750/1999 best 6.577
  step 800/1999 best 6.706
  step 850/1999 best 6.626
  step 900/1999 best 6.751
  step 950/1999 best 6.616
  step 1000/1999 best 6.591
  step 1050/1999 best 6.701
  step 1100/1999 best 6.528
  step 1150/1999 best 6.690
  step 1200/1999 best 6.625
  step 1250/1999 best 6.619
  step 1300/1999 best 6.718
  step 1350/1999 best 6.602
  step 1400/1999 best 6.741
  step 1450/1999 best 6.677
  step 1500/1999 best 6.531
  step 1550/1999 best 6.650
  step 1600/1999 best 6.726
  step 1650/1999 best 6.766
  step 1700/1999 best 6.660
  step 1750/1999 best 6.698
  step 1800/1999 best 6.715
  step 1850/1999 best 6.643
  step 1900/1999 best 6.701
  step 1950/1999 best 6.688
saved SBC_CHAINS_cnn_vmim__n1_jitter_seed_s1_sim2870_row2465513_noise737_916_1095 (240000, 4) acc=0.416
  step 0/1999 best -18.129
  step 50/1999 best -3.385
  step 100/1999 best 8.611
  step 150/1999 best 11.908
  step 200/1999 best 15.448
  step 250/1999 best 16.216
  step 300/1999 best 16.594
  step 350/1999 best 16.392
  step 400/1999 best 16.779
  step 450/1999 best 16.812
  step 500/1999 best 16.934
  step 550/1999 best 16.907
  step 600/1999 best 17.062
  step 650/1999 best 17.031
  step 700/1999 best 16.913
  step 750/1999 best 16.939
  step 800/1999 best 17.087
  step 850/1999 best 16.465
  step 900/1999 best 17.013
  step 950/1999 best 17.095
  step 1000/1999 best 17.020
  step 1050/1999 best 16.982
  step 1100/1999 best 16.937
  step 1150/1999 best 17.123
  step 1200/1999 best 16.820
  step 1250/1999 best 16.959
  step 1300/1999 best 17.086
  step 1350/1999 best 16.870
  step 1400/1999 best 17.113
  step 1450/1999 best 17.108
  step 1500/1999 best 17.026
  step 1550/1999 best 16.971
  step 1600/1999 best 17.117
  step 1650/1999 best 17.049
  step 1700/1999 best 16.899
  step 1750/1999 best 17.054
  step 1800/1999 best 16.968
  step 1850/1999 best 17.109
  step 1900/1999 best 17.058
  step 1950/1999 best 16.991
saved SBC_CHAINS_cnn_vmim__n1_jitter_seed_s1_sim1203_row1021047_noise4031_4210_4389 (240000, 4) acc=0.175
  step 0/1999 best -17.901
  step 50/1999 best 0.297
  step 100/1999 best 8.717
  step 150/1999 best 11.829
  step 200/1999 best 14.161
  step 250/1999 best 15.034
  step 300/1999 best 16.222
  step 350/1999 best 16.471
  step 400/1999 best 16.544
  step 450/1999 best 16.466
  step 500/1999 best 16.698
  step 550/1999 best 16.671
  step 600/1999 best 16.580
  step 650/1999 best 16.726
  step 700/1999 best 16.668
  step 750/1999 best 16.425
  step 800/1999 best 16.717
  step 850/1999 best 16.622
  step 900/1999 best 16.485
  step 950/1999 best 16.742
  step 1000/1999 best 16.581
  step 1050/1999 best 16.557
  step 1100/1999 best 16.446
  step 1150/1999 best 16.678
  step 1200/1999 best 16.683
  step 1250/1999 best 16.693
  step 1300/1999 best 16.450
  step 1350/1999 best 16.626
  step 1400/1999 best 16.702
  step 1450/1999 best 16.765
  step 1500/1999 best 16.782
  step 1550/1999 best 16.611
  step 1600/1999 best 16.737
  step 1650/1999 best 16.602
  step 1700/1999 best 16.755
  step 1750/1999 best 16.772
  step 1800/1999 best 16.779
  step 1850/1999 best 16.637
  step 1900/1999 best 16.762
  step 1950/1999 best 16.577
saved SBC_CHAINS_cnn_vmim__n1_jitter_seed_s1_sim1347_row1156608_noise1172_1351_1530 (240000, 4) acc=0.221
  step 0/1999 best -18.821
  step 50/1999 best -4.715
  step 100/1999 best 8.274
  step 150/1999 best 9.489
  step 200/1999 best 11.077
  step 250/1999 best 11.561
  step 300/1999 best 11.994
  step 350/1999 best 12.117
  step 400/1999 best 12.175
  step 450/1999 best 12.116
  step 500/1999 best 12.096
  step 550/1999 best 12.128
  step 600/1999 best 11.978
  step 650/1999 best 12.119
  step 700/1999 best 12.090
  step 750/1999 best 11.920
  step 800/1999 best 11.965
  step 850/1999 best 12.111
  step 900/1999 best 12.035
  step 950/1999 best 12.100
  step 1000/1999 best 11.950
  step 1050/1999 best 12.129
  step 1100/1999 best 12.139
  step 1150/1999 best 12.171
  step 1200/1999 best 12.061
  step 1250/1999 best 12.146
  step 1300/1999 best 12.164
  step 1350/1999 best 12.066
  step 1400/1999 best 12.143
  step 1450/1999 best 12.026
  step 1500/1999 best 11.975
  step 1550/1999 best 12.068
  step 1600/1999 best 12.002
  step 1650/1999 best 12.014
  step 1700/1999 best 12.028
  step 1750/1999 best 12.098
  step 1800/1999 best 12.115
  step 1850/1999 best 12.144
  step 1900/1999 best 11.916
  step 1950/1999 best 12.056
saved SBC_CHAINS_cnn_vmim__n1_jitter_seed_s1_sim3061_row2656740_noise5232_5411_5590 (240000, 4) acc=0.362
  step 0/1999 best -22.208
  step 50/1999 best 13.275
  step 100/1999 best 14.940
  step 150/1999 best 14.870
  step 200/1999 best 15.925
  step 250/1999 best 15.797
  step 300/1999 best 15.683
  step 350/1999 best 15.878
  step 400/1999 best 16.027
  step 450/1999 best 15.924
  step 500/1999 best 15.956
  step 550/1999 best 15.944
  step 600/1999 best 16.040
  step 650/1999 best 16.006
  step 700/1999 best 16.091
  step 750/1999 best 15.940
  step 800/1999 best 15.975
  step 850/1999 best 15.930
  step 900/1999 best 16.015
  step 950/1999 best 15.986
  step 1000/1999 best 16.082
  step 1050/1999 best 16.077
  step 1100/1999 best 16.048
  step 1150/1999 best 15.936
  step 1200/1999 best 16.015
  step 1250/1999 best 16.020
  step 1300/1999 best 15.922
  step 1350/1999 best 15.965
  step 1400/1999 best 15.924
  step 1450/1999 best 15.873
  step 1500/1999 best 15.978
  step 1550/1999 best 15.988
  step 1600/1999 best 16.042
  step 1650/1999 best 15.915
  step 1700/1999 best 16.095
  step 1750/1999 best 15.924
  step 1800/1999 best 15.896
  step 1850/1999 best 15.765
  step 1900/1999 best 16.073
  step 1950/1999 best 16.109
saved SBC_CHAINS_cnn_vmim__n1_jitter_seed_s1_sim350_row336965_noise6985_7164_7343 (240000, 4) acc=0.241
  step 0/1999 best -17.845
  step 50/1999 best 10.099
  step 100/1999 best 13.463
  step 150/1999 best 13.768
  step 200/1999 best 13.605
  step 250/1999 best 13.794
  step 300/1999 best 13.835
  step 350/1999 best 13.644
  step 400/1999 best 13.855
  step 450/1999 best 13.705
  step 500/1999 best 13.937
  step 550/1999 best 13.897
  step 600/1999 best 13.929
  step 650/1999 best 13.921
  step 700/1999 best 13.792
  step 750/1999 best 13.901
  step 800/1999 best 13.925
  step 850/1999 best 14.000
  step 900/1999 best 13.914
  step 950/1999 best 13.867
  step 1000/1999 best 13.915
  step 1050/1999 best 13.953
  step 1100/1999 best 13.786
  step 1150/1999 best 13.879
  step 1200/1999 best 13.822
  step 1250/1999 best 13.969
  step 1300/1999 best 13.821
  step 1350/1999 best 13.882
  step 1400/1999 best 13.950
  step 1450/1999 best 13.962
  step 1500/1999 best 13.817
  step 1550/1999 best 13.938
  step 1600/1999 best 13.936
  step 1650/1999 best 13.817
  step 1700/1999 best 13.811
  step 1750/1999 best 13.855
  step 1800/1999 best 13.892
  step 1850/1999 best 13.903
  step 1900/1999 best 13.881
  step 1950/1999 best 13.945
saved SBC_CHAINS_cnn_vmim__n1_jitter_seed_s1_sim1311_row1120235_noise4111_4290_4469 (240000, 4) acc=0.345
  step 0/1999 best -11.882
  step 50/1999 best -3.330
  step 100/1999 best -1.077
  step 150/1999 best -1.177
  step 200/1999 best 6.788
  step 250/1999 best 12.356
  step 300/1999 best 13.810
  step 350/1999 best 14.468
  step 400/1999 best 14.155
  step 450/1999 best 14.938
  step 500/1999 best 14.845
  step 550/1999 best 14.966
  step 600/1999 best 15.223
  step 650/1999 best 14.624
  step 700/1999 best 15.072
  step 750/1999 best 15.130
  step 800/1999 best 15.106
  step 850/1999 best 15.080
  step 900/1999 best 15.189
  step 950/1999 best 15.017
  step 1000/1999 best 15.207
  step 1050/1999 best 15.210
  step 1100/1999 best 15.168
  step 1150/1999 best 15.114
  step 1200/1999 best 15.024
  step 1250/1999 best 15.061
  step 1300/1999 best 15.115
  step 1350/1999 best 15.081
  step 1400/1999 best 14.911
  step 1450/1999 best 15.121
  step 1500/1999 best 15.203
  step 1550/1999 best 15.201
  step 1600/1999 best 15.067
  step 1650/1999 best 14.998
  step 1700/1999 best 15.065
  step 1750/1999 best 14.959
  step 1800/1999 best 15.029
  step 1850/1999 best 14.979
  step 1900/1999 best 15.006
  step 1950/1999 best 14.964
saved SBC_CHAINS_cnn_vmim__n1_jitter_seed_s1_sim1420_row1202988_noise5756_5935_6114 (240000, 4) acc=0.221
  step 0/1999 best -19.205
  step 50/1999 best 14.042
  step 100/1999 best 14.125
  step 150/1999 best 15.007
  step 200/1999 best 15.506
  step 250/1999 best 15.517
  step 300/1999 best 15.505
  step 350/1999 best 15.609
  step 400/1999 best 15.665
  step 450/1999 best 15.565
  step 500/1999 best 15.488
  step 550/1999 best 15.592
  step 600/1999 best 15.588
  step 650/1999 best 15.543
  step 700/1999 best 15.647
  step 750/1999 best 15.625
  step 800/1999 best 15.637
  step 850/1999 best 15.441
  step 900/1999 best 15.327
  step 950/1999 best 15.604
  step 1000/1999 best 15.597
  step 1050/1999 best 15.439
  step 1100/1999 best 15.432
  step 1150/1999 best 15.454
  step 1200/1999 best 15.554
  step 1250/1999 best 15.718
  step 1300/1999 best 15.604
  step 1350/1999 best 15.591
  step 1400/1999 best 15.586
  step 1450/1999 best 15.643
  step 1500/1999 best 15.602
  step 1550/1999 best 15.658
  step 1600/1999 best 15.520
  step 1650/1999 best 15.607
  step 1700/1999 best 15.593
  step 1750/1999 best 15.595
  step 1800/1999 best 15.563
  step 1850/1999 best 15.701
  step 1900/1999 best 15.362
  step 1950/1999 best 15.548
saved SBC_CHAINS_cnn_vmim__n1_jitter_seed_s1_sim1454_row1236076_noise9360_9539_9718 (240000, 4) acc=0.256
  step 0/1999 best -18.366
  step 50/1999 best -2.635
  step 100/1999 best 1.645
  step 150/1999 best 4.015
  step 200/1999 best 9.936
  step 250/1999 best 11.741
  step 300/1999 best 14.556
  step 350/1999 best 15.089
  step 400/1999 best 14.948
  step 450/1999 best 14.638
  step 500/1999 best 15.012
  step 550/1999 best 16.547
  step 600/1999 best 16.408
  step 650/1999 best 16.488
  step 700/1999 best 16.370
  step 750/1999 best 16.271
  step 800/1999 best 16.191
  step 850/1999 best 16.475
  step 900/1999 best 16.781
  step 950/1999 best 16.564
  step 1000/1999 best 16.495
  step 1050/1999 best 16.456
  step 1100/1999 best 16.549
  step 1150/1999 best 16.744
  step 1200/1999 best 16.657
  step 1250/1999 best 16.717
  step 1300/1999 best 16.678
  step 1350/1999 best 16.544
  step 1400/1999 best 16.659
  step 1450/1999 best 16.561
  step 1500/1999 best 16.452
  step 1550/1999 best 16.494
  step 1600/1999 best 16.689
  step 1650/1999 best 16.689
  step 1700/1999 best 16.509
  step 1750/1999 best 16.661
  step 1800/1999 best 16.543
  step 1850/1999 best 16.636
  step 1900/1999 best 16.740
  step 1950/1999 best 16.751
saved SBC_CHAINS_cnn_vmim__n1_jitter_seed_s1_sim104_row103293_noise6013_6192_6371 (240000, 4) acc=0.142
  step 0/1999 best -12.377
  step 50/1999 best 1.627
  step 100/1999 best 12.468
  step 150/1999 best 15.114
  step 200/1999 best 15.111
  step 250/1999 best 14.992
  step 300/1999 best 15.074
  step 350/1999 best 15.634
  step 400/1999 best 15.666
  step 450/1999 best 15.435
  step 500/1999 best 15.687
  step 550/1999 best 15.762
  step 600/1999 best 15.763
  step 650/1999 best 15.841
  step 700/1999 best 15.756
  step 750/1999 best 15.315
  step 800/1999 best 15.875
  step 850/1999 best 15.805
  step 900/1999 best 15.823
  step 950/1999 best 15.746
  step 1000/1999 best 15.760
  step 1050/1999 best 15.813
  step 1100/1999 best 15.733
  step 1150/1999 best 15.807
  step 1200/1999 best 15.649
  step 1250/1999 best 15.912
  step 1300/1999 best 15.852
  step 1350/1999 best 15.754
  step 1400/1999 best 15.680
  step 1450/1999 best 15.649
  step 1500/1999 best 15.843
  step 1550/1999 best 15.654
  step 1600/1999 best 15.791
  step 1650/1999 best 15.714
  step 1700/1999 best 15.833
  step 1750/1999 best 15.867
  step 1800/1999 best 15.635
  step 1850/1999 best 15.830
  step 1900/1999 best 15.635
  step 1950/1999 best 15.905
saved SBC_CHAINS_cnn_vmim__n1_jitter_seed_s1_sim193_row184447_noise6715_6894_7073 (240000, 4) acc=0.203
  step 0/1999 best -18.712
  step 50/1999 best 8.334
  step 100/1999 best 13.702
  step 150/1999 best 15.239
  step 200/1999 best 16.190
  step 250/1999 best 15.684
  step 300/1999 best 16.362
  step 350/1999 best 16.234
  step 400/1999 best 16.143
  step 450/1999 best 16.210
  step 500/1999 best 16.293
  step 550/1999 best 16.385
  step 600/1999 best 16.473
  step 650/1999 best 16.310
  step 700/1999 best 16.322
  step 750/1999 best 16.332
  step 800/1999 best 16.458
  step 850/1999 best 16.475
  step 900/1999 best 16.319
  step 950/1999 best 16.365
  step 1000/1999 best 16.441
  step 1050/1999 best 16.337
  step 1100/1999 best 16.507
  step 1150/1999 best 16.473
  step 1200/1999 best 16.342
  step 1250/1999 best 16.305
  step 1300/1999 best 16.260
  step 1350/1999 best 16.499
  step 1400/1999 best 16.458
  step 1450/1999 best 16.444
  step 1500/1999 best 16.483
  step 1550/1999 best 16.464
  step 1600/1999 best 16.465
  step 1650/1999 best 16.418
  step 1700/1999 best 16.340
  step 1750/1999 best 16.317
  step 1800/1999 best 16.427
  step 1850/1999 best 16.484
  step 1900/1999 best 16.510
  step 1950/1999 best 16.233
saved SBC_CHAINS_cnn_vmim__n1_jitter_seed_s1_sim272_row258519_noise7163_7342_7521 (240000, 4) acc=0.224
  step 0/1999 best -17.142
  step 50/1999 best -0.914
  step 100/1999 best 4.110
  step 150/1999 best 10.821
  step 200/1999 best 13.642
  step 250/1999 best 13.516
  step 300/1999 best 13.722
  step 350/1999 best 13.602
  step 400/1999 best 13.624
  step 450/1999 best 13.457
  step 500/1999 best 13.751
  step 550/1999 best 13.690
  step 600/1999 best 13.738
  step 650/1999 best 13.644
  step 700/1999 best 13.455
  step 750/1999 best 13.625
  step 800/1999 best 13.576
  step 850/1999 best 13.656
  step 900/1999 best 13.546
  step 950/1999 best 13.748
  step 1000/1999 best 13.579
  step 1050/1999 best 13.584
  step 1100/1999 best 13.578
  step 1150/1999 best 13.638
  step 1200/1999 best 13.404
  step 1250/1999 best 13.779
  step 1300/1999 best 13.605
  step 1350/1999 best 13.775
  step 1400/1999 best 13.584
  step 1450/1999 best 13.529
  step 1500/1999 best 13.800
  step 1550/1999 best 13.624
  step 1600/1999 best 13.716
  step 1650/1999 best 13.665
  step 1700/1999 best 13.760
  step 1750/1999 best 13.736
  step 1800/1999 best 13.579
  step 1850/1999 best 13.710
  step 1900/1999 best 13.584
  step 1950/1999 best 13.688
saved SBC_CHAINS_cnn_vmim__n1_jitter_seed_s1_sim2391_row1990591_noise3387_3566_3745 (240000, 4) acc=0.177
  step 0/1999 best -22.023
  step 50/1999 best 1.998
  step 100/1999 best 15.347
  step 150/1999 best 14.432
  step 200/1999 best 15.925
  step 250/1999 best 16.458
  step 300/1999 best 16.558
  step 350/1999 best 16.703
  step 400/1999 best 16.476
  step 450/1999 best 16.745
  step 500/1999 best 16.467
  step 550/1999 best 16.527
  step 600/1999 best 16.658
  step 650/1999 best 16.720
  step 700/1999 best 16.658
  step 750/1999 best 16.675
  step 800/1999 best 16.697
  step 850/1999 best 16.627
  step 900/1999 best 16.706
  step 950/1999 best 16.656
  step 1000/1999 best 16.679
  step 1050/1999 best 16.571
  step 1100/1999 best 16.550
  step 1150/1999 best 16.612
  step 1200/1999 best 16.702
  step 1250/1999 best 16.612
  step 1300/1999 best 16.602
  step 1350/1999 best 16.655
  step 1400/1999 best 16.648
  step 1450/1999 best 16.662
  step 1500/1999 best 16.664
  step 1550/1999 best 16.761
  step 1600/1999 best 16.687
  step 1650/1999 best 16.603
  step 1700/1999 best 16.618
  step 1750/1999 best 16.721
  step 1800/1999 best 16.662
  step 1850/1999 best 16.649
  step 1900/1999 best 16.522
  step 1950/1999 best 16.658
saved SBC_CHAINS_cnn_vmim__n1_jitter_seed_s1_sim1346_row1155577_noise141_320_499 (240000, 4) acc=0.218
  step 0/1999 best -6.731
  step 50/1999 best -2.880
  step 100/1999 best 7.956
  step 150/1999 best 12.558
  step 200/1999 best 12.985
  step 250/1999 best 13.103
  step 300/1999 best 13.439
  step 350/1999 best 13.460
  step 400/1999 best 13.498
  step 450/1999 best 13.411
  step 500/1999 best 13.440
  step 550/1999 best 13.331
  step 600/1999 best 13.512
  step 650/1999 best 13.151
  step 700/1999 best 13.440
  step 750/1999 best 13.163
  step 800/1999 best 13.508
  step 850/1999 best 13.513
  step 900/1999 best 13.479
  step 950/1999 best 13.443
  step 1000/1999 best 13.503
  step 1050/1999 best 13.450
  step 1100/1999 best 13.501
  step 1150/1999 best 13.074
  step 1200/1999 best 13.427
  step 1250/1999 best 13.327
  step 1300/1999 best 13.378
  step 1350/1999 best 13.320
  step 1400/1999 best 13.237
  step 1450/1999 best 13.190
  step 1500/1999 best 13.468
  step 1550/1999 best 13.438
  step 1600/1999 best 13.480
  step 1650/1999 best 13.409
  step 1700/1999 best 13.374
  step 1750/1999 best 13.291
  step 1800/1999 best 13.284
  step 1850/1999 best 13.318
  step 1900/1999 best 13.345
  step 1950/1999 best 13.281
saved SBC_CHAINS_cnn_vmim__n1_jitter_seed_s1_sim667_row620499_noise9023_9202_9381 (240000, 4) acc=0.183
  step 0/1999 best -16.280
  step 50/1999 best 5.380
  step 100/1999 best 15.685
  step 150/1999 best 16.128
  step 200/1999 best 15.878
  step 250/1999 best 15.891
  step 300/1999 best 16.212
  step 350/1999 best 16.089
  step 400/1999 best 16.121
  step 450/1999 best 16.073
  step 500/1999 best 16.044
  step 550/1999 best 16.066
  step 600/1999 best 16.053
  step 650/1999 best 16.198
  step 700/1999 best 16.148
  step 750/1999 best 16.230
  step 800/1999 best 16.151
  step 850/1999 best 16.200
  step 900/1999 best 16.165
  step 950/1999 best 16.197
  step 1000/1999 best 16.238
  step 1050/1999 best 16.232
  step 1100/1999 best 16.212
  step 1150/1999 best 16.168
  step 1200/1999 best 16.121
  step 1250/1999 best 16.149
  step 1300/1999 best 16.232
  step 1350/1999 best 16.186
  step 1400/1999 best 16.193
  step 1450/1999 best 16.170
  step 1500/1999 best 16.175
  step 1550/1999 best 16.113
  step 1600/1999 best 16.250
  step 1650/1999 best 16.141
  step 1700/1999 best 16.116
  step 1750/1999 best 16.134
  step 1800/1999 best 16.223
  step 1850/1999 best 16.064
  step 1900/1999 best 16.157
  step 1950/1999 best 16.179
saved SBC_CHAINS_cnn_vmim__n1_jitter_seed_s1_sim1923_row1534655_noise7195_7374_7553 (240000, 4) acc=0.327
  step 0/1999 best -17.353
  step 50/1999 best -3.476
  step 100/1999 best 0.211
  step 150/1999 best 1.467
  step 200/1999 best 1.396
  step 250/1999 best 2.940
  step 300/1999 best 11.763
  step 350/1999 best 11.763
  step 400/1999 best 15.055
  step 450/1999 best 14.593
  step 500/1999 best 14.593
  step 550/1999 best 14.780
  step 600/1999 best 15.086
  step 650/1999 best 15.206
  step 700/1999 best 15.294
  step 750/1999 best 16.264
  step 800/1999 best 16.221
  step 850/1999 best 15.975
  step 900/1999 best 16.560
  step 950/1999 best 15.938
  step 1000/1999 best 16.365
  step 1050/1999 best 15.788
  step 1100/1999 best 16.345
  step 1150/1999 best 15.913
  step 1200/1999 best 16.318
  step 1250/1999 best 16.489
  step 1300/1999 best 16.566
  step 1350/1999 best 16.489
  step 1400/1999 best 16.671
  step 1450/1999 best 16.516
  step 1500/1999 best 16.569
  step 1550/1999 best 16.128
  step 1600/1999 best 16.555
  step 1650/1999 best 16.521
  step 1700/1999 best 16.581
  step 1750/1999 best 16.395
  step 1800/1999 best 16.233
  step 1850/1999 best 16.447
  step 1900/1999 best 16.490
  step 1950/1999 best 16.503
saved SBC_CHAINS_cnn_vmim__n1_jitter_seed_s1_sim1190_row1008830_noise1642_1821_2000 (240000, 4) acc=0.141
  step 0/1999 best -22.906
  step 50/1999 best -2.155
  step 100/1999 best 8.646
  step 150/1999 best 11.529
  step 200/1999 best 14.719
  step 250/1999 best 14.703
  step 300/1999 best 14.688
  step 350/1999 best 14.841
  step 400/1999 best 15.129
  step 450/1999 best 15.048
  step 500/1999 best 14.904
  step 550/1999 best 14.843
  step 600/1999 best 14.951
  step 650/1999 best 14.908
  step 700/1999 best 14.926
  step 750/1999 best 15.243
  step 800/1999 best 15.222
  step 850/1999 best 14.844
  step 900/1999 best 15.121
  step 950/1999 best 15.173
  step 1000/1999 best 14.837
  step 1050/1999 best 14.722
  step 1100/1999 best 15.167
  step 1150/1999 best 15.143
  step 1200/1999 best 15.222
  step 1250/1999 best 15.185
  step 1300/1999 best 14.991
  step 1350/1999 best 15.106
  step 1400/1999 best 15.237
  step 1450/1999 best 15.162
  step 1500/1999 best 15.158
  step 1550/1999 best 15.178
  step 1600/1999 best 15.239
  step 1650/1999 best 15.247
  step 1700/1999 best 14.969
  step 1750/1999 best 15.114
  step 1800/1999 best 14.987
  step 1850/1999 best 15.159
  step 1900/1999 best 15.202
  step 1950/1999 best 15.072
saved SBC_CHAINS_cnn_vmim__n1_jitter_seed_s1_sim793_row742938_noise7698_7877_8056 (240000, 4) acc=0.214
  step 0/1999 best -21.563
  step 50/1999 best 6.900
  step 100/1999 best 9.944
  step 150/1999 best 11.098
  step 200/1999 best 11.685
  step 250/1999 best 12.177
  step 300/1999 best 12.109
  step 350/1999 best 12.070
  step 400/1999 best 12.092
  step 450/1999 best 12.124
  step 500/1999 best 12.197
  step 550/1999 best 12.010
  step 600/1999 best 12.197
  step 650/1999 best 12.126
  step 700/1999 best 12.294
  step 750/1999 best 12.130
  step 800/1999 best 12.203
  step 850/1999 best 12.207
  step 900/1999 best 12.273
  step 950/1999 best 12.286
  step 1000/1999 best 12.161
  step 1050/1999 best 12.150
  step 1100/1999 best 12.146
  step 1150/1999 best 12.297
  step 1200/1999 best 12.105
  step 1250/1999 best 12.290
  step 1300/1999 best 12.148
  step 1350/1999 best 12.255
  step 1400/1999 best 12.263
  step 1450/1999 best 12.105
  step 1500/1999 best 12.272
  step 1550/1999 best 12.200
  step 1600/1999 best 12.202
  step 1650/1999 best 12.164
  step 1700/1999 best 12.226
  step 1750/1999 best 12.156
  step 1800/1999 best 12.271
  step 1850/1999 best 12.204
  step 1900/1999 best 12.109
  step 1950/1999 best 12.220
saved SBC_CHAINS_cnn_vmim__n1_jitter_seed_s1_sim3067_row2662599_noise1263_1442_1621 (240000, 4) acc=0.270
  step 0/1999 best -10.619
  step 50/1999 best 1.652
  step 100/1999 best 6.675
  step 150/1999 best 16.087
  step 200/1999 best 15.921
  step 250/1999 best 15.848
  step 300/1999 best 16.592
  step 350/1999 best 16.525
  step 400/1999 best 16.486
  step 450/1999 best 16.563
  step 500/1999 best 16.189
  step 550/1999 best 16.553
  step 600/1999 best 16.599
  step 650/1999 best 16.502
  step 700/1999 best 16.541
  step 750/1999 best 16.576
  step 800/1999 best 16.601
  step 850/1999 best 16.548
  step 900/1999 best 16.605
  step 950/1999 best 16.504
  step 1000/1999 best 16.512
  step 1050/1999 best 16.618
  step 1100/1999 best 16.499
  step 1150/1999 best 16.237
  step 1200/1999 best 16.590
  step 1250/1999 best 16.603
  step 1300/1999 best 16.443
  step 1350/1999 best 16.588
  step 1400/1999 best 16.529
  step 1450/1999 best 16.419
  step 1500/1999 best 16.653
  step 1550/1999 best 16.596
  step 1600/1999 best 16.519
  step 1650/1999 best 16.587
  step 1700/1999 best 16.596
  step 1750/1999 best 16.551
  step 1800/1999 best 16.685
  step 1850/1999 best 16.567
  step 1900/1999 best 16.537
  step 1950/1999 best 16.578
saved SBC_CHAINS_cnn_vmim__n1_jitter_seed_s1_sim351_row337840_noise7860_8039_8218 (240000, 4) acc=0.251
  step 0/1999 best -8.319
  step 50/1999 best 2.844
  step 100/1999 best 6.847
  step 150/1999 best 9.288
  step 200/1999 best 12.362
  step 250/1999 best 12.580
  step 300/1999 best 13.926
  step 350/1999 best 14.805
  step 400/1999 best 14.970
  step 450/1999 best 14.774
  step 500/1999 best 14.725
  step 550/1999 best 14.535
  step 600/1999 best 14.875
  step 650/1999 best 14.717
  step 700/1999 best 14.911
  step 750/1999 best 14.911
  step 800/1999 best 14.855
  step 850/1999 best 15.019
  step 900/1999 best 14.831
  step 950/1999 best 14.883
  step 1000/1999 best 14.959
  step 1050/1999 best 14.980
  step 1100/1999 best 14.938
  step 1150/1999 best 15.044
  step 1200/1999 best 14.852
  step 1250/1999 best 14.860
  step 1300/1999 best 14.995
  step 1350/1999 best 14.970
  step 1400/1999 best 14.853
  step 1450/1999 best 15.061
  step 1500/1999 best 14.852
  step 1550/1999 best 14.584
  step 1600/1999 best 14.913
  step 1650/1999 best 14.930
  step 1700/1999 best 14.918
  step 1750/1999 best 14.786
  step 1800/1999 best 14.897
  step 1850/1999 best 14.976
  step 1900/1999 best 14.722
  step 1950/1999 best 15.035
saved SBC_CHAINS_cnn_vmim__n1_jitter_seed_s1_sim987_row936744_noise4944_5123_5302 (240000, 4) acc=0.239
  step 0/1999 best -5.368
  step 50/1999 best 8.190
  step 100/1999 best 15.316
  step 150/1999 best 14.194
  step 200/1999 best 15.115
  step 250/1999 best 15.571
  step 300/1999 best 15.415
  step 350/1999 best 15.771
  step 400/1999 best 15.639
  step 450/1999 best 15.608
  step 500/1999 best 15.671
  step 550/1999 best 15.745
  step 600/1999 best 15.836
  step 650/1999 best 15.415
  step 700/1999 best 15.653
  step 750/1999 best 15.775
  step 800/1999 best 15.621
  step 850/1999 best 15.782
  step 900/1999 best 15.732
  step 950/1999 best 15.735
  step 1000/1999 best 15.773
  step 1050/1999 best 15.720
  step 1100/1999 best 15.725
  step 1150/1999 best 15.796
  step 1200/1999 best 15.819
  step 1250/1999 best 15.566
  step 1300/1999 best 15.736
  step 1350/1999 best 15.717
  step 1400/1999 best 15.782
  step 1450/1999 best 15.723
  step 1500/1999 best 15.733
  step 1550/1999 best 15.727
  step 1600/1999 best 15.766
  step 1650/1999 best 15.828
  step 1700/1999 best 15.713
  step 1750/1999 best 15.677
  step 1800/1999 best 15.640
  step 1850/1999 best 15.702
  step 1900/1999 best 15.705
  step 1950/1999 best 15.682
saved SBC_CHAINS_cnn_vmim__n1_jitter_seed_s1_sim284_row270435_noise9251_9430_9609 (240000, 4) acc=0.249
  step 0/1999 best -21.933
  step 50/1999 best -1.244
  step 100/1999 best -0.490
  step 150/1999 best 0.898
  step 200/1999 best 1.789
  step 250/1999 best 0.931
  step 300/1999 best 1.500
  step 350/1999 best 2.611
  step 400/1999 best 3.484
  step 450/1999 best 11.149
  step 500/1999 best 9.580
  step 550/1999 best 15.025
  step 600/1999 best 15.076
  step 650/1999 best 15.059
  step 700/1999 best 14.229
  step 750/1999 best 15.053
  step 800/1999 best 14.846
  step 850/1999 best 14.630
  step 900/1999 best 14.538
  step 950/1999 best 15.549
  step 1000/1999 best 15.015
  step 1050/1999 best 15.343
  step 1100/1999 best 15.218
  step 1150/1999 best 15.308
  step 1200/1999 best 15.776
  step 1250/1999 best 15.641
  step 1300/1999 best 15.542
  step 1350/1999 best 15.584
  step 1400/1999 best 15.379
  step 1450/1999 best 15.746
  step 1500/1999 best 15.445
  step 1550/1999 best 15.783
  step 1600/1999 best 15.557
  step 1650/1999 best 15.634
  step 1700/1999 best 15.589
  step 1750/1999 best 15.477
  step 1800/1999 best 15.450
  step 1850/1999 best 15.728
  step 1900/1999 best 15.700
  step 1950/1999 best 15.649
saved SBC_CHAINS_cnn_vmim__n1_jitter_seed_s1_sim721_row670574_noise4130_4309_4488 (240000, 4) acc=0.202
  step 0/1999 best -13.794
  step 50/1999 best -2.464
  step 100/1999 best 0.636
  step 150/1999 best 5.106
  step 200/1999 best 5.262
  step 250/1999 best 5.262
  step 300/1999 best 8.437
  step 350/1999 best 8.196
  step 400/1999 best 12.127
  step 450/1999 best 11.922
  step 500/1999 best 14.538
  step 550/1999 best 14.588
  step 600/1999 best 15.771
  step 650/1999 best 14.529
  step 700/1999 best 15.012
  step 750/1999 best 15.750
  step 800/1999 best 15.902
  step 850/1999 best 15.902
  step 900/1999 best 15.825
  step 950/1999 best 15.758
  step 1000/1999 best 15.784
  step 1050/1999 best 15.724
  step 1100/1999 best 15.455
  step 1150/1999 best 15.846
  step 1200/1999 best 15.846
  step 1250/1999 best 15.915
  step 1300/1999 best 15.982
  step 1350/1999 best 15.417
  step 1400/1999 best 15.787
  step 1450/1999 best 15.658
  step 1500/1999 best 15.585
  step 1550/1999 best 15.308
  step 1600/1999 best 15.845
  step 1650/1999 best 15.804
  step 1700/1999 best 16.027
  step 1750/1999 best 15.767
  step 1800/1999 best 16.005
  step 1850/1999 best 15.860
  step 1900/1999 best 15.890
  step 1950/1999 best 15.849
saved SBC_CHAINS_cnn_vmim__n1_jitter_seed_s1_sim418_row396381_noise5605_5784_5963 (240000, 4) acc=0.227
  step 0/1999 best -17.520
  step 50/1999 best -4.000
  step 100/1999 best -0.279
  step 150/1999 best 0.262
  step 200/1999 best -0.377
  step 250/1999 best 0.074
  step 300/1999 best -0.003
  step 350/1999 best 0.305
  step 400/1999 best 9.076
  step 450/1999 best 10.654
  step 500/1999 best 11.216
  step 550/1999 best 10.972
  step 600/1999 best 10.972
  step 650/1999 best 10.775
  step 700/1999 best 9.468
  step 750/1999 best 10.534
  step 800/1999 best 10.952
  step 850/1999 best 10.952
  step 900/1999 best 13.543
  step 950/1999 best 13.699
  step 1000/1999 best 15.082
  step 1050/1999 best 14.232
  step 1100/1999 best 15.315
  step 1150/1999 best 15.538
  step 1200/1999 best 14.605
  step 1250/1999 best 14.966
  step 1300/1999 best 15.006
  step 1350/1999 best 14.950
  step 1400/1999 best 15.226
  step 1450/1999 best 15.352
  step 1500/1999 best 15.048
  step 1550/1999 best 15.404
  step 1600/1999 best 15.157
  step 1650/1999 best 15.687
  step 1700/1999 best 15.699
  step 1750/1999 best 15.387
  step 1800/1999 best 15.466
  step 1850/1999 best 15.688
  step 1900/1999 best 15.630
  step 1950/1999 best 15.325
saved SBC_CHAINS_cnn_vmim__n1_jitter_seed_s1_sim91_row90797_noise3345_3524_3703 (240000, 4) acc=0.143
  step 0/1999 best -12.264
  step 50/1999 best -5.889
  step 100/1999 best -5.645
  step 150/1999 best -0.534
  step 200/1999 best 9.186
  step 250/1999 best 10.532
  step 300/1999 best 11.440
  step 350/1999 best 11.655
  step 400/1999 best 11.708
  step 450/1999 best 11.963
  step 500/1999 best 12.508
  step 550/1999 best 12.791
  step 600/1999 best 12.497
  step 650/1999 best 12.478
  step 700/1999 best 12.770
  step 750/1999 best 13.116
  step 800/1999 best 13.034
  step 850/1999 best 12.900
  step 900/1999 best 12.919
  step 950/1999 best 12.758
  step 1000/1999 best 12.946
  step 1050/1999 best 12.699
  step 1100/1999 best 13.081
  step 1150/1999 best 13.046
  step 1200/1999 best 12.959
  step 1250/1999 best 12.802
  step 1300/1999 best 12.972
  step 1350/1999 best 12.816
  step 1400/1999 best 13.209
  step 1450/1999 best 13.017
  step 1500/1999 best 13.183
  step 1550/1999 best 13.058
  step 1600/1999 best 13.089
  step 1650/1999 best 12.647
  step 1700/1999 best 13.106
  step 1750/1999 best 13.086
  step 1800/1999 best 12.924
  step 1850/1999 best 12.950
  step 1900/1999 best 12.726
  step 1950/1999 best 13.048
saved SBC_CHAINS_cnn_vmim__n1_jitter_seed_s1_sim2511_row2110882_noise5742_5921_6100 (240000, 4) acc=0.139
  step 0/1999 best -16.841
  step 50/1999 best 0.113
  step 100/1999 best 13.871
  step 150/1999 best 13.833
  step 200/1999 best 13.048
  step 250/1999 best 14.078
  step 300/1999 best 14.245
  step 350/1999 best 14.338
  step 400/1999 best 14.279
  step 450/1999 best 14.399
  step 500/1999 best 14.422
  step 550/1999 best 14.438
  step 600/1999 best 14.403
  step 650/1999 best 14.421
  step 700/1999 best 14.466
  step 750/1999 best 14.313
  step 800/1999 best 14.405
  step 850/1999 best 14.254
  step 900/1999 best 14.286
  step 950/1999 best 14.348
  step 1000/1999 best 14.355
  step 1050/1999 best 14.360
  step 1100/1999 best 14.465
  step 1150/1999 best 14.362
  step 1200/1999 best 14.485
  step 1250/1999 best 14.364
  step 1300/1999 best 14.356
  step 1350/1999 best 14.458
  step 1400/1999 best 14.414
  step 1450/1999 best 14.168
  step 1500/1999 best 14.377
  step 1550/1999 best 14.471
  step 1600/1999 best 14.350
  step 1650/1999 best 14.340
  step 1700/1999 best 14.416
  step 1750/1999 best 14.408
  step 1800/1999 best 14.261
  step 1850/1999 best 14.364
  step 1900/1999 best 14.486
  step 1950/1999 best 14.502
saved SBC_CHAINS_cnn_vmim__n1_jitter_seed_s1_sim375_row361981_noise2517_2696_2875 (240000, 4) acc=0.290
  step 0/1999 best -22.849
  step 50/1999 best -3.373
  step 100/1999 best 4.089
  step 150/1999 best 8.862
  step 200/1999 best 10.916
  step 250/1999 best 11.597
  step 300/1999 best 12.133
  step 350/1999 best 12.190
  step 400/1999 best 12.169
  step 450/1999 best 12.156
  step 500/1999 best 12.375
  step 550/1999 best 12.356
  step 600/1999 best 12.342
  step 650/1999 best 12.280
  step 700/1999 best 12.180
  step 750/1999 best 12.269
  step 800/1999 best 12.378
  step 850/1999 best 12.205
  step 900/1999 best 12.286
  step 950/1999 best 12.339
  step 1000/1999 best 12.233
  step 1050/1999 best 12.209
  step 1100/1999 best 12.336
  step 1150/1999 best 12.240
  step 1200/1999 best 12.120
  step 1250/1999 best 12.211
  step 1300/1999 best 12.362
  step 1350/1999 best 12.285
  step 1400/1999 best 12.237
  step 1450/1999 best 12.317
  step 1500/1999 best 12.296
  step 1550/1999 best 12.387
  step 1600/1999 best 12.287
  step 1650/1999 best 12.281
  step 1700/1999 best 12.282
  step 1750/1999 best 12.130
  step 1800/1999 best 12.339
  step 1850/1999 best 12.325
  step 1900/1999 best 12.270
  step 1950/1999 best 12.295
saved SBC_CHAINS_cnn_vmim__n1_jitter_seed_s1_sim2559_row2158276_noise3996_4175_4354 (240000, 4) acc=0.187
  step 0/1999 best -16.263
  step 50/1999 best -1.771
  step 100/1999 best 2.514
  step 150/1999 best 5.670
  step 200/1999 best 6.199
  step 250/1999 best 10.485
  step 300/1999 best 15.275
  step 350/1999 best 15.409
  step 400/1999 best 15.895
  step 450/1999 best 15.952
  step 500/1999 best 15.743
  step 550/1999 best 16.277
  step 600/1999 best 15.992
  step 650/1999 best 16.197
  step 700/1999 best 15.884
  step 750/1999 best 16.194
  step 800/1999 best 16.207
  step 850/1999 best 15.955
  step 900/1999 best 16.320
  step 950/1999 best 16.136
  step 1000/1999 best 16.161
  step 1050/1999 best 16.278
  step 1100/1999 best 16.258
  step 1150/1999 best 16.307
  step 1200/1999 best 16.294
  step 1250/1999 best 16.314
  step 1300/1999 best 16.266
  step 1350/1999 best 16.269
  step 1400/1999 best 16.164
  step 1450/1999 best 16.356
  step 1500/1999 best 16.302
  step 1550/1999 best 16.229
  step 1600/1999 best 16.044
  step 1650/1999 best 16.045
  step 1700/1999 best 16.245
  step 1750/1999 best 16.170
  step 1800/1999 best 16.316
  step 1850/1999 best 16.312
  step 1900/1999 best 16.178
  step 1950/1999 best 16.175
saved SBC_CHAINS_cnn_vmim__n1_jitter_seed_s1_sim1348_row1157649_noise2213_2392_2571 (240000, 4) acc=0.215
  step 0/1999 best -10.609
  step 50/1999 best 5.421
  step 100/1999 best 6.235
  step 150/1999 best 14.955
  step 200/1999 best 14.812
  step 250/1999 best 15.135
  step 300/1999 best 15.634
  step 350/1999 best 16.006
  step 400/1999 best 16.086
  step 450/1999 best 16.428
  step 500/1999 best 16.481
  step 550/1999 best 16.490
  step 600/1999 best 16.432
  step 650/1999 best 16.452
  step 700/1999 best 16.402
  step 750/1999 best 16.282
  step 800/1999 best 16.446
  step 850/1999 best 16.345
  step 900/1999 best 16.482
  step 950/1999 best 16.281
  step 1000/1999 best 16.434
  step 1050/1999 best 16.409
  step 1100/1999 best 16.406
  step 1150/1999 best 16.366
  step 1200/1999 best 16.335
  step 1250/1999 best 16.346
  step 1300/1999 best 16.423
  step 1350/1999 best 16.480
  step 1400/1999 best 16.513
  step 1450/1999 best 16.313
  step 1500/1999 best 16.485
  step 1550/1999 best 16.314
  step 1600/1999 best 16.379
  step 1650/1999 best 16.426
  step 1700/1999 best 16.371
  step 1750/1999 best 16.303
  step 1800/1999 best 16.352
  step 1850/1999 best 16.419
  step 1900/1999 best 16.379
  step 1950/1999 best 16.343
saved SBC_CHAINS_cnn_vmim__n1_jitter_seed_s1_sim358_row344709_noise4901_5080_5259 (240000, 4) acc=0.244
  step 0/1999 best -30.750
  step 50/1999 best 7.398
  step 100/1999 best 7.223
  step 150/1999 best 11.655
  step 200/1999 best 11.770
  step 250/1999 best 12.812
  step 300/1999 best 12.424
  step 350/1999 best 12.694
  step 400/1999 best 12.962
  step 450/1999 best 13.078
  step 500/1999 best 12.863
  step 550/1999 best 12.985
  step 600/1999 best 13.271
  step 650/1999 best 13.053
  step 700/1999 best 13.248
  step 750/1999 best 12.937
  step 800/1999 best 12.805
  step 850/1999 best 13.286
  step 900/1999 best 13.073
  step 950/1999 best 13.243
  step 1000/1999 best 13.279
  step 1050/1999 best 13.115
  step 1100/1999 best 13.234
  step 1150/1999 best 13.274
  step 1200/1999 best 13.032
  step 1250/1999 best 13.309
  step 1300/1999 best 13.221
  step 1350/1999 best 13.173
  step 1400/1999 best 13.265
  step 1450/1999 best 13.222
  step 1500/1999 best 13.308
  step 1550/1999 best 13.196
  step 1600/1999 best 13.194
  step 1650/1999 best 13.215
  step 1700/1999 best 13.297
  step 1750/1999 best 13.334
  step 1800/1999 best 13.288
  step 1850/1999 best 13.214
  step 1900/1999 best 13.143
  step 1950/1999 best 13.308
saved SBC_CHAINS_cnn_vmim__n1_jitter_seed_s1_sim2534_row2133218_noise8422_8601_8780 (240000, 4) acc=0.124
  step 0/1999 best -18.634
  step 50/1999 best 7.882
  step 100/1999 best 11.899
  step 150/1999 best 13.480
  step 200/1999 best 15.122
  step 250/1999 best 15.231
  step 300/1999 best 14.689
  step 350/1999 best 15.137
  step 400/1999 best 15.114
  step 450/1999 best 15.278
  step 500/1999 best 15.328
  step 550/1999 best 14.915
  step 600/1999 best 15.138
  step 650/1999 best 15.126
  step 700/1999 best 15.151
  step 750/1999 best 15.276
  step 800/1999 best 15.190
  step 850/1999 best 15.243
  step 900/1999 best 15.036
  step 950/1999 best 15.170
  step 1000/1999 best 15.307
  step 1050/1999 best 15.149
  step 1100/1999 best 15.371
  step 1150/1999 best 15.147
  step 1200/1999 best 15.274
  step 1250/1999 best 15.208
  step 1300/1999 best 15.264
  step 1350/1999 best 15.242
  step 1400/1999 best 15.110
  step 1450/1999 best 15.220
  step 1500/1999 best 14.972
  step 1550/1999 best 15.258
  step 1600/1999 best 15.205
  step 1650/1999 best 15.101
  step 1700/1999 best 15.299
  step 1750/1999 best 15.224
  step 1800/1999 best 15.251
  step 1850/1999 best 15.278
  step 1900/1999 best 15.284
  step 1950/1999 best 15.114
saved SBC_CHAINS_cnn_vmim__n1_jitter_seed_s1_sim277_row263311_noise2127_2306_2485 (240000, 4) acc=0.185
  step 0/1999 best -14.183
  step 50/1999 best -1.149
  step 100/1999 best 1.921
  step 150/1999 best 1.970
  step 200/1999 best 2.324
  step 250/1999 best 8.250
  step 300/1999 best 8.831
  step 350/1999 best 8.831
  step 400/1999 best 13.635
  step 450/1999 best 14.869
  step 500/1999 best 15.386
  step 550/1999 best 14.359
  step 600/1999 best 14.777
  step 650/1999 best 15.500
  step 700/1999 best 15.257
  step 750/1999 best 15.697
  step 800/1999 best 15.464
  step 850/1999 best 15.336
  step 900/1999 best 15.125
  step 950/1999 best 15.314
  step 1000/1999 best 15.473
  step 1050/1999 best 15.181
  step 1100/1999 best 15.341
  step 1150/1999 best 15.581
  step 1200/1999 best 15.314
  step 1250/1999 best 15.631
  step 1300/1999 best 15.570
  step 1350/1999 best 15.587
  step 1400/1999 best 15.429
  step 1450/1999 best 15.721
  step 1500/1999 best 15.571
  step 1550/1999 best 15.515
  step 1600/1999 best 15.661
  step 1650/1999 best 15.673
  step 1700/1999 best 15.708
  step 1750/1999 best 15.407
  step 1800/1999 best 15.373
  step 1850/1999 best 15.552
  step 1900/1999 best 15.698
  step 1950/1999 best 15.460
saved SBC_CHAINS_cnn_vmim__n1_jitter_seed_s1_sim649_row602056_noise408_587_766 (240000, 4) acc=0.176
  step 0/1999 best -21.355
  step 50/1999 best 0.650
  step 100/1999 best 3.839
  step 150/1999 best 10.736
  step 200/1999 best 13.170
  step 250/1999 best 13.268
  step 300/1999 best 13.124
  step 350/1999 best 13.072
  step 400/1999 best 13.331
  step 450/1999 best 13.360
  step 500/1999 best 13.375
  step 550/1999 best 13.500
  step 600/1999 best 13.342
  step 650/1999 best 13.417
  step 700/1999 best 13.494
  step 750/1999 best 13.334
  step 800/1999 best 13.372
  step 850/1999 best 13.481
  step 900/1999 best 13.406
  step 950/1999 best 13.499
  step 1000/1999 best 13.443
  step 1050/1999 best 13.563
  step 1100/1999 best 13.295
  step 1150/1999 best 13.389
  step 1200/1999 best 13.538
  step 1250/1999 best 13.343
  step 1300/1999 best 13.476
  step 1350/1999 best 13.482
  step 1400/1999 best 13.593
  step 1450/1999 best 13.511
  step 1500/1999 best 13.454
  step 1550/1999 best 13.526
  step 1600/1999 best 13.436
  step 1650/1999 best 13.425
  step 1700/1999 best 13.584
  step 1750/1999 best 13.500
  step 1800/1999 best 13.575
  step 1850/1999 best 13.550
  step 1900/1999 best 13.532
  step 1950/1999 best 13.552
saved SBC_CHAINS_cnn_vmim__n1_jitter_seed_s1_sim1544_row1321848_noise1852_2031_2210 (240000, 4) acc=0.232
  step 0/1999 best -13.265
  step 50/1999 best -0.756
  step 100/1999 best 5.517
  step 150/1999 best 12.361
  step 200/1999 best 12.928
  step 250/1999 best 13.007
  step 300/1999 best 13.312
  step 350/1999 best 13.671
  step 400/1999 best 13.343
  step 450/1999 best 13.374
  step 500/1999 best 13.353
  step 550/1999 best 13.508
  step 600/1999 best 13.873
  step 650/1999 best 13.841
  step 700/1999 best 13.684
  step 750/1999 best 13.660
  step 800/1999 best 13.709
  step 850/1999 best 13.605
  step 900/1999 best 13.910
  step 950/1999 best 13.875
  step 1000/1999 best 13.444
  step 1050/1999 best 13.994
  step 1100/1999 best 13.874
  step 1150/1999 best 13.882
  step 1200/1999 best 13.762
  step 1250/1999 best 13.678
  step 1300/1999 best 13.508
  step 1350/1999 best 13.898
  step 1400/1999 best 13.525
  step 1450/1999 best 13.768
  step 1500/1999 best 13.759
  step 1550/1999 best 13.858
  step 1600/1999 best 13.606
  step 1650/1999 best 13.779
  step 1700/1999 best 13.905
  step 1750/1999 best 13.858
  step 1800/1999 best 13.982
  step 1850/1999 best 13.580
  step 1900/1999 best 13.802
  step 1950/1999 best 13.799
saved SBC_CHAINS_cnn_vmim__n1_jitter_seed_s1_sim2440_row2039673_noise3329_3508_3687 (240000, 4) acc=0.122
  step 0/1999 best -8.281
  step 50/1999 best -0.513
  step 100/1999 best -0.004
  step 150/1999 best 8.776
  step 200/1999 best 12.044
  step 250/1999 best 15.540
  step 300/1999 best 15.933
  step 350/1999 best 16.201
  step 400/1999 best 16.342
  step 450/1999 best 16.290
  step 500/1999 best 16.248
  step 550/1999 best 16.076
  step 600/1999 best 16.067
  step 650/1999 best 16.116
  step 700/1999 best 16.218
  step 750/1999 best 16.257
  step 800/1999 best 16.184
  step 850/1999 best 16.178
  step 900/1999 best 16.151
  step 950/1999 best 16.158
  step 1000/1999 best 16.213
  step 1050/1999 best 16.357
  step 1100/1999 best 16.176
  step 1150/1999 best 16.128
  step 1200/1999 best 16.309
  step 1250/1999 best 16.309
  step 1300/1999 best 16.255
  step 1350/1999 best 16.277
  step 1400/1999 best 16.308
  step 1450/1999 best 16.215
  step 1500/1999 best 16.236
  step 1550/1999 best 16.296
  step 1600/1999 best 16.257
  step 1650/1999 best 16.277
  step 1700/1999 best 16.112
  step 1750/1999 best 16.348
  step 1800/1999 best 16.242
  step 1850/1999 best 16.134
  step 1900/1999 best 16.368
  step 1950/1999 best 16.205
saved SBC_CHAINS_cnn_vmim__n1_jitter_seed_s1_sim801_row750785_noise5717_5896_6075 (240000, 4) acc=0.282
  step 0/1999 best -26.108
  step 50/1999 best 3.409
  step 100/1999 best 8.158
  step 150/1999 best 8.158
  step 200/1999 best 6.564
  step 250/1999 best 12.927
  step 300/1999 best 13.422
  step 350/1999 best 14.065
  step 400/1999 best 15.286
  step 450/1999 best 16.028
  step 500/1999 best 15.796
  step 550/1999 best 15.654
  step 600/1999 best 15.802
  step 650/1999 best 15.042
  step 700/1999 best 15.869
  step 750/1999 best 15.592
  step 800/1999 best 15.660
  step 850/1999 best 15.584
  step 900/1999 best 15.806
  step 950/1999 best 15.994
  step 1000/1999 best 15.869
  step 1050/1999 best 15.932
  step 1100/1999 best 15.806
  step 1150/1999 best 15.983
  step 1200/1999 best 16.035
  step 1250/1999 best 16.075
  step 1300/1999 best 15.991
  step 1350/1999 best 15.740
  step 1400/1999 best 15.871
  step 1450/1999 best 15.736
  step 1500/1999 best 16.052
  step 1550/1999 best 16.008
  step 1600/1999 best 15.672
  step 1650/1999 best 15.794
  step 1700/1999 best 15.700
  step 1750/1999 best 15.750
  step 1800/1999 best 15.931
  step 1850/1999 best 16.079
  step 1900/1999 best 15.775
  step 1950/1999 best 15.824
saved SBC_CHAINS_cnn_vmim__n1_jitter_seed_s1_sim253_row239418_noise7718_7897_8076 (240000, 4) acc=0.137
  step 0/1999 best -20.823
  step 50/1999 best -6.512
  step 100/1999 best -3.221
  step 150/1999 best -2.793
  step 200/1999 best -1.498
  step 250/1999 best 5.326
  step 300/1999 best 7.324
  step 350/1999 best 10.360
  step 400/1999 best 11.931
  step 450/1999 best 13.019
  step 500/1999 best 12.975
  step 550/1999 best 13.185
  step 600/1999 best 13.185
  step 650/1999 best 13.542
  step 700/1999 best 13.647
  step 750/1999 best 13.257
  step 800/1999 best 13.135
  step 850/1999 best 13.555
  step 900/1999 best 13.361
  step 950/1999 best 13.501
  step 1000/1999 best 13.357
  step 1050/1999 best 13.320
  step 1100/1999 best 13.642
  step 1150/1999 best 13.306
  step 1200/1999 best 13.522
  step 1250/1999 best 13.423
  step 1300/1999 best 13.284
  step 1350/1999 best 13.316
  step 1400/1999 best 13.462
  step 1450/1999 best 13.596
  step 1500/1999 best 13.453
  step 1550/1999 best 13.613
  step 1600/1999 best 13.532
  step 1650/1999 best 13.172
  step 1700/1999 best 13.541
  step 1750/1999 best 13.112
  step 1800/1999 best 13.358
  step 1850/1999 best 13.433
  step 1900/1999 best 13.462
  step 1950/1999 best 13.483
saved SBC_CHAINS_cnn_vmim__n1_jitter_seed_s1_sim2443_row2042344_noise6000_6179_6358 (240000, 4) acc=0.107
  step 0/1999 best -22.618
  step 50/1999 best -1.431
  step 100/1999 best 0.807
  step 150/1999 best 0.855
  step 200/1999 best 1.249
  step 250/1999 best 12.051
  step 300/1999 best 12.458
  step 350/1999 best 12.458
  step 400/1999 best 13.855
  step 450/1999 best 16.000
  step 500/1999 best 14.589
  step 550/1999 best 15.811
  step 600/1999 best 15.995
  step 650/1999 best 16.318
  step 700/1999 best 16.591
  step 750/1999 best 16.629
  step 800/1999 best 16.465
  step 850/1999 best 16.474
  step 900/1999 best 16.730
  step 950/1999 best 16.478
  step 1000/1999 best 16.836
  step 1050/1999 best 16.711
  step 1100/1999 best 16.880
  step 1150/1999 best 16.520
  step 1200/1999 best 16.665
  step 1250/1999 best 16.729
  step 1300/1999 best 16.605
  step 1350/1999 best 16.592
  step 1400/1999 best 16.705
  step 1450/1999 best 16.713
  step 1500/1999 best 16.802
  step 1550/1999 best 16.798
  step 1600/1999 best 16.597
  step 1650/1999 best 16.736
  step 1700/1999 best 16.709
  step 1750/1999 best 16.688
  step 1800/1999 best 16.648
  step 1850/1999 best 16.704
  step 1900/1999 best 16.756
  step 1950/1999 best 16.422
saved SBC_CHAINS_cnn_vmim__n1_jitter_seed_s1_sim177_row168071_noise167_346_525 (240000, 4) acc=0.161
  step 0/1999 best -9.216
  step 50/1999 best 10.209
  step 100/1999 best 11.319
  step 150/1999 best 12.416
  step 200/1999 best 11.352
  step 250/1999 best 12.294
  step 300/1999 best 12.524
  step 350/1999 best 12.446
  step 400/1999 best 12.449
  step 450/1999 best 12.359
  step 500/1999 best 12.391
  step 550/1999 best 12.425
  step 600/1999 best 12.291
  step 650/1999 best 12.400
  step 700/1999 best 12.308
  step 750/1999 best 12.302
  step 800/1999 best 12.445
  step 850/1999 best 12.446
  step 900/1999 best 12.117
  step 950/1999 best 12.456
  step 1000/1999 best 12.403
  step 1050/1999 best 12.483
  step 1100/1999 best 12.427
  step 1150/1999 best 12.326
  step 1200/1999 best 12.444
  step 1250/1999 best 12.499
  step 1300/1999 best 12.419
  step 1350/1999 best 12.489
  step 1400/1999 best 12.449
  step 1450/1999 best 12.314
  step 1500/1999 best 12.526
  step 1550/1999 best 12.218
  step 1600/1999 best 12.361
  step 1650/1999 best 12.421
  step 1700/1999 best 12.490
  step 1750/1999 best 12.255
  step 1800/1999 best 12.345
  step 1850/1999 best 12.493
  step 1900/1999 best 12.424
  step 1950/1999 best 12.435
saved SBC_CHAINS_cnn_vmim__n1_jitter_seed_s1_sim3080_row2675002_noise3838_4017_4196 (240000, 4) acc=0.268
  step 0/1999 best -14.702
  step 50/1999 best 2.487
  step 100/1999 best 15.146
  step 150/1999 best 14.487
  step 200/1999 best 15.550
  step 250/1999 best 15.723
  step 300/1999 best 15.683
  step 350/1999 best 15.844
  step 400/1999 best 15.939
  step 450/1999 best 15.644
  step 500/1999 best 15.630
  step 550/1999 best 15.876
  step 600/1999 best 15.791
  step 650/1999 best 15.773
  step 700/1999 best 15.919
  step 750/1999 best 15.856
  step 800/1999 best 15.887
  step 850/1999 best 15.806
  step 900/1999 best 15.810
  step 950/1999 best 15.861
  step 1000/1999 best 15.871
  step 1050/1999 best 15.929
  step 1100/1999 best 15.875
  step 1150/1999 best 15.866
  step 1200/1999 best 15.818
  step 1250/1999 best 15.865
  step 1300/1999 best 15.954
  step 1350/1999 best 15.834
  step 1400/1999 best 15.795
  step 1450/1999 best 15.808
  step 1500/1999 best 15.911
  step 1550/1999 best 15.798
  step 1600/1999 best 15.776
  step 1650/1999 best 15.881
  step 1700/1999 best 15.805
  step 1750/1999 best 15.934
  step 1800/1999 best 15.887
  step 1850/1999 best 15.804
  step 1900/1999 best 15.898
  step 1950/1999 best 15.622
saved SBC_CHAINS_cnn_vmim__n1_jitter_seed_s1_sim1462_row1244206_noise7662_7841_8020 (240000, 4) acc=0.320
  step 0/1999 best -9.891
  step 50/1999 best 8.840
  step 100/1999 best 10.903
  step 150/1999 best 13.639
  step 200/1999 best 13.191
  step 250/1999 best 14.240
  step 300/1999 best 14.257
  step 350/1999 best 14.128
  step 400/1999 best 14.090
  step 450/1999 best 14.315
  step 500/1999 best 14.365
  step 550/1999 best 14.075
  step 600/1999 best 14.268
  step 650/1999 best 14.340
  step 700/1999 best 14.200
  step 750/1999 best 14.251
  step 800/1999 best 14.364
  step 850/1999 best 14.302
  step 900/1999 best 14.345
  step 950/1999 best 14.309
  step 1000/1999 best 14.329
  step 1050/1999 best 14.390
  step 1100/1999 best 14.353
  step 1150/1999 best 14.279
  step 1200/1999 best 14.328
  step 1250/1999 best 14.327
  step 1300/1999 best 14.433
  step 1350/1999 best 14.377
  step 1400/1999 best 14.402
  step 1450/1999 best 14.480
  step 1500/1999 best 14.298
  step 1550/1999 best 14.231
  step 1600/1999 best 14.389
  step 1650/1999 best 14.331
  step 1700/1999 best 14.444
  step 1750/1999 best 14.351
  step 1800/1999 best 14.207
  step 1850/1999 best 14.327
  step 1900/1999 best 14.347
  step 1950/1999 best 14.375
saved SBC_CHAINS_cnn_vmim__n1_jitter_seed_s1_sim1467_row1249568_noise3196_3375_3554 (240000, 4) acc=0.298
  step 0/1999 best -19.601
  step 50/1999 best 12.168
  step 100/1999 best 13.340
  step 150/1999 best 14.410
  step 200/1999 best 14.778
  step 250/1999 best 14.855
  step 300/1999 best 14.700
  step 350/1999 best 14.748
  step 400/1999 best 14.832
  step 450/1999 best 14.835
  step 500/1999 best 14.836
  step 550/1999 best 14.967
  step 600/1999 best 15.005
  step 650/1999 best 14.952
  step 700/1999 best 14.819
  step 750/1999 best 14.817
  step 800/1999 best 14.765
  step 850/1999 best 14.876
  step 900/1999 best 14.787
  step 950/1999 best 14.964
  step 1000/1999 best 14.959
  step 1050/1999 best 14.950
  step 1100/1999 best 14.946
  step 1150/1999 best 14.796
  step 1200/1999 best 15.008
  step 1250/1999 best 14.998
  step 1300/1999 best 14.926
  step 1350/1999 best 14.955
  step 1400/1999 best 14.992
  step 1450/1999 best 14.872
  step 1500/1999 best 14.858
  step 1550/1999 best 14.842
  step 1600/1999 best 14.888
  step 1650/1999 best 14.868
  step 1700/1999 best 14.856
  step 1750/1999 best 14.959
  step 1800/1999 best 14.997
  step 1850/1999 best 14.912
  step 1900/1999 best 14.984
  step 1950/1999 best 14.820
saved SBC_CHAINS_cnn_vmim__n1_jitter_seed_s1_sim1767_row1519081_noise7869_8048_8227 (240000, 4) acc=0.199
  step 0/1999 best -21.525
  step 50/1999 best 4.823
  step 100/1999 best 7.144
  step 150/1999 best 8.250
  step 200/1999 best 8.228
  step 250/1999 best 8.048
  step 300/1999 best 8.147
  step 350/1999 best 8.221
  step 400/1999 best 8.104
  step 450/1999 best 8.146
  step 500/1999 best 8.229
  step 550/1999 best 8.168
  step 600/1999 best 8.220
  step 650/1999 best 8.156
  step 700/1999 best 8.158
  step 750/1999 best 8.175
  step 800/1999 best 8.158
  step 850/1999 best 8.222
  step 900/1999 best 8.250
  step 950/1999 best 8.163
  step 1000/1999 best 8.291
  step 1050/1999 best 8.243
  step 1100/1999 best 8.251
  step 1150/1999 best 8.088
  step 1200/1999 best 8.216
  step 1250/1999 best 8.287
  step 1300/1999 best 8.149
  step 1350/1999 best 8.196
  step 1400/1999 best 8.138
  step 1450/1999 best 8.300
  step 1500/1999 best 8.244
  step 1550/1999 best 8.241
  step 1600/1999 best 8.280
  step 1650/1999 best 8.135
  step 1700/1999 best 8.148
  step 1750/1999 best 8.183
  step 1800/1999 best 8.260
  step 1850/1999 best 8.131
  step 1900/1999 best 8.090
  step 1950/1999 best 8.224
saved SBC_CHAINS_cnn_vmim__n1_jitter_seed_s1_sim2863_row2458276_noise3328_3507_3686 (240000, 4) acc=0.348
  step 0/1999 best -18.150
  step 50/1999 best 12.014
  step 100/1999 best 14.164
  step 150/1999 best 14.106
  step 200/1999 best 14.345
  step 250/1999 best 14.562
  step 300/1999 best 14.408
  step 350/1999 best 14.494
  step 400/1999 best 14.325
  step 450/1999 best 14.444
  step 500/1999 best 14.561
  step 550/1999 best 14.551
  step 600/1999 best 14.433
  step 650/1999 best 14.433
  step 700/1999 best 14.485
  step 750/1999 best 14.369
  step 800/1999 best 14.466
  step 850/1999 best 14.502
  step 900/1999 best 14.480
  step 950/1999 best 14.495
  step 1000/1999 best 14.458
  step 1050/1999 best 14.223
  step 1100/1999 best 14.458
  step 1150/1999 best 14.473
  step 1200/1999 best 14.500
  step 1250/1999 best 14.507
  step 1300/1999 best 14.384
  step 1350/1999 best 14.316
  step 1400/1999 best 14.524
  step 1450/1999 best 14.489
  step 1500/1999 best 14.369
  step 1550/1999 best 14.411
  step 1600/1999 best 14.453
  step 1650/1999 best 14.338
  step 1700/1999 best 14.430
  step 1750/1999 best 14.496
  step 1800/1999 best 14.464
  step 1850/1999 best 14.475
  step 1900/1999 best 14.412
  step 1950/1999 best 14.394
saved SBC_CHAINS_cnn_vmim__n1_jitter_seed_s1_sim1304_row1113559_noise7263_7442_7621 (240000, 4) acc=0.338
  step 0/1999 best -23.571
  step 50/1999 best -2.224
  step 100/1999 best 5.987
  step 150/1999 best 11.716
  step 200/1999 best 14.110
  step 250/1999 best 15.382
  step 300/1999 best 15.288
  step 350/1999 best 15.533
  step 400/1999 best 15.701
  step 450/1999 best 15.307
  step 500/1999 best 15.373
  step 550/1999 best 15.585
  step 600/1999 best 15.643
  step 650/1999 best 15.483
  step 700/1999 best 15.613
  step 750/1999 best 15.625
  step 800/1999 best 15.690
  step 850/1999 best 15.650
  step 900/1999 best 15.684
  step 950/1999 best 15.726
  step 1000/1999 best 15.569
  step 1050/1999 best 15.738
  step 1100/1999 best 15.797
  step 1150/1999 best 15.718
  step 1200/1999 best 15.656
  step 1250/1999 best 15.699
  step 1300/1999 best 15.703
  step 1350/1999 best 15.625
  step 1400/1999 best 15.799
  step 1450/1999 best 15.779
  step 1500/1999 best 15.618
  step 1550/1999 best 15.635
  step 1600/1999 best 15.747
  step 1650/1999 best 15.563
  step 1700/1999 best 15.552
  step 1750/1999 best 15.724
  step 1800/1999 best 15.582
  step 1850/1999 best 15.639
  step 1900/1999 best 15.605
  step 1950/1999 best 15.571
saved SBC_CHAINS_cnn_vmim__n1_jitter_seed_s1_sim249_row235025_noise3325_3504_3683 (240000, 4) acc=0.229
  step 0/1999 best -19.059
  step 50/1999 best 16.270
  step 100/1999 best 15.194
  step 150/1999 best 13.926
  step 200/1999 best 16.213
  step 250/1999 best 16.313
  step 300/1999 best 16.549
  step 350/1999 best 16.583
  step 400/1999 best 16.383
  step 450/1999 best 16.651
  step 500/1999 best 16.586
  step 550/1999 best 16.620
  step 600/1999 best 16.718
  step 650/1999 best 16.657
  step 700/1999 best 16.652
  step 750/1999 best 16.598
  step 800/1999 best 16.702
  step 850/1999 best 16.681
  step 900/1999 best 16.691
  step 950/1999 best 16.494
  step 1000/1999 best 16.481
  step 1050/1999 best 16.715
  step 1100/1999 best 16.508
  step 1150/1999 best 16.645
  step 1200/1999 best 16.698
  step 1250/1999 best 16.559
  step 1300/1999 best 16.647
  step 1350/1999 best 16.541
  step 1400/1999 best 16.614
  step 1450/1999 best 16.606
  step 1500/1999 best 16.685
  step 1550/1999 best 16.656
  step 1600/1999 best 16.611
  step 1650/1999 best 16.690
  step 1700/1999 best 16.606
  step 1750/1999 best 16.672
  step 1800/1999 best 16.746
  step 1850/1999 best 16.679
  step 1900/1999 best 16.640
  step 1950/1999 best 16.481
saved SBC_CHAINS_cnn_vmim__n1_jitter_seed_s1_sim201_row187451_noise4891_5070_5249 (240000, 4) acc=0.243
  step 0/1999 best -21.287
  step 50/1999 best -0.120
  step 100/1999 best 2.337
  step 150/1999 best 8.355
  step 200/1999 best 11.981
  step 250/1999 best 11.594
  step 300/1999 best 13.859
  step 350/1999 best 13.878
  step 400/1999 best 15.015
  step 450/1999 best 15.149
  step 500/1999 best 14.960
  step 550/1999 best 15.158
  step 600/1999 best 15.450
  step 650/1999 best 15.455
  step 700/1999 best 15.482
  step 750/1999 best 15.190
  step 800/1999 best 15.277
  step 850/1999 best 15.444
  step 900/1999 best 15.415
  step 950/1999 best 15.461
  step 1000/1999 best 15.178
  step 1050/1999 best 15.465
  step 1100/1999 best 15.171
  step 1150/1999 best 15.325
  step 1200/1999 best 15.362
  step 1250/1999 best 15.448
  step 1300/1999 best 15.352
  step 1350/1999 best 15.380
  step 1400/1999 best 15.272
  step 1450/1999 best 15.382
  step 1500/1999 best 15.441
  step 1550/1999 best 15.340
  step 1600/1999 best 15.537
  step 1650/1999 best 15.250
  step 1700/1999 best 15.232
  step 1750/1999 best 15.525
  step 1800/1999 best 15.511
  step 1850/1999 best 15.485
  step 1900/1999 best 15.232
  step 1950/1999 best 15.313
saved SBC_CHAINS_cnn_vmim__n1_jitter_seed_s1_sim1342_row1151224_noise5616_5795_5974 (240000, 4) acc=0.198
  step 0/1999 best -14.955
  step 50/1999 best 7.994
  step 100/1999 best 7.899
  step 150/1999 best 10.042
  step 200/1999 best 9.963
  step 250/1999 best 10.634
  step 300/1999 best 11.800
  step 350/1999 best 11.944
  step 400/1999 best 11.916
  step 450/1999 best 11.959
  step 500/1999 best 11.941
  step 550/1999 best 11.913
  step 600/1999 best 11.966
  step 650/1999 best 12.124
  step 700/1999 best 11.898
  step 750/1999 best 12.117
  step 800/1999 best 12.050
  step 850/1999 best 12.052
  step 900/1999 best 12.128
  step 950/1999 best 11.952
  step 1000/1999 best 11.864
  step 1050/1999 best 12.050
  step 1100/1999 best 12.069
  step 1150/1999 best 11.796
  step 1200/1999 best 12.136
  step 1250/1999 best 12.053
  step 1300/1999 best 12.141
  step 1350/1999 best 12.051
  step 1400/1999 best 11.840
  step 1450/1999 best 12.092
  step 1500/1999 best 12.076
  step 1550/1999 best 12.020
  step 1600/1999 best 12.144
  step 1650/1999 best 12.091
  step 1700/1999 best 11.899
  step 1750/1999 best 12.010
  step 1800/1999 best 11.972
  step 1850/1999 best 12.077
  step 1900/1999 best 12.121
  step 1950/1999 best 11.988
saved SBC_CHAINS_cnn_vmim__n1_jitter_seed_s1_sim3086_row2681249_noise257_436_615 (240000, 4) acc=0.195
  step 0/1999 best -21.387
  step 50/1999 best -0.728
  step 100/1999 best 2.905
  step 150/1999 best 10.122
  step 200/1999 best 9.378
  step 250/1999 best 15.037
  step 300/1999 best 15.394
  step 350/1999 best 16.129
  step 400/1999 best 16.111
  step 450/1999 best 15.960
  step 500/1999 best 16.073
  step 550/1999 best 15.919
  step 600/1999 best 16.096
  step 650/1999 best 16.053
  step 700/1999 best 16.103
  step 750/1999 best 16.029
  step 800/1999 best 16.040
  step 850/1999 best 16.040
  step 900/1999 best 16.154
  step 950/1999 best 15.895
  step 1000/1999 best 16.039
  step 1050/1999 best 16.035
  step 1100/1999 best 15.874
  step 1150/1999 best 16.102
  step 1200/1999 best 16.140
  step 1250/1999 best 16.113
  step 1300/1999 best 16.152
  step 1350/1999 best 16.100
  step 1400/1999 best 16.149
  step 1450/1999 best 16.005
  step 1500/1999 best 15.949
  step 1550/1999 best 16.046
  step 1600/1999 best 15.882
  step 1650/1999 best 15.988
  step 1700/1999 best 16.054
  step 1750/1999 best 15.931
  step 1800/1999 best 15.994
  step 1850/1999 best 16.083
  step 1900/1999 best 16.127
  step 1950/1999 best 16.068
saved SBC_CHAINS_cnn_vmim__n1_jitter_seed_s1_sim103_row102896_noise5616_5795_5974 (240000, 4) acc=0.170
  step 0/1999 best -21.679
  step 50/1999 best -1.172
  step 100/1999 best 13.278
  step 150/1999 best 13.672
  step 200/1999 best 14.105
  step 250/1999 best 15.140
  step 300/1999 best 15.432
  step 350/1999 best 15.648
  step 400/1999 best 15.457
  step 450/1999 best 15.525
  step 500/1999 best 15.572
  step 550/1999 best 15.588
  step 600/1999 best 15.475
  step 650/1999 best 15.608
  step 700/1999 best 15.454
  step 750/1999 best 15.397
  step 800/1999 best 15.722
  step 850/1999 best 15.742
  step 900/1999 best 15.615
  step 950/1999 best 15.600
  step 1000/1999 best 15.709
  step 1050/1999 best 15.570
  step 1100/1999 best 15.574
  step 1150/1999 best 15.718
  step 1200/1999 best 15.571
  step 1250/1999 best 15.364
  step 1300/1999 best 15.630
  step 1350/1999 best 15.481
  step 1400/1999 best 15.704
  step 1450/1999 best 15.681
  step 1500/1999 best 15.621
  step 1550/1999 best 15.615
  step 1600/1999 best 15.703
  step 1650/1999 best 15.567
  step 1700/1999 best 15.534
  step 1750/1999 best 15.655
  step 1800/1999 best 15.644
  step 1850/1999 best 15.635
  step 1900/1999 best 15.503
  step 1950/1999 best 15.508
saved SBC_CHAINS_cnn_vmim__n1_jitter_seed_s1_sim1975_row1586476_noise48_227_406 (240000, 4) acc=0.212
  step 0/1999 best -11.635
  step 50/1999 best 5.768
  step 100/1999 best 8.047
  step 150/1999 best 14.264
  step 200/1999 best 15.053
  step 250/1999 best 15.053
  step 300/1999 best 16.525
  step 350/1999 best 16.610
  step 400/1999 best 16.850
  step 450/1999 best 16.836
  step 500/1999 best 16.875
  step 550/1999 best 16.891
  step 600/1999 best 16.987
  step 650/1999 best 16.824
  step 700/1999 best 17.239
  step 750/1999 best 16.998
  step 800/1999 best 17.231
  step 850/1999 best 17.149
  step 900/1999 best 17.164
  step 950/1999 best 16.966
  step 1000/1999 best 16.996
  step 1050/1999 best 17.158
  step 1100/1999 best 17.180
  step 1150/1999 best 17.121
  step 1200/1999 best 17.109
  step 1250/1999 best 17.193
  step 1300/1999 best 17.131
  step 1350/1999 best 16.960
  step 1400/1999 best 17.129
  step 1450/1999 best 16.839
  step 1500/1999 best 17.185
  step 1550/1999 best 17.150
  step 1600/1999 best 16.991
  step 1650/1999 best 17.137
  step 1700/1999 best 17.159
  step 1750/1999 best 17.043
  step 1800/1999 best 17.019
  step 1850/1999 best 17.057
  step 1900/1999 best 17.240
  step 1950/1999 best 17.082
saved SBC_CHAINS_cnn_vmim__n1_jitter_seed_s1_sim1360_row1169524_noise4260_4439_4618 (240000, 4) acc=0.243
  step 0/1999 best -13.678
  step 50/1999 best 6.402
  step 100/1999 best 10.392
  step 150/1999 best 13.156
  step 200/1999 best 14.266
  step 250/1999 best 14.704
  step 300/1999 best 14.610
  step 350/1999 best 14.325
  step 400/1999 best 14.463
  step 450/1999 best 14.658
  step 500/1999 best 14.597
  step 550/1999 best 14.592
  step 600/1999 best 14.638
  step 650/1999 best 14.493
  step 700/1999 best 14.551
  step 750/1999 best 14.643
  step 800/1999 best 14.716
  step 850/1999 best 14.667
  step 900/1999 best 14.718
  step 950/1999 best 14.540
  step 1000/1999 best 14.682
  step 1050/1999 best 14.520
  step 1100/1999 best 14.691
  step 1150/1999 best 14.524
  step 1200/1999 best 14.580
  step 1250/1999 best 14.559
  step 1300/1999 best 14.696
  step 1350/1999 best 14.709
  step 1400/1999 best 14.547
  step 1450/1999 best 14.526
  step 1500/1999 best 14.663
  step 1550/1999 best 14.579
  step 1600/1999 best 14.586
  step 1650/1999 best 14.662
  step 1700/1999 best 14.581
  step 1750/1999 best 14.549
  step 1800/1999 best 14.399
  step 1850/1999 best 14.601
  step 1900/1999 best 14.747
  step 1950/1999 best 14.616
saved SBC_CHAINS_cnn_vmim__n1_jitter_seed_s1_sim2006_row1617381_noise1469_1648_1827 (240000, 4) acc=0.282
  step 0/1999 best -11.415
  step 50/1999 best 1.854
  step 100/1999 best 2.249
  step 150/1999 best 0.140
  step 200/1999 best 1.373
  step 250/1999 best 3.637
  step 300/1999 best 2.805
  step 350/1999 best 2.429
  step 400/1999 best 4.341
  step 450/1999 best 12.244
  step 500/1999 best 14.641
  step 550/1999 best 15.346
  step 600/1999 best 15.042
  step 650/1999 best 15.615
  step 700/1999 best 15.086
  step 750/1999 best 15.693
  step 800/1999 best 15.802
  step 850/1999 best 15.815
  step 900/1999 best 15.869
  step 950/1999 best 15.820
  step 1000/1999 best 15.834
  step 1050/1999 best 15.995
  step 1100/1999 best 15.613
  step 1150/1999 best 15.858
  step 1200/1999 best 15.617
  step 1250/1999 best 15.893
  step 1300/1999 best 15.962
  step 1350/1999 best 15.699
  step 1400/1999 best 15.797
  step 1450/1999 best 15.772
  step 1500/1999 best 15.563
  step 1550/1999 best 15.860
  step 1600/1999 best 15.442
  step 1650/1999 best 15.841
  step 1700/1999 best 15.934
  step 1750/1999 best 15.711
  step 1800/1999 best 15.891
  step 1850/1999 best 15.961
  step 1900/1999 best 15.914
  step 1950/1999 best 15.660
saved SBC_CHAINS_cnn_vmim__n1_jitter_seed_s1_sim2050_row1660636_noise6412_6591_6770 (240000, 4) acc=0.189
  step 0/1999 best -14.416
  step 50/1999 best -1.782
  step 100/1999 best 14.786
  step 150/1999 best 15.141
  step 200/1999 best 14.890
  step 250/1999 best 15.392
  step 300/1999 best 14.963
  step 350/1999 best 14.576
  step 400/1999 best 15.221
  step 450/1999 best 15.496
  step 500/1999 best 15.394
  step 550/1999 best 15.278
  step 600/1999 best 15.544
  step 650/1999 best 15.555
  step 700/1999 best 15.466
  step 750/1999 best 15.265
  step 800/1999 best 15.635
  step 850/1999 best 15.382
  step 900/1999 best 15.516
  step 950/1999 best 15.517
  step 1000/1999 best 15.546
  step 1050/1999 best 15.575
  step 1100/1999 best 15.494
  step 1150/1999 best 15.449
  step 1200/1999 best 15.511
  step 1250/1999 best 15.564
  step 1300/1999 best 15.556
  step 1350/1999 best 15.320
  step 1400/1999 best 15.585
  step 1450/1999 best 15.416
  step 1500/1999 best 15.408
  step 1550/1999 best 15.450
  step 1600/1999 best 15.422
  step 1650/1999 best 15.397
  step 1700/1999 best 15.447
  step 1750/1999 best 15.432
  step 1800/1999 best 15.379
  step 1850/1999 best 15.454
  step 1900/1999 best 15.604
  step 1950/1999 best 15.370
saved SBC_CHAINS_cnn_vmim__n1_jitter_seed_s1_sim1532_row1309198_noise8858_9037_9216 (240000, 4) acc=0.232
  step 0/1999 best -6.546
  step 50/1999 best -2.406
  step 100/1999 best 0.331
  step 150/1999 best 4.146
  step 200/1999 best 6.544
  step 250/1999 best 11.575
  step 300/1999 best 12.902
  step 350/1999 best 15.025
  step 400/1999 best 15.321
  step 450/1999 best 15.766
  step 500/1999 best 15.550
  step 550/1999 best 15.634
  step 600/1999 best 15.601
  step 650/1999 best 15.699
  step 700/1999 best 15.685
  step 750/1999 best 15.752
  step 800/1999 best 15.670
  step 850/1999 best 15.746
  step 900/1999 best 15.644
  step 950/1999 best 15.718
  step 1000/1999 best 15.790
  step 1050/1999 best 15.579
  step 1100/1999 best 15.697
  step 1150/1999 best 15.825
  step 1200/1999 best 15.732
  step 1250/1999 best 15.694
  step 1300/1999 best 15.667
  step 1350/1999 best 15.780
  step 1400/1999 best 15.642
  step 1450/1999 best 15.765
  step 1500/1999 best 15.813
  step 1550/1999 best 15.788
  step 1600/1999 best 15.689
  step 1650/1999 best 15.719
  step 1700/1999 best 15.760
  step 1750/1999 best 15.674
  step 1800/1999 best 15.681
  step 1850/1999 best 15.674
  step 1900/1999 best 15.732
  step 1950/1999 best 15.630
saved SBC_CHAINS_cnn_vmim__n1_jitter_seed_s1_sim2053_row1663754_noise9530_9709_60 (240000, 4) acc=0.241
  step 0/1999 best -20.592
  step 50/1999 best 3.957
  step 100/1999 best 9.563
  step 150/1999 best 10.133
  step 200/1999 best 10.544
  step 250/1999 best 10.436
  step 300/1999 best 10.428
  step 350/1999 best 10.180
  step 400/1999 best 10.419
  step 450/1999 best 10.553
  step 500/1999 best 10.548
  step 550/1999 best 10.541
  step 600/1999 best 10.537
  step 650/1999 best 10.405
  step 700/1999 best 10.533
  step 750/1999 best 10.598
  step 800/1999 best 10.330
  step 850/1999 best 10.572
  step 900/1999 best 10.623
  step 950/1999 best 10.473
  step 1000/1999 best 10.586
  step 1050/1999 best 10.506
  step 1100/1999 best 10.642
  step 1150/1999 best 10.612
  step 1200/1999 best 10.545
  step 1250/1999 best 10.470
  step 1300/1999 best 10.515
  step 1350/1999 best 10.641
  step 1400/1999 best 10.674
  step 1450/1999 best 10.534
  step 1500/1999 best 10.645
  step 1550/1999 best 10.594
  step 1600/1999 best 10.647
  step 1650/1999 best 10.558
  step 1700/1999 best 10.693
  step 1750/1999 best 10.557
  step 1800/1999 best 10.572
  step 1850/1999 best 10.501
  step 1900/1999 best 10.446
  step 1950/1999 best 10.579
saved SBC_CHAINS_cnn_vmim__n1_jitter_seed_s1_sim2557_row2156565_noise2285_2464_2643 (240000, 4) acc=0.249
  step 0/1999 best -16.074
  step 50/1999 best -1.740
  step 100/1999 best 3.636
  step 150/1999 best 6.628
  step 200/1999 best 10.480
  step 250/1999 best 11.207
  step 300/1999 best 11.674
  step 350/1999 best 13.363
  step 400/1999 best 13.748
  step 450/1999 best 14.059
  step 500/1999 best 14.576
  step 550/1999 best 14.388
  step 600/1999 best 14.614
  step 650/1999 best 14.110
  step 700/1999 best 14.952
  step 750/1999 best 15.089
  step 800/1999 best 14.858
  step 850/1999 best 14.891
  step 900/1999 best 15.019
  step 950/1999 best 14.965
  step 1000/1999 best 14.926
  step 1050/1999 best 14.896
  step 1100/1999 best 14.687
  step 1150/1999 best 14.746
  step 1200/1999 best 14.906
  step 1250/1999 best 15.090
  step 1300/1999 best 14.935
  step 1350/1999 best 15.024
  step 1400/1999 best 14.956
  step 1450/1999 best 14.956
  step 1500/1999 best 14.976
  step 1550/1999 best 14.954
  step 1600/1999 best 15.125
  step 1650/1999 best 14.840
  step 1700/1999 best 15.008
  step 1750/1999 best 15.106
  step 1800/1999 best 15.082
  step 1850/1999 best 15.036
  step 1900/1999 best 14.995
  step 1950/1999 best 15.064
saved SBC_CHAINS_cnn_vmim__n1_jitter_seed_s1_sim1966_row1577409_noise809_988_1167 (240000, 4) acc=0.206
  step 0/1999 best -20.855
  step 50/1999 best 1.256
  step 100/1999 best 2.044
  step 150/1999 best 9.750
  step 200/1999 best 10.475
  step 250/1999 best 14.445
  step 300/1999 best 15.259
  step 350/1999 best 15.849
  step 400/1999 best 15.945
  step 450/1999 best 15.832
  step 500/1999 best 15.849
  step 550/1999 best 16.060
  step 600/1999 best 16.019
  step 650/1999 best 16.072
  step 700/1999 best 15.933
  step 750/1999 best 15.786
  step 800/1999 best 15.996
  step 850/1999 best 16.071
  step 900/1999 best 15.779
  step 950/1999 best 15.934
  step 1000/1999 best 16.115
  step 1050/1999 best 16.007
  step 1100/1999 best 16.019
  step 1150/1999 best 16.100
  step 1200/1999 best 15.966
  step 1250/1999 best 16.066
  step 1300/1999 best 16.138
  step 1350/1999 best 15.969
  step 1400/1999 best 16.093
  step 1450/1999 best 15.941
  step 1500/1999 best 16.016
  step 1550/1999 best 16.017
  step 1600/1999 best 15.978
  step 1650/1999 best 15.919
  step 1700/1999 best 15.980
  step 1750/1999 best 16.004
  step 1800/1999 best 16.115
  step 1850/1999 best 15.910
  step 1900/1999 best 16.078
  step 1950/1999 best 15.866
saved SBC_CHAINS_cnn_vmim__n1_jitter_seed_s1_sim879_row828057_noise4365_4544_4723 (240000, 4) acc=0.323
  step 0/1999 best -13.108
  step 50/1999 best -3.081
  step 100/1999 best -3.878
  step 150/1999 best -2.951
  step 200/1999 best 2.932
  step 250/1999 best 4.625
  step 300/1999 best 4.952
  step 350/1999 best 11.552
  step 400/1999 best 11.256
  step 450/1999 best 12.191
  step 500/1999 best 11.529
  step 550/1999 best 12.611
  step 600/1999 best 12.666
  step 650/1999 best 13.394
  step 700/1999 best 13.233
  step 750/1999 best 13.210
  step 800/1999 best 13.599
  step 850/1999 best 13.249
  step 900/1999 best 13.590
  step 950/1999 best 13.388
  step 1000/1999 best 13.521
  step 1050/1999 best 13.335
  step 1100/1999 best 13.652
  step 1150/1999 best 13.642
  step 1200/1999 best 13.648
  step 1250/1999 best 13.560
  step 1300/1999 best 13.525
  step 1350/1999 best 13.648
  step 1400/1999 best 13.274
  step 1450/1999 best 13.637
  step 1500/1999 best 13.583
  step 1550/1999 best 13.502
  step 1600/1999 best 13.677
  step 1650/1999 best 13.520
  step 1700/1999 best 13.565
  step 1750/1999 best 13.438
  step 1800/1999 best 13.449
  step 1850/1999 best 13.632
  step 1900/1999 best 13.564
  step 1950/1999 best 13.555
saved SBC_CHAINS_cnn_vmim__n1_jitter_seed_s1_sim445_row423148_noise2888_3067_3246 (240000, 4) acc=0.172
  step 0/1999 best -18.084
  step 50/1999 best -3.779
  step 100/1999 best -3.130
  step 150/1999 best -3.949
  step 200/1999 best -3.231
  step 250/1999 best 7.500
  step 300/1999 best 7.615
  step 350/1999 best 7.615
  step 400/1999 best 8.948
  step 450/1999 best 11.214
  step 500/1999 best 10.700
  step 550/1999 best 11.168
  step 600/1999 best 13.537
  step 650/1999 best 13.041
  step 700/1999 best 13.068
  step 750/1999 best 13.566
  step 800/1999 best 13.023
  step 850/1999 best 12.797
  step 900/1999 best 12.872
  step 950/1999 best 13.492
  step 1000/1999 best 13.075
  step 1050/1999 best 12.858
  step 1100/1999 best 13.594
  step 1150/1999 best 13.591
  step 1200/1999 best 13.591
  step 1250/1999 best 12.923
  step 1300/1999 best 13.545
  step 1350/1999 best 13.700
  step 1400/1999 best 13.700
  step 1450/1999 best 13.134
  step 1500/1999 best 13.524
  step 1550/1999 best 13.470
  step 1600/1999 best 13.687
  step 1650/1999 best 13.394
  step 1700/1999 best 13.762
  step 1750/1999 best 13.693
  step 1800/1999 best 13.634
  step 1850/1999 best 13.593
  step 1900/1999 best 13.645
  step 1950/1999 best 13.594
saved SBC_CHAINS_cnn_vmim__n1_jitter_seed_s1_sim2608_row2207540_noise4120_4299_4478 (240000, 4) acc=0.148
  step 0/1999 best -9.016
  step 50/1999 best 6.501
  step 100/1999 best 14.968
  step 150/1999 best 15.236
  step 200/1999 best 15.397
  step 250/1999 best 15.279
  step 300/1999 best 15.403
  step 350/1999 best 15.531
  step 400/1999 best 15.667
  step 450/1999 best 15.532
  step 500/1999 best 15.573
  step 550/1999 best 15.486
  step 600/1999 best 15.645
  step 650/1999 best 15.555
  step 700/1999 best 15.511
  step 750/1999 best 15.604
  step 800/1999 best 15.542
  step 850/1999 best 15.513
  step 900/1999 best 15.642
  step 950/1999 best 15.457
  step 1000/1999 best 15.494
  step 1050/1999 best 15.671
  step 1100/1999 best 15.440
  step 1150/1999 best 15.563
  step 1200/1999 best 15.590
  step 1250/1999 best 15.604
  step 1300/1999 best 15.575
  step 1350/1999 best 15.603
  step 1400/1999 best 15.544
  step 1450/1999 best 15.593
  step 1500/1999 best 15.632
  step 1550/1999 best 15.584
  step 1600/1999 best 15.669
  step 1650/1999 best 15.536
  step 1700/1999 best 15.556
  step 1750/1999 best 15.653
  step 1800/1999 best 15.675
  step 1850/1999 best 15.551
  step 1900/1999 best 15.432
  step 1950/1999 best 15.641
saved SBC_CHAINS_cnn_vmim__n1_jitter_seed_s1_sim1922_row1533124_noise5664_5843_6022 (240000, 4) acc=0.250
  step 0/1999 best -14.507
  step 50/1999 best -0.154
  step 100/1999 best 4.965
  step 150/1999 best 6.577
  step 200/1999 best 15.320
  step 250/1999 best 15.101
  step 300/1999 best 16.127
  step 350/1999 best 15.964
  step 400/1999 best 15.744
  step 450/1999 best 15.924
  step 500/1999 best 15.944
  step 550/1999 best 16.065
  step 600/1999 best 16.100
  step 650/1999 best 15.832
  step 700/1999 best 15.870
  step 750/1999 best 15.998
  step 800/1999 best 16.002
  step 850/1999 best 15.991
  step 900/1999 best 15.955
  step 950/1999 best 16.094
  step 1000/1999 best 15.978
  step 1050/1999 best 16.016
  step 1100/1999 best 15.907
  step 1150/1999 best 16.102
  step 1200/1999 best 15.857
  step 1250/1999 best 15.987
  step 1300/1999 best 16.020
  step 1350/1999 best 16.006
  step 1400/1999 best 16.022
  step 1450/1999 best 15.912
  step 1500/1999 best 16.060
  step 1550/1999 best 15.939
  step 1600/1999 best 16.060
  step 1650/1999 best 15.989
  step 1700/1999 best 15.977
  step 1750/1999 best 16.019
  step 1800/1999 best 15.765
  step 1850/1999 best 15.977
  step 1900/1999 best 16.080
  step 1950/1999 best 16.080
saved SBC_CHAINS_cnn_vmim__n1_jitter_seed_s1_sim806_row755768_noise872_1051_1230 (240000, 4) acc=0.225
  step 0/1999 best -10.595
  step 50/1999 best -1.134
  step 100/1999 best 0.791
  step 150/1999 best 2.072
  step 200/1999 best 3.976
  step 250/1999 best 8.981
  step 300/1999 best 14.040
  step 350/1999 best 14.275
  step 400/1999 best 14.118
  step 450/1999 best 14.286
  step 500/1999 best 14.948
  step 550/1999 best 14.539
  step 600/1999 best 15.077
  step 650/1999 best 15.726
  step 700/1999 best 15.534
  step 750/1999 best 15.797
  step 800/1999 best 15.791
  step 850/1999 best 15.847
  step 900/1999 best 15.474
  step 950/1999 best 15.167
  step 1000/1999 best 15.283
  step 1050/1999 best 15.624
  step 1100/1999 best 15.819
  step 1150/1999 best 15.570
  step 1200/1999 best 15.635
  step 1250/1999 best 15.677
  step 1300/1999 best 15.605
  step 1350/1999 best 15.636
  step 1400/1999 best 15.734
  step 1450/1999 best 15.562
  step 1500/1999 best 15.619
  step 1550/1999 best 15.738
  step 1600/1999 best 15.842
  step 1650/1999 best 15.048
  step 1700/1999 best 15.792
  step 1750/1999 best 15.624
  step 1800/1999 best 15.616
  step 1850/1999 best 15.652
  step 1900/1999 best 15.746
  step 1950/1999 best 15.458
saved SBC_CHAINS_cnn_vmim__n1_jitter_seed_s1_sim1504_row1281897_noise1213_1392_1571 (240000, 4) acc=0.208
  step 0/1999 best -19.285
  step 50/1999 best 2.476
  step 100/1999 best 11.014
  step 150/1999 best 13.738
  step 200/1999 best 14.199
  step 250/1999 best 14.922
  step 300/1999 best 15.468
  step 350/1999 best 15.461
  step 400/1999 best 15.375
  step 450/1999 best 15.347
  step 500/1999 best 15.422
  step 550/1999 best 15.445
  step 600/1999 best 15.535
  step 650/1999 best 15.656
  step 700/1999 best 15.469
  step 750/1999 best 15.580
  step 800/1999 best 15.561
  step 850/1999 best 15.538
  step 900/1999 best 15.688
  step 950/1999 best 15.543
  step 1000/1999 best 15.555
  step 1050/1999 best 15.594
  step 1100/1999 best 15.476
  step 1150/1999 best 15.463
  step 1200/1999 best 15.683
  step 1250/1999 best 15.592
  step 1300/1999 best 15.544
  step 1350/1999 best 15.377
  step 1400/1999 best 15.440
  step 1450/1999 best 15.608
  step 1500/1999 best 15.528
  step 1550/1999 best 15.598
  step 1600/1999 best 15.637
  step 1650/1999 best 15.445
  step 1700/1999 best 15.610
  step 1750/1999 best 15.594
  step 1800/1999 best 15.434
  step 1850/1999 best 15.496
  step 1900/1999 best 15.557
  step 1950/1999 best 15.543
saved SBC_CHAINS_cnn_vmim__n1_jitter_seed_s1_sim1969_row1580409_noise3809_3988_4167 (240000, 4) acc=0.243
  step 0/1999 best -23.901
  step 50/1999 best -0.316
  step 100/1999 best 11.503
  step 150/1999 best 13.035
  step 200/1999 best 12.601
  step 250/1999 best 12.043
  step 300/1999 best 12.694
  step 350/1999 best 13.559
  step 400/1999 best 12.243
  step 450/1999 best 13.357
  step 500/1999 best 13.650
  step 550/1999 best 13.298
  step 600/1999 best 13.438
  step 650/1999 best 13.326
  step 700/1999 best 13.226
  step 750/1999 best 13.153
  step 800/1999 best 13.582
  step 850/1999 best 13.390
  step 900/1999 best 13.415
  step 950/1999 best 13.195
  step 1000/1999 best 13.489
  step 1050/1999 best 13.337
  step 1100/1999 best 13.520
  step 1150/1999 best 13.718
  step 1200/1999 best 13.632
  step 1250/1999 best 13.454
  step 1300/1999 best 13.480
  step 1350/1999 best 13.583
  step 1400/1999 best 13.435
  step 1450/1999 best 13.592
  step 1500/1999 best 13.427
  step 1550/1999 best 13.686
  step 1600/1999 best 13.411
  step 1650/1999 best 13.493
  step 1700/1999 best 13.570
  step 1750/1999 best 13.545
  step 1800/1999 best 13.598
  step 1850/1999 best 13.685
  step 1900/1999 best 13.599
  step 1950/1999 best 13.607
saved SBC_CHAINS_cnn_vmim__n1_jitter_seed_s1_sim2517_row2116563_noise1595_1774_1953 (240000, 4) acc=0.139
  step 0/1999 best -20.297
  step 50/1999 best -3.821
  step 100/1999 best 4.664
  step 150/1999 best 8.294
  step 200/1999 best 15.850
  step 250/1999 best 15.111
  step 300/1999 best 15.157
  step 350/1999 best 15.093
  step 400/1999 best 15.936
  step 450/1999 best 15.543
  step 500/1999 best 15.874
  step 550/1999 best 15.905
  step 600/1999 best 16.114
  step 650/1999 best 15.964
  step 700/1999 best 15.959
  step 750/1999 best 16.057
  step 800/1999 best 15.848
  step 850/1999 best 16.019
  step 900/1999 best 16.098
  step 950/1999 best 16.079
  step 1000/1999 best 15.940
  step 1050/1999 best 16.152
  step 1100/1999 best 16.085
  step 1150/1999 best 16.122
  step 1200/1999 best 15.983
  step 1250/1999 best 15.982
  step 1300/1999 best 16.145
  step 1350/1999 best 16.030
  step 1400/1999 best 15.933
  step 1450/1999 best 16.096
  step 1500/1999 best 16.039
  step 1550/1999 best 16.161
  step 1600/1999 best 16.072
  step 1650/1999 best 15.939
  step 1700/1999 best 16.127
  step 1750/1999 best 15.995
  step 1800/1999 best 15.962
  step 1850/1999 best 16.050
  step 1900/1999 best 16.095
  step 1950/1999 best 16.063
saved SBC_CHAINS_cnn_vmim__n1_jitter_seed_s1_sim728_row677558_noise1286_1465_1644 (240000, 4) acc=0.184
  step 0/1999 best -14.733
  step 50/1999 best 2.298
  step 100/1999 best 10.866
  step 150/1999 best 14.010
  step 200/1999 best 12.749
  step 250/1999 best 14.251
  step 300/1999 best 14.413
  step 350/1999 best 14.349
  step 400/1999 best 14.881
  step 450/1999 best 14.565
  step 500/1999 best 14.670
  step 550/1999 best 14.716
  step 600/1999 best 14.381
  step 650/1999 best 14.747
  step 700/1999 best 14.711
  step 750/1999 best 14.808
  step 800/1999 best 14.815
  step 850/1999 best 14.746
  step 900/1999 best 14.846
  step 950/1999 best 14.793
  step 1000/1999 best 14.708
  step 1050/1999 best 14.793
  step 1100/1999 best 14.777
  step 1150/1999 best 14.711
  step 1200/1999 best 14.744
  step 1250/1999 best 14.865
  step 1300/1999 best 14.725
  step 1350/1999 best 14.819
  step 1400/1999 best 14.842
  step 1450/1999 best 14.852
  step 1500/1999 best 14.821
  step 1550/1999 best 14.849
  step 1600/1999 best 14.699
  step 1650/1999 best 14.828
  step 1700/1999 best 14.820
  step 1750/1999 best 14.610
  step 1800/1999 best 14.798
  step 1850/1999 best 14.749
  step 1900/1999 best 14.866
  step 1950/1999 best 14.823
saved SBC_CHAINS_cnn_vmim__n1_jitter_seed_s1_sim1538_row1315948_noise5780_5959_6138 (240000, 4) acc=0.231
  step 0/1999 best -10.049
  step 50/1999 best 5.336
  step 100/1999 best 13.833
  step 150/1999 best 14.947
  step 200/1999 best 15.715
  step 250/1999 best 15.717
  step 300/1999 best 15.839
  step 350/1999 best 15.851
  step 400/1999 best 15.861
  step 450/1999 best 15.906
  step 500/1999 best 15.892
  step 550/1999 best 15.926
  step 600/1999 best 15.868
  step 650/1999 best 15.865
  step 700/1999 best 15.914
  step 750/1999 best 15.715
  step 800/1999 best 15.947
  step 850/1999 best 15.796
  step 900/1999 best 15.954
  step 950/1999 best 15.902
  step 1000/1999 best 15.917
  step 1050/1999 best 15.923
  step 1100/1999 best 15.869
  step 1150/1999 best 15.977
  step 1200/1999 best 15.899
  step 1250/1999 best 15.657
  step 1300/1999 best 15.837
  step 1350/1999 best 15.902
  step 1400/1999 best 15.868
  step 1450/1999 best 15.798
  step 1500/1999 best 15.801
  step 1550/1999 best 15.955
  step 1600/1999 best 15.868
  step 1650/1999 best 15.957
  step 1700/1999 best 15.931
  step 1750/1999 best 15.857
  step 1800/1999 best 15.785
  step 1850/1999 best 15.918
  step 1900/1999 best 15.927
  step 1950/1999 best 15.952
saved SBC_CHAINS_cnn_vmim__n1_jitter_seed_s1_sim2001_row1612781_noise6697_6876_7055 (240000, 4) acc=0.402
  step 0/1999 best -13.039
  step 50/1999 best -2.652
  step 100/1999 best 1.871
  step 150/1999 best 5.911
  step 200/1999 best 12.174
  step 250/1999 best 13.473
  step 300/1999 best 14.798
  step 350/1999 best 15.645
  step 400/1999 best 16.388
  step 450/1999 best 15.981
  step 500/1999 best 16.524
  step 550/1999 best 16.449
  step 600/1999 best 16.413
  step 650/1999 best 16.367
  step 700/1999 best 16.336
  step 750/1999 best 16.443
  step 800/1999 best 16.557
  step 850/1999 best 16.404
  step 900/1999 best 16.459
  step 950/1999 best 16.607
  step 1000/1999 best 16.462
  step 1050/1999 best 16.614
  step 1100/1999 best 16.582
  step 1150/1999 best 16.571
  step 1200/1999 best 16.334
  step 1250/1999 best 16.453
  step 1300/1999 best 16.427
  step 1350/1999 best 16.539
  step 1400/1999 best 16.556
  step 1450/1999 best 16.383
  step 1500/1999 best 16.480
  step 1550/1999 best 16.275
  step 1600/1999 best 16.396
  step 1650/1999 best 16.606
  step 1700/1999 best 16.627
  step 1750/1999 best 16.270
  step 1800/1999 best 16.449
  step 1850/1999 best 16.596
  step 1900/1999 best 16.514
  step 1950/1999 best 16.581
saved SBC_CHAINS_cnn_vmim__n1_jitter_seed_s1_sim255_row241316_noise9616_9795_146 (240000, 4) acc=0.181
  step 0/1999 best -15.214
  step 50/1999 best -0.271
  step 100/1999 best 0.171
  step 150/1999 best 5.591
  step 200/1999 best 13.138
  step 250/1999 best 12.990
  step 300/1999 best 15.853
  step 350/1999 best 15.916
  step 400/1999 best 15.871
  step 450/1999 best 16.033
  step 500/1999 best 16.147
  step 550/1999 best 16.143
  step 600/1999 best 15.747
  step 650/1999 best 16.180
  step 700/1999 best 16.126
  step 750/1999 best 16.029
  step 800/1999 best 16.096
  step 850/1999 best 16.154
  step 900/1999 best 15.882
  step 950/1999 best 16.081
  step 1000/1999 best 16.135
  step 1050/1999 best 16.138
  step 1100/1999 best 16.119
  step 1150/1999 best 16.104
  step 1200/1999 best 16.119
  step 1250/1999 best 16.239
  step 1300/1999 best 16.094
  step 1350/1999 best 16.125
  step 1400/1999 best 15.930
  step 1450/1999 best 16.013
  step 1500/1999 best 16.111
  step 1550/1999 best 15.909
  step 1600/1999 best 16.115
  step 1650/1999 best 16.226
  step 1700/1999 best 16.153
  step 1750/1999 best 16.097
  step 1800/1999 best 16.152
  step 1850/1999 best 16.151
  step 1900/1999 best 16.094
  step 1950/1999 best 16.182
saved SBC_CHAINS_cnn_vmim__n1_jitter_seed_s1_sim1970_row1581205_noise4605_4784_4963 (240000, 4) acc=0.232
  step 0/1999 best -17.615
  step 50/1999 best 7.991
  step 100/1999 best 13.244
  step 150/1999 best 14.182
  step 200/1999 best 13.987
  step 250/1999 best 14.076
  step 300/1999 best 14.220
  step 350/1999 best 14.487
  step 400/1999 best 14.477
  step 450/1999 best 14.387
  step 500/1999 best 14.200
  step 550/1999 best 14.426
  step 600/1999 best 14.174
  step 650/1999 best 14.385
  step 700/1999 best 14.236
  step 750/1999 best 14.255
  step 800/1999 best 14.371
  step 850/1999 best 14.382
  step 900/1999 best 14.405
  step 950/1999 best 14.434
  step 1000/1999 best 14.448
  step 1050/1999 best 14.448
  step 1100/1999 best 14.488
  step 1150/1999 best 14.206
  step 1200/1999 best 14.409
  step 1250/1999 best 14.449
  step 1300/1999 best 14.500
  step 1350/1999 best 14.431
  step 1400/1999 best 14.392
  step 1450/1999 best 14.413
  step 1500/1999 best 14.222
  step 1550/1999 best 14.340
  step 1600/1999 best 14.448
  step 1650/1999 best 14.297
  step 1700/1999 best 14.336
  step 1750/1999 best 14.294
  step 1800/1999 best 14.432
  step 1850/1999 best 14.288
  step 1900/1999 best 14.477
  step 1950/1999 best 14.425
saved SBC_CHAINS_cnn_vmim__n1_jitter_seed_s1_sim901_row850955_noise7607_7786_7965 (240000, 4) acc=0.317
  step 0/1999 best -22.638
  step 50/1999 best 9.702
  step 100/1999 best 12.990
  step 150/1999 best 12.313
  step 200/1999 best 15.261
  step 250/1999 best 15.071
  step 300/1999 best 15.739
  step 350/1999 best 16.670
  step 400/1999 best 16.211
  step 450/1999 best 16.707
  step 500/1999 best 16.831
  step 550/1999 best 16.687
  step 600/1999 best 16.715
  step 650/1999 best 16.538
  step 700/1999 best 16.863
  step 750/1999 best 16.663
  step 800/1999 best 16.778
  step 850/1999 best 16.916
  step 900/1999 best 16.699
  step 950/1999 best 16.794
  step 1000/1999 best 16.873
  step 1050/1999 best 16.746
  step 1100/1999 best 16.724
  step 1150/1999 best 16.789
  step 1200/1999 best 16.847
  step 1250/1999 best 16.900
  step 1300/1999 best 16.848
  step 1350/1999 best 16.669
  step 1400/1999 best 16.759
  step 1450/1999 best 16.890
  step 1500/1999 best 16.806
  step 1550/1999 best 16.712
  step 1600/1999 best 16.797
  step 1650/1999 best 16.925
  step 1700/1999 best 16.818
  step 1750/1999 best 16.909
  step 1800/1999 best 16.918
  step 1850/1999 best 16.912
  step 1900/1999 best 16.778
  step 1950/1999 best 16.894
saved SBC_CHAINS_cnn_vmim__n1_jitter_seed_s1_sim188_row179232_noise1500_1679_1858 (240000, 4) acc=0.178
  step 0/1999 best -17.489
  step 50/1999 best -3.271
  step 100/1999 best -1.062
  step 150/1999 best 6.250
  step 200/1999 best 12.814
  step 250/1999 best 14.707
  step 300/1999 best 14.112
  step 350/1999 best 15.317
  step 400/1999 best 15.497
  step 450/1999 best 15.270
  step 500/1999 best 14.969
  step 550/1999 best 15.543
  step 600/1999 best 15.514
  step 650/1999 best 15.420
  step 700/1999 best 15.397
  step 750/1999 best 15.318
  step 800/1999 best 15.411
  step 850/1999 best 15.379
  step 900/1999 best 15.376
  step 950/1999 best 15.265
  step 1000/1999 best 15.529
  step 1050/1999 best 15.420
  step 1100/1999 best 15.595
  step 1150/1999 best 15.386
  step 1200/1999 best 15.463
  step 1250/1999 best 15.516
  step 1300/1999 best 15.444
  step 1350/1999 best 15.430
  step 1400/1999 best 15.455
  step 1450/1999 best 15.280
  step 1500/1999 best 15.427
  step 1550/1999 best 15.452
  step 1600/1999 best 15.494
  step 1650/1999 best 15.455
  step 1700/1999 best 15.367
  step 1750/1999 best 15.540
  step 1800/1999 best 15.520
  step 1850/1999 best 15.551
  step 1900/1999 best 15.557
  step 1950/1999 best 15.408
saved SBC_CHAINS_cnn_vmim__n1_jitter_seed_s1_sim1963_row1574343_noise7571_7750_7929 (240000, 4) acc=0.215
  step 0/1999 best -27.857
  step 50/1999 best 10.568
  step 100/1999 best 10.441
  step 150/1999 best 10.357
  step 200/1999 best 12.778
  step 250/1999 best 12.214
  step 300/1999 best 12.859
  step 350/1999 best 12.886
  step 400/1999 best 12.716
  step 450/1999 best 12.691
  step 500/1999 best 12.940
  step 550/1999 best 12.844
  step 600/1999 best 12.844
  step 650/1999 best 12.907
  step 700/1999 best 12.849
  step 750/1999 best 12.689
  step 800/1999 best 12.852
  step 850/1999 best 12.880
  step 900/1999 best 12.836
  step 950/1999 best 12.812
  step 1000/1999 best 12.792
  step 1050/1999 best 12.765
  step 1100/1999 best 12.866
  step 1150/1999 best 12.869
  step 1200/1999 best 12.793
  step 1250/1999 best 12.898
  step 1300/1999 best 12.772
  step 1350/1999 best 12.916
  step 1400/1999 best 12.876
  step 1450/1999 best 12.891
  step 1500/1999 best 12.863
  step 1550/1999 best 12.843
  step 1600/1999 best 12.846
  step 1650/1999 best 12.819
  step 1700/1999 best 12.866
  step 1750/1999 best 12.811
  step 1800/1999 best 12.777
  step 1850/1999 best 12.906
  step 1900/1999 best 12.849
  step 1950/1999 best 12.830
saved SBC_CHAINS_cnn_vmim__n1_jitter_seed_s1_sim2396_row1995206_noise8002_8181_8360 (240000, 4) acc=0.317
  step 0/1999 best -22.598
  step 50/1999 best -5.496
  step 100/1999 best -2.619
  step 150/1999 best -1.705
  step 200/1999 best 0.585
  step 250/1999 best 1.527
  step 300/1999 best 1.195
  step 350/1999 best 2.870
  step 400/1999 best 9.059
  step 450/1999 best 9.181
  step 500/1999 best 14.708
  step 550/1999 best 12.794
  step 600/1999 best 15.013
  step 650/1999 best 15.419
  step 700/1999 best 16.250
  step 750/1999 best 15.644
  step 800/1999 best 15.378
  step 850/1999 best 16.023
  step 900/1999 best 16.205
  step 950/1999 best 16.418
  step 1000/1999 best 16.208
  step 1050/1999 best 16.231
  step 1100/1999 best 15.812
  step 1150/1999 best 16.160
  step 1200/1999 best 15.941
  step 1250/1999 best 15.882
  step 1300/1999 best 16.422
  step 1350/1999 best 16.159
  step 1400/1999 best 16.203
  step 1450/1999 best 16.246
  step 1500/1999 best 16.187
  step 1550/1999 best 16.378
  step 1600/1999 best 16.355
  step 1650/1999 best 16.291
  step 1700/1999 best 16.135
  step 1750/1999 best 16.260
  step 1800/1999 best 16.261
  step 1850/1999 best 16.421
  step 1900/1999 best 16.238
  step 1950/1999 best 16.302
saved SBC_CHAINS_cnn_vmim__n1_jitter_seed_s1_sim1192_row1010293_noise3105_3284_3463 (240000, 4) acc=0.147
  step 0/1999 best -20.550
  step 50/1999 best -2.938
  step 100/1999 best 4.551
  step 150/1999 best 4.053
  step 200/1999 best 9.622
  step 250/1999 best 11.426
  step 300/1999 best 10.616
  step 350/1999 best 11.167
  step 400/1999 best 12.369
  step 450/1999 best 12.369
  step 500/1999 best 13.413
  step 550/1999 best 13.190
  step 600/1999 best 13.388
  step 650/1999 best 13.407
  step 700/1999 best 13.254
  step 750/1999 best 13.337
  step 800/1999 best 13.490
  step 850/1999 best 13.532
  step 900/1999 best 13.253
  step 950/1999 best 12.813
  step 1000/1999 best 13.621
  step 1050/1999 best 13.345
  step 1100/1999 best 13.337
  step 1150/1999 best 13.384
  step 1200/1999 best 13.538
  step 1250/1999 best 13.547
  step 1300/1999 best 13.539
  step 1350/1999 best 13.139
  step 1400/1999 best 13.507
  step 1450/1999 best 13.337
  step 1500/1999 best 13.411
  step 1550/1999 best 13.602
  step 1600/1999 best 13.127
  step 1650/1999 best 13.374
  step 1700/1999 best 13.476
  step 1750/1999 best 13.323
  step 1800/1999 best 13.563
  step 1850/1999 best 13.532
  step 1900/1999 best 13.603
  step 1950/1999 best 13.431
saved SBC_CHAINS_cnn_vmim__n1_jitter_seed_s1_sim2601_row2200814_noise7222_7401_7580 (240000, 4) acc=0.118
  step 0/1999 best -17.564
  step 50/1999 best -1.608
  step 100/1999 best 1.182
  step 150/1999 best 7.295
  step 200/1999 best 9.076
  step 250/1999 best 15.350
  step 300/1999 best 16.967
  step 350/1999 best 16.899
  step 400/1999 best 16.745
  step 450/1999 best 17.151
  step 500/1999 best 17.154
  step 550/1999 best 16.785
  step 600/1999 best 17.077
  step 650/1999 best 16.919
  step 700/1999 best 17.051
  step 750/1999 best 17.208
  step 800/1999 best 17.096
  step 850/1999 best 17.190
  step 900/1999 best 17.146
  step 950/1999 best 16.832
  step 1000/1999 best 16.988
  step 1050/1999 best 17.042
  step 1100/1999 best 16.958
  step 1150/1999 best 17.245
  step 1200/1999 best 16.882
  step 1250/1999 best 17.004
  step 1300/1999 best 17.220
  step 1350/1999 best 17.242
  step 1400/1999 best 17.204
  step 1450/1999 best 17.207
  step 1500/1999 best 17.046
  step 1550/1999 best 17.150
  step 1600/1999 best 17.250
  step 1650/1999 best 17.232
  step 1700/1999 best 17.222
  step 1750/1999 best 17.171
  step 1800/1999 best 17.147
  step 1850/1999 best 17.228
  step 1900/1999 best 17.171
  step 1950/1999 best 17.184
saved SBC_CHAINS_cnn_vmim__n1_jitter_seed_s1_sim190_row181809_noise4077_4256_4435 (240000, 4) acc=0.196
  step 0/1999 best -14.586
  step 50/1999 best 3.059
  step 100/1999 best 11.943
  step 150/1999 best 14.161
  step 200/1999 best 13.934
  step 250/1999 best 12.548
  step 300/1999 best 13.858
  step 350/1999 best 14.399
  step 400/1999 best 14.424
  step 450/1999 best 14.421
  step 500/1999 best 14.602
  step 550/1999 best 14.450
  step 600/1999 best 14.585
  step 650/1999 best 14.528
  step 700/1999 best 14.482
  step 750/1999 best 14.359
  step 800/1999 best 14.550
  step 850/1999 best 14.443
  step 900/1999 best 14.547
  step 950/1999 best 14.581
  step 1000/1999 best 14.570
  step 1050/1999 best 14.553
  step 1100/1999 best 14.495
  step 1150/1999 best 14.402
  step 1200/1999 best 14.382
  step 1250/1999 best 14.620
  step 1300/1999 best 14.426
  step 1350/1999 best 14.564
  step 1400/1999 best 14.517
  step 1450/1999 best 14.440
  step 1500/1999 best 14.572
  step 1550/1999 best 14.598
  step 1600/1999 best 14.643
  step 1650/1999 best 14.414
  step 1700/1999 best 14.532
  step 1750/1999 best 14.545
  step 1800/1999 best 14.422
  step 1850/1999 best 14.525
  step 1900/1999 best 14.613
  step 1950/1999 best 14.575
saved SBC_CHAINS_cnn_vmim__n1_jitter_seed_s1_sim2084_row1694304_noise768_947_1126 (240000, 4) acc=0.263
  step 0/1999 best -3.519
  step 50/1999 best 14.487
  step 100/1999 best 12.612
  step 150/1999 best 14.019
  step 200/1999 best 14.382
  step 250/1999 best 14.329
  step 300/1999 best 14.521
  step 350/1999 best 14.408
  step 400/1999 best 14.328
  step 450/1999 best 14.510
  step 500/1999 best 14.470
  step 550/1999 best 14.433
  step 600/1999 best 14.545
  step 650/1999 best 14.359
  step 700/1999 best 14.448
  step 750/1999 best 14.482
  step 800/1999 best 14.539
  step 850/1999 best 14.563
  step 900/1999 best 14.243
  step 950/1999 best 14.359
  step 1000/1999 best 14.498
  step 1050/1999 best 14.480
  step 1100/1999 best 14.563
  step 1150/1999 best 14.565
  step 1200/1999 best 14.450
  step 1250/1999 best 14.364
  step 1300/1999 best 14.434
  step 1350/1999 best 14.484
  step 1400/1999 best 14.327
  step 1450/1999 best 14.377
  step 1500/1999 best 14.454
  step 1550/1999 best 14.493
  step 1600/1999 best 14.452
  step 1650/1999 best 14.418
  step 1700/1999 best 14.430
  step 1750/1999 best 14.484
  step 1800/1999 best 14.503
  step 1850/1999 best 14.529
  step 1900/1999 best 14.531
  step 1950/1999 best 14.322
saved SBC_CHAINS_cnn_vmim__n1_jitter_seed_s1_sim1227_row1045915_noise9243_9422_9601 (240000, 4) acc=0.316
  step 0/1999 best -15.361
  step 50/1999 best -0.263
  step 100/1999 best 8.720
  step 150/1999 best 10.715
  step 200/1999 best 11.208
  step 250/1999 best 11.816
  step 300/1999 best 12.045
  step 350/1999 best 12.075
  step 400/1999 best 11.963
  step 450/1999 best 12.176
  step 500/1999 best 12.099
  step 550/1999 best 12.155
  step 600/1999 best 11.985
  step 650/1999 best 12.005
  step 700/1999 best 12.202
  step 750/1999 best 11.999
  step 800/1999 best 12.058
  step 850/1999 best 12.186
  step 900/1999 best 12.139
  step 950/1999 best 12.182
  step 1000/1999 best 11.980
  step 1050/1999 best 11.995
  step 1100/1999 best 12.150
  step 1150/1999 best 12.101
  step 1200/1999 best 12.122
  step 1250/1999 best 12.111
  step 1300/1999 best 12.202
  step 1350/1999 best 12.176
  step 1400/1999 best 12.196
  step 1450/1999 best 12.152
  step 1500/1999 best 12.035
  step 1550/1999 best 12.205
  step 1600/1999 best 12.189
  step 1650/1999 best 12.045
  step 1700/1999 best 12.136
  step 1750/1999 best 12.185
  step 1800/1999 best 12.019
  step 1850/1999 best 12.012
  step 1900/1999 best 12.148
  step 1950/1999 best 12.194
saved SBC_CHAINS_cnn_vmim__n1_jitter_seed_s1_sim3056_row2651509_noise1_180_359 (240000, 4) acc=0.306
  step 0/1999 best -15.471
  step 50/1999 best -7.763
  step 100/1999 best 2.912
  step 150/1999 best 9.865
  step 200/1999 best 12.035
  step 250/1999 best 14.427
  step 300/1999 best 13.886
  step 350/1999 best 14.825
  step 400/1999 best 14.612
  step 450/1999 best 14.827
  step 500/1999 best 14.982
  step 550/1999 best 14.902
  step 600/1999 best 14.695
  step 650/1999 best 15.127
  step 700/1999 best 14.788
  step 750/1999 best 14.873
  step 800/1999 best 14.963
  step 850/1999 best 14.809
  step 900/1999 best 14.726
  step 950/1999 best 15.051
  step 1000/1999 best 14.794
  step 1050/1999 best 14.928
  step 1100/1999 best 14.826
  step 1150/1999 best 14.941
  step 1200/1999 best 15.096
  step 1250/1999 best 14.905
  step 1300/1999 best 14.988
  step 1350/1999 best 14.966
  step 1400/1999 best 14.880
  step 1450/1999 best 14.980
  step 1500/1999 best 14.825
  step 1550/1999 best 14.912
  step 1600/1999 best 15.011
  step 1650/1999 best 15.038
  step 1700/1999 best 15.024
  step 1750/1999 best 14.817
  step 1800/1999 best 15.064
  step 1850/1999 best 14.963
  step 1900/1999 best 15.027
  step 1950/1999 best 14.885
saved SBC_CHAINS_cnn_vmim__n1_jitter_seed_s1_sim409_row387026_noise6078_6257_6436 (240000, 4) acc=0.181
  step 0/1999 best -16.983
  step 50/1999 best 3.689
  step 100/1999 best 13.744
  step 150/1999 best 13.535
  step 200/1999 best 14.039
  step 250/1999 best 13.930
  step 300/1999 best 13.900
  step 350/1999 best 13.979
  step 400/1999 best 13.908
  step 450/1999 best 13.763
  step 500/1999 best 13.957
  step 550/1999 best 13.970
  step 600/1999 best 13.912
  step 650/1999 best 13.761
  step 700/1999 best 13.863
  step 750/1999 best 13.847
  step 800/1999 best 14.000
  step 850/1999 best 13.932
  step 900/1999 best 14.031
  step 950/1999 best 13.762
  step 1000/1999 best 13.896
  step 1050/1999 best 13.777
  step 1100/1999 best 13.969
  step 1150/1999 best 13.772
  step 1200/1999 best 14.024
  step 1250/1999 best 13.847
  step 1300/1999 best 13.874
  step 1350/1999 best 14.005
  step 1400/1999 best 13.978
  step 1450/1999 best 13.794
  step 1500/1999 best 13.964
  step 1550/1999 best 13.829
  step 1600/1999 best 13.841
  step 1650/1999 best 13.924
  step 1700/1999 best 13.847
  step 1750/1999 best 13.950
  step 1800/1999 best 13.964
  step 1850/1999 best 13.932
  step 1900/1999 best 13.917
  step 1950/1999 best 13.932
saved SBC_CHAINS_cnn_vmim__n1_jitter_seed_s1_sim1773_row1525085_noise4045_4224_4403 (240000, 4) acc=0.314
  step 0/1999 best -21.223
  step 50/1999 best 1.356
  step 100/1999 best 11.588
  step 150/1999 best 11.466
  step 200/1999 best 11.990
  step 250/1999 best 11.872
  step 300/1999 best 11.929
  step 350/1999 best 12.143
  step 400/1999 best 11.954
  step 450/1999 best 12.050
  step 500/1999 best 12.079
  step 550/1999 best 12.091
  step 600/1999 best 12.016
  step 650/1999 best 12.103
  step 700/1999 best 12.158
  step 750/1999 best 12.004
  step 800/1999 best 12.004
  step 850/1999 best 11.959
  step 900/1999 best 12.098
  step 950/1999 best 12.110
  step 1000/1999 best 12.086
  step 1050/1999 best 12.170
  step 1100/1999 best 11.974
  step 1150/1999 best 12.014
  step 1200/1999 best 12.077
  step 1250/1999 best 12.109
  step 1300/1999 best 12.176
  step 1350/1999 best 12.141
  step 1400/1999 best 12.044
  step 1450/1999 best 12.066
  step 1500/1999 best 11.915
  step 1550/1999 best 12.101
  step 1600/1999 best 12.065
  step 1650/1999 best 12.030
  step 1700/1999 best 12.092
  step 1750/1999 best 11.983
  step 1800/1999 best 12.111
  step 1850/1999 best 11.952
  step 1900/1999 best 12.050
  step 1950/1999 best 12.142
saved SBC_CHAINS_cnn_vmim__n1_jitter_seed_s1_sim217_row203866_noise1650_1829_2008 (240000, 4) acc=0.380
  step 0/1999 best -18.871
  step 50/1999 best 1.402
  step 100/1999 best 5.389
  step 150/1999 best 11.087
  step 200/1999 best 14.526
  step 250/1999 best 16.319
  step 300/1999 best 15.947
  step 350/1999 best 15.960
  step 400/1999 best 16.201
  step 450/1999 best 16.194
  step 500/1999 best 16.419
  step 550/1999 best 16.256
  step 600/1999 best 16.108
  step 650/1999 best 16.284
  step 700/1999 best 16.281
  step 750/1999 best 16.209
  step 800/1999 best 16.310
  step 850/1999 best 16.358
  step 900/1999 best 16.418
  step 950/1999 best 16.270
  step 1000/1999 best 16.382
  step 1050/1999 best 16.235
  step 1100/1999 best 16.233
  step 1150/1999 best 16.382
  step 1200/1999 best 16.263
  step 1250/1999 best 16.363
  step 1300/1999 best 16.249
  step 1350/1999 best 16.376
  step 1400/1999 best 16.379
  step 1450/1999 best 16.065
  step 1500/1999 best 16.378
  step 1550/1999 best 16.200
  step 1600/1999 best 16.311
  step 1650/1999 best 16.382
  step 1700/1999 best 16.278
  step 1750/1999 best 16.205
  step 1800/1999 best 16.238
  step 1850/1999 best 16.381
  step 1900/1999 best 16.423
  step 1950/1999 best 16.416
saved SBC_CHAINS_cnn_vmim__n1_jitter_seed_s1_sim1425_row1207790_noise730_909_1088 (240000, 4) acc=0.252
  step 0/1999 best -11.258
  step 50/1999 best 4.911
  step 100/1999 best 7.084
  step 150/1999 best 7.301
  step 200/1999 best 13.656
  step 250/1999 best 15.037
  step 300/1999 best 16.042
  step 350/1999 best 16.173
  step 400/1999 best 16.137
  step 450/1999 best 16.306
  step 500/1999 best 16.178
  step 550/1999 best 16.330
  step 600/1999 best 16.380
  step 650/1999 best 16.321
  step 700/1999 best 16.035
  step 750/1999 best 16.208
  step 800/1999 best 16.228
  step 850/1999 best 16.283
  step 900/1999 best 16.277
  step 950/1999 best 16.236
  step 1000/1999 best 16.389
  step 1050/1999 best 16.268
  step 1100/1999 best 16.282
  step 1150/1999 best 16.268
  step 1200/1999 best 16.251
  step 1250/1999 best 16.328
  step 1300/1999 best 16.347
  step 1350/1999 best 16.318
  step 1400/1999 best 16.345
  step 1450/1999 best 16.300
  step 1500/1999 best 16.370
  step 1550/1999 best 16.372
  step 1600/1999 best 16.394
  step 1650/1999 best 16.300
  step 1700/1999 best 16.396
  step 1750/1999 best 16.361
  step 1800/1999 best 16.152
  step 1850/1999 best 16.308
  step 1900/1999 best 16.136
  step 1950/1999 best 16.277
saved SBC_CHAINS_cnn_vmim__n1_jitter_seed_s1_sim208_row194887_noise2499_2678_2857 (240000, 4) acc=0.270
  step 0/1999 best -22.278
  step 50/1999 best 11.239
  step 100/1999 best 11.502
  step 150/1999 best 13.907
  step 200/1999 best 14.102
  step 250/1999 best 15.031
  step 300/1999 best 15.119
  step 350/1999 best 14.858
  step 400/1999 best 15.048
  step 450/1999 best 15.311
  step 500/1999 best 15.059
  step 550/1999 best 15.289
  step 600/1999 best 15.202
  step 650/1999 best 15.342
  step 700/1999 best 15.193
  step 750/1999 best 15.286
  step 800/1999 best 15.251
  step 850/1999 best 15.283
  step 900/1999 best 15.327
  step 950/1999 best 15.296
  step 1000/1999 best 15.151
  step 1050/1999 best 15.218
  step 1100/1999 best 15.366
  step 1150/1999 best 15.302
  step 1200/1999 best 15.337
  step 1250/1999 best 15.288
  step 1300/1999 best 15.265
  step 1350/1999 best 15.303
  step 1400/1999 best 15.155
  step 1450/1999 best 15.226
  step 1500/1999 best 15.257
  step 1550/1999 best 15.339
  step 1600/1999 best 15.375
  step 1650/1999 best 15.296
  step 1700/1999 best 15.290
  step 1750/1999 best 15.217
  step 1800/1999 best 15.057
  step 1850/1999 best 15.055
  step 1900/1999 best 15.372
  step 1950/1999 best 15.339
saved SBC_CHAINS_cnn_vmim__n1_jitter_seed_s1_sim2078_row1688781_noise5073_5252_5431 (240000, 4) acc=0.310
  step 0/1999 best -18.660
  step 50/1999 best -0.800
  step 100/1999 best 9.449
  step 150/1999 best 13.530
  step 200/1999 best 13.132
  step 250/1999 best 13.717
  step 300/1999 best 13.600
  step 350/1999 best 13.828
  step 400/1999 best 13.730
  step 450/1999 best 13.612
  step 500/1999 best 13.864
  step 550/1999 best 13.906
  step 600/1999 best 13.771
  step 650/1999 best 13.904
  step 700/1999 best 13.737
  step 750/1999 best 13.883
  step 800/1999 best 13.852
  step 850/1999 best 13.927
  step 900/1999 best 13.840
  step 950/1999 best 13.699
  step 1000/1999 best 13.669
  step 1050/1999 best 13.620
  step 1100/1999 best 13.768
  step 1150/1999 best 13.714
  step 1200/1999 best 13.820
  step 1250/1999 best 13.800
  step 1300/1999 best 13.772
  step 1350/1999 best 13.579
  step 1400/1999 best 13.872
  step 1450/1999 best 13.822
  step 1500/1999 best 13.839
  step 1550/1999 best 13.880
  step 1600/1999 best 13.720
  step 1650/1999 best 13.746
  step 1700/1999 best 13.704
  step 1750/1999 best 13.650
  step 1800/1999 best 13.903
  step 1850/1999 best 13.787
  step 1900/1999 best 13.862
  step 1950/1999 best 13.758
saved SBC_CHAINS_cnn_vmim__n1_jitter_seed_s1_sim985_row934195_noise2395_2574_2753 (240000, 4) acc=0.296
  step 0/1999 best -3.693
  step 50/1999 best 10.612
  step 100/1999 best 13.054
  step 150/1999 best 14.247
  step 200/1999 best 14.610
  step 250/1999 best 14.916
  step 300/1999 best 14.960
  step 350/1999 best 14.931
  step 400/1999 best 14.957
  step 450/1999 best 14.651
  step 500/1999 best 14.956
  step 550/1999 best 14.884
  step 600/1999 best 14.837
  step 650/1999 best 14.927
  step 700/1999 best 14.869
  step 750/1999 best 14.978
  step 800/1999 best 14.914
  step 850/1999 best 14.940
  step 900/1999 best 14.965
  step 950/1999 best 14.895
  step 1000/1999 best 14.948
  step 1050/1999 best 14.970
  step 1100/1999 best 14.823
  step 1150/1999 best 14.755
  step 1200/1999 best 14.848
  step 1250/1999 best 14.899
  step 1300/1999 best 14.909
  step 1350/1999 best 14.979
  step 1400/1999 best 14.911
  step 1450/1999 best 14.855
  step 1500/1999 best 14.907
  step 1550/1999 best 14.996
  step 1600/1999 best 14.787
  step 1650/1999 best 14.919
  step 1700/1999 best 14.900
  step 1750/1999 best 14.675
  step 1800/1999 best 14.942
  step 1850/1999 best 14.774
  step 1900/1999 best 14.858
  step 1950/1999 best 14.905
saved SBC_CHAINS_cnn_vmim__n1_jitter_seed_s1_sim753_row702965_noise7037_7216_7395 (240000, 4) acc=0.280
  step 0/1999 best -10.599
  step 50/1999 best 8.445
  step 100/1999 best 8.757
  step 150/1999 best 14.359
  step 200/1999 best 15.290
  step 250/1999 best 15.471
  step 300/1999 best 15.540
  step 350/1999 best 15.584
  step 400/1999 best 15.423
  step 450/1999 best 15.576
  step 500/1999 best 15.583
  step 550/1999 best 15.453
  step 600/1999 best 15.464
  step 650/1999 best 15.509
  step 700/1999 best 15.535
  step 750/1999 best 15.547
  step 800/1999 best 15.539
  step 850/1999 best 15.605
  step 900/1999 best 15.516
  step 950/1999 best 15.532
  step 1000/1999 best 15.652
  step 1050/1999 best 15.515
  step 1100/1999 best 15.539
  step 1150/1999 best 15.609
  step 1200/1999 best 15.507
  step 1250/1999 best 15.479
  step 1300/1999 best 15.375
  step 1350/1999 best 15.635
  step 1400/1999 best 15.418
  step 1450/1999 best 15.481
  step 1500/1999 best 15.623
  step 1550/1999 best 15.505
  step 1600/1999 best 15.528
  step 1650/1999 best 15.584
  step 1700/1999 best 15.566
  step 1750/1999 best 15.544
  step 1800/1999 best 15.392
  step 1850/1999 best 15.482
  step 1900/1999 best 15.461
  step 1950/1999 best 15.495
saved SBC_CHAINS_cnn_vmim__n1_jitter_seed_s1_sim1461_row1243378_noise6834_7013_7192 (240000, 4) acc=0.346
  step 0/1999 best -9.234
  step 50/1999 best 11.228
  step 100/1999 best 11.512
  step 150/1999 best 11.951
  step 200/1999 best 12.061
  step 250/1999 best 12.147
  step 300/1999 best 11.882
  step 350/1999 best 12.016
  step 400/1999 best 12.037
  step 450/1999 best 12.125
  step 500/1999 best 11.825
  step 550/1999 best 12.091
  step 600/1999 best 12.004
  step 650/1999 best 12.156
  step 700/1999 best 12.068
  step 750/1999 best 12.102
  step 800/1999 best 12.096
  step 850/1999 best 11.914
  step 900/1999 best 12.040
  step 950/1999 best 12.168
  step 1000/1999 best 12.088
  step 1050/1999 best 12.180
  step 1100/1999 best 11.994
  step 1150/1999 best 12.132
  step 1200/1999 best 12.014
  step 1250/1999 best 11.981
  step 1300/1999 best 12.037
  step 1350/1999 best 11.973
  step 1400/1999 best 12.132
  step 1450/1999 best 12.139
  step 1500/1999 best 12.166
  step 1550/1999 best 11.844
  step 1600/1999 best 12.150
  step 1650/1999 best 12.156
  step 1700/1999 best 12.060
  step 1750/1999 best 12.103
  step 1800/1999 best 11.980
  step 1850/1999 best 12.048
  step 1900/1999 best 12.111
  step 1950/1999 best 12.089
saved SBC_CHAINS_cnn_vmim__n1_jitter_seed_s1_sim3015_row2610930_noise8562_8741_8920 (240000, 4) acc=0.203
  step 0/1999 best -20.463
  step 50/1999 best -0.517
  step 100/1999 best 11.401
  step 150/1999 best 11.849
  step 200/1999 best 12.010
  step 250/1999 best 11.969
  step 300/1999 best 12.186
  step 350/1999 best 12.168
  step 400/1999 best 12.077
  step 450/1999 best 12.013
  step 500/1999 best 12.109
  step 550/1999 best 12.041
  step 600/1999 best 12.148
  step 650/1999 best 12.056
  step 700/1999 best 12.077
  step 750/1999 best 11.833
  step 800/1999 best 12.140
  step 850/1999 best 12.139
  step 900/1999 best 12.069
  step 950/1999 best 11.964
  step 1000/1999 best 12.161
  step 1050/1999 best 12.050
  step 1100/1999 best 12.148
  step 1150/1999 best 12.030
  step 1200/1999 best 12.018
  step 1250/1999 best 11.928
  step 1300/1999 best 12.130
  step 1350/1999 best 12.068
  step 1400/1999 best 11.936
  step 1450/1999 best 11.892
  step 1500/1999 best 12.023
  step 1550/1999 best 12.119
  step 1600/1999 best 12.156
  step 1650/1999 best 12.117
  step 1700/1999 best 12.056
  step 1750/1999 best 11.909
  step 1800/1999 best 12.004
  step 1850/1999 best 12.063
  step 1900/1999 best 12.147
  step 1950/1999 best 12.091
saved SBC_CHAINS_cnn_vmim__n1_jitter_seed_s1_sim2924_row2519444_noise5528_5707_5886 (240000, 4) acc=0.250
  step 0/1999 best -18.519
  step 50/1999 best -1.138
  step 100/1999 best 2.639
  step 150/1999 best 6.552
  step 200/1999 best 10.237
  step 250/1999 best 14.412
  step 300/1999 best 15.614
  step 350/1999 best 16.055
  step 400/1999 best 15.918
  step 450/1999 best 16.232
  step 500/1999 best 16.077
  step 550/1999 best 16.141
  step 600/1999 best 16.049
  step 650/1999 best 16.163
  step 700/1999 best 16.052
  step 750/1999 best 16.133
  step 800/1999 best 16.175
  step 850/1999 best 16.043
  step 900/1999 best 16.182
  step 950/1999 best 16.244
  step 1000/1999 best 16.231
  step 1050/1999 best 16.174
  step 1100/1999 best 16.052
  step 1150/1999 best 16.056
  step 1200/1999 best 16.234
  step 1250/1999 best 16.219
  step 1300/1999 best 16.106
  step 1350/1999 best 16.209
  step 1400/1999 best 16.168
  step 1450/1999 best 16.097
  step 1500/1999 best 16.070
  step 1550/1999 best 16.089
  step 1600/1999 best 16.032
  step 1650/1999 best 16.227
  step 1700/1999 best 16.234
  step 1750/1999 best 16.228
  step 1800/1999 best 16.120
  step 1850/1999 best 16.070
  step 1900/1999 best 16.182
  step 1950/1999 best 16.035
saved SBC_CHAINS_cnn_vmim__n1_jitter_seed_s1_sim2054_row1664254_noise202_381_560 (240000, 4) acc=0.264
  step 0/1999 best -12.066
  step 50/1999 best 3.155
  step 100/1999 best 5.040
  step 150/1999 best 9.574
  step 200/1999 best 14.200
  step 250/1999 best 15.907
  step 300/1999 best 15.347
  step 350/1999 best 15.783
  step 400/1999 best 15.724
  step 450/1999 best 15.905
  step 500/1999 best 15.742
  step 550/1999 best 16.016
  step 600/1999 best 15.844
  step 650/1999 best 15.942
  step 700/1999 best 16.020
  step 750/1999 best 15.844
  step 800/1999 best 16.059
  step 850/1999 best 16.034
  step 900/1999 best 15.898
  step 950/1999 best 15.951
  step 1000/1999 best 15.988
  step 1050/1999 best 16.067
  step 1100/1999 best 15.945
  step 1150/1999 best 15.949
  step 1200/1999 best 15.926
  step 1250/1999 best 15.827
  step 1300/1999 best 15.975
  step 1350/1999 best 15.987
  step 1400/1999 best 15.959
  step 1450/1999 best 16.037
  step 1500/1999 best 16.058
  step 1550/1999 best 15.928
  step 1600/1999 best 15.867
  step 1650/1999 best 16.031
  step 1700/1999 best 15.942
  step 1750/1999 best 15.904
  step 1800/1999 best 16.052
  step 1850/1999 best 16.001
  step 1900/1999 best 15.836
  step 1950/1999 best 15.925
saved SBC_CHAINS_cnn_vmim__n1_jitter_seed_s1_sim422_row400226_noise9450_9629_9808 (240000, 4) acc=0.254
  step 0/1999 best -14.902
  step 50/1999 best 3.932
  step 100/1999 best 10.042
  step 150/1999 best 11.451
  step 200/1999 best 14.893
  step 250/1999 best 15.954
  step 300/1999 best 15.322
  step 350/1999 best 14.714
  step 400/1999 best 16.001
  step 450/1999 best 15.741
  step 500/1999 best 15.833
  step 550/1999 best 16.108
  step 600/1999 best 16.066
  step 650/1999 best 16.094
  step 700/1999 best 15.867
  step 750/1999 best 16.087
  step 800/1999 best 16.140
  step 850/1999 best 16.088
  step 900/1999 best 15.898
  step 950/1999 best 16.045
  step 1000/1999 best 16.206
  step 1050/1999 best 16.164
  step 1100/1999 best 16.060
  step 1150/1999 best 16.095
  step 1200/1999 best 15.925
  step 1250/1999 best 16.048
  step 1300/1999 best 16.282
  step 1350/1999 best 16.072
  step 1400/1999 best 16.235
  step 1450/1999 best 16.100
  step 1500/1999 best 16.105
  step 1550/1999 best 16.167
  step 1600/1999 best 16.240
  step 1650/1999 best 16.044
  step 1700/1999 best 16.087
  step 1750/1999 best 16.216
  step 1800/1999 best 15.974
  step 1850/1999 best 16.245
  step 1900/1999 best 16.137
  step 1950/1999 best 16.177
saved SBC_CHAINS_cnn_vmim__n1_jitter_seed_s1_sim1262_row1080432_noise4448_4627_4806 (240000, 4) acc=0.165
  step 0/1999 best -21.484
  step 50/1999 best -4.260
  step 100/1999 best 13.658
  step 150/1999 best 13.658
  step 200/1999 best 16.592
  step 250/1999 best 16.101
  step 300/1999 best 15.815
  step 350/1999 best 16.472
  step 400/1999 best 16.476
  step 450/1999 best 16.373
  step 500/1999 best 16.235
  step 550/1999 best 16.619
  step 600/1999 best 16.291
  step 650/1999 best 16.354
  step 700/1999 best 16.445
  step 750/1999 best 16.658
  step 800/1999 best 16.573
  step 850/1999 best 16.597
  step 900/1999 best 16.619
  step 950/1999 best 16.341
  step 1000/1999 best 16.661
  step 1050/1999 best 16.532
  step 1100/1999 best 16.520
  step 1150/1999 best 16.449
  step 1200/1999 best 16.326
  step 1250/1999 best 16.657
  step 1300/1999 best 16.588
  step 1350/1999 best 16.469
  step 1400/1999 best 16.640
  step 1450/1999 best 16.634
  step 1500/1999 best 16.495
  step 1550/1999 best 16.477
  step 1600/1999 best 16.638
  step 1650/1999 best 16.653
  step 1700/1999 best 16.609
  step 1750/1999 best 16.574
  step 1800/1999 best 16.619
  step 1850/1999 best 16.484
  step 1900/1999 best 16.643
  step 1950/1999 best 16.671
saved SBC_CHAINS_cnn_vmim__n1_jitter_seed_s1_sim352_row338794_noise8814_8993_9172 (240000, 4) acc=0.225
  step 0/1999 best -20.161
  step 50/1999 best -6.532
  step 100/1999 best 7.545
  step 150/1999 best 8.325
  step 200/1999 best 11.337
  step 250/1999 best 10.324
  step 300/1999 best 11.666
  step 350/1999 best 11.534
  step 400/1999 best 11.522
  step 450/1999 best 11.539
  step 500/1999 best 11.607
  step 550/1999 best 11.767
  step 600/1999 best 11.646
  step 650/1999 best 11.757
  step 700/1999 best 11.736
  step 750/1999 best 11.631
  step 800/1999 best 11.776
  step 850/1999 best 11.666
  step 900/1999 best 11.784
  step 950/1999 best 11.625
  step 1000/1999 best 11.763
  step 1050/1999 best 11.769
  step 1100/1999 best 11.684
  step 1150/1999 best 11.628
  step 1200/1999 best 11.710
  step 1250/1999 best 11.689
  step 1300/1999 best 11.792
  step 1350/1999 best 11.724
  step 1400/1999 best 11.716
  step 1450/1999 best 11.641
  step 1500/1999 best 11.706
  step 1550/1999 best 11.587
  step 1600/1999 best 11.795
  step 1650/1999 best 11.702
  step 1700/1999 best 11.698
  step 1750/1999 best 11.779
  step 1800/1999 best 11.650
  step 1850/1999 best 11.782
  step 1900/1999 best 11.620
  step 1950/1999 best 11.663
saved SBC_CHAINS_cnn_vmim__n1_jitter_seed_s1_sim2551_row2150311_noise5859_6038_6217 (240000, 4) acc=0.224
  step 0/1999 best -17.416
  step 50/1999 best 3.127
  step 100/1999 best 11.056
  step 150/1999 best 12.033
  step 200/1999 best 12.504
  step 250/1999 best 14.567
  step 300/1999 best 14.972
  step 350/1999 best 15.524
  step 400/1999 best 14.033
  step 450/1999 best 15.401
  step 500/1999 best 16.039
  step 550/1999 best 16.216
  step 600/1999 best 15.970
  step 650/1999 best 16.290
  step 700/1999 best 15.721
  step 750/1999 best 15.788
  step 800/1999 best 16.406
  step 850/1999 best 16.198
  step 900/1999 best 16.285
  step 950/1999 best 16.378
  step 1000/1999 best 16.252
  step 1050/1999 best 16.288
  step 1100/1999 best 16.368
  step 1150/1999 best 16.310
  step 1200/1999 best 16.092
  step 1250/1999 best 16.199
  step 1300/1999 best 16.199
  step 1350/1999 best 16.061
  step 1400/1999 best 16.492
  step 1450/1999 best 16.195
  step 1500/1999 best 16.257
  step 1550/1999 best 16.132
  step 1600/1999 best 16.383
  step 1650/1999 best 16.271
  step 1700/1999 best 16.332
  step 1750/1999 best 16.137
  step 1800/1999 best 16.137
  step 1850/1999 best 16.005
  step 1900/1999 best 16.317
  step 1950/1999 best 16.471
saved SBC_CHAINS_cnn_vmim__n1_jitter_seed_s1_sim1267_row1085341_noise9357_9536_9715 (240000, 4) acc=0.187
  step 0/1999 best -12.604
  step 50/1999 best -5.846
  step 100/1999 best -5.085
  step 150/1999 best -4.850
  step 200/1999 best -5.051
  step 250/1999 best -5.083
  step 300/1999 best -3.024
  step 350/1999 best -3.746
  step 400/1999 best -3.902
  step 450/1999 best -4.842
  step 500/1999 best -4.343
  step 550/1999 best -3.985
  step 600/1999 best -2.642
  step 650/1999 best -1.415
  step 700/1999 best 1.271
  step 750/1999 best 0.804
  step 800/1999 best 5.943
  step 850/1999 best 11.864
  step 900/1999 best 11.864
  step 950/1999 best 13.088
  step 1000/1999 best 13.088
  step 1050/1999 best 13.088
  step 1100/1999 best 13.738
  step 1150/1999 best 13.738
  step 1200/1999 best 13.406
  step 1250/1999 best 13.893
  step 1300/1999 best 14.263
  step 1350/1999 best 14.017
  step 1400/1999 best 14.017
  step 1450/1999 best 14.017
  step 1500/1999 best 15.615
  step 1550/1999 best 14.651
  step 1600/1999 best 14.651
  step 1650/1999 best 14.630
  step 1700/1999 best 14.718
  step 1750/1999 best 15.871
  step 1800/1999 best 15.871
  step 1850/1999 best 15.871
  step 1900/1999 best 15.871
  step 1950/1999 best 16.150
saved SBC_CHAINS_cnn_vmim__n1_jitter_seed_s1_sim1522_row1299609_noise9097_9276_9455 (240000, 4) acc=0.274
  step 0/1999 best -12.764
  step 50/1999 best 1.307
  step 100/1999 best 4.242
  step 150/1999 best 10.470
  step 200/1999 best 14.103
  step 250/1999 best 16.133
  step 300/1999 best 15.838
  step 350/1999 best 15.895
  step 400/1999 best 16.152
  step 450/1999 best 16.015
  step 500/1999 best 16.295
  step 550/1999 best 16.279
  step 600/1999 best 16.307
  step 650/1999 best 16.343
  step 700/1999 best 16.266
  step 750/1999 best 16.294
  step 800/1999 best 16.348
  step 850/1999 best 16.172
  step 900/1999 best 16.384
  step 950/1999 best 16.218
  step 1000/1999 best 16.432
  step 1050/1999 best 16.319
  step 1100/1999 best 16.404
  step 1150/1999 best 16.384
  step 1200/1999 best 16.298
  step 1250/1999 best 16.228
  step 1300/1999 best 16.373
  step 1350/1999 best 16.226
  step 1400/1999 best 16.269
  step 1450/1999 best 16.343
  step 1500/1999 best 16.297
  step 1550/1999 best 16.408
  step 1600/1999 best 16.376
  step 1650/1999 best 16.422
  step 1700/1999 best 16.300
  step 1750/1999 best 16.403
  step 1800/1999 best 16.331
  step 1850/1999 best 16.347
  step 1900/1999 best 16.446
  step 1950/1999 best 16.446
saved SBC_CHAINS_cnn_vmim__n1_jitter_seed_s1_sim808_row757400_noise2504_2683_2862 (240000, 4) acc=0.313
  step 0/1999 best -23.821
  step 50/1999 best 5.453
  step 100/1999 best 9.327
  step 150/1999 best 11.155
  step 200/1999 best 11.065
  step 250/1999 best 11.331
  step 300/1999 best 11.241
  step 350/1999 best 11.325
  step 400/1999 best 11.360
  step 450/1999 best 11.315
  step 500/1999 best 11.440
  step 550/1999 best 11.388
  step 600/1999 best 11.185
  step 650/1999 best 11.323
  step 700/1999 best 11.229
  step 750/1999 best 11.313
  step 800/1999 best 11.136
  step 850/1999 best 11.454
  step 900/1999 best 11.357
  step 950/1999 best 11.396
  step 1000/1999 best 11.294
  step 1050/1999 best 11.315
  step 1100/1999 best 11.435
  step 1150/1999 best 11.336
  step 1200/1999 best 11.354
  step 1250/1999 best 11.317
  step 1300/1999 best 11.389
  step 1350/1999 best 11.276
  step 1400/1999 best 11.450
  step 1450/1999 best 11.371
  step 1500/1999 best 11.328
  step 1550/1999 best 11.360
  step 1600/1999 best 11.353
  step 1650/1999 best 11.412
  step 1700/1999 best 11.267
  step 1750/1999 best 11.377
  step 1800/1999 best 11.320
  step 1850/1999 best 11.287
  step 1900/1999 best 11.380
  step 1950/1999 best 11.403
saved SBC_CHAINS_cnn_vmim__n1_jitter_seed_s1_sim2860_row2455030_noise82_261_440 (240000, 4) acc=0.254
  step 0/1999 best -24.219
  step 50/1999 best -4.478
  step 100/1999 best 3.168
  step 150/1999 best 5.862
  step 200/1999 best 12.861
  step 250/1999 best 12.896
  step 300/1999 best 12.264
  step 350/1999 best 11.754
  step 400/1999 best 12.485
  step 450/1999 best 13.382
  step 500/1999 best 13.054
  step 550/1999 best 13.882
  step 600/1999 best 13.977
  step 650/1999 best 13.621
  step 700/1999 best 13.745
  step 750/1999 best 14.102
  step 800/1999 best 13.780
  step 850/1999 best 13.955
  step 900/1999 best 13.849
  step 950/1999 best 13.689
  step 1000/1999 best 13.851
  step 1050/1999 best 14.091
  step 1100/1999 best 13.680
  step 1150/1999 best 14.033
  step 1200/1999 best 14.031
  step 1250/1999 best 13.945
  step 1300/1999 best 13.868
  step 1350/1999 best 13.579
  step 1400/1999 best 13.666
  step 1450/1999 best 13.542
  step 1500/1999 best 13.596
  step 1550/1999 best 13.978
  step 1600/1999 best 14.115
  step 1650/1999 best 14.128
  step 1700/1999 best 13.851
  step 1750/1999 best 14.074
  step 1800/1999 best 13.895
  step 1850/1999 best 13.933
  step 1900/1999 best 14.070
  step 1950/1999 best 14.004
saved SBC_CHAINS_cnn_vmim__n1_jitter_seed_s1_sim2529_row2128663_noise3867_4046_4225 (240000, 4) acc=0.127
  step 0/1999 best -9.932
  step 50/1999 best 7.538
  step 100/1999 best 13.559
  step 150/1999 best 14.178
  step 200/1999 best 14.300
  step 250/1999 best 14.231
  step 300/1999 best 14.152
  step 350/1999 best 14.311
  step 400/1999 best 14.449
  step 450/1999 best 14.202
  step 500/1999 best 14.436
  step 550/1999 best 14.339
  step 600/1999 best 14.323
  step 650/1999 best 14.301
  step 700/1999 best 14.280
  step 750/1999 best 14.340
  step 800/1999 best 14.292
  step 850/1999 best 14.288
  step 900/1999 best 14.426
  step 950/1999 best 14.365
  step 1000/1999 best 14.366
  step 1050/1999 best 14.459
  step 1100/1999 best 14.339
  step 1150/1999 best 14.338
  step 1200/1999 best 14.455
  step 1250/1999 best 14.371
  step 1300/1999 best 14.428
  step 1350/1999 best 14.258
  step 1400/1999 best 14.315
  step 1450/1999 best 14.388
  step 1500/1999 best 14.443
  step 1550/1999 best 14.343
  step 1600/1999 best 14.341
  step 1650/1999 best 14.358
  step 1700/1999 best 14.452
  step 1750/1999 best 14.339
  step 1800/1999 best 14.418
  step 1850/1999 best 14.440
  step 1900/1999 best 14.284
  step 1950/1999 best 14.318
saved SBC_CHAINS_cnn_vmim__n1_jitter_seed_s1_sim837_row786354_noise1974_2153_2332 (240000, 4) acc=0.395
  step 0/1999 best -25.273
  step 50/1999 best 2.391
  step 100/1999 best 8.119
  step 150/1999 best 9.236
  step 200/1999 best 9.110
  step 250/1999 best 9.311
  step 300/1999 best 9.225
  step 350/1999 best 9.213
  step 400/1999 best 9.397
  step 450/1999 best 9.300
  step 500/1999 best 9.349
  step 550/1999 best 9.279
  step 600/1999 best 9.284
  step 650/1999 best 9.304
  step 700/1999 best 9.251
  step 750/1999 best 9.334
  step 800/1999 best 9.298
  step 850/1999 best 9.250
  step 900/1999 best 9.315
  step 950/1999 best 9.332
  step 1000/1999 best 9.382
  step 1050/1999 best 9.259
  step 1100/1999 best 9.316
  step 1150/1999 best 9.316
  step 1200/1999 best 9.284
  step 1250/1999 best 9.367
  step 1300/1999 best 9.327
  step 1350/1999 best 9.369
  step 1400/1999 best 9.285
  step 1450/1999 best 9.341
  step 1500/1999 best 9.310
  step 1550/1999 best 9.325
  step 1600/1999 best 9.399
  step 1650/1999 best 9.363
  step 1700/1999 best 9.283
  step 1750/1999 best 9.347
  step 1800/1999 best 9.209
  step 1850/1999 best 9.274
  step 1900/1999 best 9.262
  step 1950/1999 best 9.241
saved SBC_CHAINS_cnn_vmim__n1_jitter_seed_s1_sim2941_row2536751_noise3179_3358_3537 (240000, 4) acc=0.284
  step 0/1999 best -15.950
  step 50/1999 best -12.314
  step 100/1999 best -1.440
  step 150/1999 best -1.440
  step 200/1999 best -1.601
  step 250/1999 best 1.884
  step 300/1999 best 5.027
  step 350/1999 best 5.472
  step 400/1999 best 5.489
  step 450/1999 best 5.708
  step 500/1999 best 7.214
  step 550/1999 best 10.030
  step 600/1999 best 10.941
  step 650/1999 best 12.178
  step 700/1999 best 12.510
  step 750/1999 best 12.915
  step 800/1999 best 11.675
  step 850/1999 best 12.189
  step 900/1999 best 11.869
  step 950/1999 best 12.614
  step 1000/1999 best 13.046
  step 1050/1999 best 13.500
  step 1100/1999 best 12.560
  step 1150/1999 best 13.430
  step 1200/1999 best 12.974
  step 1250/1999 best 13.291
  step 1300/1999 best 13.554
  step 1350/1999 best 13.444
  step 1400/1999 best 13.464
  step 1450/1999 best 13.144
  step 1500/1999 best 12.655
  step 1550/1999 best 13.019
  step 1600/1999 best 13.450
  step 1650/1999 best 13.240
  step 1700/1999 best 13.458
  step 1750/1999 best 13.394
  step 1800/1999 best 13.295
  step 1850/1999 best 13.543
  step 1900/1999 best 13.228
  step 1950/1999 best 13.306
saved SBC_CHAINS_cnn_vmim__n1_jitter_seed_s1_sim2433_row2032798_noise6282_6461_6640 (240000, 4) acc=0.130
  step 0/1999 best -21.239
  step 50/1999 best 11.203
  step 100/1999 best 11.388
  step 150/1999 best 15.297
  step 200/1999 best 16.810
  step 250/1999 best 16.571
  step 300/1999 best 16.498
  step 350/1999 best 16.608
  step 400/1999 best 16.580
  step 450/1999 best 16.716
  step 500/1999 best 16.688
  step 550/1999 best 16.535
  step 600/1999 best 16.454
  step 650/1999 best 16.735
  step 700/1999 best 16.485
  step 750/1999 best 16.481
  step 800/1999 best 16.524
  step 850/1999 best 16.791
  step 900/1999 best 16.794
  step 950/1999 best 16.685
  step 1000/1999 best 16.774
  step 1050/1999 best 16.787
  step 1100/1999 best 16.672
  step 1150/1999 best 16.644
  step 1200/1999 best 16.628
  step 1250/1999 best 16.617
  step 1300/1999 best 16.829
  step 1350/1999 best 16.589
  step 1400/1999 best 16.665
  step 1450/1999 best 16.805
  step 1500/1999 best 16.781
  step 1550/1999 best 16.725
  step 1600/1999 best 16.835
  step 1650/1999 best 16.806
  step 1700/1999 best 16.742
  step 1750/1999 best 16.782
  step 1800/1999 best 16.850
  step 1850/1999 best 16.786
  step 1900/1999 best 16.825
  step 1950/1999 best 16.836
saved SBC_CHAINS_cnn_vmim__n1_jitter_seed_s1_sim1209_row1027539_noise695_874_1053 (240000, 4) acc=0.191
  step 0/1999 best -20.482
  step 50/1999 best -2.701
  step 100/1999 best 1.108
  step 150/1999 best 0.488
  step 200/1999 best 8.713
  step 250/1999 best 10.774
  step 300/1999 best 15.219
  step 350/1999 best 16.201
  step 400/1999 best 16.153
  step 450/1999 best 16.555
  step 500/1999 best 16.672
  step 550/1999 best 15.889
  step 600/1999 best 16.464
  step 650/1999 best 16.684
  step 700/1999 best 16.562
  step 750/1999 best 16.661
  step 800/1999 best 16.628
  step 850/1999 best 16.618
  step 900/1999 best 16.514
  step 950/1999 best 16.618
  step 1000/1999 best 16.587
  step 1050/1999 best 16.756
  step 1100/1999 best 16.487
  step 1150/1999 best 16.771
  step 1200/1999 best 16.553
  step 1250/1999 best 16.749
  step 1300/1999 best 16.638
  step 1350/1999 best 16.726
  step 1400/1999 best 16.637
  step 1450/1999 best 16.604
  step 1500/1999 best 16.594
  step 1550/1999 best 16.684
  step 1600/1999 best 16.581
  step 1650/1999 best 16.747
  step 1700/1999 best 16.679
  step 1750/1999 best 16.710
  step 1800/1999 best 16.716
  step 1850/1999 best 16.341
  step 1900/1999 best 16.553
  step 1950/1999 best 16.721
saved SBC_CHAINS_cnn_vmim__n1_jitter_seed_s1_sim260_row246792_noise5264_5443_5622 (240000, 4) acc=0.183
  step 0/1999 best -21.658
  step 50/1999 best -0.879
  step 100/1999 best 7.263
  step 150/1999 best 12.896
  step 200/1999 best 9.962
  step 250/1999 best 13.294
  step 300/1999 best 15.537
  step 350/1999 best 15.581
  step 400/1999 best 16.309
  step 450/1999 best 15.201
  step 500/1999 best 16.400
  step 550/1999 best 16.395
  step 600/1999 best 16.181
  step 650/1999 best 16.842
  step 700/1999 best 16.872
  step 750/1999 best 16.819
  step 800/1999 best 16.602
  step 850/1999 best 16.747
  step 900/1999 best 16.578
  step 950/1999 best 16.507
  step 1000/1999 best 16.759
  step 1050/1999 best 16.783
  step 1100/1999 best 16.746
  step 1150/1999 best 16.443
  step 1200/1999 best 16.733
  step 1250/1999 best 16.779
  step 1300/1999 best 16.655
  step 1350/1999 best 16.479
  step 1400/1999 best 16.498
  step 1450/1999 best 16.817
  step 1500/1999 best 16.740
  step 1550/1999 best 16.685
  step 1600/1999 best 16.758
  step 1650/1999 best 16.771
  step 1700/1999 best 16.755
  step 1750/1999 best 16.695
  step 1800/1999 best 16.827
  step 1850/1999 best 16.846
  step 1900/1999 best 16.636
  step 1950/1999 best 16.646
saved SBC_CHAINS_cnn_vmim__n1_jitter_seed_s1_sim1749_row1502221_noise9665_16_195 (240000, 4) acc=0.152
  step 0/1999 best -16.776
  step 50/1999 best 11.256
  step 100/1999 best 12.315
  step 150/1999 best 14.239
  step 200/1999 best 15.479
  step 250/1999 best 15.378
  step 300/1999 best 15.493
  step 350/1999 best 15.485
  step 400/1999 best 15.534
  step 450/1999 best 15.738
  step 500/1999 best 15.726
  step 550/1999 best 15.734
  step 600/1999 best 15.745
  step 650/1999 best 15.498
  step 700/1999 best 15.796
  step 750/1999 best 15.559
  step 800/1999 best 15.766
  step 850/1999 best 15.615
  step 900/1999 best 15.553
  step 950/1999 best 15.611
  step 1000/1999 best 15.734
  step 1050/1999 best 15.576
  step 1100/1999 best 15.617
  step 1150/1999 best 15.766
  step 1200/1999 best 15.737
  step 1250/1999 best 15.550
  step 1300/1999 best 15.701
  step 1350/1999 best 15.771
  step 1400/1999 best 15.704
  step 1450/1999 best 15.729
  step 1500/1999 best 15.640
  step 1550/1999 best 15.671
  step 1600/1999 best 15.683
  step 1650/1999 best 15.683
  step 1700/1999 best 15.714
  step 1750/1999 best 15.578
  step 1800/1999 best 15.655
  step 1850/1999 best 15.650
  step 1900/1999 best 15.672
  step 1950/1999 best 15.757
saved SBC_CHAINS_cnn_vmim__n1_jitter_seed_s1_sim411_row389206_noise8258_8437_8616 (240000, 4) acc=0.261
  step 0/1999 best -9.627
  step 50/1999 best -2.011
  step 100/1999 best -1.390
  step 150/1999 best 1.290
  step 200/1999 best 1.290
  step 250/1999 best 11.139
  step 300/1999 best 14.492
  step 350/1999 best 14.647
  step 400/1999 best 12.956
  step 450/1999 best 14.648
  step 500/1999 best 14.289
  step 550/1999 best 14.819
  step 600/1999 best 14.922
  step 650/1999 best 14.665
  step 700/1999 best 15.023
  step 750/1999 best 14.511
  step 800/1999 best 14.945
  step 850/1999 best 15.038
  step 900/1999 best 15.187
  step 950/1999 best 15.487
  step 1000/1999 best 15.265
  step 1050/1999 best 15.471
  step 1100/1999 best 15.527
  step 1150/1999 best 15.346
  step 1200/1999 best 15.414
  step 1250/1999 best 15.499
  step 1300/1999 best 15.487
  step 1350/1999 best 15.070
  step 1400/1999 best 15.301
  step 1450/1999 best 15.285
  step 1500/1999 best 15.382
  step 1550/1999 best 15.307
  step 1600/1999 best 15.462
  step 1650/1999 best 15.472
  step 1700/1999 best 15.420
  step 1750/1999 best 15.465
  step 1800/1999 best 15.449
  step 1850/1999 best 15.451
  step 1900/1999 best 15.519
  step 1950/1999 best 15.319
saved SBC_CHAINS_cnn_vmim__n1_jitter_seed_s1_sim981_row930715_noise8743_8922_9101 (240000, 4) acc=0.267
  step 0/1999 best -15.790
  step 50/1999 best 4.368
  step 100/1999 best 12.037
  step 150/1999 best 13.515
  step 200/1999 best 13.536
  step 250/1999 best 13.525
  step 300/1999 best 13.632
  step 350/1999 best 13.586
  step 400/1999 best 13.633
  step 450/1999 best 13.520
  step 500/1999 best 13.583
  step 550/1999 best 13.648
  step 600/1999 best 13.681
  step 650/1999 best 13.556
  step 700/1999 best 13.680
  step 750/1999 best 13.692
  step 800/1999 best 13.686
  step 850/1999 best 13.528
  step 900/1999 best 13.610
  step 950/1999 best 13.645
  step 1000/1999 best 13.641
  step 1050/1999 best 13.600
  step 1100/1999 best 13.654
  step 1150/1999 best 13.678
  step 1200/1999 best 13.738
  step 1250/1999 best 13.486
  step 1300/1999 best 13.531
  step 1350/1999 best 13.590
  step 1400/1999 best 13.703
  step 1450/1999 best 13.617
  step 1500/1999 best 13.659
  step 1550/1999 best 13.682
  step 1600/1999 best 13.664
  step 1650/1999 best 13.684
  step 1700/1999 best 13.456
  step 1750/1999 best 13.536
  step 1800/1999 best 13.533
  step 1850/1999 best 13.696
  step 1900/1999 best 13.590
  step 1950/1999 best 13.434
saved SBC_CHAINS_cnn_vmim__n1_jitter_seed_s1_sim830_row779378_noise4826_5005_5184 (240000, 4) acc=0.257
  step 0/1999 best -17.088
  step 50/1999 best 1.106
  step 100/1999 best 11.846
  step 150/1999 best 12.567
  step 200/1999 best 12.688
  step 250/1999 best 12.728
  step 300/1999 best 12.767
  step 350/1999 best 12.562
  step 400/1999 best 12.811
  step 450/1999 best 12.746
  step 500/1999 best 12.848
  step 550/1999 best 12.724
  step 600/1999 best 12.819
  step 650/1999 best 12.693
  step 700/1999 best 12.859
  step 750/1999 best 12.722
  step 800/1999 best 12.786
  step 850/1999 best 12.886
  step 900/1999 best 12.849
  step 950/1999 best 12.728
  step 1000/1999 best 12.896
  step 1050/1999 best 12.838
  step 1100/1999 best 12.868
  step 1150/1999 best 12.735
  step 1200/1999 best 12.810
  step 1250/1999 best 12.893
  step 1300/1999 best 12.845
  step 1350/1999 best 12.915
  step 1400/1999 best 12.914
  step 1450/1999 best 12.752
  step 1500/1999 best 12.724
  step 1550/1999 best 12.880
  step 1600/1999 best 12.807
  step 1650/1999 best 12.771
  step 1700/1999 best 12.877
  step 1750/1999 best 12.877
  step 1800/1999 best 12.799
  step 1850/1999 best 12.744
  step 1900/1999 best 12.704
  step 1950/1999 best 12.870
saved SBC_CHAINS_cnn_vmim__n1_jitter_seed_s1_sim295_row281039_noise199_378_557 (240000, 4) acc=0.332
  step 0/1999 best -17.760
  step 50/1999 best -5.118
  step 100/1999 best 3.893
  step 150/1999 best 6.253
  step 200/1999 best 12.014
  step 250/1999 best 12.592
  step 300/1999 best 14.501
  step 350/1999 best 15.313
  step 400/1999 best 15.090
  step 450/1999 best 14.905
  step 500/1999 best 15.260
  step 550/1999 best 15.147
  step 600/1999 best 14.911
  step 650/1999 best 15.307
  step 700/1999 best 15.242
  step 750/1999 best 15.099
  step 800/1999 best 15.272
  step 850/1999 best 15.317
  step 900/1999 best 15.335
  step 950/1999 best 15.012
  step 1000/1999 best 14.873
  step 1050/1999 best 15.239
  step 1100/1999 best 15.292
  step 1150/1999 best 15.161
  step 1200/1999 best 15.232
  step 1250/1999 best 15.142
  step 1300/1999 best 15.195
  step 1350/1999 best 15.215
  step 1400/1999 best 15.150
  step 1450/1999 best 15.319
  step 1500/1999 best 15.175
  step 1550/1999 best 15.231
  step 1600/1999 best 15.316
  step 1650/1999 best 15.170
  step 1700/1999 best 15.234
  step 1750/1999 best 15.260
  step 1800/1999 best 15.197
  step 1850/1999 best 15.180
  step 1900/1999 best 15.231
  step 1950/1999 best 15.259
saved SBC_CHAINS_cnn_vmim__n1_jitter_seed_s1_sim327_row313312_noise2988_3167_3346 (240000, 4) acc=0.256
  step 0/1999 best -9.773
  step 50/1999 best 7.571
  step 100/1999 best 13.500
  step 150/1999 best 13.500
  step 200/1999 best 11.645
  step 250/1999 best 13.987
  step 300/1999 best 14.252
  step 350/1999 best 14.715
  step 400/1999 best 15.025
  step 450/1999 best 14.862
  step 500/1999 best 14.777
  step 550/1999 best 15.228
  step 600/1999 best 14.791
  step 650/1999 best 14.890
  step 700/1999 best 14.871
  step 750/1999 best 15.013
  step 800/1999 best 15.238
  step 850/1999 best 14.981
  step 900/1999 best 15.039
  step 950/1999 best 15.019
  step 1000/1999 best 15.071
  step 1050/1999 best 15.118
  step 1100/1999 best 15.172
  step 1150/1999 best 15.064
  step 1200/1999 best 15.037
  step 1250/1999 best 15.096
  step 1300/1999 best 15.119
  step 1350/1999 best 15.081
  step 1400/1999 best 15.198
  step 1450/1999 best 15.207
  step 1500/1999 best 15.115
  step 1550/1999 best 15.052
  step 1600/1999 best 14.946
  step 1650/1999 best 15.276
  step 1700/1999 best 15.139
  step 1750/1999 best 15.265
  step 1800/1999 best 15.038
  step 1850/1999 best 14.895
  step 1900/1999 best 15.071
  step 1950/1999 best 15.149
saved SBC_CHAINS_cnn_vmim__n1_jitter_seed_s1_sim427_row405727_noise5123_5302_5481 (240000, 4) acc=0.174
  step 0/1999 best -16.061
  step 50/1999 best -9.097
  step 100/1999 best 2.003
  step 150/1999 best 11.972
  step 200/1999 best 11.684
  step 250/1999 best 12.688
  step 300/1999 best 13.223
  step 350/1999 best 13.563
  step 400/1999 best 13.698
  step 450/1999 best 13.014
  step 500/1999 best 13.530
  step 550/1999 best 13.375
  step 600/1999 best 13.657
  step 650/1999 best 13.315
  step 700/1999 best 13.623
  step 750/1999 best 13.722
  step 800/1999 best 13.811
  step 850/1999 best 13.648
  step 900/1999 best 13.333
  step 950/1999 best 13.617
  step 1000/1999 best 13.696
  step 1050/1999 best 13.496
  step 1100/1999 best 13.570
  step 1150/1999 best 13.558
  step 1200/1999 best 13.335
  step 1250/1999 best 13.367
  step 1300/1999 best 13.563
  step 1350/1999 best 13.678
  step 1400/1999 best 13.726
  step 1450/1999 best 13.725
  step 1500/1999 best 13.656
  step 1550/1999 best 13.504
  step 1600/1999 best 13.651
  step 1650/1999 best 13.702
  step 1700/1999 best 13.397
  step 1750/1999 best 13.701
  step 1800/1999 best 13.512
  step 1850/1999 best 13.717
  step 1900/1999 best 13.718
  step 1950/1999 best 13.623
saved SBC_CHAINS_cnn_vmim__n1_jitter_seed_s1_sim2470_row2069124_noise3296_3475_3654 (240000, 4) acc=0.143
  step 0/1999 best -15.812
  step 50/1999 best -2.375
  step 100/1999 best 6.822
  step 150/1999 best 8.606
  step 200/1999 best 11.480
  step 250/1999 best 10.191
  step 300/1999 best 15.362
  step 350/1999 best 15.843
  step 400/1999 best 16.199
  step 450/1999 best 15.699
  step 500/1999 best 16.174
  step 550/1999 best 16.320
  step 600/1999 best 15.764
  step 650/1999 best 16.270
  step 700/1999 best 16.267
  step 750/1999 best 16.008
  step 800/1999 best 15.985
  step 850/1999 best 15.909
  step 900/1999 best 16.039
  step 950/1999 best 16.112
  step 1000/1999 best 15.984
  step 1050/1999 best 16.171
  step 1100/1999 best 16.187
  step 1150/1999 best 16.140
  step 1200/1999 best 16.250
  step 1250/1999 best 16.088
  step 1300/1999 best 16.204
  step 1350/1999 best 16.139
  step 1400/1999 best 16.315
  step 1450/1999 best 16.138
  step 1500/1999 best 16.026
  step 1550/1999 best 16.304
  step 1600/1999 best 16.208
  step 1650/1999 best 16.246
  step 1700/1999 best 16.208
  step 1750/1999 best 16.222
  step 1800/1999 best 16.055
  step 1850/1999 best 16.243
  step 1900/1999 best 16.179
  step 1950/1999 best 16.299
saved SBC_CHAINS_cnn_vmim__n1_jitter_seed_s1_sim340_row326477_noise6325_6504_6683 (240000, 4) acc=0.218
  step 0/1999 best -16.695
  step 50/1999 best 4.214
  step 100/1999 best 4.262
  step 150/1999 best 6.871
  step 200/1999 best 14.690
  step 250/1999 best 14.323
  step 300/1999 best 14.932
  step 350/1999 best 16.213
  step 400/1999 best 16.355
  step 450/1999 best 16.245
  step 500/1999 best 16.528
  step 550/1999 best 16.194
  step 600/1999 best 16.272
  step 650/1999 best 16.466
  step 700/1999 best 16.545
  step 750/1999 best 16.672
  step 800/1999 best 16.672
  step 850/1999 best 16.682
  step 900/1999 best 16.524
  step 950/1999 best 16.506
  step 1000/1999 best 16.455
  step 1050/1999 best 16.726
  step 1100/1999 best 16.629
  step 1150/1999 best 16.642
  step 1200/1999 best 16.577
  step 1250/1999 best 16.549
  step 1300/1999 best 16.449
  step 1350/1999 best 16.552
  step 1400/1999 best 16.555
  step 1450/1999 best 16.592
  step 1500/1999 best 16.506
  step 1550/1999 best 16.582
  step 1600/1999 best 16.621
  step 1650/1999 best 16.601
  step 1700/1999 best 16.706
  step 1750/1999 best 16.597
  step 1800/1999 best 16.482
  step 1850/1999 best 16.582
  step 1900/1999 best 16.486
  step 1950/1999 best 16.630
saved SBC_CHAINS_cnn_vmim__n1_jitter_seed_s1_sim117_row116076_noise8968_9147_9326 (240000, 4) acc=0.186
  step 0/1999 best -19.555
  step 50/1999 best -3.182
  step 100/1999 best -0.092
  step 150/1999 best 3.053
  step 200/1999 best 9.769
  step 250/1999 best 14.066
  step 300/1999 best 12.187
  step 350/1999 best 14.924
  step 400/1999 best 15.566
  step 450/1999 best 15.876
  step 500/1999 best 15.372
  step 550/1999 best 15.412
  step 600/1999 best 15.900
  step 650/1999 best 15.708
  step 700/1999 best 15.969
  step 750/1999 best 15.787
  step 800/1999 best 15.760
  step 850/1999 best 15.938
  step 900/1999 best 15.890
  step 950/1999 best 15.891
  step 1000/1999 best 15.966
  step 1050/1999 best 15.873
  step 1100/1999 best 15.927
  step 1150/1999 best 15.944
  step 1200/1999 best 15.860
  step 1250/1999 best 15.970
  step 1300/1999 best 15.863
  step 1350/1999 best 15.847
  step 1400/1999 best 15.935
  step 1450/1999 best 15.819
  step 1500/1999 best 15.864
  step 1550/1999 best 15.716
  step 1600/1999 best 15.964
  step 1650/1999 best 15.867
  step 1700/1999 best 15.779
  step 1750/1999 best 15.946
  step 1800/1999 best 15.866
  step 1850/1999 best 15.938
  step 1900/1999 best 15.953
  step 1950/1999 best 15.916
saved SBC_CHAINS_cnn_vmim__n1_jitter_seed_s1_sim724_row673130_noise6686_6865_7044 (240000, 4) acc=0.200
  step 0/1999 best -2.403
  step 50/1999 best 11.930
  step 100/1999 best 11.930
  step 150/1999 best 13.184
  step 200/1999 best 15.446
  step 250/1999 best 14.995
  step 300/1999 best 15.532
  step 350/1999 best 15.709
  step 400/1999 best 15.754
  step 450/1999 best 15.656
  step 500/1999 best 15.809
  step 550/1999 best 15.706
  step 600/1999 best 15.797
  step 650/1999 best 15.633
  step 700/1999 best 15.575
  step 750/1999 best 15.562
  step 800/1999 best 15.552
  step 850/1999 best 15.643
  step 900/1999 best 15.709
  step 950/1999 best 15.693
  step 1000/1999 best 15.721
  step 1050/1999 best 15.656
  step 1100/1999 best 15.855
  step 1150/1999 best 15.567
  step 1200/1999 best 15.752
  step 1250/1999 best 15.783
  step 1300/1999 best 15.615
  step 1350/1999 best 15.832
  step 1400/1999 best 15.677
  step 1450/1999 best 15.726
  step 1500/1999 best 15.829
  step 1550/1999 best 15.817
  step 1600/1999 best 15.782
  step 1650/1999 best 15.819
  step 1700/1999 best 15.759
  step 1750/1999 best 15.581
  step 1800/1999 best 15.769
  step 1850/1999 best 15.749
  step 1900/1999 best 15.800
  step 1950/1999 best 15.699
saved SBC_CHAINS_cnn_vmim__n1_jitter_seed_s1_sim656_row609914_noise8266_8445_8624 (240000, 4) acc=0.197
