[stage3] arm=cnn_vmim_/n1_jitter/seed_s0  nle=/gscratch/ddehiwalage-don/sbi_master/cnn_vmim_/n1_jitter/seed_s0/nle
[NLE] scope=standard_t family=nsf loaded from /gscratch/ddehiwalage-don/sbi_master/cnn_vmim_/n1_jitter/seed_s0/nle/standard_t/nsf
targets this task: 152 | family=standard_t_nsf | chains -> /gscratch/ddehiwalage-don/sbi_master/cnn_vmim_/n1_jitter/seed_s0/chains/standard_t_nsf
  step 0/1999 best -15.062
  step 50/1999 best 0.913
  step 100/1999 best 3.714
  step 150/1999 best 12.510
  step 200/1999 best 11.763
  step 250/1999 best 12.387
  step 300/1999 best 12.625
  step 350/1999 best 12.598
  step 400/1999 best 12.794
  step 450/1999 best 12.677
  step 500/1999 best 12.681
  step 550/1999 best 12.503
  step 600/1999 best 12.931
  step 650/1999 best 12.809
  step 700/1999 best 12.798
  step 750/1999 best 12.728
  step 800/1999 best 12.788
  step 850/1999 best 12.876
  step 900/1999 best 12.802
  step 950/1999 best 12.867
  step 1000/1999 best 12.805
  step 1050/1999 best 12.913
  step 1100/1999 best 12.902
  step 1150/1999 best 12.868
  step 1200/1999 best 12.885
  step 1250/1999 best 12.972
  step 1300/1999 best 12.845
  step 1350/1999 best 12.837
  step 1400/1999 best 12.642
  step 1450/1999 best 12.891
  step 1500/1999 best 12.904
  step 1550/1999 best 12.959
  step 1600/1999 best 12.894
  step 1650/1999 best 12.932
  step 1700/1999 best 12.824
  step 1750/1999 best 12.865
  step 1800/1999 best 12.933
  step 1850/1999 best 12.903
  step 1900/1999 best 12.867
  step 1950/1999 best 12.912
saved SBC_CHAINS_cnn_vmim__n1_jitter_seed_s0_sim922_row871559_noise8555_8734_8913 (240000, 4) acc=0.214
  step 0/1999 best -29.075
  step 50/1999 best 4.234
  step 100/1999 best 11.696
  step 150/1999 best 11.424
  step 200/1999 best 11.874
  step 250/1999 best 11.837
  step 300/1999 best 12.151
  step 350/1999 best 12.301
  step 400/1999 best 12.194
  step 450/1999 best 12.062
  step 500/1999 best 12.201
  step 550/1999 best 12.231
  step 600/1999 best 12.237
  step 650/1999 best 12.211
  step 700/1999 best 12.270
  step 750/1999 best 12.244
  step 800/1999 best 12.161
  step 850/1999 best 12.231
  step 900/1999 best 12.090
  step 950/1999 best 12.235
  step 1000/1999 best 12.049
  step 1050/1999 best 12.147
  step 1100/1999 best 12.207
  step 1150/1999 best 12.192
  step 1200/1999 best 12.170
  step 1250/1999 best 12.177
  step 1300/1999 best 12.289
  step 1350/1999 best 12.229
  step 1400/1999 best 12.134
  step 1450/1999 best 12.284
  step 1500/1999 best 12.244
  step 1550/1999 best 12.253
  step 1600/1999 best 12.154
  step 1650/1999 best 12.101
  step 1700/1999 best 12.203
  step 1750/1999 best 12.184
  step 1800/1999 best 12.098
  step 1850/1999 best 12.189
  step 1900/1999 best 12.191
  step 1950/1999 best 12.183
saved SBC_CHAINS_cnn_vmim__n1_jitter_seed_s0_sim1303_row1112754_noise6458_6637_6816 (240000, 4) acc=0.267
  step 0/1999 best -2.000
  step 50/1999 best 3.145
  step 100/1999 best 9.064
  step 150/1999 best 12.986
  step 200/1999 best 13.453
  step 250/1999 best 13.339
  step 300/1999 best 13.450
  step 350/1999 best 13.153
  step 400/1999 best 13.499
  step 450/1999 best 13.552
  step 500/1999 best 13.379
  step 550/1999 best 13.514
  step 600/1999 best 13.718
  step 650/1999 best 13.520
  step 700/1999 best 13.728
  step 750/1999 best 13.677
  step 800/1999 best 13.698
  step 850/1999 best 13.656
  step 900/1999 best 13.639
  step 950/1999 best 13.693
  step 1000/1999 best 13.663
  step 1050/1999 best 13.656
  step 1100/1999 best 13.774
  step 1150/1999 best 13.545
  step 1200/1999 best 13.728
  step 1250/1999 best 13.726
  step 1300/1999 best 13.497
  step 1350/1999 best 13.709
  step 1400/1999 best 13.542
  step 1450/1999 best 13.652
  step 1500/1999 best 13.657
  step 1550/1999 best 13.636
  step 1600/1999 best 13.619
  step 1650/1999 best 13.576
  step 1700/1999 best 13.745
  step 1750/1999 best 13.657
  step 1800/1999 best 13.699
  step 1850/1999 best 13.671
  step 1900/1999 best 13.749
  step 1950/1999 best 13.598
saved SBC_CHAINS_cnn_vmim__n1_jitter_seed_s0_sim2361_row1960744_noise3024_3203_3382 (240000, 4) acc=0.279
  step 0/1999 best -20.860
  step 50/1999 best -0.276
  step 100/1999 best 10.430
  step 150/1999 best 11.942
  step 200/1999 best 10.081
  step 250/1999 best 10.806
  step 300/1999 best 12.258
  step 350/1999 best 12.831
  step 400/1999 best 12.753
  step 450/1999 best 12.854
  step 500/1999 best 12.792
  step 550/1999 best 13.029
  step 600/1999 best 12.778
  step 650/1999 best 12.709
  step 700/1999 best 12.892
  step 750/1999 best 12.808
  step 800/1999 best 12.812
  step 850/1999 best 12.937
  step 900/1999 best 12.941
  step 950/1999 best 12.870
  step 1000/1999 best 12.964
  step 1050/1999 best 13.007
  step 1100/1999 best 12.716
  step 1150/1999 best 12.871
  step 1200/1999 best 12.859
  step 1250/1999 best 12.830
  step 1300/1999 best 12.835
  step 1350/1999 best 12.770
  step 1400/1999 best 13.027
  step 1450/1999 best 12.927
  step 1500/1999 best 12.947
  step 1550/1999 best 12.835
  step 1600/1999 best 13.001
  step 1650/1999 best 12.930
  step 1700/1999 best 12.983
  step 1750/1999 best 12.989
  step 1800/1999 best 12.940
  step 1850/1999 best 12.962
  step 1900/1999 best 12.948
  step 1950/1999 best 12.772
saved SBC_CHAINS_cnn_vmim__n1_jitter_seed_s0_sim2482_row2081887_noise6231_6410_6589 (240000, 4) acc=0.245
  step 0/1999 best -11.305
  step 50/1999 best 4.418
  step 100/1999 best 8.201
  step 150/1999 best 10.311
  step 200/1999 best 12.536
  step 250/1999 best 12.557
  step 300/1999 best 12.630
  step 350/1999 best 12.927
  step 400/1999 best 12.750
  step 450/1999 best 12.799
  step 500/1999 best 12.905
  step 550/1999 best 12.837
  step 600/1999 best 12.944
  step 650/1999 best 12.688
  step 700/1999 best 12.879
  step 750/1999 best 12.892
  step 800/1999 best 12.948
  step 850/1999 best 12.904
  step 900/1999 best 12.900
  step 950/1999 best 13.021
  step 1000/1999 best 12.997
  step 1050/1999 best 12.995
  step 1100/1999 best 12.759
  step 1150/1999 best 12.915
  step 1200/1999 best 13.040
  step 1250/1999 best 13.009
  step 1300/1999 best 12.984
  step 1350/1999 best 12.998
  step 1400/1999 best 13.084
  step 1450/1999 best 12.888
  step 1500/1999 best 12.539
  step 1550/1999 best 12.757
  step 1600/1999 best 12.891
  step 1650/1999 best 13.066
  step 1700/1999 best 12.731
  step 1750/1999 best 13.003
  step 1800/1999 best 12.706
  step 1850/1999 best 12.927
  step 1900/1999 best 12.940
  step 1950/1999 best 12.888
saved SBC_CHAINS_cnn_vmim__n1_jitter_seed_s0_sim1519_row1296600_noise6088_6267_6446 (240000, 4) acc=0.162
  step 0/1999 best -25.036
  step 50/1999 best -3.793
  step 100/1999 best 8.861
  step 150/1999 best 10.987
  step 200/1999 best 11.370
  step 250/1999 best 11.685
  step 300/1999 best 11.708
  step 350/1999 best 11.539
  step 400/1999 best 11.655
  step 450/1999 best 11.692
  step 500/1999 best 11.695
  step 550/1999 best 11.441
  step 600/1999 best 11.608
  step 650/1999 best 11.609
  step 700/1999 best 11.682
  step 750/1999 best 11.674
  step 800/1999 best 11.708
  step 850/1999 best 11.628
  step 900/1999 best 11.731
  step 950/1999 best 11.657
  step 1000/1999 best 11.692
  step 1050/1999 best 11.591
  step 1100/1999 best 11.627
  step 1150/1999 best 11.658
  step 1200/1999 best 11.630
  step 1250/1999 best 11.695
  step 1300/1999 best 11.677
  step 1350/1999 best 11.699
  step 1400/1999 best 11.699
  step 1450/1999 best 11.647
  step 1500/1999 best 11.680
  step 1550/1999 best 11.519
  step 1600/1999 best 11.526
  step 1650/1999 best 11.517
  step 1700/1999 best 11.643
  step 1750/1999 best 11.616
  step 1800/1999 best 11.710
  step 1850/1999 best 11.645
  step 1900/1999 best 11.689
  step 1950/1999 best 11.533
saved SBC_CHAINS_cnn_vmim__n1_jitter_seed_s0_sim2835_row2430108_noise4644_4823_5002 (240000, 4) acc=0.347
  step 0/1999 best -8.908
  step 50/1999 best -3.543
  step 100/1999 best -4.060
  step 150/1999 best -3.663
  step 200/1999 best -1.421
  step 250/1999 best 4.163
  step 300/1999 best 8.867
  step 350/1999 best 11.697
  step 400/1999 best 11.947
  step 450/1999 best 12.030
  step 500/1999 best 12.368
  step 550/1999 best 13.294
  step 600/1999 best 13.256
  step 650/1999 best 13.215
  step 700/1999 best 13.275
  step 750/1999 best 12.898
  step 800/1999 best 13.147
  step 850/1999 best 13.133
  step 900/1999 best 13.215
  step 950/1999 best 12.857
  step 1000/1999 best 13.174
  step 1050/1999 best 13.149
  step 1100/1999 best 13.274
  step 1150/1999 best 13.233
  step 1200/1999 best 13.015
  step 1250/1999 best 13.196
  step 1300/1999 best 13.206
  step 1350/1999 best 13.110
  step 1400/1999 best 13.217
  step 1450/1999 best 13.322
  step 1500/1999 best 13.183
  step 1550/1999 best 13.342
  step 1600/1999 best 13.264
  step 1650/1999 best 13.323
  step 1700/1999 best 13.242
  step 1750/1999 best 13.259
  step 1800/1999 best 13.214
  step 1850/1999 best 13.347
  step 1900/1999 best 13.234
  step 1950/1999 best 13.266
saved SBC_CHAINS_cnn_vmim__n1_jitter_seed_s0_sim2554_row2153628_noise9176_9355_9534 (240000, 4) acc=0.290
  step 0/1999 best -24.723
  step 50/1999 best -3.199
  step 100/1999 best 6.072
  step 150/1999 best 8.536
  step 200/1999 best 9.089
  step 250/1999 best 9.099
  step 300/1999 best 9.135
  step 350/1999 best 9.191
  step 400/1999 best 9.149
  step 450/1999 best 9.101
  step 500/1999 best 9.125
  step 550/1999 best 9.206
  step 600/1999 best 9.089
  step 650/1999 best 9.199
  step 700/1999 best 9.159
  step 750/1999 best 9.183
  step 800/1999 best 9.001
  step 850/1999 best 9.154
  step 900/1999 best 9.144
  step 950/1999 best 9.203
  step 1000/1999 best 9.180
  step 1050/1999 best 9.046
  step 1100/1999 best 9.224
  step 1150/1999 best 9.234
  step 1200/1999 best 9.033
  step 1250/1999 best 9.089
  step 1300/1999 best 9.202
  step 1350/1999 best 9.077
  step 1400/1999 best 9.220
  step 1450/1999 best 9.217
  step 1500/1999 best 9.232
  step 1550/1999 best 9.185
  step 1600/1999 best 9.031
  step 1650/1999 best 9.212
  step 1700/1999 best 9.153
  step 1750/1999 best 9.135
  step 1800/1999 best 9.134
  step 1850/1999 best 9.084
  step 1900/1999 best 9.198
  step 1950/1999 best 9.181
saved SBC_CHAINS_cnn_vmim__n1_jitter_seed_s0_sim2865_row2460586_noise5638_5817_5996 (240000, 4) acc=0.413
  step 0/1999 best -28.066
  step 50/1999 best -7.267
  step 100/1999 best 7.869
  step 150/1999 best 9.634
  step 200/1999 best 11.901
  step 250/1999 best 11.901
  step 300/1999 best 11.878
  step 350/1999 best 12.247
  step 400/1999 best 11.835
  step 450/1999 best 12.386
  step 500/1999 best 12.247
  step 550/1999 best 12.379
  step 600/1999 best 12.372
  step 650/1999 best 12.335
  step 700/1999 best 12.233
  step 750/1999 best 12.317
  step 800/1999 best 12.245
  step 850/1999 best 12.340
  step 900/1999 best 12.138
  step 950/1999 best 12.391
  step 1000/1999 best 12.380
  step 1050/1999 best 12.233
  step 1100/1999 best 12.333
  step 1150/1999 best 12.292
  step 1200/1999 best 12.353
  step 1250/1999 best 12.236
  step 1300/1999 best 12.358
  step 1350/1999 best 12.325
  step 1400/1999 best 12.211
  step 1450/1999 best 12.349
  step 1500/1999 best 12.322
  step 1550/1999 best 12.309
  step 1600/1999 best 12.247
  step 1650/1999 best 12.370
  step 1700/1999 best 12.341
  step 1750/1999 best 12.318
  step 1800/1999 best 12.407
  step 1850/1999 best 12.316
  step 1900/1999 best 12.301
  step 1950/1999 best 12.092
saved SBC_CHAINS_cnn_vmim__n1_jitter_seed_s0_sim433_row411688_noise1256_1435_1614 (240000, 4) acc=0.158
  step 0/1999 best -6.478
  step 50/1999 best 6.637
  step 100/1999 best 12.230
  step 150/1999 best 14.836
  step 200/1999 best 15.838
  step 250/1999 best 15.859
  step 300/1999 best 15.938
  step 350/1999 best 16.020
  step 400/1999 best 16.057
  step 450/1999 best 15.976
  step 500/1999 best 15.590
  step 550/1999 best 16.116
  step 600/1999 best 15.742
  step 650/1999 best 16.064
  step 700/1999 best 16.028
  step 750/1999 best 15.963
  step 800/1999 best 16.025
  step 850/1999 best 16.043
  step 900/1999 best 16.134
  step 950/1999 best 16.030
  step 1000/1999 best 15.920
  step 1050/1999 best 16.111
  step 1100/1999 best 16.042
  step 1150/1999 best 16.024
  step 1200/1999 best 15.904
  step 1250/1999 best 16.056
  step 1300/1999 best 16.009
  step 1350/1999 best 15.982
  step 1400/1999 best 15.994
  step 1450/1999 best 15.989
  step 1500/1999 best 16.062
  step 1550/1999 best 16.008
  step 1600/1999 best 15.857
  step 1650/1999 best 16.108
  step 1700/1999 best 15.958
  step 1750/1999 best 15.951
  step 1800/1999 best 16.102
  step 1850/1999 best 16.074
  step 1900/1999 best 15.914
  step 1950/1999 best 15.797
saved SBC_CHAINS_cnn_vmim__n1_jitter_seed_s0_sim279_row265758_noise4574_4753_4932 (240000, 4) acc=0.236
  step 0/1999 best -22.347
  step 50/1999 best -3.291
  step 100/1999 best -3.011
  step 150/1999 best 2.409
  step 200/1999 best 7.155
  step 250/1999 best 13.098
  step 300/1999 best 13.188
  step 350/1999 best 13.462
  step 400/1999 best 13.335
  step 450/1999 best 13.188
  step 500/1999 best 13.291
  step 550/1999 best 13.181
  step 600/1999 best 13.389
  step 650/1999 best 13.288
  step 700/1999 best 13.425
  step 750/1999 best 13.419
  step 800/1999 best 13.491
  step 850/1999 best 13.375
  step 900/1999 best 13.227
  step 950/1999 best 13.405
  step 1000/1999 best 13.422
  step 1050/1999 best 13.155
  step 1100/1999 best 13.540
  step 1150/1999 best 13.374
  step 1200/1999 best 13.339
  step 1250/1999 best 13.491
  step 1300/1999 best 13.457
  step 1350/1999 best 13.418
  step 1400/1999 best 13.445
  step 1450/1999 best 13.547
  step 1500/1999 best 13.464
  step 1550/1999 best 13.288
  step 1600/1999 best 13.410
  step 1650/1999 best 13.401
  step 1700/1999 best 13.357
  step 1750/1999 best 13.394
  step 1800/1999 best 13.460
  step 1850/1999 best 13.455
  step 1900/1999 best 13.394
  step 1950/1999 best 13.438
saved SBC_CHAINS_cnn_vmim__n1_jitter_seed_s0_sim2360_row1959708_noise1988_2167_2346 (240000, 4) acc=0.211
  step 0/1999 best -13.092
  step 50/1999 best 0.863
  step 100/1999 best 2.359
  step 150/1999 best 10.037
  step 200/1999 best 11.087
  step 250/1999 best 12.566
  step 300/1999 best 13.306
  step 350/1999 best 13.366
  step 400/1999 best 13.648
  step 450/1999 best 14.163
  step 500/1999 best 14.161
  step 550/1999 best 14.214
  step 600/1999 best 14.246
  step 650/1999 best 14.176
  step 700/1999 best 14.099
  step 750/1999 best 14.276
  step 800/1999 best 14.337
  step 850/1999 best 14.288
  step 900/1999 best 14.156
  step 950/1999 best 14.308
  step 1000/1999 best 14.344
  step 1050/1999 best 14.322
  step 1100/1999 best 14.116
  step 1150/1999 best 14.340
  step 1200/1999 best 14.113
  step 1250/1999 best 14.083
  step 1300/1999 best 14.250
  step 1350/1999 best 14.317
  step 1400/1999 best 14.112
  step 1450/1999 best 14.252
  step 1500/1999 best 14.099
  step 1550/1999 best 14.324
  step 1600/1999 best 14.331
  step 1650/1999 best 14.271
  step 1700/1999 best 14.313
  step 1750/1999 best 14.256
  step 1800/1999 best 14.254
  step 1850/1999 best 14.233
  step 1900/1999 best 14.255
  step 1950/1999 best 14.338
saved SBC_CHAINS_cnn_vmim__n1_jitter_seed_s0_sim429_row407105_noise6501_6680_6859 (240000, 4) acc=0.237
  step 0/1999 best -17.684
  step 50/1999 best 6.183
  step 100/1999 best 10.952
  step 150/1999 best 12.394
  step 200/1999 best 12.704
  step 250/1999 best 13.760
  step 300/1999 best 13.947
  step 350/1999 best 13.857
  step 400/1999 best 13.911
  step 450/1999 best 13.722
  step 500/1999 best 13.829
  step 550/1999 best 13.809
  step 600/1999 best 14.006
  step 650/1999 best 14.082
  step 700/1999 best 14.098
  step 750/1999 best 14.025
  step 800/1999 best 13.876
  step 850/1999 best 13.917
  step 900/1999 best 13.878
  step 950/1999 best 14.018
  step 1000/1999 best 14.032
  step 1050/1999 best 14.069
  step 1100/1999 best 13.912
  step 1150/1999 best 13.976
  step 1200/1999 best 14.097
  step 1250/1999 best 13.863
  step 1300/1999 best 13.910
  step 1350/1999 best 13.997
  step 1400/1999 best 14.020
  step 1450/1999 best 14.092
  step 1500/1999 best 14.082
  step 1550/1999 best 14.018
  step 1600/1999 best 14.014
  step 1650/1999 best 14.095
  step 1700/1999 best 13.964
  step 1750/1999 best 14.045
  step 1800/1999 best 13.998
  step 1850/1999 best 14.035
  step 1900/1999 best 14.094
  step 1950/1999 best 13.916
saved SBC_CHAINS_cnn_vmim__n1_jitter_seed_s0_sim1429_row1211182_noise4122_4301_4480 (240000, 4) acc=0.192
  step 0/1999 best -14.200
  step 50/1999 best -6.855
  step 100/1999 best 1.942
  step 150/1999 best 10.071
  step 200/1999 best 10.303
  step 250/1999 best 12.432
  step 300/1999 best 11.448
  step 350/1999 best 12.020
  step 400/1999 best 11.943
  step 450/1999 best 11.991
  step 500/1999 best 12.062
  step 550/1999 best 12.330
  step 600/1999 best 12.377
  step 650/1999 best 12.154
  step 700/1999 best 12.465
  step 750/1999 best 12.225
  step 800/1999 best 12.315
  step 850/1999 best 12.256
  step 900/1999 best 12.485
  step 950/1999 best 12.415
  step 1000/1999 best 12.510
  step 1050/1999 best 12.472
  step 1100/1999 best 12.414
  step 1150/1999 best 12.462
  step 1200/1999 best 12.377
  step 1250/1999 best 12.369
  step 1300/1999 best 12.252
  step 1350/1999 best 12.470
  step 1400/1999 best 12.379
  step 1450/1999 best 12.346
  step 1500/1999 best 12.317
  step 1550/1999 best 12.404
  step 1600/1999 best 12.404
  step 1650/1999 best 12.462
  step 1700/1999 best 12.385
  step 1750/1999 best 12.340
  step 1800/1999 best 12.295
  step 1850/1999 best 12.319
  step 1900/1999 best 12.373
  step 1950/1999 best 12.249
saved SBC_CHAINS_cnn_vmim__n1_jitter_seed_s0_sim453_row431530_noise1442_1621_1800 (240000, 4) acc=0.231
  step 0/1999 best -8.764
  step 50/1999 best -3.769
  step 100/1999 best 3.616
  step 150/1999 best 8.699
  step 200/1999 best 10.853
  step 250/1999 best 9.534
  step 300/1999 best 11.272
  step 350/1999 best 11.302
  step 400/1999 best 11.371
  step 450/1999 best 11.228
  step 500/1999 best 11.116
  step 550/1999 best 11.396
  step 600/1999 best 11.370
  step 650/1999 best 11.521
  step 700/1999 best 11.450
  step 750/1999 best 11.192
  step 800/1999 best 11.572
  step 850/1999 best 11.563
  step 900/1999 best 11.497
  step 950/1999 best 11.427
  step 1000/1999 best 11.443
  step 1050/1999 best 11.440
  step 1100/1999 best 11.508
  step 1150/1999 best 11.618
  step 1200/1999 best 11.607
  step 1250/1999 best 11.531
  step 1300/1999 best 11.531
  step 1350/1999 best 11.631
  step 1400/1999 best 11.500
  step 1450/1999 best 11.599
  step 1500/1999 best 11.411
  step 1550/1999 best 11.510
  step 1600/1999 best 11.649
  step 1650/1999 best 11.516
  step 1700/1999 best 11.592
  step 1750/1999 best 11.502
  step 1800/1999 best 11.542
  step 1850/1999 best 11.576
  step 1900/1999 best 11.551
  step 1950/1999 best 11.486
saved SBC_CHAINS_cnn_vmim__n1_jitter_seed_s0_sim2632_row2231998_noise8922_9101_9280 (240000, 4) acc=0.297
  step 0/1999 best -16.939
  step 50/1999 best 4.592
  step 100/1999 best 10.173
  step 150/1999 best 10.890
  step 200/1999 best 10.791
  step 250/1999 best 11.076
  step 300/1999 best 10.904
  step 350/1999 best 10.900
  step 400/1999 best 10.996
  step 450/1999 best 11.045
  step 500/1999 best 11.076
  step 550/1999 best 11.026
  step 600/1999 best 10.841
  step 650/1999 best 11.024
  step 700/1999 best 10.909
  step 750/1999 best 11.003
  step 800/1999 best 11.074
  step 850/1999 best 10.987
  step 900/1999 best 10.928
  step 950/1999 best 10.919
  step 1000/1999 best 11.123
  step 1050/1999 best 10.935
  step 1100/1999 best 11.038
  step 1150/1999 best 11.040
  step 1200/1999 best 10.973
  step 1250/1999 best 10.949
  step 1300/1999 best 11.030
  step 1350/1999 best 11.066
  step 1400/1999 best 11.046
  step 1450/1999 best 11.050
  step 1500/1999 best 10.974
  step 1550/1999 best 11.051
  step 1600/1999 best 11.015
  step 1650/1999 best 11.005
  step 1700/1999 best 11.008
  step 1750/1999 best 11.021
  step 1800/1999 best 11.048
  step 1850/1999 best 10.927
  step 1900/1999 best 10.932
  step 1950/1999 best 11.001
saved SBC_CHAINS_cnn_vmim__n1_jitter_seed_s0_sim913_row862879_noise9703_54_233 (240000, 4) acc=0.299
  step 0/1999 best -14.946
  step 50/1999 best -6.065
  step 100/1999 best 1.443
  step 150/1999 best 10.203
  step 200/1999 best 12.424
  step 250/1999 best 12.141
  step 300/1999 best 12.288
  step 350/1999 best 12.434
  step 400/1999 best 12.638
  step 450/1999 best 12.583
  step 500/1999 best 12.622
  step 550/1999 best 12.581
  step 600/1999 best 12.361
  step 650/1999 best 12.349
  step 700/1999 best 12.492
  step 750/1999 best 12.574
  step 800/1999 best 12.457
  step 850/1999 best 12.254
  step 900/1999 best 12.534
  step 950/1999 best 12.496
  step 1000/1999 best 12.533
  step 1050/1999 best 12.467
  step 1100/1999 best 12.507
  step 1150/1999 best 12.597
  step 1200/1999 best 12.547
  step 1250/1999 best 12.662
  step 1300/1999 best 12.519
  step 1350/1999 best 12.573
  step 1400/1999 best 12.439
  step 1450/1999 best 12.582
  step 1500/1999 best 12.548
  step 1550/1999 best 12.645
  step 1600/1999 best 12.232
  step 1650/1999 best 12.531
  step 1700/1999 best 12.638
  step 1750/1999 best 12.641
  step 1800/1999 best 12.542
  step 1850/1999 best 12.590
  step 1900/1999 best 12.588
  step 1950/1999 best 12.588
saved SBC_CHAINS_cnn_vmim__n1_jitter_seed_s0_sim1545_row1322656_noise2660_2839_3018 (240000, 4) acc=0.215
  step 0/1999 best 3.109
  step 50/1999 best 4.471
  step 100/1999 best 11.003
  step 150/1999 best 11.186
  step 200/1999 best 11.258
  step 250/1999 best 11.556
  step 300/1999 best 11.567
  step 350/1999 best 11.461
  step 400/1999 best 11.388
  step 450/1999 best 11.492
  step 500/1999 best 11.556
  step 550/1999 best 11.546
  step 600/1999 best 11.539
  step 650/1999 best 11.614
  step 700/1999 best 11.587
  step 750/1999 best 11.545
  step 800/1999 best 11.587
  step 850/1999 best 11.496
  step 900/1999 best 11.617
  step 950/1999 best 11.456
  step 1000/1999 best 11.588
  step 1050/1999 best 11.517
  step 1100/1999 best 11.411
  step 1150/1999 best 11.582
  step 1200/1999 best 11.495
  step 1250/1999 best 11.475
  step 1300/1999 best 11.523
  step 1350/1999 best 11.298
  step 1400/1999 best 11.619
  step 1450/1999 best 11.568
  step 1500/1999 best 11.543
  step 1550/1999 best 11.606
  step 1600/1999 best 11.510
  step 1650/1999 best 11.535
  step 1700/1999 best 11.488
  step 1750/1999 best 11.429
  step 1800/1999 best 11.547
  step 1850/1999 best 11.494
  step 1900/1999 best 11.524
  step 1950/1999 best 11.523
saved SBC_CHAINS_cnn_vmim__n1_jitter_seed_s0_sim765_row714631_noise8875_9054_9233 (240000, 4) acc=0.357
  step 0/1999 best -25.300
  step 50/1999 best 10.412
  step 100/1999 best 12.804
  step 150/1999 best 12.674
  step 200/1999 best 12.836
  step 250/1999 best 13.015
  step 300/1999 best 13.116
  step 350/1999 best 13.167
  step 400/1999 best 13.114
  step 450/1999 best 13.145
  step 500/1999 best 13.148
  step 550/1999 best 13.153
  step 600/1999 best 13.067
  step 650/1999 best 13.091
  step 700/1999 best 13.049
  step 750/1999 best 13.000
  step 800/1999 best 13.111
  step 850/1999 best 13.033
  step 900/1999 best 13.085
  step 950/1999 best 12.805
  step 1000/1999 best 13.032
  step 1050/1999 best 13.080
  step 1100/1999 best 13.093
  step 1150/1999 best 13.187
  step 1200/1999 best 13.144
  step 1250/1999 best 13.063
  step 1300/1999 best 13.121
  step 1350/1999 best 13.032
  step 1400/1999 best 13.109
  step 1450/1999 best 13.139
  step 1500/1999 best 13.103
  step 1550/1999 best 13.070
  step 1600/1999 best 13.137
  step 1650/1999 best 13.062
  step 1700/1999 best 13.121
  step 1750/1999 best 13.083
  step 1800/1999 best 13.004
  step 1850/1999 best 13.040
  step 1900/1999 best 13.081
  step 1950/1999 best 13.110
saved SBC_CHAINS_cnn_vmim__n1_jitter_seed_s0_sim872_row821051_noise7187_7366_7545 (240000, 4) acc=0.348
  step 0/1999 best -25.587
  step 50/1999 best 12.432
  step 100/1999 best 13.047
  step 150/1999 best 13.817
  step 200/1999 best 13.788
  step 250/1999 best 13.983
  step 300/1999 best 13.906
  step 350/1999 best 13.966
  step 400/1999 best 13.974
  step 450/1999 best 13.827
  step 500/1999 best 14.040
  step 550/1999 best 13.984
  step 600/1999 best 14.035
  step 650/1999 best 13.958
  step 700/1999 best 13.976
  step 750/1999 best 13.910
  step 800/1999 best 14.021
  step 850/1999 best 13.883
  step 900/1999 best 13.969
  step 950/1999 best 14.044
  step 1000/1999 best 14.036
  step 1050/1999 best 13.945
  step 1100/1999 best 13.881
  step 1150/1999 best 13.956
  step 1200/1999 best 13.981
  step 1250/1999 best 13.932
  step 1300/1999 best 13.963
  step 1350/1999 best 13.884
  step 1400/1999 best 13.940
  step 1450/1999 best 13.899
  step 1500/1999 best 14.016
  step 1550/1999 best 13.990
  step 1600/1999 best 13.829
  step 1650/1999 best 14.010
  step 1700/1999 best 13.980
  step 1750/1999 best 13.929
  step 1800/1999 best 14.019
  step 1850/1999 best 13.959
  step 1900/1999 best 13.966
  step 1950/1999 best 13.994
saved SBC_CHAINS_cnn_vmim__n1_jitter_seed_s0_sim734_row683953_noise7681_7860_8039 (240000, 4) acc=0.483
  step 0/1999 best -15.780
  step 50/1999 best -3.339
  step 100/1999 best -0.951
  step 150/1999 best 2.143
  step 200/1999 best 4.116
  step 250/1999 best 5.157
  step 300/1999 best 12.581
  step 350/1999 best 13.526
  step 400/1999 best 14.068
  step 450/1999 best 13.567
  step 500/1999 best 14.071
  step 550/1999 best 14.714
  step 600/1999 best 14.241
  step 650/1999 best 14.674
  step 700/1999 best 14.319
  step 750/1999 best 14.574
  step 800/1999 best 14.621
  step 850/1999 best 14.463
  step 900/1999 best 14.574
  step 950/1999 best 14.642
  step 1000/1999 best 14.589
  step 1050/1999 best 14.407
  step 1100/1999 best 14.632
  step 1150/1999 best 14.614
  step 1200/1999 best 14.568
  step 1250/1999 best 14.433
  step 1300/1999 best 14.501
  step 1350/1999 best 14.597
  step 1400/1999 best 14.523
  step 1450/1999 best 14.567
  step 1500/1999 best 14.700
  step 1550/1999 best 14.564
  step 1600/1999 best 14.555
  step 1650/1999 best 14.392
  step 1700/1999 best 14.687
  step 1750/1999 best 14.637
  step 1800/1999 best 14.665
  step 1850/1999 best 14.578
  step 1900/1999 best 14.542
  step 1950/1999 best 14.614
saved SBC_CHAINS_cnn_vmim__n1_jitter_seed_s0_sim2062_row1672940_noise8888_9067_9246 (240000, 4) acc=0.166
  step 0/1999 best -22.834
  step 50/1999 best 8.203
  step 100/1999 best 7.812
  step 150/1999 best 11.540
  step 200/1999 best 13.048
  step 250/1999 best 13.065
  step 300/1999 best 13.161
  step 350/1999 best 13.414
  step 400/1999 best 13.257
  step 450/1999 best 13.291
  step 500/1999 best 13.345
  step 550/1999 best 13.289
  step 600/1999 best 13.280
  step 650/1999 best 13.332
  step 700/1999 best 13.323
  step 750/1999 best 13.233
  step 800/1999 best 13.404
  step 850/1999 best 13.224
  step 900/1999 best 13.354
  step 950/1999 best 13.355
  step 1000/1999 best 13.285
  step 1050/1999 best 13.089
  step 1100/1999 best 13.289
  step 1150/1999 best 13.194
  step 1200/1999 best 13.337
  step 1250/1999 best 13.405
  step 1300/1999 best 13.275
  step 1350/1999 best 13.280
  step 1400/1999 best 13.319
  step 1450/1999 best 13.403
  step 1500/1999 best 13.338
  step 1550/1999 best 13.296
  step 1600/1999 best 13.327
  step 1650/1999 best 13.333
  step 1700/1999 best 13.293
  step 1750/1999 best 13.296
  step 1800/1999 best 13.389
  step 1850/1999 best 13.358
  step 1900/1999 best 13.423
  step 1950/1999 best 13.399
saved SBC_CHAINS_cnn_vmim__n1_jitter_seed_s0_sim1423_row1205915_noise8683_8862_9041 (240000, 4) acc=0.216
  step 0/1999 best -13.496
  step 50/1999 best -2.597
  step 100/1999 best -0.934
  step 150/1999 best 10.428
  step 200/1999 best 11.499
  step 250/1999 best 11.691
  step 300/1999 best 11.749
  step 350/1999 best 11.661
  step 400/1999 best 11.658
  step 450/1999 best 11.718
  step 500/1999 best 11.525
  step 550/1999 best 11.688
  step 600/1999 best 11.658
  step 650/1999 best 11.641
  step 700/1999 best 11.759
  step 750/1999 best 11.748
  step 800/1999 best 11.778
  step 850/1999 best 11.736
  step 900/1999 best 11.609
  step 950/1999 best 11.773
  step 1000/1999 best 11.749
  step 1050/1999 best 11.793
  step 1100/1999 best 11.723
  step 1150/1999 best 11.679
  step 1200/1999 best 11.715
  step 1250/1999 best 11.752
  step 1300/1999 best 11.570
  step 1350/1999 best 11.749
  step 1400/1999 best 11.711
  step 1450/1999 best 11.681
  step 1500/1999 best 11.795
  step 1550/1999 best 11.678
  step 1600/1999 best 11.652
  step 1650/1999 best 11.713
  step 1700/1999 best 11.722
  step 1750/1999 best 11.766
  step 1800/1999 best 11.771
  step 1850/1999 best 11.729
  step 1900/1999 best 11.783
  step 1950/1999 best 11.694
saved SBC_CHAINS_cnn_vmim__n1_jitter_seed_s0_sim3057_row2652484_noise976_1155_1334 (240000, 4) acc=0.385
  step 0/1999 best -20.957
  step 50/1999 best 12.063
  step 100/1999 best 13.777
  step 150/1999 best 14.310
  step 200/1999 best 14.339
  step 250/1999 best 14.423
  step 300/1999 best 14.490
  step 350/1999 best 14.281
  step 400/1999 best 14.406
  step 450/1999 best 14.474
  step 500/1999 best 14.488
  step 550/1999 best 14.302
  step 600/1999 best 14.402
  step 650/1999 best 14.202
  step 700/1999 best 14.435
  step 750/1999 best 14.437
  step 800/1999 best 14.434
  step 850/1999 best 14.465
  step 900/1999 best 14.380
  step 950/1999 best 14.325
  step 1000/1999 best 14.400
  step 1050/1999 best 14.374
  step 1100/1999 best 14.378
  step 1150/1999 best 14.405
  step 1200/1999 best 14.417
  step 1250/1999 best 14.393
  step 1300/1999 best 14.367
  step 1350/1999 best 14.284
  step 1400/1999 best 14.486
  step 1450/1999 best 14.436
  step 1500/1999 best 14.392
  step 1550/1999 best 14.516
  step 1600/1999 best 14.496
  step 1650/1999 best 14.344
  step 1700/1999 best 14.475
  step 1750/1999 best 14.340
  step 1800/1999 best 14.397
  step 1850/1999 best 14.383
  step 1900/1999 best 14.242
  step 1950/1999 best 14.391
saved SBC_CHAINS_cnn_vmim__n1_jitter_seed_s0_sim1929_row1540493_noise3205_3384_3563 (240000, 4) acc=0.428
  step 0/1999 best -5.558
  step 50/1999 best 5.965
  step 100/1999 best 11.577
  step 150/1999 best 12.150
  step 200/1999 best 11.822
  step 250/1999 best 12.282
  step 300/1999 best 12.190
  step 350/1999 best 12.122
  step 400/1999 best 12.201
  step 450/1999 best 12.216
  step 500/1999 best 12.225
  step 550/1999 best 12.075
  step 600/1999 best 12.285
  step 650/1999 best 12.178
  step 700/1999 best 12.163
  step 750/1999 best 12.189
  step 800/1999 best 12.115
  step 850/1999 best 12.101
  step 900/1999 best 12.225
  step 950/1999 best 12.261
  step 1000/1999 best 12.082
  step 1050/1999 best 12.250
  step 1100/1999 best 12.278
  step 1150/1999 best 12.188
  step 1200/1999 best 12.240
  step 1250/1999 best 12.229
  step 1300/1999 best 12.121
  step 1350/1999 best 12.115
  step 1400/1999 best 12.244
  step 1450/1999 best 12.201
  step 1500/1999 best 12.221
  step 1550/1999 best 12.285
  step 1600/1999 best 12.215
  step 1650/1999 best 12.186
  step 1700/1999 best 12.124
  step 1750/1999 best 12.264
  step 1800/1999 best 12.125
  step 1850/1999 best 12.127
  step 1900/1999 best 12.160
  step 1950/1999 best 12.025
saved SBC_CHAINS_cnn_vmim__n1_jitter_seed_s0_sim1772_row1524181_noise3141_3320_3499 (240000, 4) acc=0.363
  step 0/1999 best -12.374
  step 50/1999 best 3.739
  step 100/1999 best 8.300
  step 150/1999 best 9.240
  step 200/1999 best 9.490
  step 250/1999 best 9.233
  step 300/1999 best 9.859
  step 350/1999 best 9.686
  step 400/1999 best 9.942
  step 450/1999 best 10.081
  step 500/1999 best 9.945
  step 550/1999 best 9.725
  step 600/1999 best 9.884
  step 650/1999 best 9.993
  step 700/1999 best 10.045
  step 750/1999 best 9.971
  step 800/1999 best 9.892
  step 850/1999 best 9.972
  step 900/1999 best 10.024
  step 950/1999 best 9.952
  step 1000/1999 best 10.069
  step 1050/1999 best 10.018
  step 1100/1999 best 9.941
  step 1150/1999 best 10.012
  step 1200/1999 best 10.035
  step 1250/1999 best 9.989
  step 1300/1999 best 10.021
  step 1350/1999 best 10.037
  step 1400/1999 best 9.925
  step 1450/1999 best 10.042
  step 1500/1999 best 9.812
  step 1550/1999 best 10.044
  step 1600/1999 best 10.015
  step 1650/1999 best 9.896
  step 1700/1999 best 10.064
  step 1750/1999 best 9.939
  step 1800/1999 best 9.961
  step 1850/1999 best 10.004
  step 1900/1999 best 9.900
  step 1950/1999 best 10.026
saved SBC_CHAINS_cnn_vmim__n1_jitter_seed_s0_sim991_row940679_noise8879_9058_9237 (240000, 4) acc=0.189
  step 0/1999 best -7.713
  step 50/1999 best 14.118
  step 100/1999 best 15.613
  step 150/1999 best 15.646
  step 200/1999 best 15.751
  step 250/1999 best 15.567
  step 300/1999 best 15.859
  step 350/1999 best 15.765
  step 400/1999 best 15.589
  step 450/1999 best 15.789
  step 500/1999 best 15.834
  step 550/1999 best 15.784
  step 600/1999 best 15.803
  step 650/1999 best 15.720
  step 700/1999 best 15.724
  step 750/1999 best 15.660
  step 800/1999 best 15.823
  step 850/1999 best 15.712
  step 900/1999 best 15.797
  step 950/1999 best 15.831
  step 1000/1999 best 15.654
  step 1050/1999 best 15.743
  step 1100/1999 best 15.794
  step 1150/1999 best 15.757
  step 1200/1999 best 15.830
  step 1250/1999 best 15.780
  step 1300/1999 best 15.813
  step 1350/1999 best 15.752
  step 1400/1999 best 15.828
  step 1450/1999 best 15.628
  step 1500/1999 best 15.792
  step 1550/1999 best 15.811
  step 1600/1999 best 15.808
  step 1650/1999 best 15.800
  step 1700/1999 best 15.835
  step 1750/1999 best 15.803
  step 1800/1999 best 15.841
  step 1850/1999 best 15.798
  step 1900/1999 best 15.691
  step 1950/1999 best 15.743
saved SBC_CHAINS_cnn_vmim__n1_jitter_seed_s0_sim1280_row1097647_noise3007_3186_3365 (240000, 4) acc=0.377
  step 0/1999 best -14.820
  step 50/1999 best 1.143
  step 100/1999 best 9.750
  step 150/1999 best 14.115
  step 200/1999 best 13.924
  step 250/1999 best 14.137
  step 300/1999 best 14.338
  step 350/1999 best 14.098
  step 400/1999 best 14.199
  step 450/1999 best 14.295
  step 500/1999 best 14.314
  step 550/1999 best 14.224
  step 600/1999 best 14.300
  step 650/1999 best 14.155
  step 700/1999 best 14.267
  step 750/1999 best 14.205
  step 800/1999 best 14.286
  step 850/1999 best 14.375
  step 900/1999 best 14.228
  step 950/1999 best 14.266
  step 1000/1999 best 14.336
  step 1050/1999 best 14.303
  step 1100/1999 best 14.299
  step 1150/1999 best 14.124
  step 1200/1999 best 14.329
  step 1250/1999 best 14.313
  step 1300/1999 best 14.313
  step 1350/1999 best 14.351
  step 1400/1999 best 14.257
  step 1450/1999 best 14.352
  step 1500/1999 best 14.397
  step 1550/1999 best 14.289
  step 1600/1999 best 14.156
  step 1650/1999 best 14.189
  step 1700/1999 best 14.281
  step 1750/1999 best 14.333
  step 1800/1999 best 14.319
  step 1850/1999 best 14.175
  step 1900/1999 best 14.312
  step 1950/1999 best 14.365
saved SBC_CHAINS_cnn_vmim__n1_jitter_seed_s0_sim2067_row1677518_noise3638_3817_3996 (240000, 4) acc=0.297
  step 0/1999 best -25.731
  step 50/1999 best -1.481
  step 100/1999 best 10.140
  step 150/1999 best 10.354
  step 200/1999 best 10.159
  step 250/1999 best 10.978
  step 300/1999 best 11.114
  step 350/1999 best 10.979
  step 400/1999 best 11.039
  step 450/1999 best 11.356
  step 500/1999 best 11.222
  step 550/1999 best 11.209
  step 600/1999 best 11.239
  step 650/1999 best 11.210
  step 700/1999 best 11.279
  step 750/1999 best 11.164
  step 800/1999 best 11.386
  step 850/1999 best 11.312
  step 900/1999 best 11.408
  step 950/1999 best 11.199
  step 1000/1999 best 11.188
  step 1050/1999 best 11.310
  step 1100/1999 best 11.172
  step 1150/1999 best 11.406
  step 1200/1999 best 11.382
  step 1250/1999 best 11.405
  step 1300/1999 best 11.337
  step 1350/1999 best 11.400
  step 1400/1999 best 11.213
  step 1450/1999 best 11.370
  step 1500/1999 best 11.404
  step 1550/1999 best 11.396
  step 1600/1999 best 11.351
  step 1650/1999 best 11.201
  step 1700/1999 best 11.375
  step 1750/1999 best 11.250
  step 1800/1999 best 11.427
  step 1850/1999 best 11.383
  step 1900/1999 best 11.426
  step 1950/1999 best 11.365
saved SBC_CHAINS_cnn_vmim__n1_jitter_seed_s0_sim2521_row2120982_noise6014_6193_6372 (240000, 4) acc=0.235
  step 0/1999 best -15.480
  step 50/1999 best -1.248
  step 100/1999 best 9.531
  step 150/1999 best 13.508
  step 200/1999 best 12.179
  step 250/1999 best 13.088
  step 300/1999 best 13.878
  step 350/1999 best 13.521
  step 400/1999 best 13.657
  step 450/1999 best 13.854
  step 500/1999 best 13.956
  step 550/1999 best 13.702
  step 600/1999 best 13.869
  step 650/1999 best 13.963
  step 700/1999 best 13.930
  step 750/1999 best 13.944
  step 800/1999 best 13.896
  step 850/1999 best 14.022
  step 900/1999 best 13.966
  step 950/1999 best 13.957
  step 1000/1999 best 13.877
  step 1050/1999 best 13.942
  step 1100/1999 best 13.922
  step 1150/1999 best 13.954
  step 1200/1999 best 13.990
  step 1250/1999 best 13.888
  step 1300/1999 best 13.660
  step 1350/1999 best 13.917
  step 1400/1999 best 13.991
  step 1450/1999 best 13.850
  step 1500/1999 best 13.871
  step 1550/1999 best 13.914
  step 1600/1999 best 13.966
  step 1650/1999 best 13.983
  step 1700/1999 best 13.940
  step 1750/1999 best 13.795
  step 1800/1999 best 13.909
  step 1850/1999 best 13.850
  step 1900/1999 best 13.947
  step 1950/1999 best 13.877
saved SBC_CHAINS_cnn_vmim__n1_jitter_seed_s0_sim1339_row1148093_noise2485_2664_2843 (240000, 4) acc=0.219
  step 0/1999 best -16.898
  step 50/1999 best 0.816
  step 100/1999 best 5.891
  step 150/1999 best 6.718
  step 200/1999 best 12.537
  step 250/1999 best 12.826
  step 300/1999 best 12.308
  step 350/1999 best 12.965
  step 400/1999 best 13.419
  step 450/1999 best 13.432
  step 500/1999 best 13.664
  step 550/1999 best 13.551
  step 600/1999 best 13.528
  step 650/1999 best 13.666
  step 700/1999 best 13.619
  step 750/1999 best 13.373
  step 800/1999 best 13.656
  step 850/1999 best 13.430
  step 900/1999 best 13.684
  step 950/1999 best 13.591
  step 1000/1999 best 13.543
  step 1050/1999 best 13.692
  step 1100/1999 best 13.393
  step 1150/1999 best 13.537
  step 1200/1999 best 13.426
  step 1250/1999 best 13.624
  step 1300/1999 best 13.704
  step 1350/1999 best 13.642
  step 1400/1999 best 13.610
  step 1450/1999 best 13.549
  step 1500/1999 best 13.413
  step 1550/1999 best 13.630
  step 1600/1999 best 13.555
  step 1650/1999 best 13.616
  step 1700/1999 best 13.648
  step 1750/1999 best 13.592
  step 1800/1999 best 13.587
  step 1850/1999 best 13.666
  step 1900/1999 best 13.683
  step 1950/1999 best 13.676
saved SBC_CHAINS_cnn_vmim__n1_jitter_seed_s0_sim2362_row1961136_noise3416_3595_3774 (240000, 4) acc=0.232
  step 0/1999 best -13.997
  step 50/1999 best 1.838
  step 100/1999 best 10.783
  step 150/1999 best 11.032
  step 200/1999 best 10.814
  step 250/1999 best 10.843
  step 300/1999 best 11.102
  step 350/1999 best 10.988
  step 400/1999 best 11.138
  step 450/1999 best 11.189
  step 500/1999 best 11.111
  step 550/1999 best 11.042
  step 600/1999 best 11.111
  step 650/1999 best 11.056
  step 700/1999 best 10.917
  step 750/1999 best 11.163
  step 800/1999 best 11.081
  step 850/1999 best 11.168
  step 900/1999 best 10.965
  step 950/1999 best 10.996
  step 1000/1999 best 11.083
  step 1050/1999 best 11.068
  step 1100/1999 best 11.081
  step 1150/1999 best 10.997
  step 1200/1999 best 11.003
  step 1250/1999 best 11.087
  step 1300/1999 best 11.052
  step 1350/1999 best 11.134
  step 1400/1999 best 10.990
  step 1450/1999 best 10.928
  step 1500/1999 best 11.014
  step 1550/1999 best 11.115
  step 1600/1999 best 10.919
  step 1650/1999 best 11.076
  step 1700/1999 best 11.150
  step 1750/1999 best 11.013
  step 1800/1999 best 11.116
  step 1850/1999 best 11.027
  step 1900/1999 best 11.145
  step 1950/1999 best 11.130
saved SBC_CHAINS_cnn_vmim__n1_jitter_seed_s0_sim2600_row2199131_noise5539_5718_5897 (240000, 4) acc=0.283
  step 0/1999 best -27.679
  step 50/1999 best 4.566
  step 100/1999 best 8.162
  step 150/1999 best 10.265
  step 200/1999 best 11.394
  step 250/1999 best 11.628
  step 300/1999 best 11.684
  step 350/1999 best 11.607
  step 400/1999 best 11.606
  step 450/1999 best 11.676
  step 500/1999 best 11.634
  step 550/1999 best 11.675
  step 600/1999 best 11.528
  step 650/1999 best 11.615
  step 700/1999 best 11.645
  step 750/1999 best 11.634
  step 800/1999 best 11.585
  step 850/1999 best 11.659
  step 900/1999 best 11.627
  step 950/1999 best 11.726
  step 1000/1999 best 11.692
  step 1050/1999 best 11.665
  step 1100/1999 best 11.732
  step 1150/1999 best 11.665
  step 1200/1999 best 11.736
  step 1250/1999 best 11.685
  step 1300/1999 best 11.695
  step 1350/1999 best 11.744
  step 1400/1999 best 11.603
  step 1450/1999 best 11.542
  step 1500/1999 best 11.660
  step 1550/1999 best 11.607
  step 1600/1999 best 11.680
  step 1650/1999 best 11.652
  step 1700/1999 best 11.584
  step 1750/1999 best 11.703
  step 1800/1999 best 11.674
  step 1850/1999 best 11.713
  step 1900/1999 best 11.605
  step 1950/1999 best 11.632
saved SBC_CHAINS_cnn_vmim__n1_jitter_seed_s0_sim2912_row2507711_noise3623_3802_3981 (240000, 4) acc=0.393
  step 0/1999 best -21.686
  step 50/1999 best -1.828
  step 100/1999 best 9.562
  step 150/1999 best 13.143
  step 200/1999 best 13.484
  step 250/1999 best 14.836
  step 300/1999 best 15.017
  step 350/1999 best 15.217
  step 400/1999 best 15.100
  step 450/1999 best 15.077
  step 500/1999 best 15.031
  step 550/1999 best 14.853
  step 600/1999 best 15.123
  step 650/1999 best 15.087
  step 700/1999 best 15.091
  step 750/1999 best 15.129
  step 800/1999 best 15.113
  step 850/1999 best 15.116
  step 900/1999 best 15.097
  step 950/1999 best 15.174
  step 1000/1999 best 15.029
  step 1050/1999 best 15.219
  step 1100/1999 best 15.017
  step 1150/1999 best 15.025
  step 1200/1999 best 15.111
  step 1250/1999 best 15.123
  step 1300/1999 best 15.103
  step 1350/1999 best 15.071
  step 1400/1999 best 15.140
  step 1450/1999 best 15.170
  step 1500/1999 best 15.110
  step 1550/1999 best 15.011
  step 1600/1999 best 15.098
  step 1650/1999 best 15.016
  step 1700/1999 best 15.185
  step 1750/1999 best 15.145
  step 1800/1999 best 15.200
  step 1850/1999 best 15.192
  step 1900/1999 best 15.120
  step 1950/1999 best 14.941
saved SBC_CHAINS_cnn_vmim__n1_jitter_seed_s0_sim1743_row1496540_noise3984_4163_4342 (240000, 4) acc=0.284
  step 0/1999 best -23.257
  step 50/1999 best 8.624
  step 100/1999 best 11.680
  step 150/1999 best 13.415
  step 200/1999 best 13.157
  step 250/1999 best 13.444
  step 300/1999 best 13.399
  step 350/1999 best 13.383
  step 400/1999 best 13.375
  step 450/1999 best 13.171
  step 500/1999 best 13.422
  step 550/1999 best 13.356
  step 600/1999 best 13.405
  step 650/1999 best 13.309
  step 700/1999 best 13.333
  step 750/1999 best 13.233
  step 800/1999 best 13.305
  step 850/1999 best 13.373
  step 900/1999 best 13.363
  step 950/1999 best 13.207
  step 1000/1999 best 13.365
  step 1050/1999 best 13.228
  step 1100/1999 best 13.324
  step 1150/1999 best 13.426
  step 1200/1999 best 13.368
  step 1250/1999 best 13.383
  step 1300/1999 best 13.332
  step 1350/1999 best 13.357
  step 1400/1999 best 13.359
  step 1450/1999 best 13.293
  step 1500/1999 best 13.422
  step 1550/1999 best 13.267
  step 1600/1999 best 13.319
  step 1650/1999 best 13.271
  step 1700/1999 best 13.237
  step 1750/1999 best 13.383
  step 1800/1999 best 13.403
  step 1850/1999 best 13.293
  step 1900/1999 best 13.415
  step 1950/1999 best 13.438
saved SBC_CHAINS_cnn_vmim__n1_jitter_seed_s0_sim134_row125432_noise6668_6847_7026 (240000, 4) acc=0.249
  step 0/1999 best -17.208
  step 50/1999 best 7.178
  step 100/1999 best 7.178
  step 150/1999 best 11.008
  step 200/1999 best 13.840
  step 250/1999 best 14.837
  step 300/1999 best 15.150
  step 350/1999 best 15.067
  step 400/1999 best 15.197
  step 450/1999 best 15.077
  step 500/1999 best 15.519
  step 550/1999 best 15.528
  step 600/1999 best 15.332
  step 650/1999 best 15.501
  step 700/1999 best 15.339
  step 750/1999 best 15.355
  step 800/1999 best 15.220
  step 850/1999 best 15.530
  step 900/1999 best 15.378
  step 950/1999 best 15.511
  step 1000/1999 best 15.326
  step 1050/1999 best 15.437
  step 1100/1999 best 15.492
  step 1150/1999 best 15.292
  step 1200/1999 best 15.370
  step 1250/1999 best 15.463
  step 1300/1999 best 15.280
  step 1350/1999 best 15.349
  step 1400/1999 best 15.395
  step 1450/1999 best 15.333
  step 1500/1999 best 15.410
  step 1550/1999 best 15.460
  step 1600/1999 best 15.455
  step 1650/1999 best 15.542
  step 1700/1999 best 15.421
  step 1750/1999 best 15.368
  step 1800/1999 best 15.439
  step 1850/1999 best 15.485
  step 1900/1999 best 15.554
  step 1950/1999 best 15.494
saved SBC_CHAINS_cnn_vmim__n1_jitter_seed_s0_sim1191_row1009348_noise2160_2339_2518 (240000, 4) acc=0.237
  step 0/1999 best -21.879
  step 50/1999 best 12.756
  step 100/1999 best 14.610
  step 150/1999 best 13.481
  step 200/1999 best 14.316
  step 250/1999 best 15.770
  step 300/1999 best 15.258
  step 350/1999 best 15.755
  step 400/1999 best 15.505
  step 450/1999 best 15.492
  step 500/1999 best 15.702
  step 550/1999 best 15.674
  step 600/1999 best 15.603
  step 650/1999 best 15.656
  step 700/1999 best 15.701
  step 750/1999 best 15.824
  step 800/1999 best 15.840
  step 850/1999 best 15.566
  step 900/1999 best 15.571
  step 950/1999 best 15.556
  step 1000/1999 best 15.737
  step 1050/1999 best 15.813
  step 1100/1999 best 15.690
  step 1150/1999 best 15.773
  step 1200/1999 best 15.773
  step 1250/1999 best 15.793
  step 1300/1999 best 15.844
  step 1350/1999 best 15.785
  step 1400/1999 best 15.725
  step 1450/1999 best 15.735
  step 1500/1999 best 15.784
  step 1550/1999 best 15.731
  step 1600/1999 best 15.760
  step 1650/1999 best 15.684
  step 1700/1999 best 15.643
  step 1750/1999 best 15.634
  step 1800/1999 best 15.727
  step 1850/1999 best 15.640
  step 1900/1999 best 15.520
  step 1950/1999 best 15.757
saved SBC_CHAINS_cnn_vmim__n1_jitter_seed_s0_sim1438_row1220673_noise3785_3964_4143 (240000, 4) acc=0.185
  step 0/1999 best -19.108
  step 50/1999 best 5.072
  step 100/1999 best 6.000
  step 150/1999 best 6.072
  step 200/1999 best 4.881
  step 250/1999 best 12.214
  step 300/1999 best 12.533
  step 350/1999 best 11.468
  step 400/1999 best 13.720
  step 450/1999 best 13.536
  step 500/1999 best 13.440
  step 550/1999 best 13.857
  step 600/1999 best 13.661
  step 650/1999 best 13.619
  step 700/1999 best 13.725
  step 750/1999 best 13.818
  step 800/1999 best 13.921
  step 850/1999 best 13.906
  step 900/1999 best 13.779
  step 950/1999 best 13.777
  step 1000/1999 best 13.914
  step 1050/1999 best 13.958
  step 1100/1999 best 13.841
  step 1150/1999 best 13.853
  step 1200/1999 best 13.934
  step 1250/1999 best 13.734
  step 1300/1999 best 13.951
  step 1350/1999 best 13.598
  step 1400/1999 best 13.735
  step 1450/1999 best 13.809
  step 1500/1999 best 13.799
  step 1550/1999 best 13.874
  step 1600/1999 best 13.833
  step 1650/1999 best 13.974
  step 1700/1999 best 13.765
  step 1750/1999 best 13.924
  step 1800/1999 best 13.789
  step 1850/1999 best 13.665
  step 1900/1999 best 13.922
  step 1950/1999 best 13.794
saved SBC_CHAINS_cnn_vmim__n1_jitter_seed_s0_sim368_row354024_noise4388_4567_4746 (240000, 4) acc=0.212
  step 0/1999 best -24.327
  step 50/1999 best -1.274
  step 100/1999 best 13.630
  step 150/1999 best 14.371
  step 200/1999 best 14.290
  step 250/1999 best 14.579
  step 300/1999 best 14.564
  step 350/1999 best 14.647
  step 400/1999 best 14.662
  step 450/1999 best 14.635
  step 500/1999 best 14.634
  step 550/1999 best 14.633
  step 600/1999 best 14.535
  step 650/1999 best 14.584
  step 700/1999 best 14.594
  step 750/1999 best 14.655
  step 800/1999 best 14.493
  step 850/1999 best 14.572
  step 900/1999 best 14.621
  step 950/1999 best 14.528
  step 1000/1999 best 14.563
  step 1050/1999 best 14.604
  step 1100/1999 best 14.688
  step 1150/1999 best 14.490
  step 1200/1999 best 14.580
  step 1250/1999 best 14.513
  step 1300/1999 best 14.614
  step 1350/1999 best 14.618
  step 1400/1999 best 14.561
  step 1450/1999 best 14.612
  step 1500/1999 best 14.551
  step 1550/1999 best 14.543
  step 1600/1999 best 14.577
  step 1650/1999 best 14.521
  step 1700/1999 best 14.664
  step 1750/1999 best 14.548
  step 1800/1999 best 14.581
  step 1850/1999 best 14.633
  step 1900/1999 best 14.510
  step 1950/1999 best 14.663
saved SBC_CHAINS_cnn_vmim__n1_jitter_seed_s0_sim891_row840743_noise7223_7402_7581 (240000, 4) acc=0.374
  step 0/1999 best -15.450
  step 50/1999 best 12.959
  step 100/1999 best 11.646
  step 150/1999 best 13.303
  step 200/1999 best 13.691
  step 250/1999 best 13.813
  step 300/1999 best 13.884
  step 350/1999 best 13.864
  step 400/1999 best 13.894
  step 450/1999 best 13.739
  step 500/1999 best 13.805
  step 550/1999 best 13.870
  step 600/1999 best 13.900
  step 650/1999 best 13.838
  step 700/1999 best 13.803
  step 750/1999 best 13.962
  step 800/1999 best 13.822
  step 850/1999 best 13.874
  step 900/1999 best 13.971
  step 950/1999 best 13.943
  step 1000/1999 best 13.847
  step 1050/1999 best 13.830
  step 1100/1999 best 13.961
  step 1150/1999 best 13.930
  step 1200/1999 best 13.897
  step 1250/1999 best 13.916
  step 1300/1999 best 13.884
  step 1350/1999 best 13.858
  step 1400/1999 best 13.920
  step 1450/1999 best 13.867
  step 1500/1999 best 13.849
  step 1550/1999 best 13.813
  step 1600/1999 best 13.944
  step 1650/1999 best 13.751
  step 1700/1999 best 13.969
  step 1750/1999 best 13.859
  step 1800/1999 best 13.885
  step 1850/1999 best 13.958
  step 1900/1999 best 13.890
  step 1950/1999 best 13.845
saved SBC_CHAINS_cnn_vmim__n1_jitter_seed_s0_sim795_row744293_noise9053_9232_9411 (240000, 4) acc=0.356
  step 0/1999 best -29.583
  step 50/1999 best 0.111
  step 100/1999 best 10.375
  step 150/1999 best 10.817
  step 200/1999 best 10.804
  step 250/1999 best 10.666
  step 300/1999 best 10.800
  step 350/1999 best 10.681
  step 400/1999 best 10.598
  step 450/1999 best 10.823
  step 500/1999 best 10.788
  step 550/1999 best 10.577
  step 600/1999 best 10.770
  step 650/1999 best 10.678
  step 700/1999 best 10.804
  step 750/1999 best 10.777
  step 800/1999 best 10.817
  step 850/1999 best 10.722
  step 900/1999 best 10.775
  step 950/1999 best 10.696
  step 1000/1999 best 10.701
  step 1050/1999 best 10.815
  step 1100/1999 best 10.723
  step 1150/1999 best 10.798
  step 1200/1999 best 10.662
  step 1250/1999 best 10.794
  step 1300/1999 best 10.686
  step 1350/1999 best 10.767
  step 1400/1999 best 10.744
  step 1450/1999 best 10.702
  step 1500/1999 best 10.708
  step 1550/1999 best 10.761
  step 1600/1999 best 10.804
  step 1650/1999 best 10.781
  step 1700/1999 best 10.835
  step 1750/1999 best 10.684
  step 1800/1999 best 10.834
  step 1850/1999 best 10.796
  step 1900/1999 best 10.833
  step 1950/1999 best 10.630
saved SBC_CHAINS_cnn_vmim__n1_jitter_seed_s0_sim2983_row2578593_noise5709_5888_6067 (240000, 4) acc=0.411
  step 0/1999 best -19.845
  step 50/1999 best 4.518
  step 100/1999 best 7.514
  step 150/1999 best 12.102
  step 200/1999 best 12.589
  step 250/1999 best 13.771
  step 300/1999 best 13.845
  step 350/1999 best 13.901
  step 400/1999 best 13.818
  step 450/1999 best 13.880
  step 500/1999 best 13.972
  step 550/1999 best 13.890
  step 600/1999 best 13.973
  step 650/1999 best 13.967
  step 700/1999 best 14.027
  step 750/1999 best 14.041
  step 800/1999 best 13.928
  step 850/1999 best 14.019
  step 900/1999 best 13.914
  step 950/1999 best 13.764
  step 1000/1999 best 14.080
  step 1050/1999 best 13.966
  step 1100/1999 best 14.036
  step 1150/1999 best 13.972
  step 1200/1999 best 13.990
  step 1250/1999 best 14.079
  step 1300/1999 best 13.903
  step 1350/1999 best 13.907
  step 1400/1999 best 13.735
  step 1450/1999 best 13.958
  step 1500/1999 best 14.010
  step 1550/1999 best 14.048
  step 1600/1999 best 14.053
  step 1650/1999 best 14.033
  step 1700/1999 best 13.928
  step 1750/1999 best 13.947
  step 1800/1999 best 14.012
  step 1850/1999 best 13.970
  step 1900/1999 best 14.023
  step 1950/1999 best 13.961
saved SBC_CHAINS_cnn_vmim__n1_jitter_seed_s0_sim2372_row1971182_noise3634_3813_3992 (240000, 4) acc=0.339
  step 0/1999 best -15.978
  step 50/1999 best -3.128
  step 100/1999 best -2.461
  step 150/1999 best 9.460
  step 200/1999 best 10.087
  step 250/1999 best 9.686
  step 300/1999 best 10.657
  step 350/1999 best 11.028
  step 400/1999 best 11.016
  step 450/1999 best 10.996
  step 500/1999 best 11.063
  step 550/1999 best 11.025
  step 600/1999 best 11.071
  step 650/1999 best 11.082
  step 700/1999 best 10.967
  step 750/1999 best 11.116
  step 800/1999 best 11.127
  step 850/1999 best 11.187
  step 900/1999 best 10.972
  step 950/1999 best 11.113
  step 1000/1999 best 11.155
  step 1050/1999 best 11.058
  step 1100/1999 best 11.087
  step 1150/1999 best 11.097
  step 1200/1999 best 11.225
  step 1250/1999 best 11.146
  step 1300/1999 best 11.048
  step 1350/1999 best 11.146
  step 1400/1999 best 11.217
  step 1450/1999 best 11.129
  step 1500/1999 best 10.952
  step 1550/1999 best 11.019
  step 1600/1999 best 11.006
  step 1650/1999 best 10.955
  step 1700/1999 best 11.125
  step 1750/1999 best 11.117
  step 1800/1999 best 11.185
  step 1850/1999 best 11.050
  step 1900/1999 best 11.151
  step 1950/1999 best 11.112
saved SBC_CHAINS_cnn_vmim__n1_jitter_seed_s0_sim2509_row2108484_noise3344_3523_3702 (240000, 4) acc=0.233
  step 0/1999 best -24.803
  step 50/1999 best -2.543
  step 100/1999 best 10.819
  step 150/1999 best 12.609
  step 200/1999 best 12.835
  step 250/1999 best 12.898
  step 300/1999 best 12.906
  step 350/1999 best 12.726
  step 400/1999 best 12.816
  step 450/1999 best 12.843
  step 500/1999 best 12.802
  step 550/1999 best 12.847
  step 600/1999 best 12.848
  step 650/1999 best 12.654
  step 700/1999 best 12.789
  step 750/1999 best 12.917
  step 800/1999 best 12.891
  step 850/1999 best 12.858
  step 900/1999 best 12.845
  step 950/1999 best 12.917
  step 1000/1999 best 12.733
  step 1050/1999 best 12.845
  step 1100/1999 best 12.913
  step 1150/1999 best 12.923
  step 1200/1999 best 12.830
  step 1250/1999 best 12.804
  step 1300/1999 best 12.839
  step 1350/1999 best 12.847
  step 1400/1999 best 12.871
  step 1450/1999 best 12.910
  step 1500/1999 best 12.751
  step 1550/1999 best 12.728
  step 1600/1999 best 12.880
  step 1650/1999 best 12.863
  step 1700/1999 best 12.928
  step 1750/1999 best 12.902
  step 1800/1999 best 12.872
  step 1850/1999 best 12.803
  step 1900/1999 best 12.819
  step 1950/1999 best 12.959
saved SBC_CHAINS_cnn_vmim__n1_jitter_seed_s0_sim1999_row1610031_noise3947_4126_4305 (240000, 4) acc=0.230
  step 0/1999 best -21.343
  step 50/1999 best 5.739
  step 100/1999 best 12.498
  step 150/1999 best 14.562
  step 200/1999 best 14.542
  step 250/1999 best 14.838
  step 300/1999 best 15.169
  step 350/1999 best 14.927
  step 400/1999 best 15.197
  step 450/1999 best 15.212
  step 500/1999 best 15.191
  step 550/1999 best 15.237
  step 600/1999 best 15.290
  step 650/1999 best 15.154
  step 700/1999 best 15.335
  step 750/1999 best 15.316
  step 800/1999 best 15.309
  step 850/1999 best 15.303
  step 900/1999 best 15.201
  step 950/1999 best 15.265
  step 1000/1999 best 15.304
  step 1050/1999 best 15.272
  step 1100/1999 best 15.199
  step 1150/1999 best 15.333
  step 1200/1999 best 15.207
  step 1250/1999 best 15.222
  step 1300/1999 best 15.330
  step 1350/1999 best 15.357
  step 1400/1999 best 15.189
  step 1450/1999 best 15.108
  step 1500/1999 best 15.316
  step 1550/1999 best 15.315
  step 1600/1999 best 15.191
  step 1650/1999 best 15.262
  step 1700/1999 best 15.240
  step 1750/1999 best 15.229
  step 1800/1999 best 15.309
  step 1850/1999 best 15.233
  step 1900/1999 best 15.226
  step 1950/1999 best 15.221
saved SBC_CHAINS_cnn_vmim__n1_jitter_seed_s0_sim1977_row1588921_noise2493_2672_2851 (240000, 4) acc=0.226
  step 0/1999 best -14.614
  step 50/1999 best -0.415
  step 100/1999 best 10.472
  step 150/1999 best 10.469
  step 200/1999 best 10.922
  step 250/1999 best 11.085
  step 300/1999 best 11.181
  step 350/1999 best 10.950
  step 400/1999 best 11.202
  step 450/1999 best 11.244
  step 500/1999 best 11.195
  step 550/1999 best 11.241
  step 600/1999 best 10.990
  step 650/1999 best 11.172
  step 700/1999 best 11.196
  step 750/1999 best 11.144
  step 800/1999 best 11.236
  step 850/1999 best 11.208
  step 900/1999 best 11.101
  step 950/1999 best 11.228
  step 1000/1999 best 11.220
  step 1050/1999 best 11.245
  step 1100/1999 best 11.282
  step 1150/1999 best 11.234
  step 1200/1999 best 11.224
  step 1250/1999 best 11.168
  step 1300/1999 best 11.178
  step 1350/1999 best 11.242
  step 1400/1999 best 11.098
  step 1450/1999 best 11.279
  step 1500/1999 best 11.131
  step 1550/1999 best 11.192
  step 1600/1999 best 11.213
  step 1650/1999 best 11.170
  step 1700/1999 best 11.217
  step 1750/1999 best 11.216
  step 1800/1999 best 11.214
  step 1850/1999 best 11.198
  step 1900/1999 best 11.257
  step 1950/1999 best 11.039
saved SBC_CHAINS_cnn_vmim__n1_jitter_seed_s0_sim2847_row2442306_noise7014_7193_7372 (240000, 4) acc=0.346
  step 0/1999 best -29.327
  step 50/1999 best 6.229
  step 100/1999 best 9.411
  step 150/1999 best 11.144
  step 200/1999 best 11.751
  step 250/1999 best 11.833
  step 300/1999 best 11.974
  step 350/1999 best 12.067
  step 400/1999 best 11.992
  step 450/1999 best 12.090
  step 500/1999 best 11.971
  step 550/1999 best 12.001
  step 600/1999 best 11.995
  step 650/1999 best 11.888
  step 700/1999 best 12.086
  step 750/1999 best 12.034
  step 800/1999 best 12.074
  step 850/1999 best 12.159
  step 900/1999 best 12.083
  step 950/1999 best 12.122
  step 1000/1999 best 12.024
  step 1050/1999 best 12.153
  step 1100/1999 best 12.173
  step 1150/1999 best 11.928
  step 1200/1999 best 12.099
  step 1250/1999 best 12.122
  step 1300/1999 best 12.116
  step 1350/1999 best 12.147
  step 1400/1999 best 12.111
  step 1450/1999 best 12.089
  step 1500/1999 best 12.066
  step 1550/1999 best 11.955
  step 1600/1999 best 12.117
  step 1650/1999 best 12.022
  step 1700/1999 best 12.114
  step 1750/1999 best 12.004
  step 1800/1999 best 12.138
  step 1850/1999 best 12.053
  step 1900/1999 best 11.945
  step 1950/1999 best 12.025
saved SBC_CHAINS_cnn_vmim__n1_jitter_seed_s0_sim643_row596087_noise4267_4446_4625 (240000, 4) acc=0.272
  step 0/1999 best -27.211
  step 50/1999 best 6.951
  step 100/1999 best 9.558
  step 150/1999 best 11.816
  step 200/1999 best 11.681
  step 250/1999 best 11.745
  step 300/1999 best 11.746
  step 350/1999 best 11.721
  step 400/1999 best 11.746
  step 450/1999 best 11.815
  step 500/1999 best 11.718
  step 550/1999 best 11.491
  step 600/1999 best 11.591
  step 650/1999 best 11.672
  step 700/1999 best 11.702
  step 750/1999 best 11.722
  step 800/1999 best 11.746
  step 850/1999 best 11.741
  step 900/1999 best 11.673
  step 950/1999 best 11.744
  step 1000/1999 best 11.822
  step 1050/1999 best 11.534
  step 1100/1999 best 11.732
  step 1150/1999 best 11.674
  step 1200/1999 best 11.572
  step 1250/1999 best 11.826
  step 1300/1999 best 11.723
  step 1350/1999 best 11.750
  step 1400/1999 best 11.753
  step 1450/1999 best 11.690
  step 1500/1999 best 11.820
  step 1550/1999 best 11.790
  step 1600/1999 best 11.680
  step 1650/1999 best 11.763
  step 1700/1999 best 11.724
  step 1750/1999 best 11.729
  step 1800/1999 best 11.666
  step 1850/1999 best 11.758
  step 1900/1999 best 11.731
  step 1950/1999 best 11.768
saved SBC_CHAINS_cnn_vmim__n1_jitter_seed_s0_sim637_row590992_noise9000_9179_9358 (240000, 4) acc=0.259
  step 0/1999 best -15.276
  step 50/1999 best 5.416
  step 100/1999 best 13.431
  step 150/1999 best 15.243
  step 200/1999 best 14.773
  step 250/1999 best 15.294
  step 300/1999 best 15.206
  step 350/1999 best 15.405
  step 400/1999 best 15.229
  step 450/1999 best 15.234
  step 500/1999 best 15.281
  step 550/1999 best 15.305
  step 600/1999 best 15.369
  step 650/1999 best 15.227
  step 700/1999 best 15.202
  step 750/1999 best 15.335
  step 800/1999 best 15.279
  step 850/1999 best 15.250
  step 900/1999 best 15.355
  step 950/1999 best 15.284
  step 1000/1999 best 15.341
  step 1050/1999 best 15.300
  step 1100/1999 best 15.262
  step 1150/1999 best 15.364
  step 1200/1999 best 15.360
  step 1250/1999 best 15.168
  step 1300/1999 best 15.287
  step 1350/1999 best 15.215
  step 1400/1999 best 15.349
  step 1450/1999 best 15.254
  step 1500/1999 best 15.350
  step 1550/1999 best 15.292
  step 1600/1999 best 15.380
  step 1650/1999 best 15.226
  step 1700/1999 best 15.322
  step 1750/1999 best 15.328
  step 1800/1999 best 15.343
  step 1850/1999 best 15.270
  step 1900/1999 best 15.390
  step 1950/1999 best 15.298
saved SBC_CHAINS_cnn_vmim__n1_jitter_seed_s0_sim1306_row1115249_noise8953_9132_9311 (240000, 4) acc=0.235
  step 0/1999 best -30.176
  step 50/1999 best 8.733
  step 100/1999 best 12.103
  step 150/1999 best 13.519
  step 200/1999 best 13.726
  step 250/1999 best 13.794
  step 300/1999 best 13.833
  step 350/1999 best 13.772
  step 400/1999 best 13.799
  step 450/1999 best 13.812
  step 500/1999 best 13.795
  step 550/1999 best 13.805
  step 600/1999 best 13.801
  step 650/1999 best 13.822
  step 700/1999 best 13.774
  step 750/1999 best 13.862
  step 800/1999 best 13.819
  step 850/1999 best 13.864
  step 900/1999 best 13.637
  step 950/1999 best 13.876
  step 1000/1999 best 13.683
  step 1050/1999 best 13.820
  step 1100/1999 best 13.830
  step 1150/1999 best 13.820
  step 1200/1999 best 13.773
  step 1250/1999 best 13.719
  step 1300/1999 best 13.776
  step 1350/1999 best 13.687
  step 1400/1999 best 13.719
  step 1450/1999 best 13.809
  step 1500/1999 best 13.780
  step 1550/1999 best 13.752
  step 1600/1999 best 13.842
  step 1650/1999 best 13.737
  step 1700/1999 best 13.787
  step 1750/1999 best 13.786
  step 1800/1999 best 13.865
  step 1850/1999 best 13.756
  step 1900/1999 best 13.805
  step 1950/1999 best 13.696
saved SBC_CHAINS_cnn_vmim__n1_jitter_seed_s0_sim896_row845749_noise2401_2580_2759 (240000, 4) acc=0.407
  step 0/1999 best -18.031
  step 50/1999 best 9.943
  step 100/1999 best 11.109
  step 150/1999 best 11.726
  step 200/1999 best 11.885
  step 250/1999 best 11.918
  step 300/1999 best 11.884
  step 350/1999 best 12.030
  step 400/1999 best 11.953
  step 450/1999 best 11.897
  step 500/1999 best 11.918
  step 550/1999 best 11.961
  step 600/1999 best 12.027
  step 650/1999 best 12.044
  step 700/1999 best 11.997
  step 750/1999 best 12.044
  step 800/1999 best 12.066
  step 850/1999 best 12.033
  step 900/1999 best 12.001
  step 950/1999 best 11.991
  step 1000/1999 best 12.033
  step 1050/1999 best 11.915
  step 1100/1999 best 11.912
  step 1150/1999 best 11.979
  step 1200/1999 best 11.918
  step 1250/1999 best 11.804
  step 1300/1999 best 11.975
  step 1350/1999 best 11.949
  step 1400/1999 best 12.029
  step 1450/1999 best 11.784
  step 1500/1999 best 11.986
  step 1550/1999 best 12.026
  step 1600/1999 best 12.030
  step 1650/1999 best 11.887
  step 1700/1999 best 11.852
  step 1750/1999 best 12.046
  step 1800/1999 best 12.023
  step 1850/1999 best 11.949
  step 1900/1999 best 12.006
  step 1950/1999 best 11.980
saved SBC_CHAINS_cnn_vmim__n1_jitter_seed_s0_sim2996_row2591552_noise8840_9019_9198 (240000, 4) acc=0.488
  step 0/1999 best -17.416
  step 50/1999 best 8.564
  step 100/1999 best 12.800
  step 150/1999 best 12.412
  step 200/1999 best 14.893
  step 250/1999 best 15.288
  step 300/1999 best 15.407
  step 350/1999 best 15.469
  step 400/1999 best 14.967
  step 450/1999 best 15.471
  step 500/1999 best 15.398
  step 550/1999 best 15.354
  step 600/1999 best 15.390
  step 650/1999 best 15.400
  step 700/1999 best 15.375
  step 750/1999 best 15.409
  step 800/1999 best 15.409
  step 850/1999 best 15.242
  step 900/1999 best 15.292
  step 950/1999 best 15.426
  step 1000/1999 best 15.483
  step 1050/1999 best 15.319
  step 1100/1999 best 15.262
  step 1150/1999 best 15.417
  step 1200/1999 best 15.469
  step 1250/1999 best 15.442
  step 1300/1999 best 15.462
  step 1350/1999 best 15.225
  step 1400/1999 best 15.493
  step 1450/1999 best 15.500
  step 1500/1999 best 15.443
  step 1550/1999 best 15.392
  step 1600/1999 best 15.383
  step 1650/1999 best 15.357
  step 1700/1999 best 15.479
  step 1750/1999 best 15.397
  step 1800/1999 best 15.346
  step 1850/1999 best 15.467
  step 1900/1999 best 15.341
  step 1950/1999 best 15.410
saved SBC_CHAINS_cnn_vmim__n1_jitter_seed_s0_sim357_row343915_noise4107_4286_4465 (240000, 4) acc=0.234
  step 0/1999 best -21.813
  step 50/1999 best -8.312
  step 100/1999 best 3.781
  step 150/1999 best 6.151
  step 200/1999 best 6.621
  step 250/1999 best 8.448
  step 300/1999 best 9.743
  step 350/1999 best 9.222
  step 400/1999 best 9.905
  step 450/1999 best 9.849
  step 500/1999 best 9.841
  step 550/1999 best 10.014
  step 600/1999 best 10.351
  step 650/1999 best 10.242
  step 700/1999 best 10.185
  step 750/1999 best 10.487
  step 800/1999 best 10.490
  step 850/1999 best 10.418
  step 900/1999 best 10.531
  step 950/1999 best 10.376
  step 1000/1999 best 10.242
  step 1050/1999 best 10.527
  step 1100/1999 best 10.503
  step 1150/1999 best 10.403
  step 1200/1999 best 10.464
  step 1250/1999 best 10.323
  step 1300/1999 best 10.223
  step 1350/1999 best 10.407
  step 1400/1999 best 10.492
  step 1450/1999 best 10.384
  step 1500/1999 best 10.260
  step 1550/1999 best 10.167
  step 1600/1999 best 10.242
  step 1650/1999 best 10.360
  step 1700/1999 best 10.292
  step 1750/1999 best 10.371
  step 1800/1999 best 10.418
  step 1850/1999 best 10.361
  step 1900/1999 best 10.437
  step 1950/1999 best 10.360
saved SBC_CHAINS_cnn_vmim__n1_jitter_seed_s0_sim2617_row2216791_noise3543_3722_3901 (240000, 4) acc=0.254
  step 0/1999 best -18.147
  step 50/1999 best 10.282
  step 100/1999 best 11.086
  step 150/1999 best 12.605
  step 200/1999 best 12.647
  step 250/1999 best 12.823
  step 300/1999 best 12.836
  step 350/1999 best 12.834
  step 400/1999 best 12.771
  step 450/1999 best 12.710
  step 500/1999 best 12.723
  step 550/1999 best 12.777
  step 600/1999 best 12.911
  step 650/1999 best 12.885
  step 700/1999 best 12.727
  step 750/1999 best 12.770
  step 800/1999 best 12.903
  step 850/1999 best 12.804
  step 900/1999 best 12.833
  step 950/1999 best 12.655
  step 1000/1999 best 12.866
  step 1050/1999 best 12.872
  step 1100/1999 best 12.815
  step 1150/1999 best 12.904
  step 1200/1999 best 12.918
  step 1250/1999 best 12.803
  step 1300/1999 best 12.756
  step 1350/1999 best 12.906
  step 1400/1999 best 12.865
  step 1450/1999 best 12.827
  step 1500/1999 best 12.907
  step 1550/1999 best 12.874
  step 1600/1999 best 12.878
  step 1650/1999 best 12.824
  step 1700/1999 best 12.882
  step 1750/1999 best 12.840
  step 1800/1999 best 12.826
  step 1850/1999 best 12.771
  step 1900/1999 best 12.827
  step 1950/1999 best 12.859
saved SBC_CHAINS_cnn_vmim__n1_jitter_seed_s0_sim799_row748511_noise3443_3622_3801 (240000, 4) acc=0.401
  step 0/1999 best -17.946
  step 50/1999 best -3.095
  step 100/1999 best 6.248
  step 150/1999 best 10.892
  step 200/1999 best 13.291
  step 250/1999 best 14.795
  step 300/1999 best 14.837
  step 350/1999 best 14.885
  step 400/1999 best 14.817
  step 450/1999 best 14.935
  step 500/1999 best 14.907
  step 550/1999 best 15.009
  step 600/1999 best 14.996
  step 650/1999 best 14.911
  step 700/1999 best 14.877
  step 750/1999 best 14.928
  step 800/1999 best 14.870
  step 850/1999 best 14.891
  step 900/1999 best 14.861
  step 950/1999 best 14.958
  step 1000/1999 best 14.858
  step 1050/1999 best 14.922
  step 1100/1999 best 14.871
  step 1150/1999 best 14.720
  step 1200/1999 best 14.985
  step 1250/1999 best 14.905
  step 1300/1999 best 14.859
  step 1350/1999 best 14.947
  step 1400/1999 best 14.915
  step 1450/1999 best 14.860
  step 1500/1999 best 14.936
  step 1550/1999 best 14.868
  step 1600/1999 best 14.830
  step 1650/1999 best 14.853
  step 1700/1999 best 14.961
  step 1750/1999 best 14.915
  step 1800/1999 best 14.933
  step 1850/1999 best 15.019
  step 1900/1999 best 14.859
  step 1950/1999 best 14.966
saved SBC_CHAINS_cnn_vmim__n1_jitter_seed_s0_sim1737_row1490974_noise8246_8425_8604 (240000, 4) acc=0.323
  step 0/1999 best -12.266
  step 50/1999 best 3.240
  step 100/1999 best 11.452
  step 150/1999 best 12.447
  step 200/1999 best 11.719
  step 250/1999 best 13.151
  step 300/1999 best 13.274
  step 350/1999 best 13.018
  step 400/1999 best 13.087
  step 450/1999 best 13.292
  step 500/1999 best 13.440
  step 550/1999 best 13.443
  step 600/1999 best 13.364
  step 650/1999 best 13.314
  step 700/1999 best 13.242
  step 750/1999 best 13.274
  step 800/1999 best 13.441
  step 850/1999 best 13.315
  step 900/1999 best 13.300
  step 950/1999 best 13.437
  step 1000/1999 best 13.248
  step 1050/1999 best 13.407
  step 1100/1999 best 13.315
  step 1150/1999 best 13.141
  step 1200/1999 best 13.378
  step 1250/1999 best 13.393
  step 1300/1999 best 13.422
  step 1350/1999 best 13.376
  step 1400/1999 best 13.342
  step 1450/1999 best 13.361
  step 1500/1999 best 13.357
  step 1550/1999 best 13.233
  step 1600/1999 best 13.323
  step 1650/1999 best 13.404
  step 1700/1999 best 13.369
  step 1750/1999 best 13.376
  step 1800/1999 best 13.432
  step 1850/1999 best 13.338
  step 1900/1999 best 13.256
  step 1950/1999 best 13.317
saved SBC_CHAINS_cnn_vmim__n1_jitter_seed_s0_sim1539_row1316658_noise6490_6669_6848 (240000, 4) acc=0.253
  step 0/1999 best -12.286
  step 50/1999 best 1.396
  step 100/1999 best 9.246
  step 150/1999 best 13.432
  step 200/1999 best 13.595
  step 250/1999 best 14.160
  step 300/1999 best 14.475
  step 350/1999 best 14.379
  step 400/1999 best 14.363
  step 450/1999 best 14.283
  step 500/1999 best 14.351
  step 550/1999 best 14.320
  step 600/1999 best 14.382
  step 650/1999 best 14.497
  step 700/1999 best 14.322
  step 750/1999 best 14.427
  step 800/1999 best 14.463
  step 850/1999 best 14.488
  step 900/1999 best 14.461
  step 950/1999 best 14.510
  step 1000/1999 best 14.520
  step 1050/1999 best 14.254
  step 1100/1999 best 14.335
  step 1150/1999 best 14.453
  step 1200/1999 best 14.525
  step 1250/1999 best 14.458
  step 1300/1999 best 14.550
  step 1350/1999 best 14.462
  step 1400/1999 best 14.472
  step 1450/1999 best 14.461
  step 1500/1999 best 14.461
  step 1550/1999 best 14.455
  step 1600/1999 best 14.475
  step 1650/1999 best 14.307
  step 1700/1999 best 14.480
  step 1750/1999 best 14.506
  step 1800/1999 best 14.517
  step 1850/1999 best 14.271
  step 1900/1999 best 14.481
  step 1950/1999 best 14.526
saved SBC_CHAINS_cnn_vmim__n1_jitter_seed_s0_sim220_row206759_noise4543_4722_4901 (240000, 4) acc=0.189
  step 0/1999 best -15.606
  step 50/1999 best -4.163
  step 100/1999 best 1.144
  step 150/1999 best 2.940
  step 200/1999 best 5.739
  step 250/1999 best 9.739
  step 300/1999 best 10.952
  step 350/1999 best 10.818
  step 400/1999 best 11.197
  step 450/1999 best 11.186
  step 500/1999 best 10.930
  step 550/1999 best 11.198
  step 600/1999 best 11.035
  step 650/1999 best 11.071
  step 700/1999 best 11.105
  step 750/1999 best 11.076
  step 800/1999 best 11.222
  step 850/1999 best 10.951
  step 900/1999 best 11.178
  step 950/1999 best 11.213
  step 1000/1999 best 11.116
  step 1050/1999 best 11.107
  step 1100/1999 best 11.145
  step 1150/1999 best 11.196
  step 1200/1999 best 11.186
  step 1250/1999 best 11.130
  step 1300/1999 best 11.153
  step 1350/1999 best 11.197
  step 1400/1999 best 11.158
  step 1450/1999 best 11.110
  step 1500/1999 best 11.207
  step 1550/1999 best 11.168
  step 1600/1999 best 11.165
  step 1650/1999 best 11.134
  step 1700/1999 best 11.169
  step 1750/1999 best 11.019
  step 1800/1999 best 11.184
  step 1850/1999 best 11.095
  step 1900/1999 best 11.212
  step 1950/1999 best 11.206
saved SBC_CHAINS_cnn_vmim__n1_jitter_seed_s0_sim2631_row2230651_noise7575_7754_7933 (240000, 4) acc=0.282
  step 0/1999 best -18.178
  step 50/1999 best 4.904
  step 100/1999 best 8.380
  step 150/1999 best 8.758
  step 200/1999 best 8.614
  step 250/1999 best 8.725
  step 300/1999 best 8.715
  step 350/1999 best 8.582
  step 400/1999 best 8.744
  step 450/1999 best 8.748
  step 500/1999 best 8.712
  step 550/1999 best 8.739
  step 600/1999 best 8.624
  step 650/1999 best 8.763
  step 700/1999 best 8.681
  step 750/1999 best 8.660
  step 800/1999 best 8.638
  step 850/1999 best 8.731
  step 900/1999 best 8.618
  step 950/1999 best 8.770
  step 1000/1999 best 8.730
  step 1050/1999 best 8.688
  step 1100/1999 best 8.730
  step 1150/1999 best 8.720
  step 1200/1999 best 8.714
  step 1250/1999 best 8.698
  step 1300/1999 best 8.703
  step 1350/1999 best 8.673
  step 1400/1999 best 8.705
  step 1450/1999 best 8.678
  step 1500/1999 best 8.712
  step 1550/1999 best 8.805
  step 1600/1999 best 8.673
  step 1650/1999 best 8.688
  step 1700/1999 best 8.664
  step 1750/1999 best 8.676
  step 1800/1999 best 8.600
  step 1850/1999 best 8.639
  step 1900/1999 best 8.733
  step 1950/1999 best 8.603
saved SBC_CHAINS_cnn_vmim__n1_jitter_seed_s0_sim3026_row2621684_noise9488_9667_18 (240000, 4) acc=0.416
  step 0/1999 best -23.251
  step 50/1999 best 10.987
  step 100/1999 best 13.924
  step 150/1999 best 14.285
  step 200/1999 best 14.724
  step 250/1999 best 14.753
  step 300/1999 best 14.749
  step 350/1999 best 14.770
  step 400/1999 best 14.888
  step 450/1999 best 14.711
  step 500/1999 best 14.825
  step 550/1999 best 14.761
  step 600/1999 best 14.842
  step 650/1999 best 14.877
  step 700/1999 best 14.753
  step 750/1999 best 14.877
  step 800/1999 best 14.847
  step 850/1999 best 14.765
  step 900/1999 best 14.692
  step 950/1999 best 14.721
  step 1000/1999 best 14.838
  step 1050/1999 best 14.748
  step 1100/1999 best 14.788
  step 1150/1999 best 14.808
  step 1200/1999 best 14.864
  step 1250/1999 best 14.704
  step 1300/1999 best 14.718
  step 1350/1999 best 14.855
  step 1400/1999 best 14.886
  step 1450/1999 best 14.838
  step 1500/1999 best 14.809
  step 1550/1999 best 14.781
  step 1600/1999 best 14.824
  step 1650/1999 best 14.825
  step 1700/1999 best 14.870
  step 1750/1999 best 14.805
  step 1800/1999 best 14.900
  step 1850/1999 best 14.726
  step 1900/1999 best 14.780
  step 1950/1999 best 14.879
saved SBC_CHAINS_cnn_vmim__n1_jitter_seed_s0_sim1988_row1599052_noise2796_2975_3154 (240000, 4) acc=0.327
  step 0/1999 best -19.530
  step 50/1999 best -1.491
  step 100/1999 best 8.693
  step 150/1999 best 13.972
  step 200/1999 best 13.676
  step 250/1999 best 14.733
  step 300/1999 best 14.688
  step 350/1999 best 14.930
  step 400/1999 best 14.922
  step 450/1999 best 14.790
  step 500/1999 best 15.012
  step 550/1999 best 14.876
  step 600/1999 best 15.006
  step 650/1999 best 15.038
  step 700/1999 best 14.850
  step 750/1999 best 15.015
  step 800/1999 best 15.121
  step 850/1999 best 15.029
  step 900/1999 best 14.876
  step 950/1999 best 15.068
  step 1000/1999 best 14.727
  step 1050/1999 best 15.119
  step 1100/1999 best 14.953
  step 1150/1999 best 15.075
  step 1200/1999 best 14.948
  step 1250/1999 best 14.873
  step 1300/1999 best 14.939
  step 1350/1999 best 15.014
  step 1400/1999 best 14.975
  step 1450/1999 best 15.035
  step 1500/1999 best 14.960
  step 1550/1999 best 15.032
  step 1600/1999 best 15.068
  step 1650/1999 best 14.956
  step 1700/1999 best 15.090
  step 1750/1999 best 15.061
  step 1800/1999 best 14.983
  step 1850/1999 best 15.001
  step 1900/1999 best 15.029
  step 1950/1999 best 14.902
saved SBC_CHAINS_cnn_vmim__n1_jitter_seed_s0_sim171_row162286_noise4210_4389_4568 (240000, 4) acc=0.180
  step 0/1999 best -23.211
  step 50/1999 best 3.099
  step 100/1999 best 12.111
  step 150/1999 best 12.514
  step 200/1999 best 12.657
  step 250/1999 best 12.607
  step 300/1999 best 12.695
  step 350/1999 best 12.688
  step 400/1999 best 12.735
  step 450/1999 best 12.743
  step 500/1999 best 12.748
  step 550/1999 best 12.790
  step 600/1999 best 12.672
  step 650/1999 best 12.654
  step 700/1999 best 12.567
  step 750/1999 best 12.759
  step 800/1999 best 12.672
  step 850/1999 best 12.657
  step 900/1999 best 12.759
  step 950/1999 best 12.702
  step 1000/1999 best 12.764
  step 1050/1999 best 12.740
  step 1100/1999 best 12.688
  step 1150/1999 best 12.619
  step 1200/1999 best 12.716
  step 1250/1999 best 12.708
  step 1300/1999 best 12.733
  step 1350/1999 best 12.626
  step 1400/1999 best 12.762
  step 1450/1999 best 12.758
  step 1500/1999 best 12.724
  step 1550/1999 best 12.742
  step 1600/1999 best 12.683
  step 1650/1999 best 12.747
  step 1700/1999 best 12.767
  step 1750/1999 best 12.715
  step 1800/1999 best 12.682
  step 1850/1999 best 12.669
  step 1900/1999 best 12.644
  step 1950/1999 best 12.694
saved SBC_CHAINS_cnn_vmim__n1_jitter_seed_s0_sim3087_row2682625_noise1633_1812_1991 (240000, 4) acc=0.410
  step 0/1999 best -22.267
  step 50/1999 best 8.802
  step 100/1999 best 13.621
  step 150/1999 best 14.634
  step 200/1999 best 15.127
  step 250/1999 best 15.253
  step 300/1999 best 14.974
  step 350/1999 best 15.313
  step 400/1999 best 15.236
  step 450/1999 best 15.221
  step 500/1999 best 15.235
  step 550/1999 best 15.042
  step 600/1999 best 15.195
  step 650/1999 best 15.278
  step 700/1999 best 14.916
  step 750/1999 best 15.311
  step 800/1999 best 15.299
  step 850/1999 best 15.090
  step 900/1999 best 15.315
  step 950/1999 best 15.224
  step 1000/1999 best 15.240
  step 1050/1999 best 15.251
  step 1100/1999 best 15.247
  step 1150/1999 best 15.174
  step 1200/1999 best 15.214
  step 1250/1999 best 15.302
  step 1300/1999 best 15.199
  step 1350/1999 best 15.287
  step 1400/1999 best 15.281
  step 1450/1999 best 15.255
  step 1500/1999 best 15.214
  step 1550/1999 best 15.165
  step 1600/1999 best 15.221
  step 1650/1999 best 15.216
  step 1700/1999 best 15.238
  step 1750/1999 best 15.187
  step 1800/1999 best 15.227
  step 1850/1999 best 15.195
  step 1900/1999 best 15.168
  step 1950/1999 best 15.187
saved SBC_CHAINS_cnn_vmim__n1_jitter_seed_s0_sim278_row264974_noise3790_3969_4148 (240000, 4) acc=0.251
  step 0/1999 best -6.820
  step 50/1999 best 5.719
  step 100/1999 best 10.219
  step 150/1999 best 11.212
  step 200/1999 best 11.081
  step 250/1999 best 11.252
  step 300/1999 best 11.259
  step 350/1999 best 11.377
  step 400/1999 best 11.317
  step 450/1999 best 11.357
  step 500/1999 best 11.343
  step 550/1999 best 11.237
  step 600/1999 best 11.298
  step 650/1999 best 11.290
  step 700/1999 best 11.256
  step 750/1999 best 11.252
  step 800/1999 best 11.288
  step 850/1999 best 11.364
  step 900/1999 best 11.267
  step 950/1999 best 11.259
  step 1000/1999 best 11.278
  step 1050/1999 best 11.326
  step 1100/1999 best 11.311
  step 1150/1999 best 11.303
  step 1200/1999 best 11.301
  step 1250/1999 best 11.282
  step 1300/1999 best 11.359
  step 1350/1999 best 11.251
  step 1400/1999 best 11.251
  step 1450/1999 best 11.299
  step 1500/1999 best 11.296
  step 1550/1999 best 11.215
  step 1600/1999 best 11.265
  step 1650/1999 best 11.344
  step 1700/1999 best 11.235
  step 1750/1999 best 11.358
  step 1800/1999 best 11.296
  step 1850/1999 best 11.150
  step 1900/1999 best 11.332
  step 1950/1999 best 11.178
saved SBC_CHAINS_cnn_vmim__n1_jitter_seed_s0_sim829_row778483_noise3931_4110_4289 (240000, 4) acc=0.428
  step 0/1999 best -15.179
  step 50/1999 best 0.031
  step 100/1999 best 3.602
  step 150/1999 best 8.670
  step 200/1999 best 11.133
  step 250/1999 best 11.661
  step 300/1999 best 11.813
  step 350/1999 best 11.755
  step 400/1999 best 11.690
  step 450/1999 best 11.701
  step 500/1999 best 11.742
  step 550/1999 best 11.809
  step 600/1999 best 11.737
  step 650/1999 best 11.708
  step 700/1999 best 11.900
  step 750/1999 best 11.897
  step 800/1999 best 11.888
  step 850/1999 best 11.844
  step 900/1999 best 11.853
  step 950/1999 best 11.796
  step 1000/1999 best 11.843
  step 1050/1999 best 11.794
  step 1100/1999 best 11.725
  step 1150/1999 best 11.802
  step 1200/1999 best 11.892
  step 1250/1999 best 11.875
  step 1300/1999 best 11.819
  step 1350/1999 best 11.809
  step 1400/1999 best 11.761
  step 1450/1999 best 11.859
  step 1500/1999 best 11.732
  step 1550/1999 best 11.904
  step 1600/1999 best 11.870
  step 1650/1999 best 11.905
  step 1700/1999 best 11.854
  step 1750/1999 best 11.819
  step 1800/1999 best 11.843
  step 1850/1999 best 11.837
  step 1900/1999 best 11.840
  step 1950/1999 best 11.818
saved SBC_CHAINS_cnn_vmim__n1_jitter_seed_s0_sim2613_row2212969_noise9549_9728_79 (240000, 4) acc=0.351
  step 0/1999 best -17.996
  step 50/1999 best 0.724
  step 100/1999 best 11.645
  step 150/1999 best 15.129
  step 200/1999 best 15.933
  step 250/1999 best 16.133
  step 300/1999 best 16.152
  step 350/1999 best 16.205
  step 400/1999 best 16.103
  step 450/1999 best 16.012
  step 500/1999 best 16.230
  step 550/1999 best 16.173
  step 600/1999 best 16.014
  step 650/1999 best 16.196
  step 700/1999 best 16.263
  step 750/1999 best 16.160
  step 800/1999 best 16.113
  step 850/1999 best 16.188
  step 900/1999 best 16.286
  step 950/1999 best 16.066
  step 1000/1999 best 16.253
  step 1050/1999 best 16.192
  step 1100/1999 best 16.204
  step 1150/1999 best 16.298
  step 1200/1999 best 16.229
  step 1250/1999 best 16.274
  step 1300/1999 best 16.248
  step 1350/1999 best 16.230
  step 1400/1999 best 16.189
  step 1450/1999 best 16.252
  step 1500/1999 best 16.121
  step 1550/1999 best 16.259
  step 1600/1999 best 16.112
  step 1650/1999 best 16.147
  step 1700/1999 best 16.255
  step 1750/1999 best 16.116
  step 1800/1999 best 16.263
  step 1850/1999 best 16.252
  step 1900/1999 best 16.129
  step 1950/1999 best 16.131
saved SBC_CHAINS_cnn_vmim__n1_jitter_seed_s0_sim1275_row1093201_noise7389_7568_7747 (240000, 4) acc=0.290
  step 0/1999 best -23.836
  step 50/1999 best -0.436
  step 100/1999 best 4.793
  step 150/1999 best 4.993
  step 200/1999 best 7.867
  step 250/1999 best 10.119
  step 300/1999 best 10.127
  step 350/1999 best 10.009
  step 400/1999 best 10.721
  step 450/1999 best 10.172
  step 500/1999 best 10.175
  step 550/1999 best 10.712
  step 600/1999 best 10.752
  step 650/1999 best 10.633
  step 700/1999 best 10.629
  step 750/1999 best 10.714
  step 800/1999 best 10.542
  step 850/1999 best 10.586
  step 900/1999 best 10.687
  step 950/1999 best 10.661
  step 1000/1999 best 10.769
  step 1050/1999 best 10.583
  step 1100/1999 best 10.644
  step 1150/1999 best 10.577
  step 1200/1999 best 10.759
  step 1250/1999 best 10.553
  step 1300/1999 best 10.591
  step 1350/1999 best 10.716
  step 1400/1999 best 10.707
  step 1450/1999 best 10.668
  step 1500/1999 best 10.653
  step 1550/1999 best 10.661
  step 1600/1999 best 10.725
  step 1650/1999 best 10.687
  step 1700/1999 best 10.593
  step 1750/1999 best 10.455
  step 1800/1999 best 10.752
  step 1850/1999 best 10.735
  step 1900/1999 best 10.717
  step 1950/1999 best 10.652
saved SBC_CHAINS_cnn_vmim__n1_jitter_seed_s0_sim2630_row2229643_noise6567_6746_6925 (240000, 4) acc=0.222
  step 0/1999 best -17.364
  step 50/1999 best 6.789
  step 100/1999 best 10.743
  step 150/1999 best 12.510
  step 200/1999 best 13.171
  step 250/1999 best 13.218
  step 300/1999 best 13.461
  step 350/1999 best 13.333
  step 400/1999 best 13.682
  step 450/1999 best 13.522
  step 500/1999 best 13.503
  step 550/1999 best 13.677
  step 600/1999 best 13.654
  step 650/1999 best 13.630
  step 700/1999 best 13.560
  step 750/1999 best 13.681
  step 800/1999 best 13.581
  step 850/1999 best 13.550
  step 900/1999 best 13.621
  step 950/1999 best 13.521
  step 1000/1999 best 13.640
  step 1050/1999 best 13.590
  step 1100/1999 best 13.377
  step 1150/1999 best 13.652
  step 1200/1999 best 13.544
  step 1250/1999 best 13.627
  step 1300/1999 best 13.664
  step 1350/1999 best 13.566
  step 1400/1999 best 13.685
  step 1450/1999 best 13.614
  step 1500/1999 best 13.653
  step 1550/1999 best 13.585
  step 1600/1999 best 13.619
  step 1650/1999 best 13.497
  step 1700/1999 best 13.621
  step 1750/1999 best 13.552
  step 1800/1999 best 13.678
  step 1850/1999 best 13.594
  step 1900/1999 best 13.632
  step 1950/1999 best 13.654
saved SBC_CHAINS_cnn_vmim__n1_jitter_seed_s0_sim2444_row2043933_noise7589_7768_7947 (240000, 4) acc=0.345
  step 0/1999 best -19.029
  step 50/1999 best 4.008
  step 100/1999 best 8.840
  step 150/1999 best 9.100
  step 200/1999 best 9.193
  step 250/1999 best 8.878
  step 300/1999 best 9.268
  step 350/1999 best 9.122
  step 400/1999 best 9.212
  step 450/1999 best 9.017
  step 500/1999 best 9.288
  step 550/1999 best 9.317
  step 600/1999 best 9.266
  step 650/1999 best 9.239
  step 700/1999 best 9.114
  step 750/1999 best 9.204
  step 800/1999 best 9.305
  step 850/1999 best 9.228
  step 900/1999 best 9.330
  step 950/1999 best 9.199
  step 1000/1999 best 9.257
  step 1050/1999 best 9.148
  step 1100/1999 best 9.138
  step 1150/1999 best 9.165
  step 1200/1999 best 9.297
  step 1250/1999 best 9.198
  step 1300/1999 best 9.148
  step 1350/1999 best 9.291
  step 1400/1999 best 9.158
  step 1450/1999 best 9.340
  step 1500/1999 best 9.329
  step 1550/1999 best 9.276
  step 1600/1999 best 9.118
  step 1650/1999 best 9.208
  step 1700/1999 best 9.172
  step 1750/1999 best 9.224
  step 1800/1999 best 9.322
  step 1850/1999 best 9.193
  step 1900/1999 best 9.152
  step 1950/1999 best 9.242
saved SBC_CHAINS_cnn_vmim__n1_jitter_seed_s0_sim2089_row1699690_noise6154_6333_6512 (240000, 4) acc=0.201
  step 0/1999 best -15.602
  step 50/1999 best 7.105
  step 100/1999 best 12.114
  step 150/1999 best 12.578
  step 200/1999 best 13.455
  step 250/1999 best 13.485
  step 300/1999 best 13.965
  step 350/1999 best 14.188
  step 400/1999 best 13.826
  step 450/1999 best 14.144
  step 500/1999 best 14.158
  step 550/1999 best 14.168
  step 600/1999 best 14.232
  step 650/1999 best 14.207
  step 700/1999 best 14.368
  step 750/1999 best 14.191
  step 800/1999 best 14.148
  step 850/1999 best 14.247
  step 900/1999 best 14.349
  step 950/1999 best 14.281
  step 1000/1999 best 14.140
  step 1050/1999 best 14.206
  step 1100/1999 best 14.302
  step 1150/1999 best 14.249
  step 1200/1999 best 14.331
  step 1250/1999 best 14.275
  step 1300/1999 best 14.393
  step 1350/1999 best 14.107
  step 1400/1999 best 14.347
  step 1450/1999 best 14.364
  step 1500/1999 best 14.354
  step 1550/1999 best 14.245
  step 1600/1999 best 14.247
  step 1650/1999 best 14.265
  step 1700/1999 best 14.363
  step 1750/1999 best 14.217
  step 1800/1999 best 14.283
  step 1850/1999 best 14.281
  step 1900/1999 best 14.263
  step 1950/1999 best 14.399
saved SBC_CHAINS_cnn_vmim__n1_jitter_seed_s0_sim1534_row1311615_noise1447_1626_1805 (240000, 4) acc=0.235
  step 0/1999 best -13.726
  step 50/1999 best 5.894
  step 100/1999 best 10.895
  step 150/1999 best 11.128
  step 200/1999 best 12.336
  step 250/1999 best 12.684
  step 300/1999 best 12.752
  step 350/1999 best 12.742
  step 400/1999 best 12.703
  step 450/1999 best 12.848
  step 500/1999 best 12.849
  step 550/1999 best 12.764
  step 600/1999 best 12.737
  step 650/1999 best 12.919
  step 700/1999 best 12.912
  step 750/1999 best 12.739
  step 800/1999 best 12.806
  step 850/1999 best 12.704
  step 900/1999 best 12.839
  step 950/1999 best 12.805
  step 1000/1999 best 12.726
  step 1050/1999 best 12.809
  step 1100/1999 best 12.818
  step 1150/1999 best 12.790
  step 1200/1999 best 12.877
  step 1250/1999 best 12.912
  step 1300/1999 best 12.862
  step 1350/1999 best 12.742
  step 1400/1999 best 12.867
  step 1450/1999 best 12.912
  step 1500/1999 best 12.909
  step 1550/1999 best 12.795
  step 1600/1999 best 12.869
  step 1650/1999 best 12.863
  step 1700/1999 best 12.925
  step 1750/1999 best 12.746
  step 1800/1999 best 12.881
  step 1850/1999 best 12.886
  step 1900/1999 best 12.798
  step 1950/1999 best 12.816
saved SBC_CHAINS_cnn_vmim__n1_jitter_seed_s0_sim296_row282431_noise1591_1770_1949 (240000, 4) acc=0.177
  step 0/1999 best -15.150
  step 50/1999 best -5.254
  step 100/1999 best -2.518
  step 150/1999 best -2.569
  step 200/1999 best 0.039
  step 250/1999 best 2.271
  step 300/1999 best 6.663
  step 350/1999 best 8.515
  step 400/1999 best 10.480
  step 450/1999 best 10.850
  step 500/1999 best 11.236
  step 550/1999 best 12.293
  step 600/1999 best 12.234
  step 650/1999 best 12.494
  step 700/1999 best 12.307
  step 750/1999 best 12.351
  step 800/1999 best 12.356
  step 850/1999 best 12.444
  step 900/1999 best 12.491
  step 950/1999 best 12.166
  step 1000/1999 best 12.449
  step 1050/1999 best 12.397
  step 1100/1999 best 12.194
  step 1150/1999 best 12.260
  step 1200/1999 best 12.384
  step 1250/1999 best 12.430
  step 1300/1999 best 12.421
  step 1350/1999 best 12.380
  step 1400/1999 best 12.382
  step 1450/1999 best 12.318
  step 1500/1999 best 12.390
  step 1550/1999 best 12.481
  step 1600/1999 best 12.361
  step 1650/1999 best 12.440
  step 1700/1999 best 12.390
  step 1750/1999 best 12.496
  step 1800/1999 best 12.379
  step 1850/1999 best 12.405
  step 1900/1999 best 12.331
  step 1950/1999 best 12.361
saved SBC_CHAINS_cnn_vmim__n1_jitter_seed_s0_sim2560_row2159512_noise5232_5411_5590 (240000, 4) acc=0.248
  step 0/1999 best -18.519
  step 50/1999 best -2.911
  step 100/1999 best 7.126
  step 150/1999 best 10.110
  step 200/1999 best 12.673
  step 250/1999 best 14.097
  step 300/1999 best 12.936
  step 350/1999 best 14.492
  step 400/1999 best 14.477
  step 450/1999 best 14.428
  step 500/1999 best 14.836
  step 550/1999 best 14.544
  step 600/1999 best 14.387
  step 650/1999 best 14.700
  step 700/1999 best 14.670
  step 750/1999 best 14.783
  step 800/1999 best 14.734
  step 850/1999 best 14.530
  step 900/1999 best 14.721
  step 950/1999 best 14.729
  step 1000/1999 best 14.866
  step 1050/1999 best 14.849
  step 1100/1999 best 14.657
  step 1150/1999 best 14.659
  step 1200/1999 best 14.806
  step 1250/1999 best 14.809
  step 1300/1999 best 14.652
  step 1350/1999 best 14.737
  step 1400/1999 best 14.743
  step 1450/1999 best 14.731
  step 1500/1999 best 14.841
  step 1550/1999 best 14.820
  step 1600/1999 best 14.769
  step 1650/1999 best 14.843
  step 1700/1999 best 14.720
  step 1750/1999 best 14.758
  step 1800/1999 best 14.786
  step 1850/1999 best 14.792
  step 1900/1999 best 14.782
  step 1950/1999 best 14.847
saved SBC_CHAINS_cnn_vmim__n1_jitter_seed_s0_sim2068_row1678450_noise4570_4749_4928 (240000, 4) acc=0.164
  step 0/1999 best -14.569
  step 50/1999 best 6.249
  step 100/1999 best 13.947
  step 150/1999 best 13.505
  step 200/1999 best 14.561
  step 250/1999 best 14.806
  step 300/1999 best 14.851
  step 350/1999 best 14.876
  step 400/1999 best 15.029
  step 450/1999 best 15.087
  step 500/1999 best 14.999
  step 550/1999 best 15.002
  step 600/1999 best 15.134
  step 650/1999 best 15.137
  step 700/1999 best 15.068
  step 750/1999 best 15.095
  step 800/1999 best 15.070
  step 850/1999 best 15.067
  step 900/1999 best 15.108
  step 950/1999 best 15.080
  step 1000/1999 best 15.171
  step 1050/1999 best 15.009
  step 1100/1999 best 15.080
  step 1150/1999 best 15.132
  step 1200/1999 best 15.153
  step 1250/1999 best 15.133
  step 1300/1999 best 14.992
  step 1350/1999 best 15.100
  step 1400/1999 best 15.035
  step 1450/1999 best 15.164
  step 1500/1999 best 15.098
  step 1550/1999 best 15.087
  step 1600/1999 best 15.044
  step 1650/1999 best 15.166
  step 1700/1999 best 15.080
  step 1750/1999 best 15.031
  step 1800/1999 best 15.125
  step 1850/1999 best 15.179
  step 1900/1999 best 15.089
  step 1950/1999 best 15.129
saved SBC_CHAINS_cnn_vmim__n1_jitter_seed_s0_sim1455_row1237609_noise1065_1244_1423 (240000, 4) acc=0.284
  step 0/1999 best -12.821
  step 50/1999 best 0.580
  step 100/1999 best 8.044
  step 150/1999 best 11.228
  step 200/1999 best 12.580
  step 250/1999 best 12.817
  step 300/1999 best 12.468
  step 350/1999 best 12.974
  step 400/1999 best 12.898
  step 450/1999 best 13.091
  step 500/1999 best 13.112
  step 550/1999 best 13.049
  step 600/1999 best 13.038
  step 650/1999 best 12.918
  step 700/1999 best 12.909
  step 750/1999 best 13.023
  step 800/1999 best 13.136
  step 850/1999 best 13.145
  step 900/1999 best 13.100
  step 950/1999 best 12.957
  step 1000/1999 best 12.967
  step 1050/1999 best 13.097
  step 1100/1999 best 12.920
  step 1150/1999 best 12.971
  step 1200/1999 best 12.967
  step 1250/1999 best 13.096
  step 1300/1999 best 12.985
  step 1350/1999 best 12.882
  step 1400/1999 best 12.938
  step 1450/1999 best 13.156
  step 1500/1999 best 13.160
  step 1550/1999 best 13.102
  step 1600/1999 best 13.038
  step 1650/1999 best 13.017
  step 1700/1999 best 13.031
  step 1750/1999 best 12.992
  step 1800/1999 best 12.884
  step 1850/1999 best 13.059
  step 1900/1999 best 13.089
  step 1950/1999 best 13.080
saved SBC_CHAINS_cnn_vmim__n1_jitter_seed_s0_sim2468_row2067801_noise1973_2152_2331 (240000, 4) acc=0.339
  step 0/1999 best -19.673
  step 50/1999 best 2.598
  step 100/1999 best 6.436
  step 150/1999 best 8.012
  step 200/1999 best 8.108
  step 250/1999 best 8.238
  step 300/1999 best 8.160
  step 350/1999 best 8.151
  step 400/1999 best 8.212
  step 450/1999 best 8.284
  step 500/1999 best 8.120
  step 550/1999 best 8.160
  step 600/1999 best 8.255
  step 650/1999 best 8.213
  step 700/1999 best 8.157
  step 750/1999 best 8.289
  step 800/1999 best 8.280
  step 850/1999 best 8.220
  step 900/1999 best 8.144
  step 950/1999 best 8.195
  step 1000/1999 best 8.266
  step 1050/1999 best 8.235
  step 1100/1999 best 8.117
  step 1150/1999 best 8.300
  step 1200/1999 best 8.155
  step 1250/1999 best 8.266
  step 1300/1999 best 8.320
  step 1350/1999 best 8.321
  step 1400/1999 best 8.282
  step 1450/1999 best 8.257
  step 1500/1999 best 8.220
  step 1550/1999 best 8.172
  step 1600/1999 best 8.190
  step 1650/1999 best 8.297
  step 1700/1999 best 8.247
  step 1750/1999 best 8.265
  step 1800/1999 best 8.200
  step 1850/1999 best 8.287
  step 1900/1999 best 8.270
  step 1950/1999 best 8.264
saved SBC_CHAINS_cnn_vmim__n1_jitter_seed_s0_sim2948_row2543641_noise241_420_599 (240000, 4) acc=0.387
  step 0/1999 best -18.408
  step 50/1999 best -4.565
  step 100/1999 best 8.774
  step 150/1999 best 13.037
  step 200/1999 best 13.556
  step 250/1999 best 13.844
  step 300/1999 best 13.760
  step 350/1999 best 13.750
  step 400/1999 best 13.575
  step 450/1999 best 13.857
  step 500/1999 best 13.873
  step 550/1999 best 13.818
  step 600/1999 best 13.707
  step 650/1999 best 13.625
  step 700/1999 best 13.794
  step 750/1999 best 13.856
  step 800/1999 best 13.905
  step 850/1999 best 13.717
  step 900/1999 best 13.757
  step 950/1999 best 13.857
  step 1000/1999 best 13.728
  step 1050/1999 best 13.883
  step 1100/1999 best 13.871
  step 1150/1999 best 13.689
  step 1200/1999 best 13.824
  step 1250/1999 best 13.865
  step 1300/1999 best 13.826
  step 1350/1999 best 13.858
  step 1400/1999 best 13.844
  step 1450/1999 best 13.779
  step 1500/1999 best 13.783
  step 1550/1999 best 13.862
  step 1600/1999 best 13.740
  step 1650/1999 best 13.796
  step 1700/1999 best 13.762
  step 1750/1999 best 13.825
  step 1800/1999 best 13.851
  step 1850/1999 best 13.876
  step 1900/1999 best 13.810
  step 1950/1999 best 13.885
saved SBC_CHAINS_cnn_vmim__n1_jitter_seed_s0_sim115_row114648_noise7540_7719_7898 (240000, 4) acc=0.260
  step 0/1999 best -16.579
  step 50/1999 best 0.660
  step 100/1999 best 8.279
  step 150/1999 best 10.860
  step 200/1999 best 10.901
  step 250/1999 best 10.222
  step 300/1999 best 12.347
  step 350/1999 best 12.216
  step 400/1999 best 12.655
  step 450/1999 best 12.720
  step 500/1999 best 12.607
  step 550/1999 best 12.656
  step 600/1999 best 12.683
  step 650/1999 best 12.577
  step 700/1999 best 12.578
  step 750/1999 best 12.638
  step 800/1999 best 12.676
  step 850/1999 best 12.576
  step 900/1999 best 12.589
  step 950/1999 best 12.685
  step 1000/1999 best 12.736
  step 1050/1999 best 12.765
  step 1100/1999 best 12.679
  step 1150/1999 best 12.597
  step 1200/1999 best 12.666
  step 1250/1999 best 12.706
  step 1300/1999 best 12.618
  step 1350/1999 best 12.654
  step 1400/1999 best 12.672
  step 1450/1999 best 12.636
  step 1500/1999 best 12.711
  step 1550/1999 best 12.666
  step 1600/1999 best 12.591
  step 1650/1999 best 12.721
  step 1700/1999 best 12.643
  step 1750/1999 best 12.663
  step 1800/1999 best 12.711
  step 1850/1999 best 12.760
  step 1900/1999 best 12.743
  step 1950/1999 best 12.610
saved SBC_CHAINS_cnn_vmim__n1_jitter_seed_s0_sim2553_row2152897_noise8445_8624_8803 (240000, 4) acc=0.375
  step 0/1999 best -18.546
  step 50/1999 best 2.571
  step 100/1999 best 14.446
  step 150/1999 best 15.147
  step 200/1999 best 15.309
  step 250/1999 best 15.538
  step 300/1999 best 15.792
  step 350/1999 best 15.630
  step 400/1999 best 15.694
  step 450/1999 best 15.784
  step 500/1999 best 15.802
  step 550/1999 best 15.838
  step 600/1999 best 15.851
  step 650/1999 best 15.819
  step 700/1999 best 15.771
  step 750/1999 best 15.798
  step 800/1999 best 15.826
  step 850/1999 best 15.723
  step 900/1999 best 15.682
  step 950/1999 best 15.773
  step 1000/1999 best 15.816
  step 1050/1999 best 15.817
  step 1100/1999 best 15.713
  step 1150/1999 best 15.845
  step 1200/1999 best 15.831
  step 1250/1999 best 15.717
  step 1300/1999 best 15.800
  step 1350/1999 best 15.798
  step 1400/1999 best 15.737
  step 1450/1999 best 15.824
  step 1500/1999 best 15.783
  step 1550/1999 best 15.758
  step 1600/1999 best 15.757
  step 1650/1999 best 15.811
  step 1700/1999 best 15.794
  step 1750/1999 best 15.694
  step 1800/1999 best 15.712
  step 1850/1999 best 15.799
  step 1900/1999 best 15.782
  step 1950/1999 best 15.715
saved SBC_CHAINS_cnn_vmim__n1_jitter_seed_s0_sim1300_row1109225_noise2929_3108_3287 (240000, 4) acc=0.367
  step 0/1999 best -21.135
  step 50/1999 best 5.995
  step 100/1999 best 9.947
  step 150/1999 best 11.053
  step 200/1999 best 12.241
  step 250/1999 best 12.081
  step 300/1999 best 12.221
  step 350/1999 best 12.169
  step 400/1999 best 12.263
  step 450/1999 best 12.163
  step 500/1999 best 12.111
  step 550/1999 best 12.251
  step 600/1999 best 12.225
  step 650/1999 best 12.251
  step 700/1999 best 12.221
  step 750/1999 best 12.197
  step 800/1999 best 12.076
  step 850/1999 best 12.206
  step 900/1999 best 12.232
  step 950/1999 best 12.118
  step 1000/1999 best 12.230
  step 1050/1999 best 12.217
  step 1100/1999 best 12.114
  step 1150/1999 best 12.248
  step 1200/1999 best 12.110
  step 1250/1999 best 12.139
  step 1300/1999 best 12.228
  step 1350/1999 best 12.177
  step 1400/1999 best 12.242
  step 1450/1999 best 12.108
  step 1500/1999 best 12.259
  step 1550/1999 best 12.242
  step 1600/1999 best 12.091
  step 1650/1999 best 12.078
  step 1700/1999 best 12.193
  step 1750/1999 best 12.280
  step 1800/1999 best 12.114
  step 1850/1999 best 12.084
  step 1900/1999 best 12.229
  step 1950/1999 best 12.091
saved SBC_CHAINS_cnn_vmim__n1_jitter_seed_s0_sim3068_row2663443_noise2107_2286_2465 (240000, 4) acc=0.353
  step 0/1999 best -16.001
  step 50/1999 best -5.425
  step 100/1999 best 4.826
  step 150/1999 best 8.534
  step 200/1999 best 8.534
  step 250/1999 best 10.991
  step 300/1999 best 11.312
  step 350/1999 best 11.347
  step 400/1999 best 11.652
  step 450/1999 best 11.501
  step 500/1999 best 11.674
  step 550/1999 best 11.575
  step 600/1999 best 11.557
  step 650/1999 best 11.689
  step 700/1999 best 11.612
  step 750/1999 best 11.664
  step 800/1999 best 11.652
  step 850/1999 best 11.588
  step 900/1999 best 11.598
  step 950/1999 best 11.577
  step 1000/1999 best 11.520
  step 1050/1999 best 11.657
  step 1100/1999 best 11.706
  step 1150/1999 best 11.486
  step 1200/1999 best 11.666
  step 1250/1999 best 11.629
  step 1300/1999 best 11.659
  step 1350/1999 best 11.464
  step 1400/1999 best 11.569
  step 1450/1999 best 11.612
  step 1500/1999 best 11.686
  step 1550/1999 best 11.669
  step 1600/1999 best 11.749
  step 1650/1999 best 11.699
  step 1700/1999 best 11.658
  step 1750/1999 best 11.408
  step 1800/1999 best 11.640
  step 1850/1999 best 11.669
  step 1900/1999 best 11.505
  step 1950/1999 best 11.536
saved SBC_CHAINS_cnn_vmim__n1_jitter_seed_s0_sim2596_row2195880_noise2288_2467_2646 (240000, 4) acc=0.256
  step 0/1999 best -15.030
  step 50/1999 best 2.585
  step 100/1999 best 9.704
  step 150/1999 best 11.928
  step 200/1999 best 13.370
  step 250/1999 best 13.209
  step 300/1999 best 13.578
  step 350/1999 best 13.761
  step 400/1999 best 13.689
  step 450/1999 best 13.718
  step 500/1999 best 13.744
  step 550/1999 best 13.768
  step 600/1999 best 13.544
  step 650/1999 best 13.778
  step 700/1999 best 13.654
  step 750/1999 best 13.786
  step 800/1999 best 13.818
  step 850/1999 best 13.713
  step 900/1999 best 13.798
  step 950/1999 best 13.721
  step 1000/1999 best 13.804
  step 1050/1999 best 13.679
  step 1100/1999 best 13.626
  step 1150/1999 best 13.718
  step 1200/1999 best 13.672
  step 1250/1999 best 13.732
  step 1300/1999 best 13.736
  step 1350/1999 best 13.603
  step 1400/1999 best 13.765
  step 1450/1999 best 13.616
  step 1500/1999 best 13.652
  step 1550/1999 best 13.722
  step 1600/1999 best 13.680
  step 1650/1999 best 13.795
  step 1700/1999 best 13.746
  step 1750/1999 best 13.761
  step 1800/1999 best 13.792
  step 1850/1999 best 13.728
  step 1900/1999 best 13.676
  step 1950/1999 best 13.678
saved SBC_CHAINS_cnn_vmim__n1_jitter_seed_s0_sim645_row598000_noise6180_6359_6538 (240000, 4) acc=0.314
  step 0/1999 best -18.330
  step 50/1999 best 6.822
  step 100/1999 best 10.923
  step 150/1999 best 12.246
  step 200/1999 best 12.166
  step 250/1999 best 12.208
  step 300/1999 best 12.337
  step 350/1999 best 12.371
  step 400/1999 best 12.268
  step 450/1999 best 12.445
  step 500/1999 best 12.297
  step 550/1999 best 12.412
  step 600/1999 best 12.388
  step 650/1999 best 12.294
  step 700/1999 best 12.391
  step 750/1999 best 12.445
  step 800/1999 best 12.382
  step 850/1999 best 12.316
  step 900/1999 best 12.407
  step 950/1999 best 12.258
  step 1000/1999 best 12.319
  step 1050/1999 best 12.354
  step 1100/1999 best 12.340
  step 1150/1999 best 12.399
  step 1200/1999 best 12.419
  step 1250/1999 best 12.353
  step 1300/1999 best 12.389
  step 1350/1999 best 12.404
  step 1400/1999 best 12.346
  step 1450/1999 best 12.217
  step 1500/1999 best 12.197
  step 1550/1999 best 12.457
  step 1600/1999 best 12.392
  step 1650/1999 best 12.422
  step 1700/1999 best 12.374
  step 1750/1999 best 12.383
  step 1800/1999 best 12.405
  step 1850/1999 best 12.229
  step 1900/1999 best 12.456
  step 1950/1999 best 12.472
saved SBC_CHAINS_cnn_vmim__n1_jitter_seed_s0_sim980_row929344_noise7372_7551_7730 (240000, 4) acc=0.264
  step 0/1999 best -11.384
  step 50/1999 best 9.075
  step 100/1999 best 12.074
  step 150/1999 best 12.074
  step 200/1999 best 12.621
  step 250/1999 best 13.292
  step 300/1999 best 13.311
  step 350/1999 best 13.343
  step 400/1999 best 13.286
  step 450/1999 best 13.376
  step 500/1999 best 13.183
  step 550/1999 best 13.354
  step 600/1999 best 13.354
  step 650/1999 best 13.284
  step 700/1999 best 13.338
  step 750/1999 best 13.353
  step 800/1999 best 13.258
  step 850/1999 best 13.321
  step 900/1999 best 13.345
  step 950/1999 best 13.323
  step 1000/1999 best 13.341
  step 1050/1999 best 13.326
  step 1100/1999 best 13.361
  step 1150/1999 best 13.249
  step 1200/1999 best 13.347
  step 1250/1999 best 13.308
  step 1300/1999 best 13.345
  step 1350/1999 best 13.259
  step 1400/1999 best 13.236
  step 1450/1999 best 13.379
  step 1500/1999 best 13.402
  step 1550/1999 best 13.286
  step 1600/1999 best 13.247
  step 1650/1999 best 13.271
  step 1700/1999 best 13.295
  step 1750/1999 best 13.335
  step 1800/1999 best 13.095
  step 1850/1999 best 13.360
  step 1900/1999 best 13.356
  step 1950/1999 best 13.270
saved SBC_CHAINS_cnn_vmim__n1_jitter_seed_s0_sim1935_row1546917_noise9629_9808_159 (240000, 4) acc=0.299
  step 0/1999 best -17.831
  step 50/1999 best 0.359
  step 100/1999 best 2.038
  step 150/1999 best 7.013
  step 200/1999 best 10.519
  step 250/1999 best 12.649
  step 300/1999 best 12.609
  step 350/1999 best 13.582
  step 400/1999 best 14.033
  step 450/1999 best 13.987
  step 500/1999 best 13.961
  step 550/1999 best 14.026
  step 600/1999 best 14.127
  step 650/1999 best 14.140
  step 700/1999 best 14.000
  step 750/1999 best 14.083
  step 800/1999 best 14.179
  step 850/1999 best 14.083
  step 900/1999 best 14.108
  step 950/1999 best 14.108
  step 1000/1999 best 13.903
  step 1050/1999 best 14.238
  step 1100/1999 best 14.169
  step 1150/1999 best 14.192
  step 1200/1999 best 14.212
  step 1250/1999 best 14.050
  step 1300/1999 best 14.022
  step 1350/1999 best 14.200
  step 1400/1999 best 14.232
  step 1450/1999 best 14.258
  step 1500/1999 best 14.087
  step 1550/1999 best 14.086
  step 1600/1999 best 14.218
  step 1650/1999 best 14.067
  step 1700/1999 best 14.181
  step 1750/1999 best 14.216
  step 1800/1999 best 14.042
  step 1850/1999 best 14.048
  step 1900/1999 best 14.247
  step 1950/1999 best 14.181
saved SBC_CHAINS_cnn_vmim__n1_jitter_seed_s0_sim2080_row1690190_noise6482_6661_6840 (240000, 4) acc=0.226
  step 0/1999 best -8.127
  step 50/1999 best 2.591
  step 100/1999 best 6.489
  step 150/1999 best 12.593
  step 200/1999 best 13.650
  step 250/1999 best 13.534
  step 300/1999 best 13.279
  step 350/1999 best 13.602
  step 400/1999 best 13.995
  step 450/1999 best 14.165
  step 500/1999 best 14.235
  step 550/1999 best 14.017
  step 600/1999 best 14.152
  step 650/1999 best 13.874
  step 700/1999 best 14.133
  step 750/1999 best 13.961
  step 800/1999 best 14.024
  step 850/1999 best 14.026
  step 900/1999 best 14.015
  step 950/1999 best 14.014
  step 1000/1999 best 14.105
  step 1050/1999 best 14.084
  step 1100/1999 best 14.075
  step 1150/1999 best 14.172
  step 1200/1999 best 13.876
  step 1250/1999 best 14.139
  step 1300/1999 best 14.056
  step 1350/1999 best 14.164
  step 1400/1999 best 14.078
  step 1450/1999 best 14.112
  step 1500/1999 best 14.069
  step 1550/1999 best 14.192
  step 1600/1999 best 14.148
  step 1650/1999 best 14.231
  step 1700/1999 best 14.211
  step 1750/1999 best 14.152
  step 1800/1999 best 14.154
  step 1850/1999 best 14.100
  step 1900/1999 best 14.162
  step 1950/1999 best 14.043
saved SBC_CHAINS_cnn_vmim__n1_jitter_seed_s0_sim423_row401947_noise1343_1522_1701 (240000, 4) acc=0.219
  step 0/1999 best -11.092
  step 50/1999 best 6.389
  step 100/1999 best 10.159
  step 150/1999 best 10.297
  step 200/1999 best 10.648
  step 250/1999 best 10.705
  step 300/1999 best 11.019
  step 350/1999 best 11.063
  step 400/1999 best 11.089
  step 450/1999 best 11.277
  step 500/1999 best 11.195
  step 550/1999 best 11.317
  step 600/1999 best 11.392
  step 650/1999 best 11.392
  step 700/1999 best 11.049
  step 750/1999 best 11.225
  step 800/1999 best 11.028
  step 850/1999 best 11.111
  step 900/1999 best 11.233
  step 950/1999 best 10.930
  step 1000/1999 best 11.178
  step 1050/1999 best 11.185
  step 1100/1999 best 11.346
  step 1150/1999 best 11.326
  step 1200/1999 best 11.048
  step 1250/1999 best 11.024
  step 1300/1999 best 11.096
  step 1350/1999 best 11.207
  step 1400/1999 best 11.144
  step 1450/1999 best 11.283
  step 1500/1999 best 11.269
  step 1550/1999 best 11.040
  step 1600/1999 best 11.265
  step 1650/1999 best 11.404
  step 1700/1999 best 11.240
  step 1750/1999 best 11.219
  step 1800/1999 best 11.396
  step 1850/1999 best 11.262
  step 1900/1999 best 11.356
  step 1950/1999 best 11.321
saved SBC_CHAINS_cnn_vmim__n1_jitter_seed_s0_sim1465_row1247626_noise1254_1433_1612 (240000, 4) acc=0.126
  step 0/1999 best -27.360
  step 50/1999 best 8.987
  step 100/1999 best 9.082
  step 150/1999 best 10.338
  step 200/1999 best 10.834
  step 250/1999 best 10.919
  step 300/1999 best 10.679
  step 350/1999 best 11.098
  step 400/1999 best 11.164
  step 450/1999 best 11.017
  step 500/1999 best 10.809
  step 550/1999 best 11.011
  step 600/1999 best 11.095
  step 650/1999 best 11.034
  step 700/1999 best 11.166
  step 750/1999 best 11.008
  step 800/1999 best 11.153
  step 850/1999 best 10.983
  step 900/1999 best 11.149
  step 950/1999 best 11.238
  step 1000/1999 best 11.191
  step 1050/1999 best 11.191
  step 1100/1999 best 11.119
  step 1150/1999 best 11.142
  step 1200/1999 best 11.197
  step 1250/1999 best 11.098
  step 1300/1999 best 11.030
  step 1350/1999 best 10.857
  step 1400/1999 best 11.100
  step 1450/1999 best 11.088
  step 1500/1999 best 11.104
  step 1550/1999 best 11.198
  step 1600/1999 best 11.168
  step 1650/1999 best 10.989
  step 1700/1999 best 10.941
  step 1750/1999 best 11.151
  step 1800/1999 best 11.135
  step 1850/1999 best 11.208
  step 1900/1999 best 11.051
  step 1950/1999 best 11.226
saved SBC_CHAINS_cnn_vmim__n1_jitter_seed_s0_sim1537_row1314705_noise4537_4716_4895 (240000, 4) acc=0.158
  step 0/1999 best -12.087
  step 50/1999 best 4.366
  step 100/1999 best 9.766
  step 150/1999 best 11.035
  step 200/1999 best 11.509
  step 250/1999 best 11.400
  step 300/1999 best 11.594
  step 350/1999 best 11.450
  step 400/1999 best 11.525
  step 450/1999 best 11.415
  step 500/1999 best 11.621
  step 550/1999 best 11.512
  step 600/1999 best 11.588
  step 650/1999 best 11.452
  step 700/1999 best 11.506
  step 750/1999 best 11.510
  step 800/1999 best 11.494
  step 850/1999 best 11.541
  step 900/1999 best 11.560
  step 950/1999 best 11.511
  step 1000/1999 best 11.616
  step 1050/1999 best 11.540
  step 1100/1999 best 11.597
  step 1150/1999 best 11.581
  step 1200/1999 best 11.418
  step 1250/1999 best 11.470
  step 1300/1999 best 11.583
  step 1350/1999 best 11.554
  step 1400/1999 best 11.438
  step 1450/1999 best 11.605
  step 1500/1999 best 11.485
  step 1550/1999 best 11.606
  step 1600/1999 best 11.528
  step 1650/1999 best 11.558
  step 1700/1999 best 11.523
  step 1750/1999 best 11.498
  step 1800/1999 best 11.406
  step 1850/1999 best 11.603
  step 1900/1999 best 11.509
  step 1950/1999 best 11.582
saved SBC_CHAINS_cnn_vmim__n1_jitter_seed_s0_sim955_row904075_noise1759_1938_2117 (240000, 4) acc=0.287
  step 0/1999 best -23.495
  step 50/1999 best 6.424
  step 100/1999 best 8.652
  step 150/1999 best 8.515
  step 200/1999 best 9.023
  step 250/1999 best 8.990
  step 300/1999 best 8.918
  step 350/1999 best 9.024
  step 400/1999 best 8.953
  step 450/1999 best 8.961
  step 500/1999 best 8.939
  step 550/1999 best 8.902
  step 600/1999 best 8.996
  step 650/1999 best 8.979
  step 700/1999 best 8.904
  step 750/1999 best 8.892
  step 800/1999 best 8.988
  step 850/1999 best 8.806
  step 900/1999 best 8.733
  step 950/1999 best 8.954
  step 1000/1999 best 8.851
  step 1050/1999 best 8.982
  step 1100/1999 best 8.852
  step 1150/1999 best 8.899
  step 1200/1999 best 8.950
  step 1250/1999 best 8.955
  step 1300/1999 best 8.950
  step 1350/1999 best 8.878
  step 1400/1999 best 8.922
  step 1450/1999 best 8.934
  step 1500/1999 best 8.954
  step 1550/1999 best 8.910
  step 1600/1999 best 9.011
  step 1650/1999 best 8.962
  step 1700/1999 best 9.002
  step 1750/1999 best 8.913
  step 1800/1999 best 8.889
  step 1850/1999 best 8.971
  step 1900/1999 best 8.925
  step 1950/1999 best 8.905
saved SBC_CHAINS_cnn_vmim__n1_jitter_seed_s0_sim841_row790394_noise6014_6193_6372 (240000, 4) acc=0.399
  step 0/1999 best -14.716
  step 50/1999 best 1.123
  step 100/1999 best 4.587
  step 150/1999 best 7.602
  step 200/1999 best 13.191
  step 250/1999 best 13.050
  step 300/1999 best 14.260
  step 350/1999 best 14.417
  step 400/1999 best 14.334
  step 450/1999 best 14.467
  step 500/1999 best 13.845
  step 550/1999 best 14.440
  step 600/1999 best 14.157
  step 650/1999 best 14.222
  step 700/1999 best 14.404
  step 750/1999 best 14.474
  step 800/1999 best 14.136
  step 850/1999 best 14.405
  step 900/1999 best 14.337
  step 950/1999 best 14.447
  step 1000/1999 best 14.349
  step 1050/1999 best 14.461
  step 1100/1999 best 14.437
  step 1150/1999 best 14.281
  step 1200/1999 best 14.362
  step 1250/1999 best 14.341
  step 1300/1999 best 14.315
  step 1350/1999 best 14.417
  step 1400/1999 best 14.473
  step 1450/1999 best 14.472
  step 1500/1999 best 14.453
  step 1550/1999 best 14.502
  step 1600/1999 best 14.496
  step 1650/1999 best 14.475
  step 1700/1999 best 14.362
  step 1750/1999 best 14.462
  step 1800/1999 best 14.448
  step 1850/1999 best 14.306
  step 1900/1999 best 14.460
  step 1950/1999 best 14.427
saved SBC_CHAINS_cnn_vmim__n1_jitter_seed_s0_sim2457_row2056252_noise252_431_610 (240000, 4) acc=0.308
  step 0/1999 best -5.426
  step 50/1999 best 7.563
  step 100/1999 best 11.156
  step 150/1999 best 11.547
  step 200/1999 best 11.952
  step 250/1999 best 12.136
  step 300/1999 best 12.109
  step 350/1999 best 12.179
  step 400/1999 best 11.965
  step 450/1999 best 12.098
  step 500/1999 best 12.139
  step 550/1999 best 12.101
  step 600/1999 best 11.910
  step 650/1999 best 12.084
  step 700/1999 best 12.082
  step 750/1999 best 12.097
  step 800/1999 best 12.166
  step 850/1999 best 12.137
  step 900/1999 best 12.038
  step 950/1999 best 11.989
  step 1000/1999 best 11.959
  step 1050/1999 best 12.163
  step 1100/1999 best 12.179
  step 1150/1999 best 12.066
  step 1200/1999 best 12.169
  step 1250/1999 best 12.172
  step 1300/1999 best 12.009
  step 1350/1999 best 12.106
  step 1400/1999 best 12.175
  step 1450/1999 best 12.129
  step 1500/1999 best 12.118
  step 1550/1999 best 12.187
  step 1600/1999 best 12.075
  step 1650/1999 best 12.130
  step 1700/1999 best 12.126
  step 1750/1999 best 12.113
  step 1800/1999 best 12.142
  step 1850/1999 best 12.120
  step 1900/1999 best 12.097
  step 1950/1999 best 11.988
saved SBC_CHAINS_cnn_vmim__n1_jitter_seed_s0_sim956_row905668_noise3352_3531_3710 (240000, 4) acc=0.324
  step 0/1999 best -7.360
  step 50/1999 best 7.775
  step 100/1999 best 7.201
  step 150/1999 best 6.727
  step 200/1999 best 7.255
  step 250/1999 best 13.948
  step 300/1999 best 12.212
  step 350/1999 best 13.722
  step 400/1999 best 13.990
  step 450/1999 best 14.177
  step 500/1999 best 13.898
  step 550/1999 best 14.029
  step 600/1999 best 14.116
  step 650/1999 best 14.203
  step 700/1999 best 14.214
  step 750/1999 best 14.149
  step 800/1999 best 14.141
  step 850/1999 best 14.224
  step 900/1999 best 14.163
  step 950/1999 best 14.071
  step 1000/1999 best 14.112
  step 1050/1999 best 14.135
  step 1100/1999 best 14.220
  step 1150/1999 best 14.245
  step 1200/1999 best 14.217
  step 1250/1999 best 14.123
  step 1300/1999 best 14.099
  step 1350/1999 best 14.150
  step 1400/1999 best 14.094
  step 1450/1999 best 14.161
  step 1500/1999 best 14.183
  step 1550/1999 best 14.237
  step 1600/1999 best 14.180
  step 1650/1999 best 14.206
  step 1700/1999 best 14.257
  step 1750/1999 best 14.191
  step 1800/1999 best 14.221
  step 1850/1999 best 14.181
  step 1900/1999 best 14.239
  step 1950/1999 best 14.160
saved SBC_CHAINS_cnn_vmim__n1_jitter_seed_s0_sim2392_row1991948_noise4744_4923_5102 (240000, 4) acc=0.322
  step 0/1999 best -16.410
  step 50/1999 best 5.340
  step 100/1999 best 9.991
  step 150/1999 best 9.997
  step 200/1999 best 10.066
  step 250/1999 best 10.017
  step 300/1999 best 10.172
  step 350/1999 best 10.056
  step 400/1999 best 10.095
  step 450/1999 best 10.028
  step 500/1999 best 10.029
  step 550/1999 best 10.080
  step 600/1999 best 9.954
  step 650/1999 best 10.085
  step 700/1999 best 9.973
  step 750/1999 best 10.108
  step 800/1999 best 10.043
  step 850/1999 best 10.038
  step 900/1999 best 10.049
  step 950/1999 best 10.130
  step 1000/1999 best 9.972
  step 1050/1999 best 10.056
  step 1100/1999 best 10.060
  step 1150/1999 best 9.945
  step 1200/1999 best 10.058
  step 1250/1999 best 10.088
  step 1300/1999 best 10.131
  step 1350/1999 best 10.110
  step 1400/1999 best 10.015
  step 1450/1999 best 10.177
  step 1500/1999 best 10.046
  step 1550/1999 best 10.034
  step 1600/1999 best 10.137
  step 1650/1999 best 10.060
  step 1700/1999 best 9.950
  step 1750/1999 best 10.004
  step 1800/1999 best 10.040
  step 1850/1999 best 10.166
  step 1900/1999 best 9.983
  step 1950/1999 best 10.187
saved SBC_CHAINS_cnn_vmim__n1_jitter_seed_s0_sim2923_row2518456_noise4540_4719_4898 (240000, 4) acc=0.401
  step 0/1999 best -5.630
  step 50/1999 best 9.969
  step 100/1999 best 10.891
  step 150/1999 best 11.282
  step 200/1999 best 11.070
  step 250/1999 best 11.205
  step 300/1999 best 11.303
  step 350/1999 best 11.333
  step 400/1999 best 11.094
  step 450/1999 best 11.196
  step 500/1999 best 11.284
  step 550/1999 best 11.366
  step 600/1999 best 11.393
  step 650/1999 best 11.248
  step 700/1999 best 11.266
  step 750/1999 best 11.227
  step 800/1999 best 11.270
  step 850/1999 best 11.288
  step 900/1999 best 11.131
  step 950/1999 best 11.307
  step 1000/1999 best 11.306
  step 1050/1999 best 11.212
  step 1100/1999 best 11.176
  step 1150/1999 best 11.200
  step 1200/1999 best 11.307
  step 1250/1999 best 11.161
  step 1300/1999 best 11.261
  step 1350/1999 best 11.366
  step 1400/1999 best 11.376
  step 1450/1999 best 11.304
  step 1500/1999 best 11.223
  step 1550/1999 best 11.106
  step 1600/1999 best 11.283
  step 1650/1999 best 11.392
  step 1700/1999 best 11.223
  step 1750/1999 best 11.306
  step 1800/1999 best 11.341
  step 1850/1999 best 11.293
  step 1900/1999 best 11.267
  step 1950/1999 best 11.354
saved SBC_CHAINS_cnn_vmim__n1_jitter_seed_s0_sim835_row784994_noise614_793_972 (240000, 4) acc=0.381
  step 0/1999 best -14.281
  step 50/1999 best 10.895
  step 100/1999 best 14.862
  step 150/1999 best 14.976
  step 200/1999 best 15.201
  step 250/1999 best 15.311
  step 300/1999 best 15.329
  step 350/1999 best 15.342
  step 400/1999 best 15.360
  step 450/1999 best 15.485
  step 500/1999 best 15.450
  step 550/1999 best 15.440
  step 600/1999 best 15.391
  step 650/1999 best 15.459
  step 700/1999 best 15.443
  step 750/1999 best 15.490
  step 800/1999 best 15.474
  step 850/1999 best 15.421
  step 900/1999 best 15.461
  step 950/1999 best 15.446
  step 1000/1999 best 15.383
  step 1050/1999 best 15.470
  step 1100/1999 best 15.475
  step 1150/1999 best 15.525
  step 1200/1999 best 15.234
  step 1250/1999 best 15.522
  step 1300/1999 best 15.443
  step 1350/1999 best 15.445
  step 1400/1999 best 15.252
  step 1450/1999 best 15.485
  step 1500/1999 best 15.388
  step 1550/1999 best 15.477
  step 1600/1999 best 15.465
  step 1650/1999 best 15.514
  step 1700/1999 best 15.433
  step 1750/1999 best 15.486
  step 1800/1999 best 15.441
  step 1850/1999 best 15.376
  step 1900/1999 best 15.383
  step 1950/1999 best 15.515
saved SBC_CHAINS_cnn_vmim__n1_jitter_seed_s0_sim1983_row1594758_noise8330_8509_8688 (240000, 4) acc=0.267
  step 0/1999 best -16.301
  step 50/1999 best 0.564
  step 100/1999 best 3.980
  step 150/1999 best 12.917
  step 200/1999 best 14.379
  step 250/1999 best 14.291
  step 300/1999 best 14.441
  step 350/1999 best 14.514
  step 400/1999 best 14.559
  step 450/1999 best 14.503
  step 500/1999 best 14.583
  step 550/1999 best 14.504
  step 600/1999 best 14.535
  step 650/1999 best 14.556
  step 700/1999 best 14.486
  step 750/1999 best 14.607
  step 800/1999 best 14.603
  step 850/1999 best 14.464
  step 900/1999 best 14.519
  step 950/1999 best 14.575
  step 1000/1999 best 14.426
  step 1050/1999 best 14.513
  step 1100/1999 best 14.635
  step 1150/1999 best 14.565
  step 1200/1999 best 14.617
  step 1250/1999 best 14.535
  step 1300/1999 best 14.445
  step 1350/1999 best 14.540
  step 1400/1999 best 14.470
  step 1450/1999 best 14.616
  step 1500/1999 best 14.487
  step 1550/1999 best 14.535
  step 1600/1999 best 14.489
  step 1650/1999 best 14.456
  step 1700/1999 best 14.339
  step 1750/1999 best 14.611
  step 1800/1999 best 14.505
  step 1850/1999 best 14.517
  step 1900/1999 best 14.514
  step 1950/1999 best 14.501
saved SBC_CHAINS_cnn_vmim__n1_jitter_seed_s0_sim1930_row1541929_noise4641_4820_4999 (240000, 4) acc=0.282
  step 0/1999 best -26.027
  step 50/1999 best -1.209
  step 100/1999 best 8.773
  step 150/1999 best 10.670
  step 200/1999 best 11.047
  step 250/1999 best 11.117
  step 300/1999 best 11.339
  step 350/1999 best 11.285
  step 400/1999 best 11.205
  step 450/1999 best 11.494
  step 500/1999 best 11.242
  step 550/1999 best 11.510
  step 600/1999 best 11.487
  step 650/1999 best 11.453
  step 700/1999 best 11.312
  step 750/1999 best 11.326
  step 800/1999 best 11.295
  step 850/1999 best 11.438
  step 900/1999 best 11.410
  step 950/1999 best 11.415
  step 1000/1999 best 11.253
  step 1050/1999 best 11.486
  step 1100/1999 best 11.506
  step 1150/1999 best 11.465
  step 1200/1999 best 11.464
  step 1250/1999 best 11.486
  step 1300/1999 best 11.415
  step 1350/1999 best 11.480
  step 1400/1999 best 11.420
  step 1450/1999 best 11.276
  step 1500/1999 best 11.483
  step 1550/1999 best 11.421
  step 1600/1999 best 11.512
  step 1650/1999 best 11.317
  step 1700/1999 best 11.190
  step 1750/1999 best 11.323
  step 1800/1999 best 11.336
  step 1850/1999 best 11.357
  step 1900/1999 best 11.485
  step 1950/1999 best 11.480
saved SBC_CHAINS_cnn_vmim__n1_jitter_seed_s0_sim373_row359386_noise9750_101_280 (240000, 4) acc=0.188
  step 0/1999 best -17.551
  step 50/1999 best 3.006
  step 100/1999 best 8.439
  step 150/1999 best 12.724
  step 200/1999 best 13.632
  step 250/1999 best 13.724
  step 300/1999 best 13.804
  step 350/1999 best 13.730
  step 400/1999 best 13.834
  step 450/1999 best 13.786
  step 500/1999 best 13.756
  step 550/1999 best 13.828
  step 600/1999 best 13.676
  step 650/1999 best 13.760
  step 700/1999 best 13.706
  step 750/1999 best 13.783
  step 800/1999 best 13.773
  step 850/1999 best 13.706
  step 900/1999 best 13.676
  step 950/1999 best 13.738
  step 1000/1999 best 13.727
  step 1050/1999 best 13.750
  step 1100/1999 best 13.686
  step 1150/1999 best 13.716
  step 1200/1999 best 13.784
  step 1250/1999 best 13.704
  step 1300/1999 best 13.782
  step 1350/1999 best 13.785
  step 1400/1999 best 13.757
  step 1450/1999 best 13.838
  step 1500/1999 best 13.806
  step 1550/1999 best 13.771
  step 1600/1999 best 13.782
  step 1650/1999 best 13.830
  step 1700/1999 best 13.704
  step 1750/1999 best 13.769
  step 1800/1999 best 13.676
  step 1850/1999 best 13.722
  step 1900/1999 best 13.725
  step 1950/1999 best 13.754
saved SBC_CHAINS_cnn_vmim__n1_jitter_seed_s0_sim838_row787421_noise3041_3220_3399 (240000, 4) acc=0.321
  step 0/1999 best -18.990
  step 50/1999 best -3.529
  step 100/1999 best 0.588
  step 150/1999 best 8.671
  step 200/1999 best 11.077
  step 250/1999 best 11.432
  step 300/1999 best 11.903
  step 350/1999 best 11.717
  step 400/1999 best 11.968
  step 450/1999 best 12.009
  step 500/1999 best 12.010
  step 550/1999 best 11.933
  step 600/1999 best 11.895
  step 650/1999 best 11.953
  step 700/1999 best 11.805
  step 750/1999 best 11.981
  step 800/1999 best 11.917
  step 850/1999 best 11.844
  step 900/1999 best 11.886
  step 950/1999 best 11.873
  step 1000/1999 best 11.876
  step 1050/1999 best 11.980
  step 1100/1999 best 11.911
  step 1150/1999 best 11.899
  step 1200/1999 best 11.958
  step 1250/1999 best 12.009
  step 1300/1999 best 11.905
  step 1350/1999 best 11.841
  step 1400/1999 best 11.938
  step 1450/1999 best 11.861
  step 1500/1999 best 11.963
  step 1550/1999 best 11.686
  step 1600/1999 best 11.985
  step 1650/1999 best 12.007
  step 1700/1999 best 11.821
  step 1750/1999 best 11.891
  step 1800/1999 best 11.945
  step 1850/1999 best 11.929
  step 1900/1999 best 12.018
  step 1950/1999 best 11.886
saved SBC_CHAINS_cnn_vmim__n1_jitter_seed_s0_sim3100_row2695119_noise4299_4478_4657 (240000, 4) acc=0.350
  step 0/1999 best -27.275
  step 50/1999 best 10.137
  step 100/1999 best 12.438
  step 150/1999 best 13.621
  step 200/1999 best 13.837
  step 250/1999 best 13.863
  step 300/1999 best 13.797
  step 350/1999 best 13.806
  step 400/1999 best 13.928
  step 450/1999 best 13.886
  step 500/1999 best 14.031
  step 550/1999 best 13.919
  step 600/1999 best 13.987
  step 650/1999 best 13.874
  step 700/1999 best 13.815
  step 750/1999 best 13.874
  step 800/1999 best 13.956
  step 850/1999 best 13.870
  step 900/1999 best 13.994
  step 950/1999 best 13.843
  step 1000/1999 best 14.010
  step 1050/1999 best 13.881
  step 1100/1999 best 13.998
  step 1150/1999 best 13.912
  step 1200/1999 best 13.991
  step 1250/1999 best 14.017
  step 1300/1999 best 13.875
  step 1350/1999 best 13.956
  step 1400/1999 best 13.892
  step 1450/1999 best 13.955
  step 1500/1999 best 13.965
  step 1550/1999 best 13.982
  step 1600/1999 best 13.892
  step 1650/1999 best 13.943
  step 1700/1999 best 13.940
  step 1750/1999 best 13.983
  step 1800/1999 best 13.867
  step 1850/1999 best 14.007
  step 1900/1999 best 13.843
  step 1950/1999 best 13.916
saved SBC_CHAINS_cnn_vmim__n1_jitter_seed_s0_sim800_row749510_noise4442_4621_4800 (240000, 4) acc=0.408
  step 0/1999 best -20.106
  step 50/1999 best -0.750
  step 100/1999 best -0.434
  step 150/1999 best 3.621
  step 200/1999 best 10.604
  step 250/1999 best 11.008
  step 300/1999 best 9.422
  step 350/1999 best 11.432
  step 400/1999 best 11.888
  step 450/1999 best 11.698
  step 500/1999 best 11.752
  step 550/1999 best 11.981
  step 600/1999 best 12.078
  step 650/1999 best 12.196
  step 700/1999 best 11.830
  step 750/1999 best 11.974
  step 800/1999 best 12.110
  step 850/1999 best 11.916
  step 900/1999 best 11.933
  step 950/1999 best 12.003
  step 1000/1999 best 12.147
  step 1050/1999 best 12.166
  step 1100/1999 best 12.029
  step 1150/1999 best 12.117
  step 1200/1999 best 12.022
  step 1250/1999 best 12.068
  step 1300/1999 best 12.181
  step 1350/1999 best 11.985
  step 1400/1999 best 11.847
  step 1450/1999 best 12.079
  step 1500/1999 best 11.973
  step 1550/1999 best 12.164
  step 1600/1999 best 12.063
  step 1650/1999 best 12.114
  step 1700/1999 best 12.122
  step 1750/1999 best 12.027
  step 1800/1999 best 12.030
  step 1850/1999 best 11.851
  step 1900/1999 best 11.858
  step 1950/1999 best 12.088
saved SBC_CHAINS_cnn_vmim__n1_jitter_seed_s0_sim1501_row1278004_noise7148_7327_7506 (240000, 4) acc=0.142
  step 0/1999 best -5.953
  step 50/1999 best 3.811
  step 100/1999 best 6.571
  step 150/1999 best 12.432
  step 200/1999 best 11.946
  step 250/1999 best 12.853
  step 300/1999 best 12.834
  step 350/1999 best 12.605
  step 400/1999 best 12.764
  step 450/1999 best 12.750
  step 500/1999 best 12.820
  step 550/1999 best 12.618
  step 600/1999 best 12.798
  step 650/1999 best 12.775
  step 700/1999 best 12.754
  step 750/1999 best 12.789
  step 800/1999 best 12.849
  step 850/1999 best 12.691
  step 900/1999 best 12.728
  step 950/1999 best 12.794
  step 1000/1999 best 12.709
  step 1050/1999 best 12.772
  step 1100/1999 best 12.705
  step 1150/1999 best 12.675
  step 1200/1999 best 12.804
  step 1250/1999 best 12.609
  step 1300/1999 best 12.711
  step 1350/1999 best 12.836
  step 1400/1999 best 12.808
  step 1450/1999 best 12.810
  step 1500/1999 best 12.600
  step 1550/1999 best 12.728
  step 1600/1999 best 12.832
  step 1650/1999 best 12.786
  step 1700/1999 best 12.706
  step 1750/1999 best 12.816
  step 1800/1999 best 12.801
  step 1850/1999 best 12.790
  step 1900/1999 best 12.802
  step 1950/1999 best 12.734
saved SBC_CHAINS_cnn_vmim__n1_jitter_seed_s0_sim2926_row2521850_noise7934_8113_8292 (240000, 4) acc=0.380
  step 0/1999 best -15.827
  step 50/1999 best 8.865
  step 100/1999 best 10.141
  step 150/1999 best 10.398
  step 200/1999 best 10.405
  step 250/1999 best 10.443
  step 300/1999 best 10.422
  step 350/1999 best 10.264
  step 400/1999 best 10.327
  step 450/1999 best 10.045
  step 500/1999 best 10.366
  step 550/1999 best 10.383
  step 600/1999 best 10.369
  step 650/1999 best 10.449
  step 700/1999 best 10.485
  step 750/1999 best 10.451
  step 800/1999 best 10.313
  step 850/1999 best 10.251
  step 900/1999 best 10.447
  step 950/1999 best 10.390
  step 1000/1999 best 10.299
  step 1050/1999 best 10.405
  step 1100/1999 best 10.419
  step 1150/1999 best 10.440
  step 1200/1999 best 10.400
  step 1250/1999 best 10.443
  step 1300/1999 best 10.458
  step 1350/1999 best 10.359
  step 1400/1999 best 10.416
  step 1450/1999 best 10.419
  step 1500/1999 best 10.429
  step 1550/1999 best 10.398
  step 1600/1999 best 10.460
  step 1650/1999 best 10.426
  step 1700/1999 best 10.304
  step 1750/1999 best 10.438
  step 1800/1999 best 10.384
  step 1850/1999 best 10.452
  step 1900/1999 best 10.414
  step 1950/1999 best 10.398
saved SBC_CHAINS_cnn_vmim__n1_jitter_seed_s0_sim3027_row2622266_noise242_421_600 (240000, 4) acc=0.386
  step 0/1999 best -19.402
  step 50/1999 best -5.250
  step 100/1999 best 8.837
  step 150/1999 best 9.644
  step 200/1999 best 12.331
  step 250/1999 best 13.270
  step 300/1999 best 14.083
  step 350/1999 best 13.725
  step 400/1999 best 13.856
  step 450/1999 best 14.078
  step 500/1999 best 13.994
  step 550/1999 best 14.267
  step 600/1999 best 14.183
  step 650/1999 best 14.105
  step 700/1999 best 14.165
  step 750/1999 best 14.058
  step 800/1999 best 14.244
  step 850/1999 best 14.137
  step 900/1999 best 13.951
  step 950/1999 best 14.146
  step 1000/1999 best 14.170
  step 1050/1999 best 14.179
  step 1100/1999 best 14.150
  step 1150/1999 best 14.224
  step 1200/1999 best 14.054
  step 1250/1999 best 14.268
  step 1300/1999 best 14.272
  step 1350/1999 best 14.175
  step 1400/1999 best 14.228
  step 1450/1999 best 14.163
  step 1500/1999 best 14.184
  step 1550/1999 best 14.042
  step 1600/1999 best 14.159
  step 1650/1999 best 14.271
  step 1700/1999 best 14.156
  step 1750/1999 best 14.170
  step 1800/1999 best 14.141
  step 1850/1999 best 14.102
  step 1900/1999 best 14.205
  step 1950/1999 best 14.153
saved SBC_CHAINS_cnn_vmim__n1_jitter_seed_s0_sim376_row362476_noise3012_3191_3370 (240000, 4) acc=0.152
  step 0/1999 best -23.800
  step 50/1999 best -7.647
  step 100/1999 best 2.184
  step 150/1999 best 4.594
  step 200/1999 best 7.600
  step 250/1999 best 8.789
  step 300/1999 best 9.385
  step 350/1999 best 9.740
  step 400/1999 best 9.478
  step 450/1999 best 9.393
  step 500/1999 best 9.642
  step 550/1999 best 9.443
  step 600/1999 best 9.663
  step 650/1999 best 9.694
  step 700/1999 best 9.647
  step 750/1999 best 9.553
  step 800/1999 best 9.749
  step 850/1999 best 9.634
  step 900/1999 best 9.654
  step 950/1999 best 9.703
  step 1000/1999 best 9.557
  step 1050/1999 best 9.741
  step 1100/1999 best 9.585
  step 1150/1999 best 9.480
  step 1200/1999 best 9.482
  step 1250/1999 best 9.751
  step 1300/1999 best 9.561
  step 1350/1999 best 9.607
  step 1400/1999 best 9.537
  step 1450/1999 best 9.694
  step 1500/1999 best 9.542
  step 1550/1999 best 9.726
  step 1600/1999 best 9.670
  step 1650/1999 best 9.565
  step 1700/1999 best 9.692
  step 1750/1999 best 9.585
  step 1800/1999 best 9.639
  step 1850/1999 best 9.719
  step 1900/1999 best 9.710
  step 1950/1999 best 9.695
saved SBC_CHAINS_cnn_vmim__n1_jitter_seed_s0_sim2623_row2222957_noise9709_60_239 (240000, 4) acc=0.214
  step 0/1999 best -27.273
  step 50/1999 best -7.104
  step 100/1999 best -0.129
  step 150/1999 best 5.936
  step 200/1999 best 10.339
  step 250/1999 best 10.851
  step 300/1999 best 11.695
  step 350/1999 best 11.410
  step 400/1999 best 11.598
  step 450/1999 best 11.698
  step 500/1999 best 11.599
  step 550/1999 best 11.745
  step 600/1999 best 11.643
  step 650/1999 best 11.699
  step 700/1999 best 11.694
  step 750/1999 best 11.638
  step 800/1999 best 11.735
  step 850/1999 best 11.615
  step 900/1999 best 11.635
  step 950/1999 best 11.467
  step 1000/1999 best 11.748
  step 1050/1999 best 11.720
  step 1100/1999 best 11.636
  step 1150/1999 best 11.725
  step 1200/1999 best 11.747
  step 1250/1999 best 11.721
  step 1300/1999 best 11.585
  step 1350/1999 best 11.746
  step 1400/1999 best 11.577
  step 1450/1999 best 11.585
  step 1500/1999 best 11.651
  step 1550/1999 best 11.726
  step 1600/1999 best 11.628
  step 1650/1999 best 11.642
  step 1700/1999 best 11.569
  step 1750/1999 best 11.604
  step 1800/1999 best 11.725
  step 1850/1999 best 11.720
  step 1900/1999 best 11.600
  step 1950/1999 best 11.745
saved SBC_CHAINS_cnn_vmim__n1_jitter_seed_s0_sim2848_row2443506_noise8214_8393_8572 (240000, 4) acc=0.296
  step 0/1999 best -16.394
  step 50/1999 best -1.757
  step 100/1999 best 11.710
  step 150/1999 best 11.942
  step 200/1999 best 11.870
  step 250/1999 best 12.840
  step 300/1999 best 13.121
  step 350/1999 best 13.054
  step 400/1999 best 12.717
  step 450/1999 best 13.001
  step 500/1999 best 13.130
  step 550/1999 best 13.197
  step 600/1999 best 13.172
  step 650/1999 best 13.169
  step 700/1999 best 13.223
  step 750/1999 best 13.100
  step 800/1999 best 13.213
  step 850/1999 best 13.179
  step 900/1999 best 13.138
  step 950/1999 best 13.027
  step 1000/1999 best 12.992
  step 1050/1999 best 13.161
  step 1100/1999 best 13.109
  step 1150/1999 best 13.192
  step 1200/1999 best 13.188
  step 1250/1999 best 13.193
  step 1300/1999 best 13.255
  step 1350/1999 best 13.053
  step 1400/1999 best 13.092
  step 1450/1999 best 13.059
  step 1500/1999 best 13.170
  step 1550/1999 best 13.190
  step 1600/1999 best 13.044
  step 1650/1999 best 13.240
  step 1700/1999 best 13.164
  step 1750/1999 best 13.254
  step 1800/1999 best 13.243
  step 1850/1999 best 13.165
  step 1900/1999 best 13.170
  step 1950/1999 best 12.928
saved SBC_CHAINS_cnn_vmim__n1_jitter_seed_s0_sim1507_row1284783_noise4099_4278_4457 (240000, 4) acc=0.219
  step 0/1999 best -21.738
  step 50/1999 best 13.077
  step 100/1999 best 15.528
  step 150/1999 best 15.761
  step 200/1999 best 15.795
  step 250/1999 best 15.781
  step 300/1999 best 15.940
  step 350/1999 best 15.952
  step 400/1999 best 16.007
  step 450/1999 best 16.018
  step 500/1999 best 16.013
  step 550/1999 best 15.896
  step 600/1999 best 15.989
  step 650/1999 best 15.881
  step 700/1999 best 16.027
  step 750/1999 best 15.965
  step 800/1999 best 15.775
  step 850/1999 best 16.036
  step 900/1999 best 16.056
  step 950/1999 best 15.977
  step 1000/1999 best 16.049
  step 1050/1999 best 15.980
  step 1100/1999 best 15.899
  step 1150/1999 best 15.947
  step 1200/1999 best 16.037
  step 1250/1999 best 15.969
  step 1300/1999 best 15.928
  step 1350/1999 best 16.019
  step 1400/1999 best 16.053
  step 1450/1999 best 16.036
  step 1500/1999 best 15.881
  step 1550/1999 best 15.972
  step 1600/1999 best 15.988
  step 1650/1999 best 16.039
  step 1700/1999 best 16.019
  step 1750/1999 best 16.037
  step 1800/1999 best 16.039
  step 1850/1999 best 15.961
  step 1900/1999 best 16.054
  step 1950/1999 best 15.945
saved SBC_CHAINS_cnn_vmim__n1_jitter_seed_s0_sim1353_row1162773_noise7337_7516_7695 (240000, 4) acc=0.297
  step 0/1999 best -2.545
  step 50/1999 best 7.161
  step 100/1999 best 9.961
  step 150/1999 best 10.251
  step 200/1999 best 10.239
  step 250/1999 best 10.245
  step 300/1999 best 10.278
  step 350/1999 best 10.364
  step 400/1999 best 10.220
  step 450/1999 best 10.302
  step 500/1999 best 10.273
  step 550/1999 best 10.222
  step 600/1999 best 10.293
  step 650/1999 best 10.342
  step 700/1999 best 10.374
  step 750/1999 best 10.333
  step 800/1999 best 10.184
  step 850/1999 best 10.224
  step 900/1999 best 10.268
  step 950/1999 best 10.297
  step 1000/1999 best 10.356
  step 1050/1999 best 10.343
  step 1100/1999 best 10.237
  step 1150/1999 best 10.180
  step 1200/1999 best 10.171
  step 1250/1999 best 10.280
  step 1300/1999 best 10.414
  step 1350/1999 best 10.356
  step 1400/1999 best 10.327
  step 1450/1999 best 10.410
  step 1500/1999 best 10.313
  step 1550/1999 best 10.337
  step 1600/1999 best 10.351
  step 1650/1999 best 10.299
  step 1700/1999 best 10.343
  step 1750/1999 best 10.331
  step 1800/1999 best 10.280
  step 1850/1999 best 10.261
  step 1900/1999 best 10.300
  step 1950/1999 best 10.393
saved SBC_CHAINS_cnn_vmim__n1_jitter_seed_s0_sim757_row706949_noise1193_1372_1551 (240000, 4) acc=0.403
  step 0/1999 best -27.733
  step 50/1999 best -0.396
  step 100/1999 best 7.058
  step 150/1999 best 12.142
  step 200/1999 best 12.955
  step 250/1999 best 12.869
  step 300/1999 best 12.912
  step 350/1999 best 12.848
  step 400/1999 best 12.901
  step 450/1999 best 12.775
  step 500/1999 best 12.875
  step 550/1999 best 12.946
  step 600/1999 best 12.931
  step 650/1999 best 12.898
  step 700/1999 best 12.748
  step 750/1999 best 12.860
  step 800/1999 best 12.943
  step 850/1999 best 12.927
  step 900/1999 best 12.818
  step 950/1999 best 12.704
  step 1000/1999 best 12.917
  step 1050/1999 best 12.943
  step 1100/1999 best 12.898
  step 1150/1999 best 12.897
  step 1200/1999 best 12.940
  step 1250/1999 best 12.815
  step 1300/1999 best 12.828
  step 1350/1999 best 12.868
  step 1400/1999 best 12.888
  step 1450/1999 best 12.930
  step 1500/1999 best 12.748
  step 1550/1999 best 12.882
  step 1600/1999 best 12.856
  step 1650/1999 best 12.942
  step 1700/1999 best 12.976
  step 1750/1999 best 12.788
  step 1800/1999 best 12.908
  step 1850/1999 best 12.934
  step 1900/1999 best 12.960
  step 1950/1999 best 12.743
saved SBC_CHAINS_cnn_vmim__n1_jitter_seed_s0_sim662_row615334_noise3858_4037_4216 (240000, 4) acc=0.417
  step 0/1999 best -15.629
  step 50/1999 best 2.129
  step 100/1999 best 9.288
  step 150/1999 best 10.384
  step 200/1999 best 10.724
  step 250/1999 best 10.852
  step 300/1999 best 10.830
  step 350/1999 best 10.774
  step 400/1999 best 10.883
  step 450/1999 best 10.806
  step 500/1999 best 10.811
  step 550/1999 best 10.916
  step 600/1999 best 10.775
  step 650/1999 best 10.772
  step 700/1999 best 10.883
  step 750/1999 best 10.726
  step 800/1999 best 10.889
  step 850/1999 best 10.856
  step 900/1999 best 10.859
  step 950/1999 best 10.865
  step 1000/1999 best 10.895
  step 1050/1999 best 10.755
  step 1100/1999 best 10.813
  step 1150/1999 best 10.868
  step 1200/1999 best 10.833
  step 1250/1999 best 10.717
  step 1300/1999 best 10.836
  step 1350/1999 best 10.839
  step 1400/1999 best 10.908
  step 1450/1999 best 10.787
  step 1500/1999 best 10.885
  step 1550/1999 best 10.749
  step 1600/1999 best 10.786
  step 1650/1999 best 10.799
  step 1700/1999 best 10.820
  step 1750/1999 best 10.889
  step 1800/1999 best 10.916
  step 1850/1999 best 10.924
  step 1900/1999 best 10.901
  step 1950/1999 best 10.799
saved SBC_CHAINS_cnn_vmim__n1_jitter_seed_s0_sim680_row631503_noise2371_2550_2729 (240000, 4) acc=0.353
  step 0/1999 best -10.337
  step 50/1999 best -0.024
  step 100/1999 best 6.376
  step 150/1999 best 10.898
  step 200/1999 best 11.580
  step 250/1999 best 11.491
  step 300/1999 best 11.735
  step 350/1999 best 11.957
  step 400/1999 best 11.840
  step 450/1999 best 11.811
  step 500/1999 best 11.859
  step 550/1999 best 11.779
  step 600/1999 best 11.839
  step 650/1999 best 11.903
  step 700/1999 best 11.937
  step 750/1999 best 11.860
  step 800/1999 best 11.718
  step 850/1999 best 11.791
  step 900/1999 best 11.820
  step 950/1999 best 11.916
  step 1000/1999 best 11.933
  step 1050/1999 best 11.794
  step 1100/1999 best 11.846
  step 1150/1999 best 11.852
  step 1200/1999 best 11.916
  step 1250/1999 best 11.888
  step 1300/1999 best 11.797
  step 1350/1999 best 11.916
  step 1400/1999 best 11.753
  step 1450/1999 best 11.805
  step 1500/1999 best 11.857
  step 1550/1999 best 11.793
  step 1600/1999 best 11.882
  step 1650/1999 best 11.851
  step 1700/1999 best 11.836
  step 1750/1999 best 11.880
  step 1800/1999 best 11.809
  step 1850/1999 best 11.803
  step 1900/1999 best 11.951
  step 1950/1999 best 11.942
saved SBC_CHAINS_cnn_vmim__n1_jitter_seed_s0_sim2626_row2225806_noise2730_2909_3088 (240000, 4) acc=0.332
  step 0/1999 best -10.384
  step 50/1999 best -1.017
  step 100/1999 best 0.557
  step 150/1999 best 2.069
  step 200/1999 best 2.069
  step 250/1999 best 7.625
  step 300/1999 best 9.604
  step 350/1999 best 12.171
  step 400/1999 best 12.336
  step 450/1999 best 11.946
  step 500/1999 best 12.762
  step 550/1999 best 12.181
  step 600/1999 best 12.811
  step 650/1999 best 12.791
  step 700/1999 best 12.887
  step 750/1999 best 12.876
  step 800/1999 best 12.939
  step 850/1999 best 12.900
  step 900/1999 best 12.808
  step 950/1999 best 12.788
  step 1000/1999 best 12.755
  step 1050/1999 best 12.806
  step 1100/1999 best 12.684
  step 1150/1999 best 12.866
  step 1200/1999 best 12.879
  step 1250/1999 best 12.954
  step 1300/1999 best 12.884
  step 1350/1999 best 12.922
  step 1400/1999 best 12.808
  step 1450/1999 best 12.626
  step 1500/1999 best 12.924
  step 1550/1999 best 12.822
  step 1600/1999 best 12.870
  step 1650/1999 best 12.859
  step 1700/1999 best 12.915
  step 1750/1999 best 12.898
  step 1800/1999 best 12.911
  step 1850/1999 best 12.969
  step 1900/1999 best 12.878
  step 1950/1999 best 12.975
saved SBC_CHAINS_cnn_vmim__n1_jitter_seed_s0_sim2044_row1654743_noise519_698_877 (240000, 4) acc=0.180
  step 0/1999 best -19.459
  step 50/1999 best -8.496
  step 100/1999 best 5.867
  step 150/1999 best 10.544
  step 200/1999 best 11.163
  step 250/1999 best 11.253
  step 300/1999 best 11.082
  step 350/1999 best 11.407
  step 400/1999 best 11.319
  step 450/1999 best 11.241
  step 500/1999 best 11.343
  step 550/1999 best 11.068
  step 600/1999 best 11.108
  step 650/1999 best 11.349
  step 700/1999 best 11.415
  step 750/1999 best 11.393
  step 800/1999 best 11.461
  step 850/1999 best 11.466
  step 900/1999 best 11.396
  step 950/1999 best 11.466
  step 1000/1999 best 11.255
  step 1050/1999 best 11.383
  step 1100/1999 best 11.269
  step 1150/1999 best 11.363
  step 1200/1999 best 11.401
  step 1250/1999 best 11.313
  step 1300/1999 best 11.424
  step 1350/1999 best 11.131
  step 1400/1999 best 11.427
  step 1450/1999 best 11.395
  step 1500/1999 best 11.514
  step 1550/1999 best 11.303
  step 1600/1999 best 11.383
  step 1650/1999 best 11.409
  step 1700/1999 best 11.270
  step 1750/1999 best 11.313
  step 1800/1999 best 11.359
  step 1850/1999 best 11.374
  step 1900/1999 best 11.443
  step 1950/1999 best 11.402
saved SBC_CHAINS_cnn_vmim__n1_jitter_seed_s0_sim2473_row2072784_noise6956_7135_7314 (240000, 4) acc=0.228
  step 0/1999 best -23.940
  step 50/1999 best 3.063
  step 100/1999 best 6.806
  step 150/1999 best 10.175
  step 200/1999 best 10.118
  step 250/1999 best 10.107
  step 300/1999 best 10.281
  step 350/1999 best 10.165
  step 400/1999 best 10.214
  step 450/1999 best 10.251
  step 500/1999 best 10.249
  step 550/1999 best 10.206
  step 600/1999 best 10.167
  step 650/1999 best 10.172
  step 700/1999 best 10.094
  step 750/1999 best 10.089
  step 800/1999 best 10.112
  step 850/1999 best 10.163
  step 900/1999 best 10.252
  step 950/1999 best 10.097
  step 1000/1999 best 10.202
  step 1050/1999 best 10.228
  step 1100/1999 best 10.287
  step 1150/1999 best 10.268
  step 1200/1999 best 10.189
  step 1250/1999 best 10.252
  step 1300/1999 best 10.135
  step 1350/1999 best 10.187
  step 1400/1999 best 10.232
  step 1450/1999 best 10.173
  step 1500/1999 best 10.179
  step 1550/1999 best 10.164
  step 1600/1999 best 10.237
  step 1650/1999 best 10.266
  step 1700/1999 best 10.274
  step 1750/1999 best 10.238
  step 1800/1999 best 10.249
  step 1850/1999 best 10.191
  step 1900/1999 best 10.242
  step 1950/1999 best 10.234
saved SBC_CHAINS_cnn_vmim__n1_jitter_seed_s0_sim2821_row2416116_noise480_659_838 (240000, 4) acc=0.416
  step 0/1999 best -19.116
  step 50/1999 best 4.201
  step 100/1999 best 10.286
  step 150/1999 best 12.174
  step 200/1999 best 11.887
  step 250/1999 best 12.419
  step 300/1999 best 12.662
  step 350/1999 best 12.694
  step 400/1999 best 12.634
  step 450/1999 best 12.550
  step 500/1999 best 12.698
  step 550/1999 best 12.612
  step 600/1999 best 12.607
  step 650/1999 best 12.829
  step 700/1999 best 12.508
  step 750/1999 best 12.751
  step 800/1999 best 12.710
  step 850/1999 best 12.708
  step 900/1999 best 12.654
  step 950/1999 best 12.687
  step 1000/1999 best 12.813
  step 1050/1999 best 12.665
  step 1100/1999 best 12.636
  step 1150/1999 best 12.577
  step 1200/1999 best 12.705
  step 1250/1999 best 12.708
  step 1300/1999 best 12.703
  step 1350/1999 best 12.707
  step 1400/1999 best 12.655
  step 1450/1999 best 12.641
  step 1500/1999 best 12.765
  step 1550/1999 best 12.694
  step 1600/1999 best 12.727
  step 1650/1999 best 12.739
  step 1700/1999 best 12.609
  step 1750/1999 best 12.654
  step 1800/1999 best 12.813
  step 1850/1999 best 12.608
  step 1900/1999 best 12.811
  step 1950/1999 best 12.634
saved SBC_CHAINS_cnn_vmim__n1_jitter_seed_s0_sim2390_row1989279_noise2075_2254_2433 (240000, 4) acc=0.268
  step 0/1999 best -23.024
  step 50/1999 best 3.042
  step 100/1999 best 7.188
  step 150/1999 best 8.042
  step 200/1999 best 12.779
  step 250/1999 best 11.325
  step 300/1999 best 12.911
  step 350/1999 best 13.345
  step 400/1999 best 13.747
  step 450/1999 best 13.419
  step 500/1999 best 13.401
  step 550/1999 best 13.572
  step 600/1999 best 13.679
  step 650/1999 best 13.751
  step 700/1999 best 13.608
  step 750/1999 best 13.607
  step 800/1999 best 13.608
  step 850/1999 best 13.676
  step 900/1999 best 13.649
  step 950/1999 best 13.707
  step 1000/1999 best 13.613
  step 1050/1999 best 13.781
  step 1100/1999 best 13.775
  step 1150/1999 best 13.694
  step 1200/1999 best 13.669
  step 1250/1999 best 13.629
  step 1300/1999 best 13.749
  step 1350/1999 best 13.680
  step 1400/1999 best 13.750
  step 1450/1999 best 13.687
  step 1500/1999 best 13.693
  step 1550/1999 best 13.691
  step 1600/1999 best 13.685
  step 1650/1999 best 13.633
  step 1700/1999 best 13.708
  step 1750/1999 best 13.638
  step 1800/1999 best 13.787
  step 1850/1999 best 13.681
  step 1900/1999 best 13.633
  step 1950/1999 best 13.612
saved SBC_CHAINS_cnn_vmim__n1_jitter_seed_s0_sim982_row931992_noise192_371_550 (240000, 4) acc=0.183
  step 0/1999 best -14.528
  step 50/1999 best 4.385
  step 100/1999 best 13.982
  step 150/1999 best 14.932
  step 200/1999 best 14.833
  step 250/1999 best 14.876
  step 300/1999 best 14.935
  step 350/1999 best 14.851
  step 400/1999 best 14.940
  step 450/1999 best 15.014
  step 500/1999 best 14.923
  step 550/1999 best 14.915
  step 600/1999 best 14.831
  step 650/1999 best 15.041
  step 700/1999 best 14.961
  step 750/1999 best 14.960
  step 800/1999 best 14.783
  step 850/1999 best 15.024
  step 900/1999 best 15.077
  step 950/1999 best 14.795
  step 1000/1999 best 14.661
  step 1050/1999 best 14.883
  step 1100/1999 best 14.900
  step 1150/1999 best 14.906
  step 1200/1999 best 14.880
  step 1250/1999 best 14.951
  step 1300/1999 best 14.913
  step 1350/1999 best 15.002
  step 1400/1999 best 14.986
  step 1450/1999 best 14.894
  step 1500/1999 best 14.966
  step 1550/1999 best 14.942
  step 1600/1999 best 14.890
  step 1650/1999 best 14.751
  step 1700/1999 best 14.928
  step 1750/1999 best 14.957
  step 1800/1999 best 15.035
  step 1850/1999 best 14.960
  step 1900/1999 best 15.036
  step 1950/1999 best 14.959
saved SBC_CHAINS_cnn_vmim__n1_jitter_seed_s0_sim1430_row1212287_noise5227_5406_5585 (240000, 4) acc=0.261
  step 0/1999 best -17.017
  step 50/1999 best -10.021
  step 100/1999 best -0.070
  step 150/1999 best 9.881
  step 200/1999 best 10.934
  step 250/1999 best 9.746
  step 300/1999 best 10.625
  step 350/1999 best 11.412
  step 400/1999 best 11.526
  step 450/1999 best 11.528
  step 500/1999 best 11.353
  step 550/1999 best 11.518
  step 600/1999 best 11.342
  step 650/1999 best 11.467
  step 700/1999 best 11.471
  step 750/1999 best 11.547
  step 800/1999 best 11.513
  step 850/1999 best 11.334
  step 900/1999 best 11.405
  step 950/1999 best 11.449
  step 1000/1999 best 11.231
  step 1050/1999 best 11.467
  step 1100/1999 best 11.234
  step 1150/1999 best 11.568
  step 1200/1999 best 11.551
  step 1250/1999 best 11.458
  step 1300/1999 best 11.501
  step 1350/1999 best 11.561
  step 1400/1999 best 11.522
  step 1450/1999 best 11.514
  step 1500/1999 best 11.424
  step 1550/1999 best 11.521
  step 1600/1999 best 11.452
  step 1650/1999 best 11.508
  step 1700/1999 best 11.456
  step 1750/1999 best 11.420
  step 1800/1999 best 11.494
  step 1850/1999 best 11.466
  step 1900/1999 best 11.501
  step 1950/1999 best 11.504
saved SBC_CHAINS_cnn_vmim__n1_jitter_seed_s0_sim2824_row2419720_noise4084_4263_4442 (240000, 4) acc=0.238
  step 0/1999 best -25.354
  step 50/1999 best 6.705
  step 100/1999 best 11.689
  step 150/1999 best 14.299
  step 200/1999 best 14.945
  step 250/1999 best 15.127
  step 300/1999 best 15.189
  step 350/1999 best 15.266
  step 400/1999 best 15.238
  step 450/1999 best 15.191
  step 500/1999 best 15.146
  step 550/1999 best 15.168
  step 600/1999 best 15.123
  step 650/1999 best 15.224
  step 700/1999 best 15.072
  step 750/1999 best 15.239
  step 800/1999 best 15.236
  step 850/1999 best 15.204
  step 900/1999 best 15.252
  step 950/1999 best 15.277
  step 1000/1999 best 15.246
  step 1050/1999 best 15.100
  step 1100/1999 best 15.136
  step 1150/1999 best 15.267
  step 1200/1999 best 15.276
  step 1250/1999 best 15.259
  step 1300/1999 best 15.179
  step 1350/1999 best 15.239
  step 1400/1999 best 15.273
  step 1450/1999 best 15.229
  step 1500/1999 best 15.207
  step 1550/1999 best 15.169
  step 1600/1999 best 15.176
  step 1650/1999 best 15.230
  step 1700/1999 best 15.189
  step 1750/1999 best 15.314
  step 1800/1999 best 15.300
  step 1850/1999 best 15.250
  step 1900/1999 best 15.143
  step 1950/1999 best 15.276
saved SBC_CHAINS_cnn_vmim__n1_jitter_seed_s0_sim736_row685259_noise8987_9166_9345 (240000, 4) acc=0.384
  step 0/1999 best -12.823
  step 50/1999 best 5.234
  step 100/1999 best 7.220
  step 150/1999 best 7.017
  step 200/1999 best 9.249
  step 250/1999 best 10.806
  step 300/1999 best 12.328
  step 350/1999 best 12.351
  step 400/1999 best 12.078
  step 450/1999 best 12.652
  step 500/1999 best 12.370
  step 550/1999 best 12.489
  step 600/1999 best 12.564
  step 650/1999 best 12.445
  step 700/1999 best 12.546
  step 750/1999 best 12.553
  step 800/1999 best 12.596
  step 850/1999 best 12.391
  step 900/1999 best 12.517
  step 950/1999 best 12.551
  step 1000/1999 best 12.479
  step 1050/1999 best 12.243
  step 1100/1999 best 12.281
  step 1150/1999 best 12.473
  step 1200/1999 best 12.626
  step 1250/1999 best 12.503
  step 1300/1999 best 12.606
  step 1350/1999 best 12.487
  step 1400/1999 best 12.546
  step 1450/1999 best 12.489
  step 1500/1999 best 12.561
  step 1550/1999 best 12.381
  step 1600/1999 best 12.652
  step 1650/1999 best 12.288
  step 1700/1999 best 12.341
  step 1750/1999 best 12.541
  step 1800/1999 best 12.604
  step 1850/1999 best 12.507
  step 1900/1999 best 12.564
  step 1950/1999 best 12.619
saved SBC_CHAINS_cnn_vmim__n1_jitter_seed_s0_sim1466_row1248103_noise1731_1910_2089 (240000, 4) acc=0.143
  step 0/1999 best -21.818
  step 50/1999 best 6.311
  step 100/1999 best 12.150
  step 150/1999 best 12.183
  step 200/1999 best 12.466
  step 250/1999 best 12.472
  step 300/1999 best 12.559
  step 350/1999 best 12.493
  step 400/1999 best 12.485
  step 450/1999 best 12.436
  step 500/1999 best 12.401
  step 550/1999 best 12.509
  step 600/1999 best 12.558
  step 650/1999 best 12.479
  step 700/1999 best 12.446
  step 750/1999 best 12.464
  step 800/1999 best 12.501
  step 850/1999 best 12.489
  step 900/1999 best 12.542
  step 950/1999 best 12.541
  step 1000/1999 best 12.441
  step 1050/1999 best 12.486
  step 1100/1999 best 12.520
  step 1150/1999 best 12.518
  step 1200/1999 best 12.411
  step 1250/1999 best 12.455
  step 1300/1999 best 12.534
  step 1350/1999 best 12.497
  step 1400/1999 best 12.518
  step 1450/1999 best 12.460
  step 1500/1999 best 12.553
  step 1550/1999 best 12.575
  step 1600/1999 best 12.500
  step 1650/1999 best 12.415
  step 1700/1999 best 12.539
  step 1750/1999 best 12.424
  step 1800/1999 best 12.512
  step 1850/1999 best 12.526
  step 1900/1999 best 12.533
  step 1950/1999 best 12.491
saved SBC_CHAINS_cnn_vmim__n1_jitter_seed_s0_sim883_row832926_noise9234_9413_9592 (240000, 4) acc=0.406
  step 0/1999 best -16.328
  step 50/1999 best 9.545
  step 100/1999 best 11.193
  step 150/1999 best 11.471
  step 200/1999 best 11.374
  step 250/1999 best 11.443
  step 300/1999 best 11.509
  step 350/1999 best 11.455
  step 400/1999 best 11.449
  step 450/1999 best 11.401
  step 500/1999 best 11.417
  step 550/1999 best 11.358
  step 600/1999 best 11.192
  step 650/1999 best 11.535
  step 700/1999 best 11.495
  step 750/1999 best 11.430
  step 800/1999 best 11.430
  step 850/1999 best 11.399
  step 900/1999 best 11.414
  step 950/1999 best 11.501
  step 1000/1999 best 11.529
  step 1050/1999 best 11.416
  step 1100/1999 best 11.321
  step 1150/1999 best 11.484
  step 1200/1999 best 11.427
  step 1250/1999 best 11.486
  step 1300/1999 best 11.435
  step 1350/1999 best 11.411
  step 1400/1999 best 11.458
  step 1450/1999 best 11.440
  step 1500/1999 best 11.447
  step 1550/1999 best 11.370
  step 1600/1999 best 11.390
  step 1650/1999 best 11.410
  step 1700/1999 best 11.345
  step 1750/1999 best 11.505
  step 1800/1999 best 11.441
  step 1850/1999 best 11.505
  step 1900/1999 best 11.415
  step 1950/1999 best 11.510
saved SBC_CHAINS_cnn_vmim__n1_jitter_seed_s0_sim758_row707349_noise1593_1772_1951 (240000, 4) acc=0.392
  step 0/1999 best -17.891
  step 50/1999 best 13.268
  step 100/1999 best 14.566
  step 150/1999 best 14.597
  step 200/1999 best 14.636
  step 250/1999 best 14.635
  step 300/1999 best 14.596
  step 350/1999 best 14.527
  step 400/1999 best 14.459
  step 450/1999 best 14.572
  step 500/1999 best 14.629
  step 550/1999 best 14.602
  step 600/1999 best 14.639
  step 650/1999 best 14.648
  step 700/1999 best 14.663
  step 750/1999 best 14.620
  step 800/1999 best 14.591
  step 850/1999 best 14.604
  step 900/1999 best 14.534
  step 950/1999 best 14.659
  step 1000/1999 best 14.654
  step 1050/1999 best 14.487
  step 1100/1999 best 14.489
  step 1150/1999 best 14.633
  step 1200/1999 best 14.611
  step 1250/1999 best 14.627
  step 1300/1999 best 14.561
  step 1350/1999 best 14.519
  step 1400/1999 best 14.635
  step 1450/1999 best 14.631
  step 1500/1999 best 14.678
  step 1550/1999 best 14.648
  step 1600/1999 best 14.582
  step 1650/1999 best 14.680
  step 1700/1999 best 14.546
  step 1750/1999 best 14.600
  step 1800/1999 best 14.586
  step 1850/1999 best 14.586
  step 1900/1999 best 14.582
  step 1950/1999 best 14.536
saved SBC_CHAINS_cnn_vmim__n1_jitter_seed_s0_sim1285_row1102276_noise7636_7815_7994 (240000, 4) acc=0.379
  step 0/1999 best -17.352
  step 50/1999 best 8.574
  step 100/1999 best 11.874
  step 150/1999 best 13.579
  step 200/1999 best 13.863
  step 250/1999 best 13.751
  step 300/1999 best 13.823
  step 350/1999 best 13.931
  step 400/1999 best 13.912
  step 450/1999 best 13.977
  step 500/1999 best 13.974
  step 550/1999 best 13.791
  step 600/1999 best 13.799
  step 650/1999 best 13.888
  step 700/1999 best 13.930
  step 750/1999 best 14.034
  step 800/1999 best 14.010
  step 850/1999 best 13.933
  step 900/1999 best 13.987
  step 950/1999 best 13.945
  step 1000/1999 best 13.994
  step 1050/1999 best 13.985
  step 1100/1999 best 14.041
  step 1150/1999 best 14.040
  step 1200/1999 best 14.000
  step 1250/1999 best 14.009
  step 1300/1999 best 13.987
  step 1350/1999 best 13.900
  step 1400/1999 best 13.974
  step 1450/1999 best 14.029
  step 1500/1999 best 13.976
  step 1550/1999 best 13.979
  step 1600/1999 best 14.004
  step 1650/1999 best 13.948
  step 1700/1999 best 13.850
  step 1750/1999 best 13.982
  step 1800/1999 best 13.924
  step 1850/1999 best 13.987
  step 1900/1999 best 13.965
  step 1950/1999 best 13.951
saved SBC_CHAINS_cnn_vmim__n1_jitter_seed_s0_sim747_row696875_noise947_1126_1305 (240000, 4) acc=0.440
  step 0/1999 best -19.773
  step 50/1999 best 2.678
  step 100/1999 best 6.592
  step 150/1999 best 7.591
  step 200/1999 best 7.613
  step 250/1999 best 14.513
  step 300/1999 best 13.373
  step 350/1999 best 13.179
  step 400/1999 best 14.390
  step 450/1999 best 14.459
  step 500/1999 best 14.992
  step 550/1999 best 14.936
  step 600/1999 best 14.708
  step 650/1999 best 14.722
  step 700/1999 best 14.757
  step 750/1999 best 14.911
  step 800/1999 best 14.620
  step 850/1999 best 14.703
  step 900/1999 best 14.781
  step 950/1999 best 14.895
  step 1000/1999 best 14.930
  step 1050/1999 best 14.736
  step 1100/1999 best 15.073
  step 1150/1999 best 14.805
  step 1200/1999 best 15.033
  step 1250/1999 best 14.930
  step 1300/1999 best 14.758
  step 1350/1999 best 14.926
  step 1400/1999 best 14.760
  step 1450/1999 best 15.012
  step 1500/1999 best 15.000
  step 1550/1999 best 14.829
  step 1600/1999 best 14.933
  step 1650/1999 best 14.902
  step 1700/1999 best 14.956
  step 1750/1999 best 14.989
  step 1800/1999 best 14.957
  step 1850/1999 best 14.956
  step 1900/1999 best 15.048
  step 1950/1999 best 14.925
saved SBC_CHAINS_cnn_vmim__n1_jitter_seed_s0_sim172_row163117_noise5041_5220_5399 (240000, 4) acc=0.157
  step 0/1999 best -11.198
  step 50/1999 best -6.504
  step 100/1999 best 2.733
  step 150/1999 best 10.567
  step 200/1999 best 14.031
  step 250/1999 best 15.124
  step 300/1999 best 14.962
  step 350/1999 best 15.104
  step 400/1999 best 15.013
  step 450/1999 best 15.134
  step 500/1999 best 15.125
  step 550/1999 best 15.193
  step 600/1999 best 15.276
  step 650/1999 best 15.131
  step 700/1999 best 15.196
  step 750/1999 best 15.030
  step 800/1999 best 14.902
  step 850/1999 best 15.267
  step 900/1999 best 15.174
  step 950/1999 best 15.112
  step 1000/1999 best 15.218
  step 1050/1999 best 15.207
  step 1100/1999 best 15.303
  step 1150/1999 best 15.264
  step 1200/1999 best 15.140
  step 1250/1999 best 15.169
  step 1300/1999 best 15.176
  step 1350/1999 best 14.983
  step 1400/1999 best 15.204
  step 1450/1999 best 15.057
  step 1500/1999 best 15.211
  step 1550/1999 best 15.257
  step 1600/1999 best 15.253
  step 1650/1999 best 15.265
  step 1700/1999 best 15.240
  step 1750/1999 best 15.270
  step 1800/1999 best 15.224
  step 1850/1999 best 15.015
  step 1900/1999 best 15.069
  step 1950/1999 best 15.065
saved SBC_CHAINS_cnn_vmim__n1_jitter_seed_s0_sim98_row97917_noise637_816_995 (240000, 4) acc=0.181
  step 0/1999 best -24.499
  step 50/1999 best 8.385
  step 100/1999 best 10.711
  step 150/1999 best 12.582
  step 200/1999 best 12.613
  step 250/1999 best 12.628
  step 300/1999 best 12.429
  step 350/1999 best 12.571
  step 400/1999 best 12.637
  step 450/1999 best 12.464
  step 500/1999 best 12.614
  step 550/1999 best 12.392
  step 600/1999 best 12.587
  step 650/1999 best 12.628
  step 700/1999 best 12.611
  step 750/1999 best 12.589
  step 800/1999 best 12.559
  step 850/1999 best 12.284
  step 900/1999 best 12.514
  step 950/1999 best 12.561
  step 1000/1999 best 12.596
  step 1050/1999 best 12.548
  step 1100/1999 best 12.596
  step 1150/1999 best 12.607
  step 1200/1999 best 12.577
  step 1250/1999 best 12.603
  step 1300/1999 best 12.539
  step 1350/1999 best 12.477
  step 1400/1999 best 12.559
  step 1450/1999 best 12.437
  step 1500/1999 best 12.560
  step 1550/1999 best 12.578
  step 1600/1999 best 12.543
  step 1650/1999 best 12.562
  step 1700/1999 best 12.518
  step 1750/1999 best 12.528
  step 1800/1999 best 12.474
  step 1850/1999 best 12.662
  step 1900/1999 best 12.543
  step 1950/1999 best 12.526
saved SBC_CHAINS_cnn_vmim__n1_jitter_seed_s0_sim2919_row2514045_noise129_308_487 (240000, 4) acc=0.477
  step 0/1999 best -21.034
  step 50/1999 best 12.599
  step 100/1999 best 12.398
  step 150/1999 best 13.161
  step 200/1999 best 13.345
  step 250/1999 best 13.131
  step 300/1999 best 13.191
  step 350/1999 best 13.279
  step 400/1999 best 13.331
  step 450/1999 best 13.324
  step 500/1999 best 13.265
  step 550/1999 best 13.155
  step 600/1999 best 13.359
  step 650/1999 best 13.196
  step 700/1999 best 13.364
  step 750/1999 best 13.363
  step 800/1999 best 13.164
  step 850/1999 best 13.331
  step 900/1999 best 13.308
  step 950/1999 best 13.333
  step 1000/1999 best 13.364
  step 1050/1999 best 13.390
  step 1100/1999 best 13.298
  step 1150/1999 best 13.266
  step 1200/1999 best 13.288
  step 1250/1999 best 13.376
  step 1300/1999 best 13.329
  step 1350/1999 best 13.317
  step 1400/1999 best 13.243
  step 1450/1999 best 13.343
  step 1500/1999 best 13.370
  step 1550/1999 best 13.409
  step 1600/1999 best 13.351
  step 1650/1999 best 13.379
  step 1700/1999 best 13.187
  step 1750/1999 best 13.322
  step 1800/1999 best 13.403
  step 1850/1999 best 13.347
  step 1900/1999 best 13.263
  step 1950/1999 best 13.320
saved SBC_CHAINS_cnn_vmim__n1_jitter_seed_s0_sim908_row857254_noise4078_4257_4436 (240000, 4) acc=0.309
  step 0/1999 best -7.665
  step 50/1999 best 5.542
  step 100/1999 best 11.151
  step 150/1999 best 12.452
  step 200/1999 best 12.666
  step 250/1999 best 12.681
  step 300/1999 best 12.562
  step 350/1999 best 12.669
  step 400/1999 best 12.634
  step 450/1999 best 12.518
  step 500/1999 best 12.596
  step 550/1999 best 12.628
  step 600/1999 best 12.660
  step 650/1999 best 12.526
  step 700/1999 best 12.675
  step 750/1999 best 12.674
  step 800/1999 best 12.583
  step 850/1999 best 12.658
  step 900/1999 best 12.648
  step 950/1999 best 12.564
  step 1000/1999 best 12.689
  step 1050/1999 best 12.632
  step 1100/1999 best 12.665
  step 1150/1999 best 12.602
  step 1200/1999 best 12.655
  step 1250/1999 best 12.708
  step 1300/1999 best 12.690
  step 1350/1999 best 12.565
  step 1400/1999 best 12.713
  step 1450/1999 best 12.671
  step 1500/1999 best 12.554
  step 1550/1999 best 12.556
  step 1600/1999 best 12.577
  step 1650/1999 best 12.489
  step 1700/1999 best 12.664
  step 1750/1999 best 12.479
  step 1800/1999 best 12.602
  step 1850/1999 best 12.671
  step 1900/1999 best 12.594
  step 1950/1999 best 12.622
saved SBC_CHAINS_cnn_vmim__n1_jitter_seed_s0_sim759_row708898_noise3142_3321_3500 (240000, 4) acc=0.408
  step 0/1999 best -20.874
  step 50/1999 best 11.702
  step 100/1999 best 15.135
  step 150/1999 best 15.294
  step 200/1999 best 14.974
  step 250/1999 best 15.070
  step 300/1999 best 15.224
  step 350/1999 best 15.172
  step 400/1999 best 15.177
  step 450/1999 best 15.303
  step 500/1999 best 15.206
  step 550/1999 best 15.197
  step 600/1999 best 15.112
  step 650/1999 best 15.173
  step 700/1999 best 15.327
  step 750/1999 best 15.140
  step 800/1999 best 15.223
  step 850/1999 best 15.263
  step 900/1999 best 15.214
  step 950/1999 best 15.243
  step 1000/1999 best 15.316
  step 1050/1999 best 15.267
  step 1100/1999 best 15.187
  step 1150/1999 best 15.283
  step 1200/1999 best 15.303
  step 1250/1999 best 15.281
  step 1300/1999 best 15.112
  step 1350/1999 best 15.161
  step 1400/1999 best 15.208
  step 1450/1999 best 15.222
  step 1500/1999 best 15.310
  step 1550/1999 best 15.151
  step 1600/1999 best 15.242
  step 1650/1999 best 15.212
  step 1700/1999 best 15.212
  step 1750/1999 best 15.170
  step 1800/1999 best 15.233
  step 1850/1999 best 15.091
  step 1900/1999 best 15.084
  step 1950/1999 best 15.098
saved SBC_CHAINS_cnn_vmim__n1_jitter_seed_s0_sim1995_row1606481_noise397_576_755 (240000, 4) acc=0.304
  step 0/1999 best -18.414
  step 50/1999 best 9.041
  step 100/1999 best 11.949
  step 150/1999 best 13.565
  step 200/1999 best 13.498
  step 250/1999 best 13.516
  step 300/1999 best 13.725
  step 350/1999 best 13.790
  step 400/1999 best 13.783
  step 450/1999 best 13.569
  step 500/1999 best 13.732
  step 550/1999 best 13.849
  step 600/1999 best 13.734
  step 650/1999 best 13.733
  step 700/1999 best 13.772
  step 750/1999 best 13.746
  step 800/1999 best 13.793
  step 850/1999 best 13.696
  step 900/1999 best 13.828
  step 950/1999 best 13.839
  step 1000/1999 best 13.719
  step 1050/1999 best 13.758
  step 1100/1999 best 13.875
  step 1150/1999 best 13.681
  step 1200/1999 best 13.847
  step 1250/1999 best 13.753
  step 1300/1999 best 13.868
  step 1350/1999 best 13.824
  step 1400/1999 best 13.839
  step 1450/1999 best 13.846
  step 1500/1999 best 13.842
  step 1550/1999 best 13.672
  step 1600/1999 best 13.820
  step 1650/1999 best 13.843
  step 1700/1999 best 13.739
  step 1750/1999 best 13.796
  step 1800/1999 best 13.810
  step 1850/1999 best 13.671
  step 1900/1999 best 13.828
  step 1950/1999 best 13.732
saved SBC_CHAINS_cnn_vmim__n1_jitter_seed_s0_sim2000_row1611269_noise5185_5364_5543 (240000, 4) acc=0.261
  step 0/1999 best -22.307
  step 50/1999 best 1.133
  step 100/1999 best 10.425
  step 150/1999 best 13.144
  step 200/1999 best 13.091
  step 250/1999 best 13.658
  step 300/1999 best 13.713
  step 350/1999 best 13.526
  step 400/1999 best 13.658
  step 450/1999 best 13.573
  step 500/1999 best 13.507
  step 550/1999 best 13.557
  step 600/1999 best 13.663
  step 650/1999 best 13.394
  step 700/1999 best 13.534
  step 750/1999 best 13.610
  step 800/1999 best 13.543
  step 850/1999 best 13.650
  step 900/1999 best 13.552
  step 950/1999 best 13.639
  step 1000/1999 best 13.692
  step 1050/1999 best 13.689
  step 1100/1999 best 13.676
  step 1150/1999 best 13.724
  step 1200/1999 best 13.690
  step 1250/1999 best 13.623
  step 1300/1999 best 13.563
  step 1350/1999 best 13.728
  step 1400/1999 best 13.495
  step 1450/1999 best 13.549
  step 1500/1999 best 13.553
  step 1550/1999 best 13.557
  step 1600/1999 best 13.677
  step 1650/1999 best 13.491
  step 1700/1999 best 13.575
  step 1750/1999 best 13.660
  step 1800/1999 best 13.642
  step 1850/1999 best 13.482
  step 1900/1999 best 13.708
  step 1950/1999 best 13.639
saved SBC_CHAINS_cnn_vmim__n1_jitter_seed_s0_sim2066_row1676479_noise2599_2778_2957 (240000, 4) acc=0.287
  step 0/1999 best -16.551
  step 50/1999 best -4.203
  step 100/1999 best 9.574
  step 150/1999 best 9.296
  step 200/1999 best 10.302
  step 250/1999 best 10.777
  step 300/1999 best 11.511
  step 350/1999 best 11.960
  step 400/1999 best 12.118
  step 450/1999 best 11.698
  step 500/1999 best 12.098
  step 550/1999 best 12.114
  step 600/1999 best 12.128
  step 650/1999 best 12.000
  step 700/1999 best 11.853
  step 750/1999 best 11.922
  step 800/1999 best 12.095
  step 850/1999 best 12.109
  step 900/1999 best 12.107
  step 950/1999 best 11.975
  step 1000/1999 best 11.998
  step 1050/1999 best 12.130
  step 1100/1999 best 12.000
  step 1150/1999 best 12.025
  step 1200/1999 best 12.090
  step 1250/1999 best 12.057
  step 1300/1999 best 12.054
  step 1350/1999 best 11.885
  step 1400/1999 best 12.019
  step 1450/1999 best 12.090
  step 1500/1999 best 12.040
  step 1550/1999 best 11.993
  step 1600/1999 best 12.107
  step 1650/1999 best 12.103
  step 1700/1999 best 11.990
  step 1750/1999 best 12.059
  step 1800/1999 best 11.847
  step 1850/1999 best 12.110
  step 1900/1999 best 12.051
  step 1950/1999 best 12.119
saved SBC_CHAINS_cnn_vmim__n1_jitter_seed_s0_sim2533_row2132663_noise7867_8046_8225 (240000, 4) acc=0.245
  step 0/1999 best -19.262
  step 50/1999 best 6.789
  step 100/1999 best 14.659
  step 150/1999 best 13.252
  step 200/1999 best 14.743
  step 250/1999 best 15.113
  step 300/1999 best 14.915
  step 350/1999 best 15.082
  step 400/1999 best 15.113
  step 450/1999 best 14.906
  step 500/1999 best 14.679
  step 550/1999 best 15.034
  step 600/1999 best 14.940
  step 650/1999 best 14.883
  step 700/1999 best 15.158
  step 750/1999 best 15.056
  step 800/1999 best 14.868
  step 850/1999 best 14.939
  step 900/1999 best 14.933
  step 950/1999 best 15.001
  step 1000/1999 best 15.126
  step 1050/1999 best 15.022
  step 1100/1999 best 15.151
  step 1150/1999 best 15.107
  step 1200/1999 best 15.018
  step 1250/1999 best 14.710
  step 1300/1999 best 15.109
  step 1350/1999 best 15.075
  step 1400/1999 best 15.032
  step 1450/1999 best 15.021
  step 1500/1999 best 14.984
  step 1550/1999 best 15.099
  step 1600/1999 best 15.078
  step 1650/1999 best 15.027
  step 1700/1999 best 15.152
  step 1750/1999 best 15.157
  step 1800/1999 best 15.174
  step 1850/1999 best 15.173
  step 1900/1999 best 15.106
  step 1950/1999 best 15.130
saved SBC_CHAINS_cnn_vmim__n1_jitter_seed_s0_sim1442_row1224451_noise7563_7742_7921 (240000, 4) acc=0.237
  step 0/1999 best -19.317
  step 50/1999 best 2.117
  step 100/1999 best 7.123
  step 150/1999 best 10.026
  step 200/1999 best 14.742
  step 250/1999 best 14.372
  step 300/1999 best 14.640
  step 350/1999 best 14.894
  step 400/1999 best 14.897
  step 450/1999 best 14.649
  step 500/1999 best 14.790
  step 550/1999 best 14.892
  step 600/1999 best 14.717
  step 650/1999 best 14.896
  step 700/1999 best 14.878
  step 750/1999 best 14.633
  step 800/1999 best 14.846
  step 850/1999 best 14.828
  step 900/1999 best 14.752
  step 950/1999 best 14.562
  step 1000/1999 best 14.794
  step 1050/1999 best 14.914
  step 1100/1999 best 14.899
  step 1150/1999 best 14.883
  step 1200/1999 best 14.634
  step 1250/1999 best 14.756
  step 1300/1999 best 14.889
  step 1350/1999 best 14.862
  step 1400/1999 best 14.836
  step 1450/1999 best 14.926
  step 1500/1999 best 14.584
  step 1550/1999 best 14.799
  step 1600/1999 best 14.805
  step 1650/1999 best 14.802
  step 1700/1999 best 14.781
  step 1750/1999 best 14.805
  step 1800/1999 best 14.720
  step 1850/1999 best 14.866
  step 1900/1999 best 14.754
  step 1950/1999 best 14.937
saved SBC_CHAINS_cnn_vmim__n1_jitter_seed_s0_sim2008_row1619818_noise3906_4085_4264 (240000, 4) acc=0.190
  step 0/1999 best -18.177
  step 50/1999 best 0.071
  step 100/1999 best 9.299
  step 150/1999 best 15.692
  step 200/1999 best 14.181
  step 250/1999 best 15.658
  step 300/1999 best 15.459
  step 350/1999 best 15.998
  step 400/1999 best 15.939
  step 450/1999 best 16.066
  step 500/1999 best 16.158
  step 550/1999 best 16.163
  step 600/1999 best 16.145
  step 650/1999 best 16.121
  step 700/1999 best 16.103
  step 750/1999 best 15.997
  step 800/1999 best 16.125
  step 850/1999 best 16.226
  step 900/1999 best 16.126
  step 950/1999 best 16.082
  step 1000/1999 best 16.132
  step 1050/1999 best 16.141
  step 1100/1999 best 16.138
  step 1150/1999 best 16.006
  step 1200/1999 best 16.155
  step 1250/1999 best 15.981
  step 1300/1999 best 16.084
  step 1350/1999 best 16.028
  step 1400/1999 best 16.160
  step 1450/1999 best 16.189
  step 1500/1999 best 16.205
  step 1550/1999 best 16.177
  step 1600/1999 best 16.222
  step 1650/1999 best 15.998
  step 1700/1999 best 16.204
  step 1750/1999 best 16.188
  step 1800/1999 best 16.135
  step 1850/1999 best 16.062
  step 1900/1999 best 16.224
  step 1950/1999 best 16.218
saved SBC_CHAINS_cnn_vmim__n1_jitter_seed_s0_sim1276_row1094473_noise8661_8840_9019 (240000, 4) acc=0.307
  step 0/1999 best -29.138
  step 50/1999 best 8.467
  step 100/1999 best 8.316
  step 150/1999 best 9.390
  step 200/1999 best 9.558
  step 250/1999 best 9.496
  step 300/1999 best 9.561
  step 350/1999 best 9.500
  step 400/1999 best 9.488
  step 450/1999 best 9.511
  step 500/1999 best 9.480
  step 550/1999 best 9.451
  step 600/1999 best 9.387
  step 650/1999 best 9.514
  step 700/1999 best 9.357
  step 750/1999 best 9.293
  step 800/1999 best 9.487
  step 850/1999 best 9.507
  step 900/1999 best 9.447
  step 950/1999 best 9.343
  step 1000/1999 best 9.508
  step 1050/1999 best 9.596
  step 1100/1999 best 9.550
  step 1150/1999 best 9.551
  step 1200/1999 best 9.531
  step 1250/1999 best 9.483
  step 1300/1999 best 9.561
  step 1350/1999 best 9.526
  step 1400/1999 best 9.572
  step 1450/1999 best 9.448
  step 1500/1999 best 9.560
  step 1550/1999 best 9.514
  step 1600/1999 best 9.488
  step 1650/1999 best 9.589
  step 1700/1999 best 9.434
  step 1750/1999 best 9.461
  step 1800/1999 best 9.389
  step 1850/1999 best 9.473
  step 1900/1999 best 9.547
  step 1950/1999 best 9.593
saved SBC_CHAINS_cnn_vmim__n1_jitter_seed_s0_sim3013_row2608024_noise5656_5835_6014 (240000, 4) acc=0.471
  step 0/1999 best -18.374
  step 50/1999 best -0.488
  step 100/1999 best 10.943
  step 150/1999 best 13.699
  step 200/1999 best 15.119
  step 250/1999 best 15.146
  step 300/1999 best 15.244
  step 350/1999 best 14.904
  step 400/1999 best 15.068
  step 450/1999 best 15.022
  step 500/1999 best 14.972
  step 550/1999 best 15.216
  step 600/1999 best 15.198
  step 650/1999 best 14.973
  step 700/1999 best 14.865
  step 750/1999 best 15.066
  step 800/1999 best 15.189
  step 850/1999 best 15.194
  step 900/1999 best 15.252
  step 950/1999 best 15.081
  step 1000/1999 best 15.243
  step 1050/1999 best 15.181
  step 1100/1999 best 15.173
  step 1150/1999 best 15.154
  step 1200/1999 best 15.221
  step 1250/1999 best 15.162
  step 1300/1999 best 15.047
  step 1350/1999 best 15.082
  step 1400/1999 best 15.223
  step 1450/1999 best 15.234
  step 1500/1999 best 14.987
  step 1550/1999 best 15.266
  step 1600/1999 best 15.232
  step 1650/1999 best 15.156
  step 1700/1999 best 15.125
  step 1750/1999 best 15.198
  step 1800/1999 best 15.122
  step 1850/1999 best 15.099
  step 1900/1999 best 14.993
  step 1950/1999 best 15.146
saved SBC_CHAINS_cnn_vmim__n1_jitter_seed_s0_sim254_row240173_noise8473_8652_8831 (240000, 4) acc=0.165
  step 0/1999 best -14.629
  step 50/1999 best 6.217
  step 100/1999 best 12.507
  step 150/1999 best 13.747
  step 200/1999 best 13.400
  step 250/1999 best 13.870
  step 300/1999 best 13.924
  step 350/1999 best 13.690
  step 400/1999 best 13.777
  step 450/1999 best 13.940
  step 500/1999 best 13.947
  step 550/1999 best 13.773
  step 600/1999 best 13.926
  step 650/1999 best 13.862
  step 700/1999 best 13.704
  step 750/1999 best 13.817
  step 800/1999 best 13.922
  step 850/1999 best 13.906
  step 900/1999 best 13.818
  step 950/1999 best 14.007
  step 1000/1999 best 13.846
  step 1050/1999 best 13.941
  step 1100/1999 best 13.859
  step 1150/1999 best 13.991
  step 1200/1999 best 13.941
  step 1250/1999 best 14.003
  step 1300/1999 best 13.992
  step 1350/1999 best 13.989
  step 1400/1999 best 13.954
  step 1450/1999 best 13.947
  step 1500/1999 best 13.972
  step 1550/1999 best 13.745
  step 1600/1999 best 13.899
  step 1650/1999 best 13.887
  step 1700/1999 best 13.901
  step 1750/1999 best 13.901
  step 1800/1999 best 13.733
  step 1850/1999 best 13.926
  step 1900/1999 best 13.946
  step 1950/1999 best 13.981
saved SBC_CHAINS_cnn_vmim__n1_jitter_seed_s0_sim297_row283977_noise3137_3316_3495 (240000, 4) acc=0.279
  step 0/1999 best -3.638
  step 50/1999 best 9.781
  step 100/1999 best 9.903
  step 150/1999 best 10.109
  step 200/1999 best 10.480
  step 250/1999 best 10.428
  step 300/1999 best 10.524
  step 350/1999 best 10.428
  step 400/1999 best 10.525
  step 450/1999 best 10.475
  step 500/1999 best 10.302
  step 550/1999 best 10.559
  step 600/1999 best 10.585
  step 650/1999 best 10.416
  step 700/1999 best 10.488
  step 750/1999 best 10.516
  step 800/1999 best 10.559
  step 850/1999 best 10.526
  step 900/1999 best 10.424
  step 950/1999 best 10.458
  step 1000/1999 best 10.478
  step 1050/1999 best 10.452
  step 1100/1999 best 10.338
  step 1150/1999 best 10.539
  step 1200/1999 best 10.416
  step 1250/1999 best 10.507
  step 1300/1999 best 10.551
  step 1350/1999 best 10.506
  step 1400/1999 best 10.561
  step 1450/1999 best 10.503
  step 1500/1999 best 10.540
  step 1550/1999 best 10.432
  step 1600/1999 best 10.470
  step 1650/1999 best 10.476
  step 1700/1999 best 10.528
  step 1750/1999 best 10.435
  step 1800/1999 best 10.538
  step 1850/1999 best 10.540
  step 1900/1999 best 10.549
  step 1950/1999 best 10.504
saved SBC_CHAINS_cnn_vmim__n1_jitter_seed_s0_sim3079_row2674370_noise3206_3385_3564 (240000, 4) acc=0.455
  step 0/1999 best -15.961
  step 50/1999 best 3.273
  step 100/1999 best 4.651
  step 150/1999 best 9.383
  step 200/1999 best 11.308
  step 250/1999 best 11.942
  step 300/1999 best 13.089
  step 350/1999 best 12.922
  step 400/1999 best 13.005
  step 450/1999 best 12.844
  step 500/1999 best 12.902
  step 550/1999 best 13.055
  step 600/1999 best 12.814
  step 650/1999 best 12.897
  step 700/1999 best 12.987
  step 750/1999 best 12.808
  step 800/1999 best 13.047
  step 850/1999 best 12.973
  step 900/1999 best 12.825
  step 950/1999 best 13.044
  step 1000/1999 best 12.967
  step 1050/1999 best 12.928
  step 1100/1999 best 12.976
  step 1150/1999 best 12.995
  step 1200/1999 best 12.989
  step 1250/1999 best 12.943
  step 1300/1999 best 12.928
  step 1350/1999 best 13.033
  step 1400/1999 best 12.956
  step 1450/1999 best 12.926
  step 1500/1999 best 12.957
  step 1550/1999 best 12.739
  step 1600/1999 best 12.929
  step 1650/1999 best 12.875
  step 1700/1999 best 12.927
  step 1750/1999 best 13.025
  step 1800/1999 best 13.029
  step 1850/1999 best 13.018
  step 1900/1999 best 12.968
  step 1950/1999 best 12.966
saved SBC_CHAINS_cnn_vmim__n1_jitter_seed_s0_sim2085_row1695975_noise2439_2618_2797 (240000, 4) acc=0.275
  step 0/1999 best -21.324
  step 50/1999 best 9.849
  step 100/1999 best 11.075
  step 150/1999 best 12.091
  step 200/1999 best 11.876
  step 250/1999 best 14.328
  step 300/1999 best 13.760
  step 350/1999 best 14.663
  step 400/1999 best 14.586
  step 450/1999 best 14.788
  step 500/1999 best 14.749
  step 550/1999 best 14.741
  step 600/1999 best 14.763
  step 650/1999 best 14.663
  step 700/1999 best 14.765
  step 750/1999 best 14.663
  step 800/1999 best 14.732
  step 850/1999 best 14.643
  step 900/1999 best 14.772
  step 950/1999 best 14.732
  step 1000/1999 best 14.603
  step 1050/1999 best 14.371
  step 1100/1999 best 14.680
  step 1150/1999 best 14.733
  step 1200/1999 best 14.698
  step 1250/1999 best 14.800
  step 1300/1999 best 14.732
  step 1350/1999 best 14.613
  step 1400/1999 best 14.730
  step 1450/1999 best 14.621
  step 1500/1999 best 14.728
  step 1550/1999 best 14.711
  step 1600/1999 best 14.786
  step 1650/1999 best 14.717
  step 1700/1999 best 14.812
  step 1750/1999 best 14.689
  step 1800/1999 best 14.693
  step 1850/1999 best 14.681
  step 1900/1999 best 14.754
  step 1950/1999 best 14.637
saved SBC_CHAINS_cnn_vmim__n1_jitter_seed_s0_sim298_row284725_noise3885_4064_4243 (240000, 4) acc=0.188
  step 0/1999 best -20.960
  step 50/1999 best -2.796
  step 100/1999 best 3.702
  step 150/1999 best 12.759
  step 200/1999 best 12.885
  step 250/1999 best 15.039
  step 300/1999 best 14.763
  step 350/1999 best 14.883
  step 400/1999 best 14.879
  step 450/1999 best 14.543
  step 500/1999 best 14.900
  step 550/1999 best 14.920
  step 600/1999 best 15.025
  step 650/1999 best 15.113
  step 700/1999 best 15.013
  step 750/1999 best 14.881
  step 800/1999 best 14.989
  step 850/1999 best 15.179
  step 900/1999 best 15.161
  step 950/1999 best 15.170
  step 1000/1999 best 15.147
  step 1050/1999 best 14.962
  step 1100/1999 best 15.096
  step 1150/1999 best 15.064
  step 1200/1999 best 15.135
  step 1250/1999 best 14.977
  step 1300/1999 best 15.166
  step 1350/1999 best 15.033
  step 1400/1999 best 15.058
  step 1450/1999 best 15.154
  step 1500/1999 best 15.063
  step 1550/1999 best 15.105
  step 1600/1999 best 15.025
  step 1650/1999 best 15.138
  step 1700/1999 best 15.133
  step 1750/1999 best 15.146
  step 1800/1999 best 15.174
  step 1850/1999 best 15.134
  step 1900/1999 best 14.995
  step 1950/1999 best 15.114
saved SBC_CHAINS_cnn_vmim__n1_jitter_seed_s0_sim370_row356188_noise6552_6731_6910 (240000, 4) acc=0.231
  step 0/1999 best -13.066
  step 50/1999 best -2.256
  step 100/1999 best 0.862
  step 150/1999 best 3.968
  step 200/1999 best 3.890
  step 250/1999 best 12.167
  step 300/1999 best 11.838
  step 350/1999 best 12.360
  step 400/1999 best 11.932
  step 450/1999 best 12.332
  step 500/1999 best 12.639
  step 550/1999 best 12.559
  step 600/1999 best 12.943
  step 650/1999 best 12.848
  step 700/1999 best 12.594
  step 750/1999 best 12.729
  step 800/1999 best 12.741
  step 850/1999 best 12.616
  step 900/1999 best 12.759
  step 950/1999 best 12.866
  step 1000/1999 best 12.920
  step 1050/1999 best 12.788
  step 1100/1999 best 12.835
  step 1150/1999 best 12.632
  step 1200/1999 best 12.646
  step 1250/1999 best 12.838
  step 1300/1999 best 12.601
  step 1350/1999 best 12.719
  step 1400/1999 best 12.910
  step 1450/1999 best 12.782
  step 1500/1999 best 12.827
  step 1550/1999 best 12.766
  step 1600/1999 best 12.864
  step 1650/1999 best 12.914
  step 1700/1999 best 12.906
  step 1750/1999 best 12.846
  step 1800/1999 best 12.915
  step 1850/1999 best 12.700
  step 1900/1999 best 12.684
  step 1950/1999 best 12.888
saved SBC_CHAINS_cnn_vmim__n1_jitter_seed_s0_sim374_row360092_noise628_807_986 (240000, 4) acc=0.186
  step 0/1999 best -18.299
  step 50/1999 best 10.479
  step 100/1999 best 14.023
  step 150/1999 best 14.156
  step 200/1999 best 14.121
  step 250/1999 best 14.134
  step 300/1999 best 14.192
  step 350/1999 best 14.018
  step 400/1999 best 14.166
  step 450/1999 best 14.127
  step 500/1999 best 14.106
  step 550/1999 best 14.116
  step 600/1999 best 14.115
  step 650/1999 best 14.081
  step 700/1999 best 14.176
  step 750/1999 best 14.009
  step 800/1999 best 14.070
  step 850/1999 best 14.082
  step 900/1999 best 14.124
  step 950/1999 best 14.103
  step 1000/1999 best 14.106
  step 1050/1999 best 14.073
  step 1100/1999 best 14.097
  step 1150/1999 best 14.148
  step 1200/1999 best 14.183
  step 1250/1999 best 14.062
  step 1300/1999 best 14.167
  step 1350/1999 best 14.172
  step 1400/1999 best 14.138
  step 1450/1999 best 14.168
  step 1500/1999 best 14.171
  step 1550/1999 best 13.956
  step 1600/1999 best 14.154
  step 1650/1999 best 14.151
  step 1700/1999 best 14.202
  step 1750/1999 best 14.162
  step 1800/1999 best 14.185
  step 1850/1999 best 14.004
  step 1900/1999 best 14.174
  step 1950/1999 best 14.191
saved SBC_CHAINS_cnn_vmim__n1_jitter_seed_s0_sim831_row780418_noise5866_6045_6224 (240000, 4) acc=0.427
  step 0/1999 best -15.848
  step 50/1999 best 3.665
  step 100/1999 best 4.010
  step 150/1999 best 8.440
  step 200/1999 best 9.372
  step 250/1999 best 12.144
  step 300/1999 best 14.454
  step 350/1999 best 14.474
  step 400/1999 best 13.792
  step 450/1999 best 14.689
  step 500/1999 best 14.726
  step 550/1999 best 14.788
  step 600/1999 best 14.613
  step 650/1999 best 14.718
  step 700/1999 best 14.608
  step 750/1999 best 14.658
  step 800/1999 best 14.787
  step 850/1999 best 14.822
  step 900/1999 best 14.708
  step 950/1999 best 14.793
  step 1000/1999 best 14.755
  step 1050/1999 best 14.712
  step 1100/1999 best 14.877
  step 1150/1999 best 14.825
  step 1200/1999 best 14.677
  step 1250/1999 best 14.618
  step 1300/1999 best 14.712
  step 1350/1999 best 14.715
  step 1400/1999 best 14.790
  step 1450/1999 best 14.837
  step 1500/1999 best 14.688
  step 1550/1999 best 14.691
  step 1600/1999 best 14.617
  step 1650/1999 best 14.772
  step 1700/1999 best 14.876
  step 1750/1999 best 14.850
  step 1800/1999 best 14.777
  step 1850/1999 best 14.685
  step 1900/1999 best 14.839
  step 1950/1999 best 14.895
saved SBC_CHAINS_cnn_vmim__n1_jitter_seed_s0_sim1528_row1305713_noise5373_5552_5731 (240000, 4) acc=0.218
  step 0/1999 best -12.335
  step 50/1999 best 9.083
  step 100/1999 best 14.205
  step 150/1999 best 14.698
  step 200/1999 best 14.789
  step 250/1999 best 14.674
  step 300/1999 best 14.792
  step 350/1999 best 14.814
  step 400/1999 best 14.742
  step 450/1999 best 14.784
  step 500/1999 best 14.752
  step 550/1999 best 14.704
  step 600/1999 best 14.823
  step 650/1999 best 14.723
  step 700/1999 best 14.711
  step 750/1999 best 14.822
  step 800/1999 best 14.811
  step 850/1999 best 14.763
  step 900/1999 best 14.770
  step 950/1999 best 14.830
  step 1000/1999 best 14.700
  step 1050/1999 best 14.864
  step 1100/1999 best 14.795
  step 1150/1999 best 14.802
  step 1200/1999 best 14.721
  step 1250/1999 best 14.823
  step 1300/1999 best 14.815
  step 1350/1999 best 14.787
  step 1400/1999 best 14.730
  step 1450/1999 best 14.674
  step 1500/1999 best 14.870
  step 1550/1999 best 14.710
  step 1600/1999 best 14.836
  step 1650/1999 best 14.801
  step 1700/1999 best 14.842
  step 1750/1999 best 14.808
  step 1800/1999 best 14.844
  step 1850/1999 best 14.824
  step 1900/1999 best 14.811
  step 1950/1999 best 14.777
saved SBC_CHAINS_cnn_vmim__n1_jitter_seed_s0_sim819_row768622_noise3898_4077_4256 (240000, 4) acc=0.459
  step 0/1999 best -17.326
  step 50/1999 best -8.942
  step 100/1999 best -7.437
  step 150/1999 best -1.133
  step 200/1999 best 1.813
  step 250/1999 best 10.109
  step 300/1999 best 12.189
  step 350/1999 best 14.029
  step 400/1999 best 13.954
  step 450/1999 best 13.605
  step 500/1999 best 14.250
  step 550/1999 best 13.932
  step 600/1999 best 14.104
  step 650/1999 best 14.220
  step 700/1999 best 14.003
  step 750/1999 best 13.932
  step 800/1999 best 13.975
  step 850/1999 best 14.260
  step 900/1999 best 14.007
  step 950/1999 best 14.107
  step 1000/1999 best 14.179
  step 1050/1999 best 14.100
  step 1100/1999 best 14.141
  step 1150/1999 best 14.075
  step 1200/1999 best 14.035
  step 1250/1999 best 14.045
  step 1300/1999 best 14.207
  step 1350/1999 best 14.166
  step 1400/1999 best 14.254
  step 1450/1999 best 14.205
  step 1500/1999 best 14.238
  step 1550/1999 best 13.969
  step 1600/1999 best 14.028
  step 1650/1999 best 14.225
  step 1700/1999 best 14.247
  step 1750/1999 best 14.193
  step 1800/1999 best 14.030
  step 1850/1999 best 14.192
  step 1900/1999 best 14.229
  step 1950/1999 best 14.177
saved SBC_CHAINS_cnn_vmim__n1_jitter_seed_s0_sim1510_row1287908_noise7224_7403_7582 (240000, 4) acc=0.137
  step 0/1999 best -3.301
  step 50/1999 best 5.910
  step 100/1999 best 7.831
  step 150/1999 best 11.093
  step 200/1999 best 11.669
  step 250/1999 best 11.618
  step 300/1999 best 11.742
  step 350/1999 best 11.741
  step 400/1999 best 11.796
  step 450/1999 best 11.658
  step 500/1999 best 11.693
  step 550/1999 best 11.790
  step 600/1999 best 11.671
  step 650/1999 best 11.713
  step 700/1999 best 11.779
  step 750/1999 best 11.719
  step 800/1999 best 11.741
  step 850/1999 best 11.766
  step 900/1999 best 11.745
  step 950/1999 best 11.719
  step 1000/1999 best 11.719
  step 1050/1999 best 11.707
  step 1100/1999 best 11.749
  step 1150/1999 best 11.796
  step 1200/1999 best 11.723
  step 1250/1999 best 11.730
  step 1300/1999 best 11.732
  step 1350/1999 best 11.806
  step 1400/1999 best 11.757
  step 1450/1999 best 11.719
  step 1500/1999 best 11.827
  step 1550/1999 best 11.805
  step 1600/1999 best 11.725
  step 1650/1999 best 11.731
  step 1700/1999 best 11.804
  step 1750/1999 best 11.777
  step 1800/1999 best 11.830
  step 1850/1999 best 11.718
  step 1900/1999 best 11.743
  step 1950/1999 best 11.703
saved SBC_CHAINS_cnn_vmim__n1_jitter_seed_s0_sim3099_row2694865_noise4045_4224_4403 (240000, 4) acc=0.392
  step 0/1999 best -11.370
  step 50/1999 best -6.580
  step 100/1999 best 7.505
  step 150/1999 best 10.759
  step 200/1999 best 10.688
  step 250/1999 best 10.817
  step 300/1999 best 10.779
  step 350/1999 best 10.936
  step 400/1999 best 10.924
  step 450/1999 best 10.871
  step 500/1999 best 10.800
  step 550/1999 best 10.955
  step 600/1999 best 10.706
  step 650/1999 best 10.835
  step 700/1999 best 10.810
  step 750/1999 best 10.794
  step 800/1999 best 10.858
  step 850/1999 best 10.924
  step 900/1999 best 10.916
  step 950/1999 best 10.830
  step 1000/1999 best 10.949
  step 1050/1999 best 10.868
  step 1100/1999 best 10.906
  step 1150/1999 best 10.922
  step 1200/1999 best 10.795
  step 1250/1999 best 10.829
  step 1300/1999 best 10.874
  step 1350/1999 best 10.926
  step 1400/1999 best 10.929
  step 1450/1999 best 10.827
  step 1500/1999 best 10.943
  step 1550/1999 best 10.889
  step 1600/1999 best 10.901
  step 1650/1999 best 10.844
  step 1700/1999 best 10.750
  step 1750/1999 best 10.900
  step 1800/1999 best 10.933
  step 1850/1999 best 10.892
  step 1900/1999 best 10.947
  step 1950/1999 best 10.922
saved SBC_CHAINS_cnn_vmim__n1_jitter_seed_s0_sim2840_row2435073_noise9609_9788_139 (240000, 4) acc=0.353
