[stage3] arm=cnn_vmim_/n1_jitter/seed_s3  nle=/gscratch/ddehiwalage-don/sbi_master/cnn_vmim_/n1_jitter/seed_s3/nle
[NLE] scope=standard_t family=nsf loaded from /gscratch/ddehiwalage-don/sbi_master/cnn_vmim_/n1_jitter/seed_s3/nle/standard_t/nsf
targets this task: 151 | family=standard_t_nsf | chains -> /gscratch/ddehiwalage-don/sbi_master/cnn_vmim_/n1_jitter/seed_s3/chains/standard_t_nsf
  step 0/1999 best -21.296
  step 50/1999 best -0.519
  step 100/1999 best 7.044
  step 150/1999 best 10.127
  step 200/1999 best 13.797
  step 250/1999 best 13.797
  step 300/1999 best 15.289
  step 350/1999 best 15.551
  step 400/1999 best 15.871
  step 450/1999 best 15.774
  step 500/1999 best 16.024
  step 550/1999 best 16.193
  step 600/1999 best 16.008
  step 650/1999 best 16.227
  step 700/1999 best 16.072
  step 750/1999 best 15.954
  step 800/1999 best 16.192
  step 850/1999 best 16.127
  step 900/1999 best 16.046
  step 950/1999 best 16.172
  step 1000/1999 best 16.090
  step 1050/1999 best 16.077
  step 1100/1999 best 16.024
  step 1150/1999 best 16.204
  step 1200/1999 best 15.954
  step 1250/1999 best 16.117
  step 1300/1999 best 16.163
  step 1350/1999 best 16.112
  step 1400/1999 best 15.873
  step 1450/1999 best 16.108
  step 1500/1999 best 16.010
  step 1550/1999 best 16.195
  step 1600/1999 best 16.028
  step 1650/1999 best 16.036
  step 1700/1999 best 16.124
  step 1750/1999 best 16.022
  step 1800/1999 best 16.063
  step 1850/1999 best 16.237
  step 1900/1999 best 16.124
  step 1950/1999 best 16.114
saved SBC_CHAINS_cnn_vmim__n1_jitter_seed_s3_sim976_row925003_noise3031_3210_3389 (240000, 4) acc=0.225
  step 0/1999 best -8.296
  step 50/1999 best 0.653
  step 100/1999 best 0.629
  step 150/1999 best 6.317
  step 200/1999 best 5.825
  step 250/1999 best 12.533
  step 300/1999 best 16.128
  step 350/1999 best 15.914
  step 400/1999 best 15.940
  step 450/1999 best 15.728
  step 500/1999 best 15.677
  step 550/1999 best 16.060
  step 600/1999 best 16.089
  step 650/1999 best 16.044
  step 700/1999 best 16.108
  step 750/1999 best 15.977
  step 800/1999 best 16.059
  step 850/1999 best 16.168
  step 900/1999 best 15.949
  step 950/1999 best 16.059
  step 1000/1999 best 16.024
  step 1050/1999 best 16.081
  step 1100/1999 best 16.017
  step 1150/1999 best 16.144
  step 1200/1999 best 16.114
  step 1250/1999 best 15.913
  step 1300/1999 best 15.990
  step 1350/1999 best 16.022
  step 1400/1999 best 16.163
  step 1450/1999 best 16.126
  step 1500/1999 best 16.160
  step 1550/1999 best 16.184
  step 1600/1999 best 16.086
  step 1650/1999 best 16.050
  step 1700/1999 best 16.122
  step 1750/1999 best 16.048
  step 1800/1999 best 16.067
  step 1850/1999 best 15.939
  step 1900/1999 best 16.155
  step 1950/1999 best 16.022
saved SBC_CHAINS_cnn_vmim__n1_jitter_seed_s3_sim1503_row1280723_noise39_218_397 (240000, 4) acc=0.201
  step 0/1999 best -19.981
  step 50/1999 best 6.709
  step 100/1999 best 14.688
  step 150/1999 best 16.385
  step 200/1999 best 16.497
  step 250/1999 best 16.606
  step 300/1999 best 16.669
  step 350/1999 best 16.623
  step 400/1999 best 16.716
  step 450/1999 best 16.761
  step 500/1999 best 16.782
  step 550/1999 best 16.665
  step 600/1999 best 16.612
  step 650/1999 best 16.757
  step 700/1999 best 16.756
  step 750/1999 best 16.457
  step 800/1999 best 16.746
  step 850/1999 best 16.664
  step 900/1999 best 16.779
  step 950/1999 best 16.523
  step 1000/1999 best 16.687
  step 1050/1999 best 16.740
  step 1100/1999 best 16.732
  step 1150/1999 best 16.730
  step 1200/1999 best 16.614
  step 1250/1999 best 16.693
  step 1300/1999 best 16.766
  step 1350/1999 best 16.721
  step 1400/1999 best 16.674
  step 1450/1999 best 16.784
  step 1500/1999 best 16.598
  step 1550/1999 best 16.612
  step 1600/1999 best 16.676
  step 1650/1999 best 16.637
  step 1700/1999 best 16.730
  step 1750/1999 best 16.628
  step 1800/1999 best 16.722
  step 1850/1999 best 16.693
  step 1900/1999 best 16.756
  step 1950/1999 best 16.662
saved SBC_CHAINS_cnn_vmim__n1_jitter_seed_s3_sim1982_row1593305_noise6877_7056_7235 (240000, 4) acc=0.249
  step 0/1999 best -18.521
  step 50/1999 best 8.516
  step 100/1999 best 6.205
  step 150/1999 best 14.330
  step 200/1999 best 15.567
  step 250/1999 best 15.824
  step 300/1999 best 16.254
  step 350/1999 best 16.380
  step 400/1999 best 16.492
  step 450/1999 best 16.655
  step 500/1999 best 16.661
  step 550/1999 best 16.712
  step 600/1999 best 16.643
  step 650/1999 best 16.587
  step 700/1999 best 16.561
  step 750/1999 best 16.757
  step 800/1999 best 16.701
  step 850/1999 best 16.768
  step 900/1999 best 16.682
  step 950/1999 best 16.547
  step 1000/1999 best 16.669
  step 1050/1999 best 16.697
  step 1100/1999 best 16.571
  step 1150/1999 best 16.610
  step 1200/1999 best 16.813
  step 1250/1999 best 16.771
  step 1300/1999 best 16.558
  step 1350/1999 best 16.691
  step 1400/1999 best 16.598
  step 1450/1999 best 16.776
  step 1500/1999 best 16.602
  step 1550/1999 best 16.805
  step 1600/1999 best 16.487
  step 1650/1999 best 16.749
  step 1700/1999 best 16.725
  step 1750/1999 best 16.743
  step 1800/1999 best 16.623
  step 1850/1999 best 16.736
  step 1900/1999 best 16.804
  step 1950/1999 best 16.542
saved SBC_CHAINS_cnn_vmim__n1_jitter_seed_s3_sim2061_row1671653_noise7601_7780_7959 (240000, 4) acc=0.228
  step 0/1999 best -24.236
  step 50/1999 best 5.681
  step 100/1999 best 13.222
  step 150/1999 best 14.589
  step 200/1999 best 15.481
  step 250/1999 best 14.440
  step 300/1999 best 15.414
  step 350/1999 best 16.192
  step 400/1999 best 15.989
  step 450/1999 best 16.448
  step 500/1999 best 16.424
  step 550/1999 best 16.429
  step 600/1999 best 16.056
  step 650/1999 best 16.359
  step 700/1999 best 16.549
  step 750/1999 best 16.459
  step 800/1999 best 16.251
  step 850/1999 best 16.544
  step 900/1999 best 16.488
  step 950/1999 best 16.524
  step 1000/1999 best 16.455
  step 1050/1999 best 16.513
  step 1100/1999 best 16.359
  step 1150/1999 best 16.459
  step 1200/1999 best 16.369
  step 1250/1999 best 16.446
  step 1300/1999 best 16.406
  step 1350/1999 best 16.515
  step 1400/1999 best 16.474
  step 1450/1999 best 16.436
  step 1500/1999 best 16.458
  step 1550/1999 best 16.218
  step 1600/1999 best 16.143
  step 1650/1999 best 16.456
  step 1700/1999 best 16.213
  step 1750/1999 best 16.357
  step 1800/1999 best 16.528
  step 1850/1999 best 16.384
  step 1900/1999 best 16.274
  step 1950/1999 best 16.471
saved SBC_CHAINS_cnn_vmim__n1_jitter_seed_s3_sim1215_row1033631_noise6787_6966_7145 (240000, 4) acc=0.174
  step 0/1999 best -21.139
  step 50/1999 best 0.574
  step 100/1999 best 0.911
  step 150/1999 best 1.174
  step 200/1999 best 1.175
  step 250/1999 best 1.257
  step 300/1999 best 1.150
  step 350/1999 best 9.227
  step 400/1999 best 9.623
  step 450/1999 best 9.927
  step 500/1999 best 9.879
  step 550/1999 best 9.696
  step 600/1999 best 13.870
  step 650/1999 best 13.870
  step 700/1999 best 13.328
  step 750/1999 best 13.712
  step 800/1999 best 15.103
  step 850/1999 best 14.884
  step 900/1999 best 15.296
  step 950/1999 best 16.230
  step 1000/1999 best 16.255
  step 1050/1999 best 16.255
  step 1100/1999 best 16.378
  step 1150/1999 best 16.293
  step 1200/1999 best 16.315
  step 1250/1999 best 16.456
  step 1300/1999 best 16.573
  step 1350/1999 best 16.705
  step 1400/1999 best 16.279
  step 1450/1999 best 16.484
  step 1500/1999 best 16.358
  step 1550/1999 best 16.557
  step 1600/1999 best 16.711
  step 1650/1999 best 16.320
  step 1700/1999 best 16.408
  step 1750/1999 best 16.694
  step 1800/1999 best 16.589
  step 1850/1999 best 16.537
  step 1900/1999 best 16.501
  step 1950/1999 best 16.265
saved SBC_CHAINS_cnn_vmim__n1_jitter_seed_s3_sim112_row111528_noise4420_4599_4778 (240000, 4) acc=0.204
  step 0/1999 best -21.568
  step 50/1999 best -1.764
  step 100/1999 best -0.778
  step 150/1999 best 4.231
  step 200/1999 best 8.964
  step 250/1999 best 9.108
  step 300/1999 best 9.184
  step 350/1999 best 9.177
  step 400/1999 best 8.976
  step 450/1999 best 9.348
  step 500/1999 best 9.509
  step 550/1999 best 9.202
  step 600/1999 best 9.885
  step 650/1999 best 9.721
  step 700/1999 best 9.711
  step 750/1999 best 9.856
  step 800/1999 best 9.388
  step 850/1999 best 9.605
  step 900/1999 best 9.843
  step 950/1999 best 9.495
  step 1000/1999 best 9.744
  step 1050/1999 best 9.831
  step 1100/1999 best 9.713
  step 1150/1999 best 9.735
  step 1200/1999 best 9.637
  step 1250/1999 best 9.742
  step 1300/1999 best 9.769
  step 1350/1999 best 9.538
  step 1400/1999 best 9.579
  step 1450/1999 best 9.255
  step 1500/1999 best 9.669
  step 1550/1999 best 9.902
  step 1600/1999 best 9.408
  step 1650/1999 best 9.663
  step 1700/1999 best 9.926
  step 1750/1999 best 9.829
  step 1800/1999 best 9.961
  step 1850/1999 best 9.572
  step 1900/1999 best 9.933
  step 1950/1999 best 9.507
saved SBC_CHAINS_cnn_vmim__n1_jitter_seed_s3_sim3103_row2698266_noise7446_7625_7804 (240000, 4) acc=0.230
  step 0/1999 best -7.349
  step 50/1999 best 9.956
  step 100/1999 best 14.804
  step 150/1999 best 14.810
  step 200/1999 best 14.765
  step 250/1999 best 14.044
  step 300/1999 best 14.965
  step 350/1999 best 14.831
  step 400/1999 best 14.723
  step 450/1999 best 14.772
  step 500/1999 best 14.561
  step 550/1999 best 15.021
  step 600/1999 best 14.681
  step 650/1999 best 15.098
  step 700/1999 best 14.734
  step 750/1999 best 14.841
  step 800/1999 best 14.745
  step 850/1999 best 14.784
  step 900/1999 best 14.861
  step 950/1999 best 15.000
  step 1000/1999 best 14.861
  step 1050/1999 best 14.906
  step 1100/1999 best 14.947
  step 1150/1999 best 14.895
  step 1200/1999 best 14.886
  step 1250/1999 best 14.791
  step 1300/1999 best 14.811
  step 1350/1999 best 14.938
  step 1400/1999 best 15.029
  step 1450/1999 best 15.033
  step 1500/1999 best 14.802
  step 1550/1999 best 14.896
  step 1600/1999 best 15.003
  step 1650/1999 best 15.025
  step 1700/1999 best 14.932
  step 1750/1999 best 15.011
  step 1800/1999 best 14.750
  step 1850/1999 best 15.033
  step 1900/1999 best 14.943
  step 1950/1999 best 14.778
saved SBC_CHAINS_cnn_vmim__n1_jitter_seed_s3_sim2014_row1625675_noise9763_114_293 (240000, 4) acc=0.112
  step 0/1999 best -22.896
  step 50/1999 best -4.087
  step 100/1999 best 11.502
  step 150/1999 best 14.230
  step 200/1999 best 14.855
  step 250/1999 best 14.961
  step 300/1999 best 15.747
  step 350/1999 best 15.536
  step 400/1999 best 16.079
  step 450/1999 best 16.066
  step 500/1999 best 16.109
  step 550/1999 best 16.164
  step 600/1999 best 16.078
  step 650/1999 best 16.260
  step 700/1999 best 15.992
  step 750/1999 best 15.951
  step 800/1999 best 16.185
  step 850/1999 best 16.095
  step 900/1999 best 15.997
  step 950/1999 best 16.160
  step 1000/1999 best 15.968
  step 1050/1999 best 15.970
  step 1100/1999 best 16.176
  step 1150/1999 best 16.011
  step 1200/1999 best 15.986
  step 1250/1999 best 16.185
  step 1300/1999 best 16.212
  step 1350/1999 best 16.180
  step 1400/1999 best 16.228
  step 1450/1999 best 16.171
  step 1500/1999 best 16.220
  step 1550/1999 best 16.111
  step 1600/1999 best 16.172
  step 1650/1999 best 16.114
  step 1700/1999 best 16.139
  step 1750/1999 best 16.271
  step 1800/1999 best 16.191
  step 1850/1999 best 16.123
  step 1900/1999 best 16.178
  step 1950/1999 best 16.052
saved SBC_CHAINS_cnn_vmim__n1_jitter_seed_s3_sim362_row348972_noise9164_9343_9522 (240000, 4) acc=0.146
  step 0/1999 best -31.260
  step 50/1999 best 2.842
  step 100/1999 best 11.938
  step 150/1999 best 14.765
  step 200/1999 best 15.355
  step 250/1999 best 15.961
  step 300/1999 best 15.759
  step 350/1999 best 16.081
  step 400/1999 best 16.085
  step 450/1999 best 16.005
  step 500/1999 best 16.015
  step 550/1999 best 16.184
  step 600/1999 best 15.903
  step 650/1999 best 16.170
  step 700/1999 best 16.179
  step 750/1999 best 15.955
  step 800/1999 best 16.025
  step 850/1999 best 16.113
  step 900/1999 best 16.120
  step 950/1999 best 16.198
  step 1000/1999 best 16.180
  step 1050/1999 best 16.136
  step 1100/1999 best 16.200
  step 1150/1999 best 16.125
  step 1200/1999 best 15.970
  step 1250/1999 best 16.061
  step 1300/1999 best 16.037
  step 1350/1999 best 16.152
  step 1400/1999 best 16.114
  step 1450/1999 best 16.165
  step 1500/1999 best 16.029
  step 1550/1999 best 16.090
  step 1600/1999 best 16.188
  step 1650/1999 best 16.205
  step 1700/1999 best 16.107
  step 1750/1999 best 16.053
  step 1800/1999 best 16.208
  step 1850/1999 best 16.176
  step 1900/1999 best 15.986
  step 1950/1999 best 16.054
saved SBC_CHAINS_cnn_vmim__n1_jitter_seed_s3_sim1340_row1149004_noise3396_3575_3754 (240000, 4) acc=0.193
  step 0/1999 best -16.023
  step 50/1999 best -0.361
  step 100/1999 best 12.309
  step 150/1999 best 14.411
  step 200/1999 best 14.295
  step 250/1999 best 14.376
  step 300/1999 best 14.574
  step 350/1999 best 13.970
  step 400/1999 best 14.085
  step 450/1999 best 14.547
  step 500/1999 best 14.016
  step 550/1999 best 14.501
  step 600/1999 best 14.602
  step 650/1999 best 14.505
  step 700/1999 best 14.220
  step 750/1999 best 14.353
  step 800/1999 best 14.371
  step 850/1999 best 14.564
  step 900/1999 best 14.152
  step 950/1999 best 14.335
  step 1000/1999 best 14.402
  step 1050/1999 best 14.521
  step 1100/1999 best 14.418
  step 1150/1999 best 14.441
  step 1200/1999 best 14.496
  step 1250/1999 best 14.488
  step 1300/1999 best 14.270
  step 1350/1999 best 14.495
  step 1400/1999 best 14.362
  step 1450/1999 best 14.532
  step 1500/1999 best 14.549
  step 1550/1999 best 14.426
  step 1600/1999 best 14.320
  step 1650/1999 best 14.546
  step 1700/1999 best 14.586
  step 1750/1999 best 14.411
  step 1800/1999 best 14.516
  step 1850/1999 best 14.493
  step 1900/1999 best 14.321
  step 1950/1999 best 14.418
saved SBC_CHAINS_cnn_vmim__n1_jitter_seed_s3_sim1226_row1044188_noise7516_7695_7874 (240000, 4) acc=0.139
  step 0/1999 best -25.186
  step 50/1999 best 6.884
  step 100/1999 best 9.657
  step 150/1999 best 13.380
  step 200/1999 best 15.077
  step 250/1999 best 14.890
  step 300/1999 best 13.843
  step 350/1999 best 14.806
  step 400/1999 best 15.466
  step 450/1999 best 15.621
  step 500/1999 best 15.522
  step 550/1999 best 15.560
  step 600/1999 best 15.529
  step 650/1999 best 15.474
  step 700/1999 best 15.572
  step 750/1999 best 15.415
  step 800/1999 best 15.453
  step 850/1999 best 15.528
  step 900/1999 best 15.600
  step 950/1999 best 15.493
  step 1000/1999 best 15.286
  step 1050/1999 best 15.429
  step 1100/1999 best 15.494
  step 1150/1999 best 15.137
  step 1200/1999 best 15.615
  step 1250/1999 best 15.544
  step 1300/1999 best 15.436
  step 1350/1999 best 15.301
  step 1400/1999 best 15.481
  step 1450/1999 best 15.558
  step 1500/1999 best 15.519
  step 1550/1999 best 15.415
  step 1600/1999 best 15.430
  step 1650/1999 best 15.586
  step 1700/1999 best 15.454
  step 1750/1999 best 15.495
  step 1800/1999 best 15.543
  step 1850/1999 best 15.600
  step 1900/1999 best 15.547
  step 1950/1999 best 15.455
saved SBC_CHAINS_cnn_vmim__n1_jitter_seed_s3_sim169_row160468_noise2392_2571_2750 (240000, 4) acc=0.156
  step 0/1999 best -28.545
  step 50/1999 best -3.314
  step 100/1999 best -2.254
  step 150/1999 best 6.904
  step 200/1999 best 14.737
  step 250/1999 best 14.797
  step 300/1999 best 16.043
  step 350/1999 best 15.165
  step 400/1999 best 15.804
  step 450/1999 best 15.656
  step 500/1999 best 15.851
  step 550/1999 best 16.027
  step 600/1999 best 15.858
  step 650/1999 best 15.860
  step 700/1999 best 15.896
  step 750/1999 best 16.140
  step 800/1999 best 16.126
  step 850/1999 best 16.174
  step 900/1999 best 16.100
  step 950/1999 best 16.023
  step 1000/1999 best 15.955
  step 1050/1999 best 16.130
  step 1100/1999 best 16.052
  step 1150/1999 best 16.205
  step 1200/1999 best 16.049
  step 1250/1999 best 15.858
  step 1300/1999 best 16.192
  step 1350/1999 best 16.067
  step 1400/1999 best 16.152
  step 1450/1999 best 16.047
  step 1500/1999 best 16.154
  step 1550/1999 best 16.003
  step 1600/1999 best 15.958
  step 1650/1999 best 16.033
  step 1700/1999 best 15.954
  step 1750/1999 best 15.987
  step 1800/1999 best 16.068
  step 1850/1999 best 16.128
  step 1900/1999 best 16.170
  step 1950/1999 best 15.979
saved SBC_CHAINS_cnn_vmim__n1_jitter_seed_s3_sim1184_row1002257_noise4897_5076_5255 (240000, 4) acc=0.150
  step 0/1999 best -21.801
  step 50/1999 best -6.727
  step 100/1999 best 2.311
  step 150/1999 best 7.891
  step 200/1999 best 7.350
  step 250/1999 best 10.393
  step 300/1999 best 11.157
  step 350/1999 best 10.728
  step 400/1999 best 11.200
  step 450/1999 best 11.045
  step 500/1999 best 11.128
  step 550/1999 best 11.213
  step 600/1999 best 10.880
  step 650/1999 best 11.195
  step 700/1999 best 11.137
  step 750/1999 best 11.187
  step 800/1999 best 11.098
  step 850/1999 best 11.029
  step 900/1999 best 11.332
  step 950/1999 best 11.114
  step 1000/1999 best 11.078
  step 1050/1999 best 11.242
  step 1100/1999 best 11.143
  step 1150/1999 best 11.283
  step 1200/1999 best 11.269
  step 1250/1999 best 11.272
  step 1300/1999 best 11.137
  step 1350/1999 best 10.856
  step 1400/1999 best 11.259
  step 1450/1999 best 11.207
  step 1500/1999 best 11.142
  step 1550/1999 best 11.141
  step 1600/1999 best 11.303
  step 1650/1999 best 11.200
  step 1700/1999 best 11.221
  step 1750/1999 best 11.295
  step 1800/1999 best 11.079
  step 1850/1999 best 11.073
  step 1900/1999 best 11.221
  step 1950/1999 best 11.044
saved SBC_CHAINS_cnn_vmim__n1_jitter_seed_s3_sim2842_row2437250_noise1958_2137_2316 (240000, 4) acc=0.227
  step 0/1999 best -17.260
  step 50/1999 best 3.131
  step 100/1999 best 7.499
  step 150/1999 best 8.901
  step 200/1999 best 10.445
  step 250/1999 best 10.553
  step 300/1999 best 10.893
  step 350/1999 best 10.434
  step 400/1999 best 11.035
  step 450/1999 best 10.999
  step 500/1999 best 11.093
  step 550/1999 best 11.232
  step 600/1999 best 11.229
  step 650/1999 best 11.317
  step 700/1999 best 11.139
  step 750/1999 best 11.332
  step 800/1999 best 11.024
  step 850/1999 best 11.237
  step 900/1999 best 11.187
  step 950/1999 best 11.225
  step 1000/1999 best 11.283
  step 1050/1999 best 11.186
  step 1100/1999 best 11.210
  step 1150/1999 best 11.257
  step 1200/1999 best 11.267
  step 1250/1999 best 10.993
  step 1300/1999 best 11.326
  step 1350/1999 best 11.188
  step 1400/1999 best 11.202
  step 1450/1999 best 11.319
  step 1500/1999 best 11.105
  step 1550/1999 best 11.109
  step 1600/1999 best 11.154
  step 1650/1999 best 11.317
  step 1700/1999 best 11.186
  step 1750/1999 best 11.050
  step 1800/1999 best 11.330
  step 1850/1999 best 11.196
  step 1900/1999 best 10.918
  step 1950/1999 best 11.350
saved SBC_CHAINS_cnn_vmim__n1_jitter_seed_s3_sim3014_row2609809_noise7441_7620_7799 (240000, 4) acc=0.261
  step 0/1999 best -6.535
  step 50/1999 best -5.011
  step 100/1999 best 4.240
  step 150/1999 best 9.899
  step 200/1999 best 13.719
  step 250/1999 best 13.807
  step 300/1999 best 13.947
  step 350/1999 best 13.885
  step 400/1999 best 13.961
  step 450/1999 best 13.757
  step 500/1999 best 13.786
  step 550/1999 best 13.998
  step 600/1999 best 13.949
  step 650/1999 best 13.914
  step 700/1999 best 13.915
  step 750/1999 best 13.891
  step 800/1999 best 13.987
  step 850/1999 best 13.858
  step 900/1999 best 13.861
  step 950/1999 best 13.930
  step 1000/1999 best 13.936
  step 1050/1999 best 13.973
  step 1100/1999 best 13.777
  step 1150/1999 best 13.999
  step 1200/1999 best 13.927
  step 1250/1999 best 13.832
  step 1300/1999 best 13.874
  step 1350/1999 best 13.910
  step 1400/1999 best 13.970
  step 1450/1999 best 13.953
  step 1500/1999 best 13.927
  step 1550/1999 best 13.889
  step 1600/1999 best 14.025
  step 1650/1999 best 13.763
  step 1700/1999 best 13.908
  step 1750/1999 best 13.892
  step 1800/1999 best 13.949
  step 1850/1999 best 13.977
  step 1900/1999 best 13.877
  step 1950/1999 best 13.761
saved SBC_CHAINS_cnn_vmim__n1_jitter_seed_s3_sim2354_row1954252_noise5360_5539_5718 (240000, 4) acc=0.253
  step 0/1999 best -20.377
  step 50/1999 best 6.651
  step 100/1999 best 15.569
  step 150/1999 best 16.261
  step 200/1999 best 16.342
  step 250/1999 best 16.381
  step 300/1999 best 16.419
  step 350/1999 best 16.356
  step 400/1999 best 16.531
  step 450/1999 best 16.492
  step 500/1999 best 16.429
  step 550/1999 best 16.392
  step 600/1999 best 16.434
  step 650/1999 best 16.591
  step 700/1999 best 16.312
  step 750/1999 best 16.327
  step 800/1999 best 16.364
  step 850/1999 best 16.476
  step 900/1999 best 16.538
  step 950/1999 best 16.491
  step 1000/1999 best 16.374
  step 1050/1999 best 16.536
  step 1100/1999 best 16.526
  step 1150/1999 best 16.595
  step 1200/1999 best 16.492
  step 1250/1999 best 16.397
  step 1300/1999 best 16.572
  step 1350/1999 best 16.538
  step 1400/1999 best 16.495
  step 1450/1999 best 16.526
  step 1500/1999 best 16.512
  step 1550/1999 best 16.433
  step 1600/1999 best 16.396
  step 1650/1999 best 16.626
  step 1700/1999 best 16.495
  step 1750/1999 best 16.578
  step 1800/1999 best 16.460
  step 1850/1999 best 16.463
  step 1900/1999 best 16.304
  step 1950/1999 best 16.540
saved SBC_CHAINS_cnn_vmim__n1_jitter_seed_s3_sim813_row762177_noise7281_7460_7639 (240000, 4) acc=0.238
  step 0/1999 best -26.074
  step 50/1999 best -0.956
  step 100/1999 best 8.918
  step 150/1999 best 9.040
  step 200/1999 best 9.020
  step 250/1999 best 12.934
  step 300/1999 best 14.011
  step 350/1999 best 14.664
  step 400/1999 best 15.055
  step 450/1999 best 14.769
  step 500/1999 best 14.757
  step 550/1999 best 15.209
  step 600/1999 best 15.200
  step 650/1999 best 14.988
  step 700/1999 best 15.165
  step 750/1999 best 15.036
  step 800/1999 best 15.130
  step 850/1999 best 15.129
  step 900/1999 best 15.204
  step 950/1999 best 15.208
  step 1000/1999 best 15.231
  step 1050/1999 best 15.192
  step 1100/1999 best 15.270
  step 1150/1999 best 15.143
  step 1200/1999 best 15.002
  step 1250/1999 best 15.128
  step 1300/1999 best 15.137
  step 1350/1999 best 15.150
  step 1400/1999 best 15.201
  step 1450/1999 best 15.241
  step 1500/1999 best 15.231
  step 1550/1999 best 15.156
  step 1600/1999 best 15.155
  step 1650/1999 best 15.232
  step 1700/1999 best 15.134
  step 1750/1999 best 15.148
  step 1800/1999 best 15.266
  step 1850/1999 best 15.195
  step 1900/1999 best 15.224
  step 1950/1999 best 15.221
saved SBC_CHAINS_cnn_vmim__n1_jitter_seed_s3_sim646_row599415_noise7595_7774_7953 (240000, 4) acc=0.187
  step 0/1999 best -10.278
  step 50/1999 best 12.038
  step 100/1999 best 16.178
  step 150/1999 best 16.240
  step 200/1999 best 16.482
  step 250/1999 best 16.723
  step 300/1999 best 16.829
  step 350/1999 best 16.818
  step 400/1999 best 16.796
  step 450/1999 best 16.810
  step 500/1999 best 16.748
  step 550/1999 best 16.817
  step 600/1999 best 16.809
  step 650/1999 best 16.856
  step 700/1999 best 16.733
  step 750/1999 best 16.747
  step 800/1999 best 16.830
  step 850/1999 best 16.844
  step 900/1999 best 16.690
  step 950/1999 best 16.774
  step 1000/1999 best 16.793
  step 1050/1999 best 16.840
  step 1100/1999 best 16.688
  step 1150/1999 best 16.672
  step 1200/1999 best 16.783
  step 1250/1999 best 16.873
  step 1300/1999 best 16.919
  step 1350/1999 best 16.837
  step 1400/1999 best 16.840
  step 1450/1999 best 16.758
  step 1500/1999 best 16.864
  step 1550/1999 best 16.849
  step 1600/1999 best 16.767
  step 1650/1999 best 16.822
  step 1700/1999 best 16.913
  step 1750/1999 best 16.768
  step 1800/1999 best 16.886
  step 1850/1999 best 16.760
  step 1900/1999 best 16.905
  step 1950/1999 best 16.917
saved SBC_CHAINS_cnn_vmim__n1_jitter_seed_s3_sim1989_row1600710_noise4454_4633_4812 (240000, 4) acc=0.298
  step 0/1999 best -7.611
  step 50/1999 best 5.052
  step 100/1999 best 4.697
  step 150/1999 best 9.070
  step 200/1999 best 8.741
  step 250/1999 best 9.973
  step 300/1999 best 13.459
  step 350/1999 best 13.109
  step 400/1999 best 14.252
  step 450/1999 best 13.866
  step 500/1999 best 14.294
  step 550/1999 best 14.187
  step 600/1999 best 14.283
  step 650/1999 best 14.384
  step 700/1999 best 14.302
  step 750/1999 best 14.064
  step 800/1999 best 14.248
  step 850/1999 best 14.393
  step 900/1999 best 14.254
  step 950/1999 best 14.247
  step 1000/1999 best 14.247
  step 1050/1999 best 14.311
  step 1100/1999 best 14.346
  step 1150/1999 best 14.320
  step 1200/1999 best 14.346
  step 1250/1999 best 14.198
  step 1300/1999 best 14.313
  step 1350/1999 best 14.232
  step 1400/1999 best 14.263
  step 1450/1999 best 14.079
  step 1500/1999 best 14.169
  step 1550/1999 best 14.284
  step 1600/1999 best 14.438
  step 1650/1999 best 14.349
  step 1700/1999 best 14.436
  step 1750/1999 best 14.324
  step 1800/1999 best 14.378
  step 1850/1999 best 14.383
  step 1900/1999 best 14.352
  step 1950/1999 best 14.315
saved SBC_CHAINS_cnn_vmim__n1_jitter_seed_s3_sim2090_row1700023_noise6487_6666_6845 (240000, 4) acc=0.120
  step 0/1999 best -12.142
  step 50/1999 best 2.769
  step 100/1999 best 12.267
  step 150/1999 best 13.514
  step 200/1999 best 14.598
  step 250/1999 best 15.098
  step 300/1999 best 15.524
  step 350/1999 best 15.400
  step 400/1999 best 15.294
  step 450/1999 best 15.330
  step 500/1999 best 15.364
  step 550/1999 best 15.493
  step 600/1999 best 15.466
  step 650/1999 best 15.417
  step 700/1999 best 15.168
  step 750/1999 best 15.510
  step 800/1999 best 15.326
  step 850/1999 best 15.261
  step 900/1999 best 15.433
  step 950/1999 best 15.314
  step 1000/1999 best 15.460
  step 1050/1999 best 15.441
  step 1100/1999 best 15.470
  step 1150/1999 best 15.350
  step 1200/1999 best 15.282
  step 1250/1999 best 15.415
  step 1300/1999 best 15.262
  step 1350/1999 best 15.359
  step 1400/1999 best 15.275
  step 1450/1999 best 15.498
  step 1500/1999 best 15.419
  step 1550/1999 best 15.436
  step 1600/1999 best 15.446
  step 1650/1999 best 15.333
  step 1700/1999 best 15.267
  step 1750/1999 best 15.124
  step 1800/1999 best 15.446
  step 1850/1999 best 15.448
  step 1900/1999 best 15.454
  step 1950/1999 best 15.343
saved SBC_CHAINS_cnn_vmim__n1_jitter_seed_s3_sim1441_row1223126_noise6238_6417_6596 (240000, 4) acc=0.193
  step 0/1999 best -21.338
  step 50/1999 best 2.555
  step 100/1999 best 11.043
  step 150/1999 best 9.842
  step 200/1999 best 11.277
  step 250/1999 best 11.249
  step 300/1999 best 11.402
  step 350/1999 best 11.336
  step 400/1999 best 11.275
  step 450/1999 best 11.491
  step 500/1999 best 11.241
  step 550/1999 best 11.286
  step 600/1999 best 11.397
  step 650/1999 best 11.297
  step 700/1999 best 11.412
  step 750/1999 best 11.191
  step 800/1999 best 11.347
  step 850/1999 best 11.264
  step 900/1999 best 11.413
  step 950/1999 best 11.384
  step 1000/1999 best 11.487
  step 1050/1999 best 11.226
  step 1100/1999 best 11.397
  step 1150/1999 best 11.462
  step 1200/1999 best 11.251
  step 1250/1999 best 11.147
  step 1300/1999 best 11.383
  step 1350/1999 best 11.328
  step 1400/1999 best 11.363
  step 1450/1999 best 11.319
  step 1500/1999 best 11.310
  step 1550/1999 best 11.342
  step 1600/1999 best 11.328
  step 1650/1999 best 11.333
  step 1700/1999 best 11.336
  step 1750/1999 best 11.442
  step 1800/1999 best 11.485
  step 1850/1999 best 11.433
  step 1900/1999 best 11.325
  step 1950/1999 best 11.360
saved SBC_CHAINS_cnn_vmim__n1_jitter_seed_s3_sim2930_row2525189_noise1445_1624_1803 (240000, 4) acc=0.240
  step 0/1999 best -24.327
  step 50/1999 best -4.520
  step 100/1999 best 0.379
  step 150/1999 best 10.105
  step 200/1999 best 14.914
  step 250/1999 best 13.679
  step 300/1999 best 14.617
  step 350/1999 best 16.524
  step 400/1999 best 16.281
  step 450/1999 best 15.840
  step 500/1999 best 16.379
  step 550/1999 best 16.521
  step 600/1999 best 16.481
  step 650/1999 best 16.510
  step 700/1999 best 16.445
  step 750/1999 best 16.468
  step 800/1999 best 16.512
  step 850/1999 best 16.616
  step 900/1999 best 16.412
  step 950/1999 best 16.416
  step 1000/1999 best 16.549
  step 1050/1999 best 16.517
  step 1100/1999 best 16.297
  step 1150/1999 best 16.578
  step 1200/1999 best 16.517
  step 1250/1999 best 16.499
  step 1300/1999 best 16.479
  step 1350/1999 best 16.399
  step 1400/1999 best 16.608
  step 1450/1999 best 16.575
  step 1500/1999 best 16.507
  step 1550/1999 best 16.431
  step 1600/1999 best 16.561
  step 1650/1999 best 16.477
  step 1700/1999 best 16.477
  step 1750/1999 best 16.522
  step 1800/1999 best 16.431
  step 1850/1999 best 16.437
  step 1900/1999 best 16.403
  step 1950/1999 best 16.534
saved SBC_CHAINS_cnn_vmim__n1_jitter_seed_s3_sim338_row324494_noise4342_4521_4700 (240000, 4) acc=0.209
  step 0/1999 best -11.997
  step 50/1999 best 3.351
  step 100/1999 best 13.702
  step 150/1999 best 14.254
  step 200/1999 best 15.968
  step 250/1999 best 15.724
  step 300/1999 best 15.890
  step 350/1999 best 15.954
  step 400/1999 best 16.135
  step 450/1999 best 16.370
  step 500/1999 best 16.116
  step 550/1999 best 16.227
  step 600/1999 best 16.405
  step 650/1999 best 16.177
  step 700/1999 best 16.295
  step 750/1999 best 16.235
  step 800/1999 best 16.263
  step 850/1999 best 16.407
  step 900/1999 best 16.382
  step 950/1999 best 16.442
  step 1000/1999 best 16.347
  step 1050/1999 best 16.473
  step 1100/1999 best 16.332
  step 1150/1999 best 16.351
  step 1200/1999 best 16.462
  step 1250/1999 best 16.438
  step 1300/1999 best 16.384
  step 1350/1999 best 16.281
  step 1400/1999 best 16.357
  step 1450/1999 best 16.331
  step 1500/1999 best 16.370
  step 1550/1999 best 16.413
  step 1600/1999 best 16.262
  step 1650/1999 best 16.361
  step 1700/1999 best 16.245
  step 1750/1999 best 16.272
  step 1800/1999 best 16.358
  step 1850/1999 best 16.392
  step 1900/1999 best 16.355
  step 1950/1999 best 16.342
saved SBC_CHAINS_cnn_vmim__n1_jitter_seed_s3_sim814_row763292_noise8396_8575_8754 (240000, 4) acc=0.193
  step 0/1999 best -17.658
  step 50/1999 best -4.105
  step 100/1999 best 5.034
  step 150/1999 best 11.331
  step 200/1999 best 11.302
  step 250/1999 best 11.099
  step 300/1999 best 12.570
  step 350/1999 best 12.624
  step 400/1999 best 12.432
  step 450/1999 best 12.542
  step 500/1999 best 12.437
  step 550/1999 best 12.720
  step 600/1999 best 12.629
  step 650/1999 best 12.617
  step 700/1999 best 12.390
  step 750/1999 best 12.623
  step 800/1999 best 12.423
  step 850/1999 best 12.509
  step 900/1999 best 12.704
  step 950/1999 best 12.538
  step 1000/1999 best 12.505
  step 1050/1999 best 12.535
  step 1100/1999 best 12.623
  step 1150/1999 best 12.622
  step 1200/1999 best 12.602
  step 1250/1999 best 12.309
  step 1300/1999 best 12.572
  step 1350/1999 best 12.589
  step 1400/1999 best 12.563
  step 1450/1999 best 12.313
  step 1500/1999 best 12.613
  step 1550/1999 best 12.657
  step 1600/1999 best 12.416
  step 1650/1999 best 12.640
  step 1700/1999 best 12.632
  step 1750/1999 best 12.560
  step 1800/1999 best 12.604
  step 1850/1999 best 12.674
  step 1900/1999 best 12.596
  step 1950/1999 best 12.483
saved SBC_CHAINS_cnn_vmim__n1_jitter_seed_s3_sim2636_row2235319_noise2415_2594_2773 (240000, 4) acc=0.173
  step 0/1999 best -24.687
  step 50/1999 best -5.834
  step 100/1999 best 2.654
  step 150/1999 best 10.933
  step 200/1999 best 11.186
  step 250/1999 best 11.608
  step 300/1999 best 11.649
  step 350/1999 best 11.639
  step 400/1999 best 11.574
  step 450/1999 best 11.484
  step 500/1999 best 11.703
  step 550/1999 best 11.445
  step 600/1999 best 11.638
  step 650/1999 best 11.498
  step 700/1999 best 11.327
  step 750/1999 best 11.640
  step 800/1999 best 11.493
  step 850/1999 best 11.581
  step 900/1999 best 11.516
  step 950/1999 best 11.672
  step 1000/1999 best 11.651
  step 1050/1999 best 11.538
  step 1100/1999 best 11.503
  step 1150/1999 best 11.659
  step 1200/1999 best 11.595
  step 1250/1999 best 11.518
  step 1300/1999 best 11.584
  step 1350/1999 best 11.566
  step 1400/1999 best 11.682
  step 1450/1999 best 11.462
  step 1500/1999 best 11.643
  step 1550/1999 best 11.402
  step 1600/1999 best 11.587
  step 1650/1999 best 11.667
  step 1700/1999 best 11.576
  step 1750/1999 best 11.542
  step 1800/1999 best 11.604
  step 1850/1999 best 11.591
  step 1900/1999 best 11.564
  step 1950/1999 best 11.659
saved SBC_CHAINS_cnn_vmim__n1_jitter_seed_s3_sim2905_row2500106_noise5846_6025_6204 (240000, 4) acc=0.325
  step 0/1999 best -22.350
  step 50/1999 best 0.027
  step 100/1999 best 10.785
  step 150/1999 best 12.973
  step 200/1999 best 15.236
  step 250/1999 best 14.977
  step 300/1999 best 16.012
  step 350/1999 best 15.769
  step 400/1999 best 15.793
  step 450/1999 best 15.816
  step 500/1999 best 16.023
  step 550/1999 best 15.982
  step 600/1999 best 16.020
  step 650/1999 best 15.800
  step 700/1999 best 15.985
  step 750/1999 best 15.922
  step 800/1999 best 16.080
  step 850/1999 best 15.972
  step 900/1999 best 15.901
  step 950/1999 best 15.925
  step 1000/1999 best 15.877
  step 1050/1999 best 15.969
  step 1100/1999 best 16.009
  step 1150/1999 best 16.033
  step 1200/1999 best 16.046
  step 1250/1999 best 15.857
  step 1300/1999 best 16.102
  step 1350/1999 best 16.072
  step 1400/1999 best 15.902
  step 1450/1999 best 15.860
  step 1500/1999 best 16.000
  step 1550/1999 best 15.939
  step 1600/1999 best 15.954
  step 1650/1999 best 15.994
  step 1700/1999 best 15.849
  step 1750/1999 best 15.886
  step 1800/1999 best 16.088
  step 1850/1999 best 16.084
  step 1900/1999 best 16.016
  step 1950/1999 best 16.063
saved SBC_CHAINS_cnn_vmim__n1_jitter_seed_s3_sim1754_row1507604_noise5220_5399_5578 (240000, 4) acc=0.167
  step 0/1999 best -21.213
  step 50/1999 best 7.362
  step 100/1999 best 7.362
  step 150/1999 best 8.214
  step 200/1999 best 7.325
  step 250/1999 best 7.787
  step 300/1999 best 7.513
  step 350/1999 best 8.466
  step 400/1999 best 8.324
  step 450/1999 best 8.451
  step 500/1999 best 8.249
  step 550/1999 best 8.130
  step 600/1999 best 8.143
  step 650/1999 best 8.309
  step 700/1999 best 8.303
  step 750/1999 best 8.085
  step 800/1999 best 8.166
  step 850/1999 best 8.486
  step 900/1999 best 8.457
  step 950/1999 best 8.324
  step 1000/1999 best 8.091
  step 1050/1999 best 8.319
  step 1100/1999 best 8.162
  step 1150/1999 best 8.144
  step 1200/1999 best 8.379
  step 1250/1999 best 8.370
  step 1300/1999 best 7.748
  step 1350/1999 best 8.215
  step 1400/1999 best 8.022
  step 1450/1999 best 8.337
  step 1500/1999 best 8.462
  step 1550/1999 best 8.326
  step 1600/1999 best 8.369
  step 1650/1999 best 8.556
  step 1700/1999 best 8.229
  step 1750/1999 best 8.179
  step 1800/1999 best 8.273
  step 1850/1999 best 8.514
  step 1900/1999 best 8.374
  step 1950/1999 best 7.905
saved SBC_CHAINS_cnn_vmim__n1_jitter_seed_s3_sim3025_row2620426_noise8230_8409_8588 (240000, 4) acc=0.218
  step 0/1999 best -4.466
  step 50/1999 best -3.800
  step 100/1999 best -2.757
  step 150/1999 best 7.389
  step 200/1999 best 12.502
  step 250/1999 best 13.817
  step 300/1999 best 14.700
  step 350/1999 best 14.825
  step 400/1999 best 15.329
  step 450/1999 best 14.953
  step 500/1999 best 15.455
  step 550/1999 best 15.376
  step 600/1999 best 15.433
  step 650/1999 best 15.241
  step 700/1999 best 15.166
  step 750/1999 best 15.007
  step 800/1999 best 15.453
  step 850/1999 best 15.027
  step 900/1999 best 15.489
  step 950/1999 best 15.110
  step 1000/1999 best 15.447
  step 1050/1999 best 15.494
  step 1100/1999 best 15.501
  step 1150/1999 best 15.380
  step 1200/1999 best 15.223
  step 1250/1999 best 15.329
  step 1300/1999 best 15.434
  step 1350/1999 best 15.343
  step 1400/1999 best 15.333
  step 1450/1999 best 15.496
  step 1500/1999 best 15.384
  step 1550/1999 best 15.381
  step 1600/1999 best 15.182
  step 1650/1999 best 15.383
  step 1700/1999 best 15.452
  step 1750/1999 best 15.314
  step 1800/1999 best 15.435
  step 1850/1999 best 15.175
  step 1900/1999 best 15.281
  step 1950/1999 best 15.345
saved SBC_CHAINS_cnn_vmim__n1_jitter_seed_s3_sim415_row393028_noise2252_2431_2610 (240000, 4) acc=0.166
  step 0/1999 best -21.892
  step 50/1999 best -2.665
  step 100/1999 best -1.259
  step 150/1999 best 8.161
  step 200/1999 best 12.181
  step 250/1999 best 12.158
  step 300/1999 best 12.174
  step 350/1999 best 12.174
  step 400/1999 best 12.775
  step 450/1999 best 13.444
  step 500/1999 best 14.377
  step 550/1999 best 14.835
  step 600/1999 best 15.180
  step 650/1999 best 14.802
  step 700/1999 best 14.995
  step 750/1999 best 15.102
  step 800/1999 best 14.959
  step 850/1999 best 14.712
  step 900/1999 best 14.992
  step 950/1999 best 15.096
  step 1000/1999 best 14.897
  step 1050/1999 best 14.982
  step 1100/1999 best 14.869
  step 1150/1999 best 15.151
  step 1200/1999 best 15.177
  step 1250/1999 best 14.663
  step 1300/1999 best 14.885
  step 1350/1999 best 15.006
  step 1400/1999 best 14.861
  step 1450/1999 best 14.797
  step 1500/1999 best 14.985
  step 1550/1999 best 15.146
  step 1600/1999 best 14.881
  step 1650/1999 best 15.195
  step 1700/1999 best 14.914
  step 1750/1999 best 14.635
  step 1800/1999 best 15.085
  step 1850/1999 best 14.898
  step 1900/1999 best 15.058
  step 1950/1999 best 14.970
saved SBC_CHAINS_cnn_vmim__n1_jitter_seed_s3_sim454_row432850_noise2762_2941_3120 (240000, 4) acc=0.152
  step 0/1999 best -21.981
  step 50/1999 best 3.289
  step 100/1999 best 14.941
  step 150/1999 best 16.089
  step 200/1999 best 15.813
  step 250/1999 best 16.324
  step 300/1999 best 15.969
  step 350/1999 best 16.121
  step 400/1999 best 16.174
  step 450/1999 best 16.256
  step 500/1999 best 16.177
  step 550/1999 best 16.113
  step 600/1999 best 16.163
  step 650/1999 best 16.398
  step 700/1999 best 16.175
  step 750/1999 best 16.357
  step 800/1999 best 16.270
  step 850/1999 best 16.379
  step 900/1999 best 16.408
  step 950/1999 best 16.317
  step 1000/1999 best 16.333
  step 1050/1999 best 16.360
  step 1100/1999 best 16.173
  step 1150/1999 best 16.196
  step 1200/1999 best 16.309
  step 1250/1999 best 16.212
  step 1300/1999 best 16.215
  step 1350/1999 best 16.398
  step 1400/1999 best 16.203
  step 1450/1999 best 16.296
  step 1500/1999 best 16.264
  step 1550/1999 best 16.381
  step 1600/1999 best 16.215
  step 1650/1999 best 16.304
  step 1700/1999 best 16.259
  step 1750/1999 best 16.293
  step 1800/1999 best 16.236
  step 1850/1999 best 16.343
  step 1900/1999 best 16.255
  step 1950/1999 best 16.306
saved SBC_CHAINS_cnn_vmim__n1_jitter_seed_s3_sim807_row756448_noise1552_1731_1910 (240000, 4) acc=0.211
  step 0/1999 best -31.069
  step 50/1999 best -1.514
  step 100/1999 best 1.053
  step 150/1999 best 7.781
  step 200/1999 best 14.465
  step 250/1999 best 14.603
  step 300/1999 best 12.952
  step 350/1999 best 13.587
  step 400/1999 best 14.512
  step 450/1999 best 14.443
  step 500/1999 best 14.754
  step 550/1999 best 14.667
  step 600/1999 best 14.421
  step 650/1999 best 14.664
  step 700/1999 best 14.738
  step 750/1999 best 14.677
  step 800/1999 best 14.514
  step 850/1999 best 14.523
  step 900/1999 best 14.674
  step 950/1999 best 14.452
  step 1000/1999 best 14.594
  step 1050/1999 best 14.744
  step 1100/1999 best 14.648
  step 1150/1999 best 14.738
  step 1200/1999 best 14.734
  step 1250/1999 best 14.718
  step 1300/1999 best 14.623
  step 1350/1999 best 14.674
  step 1400/1999 best 14.678
  step 1450/1999 best 14.670
  step 1500/1999 best 14.716
  step 1550/1999 best 14.596
  step 1600/1999 best 14.746
  step 1650/1999 best 14.666
  step 1700/1999 best 14.753
  step 1750/1999 best 14.677
  step 1800/1999 best 14.665
  step 1850/1999 best 14.725
  step 1900/1999 best 14.735
  step 1950/1999 best 14.506
saved SBC_CHAINS_cnn_vmim__n1_jitter_seed_s3_sim328_row314808_noise4484_4663_4842 (240000, 4) acc=0.156
  step 0/1999 best -18.717
  step 50/1999 best -3.272
  step 100/1999 best 5.248
  step 150/1999 best 12.399
  step 200/1999 best 13.128
  step 250/1999 best 13.128
  step 300/1999 best 11.943
  step 350/1999 best 12.930
  step 400/1999 best 12.991
  step 450/1999 best 12.902
  step 500/1999 best 13.425
  step 550/1999 best 13.205
  step 600/1999 best 13.118
  step 650/1999 best 13.570
  step 700/1999 best 13.684
  step 750/1999 best 13.574
  step 800/1999 best 13.214
  step 850/1999 best 13.655
  step 900/1999 best 13.580
  step 950/1999 best 13.373
  step 1000/1999 best 13.423
  step 1050/1999 best 13.411
  step 1100/1999 best 13.422
  step 1150/1999 best 13.315
  step 1200/1999 best 13.626
  step 1250/1999 best 13.511
  step 1300/1999 best 13.591
  step 1350/1999 best 13.503
  step 1400/1999 best 13.587
  step 1450/1999 best 13.650
  step 1500/1999 best 13.645
  step 1550/1999 best 13.637
  step 1600/1999 best 13.437
  step 1650/1999 best 13.391
  step 1700/1999 best 13.669
  step 1750/1999 best 13.489
  step 1800/1999 best 13.573
  step 1850/1999 best 13.529
  step 1900/1999 best 13.675
  step 1950/1999 best 13.446
saved SBC_CHAINS_cnn_vmim__n1_jitter_seed_s3_sim1233_row1051709_noise5209_5388_5567 (240000, 4) acc=0.137
  step 0/1999 best -25.638
  step 50/1999 best -8.149
  step 100/1999 best 3.910
  step 150/1999 best 5.933
  step 200/1999 best 5.935
  step 250/1999 best 6.143
  step 300/1999 best 5.879
  step 350/1999 best 5.255
  step 400/1999 best 5.690
  step 450/1999 best 6.333
  step 500/1999 best 6.237
  step 550/1999 best 6.270
  step 600/1999 best 6.306
  step 650/1999 best 6.461
  step 700/1999 best 6.317
  step 750/1999 best 6.526
  step 800/1999 best 6.327
  step 850/1999 best 6.518
  step 900/1999 best 6.229
  step 950/1999 best 6.512
  step 1000/1999 best 5.955
  step 1050/1999 best 6.327
  step 1100/1999 best 6.165
  step 1150/1999 best 6.014
  step 1200/1999 best 6.499
  step 1250/1999 best 6.266
  step 1300/1999 best 6.049
  step 1350/1999 best 6.217
  step 1400/1999 best 6.385
  step 1450/1999 best 5.459
  step 1500/1999 best 6.230
  step 1550/1999 best 6.273
  step 1600/1999 best 6.372
  step 1650/1999 best 6.342
  step 1700/1999 best 6.355
  step 1750/1999 best 6.527
  step 1800/1999 best 6.162
  step 1850/1999 best 6.395
  step 1900/1999 best 6.206
  step 1950/1999 best 5.777
saved SBC_CHAINS_cnn_vmim__n1_jitter_seed_s3_sim2870_row2465513_noise737_916_1095 (240000, 4) acc=0.303
  step 0/1999 best -22.339
  step 50/1999 best 4.796
  step 100/1999 best 9.104
  step 150/1999 best 12.442
  step 200/1999 best 13.094
  step 250/1999 best 15.683
  step 300/1999 best 15.051
  step 350/1999 best 15.742
  step 400/1999 best 16.622
  step 450/1999 best 16.445
  step 500/1999 best 16.435
  step 550/1999 best 16.989
  step 600/1999 best 16.718
  step 650/1999 best 16.942
  step 700/1999 best 16.870
  step 750/1999 best 16.991
  step 800/1999 best 16.649
  step 850/1999 best 16.908
  step 900/1999 best 16.995
  step 950/1999 best 16.928
  step 1000/1999 best 16.996
  step 1050/1999 best 16.801
  step 1100/1999 best 16.822
  step 1150/1999 best 16.813
  step 1200/1999 best 16.946
  step 1250/1999 best 16.858
  step 1300/1999 best 16.870
  step 1350/1999 best 16.807
  step 1400/1999 best 17.034
  step 1450/1999 best 16.989
  step 1500/1999 best 16.953
  step 1550/1999 best 16.847
  step 1600/1999 best 16.822
  step 1650/1999 best 17.004
  step 1700/1999 best 16.958
  step 1750/1999 best 16.697
  step 1800/1999 best 16.919
  step 1850/1999 best 16.853
  step 1900/1999 best 16.991
  step 1950/1999 best 16.846
saved SBC_CHAINS_cnn_vmim__n1_jitter_seed_s3_sim1203_row1021047_noise4031_4210_4389 (240000, 4) acc=0.179
  step 0/1999 best -25.489
  step 50/1999 best 1.582
  step 100/1999 best 13.502
  step 150/1999 best 16.293
  step 200/1999 best 16.436
  step 250/1999 best 16.497
  step 300/1999 best 16.537
  step 350/1999 best 16.503
  step 400/1999 best 16.572
  step 450/1999 best 16.570
  step 500/1999 best 16.512
  step 550/1999 best 16.633
  step 600/1999 best 16.584
  step 650/1999 best 16.476
  step 700/1999 best 16.493
  step 750/1999 best 16.547
  step 800/1999 best 16.591
  step 850/1999 best 16.501
  step 900/1999 best 16.584
  step 950/1999 best 16.550
  step 1000/1999 best 16.481
  step 1050/1999 best 16.290
  step 1100/1999 best 16.596
  step 1150/1999 best 16.455
  step 1200/1999 best 16.512
  step 1250/1999 best 16.492
  step 1300/1999 best 16.479
  step 1350/1999 best 16.381
  step 1400/1999 best 16.513
  step 1450/1999 best 16.526
  step 1500/1999 best 16.546
  step 1550/1999 best 16.527
  step 1600/1999 best 16.474
  step 1650/1999 best 16.437
  step 1700/1999 best 16.558
  step 1750/1999 best 16.589
  step 1800/1999 best 16.550
  step 1850/1999 best 16.509
  step 1900/1999 best 16.515
  step 1950/1999 best 16.571
saved SBC_CHAINS_cnn_vmim__n1_jitter_seed_s3_sim1347_row1156608_noise1172_1351_1530 (240000, 4) acc=0.223
  step 0/1999 best -22.840
  step 50/1999 best -1.588
  step 100/1999 best 10.229
  step 150/1999 best 8.013
  step 200/1999 best 10.108
  step 250/1999 best 11.736
  step 300/1999 best 11.760
  step 350/1999 best 12.168
  step 400/1999 best 12.355
  step 450/1999 best 12.287
  step 500/1999 best 12.327
  step 550/1999 best 12.332
  step 600/1999 best 12.275
  step 650/1999 best 12.178
  step 700/1999 best 12.201
  step 750/1999 best 12.138
  step 800/1999 best 12.278
  step 850/1999 best 12.385
  step 900/1999 best 12.424
  step 950/1999 best 12.447
  step 1000/1999 best 12.410
  step 1050/1999 best 12.347
  step 1100/1999 best 12.336
  step 1150/1999 best 12.447
  step 1200/1999 best 12.402
  step 1250/1999 best 12.325
  step 1300/1999 best 12.371
  step 1350/1999 best 12.386
  step 1400/1999 best 12.350
  step 1450/1999 best 12.362
  step 1500/1999 best 12.425
  step 1550/1999 best 12.412
  step 1600/1999 best 12.438
  step 1650/1999 best 12.437
  step 1700/1999 best 12.428
  step 1750/1999 best 12.292
  step 1800/1999 best 12.361
  step 1850/1999 best 12.370
  step 1900/1999 best 12.389
  step 1950/1999 best 12.306
saved SBC_CHAINS_cnn_vmim__n1_jitter_seed_s3_sim3061_row2656740_noise5232_5411_5590 (240000, 4) acc=0.231
  step 0/1999 best -23.199
  step 50/1999 best 8.122
  step 100/1999 best 15.579
  step 150/1999 best 15.732
  step 200/1999 best 16.370
  step 250/1999 best 16.425
  step 300/1999 best 16.392
  step 350/1999 best 16.462
  step 400/1999 best 16.551
  step 450/1999 best 16.648
  step 500/1999 best 16.591
  step 550/1999 best 16.538
  step 600/1999 best 16.562
  step 650/1999 best 16.607
  step 700/1999 best 16.586
  step 750/1999 best 16.622
  step 800/1999 best 16.681
  step 850/1999 best 16.686
  step 900/1999 best 16.564
  step 950/1999 best 16.601
  step 1000/1999 best 16.611
  step 1050/1999 best 16.529
  step 1100/1999 best 16.500
  step 1150/1999 best 16.500
  step 1200/1999 best 16.671
  step 1250/1999 best 16.646
  step 1300/1999 best 16.584
  step 1350/1999 best 16.590
  step 1400/1999 best 16.610
  step 1450/1999 best 16.586
  step 1500/1999 best 16.574
  step 1550/1999 best 16.565
  step 1600/1999 best 16.550
  step 1650/1999 best 16.611
  step 1700/1999 best 16.550
  step 1750/1999 best 16.644
  step 1800/1999 best 16.694
  step 1850/1999 best 16.470
  step 1900/1999 best 16.485
  step 1950/1999 best 16.516
saved SBC_CHAINS_cnn_vmim__n1_jitter_seed_s3_sim350_row336965_noise6985_7164_7343 (240000, 4) acc=0.248
  step 0/1999 best -14.059
  step 50/1999 best 1.249
  step 100/1999 best 12.039
  step 150/1999 best 13.554
  step 200/1999 best 13.999
  step 250/1999 best 13.114
  step 300/1999 best 13.762
  step 350/1999 best 13.802
  step 400/1999 best 14.201
  step 450/1999 best 14.450
  step 500/1999 best 13.980
  step 550/1999 best 14.420
  step 600/1999 best 14.366
  step 650/1999 best 14.386
  step 700/1999 best 14.088
  step 750/1999 best 14.165
  step 800/1999 best 14.439
  step 850/1999 best 14.208
  step 900/1999 best 14.353
  step 950/1999 best 14.409
  step 1000/1999 best 14.331
  step 1050/1999 best 14.551
  step 1100/1999 best 14.298
  step 1150/1999 best 14.379
  step 1200/1999 best 14.313
  step 1250/1999 best 14.078
  step 1300/1999 best 14.421
  step 1350/1999 best 14.512
  step 1400/1999 best 14.269
  step 1450/1999 best 14.284
  step 1500/1999 best 14.226
  step 1550/1999 best 14.463
  step 1600/1999 best 14.462
  step 1650/1999 best 14.451
  step 1700/1999 best 14.276
  step 1750/1999 best 14.426
  step 1800/1999 best 14.406
  step 1850/1999 best 14.357
  step 1900/1999 best 14.309
  step 1950/1999 best 14.479
saved SBC_CHAINS_cnn_vmim__n1_jitter_seed_s3_sim1311_row1120235_noise4111_4290_4469 (240000, 4) acc=0.154
  step 0/1999 best -26.058
  step 50/1999 best -1.660
  step 100/1999 best 0.142
  step 150/1999 best 4.804
  step 200/1999 best 10.847
  step 250/1999 best 12.359
  step 300/1999 best 13.189
  step 350/1999 best 14.155
  step 400/1999 best 15.136
  step 450/1999 best 14.561
  step 500/1999 best 15.265
  step 550/1999 best 15.248
  step 600/1999 best 15.116
  step 650/1999 best 15.216
  step 700/1999 best 15.237
  step 750/1999 best 15.210
  step 800/1999 best 15.077
  step 850/1999 best 15.279
  step 900/1999 best 15.269
  step 950/1999 best 14.978
  step 1000/1999 best 14.948
  step 1050/1999 best 15.037
  step 1100/1999 best 15.282
  step 1150/1999 best 15.208
  step 1200/1999 best 15.170
  step 1250/1999 best 15.267
  step 1300/1999 best 15.151
  step 1350/1999 best 15.184
  step 1400/1999 best 15.162
  step 1450/1999 best 15.204
  step 1500/1999 best 15.211
  step 1550/1999 best 15.246
  step 1600/1999 best 15.167
  step 1650/1999 best 15.109
  step 1700/1999 best 15.095
  step 1750/1999 best 14.944
  step 1800/1999 best 15.218
  step 1850/1999 best 15.254
  step 1900/1999 best 15.258
  step 1950/1999 best 15.272
saved SBC_CHAINS_cnn_vmim__n1_jitter_seed_s3_sim1420_row1202988_noise5756_5935_6114 (240000, 4) acc=0.178
  step 0/1999 best -25.715
  step 50/1999 best 7.615
  step 100/1999 best 14.151
  step 150/1999 best 16.127
  step 200/1999 best 16.096
  step 250/1999 best 15.971
  step 300/1999 best 16.119
  step 350/1999 best 15.955
  step 400/1999 best 16.076
  step 450/1999 best 16.272
  step 500/1999 best 16.271
  step 550/1999 best 16.166
  step 600/1999 best 16.010
  step 650/1999 best 16.130
  step 700/1999 best 16.057
  step 750/1999 best 16.038
  step 800/1999 best 15.846
  step 850/1999 best 16.177
  step 900/1999 best 16.237
  step 950/1999 best 16.154
  step 1000/1999 best 16.267
  step 1050/1999 best 16.028
  step 1100/1999 best 16.148
  step 1150/1999 best 16.186
  step 1200/1999 best 16.211
  step 1250/1999 best 16.184
  step 1300/1999 best 16.257
  step 1350/1999 best 16.217
  step 1400/1999 best 16.197
  step 1450/1999 best 16.057
  step 1500/1999 best 16.185
  step 1550/1999 best 16.128
  step 1600/1999 best 16.124
  step 1650/1999 best 16.128
  step 1700/1999 best 16.121
  step 1750/1999 best 16.253
  step 1800/1999 best 16.021
  step 1850/1999 best 16.268
  step 1900/1999 best 16.050
  step 1950/1999 best 16.150
saved SBC_CHAINS_cnn_vmim__n1_jitter_seed_s3_sim1454_row1236076_noise9360_9539_9718 (240000, 4) acc=0.193
  step 0/1999 best -19.554
  step 50/1999 best 2.552
  step 100/1999 best 15.217
  step 150/1999 best 15.681
  step 200/1999 best 16.139
  step 250/1999 best 16.058
  step 300/1999 best 16.026
  step 350/1999 best 16.559
  step 400/1999 best 16.468
  step 450/1999 best 16.544
  step 500/1999 best 16.754
  step 550/1999 best 16.760
  step 600/1999 best 16.786
  step 650/1999 best 16.221
  step 700/1999 best 16.465
  step 750/1999 best 16.743
  step 800/1999 best 16.713
  step 850/1999 best 16.808
  step 900/1999 best 16.681
  step 950/1999 best 16.725
  step 1000/1999 best 16.687
  step 1050/1999 best 16.563
  step 1100/1999 best 16.834
  step 1150/1999 best 16.783
  step 1200/1999 best 16.866
  step 1250/1999 best 16.754
  step 1300/1999 best 16.812
  step 1350/1999 best 16.787
  step 1400/1999 best 16.703
  step 1450/1999 best 16.764
  step 1500/1999 best 16.678
  step 1550/1999 best 16.792
  step 1600/1999 best 16.822
  step 1650/1999 best 16.729
  step 1700/1999 best 16.819
  step 1750/1999 best 16.800
  step 1800/1999 best 16.825
  step 1850/1999 best 16.638
  step 1900/1999 best 16.738
  step 1950/1999 best 16.630
saved SBC_CHAINS_cnn_vmim__n1_jitter_seed_s3_sim104_row103293_noise6013_6192_6371 (240000, 4) acc=0.208
  step 0/1999 best -16.531
  step 50/1999 best 0.727
  step 100/1999 best 11.969
  step 150/1999 best 12.373
  step 200/1999 best 15.251
  step 250/1999 best 15.061
  step 300/1999 best 15.586
  step 350/1999 best 15.631
  step 400/1999 best 15.661
  step 450/1999 best 15.601
  step 500/1999 best 15.695
  step 550/1999 best 15.596
  step 600/1999 best 15.614
  step 650/1999 best 15.655
  step 700/1999 best 15.776
  step 750/1999 best 15.660
  step 800/1999 best 15.557
  step 850/1999 best 15.742
  step 900/1999 best 15.708
  step 950/1999 best 15.640
  step 1000/1999 best 15.705
  step 1050/1999 best 15.618
  step 1100/1999 best 15.618
  step 1150/1999 best 15.746
  step 1200/1999 best 15.758
  step 1250/1999 best 15.736
  step 1300/1999 best 15.524
  step 1350/1999 best 15.661
  step 1400/1999 best 15.742
  step 1450/1999 best 15.693
  step 1500/1999 best 15.795
  step 1550/1999 best 15.695
  step 1600/1999 best 15.792
  step 1650/1999 best 15.702
  step 1700/1999 best 15.589
  step 1750/1999 best 15.633
  step 1800/1999 best 15.673
  step 1850/1999 best 15.668
  step 1900/1999 best 15.736
  step 1950/1999 best 15.680
saved SBC_CHAINS_cnn_vmim__n1_jitter_seed_s3_sim193_row184447_noise6715_6894_7073 (240000, 4) acc=0.194
  step 0/1999 best -18.134
  step 50/1999 best 14.420
  step 100/1999 best 14.891
  step 150/1999 best 15.703
  step 200/1999 best 16.630
  step 250/1999 best 16.898
  step 300/1999 best 16.748
  step 350/1999 best 16.696
  step 400/1999 best 16.852
  step 450/1999 best 16.635
  step 500/1999 best 16.818
  step 550/1999 best 16.748
  step 600/1999 best 16.829
  step 650/1999 best 16.797
  step 700/1999 best 16.977
  step 750/1999 best 16.972
  step 800/1999 best 16.939
  step 850/1999 best 16.992
  step 900/1999 best 16.975
  step 950/1999 best 16.796
  step 1000/1999 best 16.980
  step 1050/1999 best 16.847
  step 1100/1999 best 16.930
  step 1150/1999 best 16.903
  step 1200/1999 best 16.780
  step 1250/1999 best 16.963
  step 1300/1999 best 16.884
  step 1350/1999 best 16.801
  step 1400/1999 best 16.884
  step 1450/1999 best 16.933
  step 1500/1999 best 16.959
  step 1550/1999 best 16.894
  step 1600/1999 best 16.948
  step 1650/1999 best 16.881
  step 1700/1999 best 16.910
  step 1750/1999 best 16.964
  step 1800/1999 best 16.826
  step 1850/1999 best 16.801
  step 1900/1999 best 16.793
  step 1950/1999 best 16.897
saved SBC_CHAINS_cnn_vmim__n1_jitter_seed_s3_sim272_row258519_noise7163_7342_7521 (240000, 4) acc=0.238
  step 0/1999 best -18.727
  step 50/1999 best 7.535
  step 100/1999 best 2.649
  step 150/1999 best 10.023
  step 200/1999 best 13.519
  step 250/1999 best 13.850
  step 300/1999 best 14.378
  step 350/1999 best 14.546
  step 400/1999 best 14.321
  step 450/1999 best 14.449
  step 500/1999 best 14.417
  step 550/1999 best 14.617
  step 600/1999 best 14.599
  step 650/1999 best 14.408
  step 700/1999 best 14.624
  step 750/1999 best 14.529
  step 800/1999 best 14.542
  step 850/1999 best 14.384
  step 900/1999 best 14.374
  step 950/1999 best 14.577
  step 1000/1999 best 14.478
  step 1050/1999 best 14.627
  step 1100/1999 best 14.474
  step 1150/1999 best 14.416
  step 1200/1999 best 14.615
  step 1250/1999 best 14.518
  step 1300/1999 best 14.176
  step 1350/1999 best 14.457
  step 1400/1999 best 14.489
  step 1450/1999 best 14.562
  step 1500/1999 best 14.685
  step 1550/1999 best 14.573
  step 1600/1999 best 14.586
  step 1650/1999 best 14.604
  step 1700/1999 best 14.649
  step 1750/1999 best 14.419
  step 1800/1999 best 14.615
  step 1850/1999 best 14.634
  step 1900/1999 best 14.649
  step 1950/1999 best 14.596
saved SBC_CHAINS_cnn_vmim__n1_jitter_seed_s3_sim2391_row1990591_noise3387_3566_3745 (240000, 4) acc=0.216
  step 0/1999 best -21.036
  step 50/1999 best 1.522
  step 100/1999 best 11.194
  step 150/1999 best 16.341
  step 200/1999 best 15.309
  step 250/1999 best 16.374
  step 300/1999 best 16.540
  step 350/1999 best 16.458
  step 400/1999 best 16.634
  step 450/1999 best 16.449
  step 500/1999 best 16.627
  step 550/1999 best 16.430
  step 600/1999 best 16.466
  step 650/1999 best 16.568
  step 700/1999 best 16.582
  step 750/1999 best 16.570
  step 800/1999 best 16.587
  step 850/1999 best 16.634
  step 900/1999 best 16.550
  step 950/1999 best 16.706
  step 1000/1999 best 16.618
  step 1050/1999 best 16.717
  step 1100/1999 best 16.506
  step 1150/1999 best 16.547
  step 1200/1999 best 16.507
  step 1250/1999 best 16.597
  step 1300/1999 best 16.586
  step 1350/1999 best 16.618
  step 1400/1999 best 16.542
  step 1450/1999 best 16.618
  step 1500/1999 best 16.621
  step 1550/1999 best 16.773
  step 1600/1999 best 16.554
  step 1650/1999 best 16.567
  step 1700/1999 best 16.657
  step 1750/1999 best 16.715
  step 1800/1999 best 16.676
  step 1850/1999 best 16.547
  step 1900/1999 best 16.678
  step 1950/1999 best 16.687
saved SBC_CHAINS_cnn_vmim__n1_jitter_seed_s3_sim1346_row1155577_noise141_320_499 (240000, 4) acc=0.241
  step 0/1999 best -22.294
  step 50/1999 best 1.128
  step 100/1999 best 7.174
  step 150/1999 best 9.656
  step 200/1999 best 8.467
  step 250/1999 best 9.992
  step 300/1999 best 12.169
  step 350/1999 best 10.872
  step 400/1999 best 12.632
  step 450/1999 best 11.973
  step 500/1999 best 12.249
  step 550/1999 best 12.470
  step 600/1999 best 11.571
  step 650/1999 best 12.676
  step 700/1999 best 12.572
  step 750/1999 best 12.746
  step 800/1999 best 12.611
  step 850/1999 best 12.631
  step 900/1999 best 12.549
  step 950/1999 best 12.756
  step 1000/1999 best 12.646
  step 1050/1999 best 12.683
  step 1100/1999 best 12.696
  step 1150/1999 best 12.780
  step 1200/1999 best 12.623
  step 1250/1999 best 12.698
  step 1300/1999 best 12.596
  step 1350/1999 best 12.431
  step 1400/1999 best 12.768
  step 1450/1999 best 12.569
  step 1500/1999 best 12.547
  step 1550/1999 best 12.716
  step 1600/1999 best 12.533
  step 1650/1999 best 12.751
  step 1700/1999 best 12.499
  step 1750/1999 best 12.479
  step 1800/1999 best 12.482
  step 1850/1999 best 12.795
  step 1900/1999 best 12.761
  step 1950/1999 best 12.608
saved SBC_CHAINS_cnn_vmim__n1_jitter_seed_s3_sim667_row620499_noise9023_9202_9381 (240000, 4) acc=0.114
  step 0/1999 best -17.292
  step 50/1999 best 7.084
  step 100/1999 best 15.090
  step 150/1999 best 15.927
  step 200/1999 best 15.935
  step 250/1999 best 16.172
  step 300/1999 best 15.931
  step 350/1999 best 15.953
  step 400/1999 best 16.460
  step 450/1999 best 16.152
  step 500/1999 best 16.154
  step 550/1999 best 16.363
  step 600/1999 best 16.359
  step 650/1999 best 16.333
  step 700/1999 best 16.407
  step 750/1999 best 16.293
  step 800/1999 best 16.416
  step 850/1999 best 16.339
  step 900/1999 best 16.350
  step 950/1999 best 16.445
  step 1000/1999 best 16.175
  step 1050/1999 best 16.490
  step 1100/1999 best 16.401
  step 1150/1999 best 16.378
  step 1200/1999 best 16.215
  step 1250/1999 best 16.200
  step 1300/1999 best 16.519
  step 1350/1999 best 16.317
  step 1400/1999 best 16.313
  step 1450/1999 best 16.136
  step 1500/1999 best 16.433
  step 1550/1999 best 16.241
  step 1600/1999 best 16.489
  step 1650/1999 best 16.424
  step 1700/1999 best 16.445
  step 1750/1999 best 16.409
  step 1800/1999 best 16.241
  step 1850/1999 best 16.342
  step 1900/1999 best 16.511
  step 1950/1999 best 16.263
saved SBC_CHAINS_cnn_vmim__n1_jitter_seed_s3_sim1923_row1534655_noise7195_7374_7553 (240000, 4) acc=0.146
  step 0/1999 best -11.104
  step 50/1999 best 2.101
  step 100/1999 best 8.086
  step 150/1999 best 8.381
  step 200/1999 best 15.321
  step 250/1999 best 14.925
  step 300/1999 best 15.166
  step 350/1999 best 16.513
  step 400/1999 best 15.967
  step 450/1999 best 16.358
  step 500/1999 best 16.376
  step 550/1999 best 16.481
  step 600/1999 best 16.518
  step 650/1999 best 16.677
  step 700/1999 best 16.806
  step 750/1999 best 16.530
  step 800/1999 best 16.783
  step 850/1999 best 16.712
  step 900/1999 best 16.734
  step 950/1999 best 16.746
  step 1000/1999 best 16.703
  step 1050/1999 best 16.732
  step 1100/1999 best 16.577
  step 1150/1999 best 16.701
  step 1200/1999 best 16.820
  step 1250/1999 best 16.765
  step 1300/1999 best 16.583
  step 1350/1999 best 16.783
  step 1400/1999 best 16.717
  step 1450/1999 best 16.811
  step 1500/1999 best 16.636
  step 1550/1999 best 16.831
  step 1600/1999 best 16.682
  step 1650/1999 best 16.765
  step 1700/1999 best 16.701
  step 1750/1999 best 16.755
  step 1800/1999 best 16.662
  step 1850/1999 best 16.625
  step 1900/1999 best 16.545
  step 1950/1999 best 16.821
saved SBC_CHAINS_cnn_vmim__n1_jitter_seed_s3_sim1190_row1008830_noise1642_1821_2000 (240000, 4) acc=0.188
  step 0/1999 best -12.843
  step 50/1999 best -2.316
  step 100/1999 best 5.173
  step 150/1999 best 12.812
  step 200/1999 best 13.530
  step 250/1999 best 14.893
  step 300/1999 best 14.828
  step 350/1999 best 14.628
  step 400/1999 best 14.826
  step 450/1999 best 14.853
  step 500/1999 best 14.709
  step 550/1999 best 14.771
  step 600/1999 best 14.915
  step 650/1999 best 15.009
  step 700/1999 best 14.790
  step 750/1999 best 14.971
  step 800/1999 best 14.992
  step 850/1999 best 14.953
  step 900/1999 best 15.050
  step 950/1999 best 15.015
  step 1000/1999 best 14.946
  step 1050/1999 best 14.923
  step 1100/1999 best 14.868
  step 1150/1999 best 14.942
  step 1200/1999 best 15.015
  step 1250/1999 best 14.859
  step 1300/1999 best 15.008
  step 1350/1999 best 14.915
  step 1400/1999 best 14.962
  step 1450/1999 best 15.021
  step 1500/1999 best 14.943
  step 1550/1999 best 14.978
  step 1600/1999 best 14.812
  step 1650/1999 best 14.901
  step 1700/1999 best 14.954
  step 1750/1999 best 15.053
  step 1800/1999 best 14.863
  step 1850/1999 best 14.940
  step 1900/1999 best 14.966
  step 1950/1999 best 14.982
saved SBC_CHAINS_cnn_vmim__n1_jitter_seed_s3_sim793_row742938_noise7698_7877_8056 (240000, 4) acc=0.262
  step 0/1999 best -27.791
  step 50/1999 best -1.216
  step 100/1999 best 4.721
  step 150/1999 best 9.338
  step 200/1999 best 11.785
  step 250/1999 best 12.148
  step 300/1999 best 12.270
  step 350/1999 best 12.283
  step 400/1999 best 12.165
  step 450/1999 best 12.368
  step 500/1999 best 12.387
  step 550/1999 best 12.308
  step 600/1999 best 12.322
  step 650/1999 best 12.195
  step 700/1999 best 12.378
  step 750/1999 best 12.162
  step 800/1999 best 12.374
  step 850/1999 best 12.334
  step 900/1999 best 12.396
  step 950/1999 best 12.338
  step 1000/1999 best 12.408
  step 1050/1999 best 12.223
  step 1100/1999 best 12.384
  step 1150/1999 best 12.419
  step 1200/1999 best 12.359
  step 1250/1999 best 12.327
  step 1300/1999 best 12.368
  step 1350/1999 best 12.136
  step 1400/1999 best 12.378
  step 1450/1999 best 12.304
  step 1500/1999 best 12.288
  step 1550/1999 best 12.443
  step 1600/1999 best 12.328
  step 1650/1999 best 12.350
  step 1700/1999 best 12.356
  step 1750/1999 best 12.356
  step 1800/1999 best 12.339
  step 1850/1999 best 12.361
  step 1900/1999 best 12.283
  step 1950/1999 best 12.206
saved SBC_CHAINS_cnn_vmim__n1_jitter_seed_s3_sim3067_row2662599_noise1263_1442_1621 (240000, 4) acc=0.313
  step 0/1999 best -14.693
  step 50/1999 best -0.285
  step 100/1999 best 2.166
  step 150/1999 best 13.374
  step 200/1999 best 15.063
  step 250/1999 best 15.759
  step 300/1999 best 16.774
  step 350/1999 best 16.709
  step 400/1999 best 16.918
  step 450/1999 best 16.576
  step 500/1999 best 16.909
  step 550/1999 best 16.900
  step 600/1999 best 16.787
  step 650/1999 best 16.780
  step 700/1999 best 16.682
  step 750/1999 best 16.790
  step 800/1999 best 16.783
  step 850/1999 best 16.901
  step 900/1999 best 16.829
  step 950/1999 best 16.829
  step 1000/1999 best 16.839
  step 1050/1999 best 16.713
  step 1100/1999 best 16.765
  step 1150/1999 best 16.884
  step 1200/1999 best 16.811
  step 1250/1999 best 16.765
  step 1300/1999 best 16.760
  step 1350/1999 best 16.767
  step 1400/1999 best 16.808
  step 1450/1999 best 16.844
  step 1500/1999 best 16.900
  step 1550/1999 best 16.799
  step 1600/1999 best 16.729
  step 1650/1999 best 16.753
  step 1700/1999 best 16.777
  step 1750/1999 best 16.833
  step 1800/1999 best 16.705
  step 1850/1999 best 16.886
  step 1900/1999 best 16.826
  step 1950/1999 best 16.837
saved SBC_CHAINS_cnn_vmim__n1_jitter_seed_s3_sim351_row337840_noise7860_8039_8218 (240000, 4) acc=0.213
  step 0/1999 best -21.324
  step 50/1999 best 5.126
  step 100/1999 best 5.004
  step 150/1999 best 12.845
  step 200/1999 best 11.327
  step 250/1999 best 14.954
  step 300/1999 best 14.522
  step 350/1999 best 15.062
  step 400/1999 best 15.184
  step 450/1999 best 14.959
  step 500/1999 best 15.061
  step 550/1999 best 15.360
  step 600/1999 best 15.216
  step 650/1999 best 15.398
  step 700/1999 best 15.273
  step 750/1999 best 15.198
  step 800/1999 best 15.425
  step 850/1999 best 15.350
  step 900/1999 best 15.361
  step 950/1999 best 15.157
  step 1000/1999 best 15.324
  step 1050/1999 best 15.301
  step 1100/1999 best 15.212
  step 1150/1999 best 15.238
  step 1200/1999 best 15.451
  step 1250/1999 best 15.312
  step 1300/1999 best 15.334
  step 1350/1999 best 15.168
  step 1400/1999 best 15.451
  step 1450/1999 best 15.187
  step 1500/1999 best 15.350
  step 1550/1999 best 15.409
  step 1600/1999 best 15.401
  step 1650/1999 best 15.347
  step 1700/1999 best 15.354
  step 1750/1999 best 15.416
  step 1800/1999 best 15.326
  step 1850/1999 best 15.190
  step 1900/1999 best 15.274
  step 1950/1999 best 15.163
saved SBC_CHAINS_cnn_vmim__n1_jitter_seed_s3_sim987_row936744_noise4944_5123_5302 (240000, 4) acc=0.167
  step 0/1999 best -13.959
  step 50/1999 best 1.354
  step 100/1999 best 10.256
  step 150/1999 best 16.083
  step 200/1999 best 15.890
  step 250/1999 best 16.207
  step 300/1999 best 16.210
  step 350/1999 best 16.340
  step 400/1999 best 16.263
  step 450/1999 best 16.381
  step 500/1999 best 16.444
  step 550/1999 best 16.433
  step 600/1999 best 16.484
  step 650/1999 best 16.478
  step 700/1999 best 16.060
  step 750/1999 best 16.304
  step 800/1999 best 16.220
  step 850/1999 best 16.218
  step 900/1999 best 16.415
  step 950/1999 best 15.897
  step 1000/1999 best 16.279
  step 1050/1999 best 16.390
  step 1100/1999 best 16.229
  step 1150/1999 best 16.243
  step 1200/1999 best 16.443
  step 1250/1999 best 16.389
  step 1300/1999 best 16.122
  step 1350/1999 best 16.485
  step 1400/1999 best 16.415
  step 1450/1999 best 16.381
  step 1500/1999 best 16.439
  step 1550/1999 best 16.358
  step 1600/1999 best 16.369
  step 1650/1999 best 16.322
  step 1700/1999 best 16.353
  step 1750/1999 best 16.449
  step 1800/1999 best 16.432
  step 1850/1999 best 16.317
  step 1900/1999 best 16.427
  step 1950/1999 best 16.421
saved SBC_CHAINS_cnn_vmim__n1_jitter_seed_s3_sim284_row270435_noise9251_9430_9609 (240000, 4) acc=0.169
  step 0/1999 best -27.551
  step 50/1999 best 5.570
  step 100/1999 best 13.642
  step 150/1999 best 13.469
  step 200/1999 best 15.123
  step 250/1999 best 14.875
  step 300/1999 best 14.790
  step 350/1999 best 14.993
  step 400/1999 best 15.097
  step 450/1999 best 15.069
  step 500/1999 best 14.640
  step 550/1999 best 14.783
  step 600/1999 best 14.933
  step 650/1999 best 14.959
  step 700/1999 best 14.740
  step 750/1999 best 14.999
  step 800/1999 best 14.782
  step 850/1999 best 15.055
  step 900/1999 best 15.055
  step 950/1999 best 15.054
  step 1000/1999 best 14.836
  step 1050/1999 best 15.110
  step 1100/1999 best 15.120
  step 1150/1999 best 14.840
  step 1200/1999 best 15.137
  step 1250/1999 best 14.969
  step 1300/1999 best 15.015
  step 1350/1999 best 15.130
  step 1400/1999 best 14.948
  step 1450/1999 best 15.005
  step 1500/1999 best 14.852
  step 1550/1999 best 14.892
  step 1600/1999 best 15.065
  step 1650/1999 best 14.890
  step 1700/1999 best 14.988
  step 1750/1999 best 15.022
  step 1800/1999 best 15.002
  step 1850/1999 best 15.085
  step 1900/1999 best 15.122
  step 1950/1999 best 15.028
saved SBC_CHAINS_cnn_vmim__n1_jitter_seed_s3_sim721_row670574_noise4130_4309_4488 (240000, 4) acc=0.178
  step 0/1999 best -20.225
  step 50/1999 best -2.957
  step 100/1999 best 1.551
  step 150/1999 best 6.636
  step 200/1999 best 12.581
  step 250/1999 best 14.838
  step 300/1999 best 14.549
  step 350/1999 best 15.338
  step 400/1999 best 15.282
  step 450/1999 best 14.918
  step 500/1999 best 15.229
  step 550/1999 best 15.122
  step 600/1999 best 15.513
  step 650/1999 best 15.429
  step 700/1999 best 15.374
  step 750/1999 best 15.799
  step 800/1999 best 15.690
  step 850/1999 best 15.598
  step 900/1999 best 15.763
  step 950/1999 best 15.535
  step 1000/1999 best 15.651
  step 1050/1999 best 15.775
  step 1100/1999 best 15.701
  step 1150/1999 best 15.762
  step 1200/1999 best 15.666
  step 1250/1999 best 15.540
  step 1300/1999 best 15.640
  step 1350/1999 best 15.688
  step 1400/1999 best 15.616
  step 1450/1999 best 15.652
  step 1500/1999 best 15.773
  step 1550/1999 best 15.429
  step 1600/1999 best 15.601
  step 1650/1999 best 15.694
  step 1700/1999 best 15.751
  step 1750/1999 best 15.600
  step 1800/1999 best 15.714
  step 1850/1999 best 15.650
  step 1900/1999 best 15.696
  step 1950/1999 best 15.781
saved SBC_CHAINS_cnn_vmim__n1_jitter_seed_s3_sim418_row396381_noise5605_5784_5963 (240000, 4) acc=0.175
  step 0/1999 best -4.784
  step 50/1999 best -1.991
  step 100/1999 best -2.722
  step 150/1999 best 5.392
  step 200/1999 best 14.360
  step 250/1999 best 13.950
  step 300/1999 best 14.964
  step 350/1999 best 14.407
  step 400/1999 best 14.836
  step 450/1999 best 15.442
  step 500/1999 best 15.214
  step 550/1999 best 14.583
  step 600/1999 best 14.848
  step 650/1999 best 15.441
  step 700/1999 best 14.981
  step 750/1999 best 15.225
  step 800/1999 best 15.006
  step 850/1999 best 15.355
  step 900/1999 best 15.023
  step 950/1999 best 15.110
  step 1000/1999 best 15.403
  step 1050/1999 best 15.400
  step 1100/1999 best 15.340
  step 1150/1999 best 15.407
  step 1200/1999 best 15.505
  step 1250/1999 best 15.507
  step 1300/1999 best 15.323
  step 1350/1999 best 15.453
  step 1400/1999 best 15.509
  step 1450/1999 best 15.443
  step 1500/1999 best 15.258
  step 1550/1999 best 15.352
  step 1600/1999 best 15.359
  step 1650/1999 best 15.396
  step 1700/1999 best 15.519
  step 1750/1999 best 15.444
  step 1800/1999 best 15.159
  step 1850/1999 best 15.470
  step 1900/1999 best 15.275
  step 1950/1999 best 15.274
saved SBC_CHAINS_cnn_vmim__n1_jitter_seed_s3_sim91_row90797_noise3345_3524_3703 (240000, 4) acc=0.131
  step 0/1999 best -24.099
  step 50/1999 best -4.290
  step 100/1999 best -1.774
  step 150/1999 best 8.018
  step 200/1999 best 11.523
  step 250/1999 best 12.885
  step 300/1999 best 12.836
  step 350/1999 best 13.384
  step 400/1999 best 13.215
  step 450/1999 best 13.317
  step 500/1999 best 13.204
  step 550/1999 best 13.291
  step 600/1999 best 13.378
  step 650/1999 best 13.331
  step 700/1999 best 13.323
  step 750/1999 best 13.372
  step 800/1999 best 13.432
  step 850/1999 best 13.297
  step 900/1999 best 13.415
  step 950/1999 best 13.377
  step 1000/1999 best 13.336
  step 1050/1999 best 13.230
  step 1100/1999 best 13.303
  step 1150/1999 best 13.232
  step 1200/1999 best 13.184
  step 1250/1999 best 13.385
  step 1300/1999 best 13.280
  step 1350/1999 best 13.216
  step 1400/1999 best 13.245
  step 1450/1999 best 13.312
  step 1500/1999 best 13.409
  step 1550/1999 best 13.458
  step 1600/1999 best 13.290
  step 1650/1999 best 13.464
  step 1700/1999 best 13.208
  step 1750/1999 best 13.341
  step 1800/1999 best 13.355
  step 1850/1999 best 13.306
  step 1900/1999 best 13.376
  step 1950/1999 best 13.340
saved SBC_CHAINS_cnn_vmim__n1_jitter_seed_s3_sim2511_row2110882_noise5742_5921_6100 (240000, 4) acc=0.215
  step 0/1999 best -17.232
  step 50/1999 best -1.079
  step 100/1999 best 10.523
  step 150/1999 best 12.005
  step 200/1999 best 13.397
  step 250/1999 best 14.879
  step 300/1999 best 15.057
  step 350/1999 best 14.684
  step 400/1999 best 14.722
  step 450/1999 best 15.029
  step 500/1999 best 15.019
  step 550/1999 best 14.693
  step 600/1999 best 14.977
  step 650/1999 best 14.792
  step 700/1999 best 14.936
  step 750/1999 best 14.485
  step 800/1999 best 14.968
  step 850/1999 best 15.067
  step 900/1999 best 14.813
  step 950/1999 best 14.914
  step 1000/1999 best 14.569
  step 1050/1999 best 14.648
  step 1100/1999 best 14.913
  step 1150/1999 best 14.895
  step 1200/1999 best 14.974
  step 1250/1999 best 15.005
  step 1300/1999 best 14.937
  step 1350/1999 best 14.951
  step 1400/1999 best 14.893
  step 1450/1999 best 15.013
  step 1500/1999 best 15.008
  step 1550/1999 best 15.011
  step 1600/1999 best 14.904
  step 1650/1999 best 14.732
  step 1700/1999 best 14.906
  step 1750/1999 best 14.883
  step 1800/1999 best 14.917
  step 1850/1999 best 15.040
  step 1900/1999 best 14.922
  step 1950/1999 best 14.700
saved SBC_CHAINS_cnn_vmim__n1_jitter_seed_s3_sim375_row361981_noise2517_2696_2875 (240000, 4) acc=0.158
  step 0/1999 best -12.657
  step 50/1999 best -6.810
  step 100/1999 best 6.568
  step 150/1999 best 6.568
  step 200/1999 best 11.572
  step 250/1999 best 12.530
  step 300/1999 best 13.100
  step 350/1999 best 12.680
  step 400/1999 best 12.449
  step 450/1999 best 13.098
  step 500/1999 best 13.278
  step 550/1999 best 13.359
  step 600/1999 best 13.226
  step 650/1999 best 13.060
  step 700/1999 best 13.261
  step 750/1999 best 13.066
  step 800/1999 best 13.275
  step 850/1999 best 13.338
  step 900/1999 best 13.364
  step 950/1999 best 13.283
  step 1000/1999 best 13.165
  step 1050/1999 best 13.152
  step 1100/1999 best 13.060
  step 1150/1999 best 12.937
  step 1200/1999 best 13.031
  step 1250/1999 best 13.337
  step 1300/1999 best 13.216
  step 1350/1999 best 13.378
  step 1400/1999 best 13.246
  step 1450/1999 best 13.270
  step 1500/1999 best 13.351
  step 1550/1999 best 13.108
  step 1600/1999 best 13.272
  step 1650/1999 best 13.221
  step 1700/1999 best 13.275
  step 1750/1999 best 13.134
  step 1800/1999 best 13.311
  step 1850/1999 best 13.302
  step 1900/1999 best 13.328
  step 1950/1999 best 13.201
saved SBC_CHAINS_cnn_vmim__n1_jitter_seed_s3_sim2559_row2158276_noise3996_4175_4354 (240000, 4) acc=0.171
  step 0/1999 best -15.713
  step 50/1999 best -0.044
  step 100/1999 best 0.344
  step 150/1999 best 11.587
  step 200/1999 best 13.609
  step 250/1999 best 15.291
  step 300/1999 best 14.521
  step 350/1999 best 15.411
  step 400/1999 best 15.339
  step 450/1999 best 15.555
  step 500/1999 best 15.919
  step 550/1999 best 15.701
  step 600/1999 best 16.164
  step 650/1999 best 15.792
  step 700/1999 best 15.821
  step 750/1999 best 15.942
  step 800/1999 best 16.108
  step 850/1999 best 15.966
  step 900/1999 best 16.056
  step 950/1999 best 15.763
  step 1000/1999 best 15.827
  step 1050/1999 best 15.962
  step 1100/1999 best 15.915
  step 1150/1999 best 16.014
  step 1200/1999 best 15.995
  step 1250/1999 best 16.081
  step 1300/1999 best 16.018
  step 1350/1999 best 15.875
  step 1400/1999 best 15.860
  step 1450/1999 best 15.979
  step 1500/1999 best 15.925
  step 1550/1999 best 15.917
  step 1600/1999 best 15.845
  step 1650/1999 best 15.955
  step 1700/1999 best 15.979
  step 1750/1999 best 16.057
  step 1800/1999 best 16.100
  step 1850/1999 best 16.029
  step 1900/1999 best 16.099
  step 1950/1999 best 15.963
saved SBC_CHAINS_cnn_vmim__n1_jitter_seed_s3_sim1348_row1157649_noise2213_2392_2571 (240000, 4) acc=0.146
  step 0/1999 best -16.125
  step 50/1999 best 9.271
  step 100/1999 best 14.225
  step 150/1999 best 13.197
  step 200/1999 best 14.726
  step 250/1999 best 15.103
  step 300/1999 best 15.300
  step 350/1999 best 16.653
  step 400/1999 best 16.610
  step 450/1999 best 16.282
  step 500/1999 best 16.445
  step 550/1999 best 16.515
  step 600/1999 best 16.353
  step 650/1999 best 16.270
  step 700/1999 best 16.544
  step 750/1999 best 16.570
  step 800/1999 best 16.665
  step 850/1999 best 16.489
  step 900/1999 best 16.522
  step 950/1999 best 16.584
  step 1000/1999 best 16.407
  step 1050/1999 best 16.427
  step 1100/1999 best 16.625
  step 1150/1999 best 16.567
  step 1200/1999 best 16.206
  step 1250/1999 best 16.543
  step 1300/1999 best 16.347
  step 1350/1999 best 16.551
  step 1400/1999 best 16.338
  step 1450/1999 best 16.465
  step 1500/1999 best 16.413
  step 1550/1999 best 16.539
  step 1600/1999 best 16.542
  step 1650/1999 best 16.565
  step 1700/1999 best 16.408
  step 1750/1999 best 16.526
  step 1800/1999 best 16.543
  step 1850/1999 best 16.436
  step 1900/1999 best 16.485
  step 1950/1999 best 16.497
saved SBC_CHAINS_cnn_vmim__n1_jitter_seed_s3_sim358_row344709_noise4901_5080_5259 (240000, 4) acc=0.154
  step 0/1999 best -17.367
  step 50/1999 best -0.156
  step 100/1999 best 8.082
  step 150/1999 best 13.808
  step 200/1999 best 14.390
  step 250/1999 best 14.818
  step 300/1999 best 14.722
  step 350/1999 best 14.763
  step 400/1999 best 14.802
  step 450/1999 best 14.756
  step 500/1999 best 14.862
  step 550/1999 best 14.814
  step 600/1999 best 14.912
  step 650/1999 best 14.960
  step 700/1999 best 14.799
  step 750/1999 best 14.930
  step 800/1999 best 14.865
  step 850/1999 best 14.883
  step 900/1999 best 14.869
  step 950/1999 best 14.902
  step 1000/1999 best 14.951
  step 1050/1999 best 14.898
  step 1100/1999 best 14.676
  step 1150/1999 best 14.779
  step 1200/1999 best 14.837
  step 1250/1999 best 14.823
  step 1300/1999 best 14.862
  step 1350/1999 best 14.811
  step 1400/1999 best 14.723
  step 1450/1999 best 14.826
  step 1500/1999 best 14.824
  step 1550/1999 best 14.810
  step 1600/1999 best 14.817
  step 1650/1999 best 14.796
  step 1700/1999 best 14.711
  step 1750/1999 best 14.931
  step 1800/1999 best 14.893
  step 1850/1999 best 14.830
  step 1900/1999 best 14.799
  step 1950/1999 best 14.903
saved SBC_CHAINS_cnn_vmim__n1_jitter_seed_s3_sim2534_row2133218_noise8422_8601_8780 (240000, 4) acc=0.319
  step 0/1999 best -17.543
  step 50/1999 best 14.203
  step 100/1999 best 14.203
  step 150/1999 best 14.594
  step 200/1999 best 15.317
  step 250/1999 best 15.015
  step 300/1999 best 15.062
  step 350/1999 best 15.258
  step 400/1999 best 15.223
  step 450/1999 best 15.135
  step 500/1999 best 15.258
  step 550/1999 best 14.999
  step 600/1999 best 15.122
  step 650/1999 best 15.316
  step 700/1999 best 15.203
  step 750/1999 best 15.190
  step 800/1999 best 14.986
  step 850/1999 best 15.068
  step 900/1999 best 15.346
  step 950/1999 best 15.070
  step 1000/1999 best 15.091
  step 1050/1999 best 15.110
  step 1100/1999 best 15.257
  step 1150/1999 best 15.316
  step 1200/1999 best 15.211
  step 1250/1999 best 15.140
  step 1300/1999 best 15.220
  step 1350/1999 best 15.225
  step 1400/1999 best 15.247
  step 1450/1999 best 15.353
  step 1500/1999 best 15.182
  step 1550/1999 best 15.172
  step 1600/1999 best 15.313
  step 1650/1999 best 15.086
  step 1700/1999 best 15.251
  step 1750/1999 best 15.236
  step 1800/1999 best 15.258
  step 1850/1999 best 15.198
  step 1900/1999 best 15.191
  step 1950/1999 best 15.243
saved SBC_CHAINS_cnn_vmim__n1_jitter_seed_s3_sim277_row263311_noise2127_2306_2485 (240000, 4) acc=0.173
  step 0/1999 best -20.595
  step 50/1999 best -2.633
  step 100/1999 best 9.980
  step 150/1999 best 11.074
  step 200/1999 best 13.396
  step 250/1999 best 14.349
  step 300/1999 best 14.292
  step 350/1999 best 14.176
  step 400/1999 best 13.972
  step 450/1999 best 13.852
  step 500/1999 best 14.469
  step 550/1999 best 14.479
  step 600/1999 best 14.444
  step 650/1999 best 14.619
  step 700/1999 best 14.430
  step 750/1999 best 14.109
  step 800/1999 best 14.384
  step 850/1999 best 14.510
  step 900/1999 best 14.424
  step 950/1999 best 14.345
  step 1000/1999 best 14.446
  step 1050/1999 best 14.478
  step 1100/1999 best 14.544
  step 1150/1999 best 14.443
  step 1200/1999 best 14.533
  step 1250/1999 best 14.568
  step 1300/1999 best 14.410
  step 1350/1999 best 14.428
  step 1400/1999 best 14.395
  step 1450/1999 best 14.454
  step 1500/1999 best 14.417
  step 1550/1999 best 14.532
  step 1600/1999 best 14.473
  step 1650/1999 best 14.477
  step 1700/1999 best 14.457
  step 1750/1999 best 14.532
  step 1800/1999 best 14.493
  step 1850/1999 best 14.229
  step 1900/1999 best 14.422
  step 1950/1999 best 14.415
saved SBC_CHAINS_cnn_vmim__n1_jitter_seed_s3_sim649_row602056_noise408_587_766 (240000, 4) acc=0.131
  step 0/1999 best -17.714
  step 50/1999 best 7.567
  step 100/1999 best 9.302
  step 150/1999 best 12.456
  step 200/1999 best 12.831
  step 250/1999 best 13.236
  step 300/1999 best 14.633
  step 350/1999 best 14.476
  step 400/1999 best 14.271
  step 450/1999 best 14.450
  step 500/1999 best 13.973
  step 550/1999 best 14.436
  step 600/1999 best 14.446
  step 650/1999 best 14.508
  step 700/1999 best 14.470
  step 750/1999 best 14.680
  step 800/1999 best 14.646
  step 850/1999 best 14.580
  step 900/1999 best 14.663
  step 950/1999 best 14.620
  step 1000/1999 best 14.578
  step 1050/1999 best 14.384
  step 1100/1999 best 14.382
  step 1150/1999 best 14.653
  step 1200/1999 best 14.440
  step 1250/1999 best 14.524
  step 1300/1999 best 14.443
  step 1350/1999 best 14.594
  step 1400/1999 best 14.381
  step 1450/1999 best 14.471
  step 1500/1999 best 14.438
  step 1550/1999 best 14.630
  step 1600/1999 best 14.679
  step 1650/1999 best 14.476
  step 1700/1999 best 14.655
  step 1750/1999 best 14.590
  step 1800/1999 best 14.440
  step 1850/1999 best 14.576
  step 1900/1999 best 14.485
  step 1950/1999 best 14.698
saved SBC_CHAINS_cnn_vmim__n1_jitter_seed_s3_sim1544_row1321848_noise1852_2031_2210 (240000, 4) acc=0.156
  step 0/1999 best -10.370
  step 50/1999 best 10.800
  step 100/1999 best 13.557
  step 150/1999 best 13.189
  step 200/1999 best 13.097
  step 250/1999 best 13.732
  step 300/1999 best 13.686
  step 350/1999 best 13.751
  step 400/1999 best 13.772
  step 450/1999 best 13.777
  step 500/1999 best 13.694
  step 550/1999 best 13.858
  step 600/1999 best 13.675
  step 650/1999 best 13.946
  step 700/1999 best 13.624
  step 750/1999 best 13.832
  step 800/1999 best 13.620
  step 850/1999 best 13.938
  step 900/1999 best 13.984
  step 950/1999 best 13.708
  step 1000/1999 best 13.793
  step 1050/1999 best 13.891
  step 1100/1999 best 13.983
  step 1150/1999 best 13.965
  step 1200/1999 best 13.745
  step 1250/1999 best 13.921
  step 1300/1999 best 13.829
  step 1350/1999 best 13.762
  step 1400/1999 best 13.771
  step 1450/1999 best 13.920
  step 1500/1999 best 13.898
  step 1550/1999 best 13.969
  step 1600/1999 best 13.780
  step 1650/1999 best 13.964
  step 1700/1999 best 13.938
  step 1750/1999 best 13.927
  step 1800/1999 best 13.790
  step 1850/1999 best 13.815
  step 1900/1999 best 13.610
  step 1950/1999 best 13.877
saved SBC_CHAINS_cnn_vmim__n1_jitter_seed_s3_sim2440_row2039673_noise3329_3508_3687 (240000, 4) acc=0.222
  step 0/1999 best -20.296
  step 50/1999 best 4.951
  step 100/1999 best 12.958
  step 150/1999 best 14.552
  step 200/1999 best 15.728
  step 250/1999 best 16.031
  step 300/1999 best 16.051
  step 350/1999 best 15.949
  step 400/1999 best 16.105
  step 450/1999 best 16.078
  step 500/1999 best 16.050
  step 550/1999 best 16.059
  step 600/1999 best 15.851
  step 650/1999 best 15.999
  step 700/1999 best 16.094
  step 750/1999 best 16.045
  step 800/1999 best 15.997
  step 850/1999 best 16.101
  step 900/1999 best 16.044
  step 950/1999 best 16.145
  step 1000/1999 best 15.907
  step 1050/1999 best 15.975
  step 1100/1999 best 16.086
  step 1150/1999 best 16.051
  step 1200/1999 best 15.866
  step 1250/1999 best 16.098
  step 1300/1999 best 16.147
  step 1350/1999 best 16.107
  step 1400/1999 best 16.045
  step 1450/1999 best 15.907
  step 1500/1999 best 16.024
  step 1550/1999 best 16.085
  step 1600/1999 best 16.131
  step 1650/1999 best 16.126
  step 1700/1999 best 16.096
  step 1750/1999 best 16.047
  step 1800/1999 best 16.179
  step 1850/1999 best 15.980
  step 1900/1999 best 16.114
  step 1950/1999 best 16.084
saved SBC_CHAINS_cnn_vmim__n1_jitter_seed_s3_sim801_row750785_noise5717_5896_6075 (240000, 4) acc=0.278
  step 0/1999 best -23.261
  step 50/1999 best 0.766
  step 100/1999 best 1.515
  step 150/1999 best 3.482
  step 200/1999 best 8.634
  step 250/1999 best 11.491
  step 300/1999 best 12.959
  step 350/1999 best 14.966
  step 400/1999 best 15.781
  step 450/1999 best 15.866
  step 500/1999 best 15.989
  step 550/1999 best 15.967
  step 600/1999 best 15.903
  step 650/1999 best 16.031
  step 700/1999 best 15.744
  step 750/1999 best 15.889
  step 800/1999 best 16.067
  step 850/1999 best 15.628
  step 900/1999 best 15.768
  step 950/1999 best 15.972
  step 1000/1999 best 15.759
  step 1050/1999 best 15.672
  step 1100/1999 best 15.975
  step 1150/1999 best 15.918
  step 1200/1999 best 16.040
  step 1250/1999 best 16.017
  step 1300/1999 best 16.009
  step 1350/1999 best 15.836
  step 1400/1999 best 15.839
  step 1450/1999 best 15.766
  step 1500/1999 best 15.933
  step 1550/1999 best 16.021
  step 1600/1999 best 15.994
  step 1650/1999 best 15.964
  step 1700/1999 best 15.950
  step 1750/1999 best 15.932
  step 1800/1999 best 16.017
  step 1850/1999 best 15.954
  step 1900/1999 best 15.989
  step 1950/1999 best 15.943
saved SBC_CHAINS_cnn_vmim__n1_jitter_seed_s3_sim253_row239418_noise7718_7897_8076 (240000, 4) acc=0.244
  step 0/1999 best -14.371
  step 50/1999 best 6.144
  step 100/1999 best 5.558
  step 150/1999 best 11.481
  step 200/1999 best 13.250
  step 250/1999 best 13.664
  step 300/1999 best 14.082
  step 350/1999 best 13.880
  step 400/1999 best 14.032
  step 450/1999 best 14.118
  step 500/1999 best 14.027
  step 550/1999 best 14.014
  step 600/1999 best 13.992
  step 650/1999 best 13.891
  step 700/1999 best 14.045
  step 750/1999 best 13.844
  step 800/1999 best 14.048
  step 850/1999 best 14.007
  step 900/1999 best 13.824
  step 950/1999 best 14.007
  step 1000/1999 best 14.125
  step 1050/1999 best 13.987
  step 1100/1999 best 14.031
  step 1150/1999 best 14.027
  step 1200/1999 best 14.029
  step 1250/1999 best 14.038
  step 1300/1999 best 14.051
  step 1350/1999 best 14.011
  step 1400/1999 best 14.026
  step 1450/1999 best 14.013
  step 1500/1999 best 14.054
  step 1550/1999 best 14.054
  step 1600/1999 best 14.002
  step 1650/1999 best 14.058
  step 1700/1999 best 14.080
  step 1750/1999 best 13.999
  step 1800/1999 best 13.962
  step 1850/1999 best 13.974
  step 1900/1999 best 13.962
  step 1950/1999 best 14.095
saved SBC_CHAINS_cnn_vmim__n1_jitter_seed_s3_sim2443_row2042344_noise6000_6179_6358 (240000, 4) acc=0.239
  step 0/1999 best -21.448
  step 50/1999 best 2.232
  step 100/1999 best 4.874
  step 150/1999 best 9.711
  step 200/1999 best 15.522
  step 250/1999 best 15.595
  step 300/1999 best 16.688
  step 350/1999 best 16.357
  step 400/1999 best 16.534
  step 450/1999 best 16.538
  step 500/1999 best 16.726
  step 550/1999 best 16.532
  step 600/1999 best 16.772
  step 650/1999 best 16.529
  step 700/1999 best 16.622
  step 750/1999 best 16.671
  step 800/1999 best 16.691
  step 850/1999 best 16.582
  step 900/1999 best 16.799
  step 950/1999 best 16.613
  step 1000/1999 best 16.806
  step 1050/1999 best 16.725
  step 1100/1999 best 16.687
  step 1150/1999 best 16.733
  step 1200/1999 best 16.604
  step 1250/1999 best 16.790
  step 1300/1999 best 16.503
  step 1350/1999 best 16.757
  step 1400/1999 best 16.710
  step 1450/1999 best 16.527
  step 1500/1999 best 16.580
  step 1550/1999 best 16.707
  step 1600/1999 best 16.738
  step 1650/1999 best 16.626
  step 1700/1999 best 16.610
  step 1750/1999 best 16.615
  step 1800/1999 best 16.736
  step 1850/1999 best 16.653
  step 1900/1999 best 16.689
  step 1950/1999 best 16.666
saved SBC_CHAINS_cnn_vmim__n1_jitter_seed_s3_sim177_row168071_noise167_346_525 (240000, 4) acc=0.238
  step 0/1999 best -17.135
  step 50/1999 best 4.002
  step 100/1999 best 10.936
  step 150/1999 best 12.413
  step 200/1999 best 12.416
  step 250/1999 best 12.451
  step 300/1999 best 12.659
  step 350/1999 best 12.659
  step 400/1999 best 12.511
  step 450/1999 best 12.582
  step 500/1999 best 12.651
  step 550/1999 best 12.641
  step 600/1999 best 12.706
  step 650/1999 best 12.445
  step 700/1999 best 12.575
  step 750/1999 best 12.630
  step 800/1999 best 12.649
  step 850/1999 best 12.655
  step 900/1999 best 12.692
  step 950/1999 best 12.658
  step 1000/1999 best 12.621
  step 1050/1999 best 12.692
  step 1100/1999 best 12.632
  step 1150/1999 best 12.536
  step 1200/1999 best 12.637
  step 1250/1999 best 12.638
  step 1300/1999 best 12.453
  step 1350/1999 best 12.681
  step 1400/1999 best 12.661
  step 1450/1999 best 12.692
  step 1500/1999 best 12.637
  step 1550/1999 best 12.591
  step 1600/1999 best 12.591
  step 1650/1999 best 12.608
  step 1700/1999 best 12.640
  step 1750/1999 best 12.704
  step 1800/1999 best 12.695
  step 1850/1999 best 12.659
  step 1900/1999 best 12.596
  step 1950/1999 best 12.600
saved SBC_CHAINS_cnn_vmim__n1_jitter_seed_s3_sim3080_row2675002_noise3838_4017_4196 (240000, 4) acc=0.322
  step 0/1999 best -26.175
  step 50/1999 best 0.816
  step 100/1999 best 2.296
  step 150/1999 best 10.726
  step 200/1999 best 11.171
  step 250/1999 best 11.606
  step 300/1999 best 13.793
  step 350/1999 best 15.068
  step 400/1999 best 15.648
  step 450/1999 best 15.908
  step 500/1999 best 15.970
  step 550/1999 best 16.144
  step 600/1999 best 16.333
  step 650/1999 best 16.300
  step 700/1999 best 16.368
  step 750/1999 best 16.014
  step 800/1999 best 16.381
  step 850/1999 best 16.271
  step 900/1999 best 16.196
  step 950/1999 best 16.300
  step 1000/1999 best 16.275
  step 1050/1999 best 16.290
  step 1100/1999 best 16.160
  step 1150/1999 best 16.249
  step 1200/1999 best 16.331
  step 1250/1999 best 16.310
  step 1300/1999 best 16.257
  step 1350/1999 best 16.298
  step 1400/1999 best 16.359
  step 1450/1999 best 16.217
  step 1500/1999 best 16.360
  step 1550/1999 best 16.224
  step 1600/1999 best 16.207
  step 1650/1999 best 16.238
  step 1700/1999 best 16.349
  step 1750/1999 best 16.273
  step 1800/1999 best 16.288
  step 1850/1999 best 16.229
  step 1900/1999 best 16.137
  step 1950/1999 best 16.177
saved SBC_CHAINS_cnn_vmim__n1_jitter_seed_s3_sim1462_row1244206_noise7662_7841_8020 (240000, 4) acc=0.163
  step 0/1999 best -4.419
  step 50/1999 best -0.398
  step 100/1999 best 12.872
  step 150/1999 best 14.274
  step 200/1999 best 14.251
  step 250/1999 best 14.825
  step 300/1999 best 14.586
  step 350/1999 best 14.760
  step 400/1999 best 14.667
  step 450/1999 best 14.856
  step 500/1999 best 14.915
  step 550/1999 best 14.740
  step 600/1999 best 14.840
  step 650/1999 best 14.657
  step 700/1999 best 14.643
  step 750/1999 best 14.887
  step 800/1999 best 14.840
  step 850/1999 best 14.890
  step 900/1999 best 14.802
  step 950/1999 best 14.623
  step 1000/1999 best 14.887
  step 1050/1999 best 14.918
  step 1100/1999 best 14.674
  step 1150/1999 best 14.839
  step 1200/1999 best 14.929
  step 1250/1999 best 14.785
  step 1300/1999 best 14.796
  step 1350/1999 best 14.788
  step 1400/1999 best 14.874
  step 1450/1999 best 14.806
  step 1500/1999 best 14.633
  step 1550/1999 best 14.873
  step 1600/1999 best 14.878
  step 1650/1999 best 14.910
  step 1700/1999 best 14.663
  step 1750/1999 best 14.813
  step 1800/1999 best 14.926
  step 1850/1999 best 14.953
  step 1900/1999 best 14.785
  step 1950/1999 best 14.876
saved SBC_CHAINS_cnn_vmim__n1_jitter_seed_s3_sim1467_row1249568_noise3196_3375_3554 (240000, 4) acc=0.158
  step 0/1999 best -21.665
  step 50/1999 best -3.378
  step 100/1999 best 6.602
  step 150/1999 best 10.906
  step 200/1999 best 14.309
  step 250/1999 best 13.308
  step 300/1999 best 12.965
  step 350/1999 best 14.747
  step 400/1999 best 14.795
  step 450/1999 best 14.964
  step 500/1999 best 15.081
  step 550/1999 best 15.234
  step 600/1999 best 15.362
  step 650/1999 best 15.306
  step 700/1999 best 15.267
  step 750/1999 best 15.328
  step 800/1999 best 15.337
  step 850/1999 best 15.281
  step 900/1999 best 15.332
  step 950/1999 best 15.276
  step 1000/1999 best 15.360
  step 1050/1999 best 15.184
  step 1100/1999 best 15.226
  step 1150/1999 best 15.224
  step 1200/1999 best 15.339
  step 1250/1999 best 15.278
  step 1300/1999 best 15.081
  step 1350/1999 best 15.318
  step 1400/1999 best 15.303
  step 1450/1999 best 15.337
  step 1500/1999 best 15.229
  step 1550/1999 best 15.247
  step 1600/1999 best 14.957
  step 1650/1999 best 15.359
  step 1700/1999 best 15.210
  step 1750/1999 best 15.312
  step 1800/1999 best 15.305
  step 1850/1999 best 15.267
  step 1900/1999 best 15.261
  step 1950/1999 best 15.300
saved SBC_CHAINS_cnn_vmim__n1_jitter_seed_s3_sim1767_row1519081_noise7869_8048_8227 (240000, 4) acc=0.180
  step 0/1999 best -12.962
  step 50/1999 best 1.128
  step 100/1999 best 4.270
  step 150/1999 best 3.321
  step 200/1999 best 6.237
  step 250/1999 best 6.959
  step 300/1999 best 7.257
  step 350/1999 best 6.509
  step 400/1999 best 6.992
  step 450/1999 best 7.295
  step 500/1999 best 7.054
  step 550/1999 best 7.279
  step 600/1999 best 7.435
  step 650/1999 best 7.157
  step 700/1999 best 7.355
  step 750/1999 best 7.274
  step 800/1999 best 7.173
  step 850/1999 best 7.361
  step 900/1999 best 7.375
  step 950/1999 best 7.336
  step 1000/1999 best 7.304
  step 1050/1999 best 7.240
  step 1100/1999 best 7.023
  step 1150/1999 best 7.320
  step 1200/1999 best 7.380
  step 1250/1999 best 7.431
  step 1300/1999 best 7.231
  step 1350/1999 best 7.171
  step 1400/1999 best 7.208
  step 1450/1999 best 7.194
  step 1500/1999 best 7.314
  step 1550/1999 best 7.448
  step 1600/1999 best 6.885
  step 1650/1999 best 7.160
  step 1700/1999 best 7.063
  step 1750/1999 best 7.323
  step 1800/1999 best 7.251
  step 1850/1999 best 7.272
  step 1900/1999 best 7.228
  step 1950/1999 best 7.421
saved SBC_CHAINS_cnn_vmim__n1_jitter_seed_s3_sim2863_row2458276_noise3328_3507_3686 (240000, 4) acc=0.287
  step 0/1999 best -19.797
  step 50/1999 best 5.395
  step 100/1999 best 13.098
  step 150/1999 best 14.113
  step 200/1999 best 14.878
  step 250/1999 best 14.809
  step 300/1999 best 14.694
  step 350/1999 best 15.043
  step 400/1999 best 15.111
  step 450/1999 best 14.917
  step 500/1999 best 15.091
  step 550/1999 best 14.947
  step 600/1999 best 15.082
  step 650/1999 best 14.893
  step 700/1999 best 14.953
  step 750/1999 best 14.975
  step 800/1999 best 15.093
  step 850/1999 best 15.095
  step 900/1999 best 14.848
  step 950/1999 best 15.097
  step 1000/1999 best 14.995
  step 1050/1999 best 14.762
  step 1100/1999 best 14.992
  step 1150/1999 best 14.846
  step 1200/1999 best 14.964
  step 1250/1999 best 15.072
  step 1300/1999 best 14.981
  step 1350/1999 best 15.004
  step 1400/1999 best 15.050
  step 1450/1999 best 14.977
  step 1500/1999 best 15.040
  step 1550/1999 best 15.030
  step 1600/1999 best 14.938
  step 1650/1999 best 15.030
  step 1700/1999 best 14.991
  step 1750/1999 best 15.007
  step 1800/1999 best 15.051
  step 1850/1999 best 15.064
  step 1900/1999 best 15.040
  step 1950/1999 best 14.969
saved SBC_CHAINS_cnn_vmim__n1_jitter_seed_s3_sim1304_row1113559_noise7263_7442_7621 (240000, 4) acc=0.163
  step 0/1999 best -22.090
  step 50/1999 best -5.662
  step 100/1999 best 8.284
  step 150/1999 best 10.596
  step 200/1999 best 14.893
  step 250/1999 best 15.230
  step 300/1999 best 15.525
  step 350/1999 best 15.649
  step 400/1999 best 15.410
  step 450/1999 best 15.595
  step 500/1999 best 15.685
  step 550/1999 best 15.540
  step 600/1999 best 15.647
  step 650/1999 best 15.678
  step 700/1999 best 15.691
  step 750/1999 best 15.568
  step 800/1999 best 15.602
  step 850/1999 best 15.625
  step 900/1999 best 15.617
  step 950/1999 best 15.754
  step 1000/1999 best 15.711
  step 1050/1999 best 15.638
  step 1100/1999 best 15.705
  step 1150/1999 best 15.697
  step 1200/1999 best 15.356
  step 1250/1999 best 15.445
  step 1300/1999 best 15.614
  step 1350/1999 best 15.684
  step 1400/1999 best 15.765
  step 1450/1999 best 15.665
  step 1500/1999 best 15.694
  step 1550/1999 best 15.531
  step 1600/1999 best 15.711
  step 1650/1999 best 15.473
  step 1700/1999 best 15.634
  step 1750/1999 best 15.625
  step 1800/1999 best 15.658
  step 1850/1999 best 15.656
  step 1900/1999 best 15.747
  step 1950/1999 best 15.463
saved SBC_CHAINS_cnn_vmim__n1_jitter_seed_s3_sim249_row235025_noise3325_3504_3683 (240000, 4) acc=0.156
  step 0/1999 best -8.951
  step 50/1999 best 13.603
  step 100/1999 best 14.186
  step 150/1999 best 14.593
  step 200/1999 best 16.448
  step 250/1999 best 16.716
  step 300/1999 best 16.535
  step 350/1999 best 17.140
  step 400/1999 best 16.776
  step 450/1999 best 16.960
  step 500/1999 best 17.059
  step 550/1999 best 16.769
  step 600/1999 best 17.071
  step 650/1999 best 17.114
  step 700/1999 best 16.895
  step 750/1999 best 17.045
  step 800/1999 best 16.872
  step 850/1999 best 16.984
  step 900/1999 best 16.971
  step 950/1999 best 17.083
  step 1000/1999 best 17.010
  step 1050/1999 best 16.997
  step 1100/1999 best 17.034
  step 1150/1999 best 17.032
  step 1200/1999 best 16.977
  step 1250/1999 best 17.032
  step 1300/1999 best 16.934
  step 1350/1999 best 17.072
  step 1400/1999 best 17.113
  step 1450/1999 best 17.154
  step 1500/1999 best 16.963
  step 1550/1999 best 17.023
  step 1600/1999 best 17.031
  step 1650/1999 best 16.946
  step 1700/1999 best 17.070
  step 1750/1999 best 17.097
  step 1800/1999 best 17.101
  step 1850/1999 best 17.004
  step 1900/1999 best 17.083
  step 1950/1999 best 17.028
saved SBC_CHAINS_cnn_vmim__n1_jitter_seed_s3_sim201_row187451_noise4891_5070_5249 (240000, 4) acc=0.200
  step 0/1999 best -28.680
  step 50/1999 best -4.816
  step 100/1999 best 6.907
  step 150/1999 best 12.455
  step 200/1999 best 12.400
  step 250/1999 best 14.665
  step 300/1999 best 15.281
  step 350/1999 best 15.279
  step 400/1999 best 15.285
  step 450/1999 best 15.317
  step 500/1999 best 15.169
  step 550/1999 best 15.336
  step 600/1999 best 14.993
  step 650/1999 best 15.349
  step 700/1999 best 15.226
  step 750/1999 best 15.329
  step 800/1999 best 15.302
  step 850/1999 best 15.295
  step 900/1999 best 15.372
  step 950/1999 best 15.376
  step 1000/1999 best 15.426
  step 1050/1999 best 15.245
  step 1100/1999 best 15.364
  step 1150/1999 best 15.246
  step 1200/1999 best 15.289
  step 1250/1999 best 15.327
  step 1300/1999 best 15.290
  step 1350/1999 best 15.459
  step 1400/1999 best 15.451
  step 1450/1999 best 15.279
  step 1500/1999 best 15.219
  step 1550/1999 best 15.463
  step 1600/1999 best 15.230
  step 1650/1999 best 15.443
  step 1700/1999 best 15.362
  step 1750/1999 best 15.326
  step 1800/1999 best 15.459
  step 1850/1999 best 15.390
  step 1900/1999 best 15.384
  step 1950/1999 best 15.287
saved SBC_CHAINS_cnn_vmim__n1_jitter_seed_s3_sim1342_row1151224_noise5616_5795_5974 (240000, 4) acc=0.181
  step 0/1999 best -20.200
  step 50/1999 best -1.229
  step 100/1999 best 8.516
  step 150/1999 best 9.201
  step 200/1999 best 11.542
  step 250/1999 best 12.088
  step 300/1999 best 11.644
  step 350/1999 best 12.262
  step 400/1999 best 12.474
  step 450/1999 best 12.372
  step 500/1999 best 12.404
  step 550/1999 best 12.506
  step 600/1999 best 12.535
  step 650/1999 best 12.477
  step 700/1999 best 12.467
  step 750/1999 best 12.481
  step 800/1999 best 12.324
  step 850/1999 best 12.378
  step 900/1999 best 12.463
  step 950/1999 best 12.261
  step 1000/1999 best 12.265
  step 1050/1999 best 12.344
  step 1100/1999 best 12.288
  step 1150/1999 best 12.339
  step 1200/1999 best 12.290
  step 1250/1999 best 12.402
  step 1300/1999 best 12.479
  step 1350/1999 best 12.366
  step 1400/1999 best 12.484
  step 1450/1999 best 12.477
  step 1500/1999 best 12.462
  step 1550/1999 best 12.489
  step 1600/1999 best 12.382
  step 1650/1999 best 12.289
  step 1700/1999 best 12.460
  step 1750/1999 best 12.410
  step 1800/1999 best 12.302
  step 1850/1999 best 12.423
  step 1900/1999 best 12.455
  step 1950/1999 best 12.416
saved SBC_CHAINS_cnn_vmim__n1_jitter_seed_s3_sim3086_row2681249_noise257_436_615 (240000, 4) acc=0.238
  step 0/1999 best -21.401
  step 50/1999 best -0.642
  step 100/1999 best 1.829
  step 150/1999 best 12.252
  step 200/1999 best 9.985
  step 250/1999 best 10.633
  step 300/1999 best 13.317
  step 350/1999 best 13.931
  step 400/1999 best 15.478
  step 450/1999 best 14.846
  step 500/1999 best 15.662
  step 550/1999 best 15.745
  step 600/1999 best 15.653
  step 650/1999 best 15.803
  step 700/1999 best 15.433
  step 750/1999 best 15.437
  step 800/1999 best 15.411
  step 850/1999 best 15.480
  step 900/1999 best 15.477
  step 950/1999 best 15.638
  step 1000/1999 best 15.713
  step 1050/1999 best 15.712
  step 1100/1999 best 15.744
  step 1150/1999 best 15.650
  step 1200/1999 best 15.630
  step 1250/1999 best 15.556
  step 1300/1999 best 15.777
  step 1350/1999 best 15.695
  step 1400/1999 best 15.746
  step 1450/1999 best 15.679
  step 1500/1999 best 15.598
  step 1550/1999 best 15.792
  step 1600/1999 best 15.711
  step 1650/1999 best 15.855
  step 1700/1999 best 15.623
  step 1750/1999 best 15.754
  step 1800/1999 best 15.699
  step 1850/1999 best 15.766
  step 1900/1999 best 15.813
  step 1950/1999 best 15.693
saved SBC_CHAINS_cnn_vmim__n1_jitter_seed_s3_sim103_row102896_noise5616_5795_5974 (240000, 4) acc=0.154
  step 0/1999 best -21.238
  step 50/1999 best 4.715
  step 100/1999 best 8.050
  step 150/1999 best 12.152
  step 200/1999 best 14.641
  step 250/1999 best 15.455
  step 300/1999 best 15.592
  step 350/1999 best 15.402
  step 400/1999 best 15.414
  step 450/1999 best 15.573
  step 500/1999 best 15.551
  step 550/1999 best 15.597
  step 600/1999 best 15.475
  step 650/1999 best 15.578
  step 700/1999 best 15.630
  step 750/1999 best 15.502
  step 800/1999 best 15.566
  step 850/1999 best 15.409
  step 900/1999 best 15.567
  step 950/1999 best 15.375
  step 1000/1999 best 15.529
  step 1050/1999 best 15.452
  step 1100/1999 best 15.467
  step 1150/1999 best 15.500
  step 1200/1999 best 15.600
  step 1250/1999 best 15.540
  step 1300/1999 best 15.537
  step 1350/1999 best 15.565
  step 1400/1999 best 15.466
  step 1450/1999 best 15.546
  step 1500/1999 best 15.572
  step 1550/1999 best 15.480
  step 1600/1999 best 15.528
  step 1650/1999 best 15.635
  step 1700/1999 best 15.505
  step 1750/1999 best 15.563
  step 1800/1999 best 15.548
  step 1850/1999 best 15.590
  step 1900/1999 best 15.655
  step 1950/1999 best 15.567
saved SBC_CHAINS_cnn_vmim__n1_jitter_seed_s3_sim1975_row1586476_noise48_227_406 (240000, 4) acc=0.305
  step 0/1999 best -16.993
  step 50/1999 best -1.404
  step 100/1999 best 10.060
  step 150/1999 best 12.402
  step 200/1999 best 13.699
  step 250/1999 best 16.723
  step 300/1999 best 16.578
  step 350/1999 best 16.604
  step 400/1999 best 16.689
  step 450/1999 best 16.891
  step 500/1999 best 16.622
  step 550/1999 best 16.580
  step 600/1999 best 16.843
  step 650/1999 best 16.704
  step 700/1999 best 16.857
  step 750/1999 best 16.919
  step 800/1999 best 16.921
  step 850/1999 best 16.648
  step 900/1999 best 16.884
  step 950/1999 best 16.925
  step 1000/1999 best 16.760
  step 1050/1999 best 16.750
  step 1100/1999 best 16.926
  step 1150/1999 best 16.825
  step 1200/1999 best 16.688
  step 1250/1999 best 16.935
  step 1300/1999 best 16.797
  step 1350/1999 best 16.934
  step 1400/1999 best 16.846
  step 1450/1999 best 16.855
  step 1500/1999 best 16.840
  step 1550/1999 best 16.762
  step 1600/1999 best 16.845
  step 1650/1999 best 16.863
  step 1700/1999 best 16.919
  step 1750/1999 best 16.822
  step 1800/1999 best 16.748
  step 1850/1999 best 16.836
  step 1900/1999 best 16.876
  step 1950/1999 best 16.898
saved SBC_CHAINS_cnn_vmim__n1_jitter_seed_s3_sim1360_row1169524_noise4260_4439_4618 (240000, 4) acc=0.200
  step 0/1999 best -22.727
  step 50/1999 best 0.570
  step 100/1999 best 10.687
  step 150/1999 best 14.185
  step 200/1999 best 14.165
  step 250/1999 best 15.156
  step 300/1999 best 15.179
  step 350/1999 best 14.745
  step 400/1999 best 14.598
  step 450/1999 best 15.037
  step 500/1999 best 15.095
  step 550/1999 best 14.973
  step 600/1999 best 15.176
  step 650/1999 best 14.834
  step 700/1999 best 14.965
  step 750/1999 best 15.124
  step 800/1999 best 15.082
  step 850/1999 best 15.191
  step 900/1999 best 15.097
  step 950/1999 best 15.206
  step 1000/1999 best 15.026
  step 1050/1999 best 15.158
  step 1100/1999 best 15.227
  step 1150/1999 best 14.975
  step 1200/1999 best 14.963
  step 1250/1999 best 15.110
  step 1300/1999 best 15.184
  step 1350/1999 best 15.145
  step 1400/1999 best 14.905
  step 1450/1999 best 15.142
  step 1500/1999 best 15.096
  step 1550/1999 best 15.144
  step 1600/1999 best 15.087
  step 1650/1999 best 14.820
  step 1700/1999 best 15.017
  step 1750/1999 best 14.680
  step 1800/1999 best 15.168
  step 1850/1999 best 15.192
  step 1900/1999 best 15.117
  step 1950/1999 best 15.202
saved SBC_CHAINS_cnn_vmim__n1_jitter_seed_s3_sim2006_row1617381_noise1469_1648_1827 (240000, 4) acc=0.120
  step 0/1999 best -25.714
  step 50/1999 best 3.006
  step 100/1999 best 9.980
  step 150/1999 best 11.168
  step 200/1999 best 13.607
  step 250/1999 best 14.777
  step 300/1999 best 14.994
  step 350/1999 best 15.577
  step 400/1999 best 15.780
  step 450/1999 best 15.827
  step 500/1999 best 15.399
  step 550/1999 best 15.593
  step 600/1999 best 15.693
  step 650/1999 best 15.663
  step 700/1999 best 15.829
  step 750/1999 best 15.611
  step 800/1999 best 15.600
  step 850/1999 best 15.649
  step 900/1999 best 15.696
  step 950/1999 best 15.734
  step 1000/1999 best 15.783
  step 1050/1999 best 15.741
  step 1100/1999 best 15.702
  step 1150/1999 best 15.669
  step 1200/1999 best 15.684
  step 1250/1999 best 15.802
  step 1300/1999 best 15.757
  step 1350/1999 best 15.791
  step 1400/1999 best 15.799
  step 1450/1999 best 15.733
  step 1500/1999 best 15.802
  step 1550/1999 best 15.657
  step 1600/1999 best 15.673
  step 1650/1999 best 15.655
  step 1700/1999 best 15.765
  step 1750/1999 best 15.796
  step 1800/1999 best 15.716
  step 1850/1999 best 15.748
  step 1900/1999 best 15.741
  step 1950/1999 best 15.710
saved SBC_CHAINS_cnn_vmim__n1_jitter_seed_s3_sim2050_row1660636_noise6412_6591_6770 (240000, 4) acc=0.214
  step 0/1999 best -14.713
  step 50/1999 best 4.583
  step 100/1999 best 8.913
  step 150/1999 best 15.822
  step 200/1999 best 15.803
  step 250/1999 best 15.873
  step 300/1999 best 16.066
  step 350/1999 best 15.909
  step 400/1999 best 15.954
  step 450/1999 best 16.069
  step 500/1999 best 16.225
  step 550/1999 best 16.188
  step 600/1999 best 15.864
  step 650/1999 best 16.081
  step 700/1999 best 16.169
  step 750/1999 best 16.173
  step 800/1999 best 16.141
  step 850/1999 best 16.219
  step 900/1999 best 16.210
  step 950/1999 best 16.040
  step 1000/1999 best 16.129
  step 1050/1999 best 16.137
  step 1100/1999 best 16.165
  step 1150/1999 best 16.152
  step 1200/1999 best 16.034
  step 1250/1999 best 16.204
  step 1300/1999 best 16.231
  step 1350/1999 best 16.112
  step 1400/1999 best 16.168
  step 1450/1999 best 16.153
  step 1500/1999 best 16.237
  step 1550/1999 best 16.187
  step 1600/1999 best 16.156
  step 1650/1999 best 16.071
  step 1700/1999 best 16.057
  step 1750/1999 best 16.135
  step 1800/1999 best 16.167
  step 1850/1999 best 16.146
  step 1900/1999 best 15.981
  step 1950/1999 best 16.043
saved SBC_CHAINS_cnn_vmim__n1_jitter_seed_s3_sim1532_row1309198_noise8858_9037_9216 (240000, 4) acc=0.174
  step 0/1999 best -18.775
  step 50/1999 best -2.294
  step 100/1999 best 12.771
  step 150/1999 best 12.771
  step 200/1999 best 13.983
  step 250/1999 best 15.331
  step 300/1999 best 14.766
  step 350/1999 best 14.887
  step 400/1999 best 15.514
  step 450/1999 best 15.646
  step 500/1999 best 15.510
  step 550/1999 best 15.582
  step 600/1999 best 15.451
  step 650/1999 best 15.503
  step 700/1999 best 15.735
  step 750/1999 best 15.488
  step 800/1999 best 15.593
  step 850/1999 best 15.619
  step 900/1999 best 15.593
  step 950/1999 best 15.736
  step 1000/1999 best 15.656
  step 1050/1999 best 15.665
  step 1100/1999 best 15.565
  step 1150/1999 best 15.709
  step 1200/1999 best 15.682
  step 1250/1999 best 15.691
  step 1300/1999 best 15.652
  step 1350/1999 best 15.686
  step 1400/1999 best 15.417
  step 1450/1999 best 15.687
  step 1500/1999 best 15.676
  step 1550/1999 best 15.656
  step 1600/1999 best 15.427
  step 1650/1999 best 15.511
  step 1700/1999 best 15.684
  step 1750/1999 best 15.722
  step 1800/1999 best 15.476
  step 1850/1999 best 15.717
  step 1900/1999 best 15.713
  step 1950/1999 best 15.562
saved SBC_CHAINS_cnn_vmim__n1_jitter_seed_s3_sim2053_row1663754_noise9530_9709_60 (240000, 4) acc=0.195
  step 0/1999 best -19.905
  step 50/1999 best -3.533
  step 100/1999 best 11.499
  step 150/1999 best 10.911
  step 200/1999 best 10.889
  step 250/1999 best 11.683
  step 300/1999 best 11.339
  step 350/1999 best 11.719
  step 400/1999 best 11.630
  step 450/1999 best 11.557
  step 500/1999 best 11.668
  step 550/1999 best 11.564
  step 600/1999 best 11.567
  step 650/1999 best 11.701
  step 700/1999 best 11.648
  step 750/1999 best 11.461
  step 800/1999 best 11.411
  step 850/1999 best 11.659
  step 900/1999 best 11.694
  step 950/1999 best 11.710
  step 1000/1999 best 11.592
  step 1050/1999 best 11.541
  step 1100/1999 best 11.631
  step 1150/1999 best 11.690
  step 1200/1999 best 11.652
  step 1250/1999 best 11.632
  step 1300/1999 best 11.695
  step 1350/1999 best 11.561
  step 1400/1999 best 11.662
  step 1450/1999 best 11.726
  step 1500/1999 best 11.599
  step 1550/1999 best 11.631
  step 1600/1999 best 11.635
  step 1650/1999 best 11.730
  step 1700/1999 best 11.307
  step 1750/1999 best 11.621
  step 1800/1999 best 11.375
  step 1850/1999 best 11.696
  step 1900/1999 best 11.520
  step 1950/1999 best 11.573
saved SBC_CHAINS_cnn_vmim__n1_jitter_seed_s3_sim2557_row2156565_noise2285_2464_2643 (240000, 4) acc=0.182
  step 0/1999 best -22.812
  step 50/1999 best 0.789
  step 100/1999 best 3.378
  step 150/1999 best 4.819
  step 200/1999 best 12.663
  step 250/1999 best 13.891
  step 300/1999 best 14.338
  step 350/1999 best 14.873
  step 400/1999 best 14.648
  step 450/1999 best 14.859
  step 500/1999 best 15.039
  step 550/1999 best 14.621
  step 600/1999 best 15.096
  step 650/1999 best 15.032
  step 700/1999 best 15.044
  step 750/1999 best 14.818
  step 800/1999 best 14.965
  step 850/1999 best 14.924
  step 900/1999 best 15.024
  step 950/1999 best 14.936
  step 1000/1999 best 15.004
  step 1050/1999 best 14.745
  step 1100/1999 best 14.926
  step 1150/1999 best 14.964
  step 1200/1999 best 15.115
  step 1250/1999 best 15.018
  step 1300/1999 best 14.920
  step 1350/1999 best 14.947
  step 1400/1999 best 14.935
  step 1450/1999 best 14.885
  step 1500/1999 best 15.046
  step 1550/1999 best 15.039
  step 1600/1999 best 14.949
  step 1650/1999 best 14.893
  step 1700/1999 best 15.030
  step 1750/1999 best 15.086
  step 1800/1999 best 15.042
  step 1850/1999 best 14.776
  step 1900/1999 best 15.067
  step 1950/1999 best 15.006
saved SBC_CHAINS_cnn_vmim__n1_jitter_seed_s3_sim1966_row1577409_noise809_988_1167 (240000, 4) acc=0.173
  step 0/1999 best -22.508
  step 50/1999 best 0.408
  step 100/1999 best 3.525
  step 150/1999 best 10.049
  step 200/1999 best 14.959
  step 250/1999 best 15.542
  step 300/1999 best 15.877
  step 350/1999 best 15.698
  step 400/1999 best 15.478
  step 450/1999 best 15.823
  step 500/1999 best 15.625
  step 550/1999 best 15.789
  step 600/1999 best 15.919
  step 650/1999 best 15.827
  step 700/1999 best 15.846
  step 750/1999 best 15.753
  step 800/1999 best 15.742
  step 850/1999 best 15.912
  step 900/1999 best 15.799
  step 950/1999 best 15.895
  step 1000/1999 best 15.678
  step 1050/1999 best 15.796
  step 1100/1999 best 15.808
  step 1150/1999 best 15.665
  step 1200/1999 best 15.754
  step 1250/1999 best 15.819
  step 1300/1999 best 15.743
  step 1350/1999 best 15.871
  step 1400/1999 best 15.910
  step 1450/1999 best 15.921
  step 1500/1999 best 15.865
  step 1550/1999 best 15.615
  step 1600/1999 best 15.872
  step 1650/1999 best 15.831
  step 1700/1999 best 15.748
  step 1750/1999 best 15.792
  step 1800/1999 best 15.878
  step 1850/1999 best 15.769
  step 1900/1999 best 15.800
  step 1950/1999 best 15.842
saved SBC_CHAINS_cnn_vmim__n1_jitter_seed_s3_sim879_row828057_noise4365_4544_4723 (240000, 4) acc=0.270
  step 0/1999 best -16.021
  step 50/1999 best -5.905
  step 100/1999 best -2.532
  step 150/1999 best -0.390
  step 200/1999 best 2.003
  step 250/1999 best 8.745
  step 300/1999 best 12.554
  step 350/1999 best 13.903
  step 400/1999 best 13.928
  step 450/1999 best 13.781
  step 500/1999 best 13.880
  step 550/1999 best 13.977
  step 600/1999 best 14.073
  step 650/1999 best 14.017
  step 700/1999 best 14.010
  step 750/1999 best 14.052
  step 800/1999 best 14.148
  step 850/1999 best 14.166
  step 900/1999 best 13.965
  step 950/1999 best 13.775
  step 1000/1999 best 14.089
  step 1050/1999 best 14.071
  step 1100/1999 best 14.073
  step 1150/1999 best 14.211
  step 1200/1999 best 14.097
  step 1250/1999 best 13.963
  step 1300/1999 best 14.083
  step 1350/1999 best 14.205
  step 1400/1999 best 14.032
  step 1450/1999 best 14.202
  step 1500/1999 best 13.899
  step 1550/1999 best 14.061
  step 1600/1999 best 14.180
  step 1650/1999 best 14.067
  step 1700/1999 best 14.119
  step 1750/1999 best 14.093
  step 1800/1999 best 14.056
  step 1850/1999 best 14.227
  step 1900/1999 best 13.985
  step 1950/1999 best 14.189
saved SBC_CHAINS_cnn_vmim__n1_jitter_seed_s3_sim445_row423148_noise2888_3067_3246 (240000, 4) acc=0.126
  step 0/1999 best -22.804
  step 50/1999 best -3.426
  step 100/1999 best 9.310
  step 150/1999 best 13.534
  step 200/1999 best 13.266
  step 250/1999 best 13.904
  step 300/1999 best 13.994
  step 350/1999 best 13.903
  step 400/1999 best 14.033
  step 450/1999 best 13.844
  step 500/1999 best 14.050
  step 550/1999 best 13.845
  step 600/1999 best 13.863
  step 650/1999 best 14.091
  step 700/1999 best 13.932
  step 750/1999 best 14.037
  step 800/1999 best 14.102
  step 850/1999 best 13.867
  step 900/1999 best 14.072
  step 950/1999 best 14.025
  step 1000/1999 best 13.984
  step 1050/1999 best 14.014
  step 1100/1999 best 13.989
  step 1150/1999 best 14.006
  step 1200/1999 best 14.096
  step 1250/1999 best 14.026
  step 1300/1999 best 14.056
  step 1350/1999 best 14.012
  step 1400/1999 best 14.075
  step 1450/1999 best 13.996
  step 1500/1999 best 14.015
  step 1550/1999 best 14.058
  step 1600/1999 best 13.974
  step 1650/1999 best 14.056
  step 1700/1999 best 13.925
  step 1750/1999 best 14.110
  step 1800/1999 best 13.922
  step 1850/1999 best 14.039
  step 1900/1999 best 13.869
  step 1950/1999 best 13.997
saved SBC_CHAINS_cnn_vmim__n1_jitter_seed_s3_sim2608_row2207540_noise4120_4299_4478 (240000, 4) acc=0.355
  step 0/1999 best -16.719
  step 50/1999 best 12.488
  step 100/1999 best 15.561
  step 150/1999 best 14.412
  step 200/1999 best 15.576
  step 250/1999 best 15.388
  step 300/1999 best 15.700
  step 350/1999 best 15.364
  step 400/1999 best 15.706
  step 450/1999 best 15.492
  step 500/1999 best 15.653
  step 550/1999 best 15.439
  step 600/1999 best 15.698
  step 650/1999 best 15.564
  step 700/1999 best 15.599
  step 750/1999 best 15.704
  step 800/1999 best 15.711
  step 850/1999 best 15.600
  step 900/1999 best 15.574
  step 950/1999 best 15.610
  step 1000/1999 best 15.513
  step 1050/1999 best 15.472
  step 1100/1999 best 15.807
  step 1150/1999 best 15.763
  step 1200/1999 best 15.766
  step 1250/1999 best 15.679
  step 1300/1999 best 15.708
  step 1350/1999 best 15.819
  step 1400/1999 best 15.589
  step 1450/1999 best 15.811
  step 1500/1999 best 15.831
  step 1550/1999 best 15.615
  step 1600/1999 best 15.675
  step 1650/1999 best 15.687
  step 1700/1999 best 15.674
  step 1750/1999 best 15.749
  step 1800/1999 best 15.738
  step 1850/1999 best 15.839
  step 1900/1999 best 15.667
  step 1950/1999 best 15.733
saved SBC_CHAINS_cnn_vmim__n1_jitter_seed_s3_sim1922_row1533124_noise5664_5843_6022 (240000, 4) acc=0.135
  step 0/1999 best -19.284
  step 50/1999 best 1.479
  step 100/1999 best 13.764
  step 150/1999 best 15.899
  step 200/1999 best 15.558
  step 250/1999 best 15.871
  step 300/1999 best 16.085
  step 350/1999 best 15.950
  step 400/1999 best 15.818
  step 450/1999 best 15.580
  step 500/1999 best 16.057
  step 550/1999 best 16.219
  step 600/1999 best 16.078
  step 650/1999 best 16.156
  step 700/1999 best 16.171
  step 750/1999 best 16.135
  step 800/1999 best 15.947
  step 850/1999 best 15.872
  step 900/1999 best 16.129
  step 950/1999 best 16.095
  step 1000/1999 best 16.081
  step 1050/1999 best 16.044
  step 1100/1999 best 16.071
  step 1150/1999 best 16.014
  step 1200/1999 best 16.026
  step 1250/1999 best 16.106
  step 1300/1999 best 16.177
  step 1350/1999 best 16.157
  step 1400/1999 best 16.044
  step 1450/1999 best 16.192
  step 1500/1999 best 16.113
  step 1550/1999 best 16.198
  step 1600/1999 best 16.107
  step 1650/1999 best 16.192
  step 1700/1999 best 16.023
  step 1750/1999 best 16.211
  step 1800/1999 best 16.067
  step 1850/1999 best 16.047
  step 1900/1999 best 16.134
  step 1950/1999 best 15.982
saved SBC_CHAINS_cnn_vmim__n1_jitter_seed_s3_sim806_row755768_noise872_1051_1230 (240000, 4) acc=0.211
  step 0/1999 best -12.670
  step 50/1999 best -3.630
  step 100/1999 best 7.267
  step 150/1999 best 7.634
  step 200/1999 best 9.489
  step 250/1999 best 9.532
  step 300/1999 best 13.470
  step 350/1999 best 12.891
  step 400/1999 best 14.276
  step 450/1999 best 15.229
  step 500/1999 best 15.193
  step 550/1999 best 15.483
  step 600/1999 best 15.444
  step 650/1999 best 15.539
  step 700/1999 best 15.713
  step 750/1999 best 15.639
  step 800/1999 best 15.608
  step 850/1999 best 15.749
  step 900/1999 best 15.684
  step 950/1999 best 15.633
  step 1000/1999 best 15.449
  step 1050/1999 best 15.724
  step 1100/1999 best 15.396
  step 1150/1999 best 15.472
  step 1200/1999 best 15.639
  step 1250/1999 best 15.606
  step 1300/1999 best 15.758
  step 1350/1999 best 15.675
  step 1400/1999 best 15.612
  step 1450/1999 best 15.704
  step 1500/1999 best 15.688
  step 1550/1999 best 15.601
  step 1600/1999 best 15.672
  step 1650/1999 best 15.698
  step 1700/1999 best 15.628
  step 1750/1999 best 15.549
  step 1800/1999 best 15.573
  step 1850/1999 best 15.741
  step 1900/1999 best 15.664
  step 1950/1999 best 15.436
saved SBC_CHAINS_cnn_vmim__n1_jitter_seed_s3_sim1504_row1281897_noise1213_1392_1571 (240000, 4) acc=0.202
  step 0/1999 best -20.255
  step 50/1999 best -2.066
  step 100/1999 best 12.664
  step 150/1999 best 10.906
  step 200/1999 best 14.135
  step 250/1999 best 14.048
  step 300/1999 best 15.240
  step 350/1999 best 15.330
  step 400/1999 best 15.357
  step 450/1999 best 15.402
  step 500/1999 best 15.376
  step 550/1999 best 15.294
  step 600/1999 best 15.274
  step 650/1999 best 15.454
  step 700/1999 best 15.332
  step 750/1999 best 15.386
  step 800/1999 best 15.068
  step 850/1999 best 15.388
  step 900/1999 best 15.359
  step 950/1999 best 15.358
  step 1000/1999 best 15.437
  step 1050/1999 best 15.266
  step 1100/1999 best 15.324
  step 1150/1999 best 15.348
  step 1200/1999 best 15.287
  step 1250/1999 best 15.423
  step 1300/1999 best 15.391
  step 1350/1999 best 15.390
  step 1400/1999 best 15.426
  step 1450/1999 best 15.388
  step 1500/1999 best 15.280
  step 1550/1999 best 15.430
  step 1600/1999 best 15.383
  step 1650/1999 best 15.404
  step 1700/1999 best 15.287
  step 1750/1999 best 15.362
  step 1800/1999 best 15.335
  step 1850/1999 best 15.213
  step 1900/1999 best 15.290
  step 1950/1999 best 15.180
saved SBC_CHAINS_cnn_vmim__n1_jitter_seed_s3_sim1969_row1580409_noise3809_3988_4167 (240000, 4) acc=0.235
  step 0/1999 best -21.438
  step 50/1999 best -4.351
  step 100/1999 best 10.833
  step 150/1999 best 12.620
  step 200/1999 best 13.984
  step 250/1999 best 14.052
  step 300/1999 best 14.115
  step 350/1999 best 13.897
  step 400/1999 best 13.982
  step 450/1999 best 14.013
  step 500/1999 best 14.003
  step 550/1999 best 14.032
  step 600/1999 best 13.918
  step 650/1999 best 14.126
  step 700/1999 best 13.978
  step 750/1999 best 13.933
  step 800/1999 best 13.954
  step 850/1999 best 14.037
  step 900/1999 best 13.859
  step 950/1999 best 14.151
  step 1000/1999 best 13.944
  step 1050/1999 best 13.744
  step 1100/1999 best 14.004
  step 1150/1999 best 14.030
  step 1200/1999 best 14.099
  step 1250/1999 best 13.941
  step 1300/1999 best 14.106
  step 1350/1999 best 13.782
  step 1400/1999 best 14.063
  step 1450/1999 best 14.103
  step 1500/1999 best 14.050
  step 1550/1999 best 14.111
  step 1600/1999 best 13.947
  step 1650/1999 best 13.959
  step 1700/1999 best 14.036
  step 1750/1999 best 14.102
  step 1800/1999 best 14.086
  step 1850/1999 best 14.061
  step 1900/1999 best 14.092
  step 1950/1999 best 13.926
saved SBC_CHAINS_cnn_vmim__n1_jitter_seed_s3_sim2517_row2116563_noise1595_1774_1953 (240000, 4) acc=0.271
  step 0/1999 best -18.726
  step 50/1999 best 8.091
  step 100/1999 best 11.674
  step 150/1999 best 15.108
  step 200/1999 best 13.784
  step 250/1999 best 16.008
  step 300/1999 best 16.057
  step 350/1999 best 15.722
  step 400/1999 best 15.996
  step 450/1999 best 15.793
  step 500/1999 best 15.971
  step 550/1999 best 15.872
  step 600/1999 best 15.957
  step 650/1999 best 15.581
  step 700/1999 best 15.957
  step 750/1999 best 15.940
  step 800/1999 best 15.904
  step 850/1999 best 15.772
  step 900/1999 best 15.794
  step 950/1999 best 15.977
  step 1000/1999 best 15.956
  step 1050/1999 best 15.960
  step 1100/1999 best 16.050
  step 1150/1999 best 15.802
  step 1200/1999 best 16.066
  step 1250/1999 best 16.024
  step 1300/1999 best 15.803
  step 1350/1999 best 16.047
  step 1400/1999 best 16.019
  step 1450/1999 best 15.878
  step 1500/1999 best 16.032
  step 1550/1999 best 15.867
  step 1600/1999 best 15.911
  step 1650/1999 best 15.701
  step 1700/1999 best 16.010
  step 1750/1999 best 16.000
  step 1800/1999 best 15.982
  step 1850/1999 best 15.911
  step 1900/1999 best 15.992
  step 1950/1999 best 15.685
saved SBC_CHAINS_cnn_vmim__n1_jitter_seed_s3_sim728_row677558_noise1286_1465_1644 (240000, 4) acc=0.168
  step 0/1999 best -15.049
  step 50/1999 best -4.122
  step 100/1999 best 4.154
  step 150/1999 best 9.880
  step 200/1999 best 11.286
  step 250/1999 best 12.424
  step 300/1999 best 13.831
  step 350/1999 best 13.833
  step 400/1999 best 15.449
  step 450/1999 best 15.286
  step 500/1999 best 15.594
  step 550/1999 best 15.540
  step 600/1999 best 15.594
  step 650/1999 best 15.675
  step 700/1999 best 15.527
  step 750/1999 best 15.675
  step 800/1999 best 15.131
  step 850/1999 best 15.492
  step 900/1999 best 15.702
  step 950/1999 best 15.720
  step 1000/1999 best 15.699
  step 1050/1999 best 15.562
  step 1100/1999 best 15.706
  step 1150/1999 best 15.611
  step 1200/1999 best 15.615
  step 1250/1999 best 15.556
  step 1300/1999 best 15.407
  step 1350/1999 best 15.548
  step 1400/1999 best 15.349
  step 1450/1999 best 15.401
  step 1500/1999 best 15.588
  step 1550/1999 best 15.661
  step 1600/1999 best 15.638
  step 1650/1999 best 15.699
  step 1700/1999 best 15.656
  step 1750/1999 best 15.533
  step 1800/1999 best 15.562
  step 1850/1999 best 15.570
  step 1900/1999 best 15.521
  step 1950/1999 best 15.363
saved SBC_CHAINS_cnn_vmim__n1_jitter_seed_s3_sim1538_row1315948_noise5780_5959_6138 (240000, 4) acc=0.126
  step 0/1999 best -16.481
  step 50/1999 best 5.505
  step 100/1999 best 7.609
  step 150/1999 best 14.046
  step 200/1999 best 15.306
  step 250/1999 best 16.354
  step 300/1999 best 16.142
  step 350/1999 best 16.165
  step 400/1999 best 16.241
  step 450/1999 best 16.104
  step 500/1999 best 16.248
  step 550/1999 best 16.421
  step 600/1999 best 16.169
  step 650/1999 best 16.183
  step 700/1999 best 16.359
  step 750/1999 best 16.360
  step 800/1999 best 16.195
  step 850/1999 best 16.337
  step 900/1999 best 16.343
  step 950/1999 best 16.256
  step 1000/1999 best 16.241
  step 1050/1999 best 16.269
  step 1100/1999 best 16.355
  step 1150/1999 best 16.436
  step 1200/1999 best 16.342
  step 1250/1999 best 16.399
  step 1300/1999 best 16.317
  step 1350/1999 best 16.291
  step 1400/1999 best 16.385
  step 1450/1999 best 16.315
  step 1500/1999 best 16.352
  step 1550/1999 best 16.346
  step 1600/1999 best 16.369
  step 1650/1999 best 16.337
  step 1700/1999 best 16.360
  step 1750/1999 best 16.221
  step 1800/1999 best 16.202
  step 1850/1999 best 16.291
  step 1900/1999 best 16.320
  step 1950/1999 best 16.400
saved SBC_CHAINS_cnn_vmim__n1_jitter_seed_s3_sim2001_row1612781_noise6697_6876_7055 (240000, 4) acc=0.161
  step 0/1999 best -24.443
  step 50/1999 best 0.509
  step 100/1999 best 10.618
  step 150/1999 best 14.760
  step 200/1999 best 15.183
  step 250/1999 best 15.506
  step 300/1999 best 15.271
  step 350/1999 best 16.211
  step 400/1999 best 16.497
  step 450/1999 best 16.157
  step 500/1999 best 16.196
  step 550/1999 best 16.239
  step 600/1999 best 16.196
  step 650/1999 best 16.194
  step 700/1999 best 16.304
  step 750/1999 best 16.332
  step 800/1999 best 16.463
  step 850/1999 best 16.323
  step 900/1999 best 16.381
  step 950/1999 best 16.309
  step 1000/1999 best 16.298
  step 1050/1999 best 16.323
  step 1100/1999 best 16.363
  step 1150/1999 best 16.280
  step 1200/1999 best 16.379
  step 1250/1999 best 16.346
  step 1300/1999 best 16.338
  step 1350/1999 best 16.340
  step 1400/1999 best 16.395
  step 1450/1999 best 16.415
  step 1500/1999 best 16.330
  step 1550/1999 best 16.260
  step 1600/1999 best 16.198
  step 1650/1999 best 16.348
  step 1700/1999 best 16.400
  step 1750/1999 best 16.325
  step 1800/1999 best 16.318
  step 1850/1999 best 16.237
  step 1900/1999 best 16.359
  step 1950/1999 best 16.394
saved SBC_CHAINS_cnn_vmim__n1_jitter_seed_s3_sim255_row241316_noise9616_9795_146 (240000, 4) acc=0.187
  step 0/1999 best -19.444
  step 50/1999 best 1.654
  step 100/1999 best 13.081
  step 150/1999 best 15.533
  step 200/1999 best 16.087
  step 250/1999 best 15.541
  step 300/1999 best 16.206
  step 350/1999 best 16.285
  step 400/1999 best 16.306
  step 450/1999 best 16.072
  step 500/1999 best 16.383
  step 550/1999 best 16.424
  step 600/1999 best 16.370
  step 650/1999 best 16.384
  step 700/1999 best 16.302
  step 750/1999 best 16.175
  step 800/1999 best 16.393
  step 850/1999 best 16.333
  step 900/1999 best 16.390
  step 950/1999 best 16.386
  step 1000/1999 best 16.386
  step 1050/1999 best 16.412
  step 1100/1999 best 16.331
  step 1150/1999 best 16.367
  step 1200/1999 best 16.215
  step 1250/1999 best 16.196
  step 1300/1999 best 16.260
  step 1350/1999 best 16.213
  step 1400/1999 best 16.361
  step 1450/1999 best 16.199
  step 1500/1999 best 16.406
  step 1550/1999 best 16.341
  step 1600/1999 best 16.232
  step 1650/1999 best 16.383
  step 1700/1999 best 16.238
  step 1750/1999 best 16.314
  step 1800/1999 best 16.335
  step 1850/1999 best 16.332
  step 1900/1999 best 16.279
  step 1950/1999 best 16.397
saved SBC_CHAINS_cnn_vmim__n1_jitter_seed_s3_sim1970_row1581205_noise4605_4784_4963 (240000, 4) acc=0.242
  step 0/1999 best -17.580
  step 50/1999 best 11.006
  step 100/1999 best 12.325
  step 150/1999 best 12.892
  step 200/1999 best 13.019
  step 250/1999 best 14.096
  step 300/1999 best 14.005
  step 350/1999 best 13.775
  step 400/1999 best 14.105
  step 450/1999 best 14.266
  step 500/1999 best 14.238
  step 550/1999 best 14.213
  step 600/1999 best 14.104
  step 650/1999 best 14.088
  step 700/1999 best 14.074
  step 750/1999 best 14.199
  step 800/1999 best 14.143
  step 850/1999 best 14.123
  step 900/1999 best 14.197
  step 950/1999 best 14.108
  step 1000/1999 best 14.180
  step 1050/1999 best 14.256
  step 1100/1999 best 14.221
  step 1150/1999 best 14.269
  step 1200/1999 best 14.166
  step 1250/1999 best 14.236
  step 1300/1999 best 14.225
  step 1350/1999 best 14.135
  step 1400/1999 best 14.198
  step 1450/1999 best 14.228
  step 1500/1999 best 14.232
  step 1550/1999 best 14.202
  step 1600/1999 best 14.110
  step 1650/1999 best 14.186
  step 1700/1999 best 14.115
  step 1750/1999 best 14.140
  step 1800/1999 best 14.272
  step 1850/1999 best 14.323
  step 1900/1999 best 14.146
  step 1950/1999 best 14.224
saved SBC_CHAINS_cnn_vmim__n1_jitter_seed_s3_sim901_row850955_noise7607_7786_7965 (240000, 4) acc=0.213
  step 0/1999 best -18.090
  step 50/1999 best 8.373
  step 100/1999 best 8.373
  step 150/1999 best 11.197
  step 200/1999 best 17.001
  step 250/1999 best 16.963
  step 300/1999 best 16.942
  step 350/1999 best 17.088
  step 400/1999 best 17.374
  step 450/1999 best 17.355
  step 500/1999 best 17.361
  step 550/1999 best 17.102
  step 600/1999 best 17.279
  step 650/1999 best 17.229
  step 700/1999 best 17.342
  step 750/1999 best 17.253
  step 800/1999 best 17.420
  step 850/1999 best 17.367
  step 900/1999 best 17.417
  step 950/1999 best 17.260
  step 1000/1999 best 17.363
  step 1050/1999 best 17.274
  step 1100/1999 best 17.332
  step 1150/1999 best 17.213
  step 1200/1999 best 17.379
  step 1250/1999 best 17.349
  step 1300/1999 best 17.284
  step 1350/1999 best 17.466
  step 1400/1999 best 17.282
  step 1450/1999 best 17.387
  step 1500/1999 best 17.276
  step 1550/1999 best 17.371
  step 1600/1999 best 17.293
  step 1650/1999 best 17.411
  step 1700/1999 best 17.368
  step 1750/1999 best 17.154
  step 1800/1999 best 17.277
  step 1850/1999 best 17.267
  step 1900/1999 best 17.348
  step 1950/1999 best 17.246
saved SBC_CHAINS_cnn_vmim__n1_jitter_seed_s3_sim188_row179232_noise1500_1679_1858 (240000, 4) acc=0.302
  step 0/1999 best -16.539
  step 50/1999 best -1.353
  step 100/1999 best -0.375
  step 150/1999 best 9.245
  step 200/1999 best 13.039
  step 250/1999 best 13.441
  step 300/1999 best 14.608
  step 350/1999 best 14.742
  step 400/1999 best 15.145
  step 450/1999 best 14.869
  step 500/1999 best 14.977
  step 550/1999 best 15.122
  step 600/1999 best 15.081
  step 650/1999 best 15.108
  step 700/1999 best 15.239
  step 750/1999 best 15.149
  step 800/1999 best 15.107
  step 850/1999 best 14.930
  step 900/1999 best 15.151
  step 950/1999 best 15.116
  step 1000/1999 best 14.937
  step 1050/1999 best 15.146
  step 1100/1999 best 15.087
  step 1150/1999 best 15.145
  step 1200/1999 best 14.919
  step 1250/1999 best 14.833
  step 1300/1999 best 14.950
  step 1350/1999 best 14.934
  step 1400/1999 best 14.987
  step 1450/1999 best 14.939
  step 1500/1999 best 15.057
  step 1550/1999 best 15.069
  step 1600/1999 best 15.006
  step 1650/1999 best 15.053
  step 1700/1999 best 15.179
  step 1750/1999 best 15.039
  step 1800/1999 best 15.026
  step 1850/1999 best 15.102
  step 1900/1999 best 15.048
  step 1950/1999 best 15.015
saved SBC_CHAINS_cnn_vmim__n1_jitter_seed_s3_sim1963_row1574343_noise7571_7750_7929 (240000, 4) acc=0.162
  step 0/1999 best -23.610
  step 50/1999 best 1.129
  step 100/1999 best 8.492
  step 150/1999 best 11.180
  step 200/1999 best 12.868
  step 250/1999 best 12.838
  step 300/1999 best 13.334
  step 350/1999 best 13.273
  step 400/1999 best 13.390
  step 450/1999 best 13.402
  step 500/1999 best 13.408
  step 550/1999 best 13.668
  step 600/1999 best 13.655
  step 650/1999 best 13.588
  step 700/1999 best 13.458
  step 750/1999 best 13.656
  step 800/1999 best 13.599
  step 850/1999 best 13.439
  step 900/1999 best 13.631
  step 950/1999 best 13.592
  step 1000/1999 best 13.557
  step 1050/1999 best 13.383
  step 1100/1999 best 13.583
  step 1150/1999 best 13.479
  step 1200/1999 best 13.406
  step 1250/1999 best 13.493
  step 1300/1999 best 13.566
  step 1350/1999 best 13.585
  step 1400/1999 best 13.594
  step 1450/1999 best 13.550
  step 1500/1999 best 13.528
  step 1550/1999 best 13.601
  step 1600/1999 best 13.249
  step 1650/1999 best 13.600
  step 1700/1999 best 13.371
  step 1750/1999 best 13.571
  step 1800/1999 best 13.462
  step 1850/1999 best 13.499
  step 1900/1999 best 13.523
  step 1950/1999 best 13.355
saved SBC_CHAINS_cnn_vmim__n1_jitter_seed_s3_sim2396_row1995206_noise8002_8181_8360 (240000, 4) acc=0.188
  step 0/1999 best -20.698
  step 50/1999 best -0.375
  step 100/1999 best -1.474
  step 150/1999 best 1.838
  step 200/1999 best 8.095
  step 250/1999 best 11.098
  step 300/1999 best 14.638
  step 350/1999 best 14.181
  step 400/1999 best 14.456
  step 450/1999 best 15.527
  step 500/1999 best 15.861
  step 550/1999 best 15.627
  step 600/1999 best 15.883
  step 650/1999 best 16.039
  step 700/1999 best 15.622
  step 750/1999 best 15.991
  step 800/1999 best 15.777
  step 850/1999 best 15.969
  step 900/1999 best 16.113
  step 950/1999 best 16.132
  step 1000/1999 best 15.882
  step 1050/1999 best 16.078
  step 1100/1999 best 16.027
  step 1150/1999 best 15.854
  step 1200/1999 best 16.053
  step 1250/1999 best 16.087
  step 1300/1999 best 15.843
  step 1350/1999 best 16.005
  step 1400/1999 best 16.034
  step 1450/1999 best 15.931
  step 1500/1999 best 16.079
  step 1550/1999 best 16.057
  step 1600/1999 best 16.174
  step 1650/1999 best 16.051
  step 1700/1999 best 16.049
  step 1750/1999 best 16.021
  step 1800/1999 best 15.870
  step 1850/1999 best 16.108
  step 1900/1999 best 15.992
  step 1950/1999 best 16.007
saved SBC_CHAINS_cnn_vmim__n1_jitter_seed_s3_sim1192_row1010293_noise3105_3284_3463 (240000, 4) acc=0.145
  step 0/1999 best -28.925
  step 50/1999 best -4.441
  step 100/1999 best 8.513
  step 150/1999 best 12.873
  step 200/1999 best 12.571
  step 250/1999 best 13.333
  step 300/1999 best 13.668
  step 350/1999 best 13.967
  step 400/1999 best 13.856
  step 450/1999 best 13.884
  step 500/1999 best 13.825
  step 550/1999 best 13.751
  step 600/1999 best 13.859
  step 650/1999 best 13.779
  step 700/1999 best 13.978
  step 750/1999 best 13.823
  step 800/1999 best 13.706
  step 850/1999 best 13.858
  step 900/1999 best 13.806
  step 950/1999 best 13.758
  step 1000/1999 best 13.898
  step 1050/1999 best 13.923
  step 1100/1999 best 13.980
  step 1150/1999 best 13.856
  step 1200/1999 best 13.873
  step 1250/1999 best 13.959
  step 1300/1999 best 13.900
  step 1350/1999 best 13.958
  step 1400/1999 best 13.859
  step 1450/1999 best 13.836
  step 1500/1999 best 13.835
  step 1550/1999 best 13.813
  step 1600/1999 best 13.925
  step 1650/1999 best 13.907
  step 1700/1999 best 13.909
  step 1750/1999 best 13.873
  step 1800/1999 best 13.558
  step 1850/1999 best 13.836
  step 1900/1999 best 13.961
  step 1950/1999 best 13.754
saved SBC_CHAINS_cnn_vmim__n1_jitter_seed_s3_sim2601_row2200814_noise7222_7401_7580 (240000, 4) acc=0.287
  step 0/1999 best -25.997
  step 50/1999 best 3.047
  step 100/1999 best 3.898
  step 150/1999 best 15.573
  step 200/1999 best 12.846
  step 250/1999 best 15.234
  step 300/1999 best 16.308
  step 350/1999 best 16.872
  step 400/1999 best 16.512
  step 450/1999 best 16.709
  step 500/1999 best 16.836
  step 550/1999 best 16.905
  step 600/1999 best 16.693
  step 650/1999 best 16.882
  step 700/1999 best 16.914
  step 750/1999 best 16.844
  step 800/1999 best 16.892
  step 850/1999 best 16.976
  step 900/1999 best 16.944
  step 950/1999 best 16.935
  step 1000/1999 best 16.952
  step 1050/1999 best 16.937
  step 1100/1999 best 16.758
  step 1150/1999 best 16.855
  step 1200/1999 best 17.014
  step 1250/1999 best 16.948
  step 1300/1999 best 16.898
  step 1350/1999 best 16.960
  step 1400/1999 best 17.010
  step 1450/1999 best 16.896
  step 1500/1999 best 16.946
  step 1550/1999 best 16.657
  step 1600/1999 best 16.907
  step 1650/1999 best 16.914
  step 1700/1999 best 16.813
  step 1750/1999 best 16.922
  step 1800/1999 best 16.778
  step 1850/1999 best 16.909
  step 1900/1999 best 16.939
  step 1950/1999 best 16.851
saved SBC_CHAINS_cnn_vmim__n1_jitter_seed_s3_sim190_row181809_noise4077_4256_4435 (240000, 4) acc=0.205
  step 0/1999 best -20.980
  step 50/1999 best 0.528
  step 100/1999 best 0.387
  step 150/1999 best 1.674
  step 200/1999 best 13.198
  step 250/1999 best 11.783
  step 300/1999 best 12.712
  step 350/1999 best 12.749
  step 400/1999 best 13.438
  step 450/1999 best 13.877
  step 500/1999 best 14.905
  step 550/1999 best 15.480
  step 600/1999 best 15.145
  step 650/1999 best 15.043
  step 700/1999 best 15.251
  step 750/1999 best 15.333
  step 800/1999 best 15.223
  step 850/1999 best 15.231
  step 900/1999 best 15.255
  step 950/1999 best 15.318
  step 1000/1999 best 15.435
  step 1050/1999 best 15.395
  step 1100/1999 best 15.462
  step 1150/1999 best 15.416
  step 1200/1999 best 15.293
  step 1250/1999 best 15.249
  step 1300/1999 best 15.244
  step 1350/1999 best 15.486
  step 1400/1999 best 15.471
  step 1450/1999 best 15.335
  step 1500/1999 best 15.480
  step 1550/1999 best 15.494
  step 1600/1999 best 15.272
  step 1650/1999 best 15.431
  step 1700/1999 best 15.408
  step 1750/1999 best 15.352
  step 1800/1999 best 15.448
  step 1850/1999 best 15.281
  step 1900/1999 best 15.398
  step 1950/1999 best 15.330
saved SBC_CHAINS_cnn_vmim__n1_jitter_seed_s3_sim2084_row1694304_noise768_947_1126 (240000, 4) acc=0.131
  step 0/1999 best -19.369
  step 50/1999 best -6.122
  step 100/1999 best 0.908
  step 150/1999 best 0.837
  step 200/1999 best 8.425
  step 250/1999 best 9.450
  step 300/1999 best 10.663
  step 350/1999 best 11.481
  step 400/1999 best 12.373
  step 450/1999 best 13.922
  step 500/1999 best 14.029
  step 550/1999 best 13.975
  step 600/1999 best 14.835
  step 650/1999 best 14.842
  step 700/1999 best 15.154
  step 750/1999 best 14.962
  step 800/1999 best 14.951
  step 850/1999 best 15.098
  step 900/1999 best 14.861
  step 950/1999 best 14.978
  step 1000/1999 best 15.025
  step 1050/1999 best 14.922
  step 1100/1999 best 14.955
  step 1150/1999 best 15.100
  step 1200/1999 best 14.772
  step 1250/1999 best 14.923
  step 1300/1999 best 14.687
  step 1350/1999 best 14.762
  step 1400/1999 best 14.853
  step 1450/1999 best 15.029
  step 1500/1999 best 14.730
  step 1550/1999 best 15.061
  step 1600/1999 best 14.849
  step 1650/1999 best 14.981
  step 1700/1999 best 14.944
  step 1750/1999 best 15.010
  step 1800/1999 best 15.101
  step 1850/1999 best 14.860
  step 1900/1999 best 14.977
  step 1950/1999 best 14.880
saved SBC_CHAINS_cnn_vmim__n1_jitter_seed_s3_sim1227_row1045915_noise9243_9422_9601 (240000, 4) acc=0.159
  step 0/1999 best -10.239
  step 50/1999 best 3.033
  step 100/1999 best 8.043
  step 150/1999 best 8.462
  step 200/1999 best 10.814
  step 250/1999 best 10.972
  step 300/1999 best 11.914
  step 350/1999 best 12.205
  step 400/1999 best 12.290
  step 450/1999 best 12.871
  step 500/1999 best 12.733
  step 550/1999 best 12.845
  step 600/1999 best 12.913
  step 650/1999 best 12.736
  step 700/1999 best 12.810
  step 750/1999 best 12.799
  step 800/1999 best 12.925
  step 850/1999 best 12.614
  step 900/1999 best 12.853
  step 950/1999 best 12.867
  step 1000/1999 best 12.604
  step 1050/1999 best 12.950
  step 1100/1999 best 12.751
  step 1150/1999 best 12.695
  step 1200/1999 best 12.901
  step 1250/1999 best 12.907
  step 1300/1999 best 12.817
  step 1350/1999 best 12.944
  step 1400/1999 best 12.888
  step 1450/1999 best 12.856
  step 1500/1999 best 12.688
  step 1550/1999 best 12.821
  step 1600/1999 best 12.807
  step 1650/1999 best 12.825
  step 1700/1999 best 12.913
  step 1750/1999 best 12.809
  step 1800/1999 best 12.875
  step 1850/1999 best 12.862
  step 1900/1999 best 12.857
  step 1950/1999 best 12.866
saved SBC_CHAINS_cnn_vmim__n1_jitter_seed_s3_sim3056_row2651509_noise1_180_359 (240000, 4) acc=0.196
  step 0/1999 best -28.142
  step 50/1999 best -1.895
  step 100/1999 best 1.023
  step 150/1999 best 2.124
  step 200/1999 best 9.380
  step 250/1999 best 14.205
  step 300/1999 best 13.732
  step 350/1999 best 14.505
  step 400/1999 best 14.664
  step 450/1999 best 14.851
  step 500/1999 best 14.553
  step 550/1999 best 14.616
  step 600/1999 best 15.144
  step 650/1999 best 15.150
  step 700/1999 best 15.211
  step 750/1999 best 15.147
  step 800/1999 best 15.215
  step 850/1999 best 14.875
  step 900/1999 best 15.187
  step 950/1999 best 15.151
  step 1000/1999 best 15.215
  step 1050/1999 best 15.184
  step 1100/1999 best 15.117
  step 1150/1999 best 15.078
  step 1200/1999 best 15.129
  step 1250/1999 best 15.071
  step 1300/1999 best 15.060
  step 1350/1999 best 15.147
  step 1400/1999 best 15.090
  step 1450/1999 best 15.000
  step 1500/1999 best 15.217
  step 1550/1999 best 15.123
  step 1600/1999 best 15.130
  step 1650/1999 best 15.136
  step 1700/1999 best 15.122
  step 1750/1999 best 15.229
  step 1800/1999 best 15.206
  step 1850/1999 best 15.114
  step 1900/1999 best 15.175
  step 1950/1999 best 15.074
saved SBC_CHAINS_cnn_vmim__n1_jitter_seed_s3_sim409_row387026_noise6078_6257_6436 (240000, 4) acc=0.177
  step 0/1999 best -16.722
  step 50/1999 best -0.815
  step 100/1999 best 4.602
  step 150/1999 best 4.602
  step 200/1999 best 8.328
  step 250/1999 best 12.789
  step 300/1999 best 12.230
  step 350/1999 best 13.870
  step 400/1999 best 13.431
  step 450/1999 best 13.663
  step 500/1999 best 13.749
  step 550/1999 best 13.839
  step 600/1999 best 13.719
  step 650/1999 best 14.215
  step 700/1999 best 14.424
  step 750/1999 best 14.245
  step 800/1999 best 14.422
  step 850/1999 best 14.434
  step 900/1999 best 14.438
  step 950/1999 best 14.361
  step 1000/1999 best 14.273
  step 1050/1999 best 14.282
  step 1100/1999 best 14.278
  step 1150/1999 best 14.215
  step 1200/1999 best 14.369
  step 1250/1999 best 14.214
  step 1300/1999 best 14.242
  step 1350/1999 best 14.457
  step 1400/1999 best 14.376
  step 1450/1999 best 14.265
  step 1500/1999 best 14.317
  step 1550/1999 best 14.501
  step 1600/1999 best 14.489
  step 1650/1999 best 14.249
  step 1700/1999 best 14.294
  step 1750/1999 best 14.318
  step 1800/1999 best 14.416
  step 1850/1999 best 14.152
  step 1900/1999 best 14.425
  step 1950/1999 best 14.337
saved SBC_CHAINS_cnn_vmim__n1_jitter_seed_s3_sim1773_row1525085_noise4045_4224_4403 (240000, 4) acc=0.139
  step 0/1999 best -16.140
  step 50/1999 best 0.295
  step 100/1999 best 11.473
  step 150/1999 best 11.874
  step 200/1999 best 11.893
  step 250/1999 best 12.141
  step 300/1999 best 12.129
  step 350/1999 best 12.074
  step 400/1999 best 12.119
  step 450/1999 best 12.210
  step 500/1999 best 11.932
  step 550/1999 best 12.049
  step 600/1999 best 12.233
  step 650/1999 best 11.974
  step 700/1999 best 11.947
  step 750/1999 best 11.958
  step 800/1999 best 12.073
  step 850/1999 best 12.191
  step 900/1999 best 12.172
  step 950/1999 best 11.870
  step 1000/1999 best 12.154
  step 1050/1999 best 12.240
  step 1100/1999 best 12.240
  step 1150/1999 best 12.206
  step 1200/1999 best 12.199
  step 1250/1999 best 12.150
  step 1300/1999 best 12.120
  step 1350/1999 best 11.976
  step 1400/1999 best 12.034
  step 1450/1999 best 11.890
  step 1500/1999 best 12.218
  step 1550/1999 best 12.069
  step 1600/1999 best 11.973
  step 1650/1999 best 12.220
  step 1700/1999 best 12.232
  step 1750/1999 best 12.202
  step 1800/1999 best 12.104
  step 1850/1999 best 12.215
  step 1900/1999 best 12.135
  step 1950/1999 best 11.858
saved SBC_CHAINS_cnn_vmim__n1_jitter_seed_s3_sim217_row203866_noise1650_1829_2008 (240000, 4) acc=0.194
  step 0/1999 best -21.397
  step 50/1999 best 10.546
  step 100/1999 best 14.652
  step 150/1999 best 15.019
  step 200/1999 best 16.157
  step 250/1999 best 16.244
  step 300/1999 best 16.189
  step 350/1999 best 16.199
  step 400/1999 best 16.167
  step 450/1999 best 16.229
  step 500/1999 best 16.213
  step 550/1999 best 16.101
  step 600/1999 best 16.367
  step 650/1999 best 16.347
  step 700/1999 best 16.313
  step 750/1999 best 16.222
  step 800/1999 best 16.195
  step 850/1999 best 16.266
  step 900/1999 best 16.366
  step 950/1999 best 16.339
  step 1000/1999 best 16.419
  step 1050/1999 best 16.391
  step 1100/1999 best 16.413
  step 1150/1999 best 16.292
  step 1200/1999 best 16.401
  step 1250/1999 best 16.270
  step 1300/1999 best 16.162
  step 1350/1999 best 16.162
  step 1400/1999 best 16.291
  step 1450/1999 best 16.277
  step 1500/1999 best 16.370
  step 1550/1999 best 16.426
  step 1600/1999 best 16.339
  step 1650/1999 best 16.342
  step 1700/1999 best 16.425
  step 1750/1999 best 16.308
  step 1800/1999 best 16.412
  step 1850/1999 best 16.291
  step 1900/1999 best 16.364
  step 1950/1999 best 16.406
saved SBC_CHAINS_cnn_vmim__n1_jitter_seed_s3_sim1425_row1207790_noise730_909_1088 (240000, 4) acc=0.251
  step 0/1999 best -20.885
  step 50/1999 best -1.982
  step 100/1999 best 1.110
  step 150/1999 best 9.781
  step 200/1999 best 14.717
  step 250/1999 best 15.834
  step 300/1999 best 16.112
  step 350/1999 best 16.563
  step 400/1999 best 16.570
  step 450/1999 best 16.736
  step 500/1999 best 16.673
  step 550/1999 best 16.556
  step 600/1999 best 16.618
  step 650/1999 best 16.714
  step 700/1999 best 16.663
  step 750/1999 best 16.775
  step 800/1999 best 16.705
  step 850/1999 best 16.720
  step 900/1999 best 16.334
  step 950/1999 best 16.480
  step 1000/1999 best 16.557
  step 1050/1999 best 16.759
  step 1100/1999 best 16.757
  step 1150/1999 best 16.574
  step 1200/1999 best 16.565
  step 1250/1999 best 16.669
  step 1300/1999 best 16.725
  step 1350/1999 best 16.675
  step 1400/1999 best 16.636
  step 1450/1999 best 16.694
  step 1500/1999 best 16.467
  step 1550/1999 best 16.669
  step 1600/1999 best 16.658
  step 1650/1999 best 16.760
  step 1700/1999 best 16.447
  step 1750/1999 best 16.666
  step 1800/1999 best 16.806
  step 1850/1999 best 16.620
  step 1900/1999 best 16.722
  step 1950/1999 best 16.707
saved SBC_CHAINS_cnn_vmim__n1_jitter_seed_s3_sim208_row194887_noise2499_2678_2857 (240000, 4) acc=0.175
  step 0/1999 best -16.618
  step 50/1999 best -3.059
  step 100/1999 best 1.707
  step 150/1999 best 0.595
  step 200/1999 best 0.352
  step 250/1999 best 0.790
  step 300/1999 best 0.346
  step 350/1999 best 2.037
  step 400/1999 best 8.734
  step 450/1999 best 15.825
  step 500/1999 best 15.558
  step 550/1999 best 15.602
  step 600/1999 best 15.097
  step 650/1999 best 15.993
  step 700/1999 best 15.959
  step 750/1999 best 15.919
  step 800/1999 best 15.905
  step 850/1999 best 15.881
  step 900/1999 best 15.961
  step 950/1999 best 15.802
  step 1000/1999 best 15.779
  step 1050/1999 best 15.854
  step 1100/1999 best 15.844
  step 1150/1999 best 16.044
  step 1200/1999 best 15.960
  step 1250/1999 best 15.889
  step 1300/1999 best 15.849
  step 1350/1999 best 15.815
  step 1400/1999 best 15.979
  step 1450/1999 best 15.667
  step 1500/1999 best 15.920
  step 1550/1999 best 15.994
  step 1600/1999 best 15.878
  step 1650/1999 best 15.916
  step 1700/1999 best 15.959
  step 1750/1999 best 15.862
  step 1800/1999 best 15.888
  step 1850/1999 best 15.899
  step 1900/1999 best 15.798
  step 1950/1999 best 15.951
saved SBC_CHAINS_cnn_vmim__n1_jitter_seed_s3_sim2078_row1688781_noise5073_5252_5431 (240000, 4) acc=0.135
  step 0/1999 best -11.600
  step 50/1999 best -3.130
  step 100/1999 best 3.025
  step 150/1999 best 4.475
  step 200/1999 best 3.410
  step 250/1999 best 6.830
  step 300/1999 best 6.830
  step 350/1999 best 9.826
  step 400/1999 best 10.030
  step 450/1999 best 12.865
  step 500/1999 best 12.851
  step 550/1999 best 13.291
  step 600/1999 best 13.586
  step 650/1999 best 13.539
  step 700/1999 best 13.677
  step 750/1999 best 13.611
  step 800/1999 best 13.509
  step 850/1999 best 13.757
  step 900/1999 best 13.798
  step 950/1999 best 13.727
  step 1000/1999 best 13.764
  step 1050/1999 best 13.702
  step 1100/1999 best 13.881
  step 1150/1999 best 13.722
  step 1200/1999 best 13.841
  step 1250/1999 best 13.833
  step 1300/1999 best 13.926
  step 1350/1999 best 13.868
  step 1400/1999 best 13.677
  step 1450/1999 best 13.905
  step 1500/1999 best 13.779
  step 1550/1999 best 13.931
  step 1600/1999 best 13.825
  step 1650/1999 best 13.960
  step 1700/1999 best 13.758
  step 1750/1999 best 13.768
  step 1800/1999 best 13.926
  step 1850/1999 best 13.894
  step 1900/1999 best 13.770
  step 1950/1999 best 13.693
saved SBC_CHAINS_cnn_vmim__n1_jitter_seed_s3_sim985_row934195_noise2395_2574_2753 (240000, 4) acc=0.137
  step 0/1999 best -9.371
  step 50/1999 best 4.094
  step 100/1999 best 5.270
  step 150/1999 best 5.270
  step 200/1999 best 9.336
  step 250/1999 best 11.514
  step 300/1999 best 11.514
  step 350/1999 best 11.080
  step 400/1999 best 10.653
  step 450/1999 best 12.593
  step 500/1999 best 14.535
  step 550/1999 best 14.647
  step 600/1999 best 14.017
  step 650/1999 best 13.969
  step 700/1999 best 14.489
  step 750/1999 best 14.669
  step 800/1999 best 13.548
  step 850/1999 best 14.252
  step 900/1999 best 14.004
  step 950/1999 best 14.467
  step 1000/1999 best 14.455
  step 1050/1999 best 14.684
  step 1100/1999 best 14.454
  step 1150/1999 best 14.305
  step 1200/1999 best 14.351
  step 1250/1999 best 14.548
  step 1300/1999 best 14.652
  step 1350/1999 best 14.792
  step 1400/1999 best 14.172
  step 1450/1999 best 14.161
  step 1500/1999 best 14.749
  step 1550/1999 best 14.440
  step 1600/1999 best 14.400
  step 1650/1999 best 14.624
  step 1700/1999 best 14.603
  step 1750/1999 best 14.665
  step 1800/1999 best 14.760
  step 1850/1999 best 14.168
  step 1900/1999 best 14.579
  step 1950/1999 best 14.511
saved SBC_CHAINS_cnn_vmim__n1_jitter_seed_s3_sim753_row702965_noise7037_7216_7395 (240000, 4) acc=0.171
  step 0/1999 best -15.089
  step 50/1999 best 4.369
  step 100/1999 best 8.244
  step 150/1999 best 11.551
  step 200/1999 best 13.584
  step 250/1999 best 15.427
  step 300/1999 best 15.215
  step 350/1999 best 15.569
  step 400/1999 best 15.801
  step 450/1999 best 15.848
  step 500/1999 best 15.878
  step 550/1999 best 15.914
  step 600/1999 best 15.904
  step 650/1999 best 16.039
  step 700/1999 best 16.103
  step 750/1999 best 15.976
  step 800/1999 best 15.771
  step 850/1999 best 15.988
  step 900/1999 best 15.855
  step 950/1999 best 15.983
  step 1000/1999 best 16.020
  step 1050/1999 best 15.804
  step 1100/1999 best 16.043
  step 1150/1999 best 15.924
  step 1200/1999 best 15.984
  step 1250/1999 best 15.950
  step 1300/1999 best 16.088
  step 1350/1999 best 15.996
  step 1400/1999 best 16.046
  step 1450/1999 best 15.917
  step 1500/1999 best 15.926
  step 1550/1999 best 15.976
  step 1600/1999 best 15.952
  step 1650/1999 best 15.963
  step 1700/1999 best 16.057
  step 1750/1999 best 16.061
  step 1800/1999 best 15.802
  step 1850/1999 best 15.929
  step 1900/1999 best 15.743
  step 1950/1999 best 15.959
saved SBC_CHAINS_cnn_vmim__n1_jitter_seed_s3_sim1461_row1243378_noise6834_7013_7192 (240000, 4) acc=0.160
  step 0/1999 best -12.890
  step 50/1999 best 8.357
  step 100/1999 best 12.219
  step 150/1999 best 11.979
  step 200/1999 best 11.310
  step 250/1999 best 11.896
  step 300/1999 best 12.075
  step 350/1999 best 12.172
  step 400/1999 best 12.293
  step 450/1999 best 12.199
  step 500/1999 best 12.231
  step 550/1999 best 12.160
  step 600/1999 best 12.053
  step 650/1999 best 12.309
  step 700/1999 best 12.352
  step 750/1999 best 12.232
  step 800/1999 best 12.146
  step 850/1999 best 12.229
  step 900/1999 best 12.245
  step 950/1999 best 12.338
  step 1000/1999 best 12.171
  step 1050/1999 best 12.332
  step 1100/1999 best 12.354
  step 1150/1999 best 12.330
  step 1200/1999 best 12.106
  step 1250/1999 best 12.338
  step 1300/1999 best 12.333
  step 1350/1999 best 12.102
  step 1400/1999 best 12.164
  step 1450/1999 best 12.290
  step 1500/1999 best 12.275
  step 1550/1999 best 12.064
  step 1600/1999 best 12.280
  step 1650/1999 best 12.173
  step 1700/1999 best 12.114
  step 1750/1999 best 12.266
  step 1800/1999 best 12.223
  step 1850/1999 best 12.272
  step 1900/1999 best 12.322
  step 1950/1999 best 12.131
saved SBC_CHAINS_cnn_vmim__n1_jitter_seed_s3_sim3015_row2610930_noise8562_8741_8920 (240000, 4) acc=0.261
  step 0/1999 best -19.978
  step 50/1999 best 0.245
  step 100/1999 best 10.357
  step 150/1999 best 11.846
  step 200/1999 best 11.192
  step 250/1999 best 11.772
  step 300/1999 best 11.695
  step 350/1999 best 11.861
  step 400/1999 best 11.854
  step 450/1999 best 11.732
  step 500/1999 best 11.979
  step 550/1999 best 11.802
  step 600/1999 best 11.971
  step 650/1999 best 11.760
  step 700/1999 best 11.917
  step 750/1999 best 11.907
  step 800/1999 best 11.836
  step 850/1999 best 11.864
  step 900/1999 best 11.837
  step 950/1999 best 11.966
  step 1000/1999 best 11.927
  step 1050/1999 best 11.897
  step 1100/1999 best 11.870
  step 1150/1999 best 11.812
  step 1200/1999 best 11.857
  step 1250/1999 best 11.831
  step 1300/1999 best 11.938
  step 1350/1999 best 11.975
  step 1400/1999 best 11.939
  step 1450/1999 best 11.827
  step 1500/1999 best 11.774
  step 1550/1999 best 11.827
  step 1600/1999 best 11.802
  step 1650/1999 best 11.931
  step 1700/1999 best 11.787
  step 1750/1999 best 11.680
  step 1800/1999 best 11.939
  step 1850/1999 best 11.824
  step 1900/1999 best 11.872
  step 1950/1999 best 11.760
saved SBC_CHAINS_cnn_vmim__n1_jitter_seed_s3_sim2924_row2519444_noise5528_5707_5886 (240000, 4) acc=0.258
  step 0/1999 best -16.038
  step 50/1999 best -0.613
  step 100/1999 best 11.058
  step 150/1999 best 13.961
  step 200/1999 best 14.669
  step 250/1999 best 16.058
  step 300/1999 best 15.956
  step 350/1999 best 16.182
  step 400/1999 best 16.294
  step 450/1999 best 16.242
  step 500/1999 best 16.351
  step 550/1999 best 16.160
  step 600/1999 best 16.016
  step 650/1999 best 16.352
  step 700/1999 best 16.363
  step 750/1999 best 16.200
  step 800/1999 best 16.188
  step 850/1999 best 16.315
  step 900/1999 best 16.236
  step 950/1999 best 16.323
  step 1000/1999 best 16.288
  step 1050/1999 best 16.214
  step 1100/1999 best 16.148
  step 1150/1999 best 16.360
  step 1200/1999 best 16.169
  step 1250/1999 best 16.300
  step 1300/1999 best 16.182
  step 1350/1999 best 16.219
  step 1400/1999 best 16.159
  step 1450/1999 best 16.343
  step 1500/1999 best 16.189
  step 1550/1999 best 16.275
  step 1600/1999 best 16.159
  step 1650/1999 best 16.197
  step 1700/1999 best 16.179
  step 1750/1999 best 16.194
  step 1800/1999 best 16.375
  step 1850/1999 best 16.373
  step 1900/1999 best 16.288
  step 1950/1999 best 16.296
saved SBC_CHAINS_cnn_vmim__n1_jitter_seed_s3_sim2054_row1664254_noise202_381_560 (240000, 4) acc=0.219
  step 0/1999 best -23.689
  step 50/1999 best 0.631
  step 100/1999 best 8.315
  step 150/1999 best 11.752
  step 200/1999 best 15.651
  step 250/1999 best 14.836
  step 300/1999 best 16.079
  step 350/1999 best 15.035
  step 400/1999 best 15.873
  step 450/1999 best 16.131
  step 500/1999 best 16.299
  step 550/1999 best 16.253
  step 600/1999 best 16.240
  step 650/1999 best 16.446
  step 700/1999 best 16.328
  step 750/1999 best 16.242
  step 800/1999 best 16.329
  step 850/1999 best 16.357
  step 900/1999 best 16.408
  step 950/1999 best 16.311
  step 1000/1999 best 16.369
  step 1050/1999 best 16.314
  step 1100/1999 best 16.151
  step 1150/1999 best 16.283
  step 1200/1999 best 16.216
  step 1250/1999 best 16.365
  step 1300/1999 best 16.379
  step 1350/1999 best 16.274
  step 1400/1999 best 16.253
  step 1450/1999 best 16.325
  step 1500/1999 best 16.202
  step 1550/1999 best 16.188
  step 1600/1999 best 16.187
  step 1650/1999 best 16.294
  step 1700/1999 best 16.427
  step 1750/1999 best 16.335
  step 1800/1999 best 16.441
  step 1850/1999 best 16.468
  step 1900/1999 best 16.237
  step 1950/1999 best 16.452
saved SBC_CHAINS_cnn_vmim__n1_jitter_seed_s3_sim422_row400226_noise9450_9629_9808 (240000, 4) acc=0.206
  step 0/1999 best -23.878
  step 50/1999 best 4.128
  step 100/1999 best 14.692
  step 150/1999 best 15.815
  step 200/1999 best 16.036
  step 250/1999 best 15.760
  step 300/1999 best 16.437
  step 350/1999 best 16.180
  step 400/1999 best 16.554
  step 450/1999 best 16.179
  step 500/1999 best 16.291
  step 550/1999 best 16.496
  step 600/1999 best 16.486
  step 650/1999 best 16.427
  step 700/1999 best 16.525
  step 750/1999 best 16.381
  step 800/1999 best 16.497
  step 850/1999 best 16.445
  step 900/1999 best 16.449
  step 950/1999 best 16.395
  step 1000/1999 best 16.398
  step 1050/1999 best 16.375
  step 1100/1999 best 16.328
  step 1150/1999 best 16.320
  step 1200/1999 best 16.465
  step 1250/1999 best 16.506
  step 1300/1999 best 16.433
  step 1350/1999 best 16.522
  step 1400/1999 best 16.351
  step 1450/1999 best 16.460
  step 1500/1999 best 16.292
  step 1550/1999 best 16.432
  step 1600/1999 best 16.313
  step 1650/1999 best 16.417
  step 1700/1999 best 16.541
  step 1750/1999 best 16.360
  step 1800/1999 best 16.303
  step 1850/1999 best 16.411
  step 1900/1999 best 16.357
  step 1950/1999 best 16.545
saved SBC_CHAINS_cnn_vmim__n1_jitter_seed_s3_sim1262_row1080432_noise4448_4627_4806 (240000, 4) acc=0.177
  step 0/1999 best -2.841
  step 50/1999 best 1.722
  step 100/1999 best 2.087
  step 150/1999 best 9.448
  step 200/1999 best 10.576
  step 250/1999 best 10.576
  step 300/1999 best 15.898
  step 350/1999 best 16.243
  step 400/1999 best 16.386
  step 450/1999 best 16.193
  step 500/1999 best 16.306
  step 550/1999 best 16.532
  step 600/1999 best 16.314
  step 650/1999 best 16.560
  step 700/1999 best 16.545
  step 750/1999 best 16.366
  step 800/1999 best 16.268
  step 850/1999 best 16.517
  step 900/1999 best 16.578
  step 950/1999 best 16.580
  step 1000/1999 best 16.542
  step 1050/1999 best 16.380
  step 1100/1999 best 16.385
  step 1150/1999 best 16.348
  step 1200/1999 best 16.622
  step 1250/1999 best 16.431
  step 1300/1999 best 16.556
  step 1350/1999 best 16.611
  step 1400/1999 best 16.659
  step 1450/1999 best 16.535
  step 1500/1999 best 16.628
  step 1550/1999 best 16.635
  step 1600/1999 best 16.633
  step 1650/1999 best 16.407
  step 1700/1999 best 16.450
  step 1750/1999 best 16.688
  step 1800/1999 best 16.429
  step 1850/1999 best 16.515
  step 1900/1999 best 16.592
  step 1950/1999 best 16.576
saved SBC_CHAINS_cnn_vmim__n1_jitter_seed_s3_sim352_row338794_noise8814_8993_9172 (240000, 4) acc=0.155
  step 0/1999 best -14.371
  step 50/1999 best -5.440
  step 100/1999 best 2.763
  step 150/1999 best 11.295
  step 200/1999 best 11.203
  step 250/1999 best 12.054
  step 300/1999 best 12.374
  step 350/1999 best 12.376
  step 400/1999 best 12.494
  step 450/1999 best 12.520
  step 500/1999 best 12.350
  step 550/1999 best 12.223
  step 600/1999 best 12.325
  step 650/1999 best 12.387
  step 700/1999 best 12.188
  step 750/1999 best 12.451
  step 800/1999 best 12.330
  step 850/1999 best 12.412
  step 900/1999 best 12.421
  step 950/1999 best 12.393
  step 1000/1999 best 12.268
  step 1050/1999 best 12.501
  step 1100/1999 best 12.430
  step 1150/1999 best 12.324
  step 1200/1999 best 12.506
  step 1250/1999 best 12.449
  step 1300/1999 best 12.379
  step 1350/1999 best 12.500
  step 1400/1999 best 12.475
  step 1450/1999 best 12.484
  step 1500/1999 best 12.333
  step 1550/1999 best 12.377
  step 1600/1999 best 12.426
  step 1650/1999 best 12.487
  step 1700/1999 best 12.473
  step 1750/1999 best 12.501
  step 1800/1999 best 12.412
  step 1850/1999 best 12.490
  step 1900/1999 best 12.400
  step 1950/1999 best 12.201
saved SBC_CHAINS_cnn_vmim__n1_jitter_seed_s3_sim2551_row2150311_noise5859_6038_6217 (240000, 4) acc=0.188
  step 0/1999 best -25.285
  step 50/1999 best 6.307
  step 100/1999 best 9.490
  step 150/1999 best 15.993
  step 200/1999 best 16.303
  step 250/1999 best 16.090
  step 300/1999 best 16.476
  step 350/1999 best 16.418
  step 400/1999 best 16.459
  step 450/1999 best 16.433
  step 500/1999 best 16.449
  step 550/1999 best 16.145
  step 600/1999 best 16.294
  step 650/1999 best 16.423
  step 700/1999 best 16.399
  step 750/1999 best 16.438
  step 800/1999 best 16.293
  step 850/1999 best 16.190
  step 900/1999 best 16.443
  step 950/1999 best 16.391
  step 1000/1999 best 16.425
  step 1050/1999 best 16.337
  step 1100/1999 best 16.431
  step 1150/1999 best 16.138
  step 1200/1999 best 16.425
  step 1250/1999 best 16.470
  step 1300/1999 best 16.470
  step 1350/1999 best 16.441
  step 1400/1999 best 16.372
  step 1450/1999 best 16.462
  step 1500/1999 best 16.296
  step 1550/1999 best 16.377
  step 1600/1999 best 16.415
  step 1650/1999 best 16.247
  step 1700/1999 best 16.467
  step 1750/1999 best 16.471
  step 1800/1999 best 16.244
  step 1850/1999 best 16.443
  step 1900/1999 best 16.392
  step 1950/1999 best 16.517
saved SBC_CHAINS_cnn_vmim__n1_jitter_seed_s3_sim1267_row1085341_noise9357_9536_9715 (240000, 4) acc=0.239
  step 0/1999 best -10.300
  step 50/1999 best -2.817
  step 100/1999 best -1.416
  step 150/1999 best 1.272
  step 200/1999 best 2.183
  step 250/1999 best 8.051
  step 300/1999 best 10.890
  step 350/1999 best 12.683
  step 400/1999 best 12.015
  step 450/1999 best 12.379
  step 500/1999 best 11.922
  step 550/1999 best 14.368
  step 600/1999 best 15.165
  step 650/1999 best 16.476
  step 700/1999 best 16.631
  step 750/1999 best 16.606
  step 800/1999 best 16.724
  step 850/1999 best 16.811
  step 900/1999 best 16.636
  step 950/1999 best 16.710
  step 1000/1999 best 16.452
  step 1050/1999 best 16.497
  step 1100/1999 best 16.680
  step 1150/1999 best 16.632
  step 1200/1999 best 16.759
  step 1250/1999 best 16.418
  step 1300/1999 best 16.679
  step 1350/1999 best 16.654
  step 1400/1999 best 16.669
  step 1450/1999 best 16.608
  step 1500/1999 best 16.789
  step 1550/1999 best 16.631
  step 1600/1999 best 16.684
  step 1650/1999 best 16.769
  step 1700/1999 best 16.642
  step 1750/1999 best 16.683
  step 1800/1999 best 16.660
  step 1850/1999 best 16.705
  step 1900/1999 best 16.786
  step 1950/1999 best 16.449
saved SBC_CHAINS_cnn_vmim__n1_jitter_seed_s3_sim1522_row1299609_noise9097_9276_9455 (240000, 4) acc=0.253
  step 0/1999 best -23.454
  step 50/1999 best 9.129
  step 100/1999 best 6.921
  step 150/1999 best 14.783
  step 200/1999 best 14.772
  step 250/1999 best 15.825
  step 300/1999 best 15.938
  step 350/1999 best 16.085
  step 400/1999 best 16.127
  step 450/1999 best 16.083
  step 500/1999 best 16.025
  step 550/1999 best 16.010
  step 600/1999 best 16.230
  step 650/1999 best 16.157
  step 700/1999 best 16.070
  step 750/1999 best 16.143
  step 800/1999 best 16.215
  step 850/1999 best 15.911
  step 900/1999 best 16.183
  step 950/1999 best 16.064
  step 1000/1999 best 16.140
  step 1050/1999 best 16.084
  step 1100/1999 best 16.042
  step 1150/1999 best 16.053
  step 1200/1999 best 16.100
  step 1250/1999 best 16.203
  step 1300/1999 best 16.191
  step 1350/1999 best 16.127
  step 1400/1999 best 16.191
  step 1450/1999 best 16.066
  step 1500/1999 best 16.188
  step 1550/1999 best 16.033
  step 1600/1999 best 15.956
  step 1650/1999 best 16.156
  step 1700/1999 best 16.154
  step 1750/1999 best 16.169
  step 1800/1999 best 16.003
  step 1850/1999 best 15.944
  step 1900/1999 best 16.201
  step 1950/1999 best 15.991
saved SBC_CHAINS_cnn_vmim__n1_jitter_seed_s3_sim808_row757400_noise2504_2683_2862 (240000, 4) acc=0.219
  step 0/1999 best -9.626
  step 50/1999 best 6.204
  step 100/1999 best 5.398
  step 150/1999 best 5.891
  step 200/1999 best 8.455
  step 250/1999 best 9.813
  step 300/1999 best 9.502
  step 350/1999 best 9.640
  step 400/1999 best 9.842
  step 450/1999 best 9.900
  step 500/1999 best 9.931
  step 550/1999 best 9.941
  step 600/1999 best 10.078
  step 650/1999 best 10.051
  step 700/1999 best 10.106
  step 750/1999 best 9.734
  step 800/1999 best 9.741
  step 850/1999 best 10.033
  step 900/1999 best 9.994
  step 950/1999 best 9.886
  step 1000/1999 best 9.962
  step 1050/1999 best 9.893
  step 1100/1999 best 10.074
  step 1150/1999 best 10.037
  step 1200/1999 best 9.862
  step 1250/1999 best 9.893
  step 1300/1999 best 10.041
  step 1350/1999 best 9.871
  step 1400/1999 best 10.104
  step 1450/1999 best 10.061
  step 1500/1999 best 9.972
  step 1550/1999 best 10.059
  step 1600/1999 best 9.967
  step 1650/1999 best 10.048
  step 1700/1999 best 9.890
  step 1750/1999 best 9.980
  step 1800/1999 best 10.004
  step 1850/1999 best 9.953
  step 1900/1999 best 9.882
  step 1950/1999 best 9.832
saved SBC_CHAINS_cnn_vmim__n1_jitter_seed_s3_sim2860_row2455030_noise82_261_440 (240000, 4) acc=0.273
  step 0/1999 best -17.268
  step 50/1999 best 6.892
  step 100/1999 best 11.585
  step 150/1999 best 13.670
  step 200/1999 best 14.155
  step 250/1999 best 14.677
  step 300/1999 best 14.774
  step 350/1999 best 14.772
  step 400/1999 best 14.801
  step 450/1999 best 14.780
  step 500/1999 best 14.790
  step 550/1999 best 14.749
  step 600/1999 best 14.818
  step 650/1999 best 14.742
  step 700/1999 best 14.670
  step 750/1999 best 14.813
  step 800/1999 best 14.865
  step 850/1999 best 14.734
  step 900/1999 best 14.882
  step 950/1999 best 14.761
  step 1000/1999 best 14.795
  step 1050/1999 best 14.681
  step 1100/1999 best 14.815
  step 1150/1999 best 14.737
  step 1200/1999 best 14.720
  step 1250/1999 best 14.742
  step 1300/1999 best 14.687
  step 1350/1999 best 14.800
  step 1400/1999 best 14.828
  step 1450/1999 best 14.826
  step 1500/1999 best 14.712
  step 1550/1999 best 14.715
  step 1600/1999 best 14.811
  step 1650/1999 best 14.871
  step 1700/1999 best 14.836
  step 1750/1999 best 14.765
  step 1800/1999 best 14.644
  step 1850/1999 best 14.777
  step 1900/1999 best 14.729
  step 1950/1999 best 14.831
saved SBC_CHAINS_cnn_vmim__n1_jitter_seed_s3_sim2529_row2128663_noise3867_4046_4225 (240000, 4) acc=0.309
  step 0/1999 best -19.648
  step 50/1999 best 6.426
  step 100/1999 best 12.702
  step 150/1999 best 12.702
  step 200/1999 best 13.438
  step 250/1999 best 13.438
  step 300/1999 best 13.192
  step 350/1999 best 13.667
  step 400/1999 best 13.754
  step 450/1999 best 13.559
  step 500/1999 best 14.189
  step 550/1999 best 14.228
  step 600/1999 best 13.989
  step 650/1999 best 14.422
  step 700/1999 best 14.061
  step 750/1999 best 14.434
  step 800/1999 best 13.977
  step 850/1999 best 14.001
  step 900/1999 best 14.061
  step 950/1999 best 14.321
  step 1000/1999 best 14.493
  step 1050/1999 best 14.220
  step 1100/1999 best 14.255
  step 1150/1999 best 14.245
  step 1200/1999 best 14.358
  step 1250/1999 best 14.289
  step 1300/1999 best 14.453
  step 1350/1999 best 14.390
  step 1400/1999 best 14.457
  step 1450/1999 best 14.379
  step 1500/1999 best 14.219
  step 1550/1999 best 14.210
  step 1600/1999 best 14.155
  step 1650/1999 best 14.438
  step 1700/1999 best 14.391
  step 1750/1999 best 14.408
  step 1800/1999 best 14.280
  step 1850/1999 best 14.187
  step 1900/1999 best 13.909
  step 1950/1999 best 14.421
saved SBC_CHAINS_cnn_vmim__n1_jitter_seed_s3_sim837_row786354_noise1974_2153_2332 (240000, 4) acc=0.159
  step 0/1999 best -22.416
  step 50/1999 best 7.117
  step 100/1999 best 7.586
  step 150/1999 best 6.176
  step 200/1999 best 7.659
  step 250/1999 best 7.709
  step 300/1999 best 8.170
  step 350/1999 best 7.881
  step 400/1999 best 8.093
  step 450/1999 best 7.542
  step 500/1999 best 8.139
  step 550/1999 best 8.137
  step 600/1999 best 7.893
  step 650/1999 best 8.142
  step 700/1999 best 8.048
  step 750/1999 best 7.854
  step 800/1999 best 8.048
  step 850/1999 best 7.998
  step 900/1999 best 7.803
  step 950/1999 best 8.139
  step 1000/1999 best 8.119
  step 1050/1999 best 8.087
  step 1100/1999 best 8.005
  step 1150/1999 best 8.226
  step 1200/1999 best 8.006
  step 1250/1999 best 8.121
  step 1300/1999 best 7.808
  step 1350/1999 best 8.045
  step 1400/1999 best 7.929
  step 1450/1999 best 7.993
  step 1500/1999 best 8.160
  step 1550/1999 best 8.034
  step 1600/1999 best 8.104
  step 1650/1999 best 8.044
  step 1700/1999 best 8.182
  step 1750/1999 best 8.002
  step 1800/1999 best 8.096
  step 1850/1999 best 8.232
  step 1900/1999 best 8.165
  step 1950/1999 best 8.189
saved SBC_CHAINS_cnn_vmim__n1_jitter_seed_s3_sim2941_row2536751_noise3179_3358_3537 (240000, 4) acc=0.308
  step 0/1999 best -20.213
  step 50/1999 best -1.690
  step 100/1999 best 4.516
  step 150/1999 best 12.584
  step 200/1999 best 13.090
  step 250/1999 best 13.353
  step 300/1999 best 13.706
  step 350/1999 best 13.580
  step 400/1999 best 13.646
  step 450/1999 best 13.584
  step 500/1999 best 13.691
  step 550/1999 best 13.632
  step 600/1999 best 13.522
  step 650/1999 best 13.547
  step 700/1999 best 13.693
  step 750/1999 best 13.786
  step 800/1999 best 13.527
  step 850/1999 best 13.371
  step 900/1999 best 13.432
  step 950/1999 best 13.560
  step 1000/1999 best 13.595
  step 1050/1999 best 13.337
  step 1100/1999 best 13.643
  step 1150/1999 best 13.710
  step 1200/1999 best 13.669
  step 1250/1999 best 13.617
  step 1300/1999 best 13.770
  step 1350/1999 best 13.533
  step 1400/1999 best 13.666
  step 1450/1999 best 13.477
  step 1500/1999 best 13.677
  step 1550/1999 best 13.769
  step 1600/1999 best 13.733
  step 1650/1999 best 13.665
  step 1700/1999 best 13.706
  step 1750/1999 best 13.540
  step 1800/1999 best 13.728
  step 1850/1999 best 13.350
  step 1900/1999 best 13.557
  step 1950/1999 best 13.473
saved SBC_CHAINS_cnn_vmim__n1_jitter_seed_s3_sim2433_row2032798_noise6282_6461_6640 (240000, 4) acc=0.236
  step 0/1999 best -10.822
  step 50/1999 best -1.212
  step 100/1999 best 1.421
  step 150/1999 best 1.501
  step 200/1999 best 3.582
  step 250/1999 best 4.110
  step 300/1999 best 12.500
  step 350/1999 best 15.932
  step 400/1999 best 15.685
  step 450/1999 best 16.555
  step 500/1999 best 16.549
  step 550/1999 best 16.158
  step 600/1999 best 16.617
  step 650/1999 best 16.554
  step 700/1999 best 16.692
  step 750/1999 best 16.712
  step 800/1999 best 16.766
  step 850/1999 best 16.621
  step 900/1999 best 16.840
  step 950/1999 best 16.629
  step 1000/1999 best 16.776
  step 1050/1999 best 16.606
  step 1100/1999 best 16.662
  step 1150/1999 best 16.769
  step 1200/1999 best 16.676
  step 1250/1999 best 16.620
  step 1300/1999 best 16.721
  step 1350/1999 best 16.760
  step 1400/1999 best 16.584
  step 1450/1999 best 16.773
  step 1500/1999 best 16.523
  step 1550/1999 best 16.780
  step 1600/1999 best 16.776
  step 1650/1999 best 16.672
  step 1700/1999 best 16.590
  step 1750/1999 best 16.737
  step 1800/1999 best 16.691
  step 1850/1999 best 16.767
  step 1900/1999 best 16.757
  step 1950/1999 best 16.715
saved SBC_CHAINS_cnn_vmim__n1_jitter_seed_s3_sim1209_row1027539_noise695_874_1053 (240000, 4) acc=0.232
  step 0/1999 best -23.534
  step 50/1999 best 8.147
  step 100/1999 best 13.254
  step 150/1999 best 16.164
  step 200/1999 best 16.869
  step 250/1999 best 16.657
  step 300/1999 best 16.589
  step 350/1999 best 16.804
  step 400/1999 best 16.919
  step 450/1999 best 16.751
  step 500/1999 best 16.948
  step 550/1999 best 16.928
  step 600/1999 best 16.958
  step 650/1999 best 16.955
  step 700/1999 best 16.744
  step 750/1999 best 16.822
  step 800/1999 best 16.916
  step 850/1999 best 16.849
  step 900/1999 best 16.958
  step 950/1999 best 16.867
  step 1000/1999 best 16.898
  step 1050/1999 best 16.843
  step 1100/1999 best 16.849
  step 1150/1999 best 16.992
  step 1200/1999 best 16.857
  step 1250/1999 best 16.975
  step 1300/1999 best 16.843
  step 1350/1999 best 16.916
  step 1400/1999 best 16.798
  step 1450/1999 best 16.879
  step 1500/1999 best 16.807
  step 1550/1999 best 16.998
  step 1600/1999 best 16.787
  step 1650/1999 best 16.768
  step 1700/1999 best 16.885
  step 1750/1999 best 16.837
  step 1800/1999 best 16.861
  step 1850/1999 best 16.980
  step 1900/1999 best 16.762
  step 1950/1999 best 16.867
saved SBC_CHAINS_cnn_vmim__n1_jitter_seed_s3_sim260_row246792_noise5264_5443_5622 (240000, 4) acc=0.309
  step 0/1999 best -16.839
  step 50/1999 best 0.509
  step 100/1999 best 6.708
  step 150/1999 best 11.981
  step 200/1999 best 13.183
  step 250/1999 best 13.690
  step 300/1999 best 14.880
  step 350/1999 best 15.526
  step 400/1999 best 16.116
  step 450/1999 best 16.166
  step 500/1999 best 16.580
  step 550/1999 best 16.166
  step 600/1999 best 16.361
  step 650/1999 best 16.573
  step 700/1999 best 16.687
  step 750/1999 best 16.693
  step 800/1999 best 16.481
  step 850/1999 best 16.633
  step 900/1999 best 16.633
  step 950/1999 best 16.299
  step 1000/1999 best 16.641
  step 1050/1999 best 16.631
  step 1100/1999 best 16.521
  step 1150/1999 best 16.602
  step 1200/1999 best 16.375
  step 1250/1999 best 16.420
  step 1300/1999 best 16.662
  step 1350/1999 best 16.460
  step 1400/1999 best 16.532
  step 1450/1999 best 16.609
  step 1500/1999 best 16.643
  step 1550/1999 best 16.634
  step 1600/1999 best 16.438
  step 1650/1999 best 16.683
  step 1700/1999 best 16.670
  step 1750/1999 best 16.417
  step 1800/1999 best 16.614
  step 1850/1999 best 16.530
  step 1900/1999 best 16.604
  step 1950/1999 best 16.664
saved SBC_CHAINS_cnn_vmim__n1_jitter_seed_s3_sim1749_row1502221_noise9665_16_195 (240000, 4) acc=0.182
  step 0/1999 best -15.618
  step 50/1999 best 0.002
  step 100/1999 best 4.370
  step 150/1999 best 5.150
  step 200/1999 best 8.831
  step 250/1999 best 15.217
  step 300/1999 best 15.275
  step 350/1999 best 15.220
  step 400/1999 best 15.673
  step 450/1999 best 15.236
  step 500/1999 best 15.785
  step 550/1999 best 15.710
  step 600/1999 best 15.382
  step 650/1999 best 15.708
  step 700/1999 best 15.794
  step 750/1999 best 15.468
  step 800/1999 best 15.670
  step 850/1999 best 15.658
  step 900/1999 best 15.681
  step 950/1999 best 15.690
  step 1000/1999 best 15.694
  step 1050/1999 best 15.706
  step 1100/1999 best 15.703
  step 1150/1999 best 15.612
  step 1200/1999 best 15.646
  step 1250/1999 best 15.620
  step 1300/1999 best 15.805
  step 1350/1999 best 15.661
  step 1400/1999 best 15.682
  step 1450/1999 best 15.679
  step 1500/1999 best 15.590
  step 1550/1999 best 15.737
  step 1600/1999 best 15.792
  step 1650/1999 best 15.685
  step 1700/1999 best 15.711
  step 1750/1999 best 15.602
  step 1800/1999 best 15.750
  step 1850/1999 best 15.772
  step 1900/1999 best 15.752
  step 1950/1999 best 15.643
saved SBC_CHAINS_cnn_vmim__n1_jitter_seed_s3_sim411_row389206_noise8258_8437_8616 (240000, 4) acc=0.164
  step 0/1999 best -17.982
  step 50/1999 best -1.397
  step 100/1999 best 1.583
  step 150/1999 best 1.583
  step 200/1999 best 11.636
  step 250/1999 best 11.485
  step 300/1999 best 13.307
  step 350/1999 best 14.992
  step 400/1999 best 13.654
  step 450/1999 best 14.039
  step 500/1999 best 15.300
  step 550/1999 best 15.723
  step 600/1999 best 15.284
  step 650/1999 best 15.790
  step 700/1999 best 15.660
  step 750/1999 best 15.750
  step 800/1999 best 15.634
  step 850/1999 best 15.812
  step 900/1999 best 15.805
  step 950/1999 best 15.695
  step 1000/1999 best 15.555
  step 1050/1999 best 15.706
  step 1100/1999 best 15.551
  step 1150/1999 best 15.813
  step 1200/1999 best 15.777
  step 1250/1999 best 15.807
  step 1300/1999 best 15.728
  step 1350/1999 best 15.893
  step 1400/1999 best 15.694
  step 1450/1999 best 15.628
  step 1500/1999 best 15.809
  step 1550/1999 best 15.747
  step 1600/1999 best 15.806
  step 1650/1999 best 15.822
  step 1700/1999 best 15.736
  step 1750/1999 best 15.876
  step 1800/1999 best 15.658
  step 1850/1999 best 15.568
  step 1900/1999 best 15.794
  step 1950/1999 best 15.708
saved SBC_CHAINS_cnn_vmim__n1_jitter_seed_s3_sim981_row930715_noise8743_8922_9101 (240000, 4) acc=0.176
  step 0/1999 best -24.831
  step 50/1999 best 12.175
  step 100/1999 best 12.423
  step 150/1999 best 12.742
  step 200/1999 best 14.322
  step 250/1999 best 14.278
  step 300/1999 best 14.312
  step 350/1999 best 14.157
  step 400/1999 best 14.531
  step 450/1999 best 14.347
  step 500/1999 best 14.486
  step 550/1999 best 14.327
  step 600/1999 best 14.441
  step 650/1999 best 14.561
  step 700/1999 best 14.428
  step 750/1999 best 14.463
  step 800/1999 best 14.674
  step 850/1999 best 14.508
  step 900/1999 best 14.561
  step 950/1999 best 14.606
  step 1000/1999 best 14.616
  step 1050/1999 best 14.468
  step 1100/1999 best 14.472
  step 1150/1999 best 14.317
  step 1200/1999 best 14.564
  step 1250/1999 best 14.480
  step 1300/1999 best 14.614
  step 1350/1999 best 14.457
  step 1400/1999 best 14.427
  step 1450/1999 best 14.453
  step 1500/1999 best 14.620
  step 1550/1999 best 14.428
  step 1600/1999 best 14.619
  step 1650/1999 best 14.496
  step 1700/1999 best 14.502
  step 1750/1999 best 14.446
  step 1800/1999 best 14.683
  step 1850/1999 best 14.662
  step 1900/1999 best 14.600
  step 1950/1999 best 14.386
saved SBC_CHAINS_cnn_vmim__n1_jitter_seed_s3_sim830_row779378_noise4826_5005_5184 (240000, 4) acc=0.150
  step 0/1999 best -20.160
  step 50/1999 best 3.325
  step 100/1999 best 10.123
  step 150/1999 best 12.114
  step 200/1999 best 11.861
  step 250/1999 best 12.275
  step 300/1999 best 12.571
  step 350/1999 best 12.393
  step 400/1999 best 12.658
  step 450/1999 best 12.497
  step 500/1999 best 12.499
  step 550/1999 best 12.235
  step 600/1999 best 12.635
  step 650/1999 best 12.545
  step 700/1999 best 12.552
  step 750/1999 best 12.508
  step 800/1999 best 12.551
  step 850/1999 best 12.614
  step 900/1999 best 12.648
  step 950/1999 best 12.599
  step 1000/1999 best 12.409
  step 1050/1999 best 12.630
  step 1100/1999 best 12.310
  step 1150/1999 best 12.418
  step 1200/1999 best 12.653
  step 1250/1999 best 12.602
  step 1300/1999 best 12.670
  step 1350/1999 best 12.663
  step 1400/1999 best 12.658
  step 1450/1999 best 12.297
  step 1500/1999 best 12.623
  step 1550/1999 best 12.467
  step 1600/1999 best 12.594
  step 1650/1999 best 12.560
  step 1700/1999 best 12.408
  step 1750/1999 best 12.466
  step 1800/1999 best 12.328
  step 1850/1999 best 12.564
  step 1900/1999 best 12.513
  step 1950/1999 best 12.533
saved SBC_CHAINS_cnn_vmim__n1_jitter_seed_s3_sim295_row281039_noise199_378_557 (240000, 4) acc=0.173
  step 0/1999 best -21.840
  step 50/1999 best -0.181
  step 100/1999 best 4.836
  step 150/1999 best 12.923
  step 200/1999 best 15.149
  step 250/1999 best 14.570
  step 300/1999 best 15.055
  step 350/1999 best 15.234
  step 400/1999 best 15.213
  step 450/1999 best 15.212
  step 500/1999 best 15.174
  step 550/1999 best 15.397
  step 600/1999 best 15.376
  step 650/1999 best 15.218
  step 700/1999 best 15.367
  step 750/1999 best 15.351
  step 800/1999 best 15.262
  step 850/1999 best 15.276
  step 900/1999 best 15.142
  step 950/1999 best 15.379
  step 1000/1999 best 15.357
  step 1050/1999 best 15.236
  step 1100/1999 best 15.308
  step 1150/1999 best 15.421
  step 1200/1999 best 15.368
  step 1250/1999 best 15.284
  step 1300/1999 best 15.147
  step 1350/1999 best 15.215
  step 1400/1999 best 15.240
  step 1450/1999 best 15.329
  step 1500/1999 best 15.231
  step 1550/1999 best 15.308
  step 1600/1999 best 15.353
  step 1650/1999 best 15.246
  step 1700/1999 best 15.319
  step 1750/1999 best 15.306
  step 1800/1999 best 15.343
  step 1850/1999 best 15.306
  step 1900/1999 best 15.378
  step 1950/1999 best 15.311
saved SBC_CHAINS_cnn_vmim__n1_jitter_seed_s3_sim327_row313312_noise2988_3167_3346 (240000, 4) acc=0.180
  step 0/1999 best -18.890
  step 50/1999 best -6.217
  step 100/1999 best -0.580
  step 150/1999 best 5.297
  step 200/1999 best 14.086
  step 250/1999 best 14.454
  step 300/1999 best 14.947
  step 350/1999 best 15.045
  step 400/1999 best 14.515
  step 450/1999 best 15.202
  step 500/1999 best 15.277
  step 550/1999 best 15.051
  step 600/1999 best 15.220
  step 650/1999 best 15.201
  step 700/1999 best 15.122
  step 750/1999 best 15.296
  step 800/1999 best 15.128
  step 850/1999 best 15.337
  step 900/1999 best 14.985
  step 950/1999 best 15.320
  step 1000/1999 best 15.208
  step 1050/1999 best 15.172
  step 1100/1999 best 15.242
  step 1150/1999 best 15.316
  step 1200/1999 best 15.173
  step 1250/1999 best 15.250
  step 1300/1999 best 15.307
  step 1350/1999 best 15.251
  step 1400/1999 best 15.226
  step 1450/1999 best 15.360
  step 1500/1999 best 15.107
  step 1550/1999 best 15.209
  step 1600/1999 best 15.384
  step 1650/1999 best 15.401
  step 1700/1999 best 15.352
  step 1750/1999 best 15.227
  step 1800/1999 best 15.366
  step 1850/1999 best 15.325
  step 1900/1999 best 15.316
  step 1950/1999 best 15.408
saved SBC_CHAINS_cnn_vmim__n1_jitter_seed_s3_sim427_row405727_noise5123_5302_5481 (240000, 4) acc=0.129
  step 0/1999 best -19.876
  step 50/1999 best -3.501
  step 100/1999 best -1.276
  step 150/1999 best 8.346
  step 200/1999 best 14.006
  step 250/1999 best 14.334
  step 300/1999 best 14.365
  step 350/1999 best 14.315
  step 400/1999 best 14.519
  step 450/1999 best 14.266
  step 500/1999 best 14.670
  step 550/1999 best 14.403
  step 600/1999 best 14.530
  step 650/1999 best 14.604
  step 700/1999 best 14.551
  step 750/1999 best 14.273
  step 800/1999 best 14.664
  step 850/1999 best 14.705
  step 900/1999 best 14.547
  step 950/1999 best 14.625
  step 1000/1999 best 14.617
  step 1050/1999 best 14.481
  step 1100/1999 best 14.400
  step 1150/1999 best 14.584
  step 1200/1999 best 14.592
  step 1250/1999 best 14.646
  step 1300/1999 best 14.683
  step 1350/1999 best 14.673
  step 1400/1999 best 14.718
  step 1450/1999 best 14.503
  step 1500/1999 best 14.591
  step 1550/1999 best 14.544
  step 1600/1999 best 14.532
  step 1650/1999 best 14.612
  step 1700/1999 best 14.501
  step 1750/1999 best 14.539
  step 1800/1999 best 14.589
  step 1850/1999 best 14.628
  step 1900/1999 best 14.605
  step 1950/1999 best 14.682
saved SBC_CHAINS_cnn_vmim__n1_jitter_seed_s3_sim2470_row2069124_noise3296_3475_3654 (240000, 4) acc=0.190
  step 0/1999 best -22.921
  step 50/1999 best -4.065
  step 100/1999 best 0.196
  step 150/1999 best 11.735
  step 200/1999 best 12.859
  step 250/1999 best 13.449
  step 300/1999 best 14.063
  step 350/1999 best 15.103
  step 400/1999 best 15.542
  step 450/1999 best 15.556
  step 500/1999 best 15.623
  step 550/1999 best 15.677
  step 600/1999 best 15.698
  step 650/1999 best 15.762
  step 700/1999 best 15.837
  step 750/1999 best 15.749
  step 800/1999 best 16.086
  step 850/1999 best 15.978
  step 900/1999 best 15.935
  step 950/1999 best 16.138
  step 1000/1999 best 15.937
  step 1050/1999 best 16.109
  step 1100/1999 best 15.634
  step 1150/1999 best 16.084
  step 1200/1999 best 15.930
  step 1250/1999 best 15.870
  step 1300/1999 best 15.882
  step 1350/1999 best 15.869
  step 1400/1999 best 15.884
  step 1450/1999 best 15.984
  step 1500/1999 best 15.903
  step 1550/1999 best 15.880
  step 1600/1999 best 15.951
  step 1650/1999 best 15.927
  step 1700/1999 best 15.955
  step 1750/1999 best 16.153
  step 1800/1999 best 16.059
  step 1850/1999 best 15.914
  step 1900/1999 best 15.986
  step 1950/1999 best 16.153
saved SBC_CHAINS_cnn_vmim__n1_jitter_seed_s3_sim340_row326477_noise6325_6504_6683 (240000, 4) acc=0.138
  step 0/1999 best -21.803
  step 50/1999 best -2.844
  step 100/1999 best 12.718
  step 150/1999 best 12.268
  step 200/1999 best 11.865
  step 250/1999 best 15.062
  step 300/1999 best 16.643
  step 350/1999 best 15.890
  step 400/1999 best 16.560
  step 450/1999 best 16.460
  step 500/1999 best 16.703
  step 550/1999 best 16.690
  step 600/1999 best 16.778
  step 650/1999 best 16.745
  step 700/1999 best 16.753
  step 750/1999 best 16.754
  step 800/1999 best 16.695
  step 850/1999 best 16.534
  step 900/1999 best 16.781
  step 950/1999 best 16.644
  step 1000/1999 best 16.512
  step 1050/1999 best 16.526
  step 1100/1999 best 16.795
  step 1150/1999 best 16.848
  step 1200/1999 best 16.756
  step 1250/1999 best 16.632
  step 1300/1999 best 16.696
  step 1350/1999 best 16.732
  step 1400/1999 best 16.749
  step 1450/1999 best 16.729
  step 1500/1999 best 16.828
  step 1550/1999 best 16.648
  step 1600/1999 best 16.677
  step 1650/1999 best 16.761
  step 1700/1999 best 16.573
  step 1750/1999 best 16.786
  step 1800/1999 best 16.561
  step 1850/1999 best 16.728
  step 1900/1999 best 16.675
  step 1950/1999 best 16.631
saved SBC_CHAINS_cnn_vmim__n1_jitter_seed_s3_sim117_row116076_noise8968_9147_9326 (240000, 4) acc=0.206
  step 0/1999 best -10.733
  step 50/1999 best 2.745
  step 100/1999 best 9.224
  step 150/1999 best 14.189
  step 200/1999 best 13.792
  step 250/1999 best 14.054
  step 300/1999 best 13.763
  step 350/1999 best 15.567
  step 400/1999 best 15.350
  step 450/1999 best 15.740
  step 500/1999 best 15.615
  step 550/1999 best 15.422
  step 600/1999 best 15.454
  step 650/1999 best 15.699
  step 700/1999 best 15.498
  step 750/1999 best 15.259
  step 800/1999 best 15.390
  step 850/1999 best 15.623
  step 900/1999 best 15.544
  step 950/1999 best 15.549
  step 1000/1999 best 15.636
  step 1050/1999 best 15.681
  step 1100/1999 best 15.587
  step 1150/1999 best 15.561
  step 1200/1999 best 15.542
  step 1250/1999 best 15.666
  step 1300/1999 best 15.669
  step 1350/1999 best 15.588
  step 1400/1999 best 15.739
  step 1450/1999 best 15.631
  step 1500/1999 best 15.638
  step 1550/1999 best 15.777
  step 1600/1999 best 15.652
  step 1650/1999 best 15.717
  step 1700/1999 best 15.727
  step 1750/1999 best 15.660
  step 1800/1999 best 15.711
  step 1850/1999 best 15.614
  step 1900/1999 best 15.589
  step 1950/1999 best 15.535
saved SBC_CHAINS_cnn_vmim__n1_jitter_seed_s3_sim724_row673130_noise6686_6865_7044 (240000, 4) acc=0.202
  step 0/1999 best -3.436
  step 50/1999 best 2.450
  step 100/1999 best 3.571
  step 150/1999 best 8.769
  step 200/1999 best 12.799
  step 250/1999 best 13.991
  step 300/1999 best 14.933
  step 350/1999 best 14.181
  step 400/1999 best 14.828
  step 450/1999 best 14.775
  step 500/1999 best 14.852
  step 550/1999 best 14.784
  step 600/1999 best 14.787
  step 650/1999 best 14.829
  step 700/1999 best 15.117
  step 750/1999 best 14.876
  step 800/1999 best 14.930
  step 850/1999 best 15.197
  step 900/1999 best 15.069
  step 950/1999 best 15.057
  step 1000/1999 best 14.941
  step 1050/1999 best 14.965
  step 1100/1999 best 15.067
  step 1150/1999 best 15.076
  step 1200/1999 best 15.001
  step 1250/1999 best 15.139
  step 1300/1999 best 14.930
  step 1350/1999 best 15.154
  step 1400/1999 best 15.096
  step 1450/1999 best 14.928
  step 1500/1999 best 15.001
  step 1550/1999 best 15.097
  step 1600/1999 best 14.908
  step 1650/1999 best 14.964
  step 1700/1999 best 14.969
  step 1750/1999 best 14.831
  step 1800/1999 best 14.901
  step 1850/1999 best 15.038
  step 1900/1999 best 15.107
  step 1950/1999 best 15.090
saved SBC_CHAINS_cnn_vmim__n1_jitter_seed_s3_sim656_row609914_noise8266_8445_8624 (240000, 4) acc=0.151
