[stage3] arm=cnn_vmim_/n1/seed_s4  nle=/gscratch/ddehiwalage-don/sbi_master/cnn_vmim_/n1/seed_s4/nle
[NLE] scope=standard_t family=nsf loaded from /gscratch/ddehiwalage-don/sbi_master/cnn_vmim_/n1/seed_s4/nle/standard_t/nsf
targets this task: 151 | family=standard_t_nsf | chains -> /gscratch/ddehiwalage-don/sbi_master/cnn_vmim_/n1/seed_s4/chains/standard_t_nsf
  step 0/1999 best -23.538
  step 50/1999 best 7.044
  step 100/1999 best 10.438
  step 150/1999 best 13.561
  step 200/1999 best 13.832
  step 250/1999 best 13.742
  step 300/1999 best 13.586
  step 350/1999 best 13.809
  step 400/1999 best 13.855
  step 450/1999 best 13.757
  step 500/1999 best 13.850
  step 550/1999 best 13.737
  step 600/1999 best 13.874
  step 650/1999 best 13.892
  step 700/1999 best 13.799
  step 750/1999 best 13.940
  step 800/1999 best 13.822
  step 850/1999 best 13.619
  step 900/1999 best 13.926
  step 950/1999 best 13.948
  step 1000/1999 best 13.786
  step 1050/1999 best 13.857
  step 1100/1999 best 13.778
  step 1150/1999 best 13.792
  step 1200/1999 best 13.899
  step 1250/1999 best 13.872
  step 1300/1999 best 13.783
  step 1350/1999 best 13.799
  step 1400/1999 best 13.915
  step 1450/1999 best 13.736
  step 1500/1999 best 13.835
  step 1550/1999 best 13.673
  step 1600/1999 best 13.701
  step 1650/1999 best 13.728
  step 1700/1999 best 13.749
  step 1750/1999 best 13.793
  step 1800/1999 best 13.933
  step 1850/1999 best 13.848
  step 1900/1999 best 13.758
  step 1950/1999 best 13.798
saved SBC_CHAINS_cnn_vmim__n1_seed_s4_sim1927_row1538092_noise804_983_1162 (240000, 4) acc=0.215
  step 0/1999 best -21.795
  step 50/1999 best 6.514
  step 100/1999 best 12.001
  step 150/1999 best 12.297
  step 200/1999 best 13.260
  step 250/1999 best 12.930
  step 300/1999 best 13.043
  step 350/1999 best 13.260
  step 400/1999 best 13.016
  step 450/1999 best 13.399
  step 500/1999 best 13.421
  step 550/1999 best 13.153
  step 600/1999 best 13.223
  step 650/1999 best 13.425
  step 700/1999 best 13.088
  step 750/1999 best 13.164
  step 800/1999 best 13.218
  step 850/1999 best 13.318
  step 900/1999 best 13.141
  step 950/1999 best 13.340
  step 1000/1999 best 13.316
  step 1050/1999 best 13.119
  step 1100/1999 best 13.358
  step 1150/1999 best 13.231
  step 1200/1999 best 13.220
  step 1250/1999 best 13.159
  step 1300/1999 best 13.285
  step 1350/1999 best 13.340
  step 1400/1999 best 13.241
  step 1450/1999 best 13.161
  step 1500/1999 best 13.378
  step 1550/1999 best 13.133
  step 1600/1999 best 13.381
  step 1650/1999 best 13.340
  step 1700/1999 best 13.175
  step 1750/1999 best 13.349
  step 1800/1999 best 13.268
  step 1850/1999 best 13.332
  step 1900/1999 best 13.131
  step 1950/1999 best 13.359
saved SBC_CHAINS_cnn_vmim__n1_seed_s4_sim205_row191377_noise8817_8996_9175 (240000, 4) acc=0.233
  step 0/1999 best -20.830
  step 50/1999 best 2.587
  step 100/1999 best 7.962
  step 150/1999 best 12.169
  step 200/1999 best 14.454
  step 250/1999 best 14.979
  step 300/1999 best 14.921
  step 350/1999 best 14.888
  step 400/1999 best 15.039
  step 450/1999 best 15.097
  step 500/1999 best 15.057
  step 550/1999 best 15.114
  step 600/1999 best 15.072
  step 650/1999 best 14.986
  step 700/1999 best 14.851
  step 750/1999 best 15.043
  step 800/1999 best 14.883
  step 850/1999 best 14.868
  step 900/1999 best 15.177
  step 950/1999 best 15.020
  step 1000/1999 best 14.968
  step 1050/1999 best 14.860
  step 1100/1999 best 14.704
  step 1150/1999 best 14.756
  step 1200/1999 best 14.886
  step 1250/1999 best 14.860
  step 1300/1999 best 15.073
  step 1350/1999 best 14.714
  step 1400/1999 best 15.080
  step 1450/1999 best 14.881
  step 1500/1999 best 15.064
  step 1550/1999 best 15.004
  step 1600/1999 best 15.033
  step 1650/1999 best 15.060
  step 1700/1999 best 14.898
  step 1750/1999 best 15.104
  step 1800/1999 best 14.818
  step 1850/1999 best 14.881
  step 1900/1999 best 15.033
  step 1950/1999 best 14.854
saved SBC_CHAINS_cnn_vmim__n1_seed_s4_sim2997_row2592272_noise9560_9739_90 (240000, 4) acc=0.232
  step 0/1999 best -13.975
  step 50/1999 best 11.360
  step 100/1999 best 15.727
  step 150/1999 best 15.977
  step 200/1999 best 16.077
  step 250/1999 best 15.833
  step 300/1999 best 16.093
  step 350/1999 best 15.999
  step 400/1999 best 15.974
  step 450/1999 best 16.089
  step 500/1999 best 16.176
  step 550/1999 best 15.819
  step 600/1999 best 15.991
  step 650/1999 best 16.077
  step 700/1999 best 16.073
  step 750/1999 best 16.200
  step 800/1999 best 16.035
  step 850/1999 best 16.117
  step 900/1999 best 15.844
  step 950/1999 best 15.956
  step 1000/1999 best 16.167
  step 1050/1999 best 16.112
  step 1100/1999 best 16.091
  step 1150/1999 best 15.951
  step 1200/1999 best 16.207
  step 1250/1999 best 16.052
  step 1300/1999 best 15.915
  step 1350/1999 best 16.111
  step 1400/1999 best 16.020
  step 1450/1999 best 16.028
  step 1500/1999 best 16.001
  step 1550/1999 best 16.128
  step 1600/1999 best 16.126
  step 1650/1999 best 16.181
  step 1700/1999 best 16.011
  step 1750/1999 best 15.962
  step 1800/1999 best 16.202
  step 1850/1999 best 15.986
  step 1900/1999 best 16.077
  step 1950/1999 best 16.016
saved SBC_CHAINS_cnn_vmim__n1_seed_s4_sim824_row773495_noise8771_8950_9129 (240000, 4) acc=0.177
  step 0/1999 best -17.916
  step 50/1999 best -3.347
  step 100/1999 best 13.617
  step 150/1999 best 11.523
  step 200/1999 best 13.861
  step 250/1999 best 16.058
  step 300/1999 best 16.476
  step 350/1999 best 16.591
  step 400/1999 best 16.668
  step 450/1999 best 16.823
  step 500/1999 best 16.912
  step 550/1999 best 16.785
  step 600/1999 best 16.864
  step 650/1999 best 16.739
  step 700/1999 best 16.778
  step 750/1999 best 16.925
  step 800/1999 best 16.847
  step 850/1999 best 16.747
  step 900/1999 best 16.830
  step 950/1999 best 16.757
  step 1000/1999 best 16.880
  step 1050/1999 best 16.726
  step 1100/1999 best 16.886
  step 1150/1999 best 16.748
  step 1200/1999 best 16.801
  step 1250/1999 best 16.868
  step 1300/1999 best 16.780
  step 1350/1999 best 16.744
  step 1400/1999 best 16.862
  step 1450/1999 best 16.870
  step 1500/1999 best 16.805
  step 1550/1999 best 16.777
  step 1600/1999 best 16.789
  step 1650/1999 best 16.899
  step 1700/1999 best 16.878
  step 1750/1999 best 16.883
  step 1800/1999 best 16.871
  step 1850/1999 best 16.699
  step 1900/1999 best 16.865
  step 1950/1999 best 16.903
saved SBC_CHAINS_cnn_vmim__n1_seed_s4_sim1196_row1014470_noise7282_7461_7640 (240000, 4) acc=0.294
  step 0/1999 best -22.956
  step 50/1999 best 10.782
  step 100/1999 best 14.451
  step 150/1999 best 15.191
  step 200/1999 best 15.112
  step 250/1999 best 15.044
  step 300/1999 best 15.156
  step 350/1999 best 15.184
  step 400/1999 best 15.371
  step 450/1999 best 15.222
  step 500/1999 best 15.338
  step 550/1999 best 15.162
  step 600/1999 best 15.366
  step 650/1999 best 15.099
  step 700/1999 best 15.343
  step 750/1999 best 15.316
  step 800/1999 best 15.176
  step 850/1999 best 15.102
  step 900/1999 best 15.348
  step 950/1999 best 15.377
  step 1000/1999 best 15.127
  step 1050/1999 best 15.302
  step 1100/1999 best 14.890
  step 1150/1999 best 14.927
  step 1200/1999 best 15.322
  step 1250/1999 best 15.311
  step 1300/1999 best 15.176
  step 1350/1999 best 15.362
  step 1400/1999 best 15.285
  step 1450/1999 best 15.328
  step 1500/1999 best 15.133
  step 1550/1999 best 15.353
  step 1600/1999 best 15.318
  step 1650/1999 best 15.345
  step 1700/1999 best 15.339
  step 1750/1999 best 15.298
  step 1800/1999 best 15.246
  step 1850/1999 best 15.287
  step 1900/1999 best 15.284
  step 1950/1999 best 15.270
saved SBC_CHAINS_cnn_vmim__n1_seed_s4_sim1928_row1539060_noise1772_1951_2130 (240000, 4) acc=0.223
  step 0/1999 best -5.417
  step 50/1999 best -0.562
  step 100/1999 best 13.129
  step 150/1999 best 13.319
  step 200/1999 best 13.319
  step 250/1999 best 14.164
  step 300/1999 best 14.042
  step 350/1999 best 14.050
  step 400/1999 best 13.810
  step 450/1999 best 13.847
  step 500/1999 best 13.957
  step 550/1999 best 14.135
  step 600/1999 best 14.114
  step 650/1999 best 14.177
  step 700/1999 best 14.168
  step 750/1999 best 14.130
  step 800/1999 best 14.444
  step 850/1999 best 14.171
  step 900/1999 best 14.306
  step 950/1999 best 14.432
  step 1000/1999 best 14.350
  step 1050/1999 best 14.309
  step 1100/1999 best 14.353
  step 1150/1999 best 14.294
  step 1200/1999 best 14.250
  step 1250/1999 best 14.320
  step 1300/1999 best 14.268
  step 1350/1999 best 14.187
  step 1400/1999 best 14.226
  step 1450/1999 best 14.471
  step 1500/1999 best 14.148
  step 1550/1999 best 14.097
  step 1600/1999 best 14.062
  step 1650/1999 best 14.310
  step 1700/1999 best 14.366
  step 1750/1999 best 14.419
  step 1800/1999 best 14.060
  step 1850/1999 best 14.317
  step 1900/1999 best 14.317
  step 1950/1999 best 14.152
saved SBC_CHAINS_cnn_vmim__n1_seed_s4_sim675_row626742_noise7438_7617_7796 (240000, 4) acc=0.151
  step 0/1999 best -25.306
  step 50/1999 best -0.672
  step 100/1999 best 10.031
  step 150/1999 best 10.528
  step 200/1999 best 11.323
  step 250/1999 best 11.447
  step 300/1999 best 11.444
  step 350/1999 best 11.385
  step 400/1999 best 11.517
  step 450/1999 best 11.579
  step 500/1999 best 11.411
  step 550/1999 best 11.602
  step 600/1999 best 11.504
  step 650/1999 best 11.520
  step 700/1999 best 11.237
  step 750/1999 best 11.451
  step 800/1999 best 11.585
  step 850/1999 best 11.427
  step 900/1999 best 11.382
  step 950/1999 best 11.559
  step 1000/1999 best 11.556
  step 1050/1999 best 11.469
  step 1100/1999 best 11.571
  step 1150/1999 best 11.610
  step 1200/1999 best 11.552
  step 1250/1999 best 11.606
  step 1300/1999 best 11.504
  step 1350/1999 best 11.579
  step 1400/1999 best 11.449
  step 1450/1999 best 11.369
  step 1500/1999 best 11.598
  step 1550/1999 best 11.480
  step 1600/1999 best 11.564
  step 1650/1999 best 11.481
  step 1700/1999 best 11.508
  step 1750/1999 best 11.526
  step 1800/1999 best 11.510
  step 1850/1999 best 11.572
  step 1900/1999 best 11.583
  step 1950/1999 best 11.387
saved SBC_CHAINS_cnn_vmim__n1_seed_s4_sim2558_row2157102_noise2822_3001_3180 (240000, 4) acc=0.176
  step 0/1999 best -9.203
  step 50/1999 best 5.658
  step 100/1999 best 10.148
  step 150/1999 best 9.820
  step 200/1999 best 11.551
  step 250/1999 best 11.691
  step 300/1999 best 11.548
  step 350/1999 best 11.083
  step 400/1999 best 11.594
  step 450/1999 best 11.362
  step 500/1999 best 11.635
  step 550/1999 best 11.590
  step 600/1999 best 11.621
  step 650/1999 best 11.717
  step 700/1999 best 11.512
  step 750/1999 best 11.631
  step 800/1999 best 11.594
  step 850/1999 best 11.657
  step 900/1999 best 11.538
  step 950/1999 best 11.629
  step 1000/1999 best 11.565
  step 1050/1999 best 11.648
  step 1100/1999 best 11.755
  step 1150/1999 best 11.603
  step 1200/1999 best 11.664
  step 1250/1999 best 11.726
  step 1300/1999 best 11.622
  step 1350/1999 best 11.432
  step 1400/1999 best 11.698
  step 1450/1999 best 11.532
  step 1500/1999 best 11.485
  step 1550/1999 best 11.760
  step 1600/1999 best 11.774
  step 1650/1999 best 11.661
  step 1700/1999 best 11.746
  step 1750/1999 best 11.680
  step 1800/1999 best 11.774
  step 1850/1999 best 11.616
  step 1900/1999 best 11.506
  step 1950/1999 best 11.788
saved SBC_CHAINS_cnn_vmim__n1_seed_s4_sim2594_row2193586_noise9822_173_352 (240000, 4) acc=0.206
  step 0/1999 best -14.260
  step 50/1999 best 4.676
  step 100/1999 best 11.975
  step 150/1999 best 14.089
  step 200/1999 best 17.061
  step 250/1999 best 17.166
  step 300/1999 best 17.341
  step 350/1999 best 17.274
  step 400/1999 best 17.399
  step 450/1999 best 17.327
  step 500/1999 best 17.265
  step 550/1999 best 17.295
  step 600/1999 best 17.343
  step 650/1999 best 17.349
  step 700/1999 best 17.276
  step 750/1999 best 17.336
  step 800/1999 best 17.232
  step 850/1999 best 17.427
  step 900/1999 best 17.353
  step 950/1999 best 17.394
  step 1000/1999 best 17.253
  step 1050/1999 best 17.374
  step 1100/1999 best 17.315
  step 1150/1999 best 17.276
  step 1200/1999 best 17.257
  step 1250/1999 best 17.350
  step 1300/1999 best 17.295
  step 1350/1999 best 17.325
  step 1400/1999 best 17.114
  step 1450/1999 best 17.353
  step 1500/1999 best 17.261
  step 1550/1999 best 17.340
  step 1600/1999 best 17.341
  step 1650/1999 best 17.439
  step 1700/1999 best 17.423
  step 1750/1999 best 17.333
  step 1800/1999 best 17.064
  step 1850/1999 best 17.349
  step 1900/1999 best 17.257
  step 1950/1999 best 17.304
saved SBC_CHAINS_cnn_vmim__n1_seed_s4_sim1274_row1092800_noise6988_7167_7346 (240000, 4) acc=0.306
  step 0/1999 best -21.028
  step 50/1999 best 5.078
  step 100/1999 best 11.357
  step 150/1999 best 13.899
  step 200/1999 best 14.799
  step 250/1999 best 15.073
  step 300/1999 best 15.128
  step 350/1999 best 14.929
  step 400/1999 best 15.071
  step 450/1999 best 15.050
  step 500/1999 best 15.167
  step 550/1999 best 15.110
  step 600/1999 best 15.105
  step 650/1999 best 15.201
  step 700/1999 best 14.994
  step 750/1999 best 15.153
  step 800/1999 best 15.094
  step 850/1999 best 15.115
  step 900/1999 best 15.060
  step 950/1999 best 14.975
  step 1000/1999 best 15.194
  step 1050/1999 best 15.190
  step 1100/1999 best 15.102
  step 1150/1999 best 15.254
  step 1200/1999 best 15.100
  step 1250/1999 best 15.114
  step 1300/1999 best 15.124
  step 1350/1999 best 15.138
  step 1400/1999 best 15.230
  step 1450/1999 best 15.164
  step 1500/1999 best 15.085
  step 1550/1999 best 15.206
  step 1600/1999 best 15.139
  step 1650/1999 best 15.250
  step 1700/1999 best 14.965
  step 1750/1999 best 15.094
  step 1800/1999 best 15.253
  step 1850/1999 best 14.784
  step 1900/1999 best 15.282
  step 1950/1999 best 15.015
saved SBC_CHAINS_cnn_vmim__n1_seed_s4_sim1760_row1513581_noise1369_1548_1727 (240000, 4) acc=0.217
  step 0/1999 best -5.848
  step 50/1999 best 0.763
  step 100/1999 best 12.293
  step 150/1999 best 13.209
  step 200/1999 best 13.955
  step 250/1999 best 14.116
  step 300/1999 best 14.330
  step 350/1999 best 14.165
  step 400/1999 best 13.946
  step 450/1999 best 14.331
  step 500/1999 best 14.333
  step 550/1999 best 14.232
  step 600/1999 best 14.213
  step 650/1999 best 14.229
  step 700/1999 best 14.200
  step 750/1999 best 14.354
  step 800/1999 best 14.154
  step 850/1999 best 14.336
  step 900/1999 best 14.226
  step 950/1999 best 14.241
  step 1000/1999 best 14.234
  step 1050/1999 best 14.156
  step 1100/1999 best 14.329
  step 1150/1999 best 14.327
  step 1200/1999 best 14.384
  step 1250/1999 best 14.297
  step 1300/1999 best 14.358
  step 1350/1999 best 14.296
  step 1400/1999 best 14.302
  step 1450/1999 best 14.372
  step 1500/1999 best 14.236
  step 1550/1999 best 14.279
  step 1600/1999 best 14.132
  step 1650/1999 best 14.269
  step 1700/1999 best 14.230
  step 1750/1999 best 14.253
  step 1800/1999 best 14.320
  step 1850/1999 best 14.280
  step 1900/1999 best 14.236
  step 1950/1999 best 14.230
saved SBC_CHAINS_cnn_vmim__n1_seed_s4_sim1459_row1241341_noise4797_4976_5155 (240000, 4) acc=0.198
  step 0/1999 best -23.448
  step 50/1999 best -4.469
  step 100/1999 best 6.829
  step 150/1999 best 6.829
  step 200/1999 best 12.321
  step 250/1999 best 13.060
  step 300/1999 best 15.384
  step 350/1999 best 15.920
  step 400/1999 best 16.166
  step 450/1999 best 16.079
  step 500/1999 best 15.973
  step 550/1999 best 16.142
  step 600/1999 best 16.228
  step 650/1999 best 16.141
  step 700/1999 best 16.174
  step 750/1999 best 16.148
  step 800/1999 best 16.148
  step 850/1999 best 16.180
  step 900/1999 best 16.175
  step 950/1999 best 16.183
  step 1000/1999 best 16.091
  step 1050/1999 best 16.187
  step 1100/1999 best 16.135
  step 1150/1999 best 16.130
  step 1200/1999 best 16.095
  step 1250/1999 best 16.126
  step 1300/1999 best 16.189
  step 1350/1999 best 16.299
  step 1400/1999 best 16.201
  step 1450/1999 best 16.174
  step 1500/1999 best 16.233
  step 1550/1999 best 16.152
  step 1600/1999 best 16.155
  step 1650/1999 best 16.287
  step 1700/1999 best 16.188
  step 1750/1999 best 16.159
  step 1800/1999 best 16.242
  step 1850/1999 best 16.233
  step 1900/1999 best 16.292
  step 1950/1999 best 16.078
saved SBC_CHAINS_cnn_vmim__n1_seed_s4_sim337_row323716_noise3564_3743_3922 (240000, 4) acc=0.189
  step 0/1999 best -28.037
  step 50/1999 best 10.667
  step 100/1999 best 15.443
  step 150/1999 best 16.164
  step 200/1999 best 15.575
  step 250/1999 best 15.775
  step 300/1999 best 16.046
  step 350/1999 best 16.138
  step 400/1999 best 15.982
  step 450/1999 best 16.207
  step 500/1999 best 16.279
  step 550/1999 best 16.148
  step 600/1999 best 16.055
  step 650/1999 best 15.806
  step 700/1999 best 16.063
  step 750/1999 best 16.218
  step 800/1999 best 16.115
  step 850/1999 best 15.864
  step 900/1999 best 16.144
  step 950/1999 best 16.026
  step 1000/1999 best 16.136
  step 1050/1999 best 16.129
  step 1100/1999 best 16.218
  step 1150/1999 best 16.096
  step 1200/1999 best 16.206
  step 1250/1999 best 16.147
  step 1300/1999 best 16.254
  step 1350/1999 best 16.170
  step 1400/1999 best 16.112
  step 1450/1999 best 16.195
  step 1500/1999 best 16.095
  step 1550/1999 best 16.148
  step 1600/1999 best 16.114
  step 1650/1999 best 16.054
  step 1700/1999 best 16.192
  step 1750/1999 best 16.241
  step 1800/1999 best 16.169
  step 1850/1999 best 16.148
  step 1900/1999 best 16.267
  step 1950/1999 best 16.066
saved SBC_CHAINS_cnn_vmim__n1_seed_s4_sim1509_row1286162_noise5478_5657_5836 (240000, 4) acc=0.188
  step 0/1999 best -26.969
  step 50/1999 best 4.235
  step 100/1999 best 13.661
  step 150/1999 best 13.965
  step 200/1999 best 13.509
  step 250/1999 best 13.736
  step 300/1999 best 13.633
  step 350/1999 best 13.876
  step 400/1999 best 13.878
  step 450/1999 best 13.872
  step 500/1999 best 13.943
  step 550/1999 best 13.994
  step 600/1999 best 13.961
  step 650/1999 best 13.824
  step 700/1999 best 13.472
  step 750/1999 best 13.996
  step 800/1999 best 13.978
  step 850/1999 best 13.850
  step 900/1999 best 13.951
  step 950/1999 best 13.921
  step 1000/1999 best 13.992
  step 1050/1999 best 13.694
  step 1100/1999 best 13.968
  step 1150/1999 best 13.936
  step 1200/1999 best 13.616
  step 1250/1999 best 13.789
  step 1300/1999 best 13.791
  step 1350/1999 best 13.990
  step 1400/1999 best 13.952
  step 1450/1999 best 13.708
  step 1500/1999 best 13.848
  step 1550/1999 best 13.899
  step 1600/1999 best 13.950
  step 1650/1999 best 13.942
  step 1700/1999 best 13.917
  step 1750/1999 best 13.822
  step 1800/1999 best 13.804
  step 1850/1999 best 13.953
  step 1900/1999 best 13.902
  step 1950/1999 best 13.854
saved SBC_CHAINS_cnn_vmim__n1_seed_s4_sim1934_row1545991_noise8703_8882_9061 (240000, 4) acc=0.207
  step 0/1999 best -20.060
  step 50/1999 best -1.537
  step 100/1999 best 1.711
  step 150/1999 best 1.711
  step 200/1999 best 1.992
  step 250/1999 best 6.012
  step 300/1999 best 10.419
  step 350/1999 best 10.199
  step 400/1999 best 11.098
  step 450/1999 best 15.949
  step 500/1999 best 15.759
  step 550/1999 best 15.665
  step 600/1999 best 15.415
  step 650/1999 best 16.461
  step 700/1999 best 16.720
  step 750/1999 best 16.593
  step 800/1999 best 16.751
  step 850/1999 best 16.308
  step 900/1999 best 16.290
  step 950/1999 best 16.659
  step 1000/1999 best 16.573
  step 1050/1999 best 16.785
  step 1100/1999 best 16.714
  step 1150/1999 best 16.682
  step 1200/1999 best 16.646
  step 1250/1999 best 16.764
  step 1300/1999 best 16.810
  step 1350/1999 best 16.679
  step 1400/1999 best 16.873
  step 1450/1999 best 16.784
  step 1500/1999 best 16.689
  step 1550/1999 best 16.626
  step 1600/1999 best 16.795
  step 1650/1999 best 16.854
  step 1700/1999 best 16.668
  step 1750/1999 best 16.775
  step 1800/1999 best 16.643
  step 1850/1999 best 16.693
  step 1900/1999 best 16.737
  step 1950/1999 best 16.651
saved SBC_CHAINS_cnn_vmim__n1_seed_s4_sim130_row121085_noise2321_2500_2679 (240000, 4) acc=0.134
  step 0/1999 best -13.410
  step 50/1999 best 6.781
  step 100/1999 best 15.203
  step 150/1999 best 16.808
  step 200/1999 best 17.122
  step 250/1999 best 17.250
  step 300/1999 best 17.126
  step 350/1999 best 17.233
  step 400/1999 best 17.319
  step 450/1999 best 17.105
  step 500/1999 best 17.257
  step 550/1999 best 17.082
  step 600/1999 best 17.420
  step 650/1999 best 17.293
  step 700/1999 best 17.419
  step 750/1999 best 17.356
  step 800/1999 best 17.336
  step 850/1999 best 17.236
  step 900/1999 best 17.326
  step 950/1999 best 17.147
  step 1000/1999 best 17.055
  step 1050/1999 best 17.399
  step 1100/1999 best 17.387
  step 1150/1999 best 17.213
  step 1200/1999 best 17.323
  step 1250/1999 best 17.168
  step 1300/1999 best 17.194
  step 1350/1999 best 17.268
  step 1400/1999 best 17.251
  step 1450/1999 best 17.171
  step 1500/1999 best 17.355
  step 1550/1999 best 17.213
  step 1600/1999 best 17.329
  step 1650/1999 best 17.336
  step 1700/1999 best 17.301
  step 1750/1999 best 17.340
  step 1800/1999 best 17.369
  step 1850/1999 best 17.162
  step 1900/1999 best 17.081
  step 1950/1999 best 17.152
saved SBC_CHAINS_cnn_vmim__n1_seed_s4_sim1443_row1225894_noise9006_9185_9364 (240000, 4) acc=0.227
  step 0/1999 best -21.693
  step 50/1999 best 1.204
  step 100/1999 best 16.016
  step 150/1999 best 12.260
  step 200/1999 best 14.534
  step 250/1999 best 17.079
  step 300/1999 best 16.902
  step 350/1999 best 17.336
  step 400/1999 best 17.046
  step 450/1999 best 17.112
  step 500/1999 best 17.241
  step 550/1999 best 17.257
  step 600/1999 best 17.314
  step 650/1999 best 17.329
  step 700/1999 best 17.236
  step 750/1999 best 16.987
  step 800/1999 best 17.343
  step 850/1999 best 17.304
  step 900/1999 best 17.364
  step 950/1999 best 17.189
  step 1000/1999 best 17.355
  step 1050/1999 best 17.405
  step 1100/1999 best 17.380
  step 1150/1999 best 17.349
  step 1200/1999 best 17.394
  step 1250/1999 best 17.280
  step 1300/1999 best 17.479
  step 1350/1999 best 17.252
  step 1400/1999 best 17.381
  step 1450/1999 best 17.151
  step 1500/1999 best 17.324
  step 1550/1999 best 17.443
  step 1600/1999 best 17.274
  step 1650/1999 best 17.440
  step 1700/1999 best 17.444
  step 1750/1999 best 17.371
  step 1800/1999 best 17.397
  step 1850/1999 best 17.289
  step 1900/1999 best 17.354
  step 1950/1999 best 17.460
saved SBC_CHAINS_cnn_vmim__n1_seed_s4_sim182_row173671_noise5767_5946_6125 (240000, 4) acc=0.204
  step 0/1999 best -16.693
  step 50/1999 best 6.247
  step 100/1999 best 12.039
  step 150/1999 best 12.817
  step 200/1999 best 15.221
  step 250/1999 best 15.762
  step 300/1999 best 15.446
  step 350/1999 best 16.077
  step 400/1999 best 16.082
  step 450/1999 best 16.133
  step 500/1999 best 16.238
  step 550/1999 best 15.954
  step 600/1999 best 15.874
  step 650/1999 best 16.178
  step 700/1999 best 16.102
  step 750/1999 best 16.117
  step 800/1999 best 15.816
  step 850/1999 best 16.228
  step 900/1999 best 15.996
  step 950/1999 best 16.104
  step 1000/1999 best 16.098
  step 1050/1999 best 16.154
  step 1100/1999 best 16.061
  step 1150/1999 best 16.276
  step 1200/1999 best 16.107
  step 1250/1999 best 16.055
  step 1300/1999 best 15.913
  step 1350/1999 best 16.139
  step 1400/1999 best 16.113
  step 1450/1999 best 15.992
  step 1500/1999 best 16.101
  step 1550/1999 best 16.042
  step 1600/1999 best 16.177
  step 1650/1999 best 15.886
  step 1700/1999 best 16.118
  step 1750/1999 best 16.072
  step 1800/1999 best 16.023
  step 1850/1999 best 16.259
  step 1900/1999 best 16.228
  step 1950/1999 best 16.165
saved SBC_CHAINS_cnn_vmim__n1_seed_s4_sim909_row858255_noise5079_5258_5437 (240000, 4) acc=0.148
  step 0/1999 best -18.383
  step 50/1999 best 7.247
  step 100/1999 best 6.904
  step 150/1999 best 8.739
  step 200/1999 best 9.815
  step 250/1999 best 9.060
  step 300/1999 best 9.731
  step 350/1999 best 10.299
  step 400/1999 best 10.405
  step 450/1999 best 10.260
  step 500/1999 best 10.417
  step 550/1999 best 10.262
  step 600/1999 best 10.338
  step 650/1999 best 10.050
  step 700/1999 best 10.359
  step 750/1999 best 10.341
  step 800/1999 best 10.288
  step 850/1999 best 10.372
  step 900/1999 best 10.393
  step 950/1999 best 10.307
  step 1000/1999 best 10.416
  step 1050/1999 best 10.337
  step 1100/1999 best 10.230
  step 1150/1999 best 10.445
  step 1200/1999 best 10.390
  step 1250/1999 best 10.426
  step 1300/1999 best 10.093
  step 1350/1999 best 10.399
  step 1400/1999 best 10.253
  step 1450/1999 best 10.294
  step 1500/1999 best 10.422
  step 1550/1999 best 10.412
  step 1600/1999 best 10.357
  step 1650/1999 best 10.382
  step 1700/1999 best 10.441
  step 1750/1999 best 10.409
  step 1800/1999 best 10.268
  step 1850/1999 best 10.291
  step 1900/1999 best 10.218
  step 1950/1999 best 10.271
saved SBC_CHAINS_cnn_vmim__n1_seed_s4_sim2590_row2189721_noise5957_6136_6315 (240000, 4) acc=0.187
  step 0/1999 best -13.892
  step 50/1999 best -3.393
  step 100/1999 best -3.312
  step 150/1999 best 8.060
  step 200/1999 best 11.201
  step 250/1999 best 11.201
  step 300/1999 best 11.298
  step 350/1999 best 12.322
  step 400/1999 best 12.322
  step 450/1999 best 12.221
  step 500/1999 best 12.037
  step 550/1999 best 12.146
  step 600/1999 best 12.803
  step 650/1999 best 12.803
  step 700/1999 best 12.803
  step 750/1999 best 14.233
  step 800/1999 best 14.233
  step 850/1999 best 14.233
  step 900/1999 best 14.233
  step 950/1999 best 13.813
  step 1000/1999 best 13.813
  step 1050/1999 best 13.899
  step 1100/1999 best 14.187
  step 1150/1999 best 13.947
  step 1200/1999 best 13.589
  step 1250/1999 best 14.064
  step 1300/1999 best 14.148
  step 1350/1999 best 14.141
  step 1400/1999 best 14.141
  step 1450/1999 best 14.268
  step 1500/1999 best 14.314
  step 1550/1999 best 14.256
  step 1600/1999 best 13.865
  step 1650/1999 best 13.932
  step 1700/1999 best 13.538
  step 1750/1999 best 13.952
  step 1800/1999 best 13.897
  step 1850/1999 best 14.266
  step 1900/1999 best 14.298
  step 1950/1999 best 14.298
saved SBC_CHAINS_cnn_vmim__n1_seed_s4_sim2932_row2527883_noise4139_4318_4497 (240000, 4) acc=0.322
  step 0/1999 best -22.556
  step 50/1999 best -2.389
  step 100/1999 best 2.752
  step 150/1999 best 3.583
  step 200/1999 best 5.630
  step 250/1999 best 5.630
  step 300/1999 best 8.248
  step 350/1999 best 9.939
  step 400/1999 best 11.231
  step 450/1999 best 14.537
  step 500/1999 best 13.764
  step 550/1999 best 15.570
  step 600/1999 best 16.710
  step 650/1999 best 16.710
  step 700/1999 best 16.710
  step 750/1999 best 16.732
  step 800/1999 best 16.392
  step 850/1999 best 16.481
  step 900/1999 best 16.799
  step 950/1999 best 16.737
  step 1000/1999 best 16.597
  step 1050/1999 best 16.762
  step 1100/1999 best 16.807
  step 1150/1999 best 16.803
  step 1200/1999 best 16.765
  step 1250/1999 best 16.638
  step 1300/1999 best 16.788
  step 1350/1999 best 16.621
  step 1400/1999 best 16.863
  step 1450/1999 best 16.695
  step 1500/1999 best 16.686
  step 1550/1999 best 16.629
  step 1600/1999 best 16.718
  step 1650/1999 best 16.589
  step 1700/1999 best 16.655
  step 1750/1999 best 16.694
  step 1800/1999 best 16.699
  step 1850/1999 best 16.739
  step 1900/1999 best 16.404
  step 1950/1999 best 16.907
saved SBC_CHAINS_cnn_vmim__n1_seed_s4_sim106_row105726_noise8446_8625_8804 (240000, 4) acc=0.135
  step 0/1999 best -16.323
  step 50/1999 best 5.402
  step 100/1999 best 15.903
  step 150/1999 best 15.968
  step 200/1999 best 16.155
  step 250/1999 best 16.160
  step 300/1999 best 16.174
  step 350/1999 best 16.243
  step 400/1999 best 16.158
  step 450/1999 best 16.342
  step 500/1999 best 16.207
  step 550/1999 best 16.110
  step 600/1999 best 16.317
  step 650/1999 best 16.238
  step 700/1999 best 16.319
  step 750/1999 best 16.346
  step 800/1999 best 16.278
  step 850/1999 best 16.287
  step 900/1999 best 16.387
  step 950/1999 best 16.313
  step 1000/1999 best 16.310
  step 1050/1999 best 16.255
  step 1100/1999 best 16.243
  step 1150/1999 best 16.201
  step 1200/1999 best 16.317
  step 1250/1999 best 16.390
  step 1300/1999 best 16.256
  step 1350/1999 best 16.270
  step 1400/1999 best 16.256
  step 1450/1999 best 16.337
  step 1500/1999 best 16.334
  step 1550/1999 best 16.115
  step 1600/1999 best 16.170
  step 1650/1999 best 16.152
  step 1700/1999 best 16.283
  step 1750/1999 best 16.346
  step 1800/1999 best 16.344
  step 1850/1999 best 16.186
  step 1900/1999 best 16.151
  step 1950/1999 best 16.364
saved SBC_CHAINS_cnn_vmim__n1_seed_s4_sim1987_row1598007_noise1751_1930_2109 (240000, 4) acc=0.321
  step 0/1999 best -20.783
  step 50/1999 best -3.310
  step 100/1999 best 7.446
  step 150/1999 best 10.407
  step 200/1999 best 12.047
  step 250/1999 best 12.047
  step 300/1999 best 13.127
  step 350/1999 best 12.416
  step 400/1999 best 13.140
  step 450/1999 best 12.597
  step 500/1999 best 12.655
  step 550/1999 best 12.600
  step 600/1999 best 12.955
  step 650/1999 best 12.958
  step 700/1999 best 12.938
  step 750/1999 best 12.984
  step 800/1999 best 13.155
  step 850/1999 best 12.909
  step 900/1999 best 12.880
  step 950/1999 best 13.132
  step 1000/1999 best 13.109
  step 1050/1999 best 12.782
  step 1100/1999 best 13.055
  step 1150/1999 best 13.016
  step 1200/1999 best 13.206
  step 1250/1999 best 12.927
  step 1300/1999 best 12.878
  step 1350/1999 best 12.957
  step 1400/1999 best 12.991
  step 1450/1999 best 13.051
  step 1500/1999 best 13.140
  step 1550/1999 best 12.907
  step 1600/1999 best 12.970
  step 1650/1999 best 13.154
  step 1700/1999 best 13.083
  step 1750/1999 best 13.178
  step 1800/1999 best 13.211
  step 1850/1999 best 13.087
  step 1900/1999 best 13.099
  step 1950/1999 best 12.958
saved SBC_CHAINS_cnn_vmim__n1_seed_s4_sim2822_row2417017_noise1381_1560_1739 (240000, 4) acc=0.143
  step 0/1999 best -6.573
  step 50/1999 best 1.256
  step 100/1999 best 10.457
  step 150/1999 best 11.419
  step 200/1999 best 15.424
  step 250/1999 best 16.456
  step 300/1999 best 16.647
  step 350/1999 best 16.600
  step 400/1999 best 16.906
  step 450/1999 best 16.882
  step 500/1999 best 17.025
  step 550/1999 best 16.841
  step 600/1999 best 16.837
  step 650/1999 best 17.032
  step 700/1999 best 16.949
  step 750/1999 best 17.051
  step 800/1999 best 16.813
  step 850/1999 best 17.068
  step 900/1999 best 16.840
  step 950/1999 best 16.969
  step 1000/1999 best 16.972
  step 1050/1999 best 16.943
  step 1100/1999 best 16.980
  step 1150/1999 best 16.862
  step 1200/1999 best 17.020
  step 1250/1999 best 16.934
  step 1300/1999 best 16.979
  step 1350/1999 best 16.899
  step 1400/1999 best 17.065
  step 1450/1999 best 16.959
  step 1500/1999 best 16.954
  step 1550/1999 best 16.963
  step 1600/1999 best 17.054
  step 1650/1999 best 16.906
  step 1700/1999 best 16.953
  step 1750/1999 best 16.968
  step 1800/1999 best 16.908
  step 1850/1999 best 17.007
  step 1900/1999 best 17.070
  step 1950/1999 best 16.974
saved SBC_CHAINS_cnn_vmim__n1_seed_s4_sim1431_row1213516_noise6456_6635_6814 (240000, 4) acc=0.212
  step 0/1999 best -14.686
  step 50/1999 best 4.349
  step 100/1999 best 14.239
  step 150/1999 best 15.827
  step 200/1999 best 16.512
  step 250/1999 best 16.505
  step 300/1999 best 16.711
  step 350/1999 best 16.679
  step 400/1999 best 16.633
  step 450/1999 best 16.705
  step 500/1999 best 16.785
  step 550/1999 best 16.897
  step 600/1999 best 16.525
  step 650/1999 best 16.673
  step 700/1999 best 16.900
  step 750/1999 best 16.717
  step 800/1999 best 16.783
  step 850/1999 best 16.798
  step 900/1999 best 16.579
  step 950/1999 best 16.781
  step 1000/1999 best 16.694
  step 1050/1999 best 16.676
  step 1100/1999 best 16.759
  step 1150/1999 best 16.694
  step 1200/1999 best 16.827
  step 1250/1999 best 16.802
  step 1300/1999 best 16.811
  step 1350/1999 best 16.774
  step 1400/1999 best 16.565
  step 1450/1999 best 16.881
  step 1500/1999 best 16.666
  step 1550/1999 best 16.822
  step 1600/1999 best 16.706
  step 1650/1999 best 16.778
  step 1700/1999 best 16.698
  step 1750/1999 best 16.838
  step 1800/1999 best 16.778
  step 1850/1999 best 16.650
  step 1900/1999 best 16.694
  step 1950/1999 best 16.738
saved SBC_CHAINS_cnn_vmim__n1_seed_s4_sim825_row774748_noise196_375_554 (240000, 4) acc=0.159
  step 0/1999 best -21.498
  step 50/1999 best 4.714
  step 100/1999 best 6.830
  step 150/1999 best 7.175
  step 200/1999 best 7.122
  step 250/1999 best 7.260
  step 300/1999 best 6.974
  step 350/1999 best 7.212
  step 400/1999 best 7.226
  step 450/1999 best 7.369
  step 500/1999 best 7.320
  step 550/1999 best 7.045
  step 600/1999 best 7.167
  step 650/1999 best 7.345
  step 700/1999 best 7.352
  step 750/1999 best 7.192
  step 800/1999 best 7.346
  step 850/1999 best 7.328
  step 900/1999 best 7.241
  step 950/1999 best 7.261
  step 1000/1999 best 7.258
  step 1050/1999 best 7.341
  step 1100/1999 best 7.293
  step 1150/1999 best 7.251
  step 1200/1999 best 7.238
  step 1250/1999 best 7.309
  step 1300/1999 best 7.202
  step 1350/1999 best 7.306
  step 1400/1999 best 7.106
  step 1450/1999 best 7.254
  step 1500/1999 best 7.355
  step 1550/1999 best 7.358
  step 1600/1999 best 7.221
  step 1650/1999 best 7.091
  step 1700/1999 best 7.227
  step 1750/1999 best 7.333
  step 1800/1999 best 7.223
  step 1850/1999 best 7.290
  step 1900/1999 best 7.307
  step 1950/1999 best 7.180
saved SBC_CHAINS_cnn_vmim__n1_seed_s4_sim1777_row1529357_noise8317_8496_8675 (240000, 4) acc=0.264
  step 0/1999 best -24.934
  step 50/1999 best 11.943
  step 100/1999 best 11.943
  step 150/1999 best 12.144
  step 200/1999 best 13.965
  step 250/1999 best 13.799
  step 300/1999 best 12.864
  step 350/1999 best 13.100
  step 400/1999 best 13.820
  step 450/1999 best 13.982
  step 500/1999 best 13.765
  step 550/1999 best 14.129
  step 600/1999 best 13.718
  step 650/1999 best 13.463
  step 700/1999 best 14.119
  step 750/1999 best 14.220
  step 800/1999 best 14.197
  step 850/1999 best 14.145
  step 900/1999 best 14.159
  step 950/1999 best 14.026
  step 1000/1999 best 14.181
  step 1050/1999 best 14.069
  step 1100/1999 best 14.031
  step 1150/1999 best 14.053
  step 1200/1999 best 14.049
  step 1250/1999 best 14.002
  step 1300/1999 best 14.156
  step 1350/1999 best 14.048
  step 1400/1999 best 14.085
  step 1450/1999 best 14.077
  step 1500/1999 best 13.986
  step 1550/1999 best 14.064
  step 1600/1999 best 14.039
  step 1650/1999 best 14.163
  step 1700/1999 best 14.126
  step 1750/1999 best 14.079
  step 1800/1999 best 14.104
  step 1850/1999 best 13.876
  step 1900/1999 best 14.055
  step 1950/1999 best 14.140
saved SBC_CHAINS_cnn_vmim__n1_seed_s4_sim2445_row2044687_noise8343_8522_8701 (240000, 4) acc=0.149
  step 0/1999 best -21.541
  step 50/1999 best 8.942
  step 100/1999 best 12.285
  step 150/1999 best 13.650
  step 200/1999 best 13.803
  step 250/1999 best 13.594
  step 300/1999 best 13.411
  step 350/1999 best 13.956
  step 400/1999 best 13.790
  step 450/1999 best 13.924
  step 500/1999 best 13.748
  step 550/1999 best 13.601
  step 600/1999 best 13.826
  step 650/1999 best 13.814
  step 700/1999 best 13.931
  step 750/1999 best 13.766
  step 800/1999 best 13.932
  step 850/1999 best 13.917
  step 900/1999 best 13.717
  step 950/1999 best 13.845
  step 1000/1999 best 13.809
  step 1050/1999 best 13.829
  step 1100/1999 best 13.837
  step 1150/1999 best 13.807
  step 1200/1999 best 13.945
  step 1250/1999 best 13.962
  step 1300/1999 best 13.730
  step 1350/1999 best 13.788
  step 1400/1999 best 13.932
  step 1450/1999 best 13.789
  step 1500/1999 best 13.858
  step 1550/1999 best 13.896
  step 1600/1999 best 13.872
  step 1650/1999 best 13.989
  step 1700/1999 best 13.974
  step 1750/1999 best 13.607
  step 1800/1999 best 13.827
  step 1850/1999 best 13.808
  step 1900/1999 best 13.788
  step 1950/1999 best 13.894
saved SBC_CHAINS_cnn_vmim__n1_seed_s4_sim843_row792327_noise7947_8126_8305 (240000, 4) acc=0.142
  step 0/1999 best -17.316
  step 50/1999 best 4.689
  step 100/1999 best 8.220
  step 150/1999 best 11.852
  step 200/1999 best 12.233
  step 250/1999 best 12.806
  step 300/1999 best 12.636
  step 350/1999 best 12.756
  step 400/1999 best 12.757
  step 450/1999 best 12.640
  step 500/1999 best 12.749
  step 550/1999 best 12.797
  step 600/1999 best 12.619
  step 650/1999 best 12.538
  step 700/1999 best 12.613
  step 750/1999 best 12.435
  step 800/1999 best 12.504
  step 850/1999 best 12.774
  step 900/1999 best 12.792
  step 950/1999 best 12.746
  step 1000/1999 best 12.811
  step 1050/1999 best 12.726
  step 1100/1999 best 12.809
  step 1150/1999 best 12.747
  step 1200/1999 best 12.634
  step 1250/1999 best 12.700
  step 1300/1999 best 12.751
  step 1350/1999 best 12.704
  step 1400/1999 best 12.717
  step 1450/1999 best 12.782
  step 1500/1999 best 12.833
  step 1550/1999 best 12.783
  step 1600/1999 best 12.718
  step 1650/1999 best 12.776
  step 1700/1999 best 12.567
  step 1750/1999 best 12.730
  step 1800/1999 best 12.746
  step 1850/1999 best 12.742
  step 1900/1999 best 12.784
  step 1950/1999 best 12.781
saved SBC_CHAINS_cnn_vmim__n1_seed_s4_sim2619_row2218389_noise5141_5320_5499 (240000, 4) acc=0.236
  step 0/1999 best -21.380
  step 50/1999 best -6.808
  step 100/1999 best 4.115
  step 150/1999 best 8.731
  step 200/1999 best 13.495
  step 250/1999 best 14.765
  step 300/1999 best 15.412
  step 350/1999 best 15.431
  step 400/1999 best 15.586
  step 450/1999 best 15.321
  step 500/1999 best 15.472
  step 550/1999 best 15.581
  step 600/1999 best 15.422
  step 650/1999 best 15.525
  step 700/1999 best 15.549
  step 750/1999 best 15.615
  step 800/1999 best 15.550
  step 850/1999 best 15.608
  step 900/1999 best 15.536
  step 950/1999 best 15.735
  step 1000/1999 best 15.293
  step 1050/1999 best 15.598
  step 1100/1999 best 15.405
  step 1150/1999 best 15.536
  step 1200/1999 best 15.545
  step 1250/1999 best 15.576
  step 1300/1999 best 15.633
  step 1350/1999 best 15.700
  step 1400/1999 best 15.641
  step 1450/1999 best 15.518
  step 1500/1999 best 15.656
  step 1550/1999 best 15.656
  step 1600/1999 best 15.644
  step 1650/1999 best 15.517
  step 1700/1999 best 15.545
  step 1750/1999 best 15.633
  step 1800/1999 best 15.415
  step 1850/1999 best 15.605
  step 1900/1999 best 15.464
  step 1950/1999 best 15.689
saved SBC_CHAINS_cnn_vmim__n1_seed_s4_sim416_row394718_noise3942_4121_4300 (240000, 4) acc=0.188
  step 0/1999 best -13.119
  step 50/1999 best -2.201
  step 100/1999 best 5.997
  step 150/1999 best 12.956
  step 200/1999 best 15.088
  step 250/1999 best 15.247
  step 300/1999 best 15.966
  step 350/1999 best 16.058
  step 400/1999 best 16.190
  step 450/1999 best 16.727
  step 500/1999 best 16.573
  step 550/1999 best 16.571
  step 600/1999 best 16.637
  step 650/1999 best 16.481
  step 700/1999 best 16.641
  step 750/1999 best 16.418
  step 800/1999 best 16.365
  step 850/1999 best 16.694
  step 900/1999 best 16.521
  step 950/1999 best 16.651
  step 1000/1999 best 16.700
  step 1050/1999 best 16.656
  step 1100/1999 best 16.744
  step 1150/1999 best 16.648
  step 1200/1999 best 16.561
  step 1250/1999 best 16.691
  step 1300/1999 best 16.511
  step 1350/1999 best 16.579
  step 1400/1999 best 16.683
  step 1450/1999 best 16.503
  step 1500/1999 best 16.750
  step 1550/1999 best 16.286
  step 1600/1999 best 16.668
  step 1650/1999 best 16.732
  step 1700/1999 best 16.499
  step 1750/1999 best 16.622
  step 1800/1999 best 16.641
  step 1850/1999 best 16.684
  step 1900/1999 best 16.676
  step 1950/1999 best 16.516
saved SBC_CHAINS_cnn_vmim__n1_seed_s4_sim265_row251403_noise47_226_405 (240000, 4) acc=0.175
  step 0/1999 best -13.538
  step 50/1999 best -1.622
  step 100/1999 best 11.794
  step 150/1999 best 15.270
  step 200/1999 best 16.776
  step 250/1999 best 16.640
  step 300/1999 best 16.748
  step 350/1999 best 17.209
  step 400/1999 best 17.110
  step 450/1999 best 17.199
  step 500/1999 best 17.183
  step 550/1999 best 17.171
  step 600/1999 best 16.963
  step 650/1999 best 17.084
  step 700/1999 best 17.071
  step 750/1999 best 17.201
  step 800/1999 best 17.136
  step 850/1999 best 17.211
  step 900/1999 best 17.175
  step 950/1999 best 17.137
  step 1000/1999 best 17.077
  step 1050/1999 best 17.117
  step 1100/1999 best 16.986
  step 1150/1999 best 17.018
  step 1200/1999 best 16.994
  step 1250/1999 best 17.150
  step 1300/1999 best 16.868
  step 1350/1999 best 17.077
  step 1400/1999 best 17.013
  step 1450/1999 best 17.093
  step 1500/1999 best 16.883
  step 1550/1999 best 16.909
  step 1600/1999 best 17.144
  step 1650/1999 best 17.188
  step 1700/1999 best 17.148
  step 1750/1999 best 17.235
  step 1800/1999 best 17.235
  step 1850/1999 best 17.072
  step 1900/1999 best 17.072
  step 1950/1999 best 17.140
saved SBC_CHAINS_cnn_vmim__n1_seed_s4_sim1449_row1231636_noise4920_5099_5278 (240000, 4) acc=0.177
  step 0/1999 best -14.952
  step 50/1999 best 0.640
  step 100/1999 best -0.670
  step 150/1999 best -0.974
  step 200/1999 best 0.420
  step 250/1999 best -0.001
  step 300/1999 best 0.611
  step 350/1999 best 1.869
  step 400/1999 best 2.596
  step 450/1999 best 6.070
  step 500/1999 best 2.780
  step 550/1999 best 6.939
  step 600/1999 best 8.897
  step 650/1999 best 9.784
  step 700/1999 best 12.787
  step 750/1999 best 12.787
  step 800/1999 best 12.784
  step 850/1999 best 11.875
  step 900/1999 best 13.791
  step 950/1999 best 13.029
  step 1000/1999 best 14.857
  step 1050/1999 best 15.546
  step 1100/1999 best 15.742
  step 1150/1999 best 15.901
  step 1200/1999 best 15.547
  step 1250/1999 best 16.292
  step 1300/1999 best 15.978
  step 1350/1999 best 15.932
  step 1400/1999 best 15.661
  step 1450/1999 best 15.721
  step 1500/1999 best 16.190
  step 1550/1999 best 16.405
  step 1600/1999 best 16.405
  step 1650/1999 best 15.626
  step 1700/1999 best 15.913
  step 1750/1999 best 16.053
  step 1800/1999 best 16.600
  step 1850/1999 best 16.486
  step 1900/1999 best 16.414
  step 1950/1999 best 16.410
saved SBC_CHAINS_cnn_vmim__n1_seed_s4_sim748_row697937_noise2009_2188_2367 (240000, 4) acc=0.241
  step 0/1999 best -28.062
  step 50/1999 best 0.658
  step 100/1999 best 6.009
  step 150/1999 best 9.185
  step 200/1999 best 8.646
  step 250/1999 best 9.107
  step 300/1999 best 9.645
  step 350/1999 best 9.672
  step 400/1999 best 9.639
  step 450/1999 best 9.570
  step 500/1999 best 9.738
  step 550/1999 best 9.528
  step 600/1999 best 9.847
  step 650/1999 best 9.621
  step 700/1999 best 9.712
  step 750/1999 best 9.653
  step 800/1999 best 9.866
  step 850/1999 best 9.623
  step 900/1999 best 9.782
  step 950/1999 best 9.850
  step 1000/1999 best 9.538
  step 1050/1999 best 9.653
  step 1100/1999 best 9.836
  step 1150/1999 best 9.654
  step 1200/1999 best 9.831
  step 1250/1999 best 9.822
  step 1300/1999 best 9.649
  step 1350/1999 best 9.786
  step 1400/1999 best 9.758
  step 1450/1999 best 9.888
  step 1500/1999 best 9.689
  step 1550/1999 best 9.720
  step 1600/1999 best 9.732
  step 1650/1999 best 9.571
  step 1700/1999 best 9.618
  step 1750/1999 best 9.636
  step 1800/1999 best 9.836
  step 1850/1999 best 9.611
  step 1900/1999 best 9.841
  step 1950/1999 best 9.531
saved SBC_CHAINS_cnn_vmim__n1_seed_s4_sim2635_row2234654_noise1750_1929_2108 (240000, 4) acc=0.166
  step 0/1999 best -18.814
  step 50/1999 best 4.727
  step 100/1999 best 8.587
  step 150/1999 best 9.716
  step 200/1999 best 10.292
  step 250/1999 best 10.417
  step 300/1999 best 10.680
  step 350/1999 best 10.414
  step 400/1999 best 10.142
  step 450/1999 best 10.559
  step 500/1999 best 10.459
  step 550/1999 best 10.658
  step 600/1999 best 10.469
  step 650/1999 best 10.480
  step 700/1999 best 10.475
  step 750/1999 best 10.701
  step 800/1999 best 10.624
  step 850/1999 best 10.391
  step 900/1999 best 10.552
  step 950/1999 best 10.628
  step 1000/1999 best 10.518
  step 1050/1999 best 10.625
  step 1100/1999 best 10.586
  step 1150/1999 best 10.652
  step 1200/1999 best 10.289
  step 1250/1999 best 10.285
  step 1300/1999 best 10.576
  step 1350/1999 best 10.549
  step 1400/1999 best 10.264
  step 1450/1999 best 10.442
  step 1500/1999 best 10.679
  step 1550/1999 best 10.704
  step 1600/1999 best 10.565
  step 1650/1999 best 10.719
  step 1700/1999 best 10.501
  step 1750/1999 best 10.492
  step 1800/1999 best 10.487
  step 1850/1999 best 10.425
  step 1900/1999 best 10.598
  step 1950/1999 best 10.578
saved SBC_CHAINS_cnn_vmim__n1_seed_s4_sim2935_row2530502_noise6758_6937_7116 (240000, 4) acc=0.238
  step 0/1999 best -27.182
  step 50/1999 best 7.327
  step 100/1999 best 11.560
  step 150/1999 best 16.606
  step 200/1999 best 16.491
  step 250/1999 best 16.940
  step 300/1999 best 16.861
  step 350/1999 best 17.043
  step 400/1999 best 17.100
  step 450/1999 best 16.974
  step 500/1999 best 17.083
  step 550/1999 best 17.057
  step 600/1999 best 16.974
  step 650/1999 best 16.696
  step 700/1999 best 16.982
  step 750/1999 best 17.066
  step 800/1999 best 17.050
  step 850/1999 best 16.942
  step 900/1999 best 17.010
  step 950/1999 best 16.877
  step 1000/1999 best 17.100
  step 1050/1999 best 17.131
  step 1100/1999 best 16.896
  step 1150/1999 best 16.980
  step 1200/1999 best 16.960
  step 1250/1999 best 17.064
  step 1300/1999 best 16.995
  step 1350/1999 best 17.078
  step 1400/1999 best 17.057
  step 1450/1999 best 17.080
  step 1500/1999 best 17.016
  step 1550/1999 best 16.994
  step 1600/1999 best 16.989
  step 1650/1999 best 17.082
  step 1700/1999 best 16.977
  step 1750/1999 best 17.109
  step 1800/1999 best 16.933
  step 1850/1999 best 16.886
  step 1900/1999 best 17.116
  step 1950/1999 best 17.132
saved SBC_CHAINS_cnn_vmim__n1_seed_s4_sim1436_row1218646_noise1758_1937_2116 (240000, 4) acc=0.308
  step 0/1999 best -11.878
  step 50/1999 best 6.066
  step 100/1999 best 14.535
  step 150/1999 best 15.297
  step 200/1999 best 15.528
  step 250/1999 best 15.291
  step 300/1999 best 15.643
  step 350/1999 best 15.848
  step 400/1999 best 15.755
  step 450/1999 best 15.622
  step 500/1999 best 15.552
  step 550/1999 best 15.728
  step 600/1999 best 15.646
  step 650/1999 best 15.793
  step 700/1999 best 15.609
  step 750/1999 best 15.602
  step 800/1999 best 15.656
  step 850/1999 best 15.757
  step 900/1999 best 15.749
  step 950/1999 best 15.737
  step 1000/1999 best 15.768
  step 1050/1999 best 15.638
  step 1100/1999 best 15.735
  step 1150/1999 best 15.779
  step 1200/1999 best 15.774
  step 1250/1999 best 15.638
  step 1300/1999 best 15.826
  step 1350/1999 best 15.476
  step 1400/1999 best 15.840
  step 1450/1999 best 15.688
  step 1500/1999 best 15.569
  step 1550/1999 best 15.712
  step 1600/1999 best 15.858
  step 1650/1999 best 15.727
  step 1700/1999 best 15.727
  step 1750/1999 best 15.658
  step 1800/1999 best 15.627
  step 1850/1999 best 15.698
  step 1900/1999 best 15.812
  step 1950/1999 best 15.707
saved SBC_CHAINS_cnn_vmim__n1_seed_s4_sim889_row838448_noise4928_5107_5286 (240000, 4) acc=0.219
  step 0/1999 best -22.121
  step 50/1999 best 0.556
  step 100/1999 best 3.609
  step 150/1999 best 10.779
  step 200/1999 best 12.629
  step 250/1999 best 15.265
  step 300/1999 best 15.570
  step 350/1999 best 16.175
  step 400/1999 best 16.109
  step 450/1999 best 16.278
  step 500/1999 best 16.222
  step 550/1999 best 16.101
  step 600/1999 best 16.118
  step 650/1999 best 16.101
  step 700/1999 best 16.191
  step 750/1999 best 16.258
  step 800/1999 best 16.162
  step 850/1999 best 16.266
  step 900/1999 best 16.218
  step 950/1999 best 16.144
  step 1000/1999 best 16.352
  step 1050/1999 best 16.258
  step 1100/1999 best 16.273
  step 1150/1999 best 16.162
  step 1200/1999 best 16.010
  step 1250/1999 best 16.198
  step 1300/1999 best 16.217
  step 1350/1999 best 16.204
  step 1400/1999 best 16.158
  step 1450/1999 best 16.162
  step 1500/1999 best 16.109
  step 1550/1999 best 16.180
  step 1600/1999 best 16.273
  step 1650/1999 best 16.125
  step 1700/1999 best 16.286
  step 1750/1999 best 16.241
  step 1800/1999 best 16.241
  step 1850/1999 best 16.282
  step 1900/1999 best 16.187
  step 1950/1999 best 15.922
saved SBC_CHAINS_cnn_vmim__n1_seed_s4_sim988_row937570_noise5770_5949_6128 (240000, 4) acc=0.181
  step 0/1999 best -10.117
  step 50/1999 best -9.679
  step 100/1999 best -5.864
  step 150/1999 best -2.030
  step 200/1999 best 5.964
  step 250/1999 best 10.985
  step 300/1999 best 10.430
  step 350/1999 best 10.325
  step 400/1999 best 11.311
  step 450/1999 best 10.967
  step 500/1999 best 9.961
  step 550/1999 best 11.954
  step 600/1999 best 12.617
  step 650/1999 best 12.366
  step 700/1999 best 12.759
  step 750/1999 best 13.337
  step 800/1999 best 13.058
  step 850/1999 best 13.064
  step 900/1999 best 13.264
  step 950/1999 best 13.045
  step 1000/1999 best 13.244
  step 1050/1999 best 13.221
  step 1100/1999 best 13.250
  step 1150/1999 best 13.218
  step 1200/1999 best 13.338
  step 1250/1999 best 13.264
  step 1300/1999 best 12.984
  step 1350/1999 best 13.255
  step 1400/1999 best 13.382
  step 1450/1999 best 13.253
  step 1500/1999 best 13.217
  step 1550/1999 best 13.100
  step 1600/1999 best 13.147
  step 1650/1999 best 13.268
  step 1700/1999 best 13.051
  step 1750/1999 best 13.219
  step 1800/1999 best 12.681
  step 1850/1999 best 13.071
  step 1900/1999 best 13.225
  step 1950/1999 best 13.344
saved SBC_CHAINS_cnn_vmim__n1_seed_s4_sim2353_row1953251_noise4359_4538_4717 (240000, 4) acc=0.174
  step 0/1999 best -16.920
  step 50/1999 best 0.816
  step 100/1999 best 12.182
  step 150/1999 best 13.544
  step 200/1999 best 13.362
  step 250/1999 best 15.426
  step 300/1999 best 15.210
  step 350/1999 best 15.591
  step 400/1999 best 15.739
  step 450/1999 best 15.733
  step 500/1999 best 15.734
  step 550/1999 best 15.841
  step 600/1999 best 15.745
  step 650/1999 best 15.826
  step 700/1999 best 15.767
  step 750/1999 best 15.684
  step 800/1999 best 15.760
  step 850/1999 best 15.839
  step 900/1999 best 15.797
  step 950/1999 best 15.738
  step 1000/1999 best 15.936
  step 1050/1999 best 15.797
  step 1100/1999 best 15.864
  step 1150/1999 best 15.723
  step 1200/1999 best 15.878
  step 1250/1999 best 15.668
  step 1300/1999 best 15.692
  step 1350/1999 best 15.844
  step 1400/1999 best 15.638
  step 1450/1999 best 15.721
  step 1500/1999 best 15.630
  step 1550/1999 best 15.580
  step 1600/1999 best 15.845
  step 1650/1999 best 15.895
  step 1700/1999 best 15.620
  step 1750/1999 best 15.821
  step 1800/1999 best 15.858
  step 1850/1999 best 15.821
  step 1900/1999 best 15.733
  step 1950/1999 best 15.802
saved SBC_CHAINS_cnn_vmim__n1_seed_s4_sim417_row395572_noise4796_4975_5154 (240000, 4) acc=0.165
  step 0/1999 best -13.700
  step 50/1999 best -7.521
  step 100/1999 best 12.014
  step 150/1999 best 13.068
  step 200/1999 best 13.397
  step 250/1999 best 13.429
  step 300/1999 best 13.307
  step 350/1999 best 13.322
  step 400/1999 best 13.971
  step 450/1999 best 13.749
  step 500/1999 best 13.832
  step 550/1999 best 13.918
  step 600/1999 best 13.808
  step 650/1999 best 13.934
  step 700/1999 best 13.650
  step 750/1999 best 13.848
  step 800/1999 best 13.934
  step 850/1999 best 14.008
  step 900/1999 best 13.965
  step 950/1999 best 13.599
  step 1000/1999 best 13.679
  step 1050/1999 best 13.646
  step 1100/1999 best 13.729
  step 1150/1999 best 13.772
  step 1200/1999 best 14.039
  step 1250/1999 best 13.983
  step 1300/1999 best 13.816
  step 1350/1999 best 13.962
  step 1400/1999 best 14.030
  step 1450/1999 best 14.058
  step 1500/1999 best 13.981
  step 1550/1999 best 13.974
  step 1600/1999 best 13.903
  step 1650/1999 best 13.917
  step 1700/1999 best 13.772
  step 1750/1999 best 13.676
  step 1800/1999 best 14.003
  step 1850/1999 best 13.953
  step 1900/1999 best 14.007
  step 1950/1999 best 13.951
saved SBC_CHAINS_cnn_vmim__n1_seed_s4_sim2012_row1623166_noise7254_7433_7612 (240000, 4) acc=0.156
  step 0/1999 best -23.924
  step 50/1999 best 6.606
  step 100/1999 best 13.382
  step 150/1999 best 14.566
  step 200/1999 best 14.601
  step 250/1999 best 15.221
  step 300/1999 best 15.207
  step 350/1999 best 15.331
  step 400/1999 best 15.084
  step 450/1999 best 15.105
  step 500/1999 best 15.211
  step 550/1999 best 14.991
  step 600/1999 best 15.237
  step 650/1999 best 15.160
  step 700/1999 best 15.164
  step 750/1999 best 15.267
  step 800/1999 best 15.172
  step 850/1999 best 15.371
  step 900/1999 best 15.271
  step 950/1999 best 15.219
  step 1000/1999 best 15.278
  step 1050/1999 best 15.339
  step 1100/1999 best 15.294
  step 1150/1999 best 15.278
  step 1200/1999 best 15.244
  step 1250/1999 best 15.144
  step 1300/1999 best 15.207
  step 1350/1999 best 15.262
  step 1400/1999 best 15.210
  step 1450/1999 best 15.289
  step 1500/1999 best 15.176
  step 1550/1999 best 15.296
  step 1600/1999 best 15.177
  step 1650/1999 best 15.191
  step 1700/1999 best 15.286
  step 1750/1999 best 15.268
  step 1800/1999 best 15.180
  step 1850/1999 best 15.267
  step 1900/1999 best 15.347
  step 1950/1999 best 15.197
saved SBC_CHAINS_cnn_vmim__n1_seed_s4_sim1753_row1506390_noise4006_4185_4364 (240000, 4) acc=0.247
  step 0/1999 best -11.051
  step 50/1999 best -0.111
  step 100/1999 best 1.559
  step 150/1999 best 10.196
  step 200/1999 best 13.290
  step 250/1999 best 13.290
  step 300/1999 best 14.333
  step 350/1999 best 14.522
  step 400/1999 best 15.993
  step 450/1999 best 16.010
  step 500/1999 best 15.453
  step 550/1999 best 16.352
  step 600/1999 best 16.166
  step 650/1999 best 16.072
  step 700/1999 best 16.298
  step 750/1999 best 16.394
  step 800/1999 best 16.191
  step 850/1999 best 16.153
  step 900/1999 best 16.412
  step 950/1999 best 16.451
  step 1000/1999 best 16.337
  step 1050/1999 best 16.311
  step 1100/1999 best 16.335
  step 1150/1999 best 16.398
  step 1200/1999 best 16.495
  step 1250/1999 best 16.443
  step 1300/1999 best 16.415
  step 1350/1999 best 16.329
  step 1400/1999 best 16.426
  step 1450/1999 best 16.354
  step 1500/1999 best 16.354
  step 1550/1999 best 16.512
  step 1600/1999 best 16.355
  step 1650/1999 best 16.356
  step 1700/1999 best 16.504
  step 1750/1999 best 16.129
  step 1800/1999 best 16.219
  step 1850/1999 best 16.504
  step 1900/1999 best 16.423
  step 1950/1999 best 16.377
saved SBC_CHAINS_cnn_vmim__n1_seed_s4_sim722_row671426_noise4982_5161_5340 (240000, 4) acc=0.176
  step 0/1999 best -24.498
  step 50/1999 best 7.816
  step 100/1999 best 12.941
  step 150/1999 best 15.244
  step 200/1999 best 14.461
  step 250/1999 best 15.348
  step 300/1999 best 15.320
  step 350/1999 best 15.460
  step 400/1999 best 15.589
  step 450/1999 best 15.447
  step 500/1999 best 15.353
  step 550/1999 best 15.584
  step 600/1999 best 15.312
  step 650/1999 best 15.367
  step 700/1999 best 15.257
  step 750/1999 best 15.389
  step 800/1999 best 15.486
  step 850/1999 best 15.456
  step 900/1999 best 15.373
  step 950/1999 best 15.171
  step 1000/1999 best 15.455
  step 1050/1999 best 15.473
  step 1100/1999 best 15.489
  step 1150/1999 best 15.436
  step 1200/1999 best 15.534
  step 1250/1999 best 15.469
  step 1300/1999 best 15.439
  step 1350/1999 best 15.316
  step 1400/1999 best 15.344
  step 1450/1999 best 15.367
  step 1500/1999 best 15.491
  step 1550/1999 best 15.520
  step 1600/1999 best 15.382
  step 1650/1999 best 15.524
  step 1700/1999 best 15.483
  step 1750/1999 best 15.326
  step 1800/1999 best 15.422
  step 1850/1999 best 15.586
  step 1900/1999 best 15.489
  step 1950/1999 best 15.333
saved SBC_CHAINS_cnn_vmim__n1_seed_s4_sim2049_row1659255_noise5031_5210_5389 (240000, 4) acc=0.181
  step 0/1999 best -20.492
  step 50/1999 best 6.707
  step 100/1999 best 6.612
  step 150/1999 best 11.466
  step 200/1999 best 14.819
  step 250/1999 best 15.331
  step 300/1999 best 15.438
  step 350/1999 best 15.711
  step 400/1999 best 15.882
  step 450/1999 best 16.143
  step 500/1999 best 16.206
  step 550/1999 best 16.257
  step 600/1999 best 16.327
  step 650/1999 best 16.199
  step 700/1999 best 16.530
  step 750/1999 best 16.501
  step 800/1999 best 16.104
  step 850/1999 best 16.400
  step 900/1999 best 16.212
  step 950/1999 best 16.076
  step 1000/1999 best 16.197
  step 1050/1999 best 16.138
  step 1100/1999 best 16.482
  step 1150/1999 best 16.222
  step 1200/1999 best 15.859
  step 1250/1999 best 16.203
  step 1300/1999 best 16.447
  step 1350/1999 best 16.333
  step 1400/1999 best 16.264
  step 1450/1999 best 16.472
  step 1500/1999 best 16.210
  step 1550/1999 best 16.251
  step 1600/1999 best 16.439
  step 1650/1999 best 16.270
  step 1700/1999 best 16.395
  step 1750/1999 best 16.295
  step 1800/1999 best 16.515
  step 1850/1999 best 16.478
  step 1900/1999 best 16.054
  step 1950/1999 best 16.201
saved SBC_CHAINS_cnn_vmim__n1_seed_s4_sim832_row781107_noise6555_6734_6913 (240000, 4) acc=0.135
  step 0/1999 best -11.979
  step 50/1999 best -4.656
  step 100/1999 best -4.661
  step 150/1999 best 4.669
  step 200/1999 best 7.167
  step 250/1999 best 10.574
  step 300/1999 best 12.821
  step 350/1999 best 13.010
  step 400/1999 best 13.233
  step 450/1999 best 13.667
  step 500/1999 best 14.596
  step 550/1999 best 14.884
  step 600/1999 best 15.298
  step 650/1999 best 15.166
  step 700/1999 best 15.585
  step 750/1999 best 15.006
  step 800/1999 best 15.393
  step 850/1999 best 15.734
  step 900/1999 best 15.529
  step 950/1999 best 15.502
  step 1000/1999 best 15.660
  step 1050/1999 best 15.491
  step 1100/1999 best 15.597
  step 1150/1999 best 15.527
  step 1200/1999 best 15.691
  step 1250/1999 best 15.735
  step 1300/1999 best 15.567
  step 1350/1999 best 15.483
  step 1400/1999 best 15.571
  step 1450/1999 best 15.585
  step 1500/1999 best 15.679
  step 1550/1999 best 15.632
  step 1600/1999 best 15.735
  step 1650/1999 best 15.590
  step 1700/1999 best 15.665
  step 1750/1999 best 15.736
  step 1800/1999 best 15.557
  step 1850/1999 best 15.620
  step 1900/1999 best 15.773
  step 1950/1999 best 15.693
saved SBC_CHAINS_cnn_vmim__n1_seed_s4_sim1730_row1483105_noise377_556_735 (240000, 4) acc=0.162
  step 0/1999 best -23.809
  step 50/1999 best 11.663
  step 100/1999 best 13.142
  step 150/1999 best 13.142
  step 200/1999 best 12.647
  step 250/1999 best 14.792
  step 300/1999 best 14.259
  step 350/1999 best 14.151
  step 400/1999 best 14.819
  step 450/1999 best 15.604
  step 500/1999 best 15.119
  step 550/1999 best 15.365
  step 600/1999 best 15.395
  step 650/1999 best 15.630
  step 700/1999 best 15.637
  step 750/1999 best 15.601
  step 800/1999 best 15.702
  step 850/1999 best 15.603
  step 900/1999 best 15.847
  step 950/1999 best 15.512
  step 1000/1999 best 15.418
  step 1050/1999 best 15.731
  step 1100/1999 best 15.442
  step 1150/1999 best 15.670
  step 1200/1999 best 15.748
  step 1250/1999 best 15.519
  step 1300/1999 best 15.466
  step 1350/1999 best 15.770
  step 1400/1999 best 15.587
  step 1450/1999 best 15.804
  step 1500/1999 best 15.314
  step 1550/1999 best 15.661
  step 1600/1999 best 15.546
  step 1650/1999 best 15.826
  step 1700/1999 best 15.433
  step 1750/1999 best 15.830
  step 1800/1999 best 15.840
  step 1850/1999 best 15.642
  step 1900/1999 best 15.751
  step 1950/1999 best 15.605
saved SBC_CHAINS_cnn_vmim__n1_seed_s4_sim964_row913340_noise1196_1375_1554 (240000, 4) acc=0.153
  step 0/1999 best -22.817
  step 50/1999 best 4.789
  step 100/1999 best 6.360
  step 150/1999 best 9.091
  step 200/1999 best 9.994
  step 250/1999 best 9.974
  step 300/1999 best 9.945
  step 350/1999 best 10.303
  step 400/1999 best 10.239
  step 450/1999 best 10.355
  step 500/1999 best 10.161
  step 550/1999 best 10.296
  step 600/1999 best 10.198
  step 650/1999 best 10.274
  step 700/1999 best 10.132
  step 750/1999 best 10.355
  step 800/1999 best 10.335
  step 850/1999 best 10.413
  step 900/1999 best 10.303
  step 950/1999 best 10.269
  step 1000/1999 best 10.178
  step 1050/1999 best 10.304
  step 1100/1999 best 10.321
  step 1150/1999 best 10.152
  step 1200/1999 best 10.119
  step 1250/1999 best 10.357
  step 1300/1999 best 10.349
  step 1350/1999 best 10.301
  step 1400/1999 best 10.319
  step 1450/1999 best 10.060
  step 1500/1999 best 10.343
  step 1550/1999 best 10.164
  step 1600/1999 best 10.369
  step 1650/1999 best 10.258
  step 1700/1999 best 10.326
  step 1750/1999 best 10.306
  step 1800/1999 best 10.381
  step 1850/1999 best 10.162
  step 1900/1999 best 10.280
  step 1950/1999 best 10.281
saved SBC_CHAINS_cnn_vmim__n1_seed_s4_sim3019_row2614420_noise2224_2403_2582 (240000, 4) acc=0.247
  step 0/1999 best -22.177
  step 50/1999 best 11.371
  step 100/1999 best 12.702
  step 150/1999 best 13.424
  step 200/1999 best 14.370
  step 250/1999 best 14.462
  step 300/1999 best 14.866
  step 350/1999 best 14.767
  step 400/1999 best 14.792
  step 450/1999 best 14.890
  step 500/1999 best 14.533
  step 550/1999 best 14.871
  step 600/1999 best 14.901
  step 650/1999 best 14.731
  step 700/1999 best 14.646
  step 750/1999 best 14.808
  step 800/1999 best 14.785
  step 850/1999 best 14.725
  step 900/1999 best 14.826
  step 950/1999 best 14.798
  step 1000/1999 best 14.856
  step 1050/1999 best 14.680
  step 1100/1999 best 14.758
  step 1150/1999 best 14.864
  step 1200/1999 best 14.823
  step 1250/1999 best 14.720
  step 1300/1999 best 14.744
  step 1350/1999 best 14.807
  step 1400/1999 best 14.881
  step 1450/1999 best 14.614
  step 1500/1999 best 14.827
  step 1550/1999 best 14.864
  step 1600/1999 best 14.900
  step 1650/1999 best 14.794
  step 1700/1999 best 14.790
  step 1750/1999 best 14.787
  step 1800/1999 best 14.869
  step 1850/1999 best 14.824
  step 1900/1999 best 14.814
  step 1950/1999 best 14.796
saved SBC_CHAINS_cnn_vmim__n1_seed_s4_sim993_row942205_noise577_756_935 (240000, 4) acc=0.184
  step 0/1999 best -19.125
  step 50/1999 best 0.893
  step 100/1999 best 5.457
  step 150/1999 best 11.046
  step 200/1999 best 13.940
  step 250/1999 best 14.615
  step 300/1999 best 14.779
  step 350/1999 best 14.695
  step 400/1999 best 14.630
  step 450/1999 best 14.370
  step 500/1999 best 14.790
  step 550/1999 best 14.783
  step 600/1999 best 14.606
  step 650/1999 best 14.855
  step 700/1999 best 14.965
  step 750/1999 best 14.951
  step 800/1999 best 14.951
  step 850/1999 best 14.963
  step 900/1999 best 14.598
  step 950/1999 best 14.870
  step 1000/1999 best 14.962
  step 1050/1999 best 14.852
  step 1100/1999 best 14.860
  step 1150/1999 best 14.705
  step 1200/1999 best 14.992
  step 1250/1999 best 14.956
  step 1300/1999 best 14.893
  step 1350/1999 best 14.903
  step 1400/1999 best 14.736
  step 1450/1999 best 14.814
  step 1500/1999 best 14.918
  step 1550/1999 best 14.918
  step 1600/1999 best 14.968
  step 1650/1999 best 14.905
  step 1700/1999 best 14.899
  step 1750/1999 best 14.949
  step 1800/1999 best 14.725
  step 1850/1999 best 14.884
  step 1900/1999 best 14.693
  step 1950/1999 best 14.917
saved SBC_CHAINS_cnn_vmim__n1_seed_s4_sim2991_row2586914_noise4202_4381_4560 (240000, 4) acc=0.215
  step 0/1999 best -17.886
  step 50/1999 best 12.768
  step 100/1999 best 13.495
  step 150/1999 best 14.858
  step 200/1999 best 16.007
  step 250/1999 best 15.753
  step 300/1999 best 16.096
  step 350/1999 best 16.299
  step 400/1999 best 16.197
  step 450/1999 best 16.252
  step 500/1999 best 16.275
  step 550/1999 best 16.398
  step 600/1999 best 16.237
  step 650/1999 best 16.232
  step 700/1999 best 16.230
  step 750/1999 best 16.402
  step 800/1999 best 16.201
  step 850/1999 best 16.415
  step 900/1999 best 16.343
  step 950/1999 best 16.351
  step 1000/1999 best 16.336
  step 1050/1999 best 16.291
  step 1100/1999 best 16.249
  step 1150/1999 best 16.209
  step 1200/1999 best 16.234
  step 1250/1999 best 16.405
  step 1300/1999 best 16.391
  step 1350/1999 best 16.173
  step 1400/1999 best 16.291
  step 1450/1999 best 16.344
  step 1500/1999 best 16.397
  step 1550/1999 best 16.303
  step 1600/1999 best 16.121
  step 1650/1999 best 16.237
  step 1700/1999 best 16.312
  step 1750/1999 best 16.236
  step 1800/1999 best 16.238
  step 1850/1999 best 16.336
  step 1900/1999 best 16.338
  step 1950/1999 best 16.185
saved SBC_CHAINS_cnn_vmim__n1_seed_s4_sim2073_row1683333_noise9453_9632_9811 (240000, 4) acc=0.225
  step 0/1999 best -21.310
  step 50/1999 best -4.245
  step 100/1999 best -4.743
  step 150/1999 best -3.833
  step 200/1999 best -3.860
  step 250/1999 best -3.792
  step 300/1999 best 4.044
  step 350/1999 best 4.044
  step 400/1999 best 3.529
  step 450/1999 best 3.529
  step 500/1999 best 6.273
  step 550/1999 best 6.288
  step 600/1999 best 6.288
  step 650/1999 best 6.403
  step 700/1999 best 7.706
  step 750/1999 best 7.910
  step 800/1999 best 7.910
  step 850/1999 best 7.910
  step 900/1999 best 8.378
  step 950/1999 best 8.378
  step 1000/1999 best 7.823
  step 1050/1999 best 8.598
  step 1100/1999 best 8.598
  step 1150/1999 best 8.690
  step 1200/1999 best 8.782
  step 1250/1999 best 8.782
  step 1300/1999 best 6.653
  step 1350/1999 best 6.174
  step 1400/1999 best 6.139
  step 1450/1999 best 6.703
  step 1500/1999 best 6.844
  step 1550/1999 best 7.727
  step 1600/1999 best 6.977
  step 1650/1999 best 6.331
  step 1700/1999 best 6.175
  step 1750/1999 best 6.175
  step 1800/1999 best 6.809
  step 1850/1999 best 6.996
  step 1900/1999 best 6.763
  step 1950/1999 best 7.020
saved SBC_CHAINS_cnn_vmim__n1_seed_s4_sim670_row621697_noise2393_2572_2751 (240000, 4) acc=0.277
  step 0/1999 best -15.985
  step 50/1999 best 1.099
  step 100/1999 best 5.246
  step 150/1999 best 5.480
  step 200/1999 best 5.510
  step 250/1999 best 5.593
  step 300/1999 best 5.706
  step 350/1999 best 5.419
  step 400/1999 best 5.608
  step 450/1999 best 5.641
  step 500/1999 best 5.558
  step 550/1999 best 5.544
  step 600/1999 best 5.629
  step 650/1999 best 5.603
  step 700/1999 best 5.728
  step 750/1999 best 5.581
  step 800/1999 best 5.624
  step 850/1999 best 5.501
  step 900/1999 best 5.746
  step 950/1999 best 5.580
  step 1000/1999 best 5.751
  step 1050/1999 best 5.735
  step 1100/1999 best 5.621
  step 1150/1999 best 5.628
  step 1200/1999 best 5.706
  step 1250/1999 best 5.725
  step 1300/1999 best 5.496
  step 1350/1999 best 5.641
  step 1400/1999 best 5.743
  step 1450/1999 best 5.557
  step 1500/1999 best 5.738
  step 1550/1999 best 5.663
  step 1600/1999 best 5.558
  step 1650/1999 best 5.721
  step 1700/1999 best 5.662
  step 1750/1999 best 5.649
  step 1800/1999 best 5.659
  step 1850/1999 best 5.645
  step 1900/1999 best 5.625
  step 1950/1999 best 5.649
saved SBC_CHAINS_cnn_vmim__n1_seed_s4_sim2869_row2464627_noise9679_30_209 (240000, 4) acc=0.327
  step 0/1999 best -21.329
  step 50/1999 best -1.721
  step 100/1999 best 8.536
  step 150/1999 best 14.831
  step 200/1999 best 15.219
  step 250/1999 best 15.507
  step 300/1999 best 16.151
  step 350/1999 best 16.092
  step 400/1999 best 16.269
  step 450/1999 best 16.391
  step 500/1999 best 16.201
  step 550/1999 best 16.446
  step 600/1999 best 16.549
  step 650/1999 best 16.409
  step 700/1999 best 16.338
  step 750/1999 best 16.555
  step 800/1999 best 16.571
  step 850/1999 best 16.519
  step 900/1999 best 16.300
  step 950/1999 best 16.576
  step 1000/1999 best 16.388
  step 1050/1999 best 16.402
  step 1100/1999 best 16.506
  step 1150/1999 best 16.334
  step 1200/1999 best 16.533
  step 1250/1999 best 16.495
  step 1300/1999 best 16.564
  step 1350/1999 best 16.517
  step 1400/1999 best 16.365
  step 1450/1999 best 16.592
  step 1500/1999 best 16.434
  step 1550/1999 best 16.459
  step 1600/1999 best 16.563
  step 1650/1999 best 16.627
  step 1700/1999 best 16.582
  step 1750/1999 best 16.553
  step 1800/1999 best 16.325
  step 1850/1999 best 16.431
  step 1900/1999 best 16.418
  step 1950/1999 best 16.455
saved SBC_CHAINS_cnn_vmim__n1_seed_s4_sim1345_row1154721_noise9113_9292_9471 (240000, 4) acc=0.202
  step 0/1999 best -18.433
  step 50/1999 best -4.511
  step 100/1999 best -3.662
  step 150/1999 best -0.548
  step 200/1999 best 2.300
  step 250/1999 best 7.413
  step 300/1999 best 7.723
  step 350/1999 best 9.599
  step 400/1999 best 10.467
  step 450/1999 best 10.153
  step 500/1999 best 10.369
  step 550/1999 best 13.865
  step 600/1999 best 11.763
  step 650/1999 best 13.342
  step 700/1999 best 13.071
  step 750/1999 best 13.759
  step 800/1999 best 14.697
  step 850/1999 best 14.578
  step 900/1999 best 14.578
  step 950/1999 best 15.007
  step 1000/1999 best 15.182
  step 1050/1999 best 15.053
  step 1100/1999 best 14.391
  step 1150/1999 best 14.740
  step 1200/1999 best 14.777
  step 1250/1999 best 14.928
  step 1300/1999 best 14.093
  step 1350/1999 best 15.025
  step 1400/1999 best 15.071
  step 1450/1999 best 14.759
  step 1500/1999 best 15.049
  step 1550/1999 best 14.912
  step 1600/1999 best 14.374
  step 1650/1999 best 14.731
  step 1700/1999 best 15.115
  step 1750/1999 best 14.972
  step 1800/1999 best 14.689
  step 1850/1999 best 14.810
  step 1900/1999 best 15.037
  step 1950/1999 best 14.819
saved SBC_CHAINS_cnn_vmim__n1_seed_s4_sim796_row745695_noise627_806_985 (240000, 4) acc=0.100
  step 0/1999 best -14.887
  step 50/1999 best -7.611
  step 100/1999 best -4.230
  step 150/1999 best 6.592
  step 200/1999 best 13.363
  step 250/1999 best 12.693
  step 300/1999 best 13.742
  step 350/1999 best 13.733
  step 400/1999 best 13.640
  step 450/1999 best 13.980
  step 500/1999 best 14.039
  step 550/1999 best 13.949
  step 600/1999 best 13.813
  step 650/1999 best 14.004
  step 700/1999 best 13.779
  step 750/1999 best 13.980
  step 800/1999 best 13.991
  step 850/1999 best 13.762
  step 900/1999 best 13.959
  step 950/1999 best 14.014
  step 1000/1999 best 13.807
  step 1050/1999 best 13.801
  step 1100/1999 best 14.029
  step 1150/1999 best 14.073
  step 1200/1999 best 13.901
  step 1250/1999 best 14.084
  step 1300/1999 best 13.945
  step 1350/1999 best 14.029
  step 1400/1999 best 13.873
  step 1450/1999 best 14.019
  step 1500/1999 best 13.912
  step 1550/1999 best 13.886
  step 1600/1999 best 13.635
  step 1650/1999 best 13.882
  step 1700/1999 best 13.905
  step 1750/1999 best 13.849
  step 1800/1999 best 13.896
  step 1850/1999 best 13.964
  step 1900/1999 best 13.898
  step 1950/1999 best 14.054
saved SBC_CHAINS_cnn_vmim__n1_seed_s4_sim3073_row2668451_noise7115_7294_7473 (240000, 4) acc=0.183
  step 0/1999 best -22.034
  step 50/1999 best 3.177
  step 100/1999 best 5.224
  step 150/1999 best 9.534
  step 200/1999 best 13.390
  step 250/1999 best 13.173
  step 300/1999 best 14.051
  step 350/1999 best 14.005
  step 400/1999 best 14.119
  step 450/1999 best 13.984
  step 500/1999 best 14.228
  step 550/1999 best 14.189
  step 600/1999 best 14.109
  step 650/1999 best 14.269
  step 700/1999 best 14.103
  step 750/1999 best 14.118
  step 800/1999 best 14.175
  step 850/1999 best 13.926
  step 900/1999 best 14.206
  step 950/1999 best 13.874
  step 1000/1999 best 14.087
  step 1050/1999 best 14.126
  step 1100/1999 best 14.077
  step 1150/1999 best 13.928
  step 1200/1999 best 14.073
  step 1250/1999 best 14.095
  step 1300/1999 best 14.084
  step 1350/1999 best 14.166
  step 1400/1999 best 14.112
  step 1450/1999 best 14.084
  step 1500/1999 best 14.282
  step 1550/1999 best 14.158
  step 1600/1999 best 14.215
  step 1650/1999 best 14.154
  step 1700/1999 best 14.141
  step 1750/1999 best 14.052
  step 1800/1999 best 14.274
  step 1850/1999 best 14.022
  step 1900/1999 best 14.028
  step 1950/1999 best 13.997
saved SBC_CHAINS_cnn_vmim__n1_seed_s4_sim2077_row1687884_noise4176_4355_4534 (240000, 4) acc=0.184
  step 0/1999 best -19.394
  step 50/1999 best 6.207
  step 100/1999 best 1.380
  step 150/1999 best 2.113
  step 200/1999 best 14.161
  step 250/1999 best 14.161
  step 300/1999 best 14.974
  step 350/1999 best 14.914
  step 400/1999 best 15.205
  step 450/1999 best 15.132
  step 500/1999 best 15.066
  step 550/1999 best 15.125
  step 600/1999 best 15.235
  step 650/1999 best 15.134
  step 700/1999 best 15.356
  step 750/1999 best 15.241
  step 800/1999 best 15.195
  step 850/1999 best 15.219
  step 900/1999 best 15.183
  step 950/1999 best 15.010
  step 1000/1999 best 15.255
  step 1050/1999 best 15.321
  step 1100/1999 best 15.141
  step 1150/1999 best 15.066
  step 1200/1999 best 15.106
  step 1250/1999 best 15.036
  step 1300/1999 best 15.184
  step 1350/1999 best 15.151
  step 1400/1999 best 15.254
  step 1450/1999 best 15.230
  step 1500/1999 best 15.043
  step 1550/1999 best 15.168
  step 1600/1999 best 15.139
  step 1650/1999 best 15.135
  step 1700/1999 best 15.328
  step 1750/1999 best 15.209
  step 1800/1999 best 15.334
  step 1850/1999 best 15.044
  step 1900/1999 best 15.254
  step 1950/1999 best 15.302
saved SBC_CHAINS_cnn_vmim__n1_seed_s4_sim410_row388612_noise7664_7843_8022 (240000, 4) acc=0.184
  step 0/1999 best -25.091
  step 50/1999 best 2.171
  step 100/1999 best 9.792
  step 150/1999 best 10.990
  step 200/1999 best 12.298
  step 250/1999 best 12.246
  step 300/1999 best 12.221
  step 350/1999 best 12.249
  step 400/1999 best 12.274
  step 450/1999 best 12.154
  step 500/1999 best 12.402
  step 550/1999 best 12.011
  step 600/1999 best 12.468
  step 650/1999 best 12.450
  step 700/1999 best 12.392
  step 750/1999 best 12.365
  step 800/1999 best 12.375
  step 850/1999 best 12.189
  step 900/1999 best 12.194
  step 950/1999 best 12.185
  step 1000/1999 best 12.284
  step 1050/1999 best 12.266
  step 1100/1999 best 12.392
  step 1150/1999 best 12.454
  step 1200/1999 best 12.278
  step 1250/1999 best 12.282
  step 1300/1999 best 12.366
  step 1350/1999 best 12.384
  step 1400/1999 best 12.442
  step 1450/1999 best 12.381
  step 1500/1999 best 12.481
  step 1550/1999 best 12.207
  step 1600/1999 best 12.346
  step 1650/1999 best 12.234
  step 1700/1999 best 12.309
  step 1750/1999 best 12.363
  step 1800/1999 best 12.256
  step 1850/1999 best 12.311
  step 1900/1999 best 12.450
  step 1950/1999 best 12.282
saved SBC_CHAINS_cnn_vmim__n1_seed_s4_sim2612_row2211759_noise8339_8518_8697 (240000, 4) acc=0.210
  step 0/1999 best -12.050
  step 50/1999 best 11.487
  step 100/1999 best 11.226
  step 150/1999 best 12.481
  step 200/1999 best 13.044
  step 250/1999 best 12.459
  step 300/1999 best 12.824
  step 350/1999 best 13.416
  step 400/1999 best 13.345
  step 450/1999 best 13.265
  step 500/1999 best 13.368
  step 550/1999 best 13.312
  step 600/1999 best 13.403
  step 650/1999 best 13.430
  step 700/1999 best 13.330
  step 750/1999 best 13.212
  step 800/1999 best 13.335
  step 850/1999 best 13.307
  step 900/1999 best 13.302
  step 950/1999 best 13.229
  step 1000/1999 best 13.307
  step 1050/1999 best 13.141
  step 1100/1999 best 13.379
  step 1150/1999 best 13.355
  step 1200/1999 best 13.383
  step 1250/1999 best 13.327
  step 1300/1999 best 13.384
  step 1350/1999 best 13.291
  step 1400/1999 best 13.306
  step 1450/1999 best 13.271
  step 1500/1999 best 13.389
  step 1550/1999 best 13.339
  step 1600/1999 best 13.442
  step 1650/1999 best 13.312
  step 1700/1999 best 13.203
  step 1750/1999 best 13.224
  step 1800/1999 best 13.274
  step 1850/1999 best 13.303
  step 1900/1999 best 13.308
  step 1950/1999 best 13.090
saved SBC_CHAINS_cnn_vmim__n1_seed_s4_sim751_row700080_noise4152_4331_4510 (240000, 4) acc=0.231
  step 0/1999 best -19.614
  step 50/1999 best 0.946
  step 100/1999 best 5.943
  step 150/1999 best 6.641
  step 200/1999 best 10.699
  step 250/1999 best 10.524
  step 300/1999 best 10.531
  step 350/1999 best 11.026
  step 400/1999 best 11.493
  step 450/1999 best 11.618
  step 500/1999 best 11.585
  step 550/1999 best 11.226
  step 600/1999 best 11.058
  step 650/1999 best 11.466
  step 700/1999 best 11.340
  step 750/1999 best 11.175
  step 800/1999 best 11.199
  step 850/1999 best 11.621
  step 900/1999 best 11.615
  step 950/1999 best 11.569
  step 1000/1999 best 11.546
  step 1050/1999 best 11.433
  step 1100/1999 best 11.666
  step 1150/1999 best 11.656
  step 1200/1999 best 11.705
  step 1250/1999 best 11.578
  step 1300/1999 best 11.516
  step 1350/1999 best 10.826
  step 1400/1999 best 11.514
  step 1450/1999 best 11.451
  step 1500/1999 best 11.373
  step 1550/1999 best 11.436
  step 1600/1999 best 11.357
  step 1650/1999 best 11.510
  step 1700/1999 best 11.383
  step 1750/1999 best 11.608
  step 1800/1999 best 11.299
  step 1850/1999 best 11.616
  step 1900/1999 best 11.148
  step 1950/1999 best 11.432
saved SBC_CHAINS_cnn_vmim__n1_seed_s4_sim3020_row2615747_noise3551_3730_3909 (240000, 4) acc=0.250
  step 0/1999 best -18.059
  step 50/1999 best -2.535
  step 100/1999 best 12.378
  step 150/1999 best 12.823
  step 200/1999 best 12.823
  step 250/1999 best 12.823
  step 300/1999 best 14.749
  step 350/1999 best 15.130
  step 400/1999 best 14.878
  step 450/1999 best 14.231
  step 500/1999 best 15.958
  step 550/1999 best 15.619
  step 600/1999 best 15.429
  step 650/1999 best 15.411
  step 700/1999 best 15.765
  step 750/1999 best 15.852
  step 800/1999 best 15.729
  step 850/1999 best 16.059
  step 900/1999 best 15.840
  step 950/1999 best 16.021
  step 1000/1999 best 15.897
  step 1050/1999 best 15.966
  step 1100/1999 best 15.706
  step 1150/1999 best 15.769
  step 1200/1999 best 16.059
  step 1250/1999 best 15.908
  step 1300/1999 best 15.893
  step 1350/1999 best 15.980
  step 1400/1999 best 15.779
  step 1450/1999 best 15.901
  step 1500/1999 best 15.847
  step 1550/1999 best 15.941
  step 1600/1999 best 15.833
  step 1650/1999 best 16.034
  step 1700/1999 best 15.845
  step 1750/1999 best 15.808
  step 1800/1999 best 16.017
  step 1850/1999 best 15.744
  step 1900/1999 best 16.032
  step 1950/1999 best 15.956
saved SBC_CHAINS_cnn_vmim__n1_seed_s4_sim248_row234566_noise2866_3045_3224 (240000, 4) acc=0.137
  step 0/1999 best -17.489
  step 50/1999 best -4.840
  step 100/1999 best 1.690
  step 150/1999 best 2.428
  step 200/1999 best 4.601
  step 250/1999 best 3.930
  step 300/1999 best 9.729
  step 350/1999 best 12.286
  step 400/1999 best 12.286
  step 450/1999 best 12.274
  step 500/1999 best 12.062
  step 550/1999 best 11.802
  step 600/1999 best 11.801
  step 650/1999 best 12.920
  step 700/1999 best 12.006
  step 750/1999 best 12.866
  step 800/1999 best 13.322
  step 850/1999 best 13.258
  step 900/1999 best 12.505
  step 950/1999 best 13.457
  step 1000/1999 best 13.347
  step 1050/1999 best 12.304
  step 1100/1999 best 13.253
  step 1150/1999 best 13.459
  step 1200/1999 best 13.255
  step 1250/1999 best 13.146
  step 1300/1999 best 12.933
  step 1350/1999 best 12.568
  step 1400/1999 best 12.973
  step 1450/1999 best 13.237
  step 1500/1999 best 13.072
  step 1550/1999 best 13.110
  step 1600/1999 best 13.070
  step 1650/1999 best 13.344
  step 1700/1999 best 12.782
  step 1750/1999 best 13.468
  step 1800/1999 best 12.818
  step 1850/1999 best 13.216
  step 1900/1999 best 13.069
  step 1950/1999 best 13.342
saved SBC_CHAINS_cnn_vmim__n1_seed_s4_sim2828_row2423819_noise8183_8362_8541 (240000, 4) acc=0.173
  step 0/1999 best -25.999
  step 50/1999 best 5.780
  step 100/1999 best 7.798
  step 150/1999 best 13.316
  step 200/1999 best 15.284
  step 250/1999 best 15.745
  step 300/1999 best 15.268
  step 350/1999 best 15.879
  step 400/1999 best 15.629
  step 450/1999 best 16.073
  step 500/1999 best 16.196
  step 550/1999 best 16.207
  step 600/1999 best 16.097
  step 650/1999 best 16.181
  step 700/1999 best 16.294
  step 750/1999 best 16.257
  step 800/1999 best 15.946
  step 850/1999 best 16.143
  step 900/1999 best 16.056
  step 950/1999 best 16.140
  step 1000/1999 best 16.043
  step 1050/1999 best 16.233
  step 1100/1999 best 16.120
  step 1150/1999 best 15.789
  step 1200/1999 best 15.990
  step 1250/1999 best 15.797
  step 1300/1999 best 16.156
  step 1350/1999 best 16.245
  step 1400/1999 best 16.109
  step 1450/1999 best 15.934
  step 1500/1999 best 16.017
  step 1550/1999 best 16.095
  step 1600/1999 best 16.177
  step 1650/1999 best 15.951
  step 1700/1999 best 16.197
  step 1750/1999 best 16.091
  step 1800/1999 best 16.130
  step 1850/1999 best 16.292
  step 1900/1999 best 16.212
  step 1950/1999 best 16.181
saved SBC_CHAINS_cnn_vmim__n1_seed_s4_sim1972_row1583816_noise7216_7395_7574 (240000, 4) acc=0.136
  step 0/1999 best -14.751
  step 50/1999 best 0.603
  step 100/1999 best 7.625
  step 150/1999 best 14.016
  step 200/1999 best 13.687
  step 250/1999 best 15.087
  step 300/1999 best 15.442
  step 350/1999 best 15.522
  step 400/1999 best 15.533
  step 450/1999 best 15.597
  step 500/1999 best 15.519
  step 550/1999 best 15.725
  step 600/1999 best 15.569
  step 650/1999 best 15.735
  step 700/1999 best 15.498
  step 750/1999 best 15.478
  step 800/1999 best 15.677
  step 850/1999 best 15.603
  step 900/1999 best 15.619
  step 950/1999 best 15.320
  step 1000/1999 best 15.675
  step 1050/1999 best 15.724
  step 1100/1999 best 15.680
  step 1150/1999 best 15.502
  step 1200/1999 best 15.544
  step 1250/1999 best 15.677
  step 1300/1999 best 15.621
  step 1350/1999 best 15.686
  step 1400/1999 best 15.440
  step 1450/1999 best 15.743
  step 1500/1999 best 15.610
  step 1550/1999 best 15.566
  step 1600/1999 best 15.717
  step 1650/1999 best 15.651
  step 1700/1999 best 15.382
  step 1750/1999 best 15.591
  step 1800/1999 best 15.695
  step 1850/1999 best 15.636
  step 1900/1999 best 15.728
  step 1950/1999 best 15.737
saved SBC_CHAINS_cnn_vmim__n1_seed_s4_sim805_row754344_noise9276_9455_9634 (240000, 4) acc=0.211
  step 0/1999 best -10.322
  step 50/1999 best 8.782
  step 100/1999 best 8.782
  step 150/1999 best 14.480
  step 200/1999 best 14.580
  step 250/1999 best 15.430
  step 300/1999 best 15.628
  step 350/1999 best 16.286
  step 400/1999 best 16.483
  step 450/1999 best 16.401
  step 500/1999 best 16.554
  step 550/1999 best 16.508
  step 600/1999 best 15.891
  step 650/1999 best 16.653
  step 700/1999 best 16.188
  step 750/1999 best 16.530
  step 800/1999 best 16.597
  step 850/1999 best 16.441
  step 900/1999 best 16.687
  step 950/1999 best 16.982
  step 1000/1999 best 16.933
  step 1050/1999 best 16.997
  step 1100/1999 best 16.532
  step 1150/1999 best 16.520
  step 1200/1999 best 16.908
  step 1250/1999 best 16.627
  step 1300/1999 best 16.922
  step 1350/1999 best 16.817
  step 1400/1999 best 16.778
  step 1450/1999 best 17.006
  step 1500/1999 best 16.962
  step 1550/1999 best 16.728
  step 1600/1999 best 16.907
  step 1650/1999 best 16.713
  step 1700/1999 best 16.945
  step 1750/1999 best 16.756
  step 1800/1999 best 16.892
  step 1850/1999 best 16.808
  step 1900/1999 best 16.765
  step 1950/1999 best 16.766
saved SBC_CHAINS_cnn_vmim__n1_seed_s4_sim735_row684548_noise8276_8455_8634 (240000, 4) acc=0.214
  step 0/1999 best -18.185
  step 50/1999 best 1.333
  step 100/1999 best 7.139
  step 150/1999 best 12.348
  step 200/1999 best 13.073
  step 250/1999 best 14.036
  step 300/1999 best 14.616
  step 350/1999 best 14.662
  step 400/1999 best 14.250
  step 450/1999 best 14.299
  step 500/1999 best 14.624
  step 550/1999 best 14.584
  step 600/1999 best 14.597
  step 650/1999 best 14.601
  step 700/1999 best 14.507
  step 750/1999 best 14.410
  step 800/1999 best 14.442
  step 850/1999 best 14.687
  step 900/1999 best 14.612
  step 950/1999 best 14.486
  step 1000/1999 best 14.283
  step 1050/1999 best 14.568
  step 1100/1999 best 14.598
  step 1150/1999 best 14.462
  step 1200/1999 best 14.506
  step 1250/1999 best 14.588
  step 1300/1999 best 14.570
  step 1350/1999 best 14.622
  step 1400/1999 best 14.668
  step 1450/1999 best 14.577
  step 1500/1999 best 14.590
  step 1550/1999 best 14.546
  step 1600/1999 best 14.626
  step 1650/1999 best 14.700
  step 1700/1999 best 14.408
  step 1750/1999 best 14.521
  step 1800/1999 best 14.535
  step 1850/1999 best 14.676
  step 1900/1999 best 14.508
  step 1950/1999 best 14.591
saved SBC_CHAINS_cnn_vmim__n1_seed_s4_sim967_row916844_noise4700_4879_5058 (240000, 4) acc=0.212
  step 0/1999 best -23.701
  step 50/1999 best 1.497
  step 100/1999 best 14.187
  step 150/1999 best 13.672
  step 200/1999 best 13.292
  step 250/1999 best 16.433
  step 300/1999 best 16.310
  step 350/1999 best 16.573
  step 400/1999 best 16.486
  step 450/1999 best 16.516
  step 500/1999 best 16.390
  step 550/1999 best 16.593
  step 600/1999 best 16.465
  step 650/1999 best 16.630
  step 700/1999 best 16.533
  step 750/1999 best 16.604
  step 800/1999 best 16.544
  step 850/1999 best 16.565
  step 900/1999 best 16.458
  step 950/1999 best 16.595
  step 1000/1999 best 16.658
  step 1050/1999 best 16.568
  step 1100/1999 best 16.439
  step 1150/1999 best 16.563
  step 1200/1999 best 16.632
  step 1250/1999 best 16.640
  step 1300/1999 best 16.655
  step 1350/1999 best 16.584
  step 1400/1999 best 16.518
  step 1450/1999 best 16.438
  step 1500/1999 best 16.624
  step 1550/1999 best 16.549
  step 1600/1999 best 16.655
  step 1650/1999 best 16.492
  step 1700/1999 best 16.672
  step 1750/1999 best 16.707
  step 1800/1999 best 16.642
  step 1850/1999 best 16.595
  step 1900/1999 best 16.540
  step 1950/1999 best 16.542
saved SBC_CHAINS_cnn_vmim__n1_seed_s4_sim2074_row1684466_noise758_937_1116 (240000, 4) acc=0.205
  step 0/1999 best -19.269
  step 50/1999 best 7.575
  step 100/1999 best 12.049
  step 150/1999 best 15.430
  step 200/1999 best 16.031
  step 250/1999 best 16.004
  step 300/1999 best 16.406
  step 350/1999 best 16.257
  step 400/1999 best 16.328
  step 450/1999 best 16.367
  step 500/1999 best 16.314
  step 550/1999 best 16.371
  step 600/1999 best 16.358
  step 650/1999 best 16.225
  step 700/1999 best 16.441
  step 750/1999 best 16.471
  step 800/1999 best 16.362
  step 850/1999 best 16.235
  step 900/1999 best 16.235
  step 950/1999 best 16.270
  step 1000/1999 best 16.483
  step 1050/1999 best 16.349
  step 1100/1999 best 16.200
  step 1150/1999 best 16.474
  step 1200/1999 best 16.396
  step 1250/1999 best 16.481
  step 1300/1999 best 16.315
  step 1350/1999 best 16.453
  step 1400/1999 best 16.446
  step 1450/1999 best 16.370
  step 1500/1999 best 16.298
  step 1550/1999 best 16.469
  step 1600/1999 best 16.344
  step 1650/1999 best 16.393
  step 1700/1999 best 16.145
  step 1750/1999 best 16.442
  step 1800/1999 best 16.357
  step 1850/1999 best 16.418
  step 1900/1999 best 16.463
  step 1950/1999 best 16.395
saved SBC_CHAINS_cnn_vmim__n1_seed_s4_sim213_row199026_noise6638_6817_6996 (240000, 4) acc=0.189
  step 0/1999 best -17.824
  step 50/1999 best 2.807
  step 100/1999 best 5.708
  step 150/1999 best 14.180
  step 200/1999 best 14.990
  step 250/1999 best 15.779
  step 300/1999 best 16.340
  step 350/1999 best 16.130
  step 400/1999 best 16.198
  step 450/1999 best 16.204
  step 500/1999 best 16.422
  step 550/1999 best 16.267
  step 600/1999 best 16.276
  step 650/1999 best 16.263
  step 700/1999 best 16.300
  step 750/1999 best 16.324
  step 800/1999 best 16.342
  step 850/1999 best 16.339
  step 900/1999 best 16.289
  step 950/1999 best 16.317
  step 1000/1999 best 16.262
  step 1050/1999 best 16.269
  step 1100/1999 best 16.295
  step 1150/1999 best 16.333
  step 1200/1999 best 16.377
  step 1250/1999 best 16.339
  step 1300/1999 best 16.403
  step 1350/1999 best 16.162
  step 1400/1999 best 16.234
  step 1450/1999 best 16.325
  step 1500/1999 best 16.216
  step 1550/1999 best 16.258
  step 1600/1999 best 16.301
  step 1650/1999 best 16.338
  step 1700/1999 best 16.449
  step 1750/1999 best 16.389
  step 1800/1999 best 16.328
  step 1850/1999 best 16.402
  step 1900/1999 best 16.206
  step 1950/1999 best 16.281
saved SBC_CHAINS_cnn_vmim__n1_seed_s4_sim430_row408512_noise7908_8087_8266 (240000, 4) acc=0.203
  step 0/1999 best -26.188
  step 50/1999 best -6.158
  step 100/1999 best 8.977
  step 150/1999 best 10.681
  step 200/1999 best 12.707
  step 250/1999 best 12.555
  step 300/1999 best 12.518
  step 350/1999 best 12.747
  step 400/1999 best 12.785
  step 450/1999 best 12.823
  step 500/1999 best 12.732
  step 550/1999 best 12.719
  step 600/1999 best 12.867
  step 650/1999 best 12.766
  step 700/1999 best 12.878
  step 750/1999 best 12.807
  step 800/1999 best 12.693
  step 850/1999 best 12.717
  step 900/1999 best 12.577
  step 950/1999 best 12.745
  step 1000/1999 best 12.806
  step 1050/1999 best 12.716
  step 1100/1999 best 12.783
  step 1150/1999 best 12.915
  step 1200/1999 best 12.840
  step 1250/1999 best 12.821
  step 1300/1999 best 12.743
  step 1350/1999 best 12.755
  step 1400/1999 best 12.640
  step 1450/1999 best 12.757
  step 1500/1999 best 12.898
  step 1550/1999 best 12.739
  step 1600/1999 best 12.887
  step 1650/1999 best 12.953
  step 1700/1999 best 12.706
  step 1750/1999 best 12.821
  step 1800/1999 best 12.846
  step 1850/1999 best 12.866
  step 1900/1999 best 12.845
  step 1950/1999 best 12.851
saved SBC_CHAINS_cnn_vmim__n1_seed_s4_sim451_row429325_noise9065_9244_9423 (240000, 4) acc=0.219
  step 0/1999 best -16.437
  step 50/1999 best 8.644
  step 100/1999 best 14.314
  step 150/1999 best 16.039
  step 200/1999 best 15.942
  step 250/1999 best 15.728
  step 300/1999 best 16.138
  step 350/1999 best 16.156
  step 400/1999 best 16.149
  step 450/1999 best 16.179
  step 500/1999 best 16.251
  step 550/1999 best 15.772
  step 600/1999 best 15.887
  step 650/1999 best 15.705
  step 700/1999 best 16.050
  step 750/1999 best 15.996
  step 800/1999 best 16.140
  step 850/1999 best 16.000
  step 900/1999 best 16.198
  step 950/1999 best 15.869
  step 1000/1999 best 16.061
  step 1050/1999 best 15.914
  step 1100/1999 best 15.900
  step 1150/1999 best 16.131
  step 1200/1999 best 16.233
  step 1250/1999 best 16.101
  step 1300/1999 best 16.011
  step 1350/1999 best 15.748
  step 1400/1999 best 16.088
  step 1450/1999 best 16.138
  step 1500/1999 best 16.114
  step 1550/1999 best 16.165
  step 1600/1999 best 15.978
  step 1650/1999 best 15.838
  step 1700/1999 best 16.111
  step 1750/1999 best 16.041
  step 1800/1999 best 16.125
  step 1850/1999 best 16.241
  step 1900/1999 best 16.120
  step 1950/1999 best 16.239
saved SBC_CHAINS_cnn_vmim__n1_seed_s4_sim740_row689534_noise3434_3613_3792 (240000, 4) acc=0.182
  step 0/1999 best -17.485
  step 50/1999 best -2.821
  step 100/1999 best 11.190
  step 150/1999 best 13.501
  step 200/1999 best 15.197
  step 250/1999 best 16.333
  step 300/1999 best 16.004
  step 350/1999 best 16.426
  step 400/1999 best 16.207
  step 450/1999 best 16.260
  step 500/1999 best 16.345
  step 550/1999 best 16.519
  step 600/1999 best 16.557
  step 650/1999 best 16.391
  step 700/1999 best 16.360
  step 750/1999 best 16.440
  step 800/1999 best 16.472
  step 850/1999 best 16.481
  step 900/1999 best 16.386
  step 950/1999 best 16.418
  step 1000/1999 best 16.310
  step 1050/1999 best 16.462
  step 1100/1999 best 16.459
  step 1150/1999 best 16.463
  step 1200/1999 best 16.384
  step 1250/1999 best 16.371
  step 1300/1999 best 16.299
  step 1350/1999 best 16.193
  step 1400/1999 best 16.564
  step 1450/1999 best 16.300
  step 1500/1999 best 16.455
  step 1550/1999 best 16.478
  step 1600/1999 best 16.422
  step 1650/1999 best 16.303
  step 1700/1999 best 16.364
  step 1750/1999 best 16.479
  step 1800/1999 best 16.535
  step 1850/1999 best 16.348
  step 1900/1999 best 16.464
  step 1950/1999 best 16.522
saved SBC_CHAINS_cnn_vmim__n1_seed_s4_sim109_row108773_noise1665_1844_2023 (240000, 4) acc=0.269
  step 0/1999 best -19.977
  step 50/1999 best 0.308
  step 100/1999 best 7.754
  step 150/1999 best 10.770
  step 200/1999 best 10.961
  step 250/1999 best 11.584
  step 300/1999 best 11.933
  step 350/1999 best 12.186
  step 400/1999 best 12.728
  step 450/1999 best 12.763
  step 500/1999 best 12.684
  step 550/1999 best 12.751
  step 600/1999 best 12.743
  step 650/1999 best 12.882
  step 700/1999 best 12.952
  step 750/1999 best 12.495
  step 800/1999 best 12.711
  step 850/1999 best 12.850
  step 900/1999 best 12.919
  step 950/1999 best 12.699
  step 1000/1999 best 12.804
  step 1050/1999 best 12.770
  step 1100/1999 best 12.920
  step 1150/1999 best 12.815
  step 1200/1999 best 12.689
  step 1250/1999 best 12.950
  step 1300/1999 best 12.837
  step 1350/1999 best 12.874
  step 1400/1999 best 12.723
  step 1450/1999 best 12.760
  step 1500/1999 best 12.745
  step 1550/1999 best 12.609
  step 1600/1999 best 12.893
  step 1650/1999 best 12.579
  step 1700/1999 best 12.917
  step 1750/1999 best 12.719
  step 1800/1999 best 12.884
  step 1850/1999 best 12.846
  step 1900/1999 best 12.796
  step 1950/1999 best 12.910
saved SBC_CHAINS_cnn_vmim__n1_seed_s4_sim2481_row2080689_noise5033_5212_5391 (240000, 4) acc=0.166
  step 0/1999 best -20.883
  step 50/1999 best 1.777
  step 100/1999 best 6.444
  step 150/1999 best 14.931
  step 200/1999 best 15.779
  step 250/1999 best 15.850
  step 300/1999 best 15.951
  step 350/1999 best 16.002
  step 400/1999 best 15.948
  step 450/1999 best 15.771
  step 500/1999 best 16.032
  step 550/1999 best 15.994
  step 600/1999 best 16.082
  step 650/1999 best 15.754
  step 700/1999 best 15.736
  step 750/1999 best 15.911
  step 800/1999 best 15.850
  step 850/1999 best 15.886
  step 900/1999 best 15.958
  step 950/1999 best 16.065
  step 1000/1999 best 16.096
  step 1050/1999 best 15.904
  step 1100/1999 best 16.002
  step 1150/1999 best 16.039
  step 1200/1999 best 16.074
  step 1250/1999 best 16.099
  step 1300/1999 best 15.998
  step 1350/1999 best 15.900
  step 1400/1999 best 16.044
  step 1450/1999 best 16.005
  step 1500/1999 best 16.065
  step 1550/1999 best 15.948
  step 1600/1999 best 15.837
  step 1650/1999 best 16.093
  step 1700/1999 best 15.939
  step 1750/1999 best 16.055
  step 1800/1999 best 15.988
  step 1850/1999 best 15.947
  step 1900/1999 best 15.916
  step 1950/1999 best 16.042
saved SBC_CHAINS_cnn_vmim__n1_seed_s4_sim1526_row1303826_noise3486_3665_3844 (240000, 4) acc=0.218
  step 0/1999 best -25.665
  step 50/1999 best -3.904
  step 100/1999 best 3.463
  step 150/1999 best 7.430
  step 200/1999 best 11.714
  step 250/1999 best 14.463
  step 300/1999 best 15.493
  step 350/1999 best 15.348
  step 400/1999 best 15.602
  step 450/1999 best 15.322
  step 500/1999 best 15.406
  step 550/1999 best 15.444
  step 600/1999 best 15.443
  step 650/1999 best 15.300
  step 700/1999 best 15.258
  step 750/1999 best 15.575
  step 800/1999 best 15.518
  step 850/1999 best 15.613
  step 900/1999 best 15.453
  step 950/1999 best 15.531
  step 1000/1999 best 15.265
  step 1050/1999 best 15.543
  step 1100/1999 best 15.333
  step 1150/1999 best 15.430
  step 1200/1999 best 15.451
  step 1250/1999 best 15.432
  step 1300/1999 best 15.673
  step 1350/1999 best 15.351
  step 1400/1999 best 15.516
  step 1450/1999 best 15.298
  step 1500/1999 best 15.611
  step 1550/1999 best 15.395
  step 1600/1999 best 15.521
  step 1650/1999 best 15.558
  step 1700/1999 best 15.337
  step 1750/1999 best 15.641
  step 1800/1999 best 15.563
  step 1850/1999 best 15.601
  step 1900/1999 best 15.491
  step 1950/1999 best 15.481
saved SBC_CHAINS_cnn_vmim__n1_seed_s4_sim1964_row1575538_noise8766_8945_9124 (240000, 4) acc=0.179
  step 0/1999 best -19.923
  step 50/1999 best 3.046
  step 100/1999 best 10.760
  step 150/1999 best 10.210
  step 200/1999 best 11.305
  step 250/1999 best 11.817
  step 300/1999 best 11.075
  step 350/1999 best 11.846
  step 400/1999 best 11.480
  step 450/1999 best 11.649
  step 500/1999 best 11.851
  step 550/1999 best 11.687
  step 600/1999 best 11.693
  step 650/1999 best 11.887
  step 700/1999 best 11.724
  step 750/1999 best 11.798
  step 800/1999 best 11.595
  step 850/1999 best 11.892
  step 900/1999 best 11.755
  step 950/1999 best 11.738
  step 1000/1999 best 11.601
  step 1050/1999 best 11.815
  step 1100/1999 best 11.613
  step 1150/1999 best 11.701
  step 1200/1999 best 11.807
  step 1250/1999 best 11.894
  step 1300/1999 best 11.871
  step 1350/1999 best 11.805
  step 1400/1999 best 11.795
  step 1450/1999 best 11.838
  step 1500/1999 best 11.778
  step 1550/1999 best 11.921
  step 1600/1999 best 11.872
  step 1650/1999 best 11.865
  step 1700/1999 best 11.796
  step 1750/1999 best 11.705
  step 1800/1999 best 11.639
  step 1850/1999 best 11.848
  step 1900/1999 best 11.750
  step 1950/1999 best 11.848
saved SBC_CHAINS_cnn_vmim__n1_seed_s4_sim687_row638391_noise9259_9438_9617 (240000, 4) acc=0.159
  step 0/1999 best -21.856
  step 50/1999 best 3.737
  step 100/1999 best 11.948
  step 150/1999 best 14.568
  step 200/1999 best 14.234
  step 250/1999 best 14.305
  step 300/1999 best 14.458
  step 350/1999 best 14.569
  step 400/1999 best 14.605
  step 450/1999 best 14.724
  step 500/1999 best 14.596
  step 550/1999 best 14.153
  step 600/1999 best 14.509
  step 650/1999 best 14.521
  step 700/1999 best 14.666
  step 750/1999 best 14.545
  step 800/1999 best 14.390
  step 850/1999 best 14.643
  step 900/1999 best 14.650
  step 950/1999 best 14.395
  step 1000/1999 best 14.685
  step 1050/1999 best 14.648
  step 1100/1999 best 14.649
  step 1150/1999 best 14.662
  step 1200/1999 best 14.679
  step 1250/1999 best 14.527
  step 1300/1999 best 14.610
  step 1350/1999 best 14.563
  step 1400/1999 best 14.439
  step 1450/1999 best 14.544
  step 1500/1999 best 14.360
  step 1550/1999 best 14.605
  step 1600/1999 best 14.686
  step 1650/1999 best 14.596
  step 1700/1999 best 14.532
  step 1750/1999 best 14.621
  step 1800/1999 best 14.688
  step 1850/1999 best 14.624
  step 1900/1999 best 14.634
  step 1950/1999 best 14.627
saved SBC_CHAINS_cnn_vmim__n1_seed_s4_sim2071_row1681096_noise7216_7395_7574 (240000, 4) acc=0.301
  step 0/1999 best -26.048
  step 50/1999 best 3.436
  step 100/1999 best 5.317
  step 150/1999 best 6.450
  step 200/1999 best 9.212
  step 250/1999 best 12.890
  step 300/1999 best 13.142
  step 350/1999 best 13.637
  step 400/1999 best 13.593
  step 450/1999 best 13.680
  step 500/1999 best 13.705
  step 550/1999 best 13.574
  step 600/1999 best 13.823
  step 650/1999 best 13.852
  step 700/1999 best 13.756
  step 750/1999 best 13.817
  step 800/1999 best 13.767
  step 850/1999 best 13.806
  step 900/1999 best 13.812
  step 950/1999 best 13.649
  step 1000/1999 best 13.770
  step 1050/1999 best 13.881
  step 1100/1999 best 13.671
  step 1150/1999 best 13.629
  step 1200/1999 best 13.838
  step 1250/1999 best 13.776
  step 1300/1999 best 13.724
  step 1350/1999 best 13.742
  step 1400/1999 best 13.745
  step 1450/1999 best 13.863
  step 1500/1999 best 13.767
  step 1550/1999 best 13.752
  step 1600/1999 best 13.821
  step 1650/1999 best 13.658
  step 1700/1999 best 13.808
  step 1750/1999 best 13.734
  step 1800/1999 best 13.654
  step 1850/1999 best 13.820
  step 1900/1999 best 13.728
  step 1950/1999 best 13.772
saved SBC_CHAINS_cnn_vmim__n1_seed_s4_sim2438_row2037615_noise1271_1450_1629 (240000, 4) acc=0.226
  step 0/1999 best -15.572
  step 50/1999 best 1.394
  step 100/1999 best 13.998
  step 150/1999 best 14.508
  step 200/1999 best 16.543
  step 250/1999 best 16.651
  step 300/1999 best 16.423
  step 350/1999 best 16.413
  step 400/1999 best 16.638
  step 450/1999 best 16.710
  step 500/1999 best 16.589
  step 550/1999 best 16.464
  step 600/1999 best 16.608
  step 650/1999 best 16.563
  step 700/1999 best 16.668
  step 750/1999 best 16.464
  step 800/1999 best 16.661
  step 850/1999 best 16.712
  step 900/1999 best 16.728
  step 950/1999 best 16.592
  step 1000/1999 best 16.650
  step 1050/1999 best 16.526
  step 1100/1999 best 16.593
  step 1150/1999 best 16.725
  step 1200/1999 best 16.501
  step 1250/1999 best 16.666
  step 1300/1999 best 16.675
  step 1350/1999 best 16.520
  step 1400/1999 best 16.593
  step 1450/1999 best 16.630
  step 1500/1999 best 16.633
  step 1550/1999 best 16.683
  step 1600/1999 best 16.654
  step 1650/1999 best 16.575
  step 1700/1999 best 16.730
  step 1750/1999 best 16.670
  step 1800/1999 best 16.685
  step 1850/1999 best 16.612
  step 1900/1999 best 16.671
  step 1950/1999 best 16.643
saved SBC_CHAINS_cnn_vmim__n1_seed_s4_sim1208_row1026506_noise9490_9669_20 (240000, 4) acc=0.311
  step 0/1999 best -17.405
  step 50/1999 best -13.083
  step 100/1999 best -9.343
  step 150/1999 best 5.310
  step 200/1999 best 10.754
  step 250/1999 best 11.448
  step 300/1999 best 9.635
  step 350/1999 best 10.802
  step 400/1999 best 10.633
  step 450/1999 best 11.679
  step 500/1999 best 12.695
  step 550/1999 best 12.349
  step 600/1999 best 11.894
  step 650/1999 best 13.003
  step 700/1999 best 11.740
  step 750/1999 best 13.560
  step 800/1999 best 13.385
  step 850/1999 best 13.497
  step 900/1999 best 13.151
  step 950/1999 best 13.507
  step 1000/1999 best 13.507
  step 1050/1999 best 13.274
  step 1100/1999 best 13.220
  step 1150/1999 best 13.859
  step 1200/1999 best 13.774
  step 1250/1999 best 13.258
  step 1300/1999 best 13.433
  step 1350/1999 best 13.945
  step 1400/1999 best 13.912
  step 1450/1999 best 13.839
  step 1500/1999 best 13.445
  step 1550/1999 best 13.951
  step 1600/1999 best 13.907
  step 1650/1999 best 13.539
  step 1700/1999 best 13.790
  step 1750/1999 best 13.953
  step 1800/1999 best 13.908
  step 1850/1999 best 13.976
  step 1900/1999 best 14.035
  step 1950/1999 best 13.620
saved SBC_CHAINS_cnn_vmim__n1_seed_s4_sim2829_row2424290_noise8654_8833_9012 (240000, 4) acc=0.183
  step 0/1999 best -21.486
  step 50/1999 best -9.973
  step 100/1999 best -8.939
  step 150/1999 best -8.367
  step 200/1999 best -8.920
  step 250/1999 best -8.577
  step 300/1999 best 7.254
  step 350/1999 best 7.842
  step 400/1999 best 7.825
  step 450/1999 best 8.422
  step 500/1999 best 8.422
  step 550/1999 best 8.422
  step 600/1999 best 8.422
  step 650/1999 best 8.422
  step 700/1999 best 8.422
  step 750/1999 best 10.347
  step 800/1999 best 10.347
  step 850/1999 best 10.530
  step 900/1999 best 10.530
  step 950/1999 best 12.021
  step 1000/1999 best 12.021
  step 1050/1999 best 12.021
  step 1100/1999 best 11.816
  step 1150/1999 best 11.816
  step 1200/1999 best 12.336
  step 1250/1999 best 13.062
  step 1300/1999 best 12.211
  step 1350/1999 best 11.965
  step 1400/1999 best 11.551
  step 1450/1999 best 13.077
  step 1500/1999 best 13.867
  step 1550/1999 best 14.719
  step 1600/1999 best 14.628
  step 1650/1999 best 13.966
  step 1700/1999 best 15.050
  step 1750/1999 best 14.229
  step 1800/1999 best 14.083
  step 1850/1999 best 14.749
  step 1900/1999 best 14.749
  step 1950/1999 best 15.155
saved SBC_CHAINS_cnn_vmim__n1_seed_s4_sim94_row93497_noise6045_6224_6403 (240000, 4) acc=0.189
  step 0/1999 best -17.955
  step 50/1999 best -2.146
  step 100/1999 best 1.170
  step 150/1999 best 6.175
  step 200/1999 best 6.175
  step 250/1999 best 9.705
  step 300/1999 best 9.705
  step 350/1999 best 11.525
  step 400/1999 best 12.278
  step 450/1999 best 13.901
  step 500/1999 best 16.562
  step 550/1999 best 16.389
  step 600/1999 best 15.445
  step 650/1999 best 16.207
  step 700/1999 best 15.537
  step 750/1999 best 16.488
  step 800/1999 best 16.579
  step 850/1999 best 16.471
  step 900/1999 best 16.499
  step 950/1999 best 16.408
  step 1000/1999 best 16.478
  step 1050/1999 best 16.500
  step 1100/1999 best 16.712
  step 1150/1999 best 16.708
  step 1200/1999 best 16.452
  step 1250/1999 best 16.485
  step 1300/1999 best 16.727
  step 1350/1999 best 16.688
  step 1400/1999 best 16.583
  step 1450/1999 best 16.526
  step 1500/1999 best 16.521
  step 1550/1999 best 16.469
  step 1600/1999 best 16.617
  step 1650/1999 best 16.755
  step 1700/1999 best 16.362
  step 1750/1999 best 16.359
  step 1800/1999 best 16.575
  step 1850/1999 best 16.648
  step 1900/1999 best 16.479
  step 1950/1999 best 16.717
saved SBC_CHAINS_cnn_vmim__n1_seed_s4_sim1222_row1040544_noise3872_4051_4230 (240000, 4) acc=0.158
  step 0/1999 best -26.070
  step 50/1999 best -10.099
  step 100/1999 best -3.494
  step 150/1999 best 0.636
  step 200/1999 best 4.823
  step 250/1999 best 4.004
  step 300/1999 best 4.004
  step 350/1999 best 5.076
  step 400/1999 best 13.623
  step 450/1999 best 14.384
  step 500/1999 best 14.384
  step 550/1999 best 13.039
  step 600/1999 best 13.898
  step 650/1999 best 13.537
  step 700/1999 best 12.758
  step 750/1999 best 14.763
  step 800/1999 best 14.782
  step 850/1999 best 14.503
  step 900/1999 best 15.349
  step 950/1999 best 15.225
  step 1000/1999 best 15.082
  step 1050/1999 best 14.681
  step 1100/1999 best 15.206
  step 1150/1999 best 15.203
  step 1200/1999 best 15.105
  step 1250/1999 best 15.109
  step 1300/1999 best 15.081
  step 1350/1999 best 15.098
  step 1400/1999 best 15.224
  step 1450/1999 best 15.322
  step 1500/1999 best 15.325
  step 1550/1999 best 15.095
  step 1600/1999 best 15.310
  step 1650/1999 best 15.315
  step 1700/1999 best 15.266
  step 1750/1999 best 15.201
  step 1800/1999 best 15.426
  step 1850/1999 best 15.291
  step 1900/1999 best 14.960
  step 1950/1999 best 15.263
saved SBC_CHAINS_cnn_vmim__n1_seed_s4_sim250_row236772_noise5072_5251_5430 (240000, 4) acc=0.132
  step 0/1999 best -18.209
  step 50/1999 best -3.577
  step 100/1999 best -0.210
  step 150/1999 best 1.043
  step 200/1999 best 0.657
  step 250/1999 best 0.703
  step 300/1999 best 0.670
  step 350/1999 best 1.186
  step 400/1999 best 0.846
  step 450/1999 best 13.314
  step 500/1999 best 12.434
  step 550/1999 best 12.434
  step 600/1999 best 12.165
  step 650/1999 best 11.559
  step 700/1999 best 9.894
  step 750/1999 best 9.998
  step 800/1999 best 9.623
  step 850/1999 best 10.796
  step 900/1999 best 10.379
  step 950/1999 best 12.350
  step 1000/1999 best 13.815
  step 1050/1999 best 14.823
  step 1100/1999 best 13.922
  step 1150/1999 best 14.546
  step 1200/1999 best 15.424
  step 1250/1999 best 14.792
  step 1300/1999 best 15.048
  step 1350/1999 best 15.512
  step 1400/1999 best 15.549
  step 1450/1999 best 15.832
  step 1500/1999 best 15.630
  step 1550/1999 best 15.625
  step 1600/1999 best 15.959
  step 1650/1999 best 15.916
  step 1700/1999 best 15.780
  step 1750/1999 best 15.681
  step 1800/1999 best 15.509
  step 1850/1999 best 15.509
  step 1900/1999 best 15.707
  step 1950/1999 best 15.935
saved SBC_CHAINS_cnn_vmim__n1_seed_s4_sim1228_row1046609_noise109_288_467 (240000, 4) acc=0.139
  step 0/1999 best -14.349
  step 50/1999 best -3.280
  step 100/1999 best -1.581
  step 150/1999 best 3.162
  step 200/1999 best 2.927
  step 250/1999 best 7.420
  step 300/1999 best 13.855
  step 350/1999 best 15.167
  step 400/1999 best 15.272
  step 450/1999 best 15.038
  step 500/1999 best 15.528
  step 550/1999 best 15.240
  step 600/1999 best 15.284
  step 650/1999 best 15.672
  step 700/1999 best 15.469
  step 750/1999 best 15.599
  step 800/1999 best 15.170
  step 850/1999 best 15.671
  step 900/1999 best 15.260
  step 950/1999 best 15.648
  step 1000/1999 best 15.590
  step 1050/1999 best 15.572
  step 1100/1999 best 15.653
  step 1150/1999 best 15.593
  step 1200/1999 best 15.354
  step 1250/1999 best 15.645
  step 1300/1999 best 15.757
  step 1350/1999 best 15.451
  step 1400/1999 best 15.238
  step 1450/1999 best 15.576
  step 1500/1999 best 15.713
  step 1550/1999 best 15.564
  step 1600/1999 best 15.508
  step 1650/1999 best 15.737
  step 1700/1999 best 15.761
  step 1750/1999 best 15.484
  step 1800/1999 best 15.464
  step 1850/1999 best 15.763
  step 1900/1999 best 15.494
  step 1950/1999 best 15.615
saved SBC_CHAINS_cnn_vmim__n1_seed_s4_sim644_row597705_noise5885_6064_6243 (240000, 4) acc=0.152
  step 0/1999 best -13.705
  step 50/1999 best -3.031
  step 100/1999 best 5.306
  step 150/1999 best 7.461
  step 200/1999 best 14.652
  step 250/1999 best 15.718
  step 300/1999 best 14.350
  step 350/1999 best 16.136
  step 400/1999 best 16.254
  step 450/1999 best 15.946
  step 500/1999 best 16.346
  step 550/1999 best 16.234
  step 600/1999 best 16.422
  step 650/1999 best 16.504
  step 700/1999 best 16.369
  step 750/1999 best 16.457
  step 800/1999 best 16.435
  step 850/1999 best 16.298
  step 900/1999 best 16.364
  step 950/1999 best 16.353
  step 1000/1999 best 16.388
  step 1050/1999 best 16.358
  step 1100/1999 best 16.308
  step 1150/1999 best 16.397
  step 1200/1999 best 16.419
  step 1250/1999 best 16.259
  step 1300/1999 best 16.274
  step 1350/1999 best 16.339
  step 1400/1999 best 16.383
  step 1450/1999 best 16.352
  step 1500/1999 best 16.311
  step 1550/1999 best 16.449
  step 1600/1999 best 16.328
  step 1650/1999 best 16.238
  step 1700/1999 best 16.181
  step 1750/1999 best 16.281
  step 1800/1999 best 16.346
  step 1850/1999 best 16.367
  step 1900/1999 best 16.373
  step 1950/1999 best 16.402
saved SBC_CHAINS_cnn_vmim__n1_seed_s4_sim1736_row1489213_noise6485_6664_6843 (240000, 4) acc=0.207
  step 0/1999 best -20.982
  step 50/1999 best -1.188
  step 100/1999 best 8.939
  step 150/1999 best 8.939
  step 200/1999 best 8.939
  step 250/1999 best 8.330
  step 300/1999 best 7.855
  step 350/1999 best 11.048
  step 400/1999 best 14.926
  step 450/1999 best 14.926
  step 500/1999 best 14.981
  step 550/1999 best 14.981
  step 600/1999 best 14.959
  step 650/1999 best 14.160
  step 700/1999 best 14.254
  step 750/1999 best 14.823
  step 800/1999 best 14.823
  step 850/1999 best 15.270
  step 900/1999 best 15.069
  step 950/1999 best 15.117
  step 1000/1999 best 14.962
  step 1050/1999 best 14.679
  step 1100/1999 best 14.651
  step 1150/1999 best 14.587
  step 1200/1999 best 14.009
  step 1250/1999 best 14.930
  step 1300/1999 best 15.064
  step 1350/1999 best 15.225
  step 1400/1999 best 14.991
  step 1450/1999 best 15.220
  step 1500/1999 best 15.257
  step 1550/1999 best 14.700
  step 1600/1999 best 15.052
  step 1650/1999 best 15.230
  step 1700/1999 best 15.184
  step 1750/1999 best 15.007
  step 1800/1999 best 15.040
  step 1850/1999 best 15.348
  step 1900/1999 best 15.197
  step 1950/1999 best 15.224
saved SBC_CHAINS_cnn_vmim__n1_seed_s4_sim718_row667648_noise1204_1383_1562 (240000, 4) acc=0.108
  step 0/1999 best -20.796
  step 50/1999 best 5.309
  step 100/1999 best 5.995
  step 150/1999 best 10.331
  step 200/1999 best 10.331
  step 250/1999 best 12.564
  step 300/1999 best 12.197
  step 350/1999 best 12.419
  step 400/1999 best 13.155
  step 450/1999 best 13.301
  step 500/1999 best 13.287
  step 550/1999 best 13.354
  step 600/1999 best 13.480
  step 650/1999 best 13.346
  step 700/1999 best 13.657
  step 750/1999 best 13.271
  step 800/1999 best 12.866
  step 850/1999 best 13.627
  step 900/1999 best 13.237
  step 950/1999 best 13.065
  step 1000/1999 best 13.278
  step 1050/1999 best 13.667
  step 1100/1999 best 13.315
  step 1150/1999 best 13.596
  step 1200/1999 best 13.651
  step 1250/1999 best 13.352
  step 1300/1999 best 13.433
  step 1350/1999 best 13.548
  step 1400/1999 best 13.243
  step 1450/1999 best 13.302
  step 1500/1999 best 13.358
  step 1550/1999 best 12.711
  step 1600/1999 best 13.499
  step 1650/1999 best 13.356
  step 1700/1999 best 13.319
  step 1750/1999 best 13.475
  step 1800/1999 best 13.455
  step 1850/1999 best 13.353
  step 1900/1999 best 13.401
  step 1950/1999 best 13.131
saved SBC_CHAINS_cnn_vmim__n1_seed_s4_sim2938_row2533327_noise9583_9762_113 (240000, 4) acc=0.304
  step 0/1999 best -22.922
  step 50/1999 best 4.234
  step 100/1999 best 15.430
  step 150/1999 best 15.682
  step 200/1999 best 16.235
  step 250/1999 best 16.628
  step 300/1999 best 16.437
  step 350/1999 best 16.436
  step 400/1999 best 16.610
  step 450/1999 best 16.509
  step 500/1999 best 16.491
  step 550/1999 best 16.402
  step 600/1999 best 16.541
  step 650/1999 best 16.459
  step 700/1999 best 16.614
  step 750/1999 best 16.576
  step 800/1999 best 16.367
  step 850/1999 best 16.384
  step 900/1999 best 16.520
  step 950/1999 best 16.438
  step 1000/1999 best 16.567
  step 1050/1999 best 16.554
  step 1100/1999 best 16.501
  step 1150/1999 best 16.522
  step 1200/1999 best 16.475
  step 1250/1999 best 16.576
  step 1300/1999 best 16.563
  step 1350/1999 best 16.462
  step 1400/1999 best 16.412
  step 1450/1999 best 16.625
  step 1500/1999 best 16.607
  step 1550/1999 best 16.440
  step 1600/1999 best 16.489
  step 1650/1999 best 16.547
  step 1700/1999 best 16.541
  step 1750/1999 best 16.602
  step 1800/1999 best 16.571
  step 1850/1999 best 16.512
  step 1900/1999 best 16.479
  step 1950/1999 best 16.393
saved SBC_CHAINS_cnn_vmim__n1_seed_s4_sim206_row192393_noise5_184_363 (240000, 4) acc=0.294
  step 0/1999 best -12.521
  step 50/1999 best 3.560
  step 100/1999 best 11.986
  step 150/1999 best 13.108
  step 200/1999 best 15.397
  step 250/1999 best 15.777
  step 300/1999 best 16.027
  step 350/1999 best 16.103
  step 400/1999 best 16.219
  step 450/1999 best 16.085
  step 500/1999 best 16.217
  step 550/1999 best 16.213
  step 600/1999 best 16.308
  step 650/1999 best 16.238
  step 700/1999 best 16.210
  step 750/1999 best 16.265
  step 800/1999 best 16.228
  step 850/1999 best 16.245
  step 900/1999 best 16.292
  step 950/1999 best 16.311
  step 1000/1999 best 16.092
  step 1050/1999 best 16.331
  step 1100/1999 best 16.036
  step 1150/1999 best 16.073
  step 1200/1999 best 16.253
  step 1250/1999 best 16.313
  step 1300/1999 best 16.360
  step 1350/1999 best 16.292
  step 1400/1999 best 16.174
  step 1450/1999 best 16.055
  step 1500/1999 best 16.172
  step 1550/1999 best 16.231
  step 1600/1999 best 16.278
  step 1650/1999 best 16.170
  step 1700/1999 best 16.172
  step 1750/1999 best 16.278
  step 1800/1999 best 16.249
  step 1850/1999 best 16.363
  step 1900/1999 best 16.325
  step 1950/1999 best 16.207
saved SBC_CHAINS_cnn_vmim__n1_seed_s4_sim1201_row1019064_noise2048_2227_2406 (240000, 4) acc=0.325
  step 0/1999 best -14.754
  step 50/1999 best 1.079
  step 100/1999 best 11.111
  step 150/1999 best 14.782
  step 200/1999 best 15.080
  step 250/1999 best 15.213
  step 300/1999 best 14.864
  step 350/1999 best 15.179
  step 400/1999 best 15.230
  step 450/1999 best 15.114
  step 500/1999 best 15.068
  step 550/1999 best 15.022
  step 600/1999 best 15.253
  step 650/1999 best 15.026
  step 700/1999 best 15.202
  step 750/1999 best 15.070
  step 800/1999 best 15.063
  step 850/1999 best 14.982
  step 900/1999 best 15.150
  step 950/1999 best 15.060
  step 1000/1999 best 15.098
  step 1050/1999 best 14.941
  step 1100/1999 best 15.088
  step 1150/1999 best 15.203
  step 1200/1999 best 15.096
  step 1250/1999 best 14.943
  step 1300/1999 best 15.047
  step 1350/1999 best 15.015
  step 1400/1999 best 15.222
  step 1450/1999 best 15.153
  step 1500/1999 best 15.124
  step 1550/1999 best 15.105
  step 1600/1999 best 14.954
  step 1650/1999 best 15.193
  step 1700/1999 best 15.268
  step 1750/1999 best 15.135
  step 1800/1999 best 15.211
  step 1850/1999 best 15.211
  step 1900/1999 best 15.240
  step 1950/1999 best 15.040
saved SBC_CHAINS_cnn_vmim__n1_seed_s4_sim2065_row1675503_noise1623_1802_1981 (240000, 4) acc=0.284
  step 0/1999 best -16.931
  step 50/1999 best 1.063
  step 100/1999 best 11.662
  step 150/1999 best 13.500
  step 200/1999 best 12.237
  step 250/1999 best 13.391
  step 300/1999 best 13.273
  step 350/1999 best 13.552
  step 400/1999 best 13.417
  step 450/1999 best 13.374
  step 500/1999 best 13.515
  step 550/1999 best 13.374
  step 600/1999 best 13.504
  step 650/1999 best 13.571
  step 700/1999 best 13.645
  step 750/1999 best 13.406
  step 800/1999 best 13.371
  step 850/1999 best 13.357
  step 900/1999 best 13.369
  step 950/1999 best 12.831
  step 1000/1999 best 13.418
  step 1050/1999 best 13.474
  step 1100/1999 best 13.525
  step 1150/1999 best 13.519
  step 1200/1999 best 13.325
  step 1250/1999 best 13.476
  step 1300/1999 best 13.238
  step 1350/1999 best 13.489
  step 1400/1999 best 13.594
  step 1450/1999 best 13.367
  step 1500/1999 best 13.435
  step 1550/1999 best 13.343
  step 1600/1999 best 13.290
  step 1650/1999 best 13.410
  step 1700/1999 best 13.624
  step 1750/1999 best 13.399
  step 1800/1999 best 13.325
  step 1850/1999 best 13.385
  step 1900/1999 best 13.485
  step 1950/1999 best 13.484
saved SBC_CHAINS_cnn_vmim__n1_seed_s4_sim3008_row2603041_noise673_852_1031 (240000, 4) acc=0.243
  step 0/1999 best -15.382
  step 50/1999 best -7.755
  step 100/1999 best 9.069
  step 150/1999 best 8.409
  step 200/1999 best 8.131
  step 250/1999 best 8.131
  step 300/1999 best 10.761
  step 350/1999 best 10.277
  step 400/1999 best 10.091
  step 450/1999 best 10.247
  step 500/1999 best 10.419
  step 550/1999 best 11.200
  step 600/1999 best 11.144
  step 650/1999 best 11.270
  step 700/1999 best 11.343
  step 750/1999 best 11.330
  step 800/1999 best 11.421
  step 850/1999 best 11.242
  step 900/1999 best 11.375
  step 950/1999 best 11.461
  step 1000/1999 best 11.311
  step 1050/1999 best 11.263
  step 1100/1999 best 11.449
  step 1150/1999 best 10.811
  step 1200/1999 best 11.316
  step 1250/1999 best 10.937
  step 1300/1999 best 10.978
  step 1350/1999 best 11.156
  step 1400/1999 best 11.487
  step 1450/1999 best 11.268
  step 1500/1999 best 11.451
  step 1550/1999 best 11.236
  step 1600/1999 best 11.155
  step 1650/1999 best 11.141
  step 1700/1999 best 11.166
  step 1750/1999 best 11.159
  step 1800/1999 best 11.269
  step 1850/1999 best 11.234
  step 1900/1999 best 11.077
  step 1950/1999 best 11.202
saved SBC_CHAINS_cnn_vmim__n1_seed_s4_sim2929_row2524008_noise264_443_622 (240000, 4) acc=0.259
  step 0/1999 best -26.251
  step 50/1999 best -4.931
  step 100/1999 best 1.681
  step 150/1999 best 1.456
  step 200/1999 best 7.201
  step 250/1999 best 10.601
  step 300/1999 best 12.041
  step 350/1999 best 13.160
  step 400/1999 best 14.754
  step 450/1999 best 14.466
  step 500/1999 best 15.343
  step 550/1999 best 15.343
  step 600/1999 best 15.498
  step 650/1999 best 14.316
  step 700/1999 best 14.905
  step 750/1999 best 15.349
  step 800/1999 best 15.024
  step 850/1999 best 15.542
  step 900/1999 best 15.890
  step 950/1999 best 16.012
  step 1000/1999 best 15.811
  step 1050/1999 best 15.788
  step 1100/1999 best 15.696
  step 1150/1999 best 15.590
  step 1200/1999 best 15.996
  step 1250/1999 best 15.557
  step 1300/1999 best 15.688
  step 1350/1999 best 15.650
  step 1400/1999 best 15.866
  step 1450/1999 best 15.878
  step 1500/1999 best 15.716
  step 1550/1999 best 15.581
  step 1600/1999 best 15.582
  step 1650/1999 best 15.875
  step 1700/1999 best 15.584
  step 1750/1999 best 15.854
  step 1800/1999 best 15.922
  step 1850/1999 best 15.801
  step 1900/1999 best 15.841
  step 1950/1999 best 15.676
saved SBC_CHAINS_cnn_vmim__n1_seed_s4_sim1264_row1082552_noise6568_6747_6926 (240000, 4) acc=0.132
  step 0/1999 best -24.947
  step 50/1999 best 2.595
  step 100/1999 best 4.264
  step 150/1999 best 12.359
  step 200/1999 best 13.049
  step 250/1999 best 13.775
  step 300/1999 best 14.084
  step 350/1999 best 14.269
  step 400/1999 best 14.306
  step 450/1999 best 14.241
  step 500/1999 best 14.320
  step 550/1999 best 14.144
  step 600/1999 best 14.401
  step 650/1999 best 14.203
  step 700/1999 best 14.232
  step 750/1999 best 14.294
  step 800/1999 best 14.300
  step 850/1999 best 14.024
  step 900/1999 best 13.949
  step 950/1999 best 14.308
  step 1000/1999 best 14.268
  step 1050/1999 best 14.195
  step 1100/1999 best 14.243
  step 1150/1999 best 14.298
  step 1200/1999 best 14.373
  step 1250/1999 best 14.351
  step 1300/1999 best 14.317
  step 1350/1999 best 14.334
  step 1400/1999 best 14.197
  step 1450/1999 best 14.239
  step 1500/1999 best 14.239
  step 1550/1999 best 14.298
  step 1600/1999 best 14.315
  step 1650/1999 best 14.236
  step 1700/1999 best 14.381
  step 1750/1999 best 14.412
  step 1800/1999 best 14.340
  step 1850/1999 best 14.300
  step 1900/1999 best 14.191
  step 1950/1999 best 14.302
saved SBC_CHAINS_cnn_vmim__n1_seed_s4_sim141_row132604_noise4012_4191_4370 (240000, 4) acc=0.223
  step 0/1999 best -17.648
  step 50/1999 best 5.058
  step 100/1999 best 16.439
  step 150/1999 best 15.902
  step 200/1999 best 16.516
  step 250/1999 best 16.397
  step 300/1999 best 16.533
  step 350/1999 best 16.533
  step 400/1999 best 16.575
  step 450/1999 best 16.673
  step 500/1999 best 16.553
  step 550/1999 best 16.538
  step 600/1999 best 16.502
  step 650/1999 best 16.516
  step 700/1999 best 16.546
  step 750/1999 best 16.674
  step 800/1999 best 16.586
  step 850/1999 best 16.557
  step 900/1999 best 16.444
  step 950/1999 best 16.453
  step 1000/1999 best 16.550
  step 1050/1999 best 16.560
  step 1100/1999 best 16.633
  step 1150/1999 best 16.529
  step 1200/1999 best 16.507
  step 1250/1999 best 16.358
  step 1300/1999 best 16.430
  step 1350/1999 best 16.527
  step 1400/1999 best 16.650
  step 1450/1999 best 16.582
  step 1500/1999 best 16.491
  step 1550/1999 best 16.680
  step 1600/1999 best 16.586
  step 1650/1999 best 16.493
  step 1700/1999 best 16.558
  step 1750/1999 best 16.561
  step 1800/1999 best 16.568
  step 1850/1999 best 16.622
  step 1900/1999 best 16.669
  step 1950/1999 best 16.578
saved SBC_CHAINS_cnn_vmim__n1_seed_s4_sim1363_row1171602_noise7338_7517_7696 (240000, 4) acc=0.363
  step 0/1999 best -5.036
  step 50/1999 best 10.468
  step 100/1999 best 10.468
  step 150/1999 best 14.082
  step 200/1999 best 12.822
  step 250/1999 best 13.293
  step 300/1999 best 14.555
  step 350/1999 best 14.487
  step 400/1999 best 13.399
  step 450/1999 best 14.084
  step 500/1999 best 14.462
  step 550/1999 best 14.704
  step 600/1999 best 14.512
  step 650/1999 best 14.798
  step 700/1999 best 14.729
  step 750/1999 best 14.671
  step 800/1999 best 14.640
  step 850/1999 best 14.646
  step 900/1999 best 14.642
  step 950/1999 best 14.002
  step 1000/1999 best 14.106
  step 1050/1999 best 14.476
  step 1100/1999 best 14.576
  step 1150/1999 best 14.472
  step 1200/1999 best 14.769
  step 1250/1999 best 14.517
  step 1300/1999 best 14.599
  step 1350/1999 best 14.664
  step 1400/1999 best 14.329
  step 1450/1999 best 14.008
  step 1500/1999 best 14.227
  step 1550/1999 best 14.710
  step 1600/1999 best 14.651
  step 1650/1999 best 14.695
  step 1700/1999 best 14.330
  step 1750/1999 best 14.393
  step 1800/1999 best 14.715
  step 1850/1999 best 14.199
  step 1900/1999 best 14.644
  step 1950/1999 best 14.419
saved SBC_CHAINS_cnn_vmim__n1_seed_s4_sim874_row823884_noise192_371_550 (240000, 4) acc=0.119
  step 0/1999 best -21.764
  step 50/1999 best 8.266
  step 100/1999 best 12.630
  step 150/1999 best 15.227
  step 200/1999 best 15.839
  step 250/1999 best 16.123
  step 300/1999 best 16.139
  step 350/1999 best 16.202
  step 400/1999 best 16.215
  step 450/1999 best 16.264
  step 500/1999 best 16.078
  step 550/1999 best 16.255
  step 600/1999 best 16.214
  step 650/1999 best 16.241
  step 700/1999 best 16.280
  step 750/1999 best 16.275
  step 800/1999 best 16.365
  step 850/1999 best 16.193
  step 900/1999 best 16.128
  step 950/1999 best 16.274
  step 1000/1999 best 16.349
  step 1050/1999 best 16.294
  step 1100/1999 best 16.299
  step 1150/1999 best 16.357
  step 1200/1999 best 16.285
  step 1250/1999 best 16.315
  step 1300/1999 best 16.345
  step 1350/1999 best 16.277
  step 1400/1999 best 16.364
  step 1450/1999 best 16.211
  step 1500/1999 best 16.185
  step 1550/1999 best 16.310
  step 1600/1999 best 16.260
  step 1650/1999 best 16.325
  step 1700/1999 best 16.287
  step 1750/1999 best 16.187
  step 1800/1999 best 16.306
  step 1850/1999 best 16.291
  step 1900/1999 best 16.160
  step 1950/1999 best 16.301
saved SBC_CHAINS_cnn_vmim__n1_seed_s4_sim1514_row1291098_noise586_765_944 (240000, 4) acc=0.287
  step 0/1999 best -22.540
  step 50/1999 best 2.110
  step 100/1999 best 11.675
  step 150/1999 best 12.051
  step 200/1999 best 12.348
  step 250/1999 best 12.784
  step 300/1999 best 13.045
  step 350/1999 best 13.121
  step 400/1999 best 12.893
  step 450/1999 best 12.964
  step 500/1999 best 12.843
  step 550/1999 best 13.108
  step 600/1999 best 12.990
  step 650/1999 best 12.903
  step 700/1999 best 12.879
  step 750/1999 best 12.921
  step 800/1999 best 12.522
  step 850/1999 best 12.965
  step 900/1999 best 12.898
  step 950/1999 best 12.866
  step 1000/1999 best 12.963
  step 1050/1999 best 12.905
  step 1100/1999 best 13.067
  step 1150/1999 best 12.942
  step 1200/1999 best 13.007
  step 1250/1999 best 13.059
  step 1300/1999 best 13.013
  step 1350/1999 best 12.808
  step 1400/1999 best 13.010
  step 1450/1999 best 13.087
  step 1500/1999 best 13.129
  step 1550/1999 best 12.924
  step 1600/1999 best 13.017
  step 1650/1999 best 13.099
  step 1700/1999 best 13.042
  step 1750/1999 best 13.011
  step 1800/1999 best 12.991
  step 1850/1999 best 12.942
  step 1900/1999 best 13.025
  step 1950/1999 best 13.043
saved SBC_CHAINS_cnn_vmim__n1_seed_s4_sim1225_row1043665_noise6993_7172_7351 (240000, 4) acc=0.235
  step 0/1999 best -15.800
  step 50/1999 best 3.240
  step 100/1999 best 10.075
  step 150/1999 best 10.388
  step 200/1999 best 12.361
  step 250/1999 best 13.076
  step 300/1999 best 12.951
  step 350/1999 best 12.925
  step 400/1999 best 12.815
  step 450/1999 best 12.811
  step 500/1999 best 13.066
  step 550/1999 best 12.870
  step 600/1999 best 12.982
  step 650/1999 best 12.970
  step 700/1999 best 12.821
  step 750/1999 best 13.164
  step 800/1999 best 13.008
  step 850/1999 best 13.112
  step 900/1999 best 12.867
  step 950/1999 best 12.846
  step 1000/1999 best 13.011
  step 1050/1999 best 12.925
  step 1100/1999 best 12.885
  step 1150/1999 best 12.778
  step 1200/1999 best 12.854
  step 1250/1999 best 13.013
  step 1300/1999 best 12.976
  step 1350/1999 best 13.104
  step 1400/1999 best 13.107
  step 1450/1999 best 12.902
  step 1500/1999 best 12.840
  step 1550/1999 best 13.098
  step 1600/1999 best 12.966
  step 1650/1999 best 13.142
  step 1700/1999 best 13.057
  step 1750/1999 best 13.091
  step 1800/1999 best 13.176
  step 1850/1999 best 13.049
  step 1900/1999 best 12.975
  step 1950/1999 best 12.954
saved SBC_CHAINS_cnn_vmim__n1_seed_s4_sim3001_row2596732_noise4192_4371_4550 (240000, 4) acc=0.160
  step 0/1999 best -17.585
  step 50/1999 best 7.168
  step 100/1999 best 13.575
  step 150/1999 best 13.761
  step 200/1999 best 13.139
  step 250/1999 best 13.800
  step 300/1999 best 13.985
  step 350/1999 best 14.259
  step 400/1999 best 14.079
  step 450/1999 best 14.231
  step 500/1999 best 14.078
  step 550/1999 best 14.227
  step 600/1999 best 14.319
  step 650/1999 best 14.306
  step 700/1999 best 14.259
  step 750/1999 best 14.347
  step 800/1999 best 14.071
  step 850/1999 best 14.265
  step 900/1999 best 14.116
  step 950/1999 best 14.120
  step 1000/1999 best 14.264
  step 1050/1999 best 14.347
  step 1100/1999 best 14.098
  step 1150/1999 best 14.180
  step 1200/1999 best 14.152
  step 1250/1999 best 13.976
  step 1300/1999 best 14.223
  step 1350/1999 best 14.290
  step 1400/1999 best 14.077
  step 1450/1999 best 14.290
  step 1500/1999 best 14.259
  step 1550/1999 best 14.252
  step 1600/1999 best 14.285
  step 1650/1999 best 14.130
  step 1700/1999 best 14.236
  step 1750/1999 best 14.176
  step 1800/1999 best 14.085
  step 1850/1999 best 14.167
  step 1900/1999 best 14.223
  step 1950/1999 best 14.228
saved SBC_CHAINS_cnn_vmim__n1_seed_s4_sim3062_row2657615_noise6107_6286_6465 (240000, 4) acc=0.199
  step 0/1999 best -16.725
  step 50/1999 best -2.822
  step 100/1999 best -3.169
  step 150/1999 best 3.917
  step 200/1999 best 3.954
  step 250/1999 best 3.657
  step 300/1999 best 8.466
  step 350/1999 best 8.466
  step 400/1999 best 12.885
  step 450/1999 best 13.352
  step 500/1999 best 15.359
  step 550/1999 best 15.643
  step 600/1999 best 15.752
  step 650/1999 best 16.282
  step 700/1999 best 16.166
  step 750/1999 best 16.245
  step 800/1999 best 16.452
  step 850/1999 best 16.172
  step 900/1999 best 16.304
  step 950/1999 best 16.386
  step 1000/1999 best 16.410
  step 1050/1999 best 16.378
  step 1100/1999 best 16.424
  step 1150/1999 best 16.527
  step 1200/1999 best 16.406
  step 1250/1999 best 16.186
  step 1300/1999 best 16.357
  step 1350/1999 best 16.367
  step 1400/1999 best 16.419
  step 1450/1999 best 16.374
  step 1500/1999 best 16.552
  step 1550/1999 best 16.395
  step 1600/1999 best 16.348
  step 1650/1999 best 16.280
  step 1700/1999 best 16.538
  step 1750/1999 best 16.523
  step 1800/1999 best 16.496
  step 1850/1999 best 16.306
  step 1900/1999 best 16.457
  step 1950/1999 best 16.489
saved SBC_CHAINS_cnn_vmim__n1_seed_s4_sim723_row672957_noise6513_6692_6871 (240000, 4) acc=0.171
  step 0/1999 best -15.590
  step 50/1999 best -5.183
  step 100/1999 best -5.468
  step 150/1999 best 7.113
  step 200/1999 best 7.133
  step 250/1999 best 6.445
  step 300/1999 best 9.265
  step 350/1999 best 7.074
  step 400/1999 best 7.074
  step 450/1999 best 12.360
  step 500/1999 best 12.360
  step 550/1999 best 12.230
  step 600/1999 best 12.356
  step 650/1999 best 11.239
  step 700/1999 best 11.239
  step 750/1999 best 10.386
  step 800/1999 best 11.042
  step 850/1999 best 10.011
  step 900/1999 best 10.627
  step 950/1999 best 12.269
  step 1000/1999 best 11.666
  step 1050/1999 best 12.148
  step 1100/1999 best 12.726
  step 1150/1999 best 12.736
  step 1200/1999 best 12.374
  step 1250/1999 best 12.456
  step 1300/1999 best 12.619
  step 1350/1999 best 12.223
  step 1400/1999 best 12.724
  step 1450/1999 best 12.632
  step 1500/1999 best 12.772
  step 1550/1999 best 12.659
  step 1600/1999 best 12.760
  step 1650/1999 best 12.733
  step 1700/1999 best 12.890
  step 1750/1999 best 12.868
  step 1800/1999 best 12.725
  step 1850/1999 best 12.517
  step 1900/1999 best 12.735
  step 1950/1999 best 12.794
saved SBC_CHAINS_cnn_vmim__n1_seed_s4_sim2827_row2422923_noise7287_7466_7645 (240000, 4) acc=0.176
  step 0/1999 best -10.624
  step 50/1999 best 7.954
  step 100/1999 best 10.927
  step 150/1999 best 11.792
  step 200/1999 best 13.806
  step 250/1999 best 13.803
  step 300/1999 best 14.246
  step 350/1999 best 14.204
  step 400/1999 best 14.146
  step 450/1999 best 14.036
  step 500/1999 best 14.320
  step 550/1999 best 14.284
  step 600/1999 best 14.258
  step 650/1999 best 14.134
  step 700/1999 best 14.322
  step 750/1999 best 14.249
  step 800/1999 best 14.230
  step 850/1999 best 14.197
  step 900/1999 best 14.321
  step 950/1999 best 14.292
  step 1000/1999 best 14.172
  step 1050/1999 best 14.205
  step 1100/1999 best 14.210
  step 1150/1999 best 14.287
  step 1200/1999 best 14.338
  step 1250/1999 best 14.271
  step 1300/1999 best 14.181
  step 1350/1999 best 14.255
  step 1400/1999 best 14.292
  step 1450/1999 best 14.238
  step 1500/1999 best 14.294
  step 1550/1999 best 14.302
  step 1600/1999 best 14.135
  step 1650/1999 best 14.189
  step 1700/1999 best 14.118
  step 1750/1999 best 14.232
  step 1800/1999 best 14.342
  step 1850/1999 best 14.244
  step 1900/1999 best 14.337
  step 1950/1999 best 14.288
saved SBC_CHAINS_cnn_vmim__n1_seed_s4_sim1759_row1512199_noise9815_166_345 (240000, 4) acc=0.251
  step 0/1999 best -20.020
  step 50/1999 best -8.108
  step 100/1999 best 2.855
  step 150/1999 best 2.812
  step 200/1999 best 3.987
  step 250/1999 best 13.682
  step 300/1999 best 12.593
  step 350/1999 best 14.568
  step 400/1999 best 13.328
  step 450/1999 best 14.496
  step 500/1999 best 14.544
  step 550/1999 best 14.780
  step 600/1999 best 14.541
  step 650/1999 best 14.345
  step 700/1999 best 14.737
  step 750/1999 best 14.550
  step 800/1999 best 14.800
  step 850/1999 best 14.800
  step 900/1999 best 14.683
  step 950/1999 best 14.640
  step 1000/1999 best 14.804
  step 1050/1999 best 14.486
  step 1100/1999 best 14.905
  step 1150/1999 best 14.873
  step 1200/1999 best 14.792
  step 1250/1999 best 14.637
  step 1300/1999 best 14.898
  step 1350/1999 best 14.464
  step 1400/1999 best 14.772
  step 1450/1999 best 14.565
  step 1500/1999 best 14.539
  step 1550/1999 best 14.604
  step 1600/1999 best 14.586
  step 1650/1999 best 14.865
  step 1700/1999 best 14.261
  step 1750/1999 best 14.689
  step 1800/1999 best 14.758
  step 1850/1999 best 14.546
  step 1900/1999 best 14.721
  step 1950/1999 best 14.569
saved SBC_CHAINS_cnn_vmim__n1_seed_s4_sim3010_row2605183_noise2815_2994_3173 (240000, 4) acc=0.299
  step 0/1999 best -16.114
  step 50/1999 best -5.783
  step 100/1999 best -5.633
  step 150/1999 best -5.768
  step 200/1999 best 1.069
  step 250/1999 best 1.069
  step 300/1999 best 1.069
  step 350/1999 best 1.069
  step 400/1999 best 1.422
  step 450/1999 best 3.439
  step 500/1999 best 4.302
  step 550/1999 best 4.511
  step 600/1999 best 5.846
  step 650/1999 best 10.738
  step 700/1999 best 10.742
  step 750/1999 best 10.742
  step 800/1999 best 10.742
  step 850/1999 best 10.712
  step 900/1999 best 10.584
  step 950/1999 best 10.550
  step 1000/1999 best 10.716
  step 1050/1999 best 10.564
  step 1100/1999 best 10.990
  step 1150/1999 best 10.990
  step 1200/1999 best 10.683
  step 1250/1999 best 11.402
  step 1300/1999 best 11.402
  step 1350/1999 best 11.228
  step 1400/1999 best 11.228
  step 1450/1999 best 11.373
  step 1500/1999 best 11.373
  step 1550/1999 best 11.373
  step 1600/1999 best 11.645
  step 1650/1999 best 11.519
  step 1700/1999 best 11.519
  step 1750/1999 best 11.519
  step 1800/1999 best 11.519
  step 1850/1999 best 11.324
  step 1900/1999 best 11.223
  step 1950/1999 best 11.222
saved SBC_CHAINS_cnn_vmim__n1_seed_s4_sim2950_row2545858_noise2458_2637_2816 (240000, 4) acc=0.404
  step 0/1999 best -21.761
  step 50/1999 best -6.653
  step 100/1999 best 6.575
  step 150/1999 best 8.484
  step 200/1999 best 13.776
  step 250/1999 best 14.492
  step 300/1999 best 14.928
  step 350/1999 best 14.919
  step 400/1999 best 14.660
  step 450/1999 best 14.990
  step 500/1999 best 15.141
  step 550/1999 best 15.201
  step 600/1999 best 15.163
  step 650/1999 best 14.816
  step 700/1999 best 14.723
  step 750/1999 best 14.967
  step 800/1999 best 15.086
  step 850/1999 best 14.984
  step 900/1999 best 15.104
  step 950/1999 best 15.086
  step 1000/1999 best 15.043
  step 1050/1999 best 14.973
  step 1100/1999 best 14.908
  step 1150/1999 best 14.996
  step 1200/1999 best 14.998
  step 1250/1999 best 15.061
  step 1300/1999 best 14.941
  step 1350/1999 best 15.155
  step 1400/1999 best 15.089
  step 1450/1999 best 14.859
  step 1500/1999 best 15.107
  step 1550/1999 best 15.148
  step 1600/1999 best 15.209
  step 1650/1999 best 15.021
  step 1700/1999 best 14.932
  step 1750/1999 best 15.152
  step 1800/1999 best 14.909
  step 1850/1999 best 15.210
  step 1900/1999 best 15.033
  step 1950/1999 best 15.064
saved SBC_CHAINS_cnn_vmim__n1_seed_s4_sim986_row935479_noise3679_3858_4037 (240000, 4) acc=0.136
  step 0/1999 best -16.416
  step 50/1999 best 3.815
  step 100/1999 best 12.977
  step 150/1999 best 15.425
  step 200/1999 best 16.175
  step 250/1999 best 16.474
  step 300/1999 best 16.335
  step 350/1999 best 16.394
  step 400/1999 best 16.481
  step 450/1999 best 16.219
  step 500/1999 best 16.374
  step 550/1999 best 16.259
  step 600/1999 best 16.271
  step 650/1999 best 16.366
  step 700/1999 best 16.225
  step 750/1999 best 16.298
  step 800/1999 best 16.289
  step 850/1999 best 16.406
  step 900/1999 best 16.281
  step 950/1999 best 16.443
  step 1000/1999 best 16.517
  step 1050/1999 best 16.555
  step 1100/1999 best 16.169
  step 1150/1999 best 16.560
  step 1200/1999 best 16.440
  step 1250/1999 best 16.455
  step 1300/1999 best 16.485
  step 1350/1999 best 16.171
  step 1400/1999 best 16.446
  step 1450/1999 best 16.458
  step 1500/1999 best 16.349
  step 1550/1999 best 16.347
  step 1600/1999 best 16.247
  step 1650/1999 best 16.221
  step 1700/1999 best 16.397
  step 1750/1999 best 16.524
  step 1800/1999 best 16.448
  step 1850/1999 best 16.093
  step 1900/1999 best 16.561
  step 1950/1999 best 16.560
saved SBC_CHAINS_cnn_vmim__n1_seed_s4_sim818_row767722_noise2998_3177_3356 (240000, 4) acc=0.160
  step 0/1999 best -22.803
  step 50/1999 best -3.331
  step 100/1999 best 7.004
  step 150/1999 best 6.725
  step 200/1999 best 12.368
  step 250/1999 best 13.338
  step 300/1999 best 13.422
  step 350/1999 best 13.513
  step 400/1999 best 13.421
  step 450/1999 best 13.562
  step 500/1999 best 13.650
  step 550/1999 best 13.338
  step 600/1999 best 13.652
  step 650/1999 best 13.696
  step 700/1999 best 13.273
  step 750/1999 best 13.573
  step 800/1999 best 13.724
  step 850/1999 best 13.542
  step 900/1999 best 13.636
  step 950/1999 best 13.538
  step 1000/1999 best 13.665
  step 1050/1999 best 13.564
  step 1100/1999 best 13.461
  step 1150/1999 best 13.742
  step 1200/1999 best 13.545
  step 1250/1999 best 13.728
  step 1300/1999 best 13.753
  step 1350/1999 best 13.725
  step 1400/1999 best 13.684
  step 1450/1999 best 13.720
  step 1500/1999 best 13.667
  step 1550/1999 best 13.708
  step 1600/1999 best 13.707
  step 1650/1999 best 13.589
  step 1700/1999 best 13.565
  step 1750/1999 best 13.631
  step 1800/1999 best 13.742
  step 1850/1999 best 13.548
  step 1900/1999 best 13.663
  step 1950/1999 best 13.522
saved SBC_CHAINS_cnn_vmim__n1_seed_s4_sim2083_row1693875_noise339_518_697 (240000, 4) acc=0.161
  step 0/1999 best -16.347
  step 50/1999 best 9.579
  step 100/1999 best 9.176
  step 150/1999 best 10.670
  step 200/1999 best 10.670
  step 250/1999 best 12.120
  step 300/1999 best 16.171
  step 350/1999 best 15.921
  step 400/1999 best 16.256
  step 450/1999 best 16.772
  step 500/1999 best 16.675
  step 550/1999 best 16.819
  step 600/1999 best 17.121
  step 650/1999 best 17.116
  step 700/1999 best 17.041
  step 750/1999 best 17.065
  step 800/1999 best 17.073
  step 850/1999 best 17.116
  step 900/1999 best 17.105
  step 950/1999 best 17.079
  step 1000/1999 best 16.909
  step 1050/1999 best 16.960
  step 1100/1999 best 17.106
  step 1150/1999 best 17.084
  step 1200/1999 best 17.073
  step 1250/1999 best 17.206
  step 1300/1999 best 17.067
  step 1350/1999 best 17.065
  step 1400/1999 best 16.930
  step 1450/1999 best 16.921
  step 1500/1999 best 17.178
  step 1550/1999 best 17.137
  step 1600/1999 best 16.979
  step 1650/1999 best 17.167
  step 1700/1999 best 16.933
  step 1750/1999 best 16.945
  step 1800/1999 best 17.022
  step 1850/1999 best 17.069
  step 1900/1999 best 17.111
  step 1950/1999 best 17.020
saved SBC_CHAINS_cnn_vmim__n1_seed_s4_sim111_row110018_noise2910_3089_3268 (240000, 4) acc=0.204
  step 0/1999 best -24.542
  step 50/1999 best -7.832
  step 100/1999 best 0.301
  step 150/1999 best 3.484
  step 200/1999 best 11.709
  step 250/1999 best 13.364
  step 300/1999 best 13.861
  step 350/1999 best 13.917
  step 400/1999 best 13.877
  step 450/1999 best 13.808
  step 500/1999 best 13.556
  step 550/1999 best 13.620
  step 600/1999 best 13.908
  step 650/1999 best 13.645
  step 700/1999 best 13.942
  step 750/1999 best 13.690
  step 800/1999 best 13.899
  step 850/1999 best 13.988
  step 900/1999 best 13.575
  step 950/1999 best 13.662
  step 1000/1999 best 13.958
  step 1050/1999 best 14.016
  step 1100/1999 best 13.677
  step 1150/1999 best 13.863
  step 1200/1999 best 13.996
  step 1250/1999 best 13.937
  step 1300/1999 best 13.887
  step 1350/1999 best 13.949
  step 1400/1999 best 14.000
  step 1450/1999 best 13.624
  step 1500/1999 best 13.861
  step 1550/1999 best 13.723
  step 1600/1999 best 13.863
  step 1650/1999 best 13.921
  step 1700/1999 best 13.949
  step 1750/1999 best 13.986
  step 1800/1999 best 13.993
  step 1850/1999 best 13.948
  step 1900/1999 best 13.960
  step 1950/1999 best 13.837
saved SBC_CHAINS_cnn_vmim__n1_seed_s4_sim2979_row2574938_noise2054_2233_2412 (240000, 4) acc=0.144
  step 0/1999 best -24.031
  step 50/1999 best 4.305
  step 100/1999 best 12.387
  step 150/1999 best 13.753
  step 200/1999 best 13.813
  step 250/1999 best 13.690
  step 300/1999 best 13.692
  step 350/1999 best 13.887
  step 400/1999 best 13.858
  step 450/1999 best 13.886
  step 500/1999 best 13.997
  step 550/1999 best 13.967
  step 600/1999 best 13.899
  step 650/1999 best 13.911
  step 700/1999 best 13.976
  step 750/1999 best 13.817
  step 800/1999 best 13.670
  step 850/1999 best 13.806
  step 900/1999 best 13.884
  step 950/1999 best 13.691
  step 1000/1999 best 13.916
  step 1050/1999 best 13.885
  step 1100/1999 best 13.866
  step 1150/1999 best 13.791
  step 1200/1999 best 13.766
  step 1250/1999 best 13.979
  step 1300/1999 best 14.021
  step 1350/1999 best 13.774
  step 1400/1999 best 13.823
  step 1450/1999 best 14.001
  step 1500/1999 best 13.878
  step 1550/1999 best 13.914
  step 1600/1999 best 13.698
  step 1650/1999 best 13.907
  step 1700/1999 best 13.845
  step 1750/1999 best 13.952
  step 1800/1999 best 13.958
  step 1850/1999 best 13.863
  step 1900/1999 best 13.761
  step 1950/1999 best 14.038
saved SBC_CHAINS_cnn_vmim__n1_seed_s4_sim2005_row1616667_noise755_934_1113 (240000, 4) acc=0.205
  step 0/1999 best -20.413
  step 50/1999 best -9.337
  step 100/1999 best -2.787
  step 150/1999 best -0.362
  step 200/1999 best 0.637
  step 250/1999 best 5.173
  step 300/1999 best 10.077
  step 350/1999 best 12.083
  step 400/1999 best 13.709
  step 450/1999 best 13.711
  step 500/1999 best 14.325
  step 550/1999 best 13.864
  step 600/1999 best 14.388
  step 650/1999 best 14.012
  step 700/1999 best 14.399
  step 750/1999 best 14.193
  step 800/1999 best 14.071
  step 850/1999 best 14.436
  step 900/1999 best 13.708
  step 950/1999 best 14.264
  step 1000/1999 best 14.196
  step 1050/1999 best 13.906
  step 1100/1999 best 14.289
  step 1150/1999 best 14.251
  step 1200/1999 best 14.429
  step 1250/1999 best 14.277
  step 1300/1999 best 14.080
  step 1350/1999 best 14.102
  step 1400/1999 best 14.025
  step 1450/1999 best 13.968
  step 1500/1999 best 14.103
  step 1550/1999 best 14.436
  step 1600/1999 best 14.330
  step 1650/1999 best 14.231
  step 1700/1999 best 14.358
  step 1750/1999 best 14.213
  step 1800/1999 best 14.023
  step 1850/1999 best 14.431
  step 1900/1999 best 14.443
  step 1950/1999 best 14.164
saved SBC_CHAINS_cnn_vmim__n1_seed_s4_sim766_row715217_noise9461_9640_9819 (240000, 4) acc=0.099
  step 0/1999 best -22.451
  step 50/1999 best 7.405
  step 100/1999 best 12.365
  step 150/1999 best 13.406
  step 200/1999 best 13.457
  step 250/1999 best 13.481
  step 300/1999 best 13.587
  step 350/1999 best 13.683
  step 400/1999 best 13.900
  step 450/1999 best 13.794
  step 500/1999 best 13.830
  step 550/1999 best 13.942
  step 600/1999 best 13.863
  step 650/1999 best 13.865
  step 700/1999 best 13.801
  step 750/1999 best 13.965
  step 800/1999 best 13.852
  step 850/1999 best 13.934
  step 900/1999 best 13.903
  step 950/1999 best 13.816
  step 1000/1999 best 13.896
  step 1050/1999 best 13.954
  step 1100/1999 best 13.932
  step 1150/1999 best 13.672
  step 1200/1999 best 13.845
  step 1250/1999 best 13.931
  step 1300/1999 best 13.841
  step 1350/1999 best 13.625
  step 1400/1999 best 13.841
  step 1450/1999 best 13.904
  step 1500/1999 best 13.788
  step 1550/1999 best 13.995
  step 1600/1999 best 13.852
  step 1650/1999 best 13.912
  step 1700/1999 best 13.639
  step 1750/1999 best 13.747
  step 1800/1999 best 13.920
  step 1850/1999 best 13.685
  step 1900/1999 best 13.859
  step 1950/1999 best 13.842
saved SBC_CHAINS_cnn_vmim__n1_seed_s4_sim1310_row1119233_noise3109_3288_3467 (240000, 4) acc=0.191
  step 0/1999 best -20.097
  step 50/1999 best -0.763
  step 100/1999 best 7.472
  step 150/1999 best 7.472
  step 200/1999 best 11.849
  step 250/1999 best 13.642
  step 300/1999 best 13.919
  step 350/1999 best 14.168
  step 400/1999 best 15.056
  step 450/1999 best 15.300
  step 500/1999 best 15.477
  step 550/1999 best 15.290
  step 600/1999 best 15.537
  step 650/1999 best 14.904
  step 700/1999 best 15.418
  step 750/1999 best 15.459
  step 800/1999 best 15.384
  step 850/1999 best 15.319
  step 900/1999 best 15.314
  step 950/1999 best 15.360
  step 1000/1999 best 15.279
  step 1050/1999 best 15.452
  step 1100/1999 best 15.382
  step 1150/1999 best 15.209
  step 1200/1999 best 15.238
  step 1250/1999 best 15.421
  step 1300/1999 best 15.286
  step 1350/1999 best 15.294
  step 1400/1999 best 15.274
  step 1450/1999 best 15.467
  step 1500/1999 best 15.376
  step 1550/1999 best 15.551
  step 1600/1999 best 15.300
  step 1650/1999 best 15.297
  step 1700/1999 best 15.186
  step 1750/1999 best 15.377
  step 1800/1999 best 15.527
  step 1850/1999 best 15.360
  step 1900/1999 best 15.554
  step 1950/1999 best 15.256
saved SBC_CHAINS_cnn_vmim__n1_seed_s4_sim1774_row1526726_noise5686_5865_6044 (240000, 4) acc=0.107
  step 0/1999 best -20.150
  step 50/1999 best -5.797
  step 100/1999 best -0.150
  step 150/1999 best 10.839
  step 200/1999 best 13.840
  step 250/1999 best 13.238
  step 300/1999 best 13.389
  step 350/1999 best 14.452
  step 400/1999 best 13.805
  step 450/1999 best 14.277
  step 500/1999 best 14.528
  step 550/1999 best 14.579
  step 600/1999 best 14.776
  step 650/1999 best 14.815
  step 700/1999 best 14.575
  step 750/1999 best 14.552
  step 800/1999 best 14.658
  step 850/1999 best 14.302
  step 900/1999 best 14.684
  step 950/1999 best 14.325
  step 1000/1999 best 14.721
  step 1050/1999 best 14.930
  step 1100/1999 best 14.848
  step 1150/1999 best 14.855
  step 1200/1999 best 14.739
  step 1250/1999 best 14.849
  step 1300/1999 best 14.629
  step 1350/1999 best 14.602
  step 1400/1999 best 14.823
  step 1450/1999 best 14.669
  step 1500/1999 best 14.588
  step 1550/1999 best 14.770
  step 1600/1999 best 14.810
  step 1650/1999 best 14.847
  step 1700/1999 best 14.913
  step 1750/1999 best 14.678
  step 1800/1999 best 14.723
  step 1850/1999 best 14.786
  step 1900/1999 best 14.730
  step 1950/1999 best 14.560
saved SBC_CHAINS_cnn_vmim__n1_seed_s4_sim3070_row2665465_noise4129_4308_4487 (240000, 4) acc=0.134
  step 0/1999 best -22.463
  step 50/1999 best 5.384
  step 100/1999 best 9.672
  step 150/1999 best 8.955
  step 200/1999 best 8.585
  step 250/1999 best 8.023
  step 300/1999 best 11.768
  step 350/1999 best 11.241
  step 400/1999 best 11.495
  step 450/1999 best 12.116
  step 500/1999 best 12.070
  step 550/1999 best 12.475
  step 600/1999 best 12.414
  step 650/1999 best 12.206
  step 700/1999 best 12.449
  step 750/1999 best 12.445
  step 800/1999 best 12.516
  step 850/1999 best 12.548
  step 900/1999 best 12.603
  step 950/1999 best 12.556
  step 1000/1999 best 12.392
  step 1050/1999 best 12.543
  step 1100/1999 best 12.525
  step 1150/1999 best 12.455
  step 1200/1999 best 12.269
  step 1250/1999 best 12.510
  step 1300/1999 best 12.352
  step 1350/1999 best 12.381
  step 1400/1999 best 12.363
  step 1450/1999 best 12.426
  step 1500/1999 best 12.504
  step 1550/1999 best 12.478
  step 1600/1999 best 12.445
  step 1650/1999 best 12.522
  step 1700/1999 best 12.510
  step 1750/1999 best 12.475
  step 1800/1999 best 12.562
  step 1850/1999 best 12.597
  step 1900/1999 best 12.437
  step 1950/1999 best 12.606
saved SBC_CHAINS_cnn_vmim__n1_seed_s4_sim2431_row2030034_noise3518_3697_3876 (240000, 4) acc=0.194
  step 0/1999 best -18.042
  step 50/1999 best 8.974
  step 100/1999 best 13.702
  step 150/1999 best 14.843
  step 200/1999 best 15.984
  step 250/1999 best 15.915
  step 300/1999 best 15.959
  step 350/1999 best 15.995
  step 400/1999 best 15.951
  step 450/1999 best 16.064
  step 500/1999 best 15.968
  step 550/1999 best 16.142
  step 600/1999 best 16.053
  step 650/1999 best 16.032
  step 700/1999 best 16.104
  step 750/1999 best 15.960
  step 800/1999 best 16.093
  step 850/1999 best 15.999
  step 900/1999 best 15.979
  step 950/1999 best 16.078
  step 1000/1999 best 16.088
  step 1050/1999 best 15.916
  step 1100/1999 best 16.052
  step 1150/1999 best 16.093
  step 1200/1999 best 16.081
  step 1250/1999 best 16.114
  step 1300/1999 best 15.976
  step 1350/1999 best 15.900
  step 1400/1999 best 16.023
  step 1450/1999 best 16.022
  step 1500/1999 best 15.935
  step 1550/1999 best 16.174
  step 1600/1999 best 16.078
  step 1650/1999 best 15.786
  step 1700/1999 best 16.138
  step 1750/1999 best 15.997
  step 1800/1999 best 16.039
  step 1850/1999 best 15.979
  step 1900/1999 best 16.107
  step 1950/1999 best 15.986
saved SBC_CHAINS_cnn_vmim__n1_seed_s4_sim1508_row1285384_noise4700_4879_5058 (240000, 4) acc=0.252
  step 0/1999 best -29.698
  step 50/1999 best -1.110
  step 100/1999 best -0.481
  step 150/1999 best 2.472
  step 200/1999 best 4.753
  step 250/1999 best 6.411
  step 300/1999 best 13.542
  step 350/1999 best 14.297
  step 400/1999 best 14.436
  step 450/1999 best 14.731
  step 500/1999 best 14.621
  step 550/1999 best 14.864
  step 600/1999 best 14.929
  step 650/1999 best 14.803
  step 700/1999 best 14.723
  step 750/1999 best 14.730
  step 800/1999 best 14.858
  step 850/1999 best 14.473
  step 900/1999 best 14.425
  step 950/1999 best 14.876
  step 1000/1999 best 14.877
  step 1050/1999 best 14.802
  step 1100/1999 best 14.798
  step 1150/1999 best 14.512
  step 1200/1999 best 14.583
  step 1250/1999 best 14.884
  step 1300/1999 best 14.627
  step 1350/1999 best 14.868
  step 1400/1999 best 14.917
  step 1450/1999 best 14.759
  step 1500/1999 best 14.944
  step 1550/1999 best 14.662
  step 1600/1999 best 14.838
  step 1650/1999 best 14.805
  step 1700/1999 best 14.794
  step 1750/1999 best 14.624
  step 1800/1999 best 14.960
  step 1850/1999 best 14.735
  step 1900/1999 best 14.879
  step 1950/1999 best 14.878
saved SBC_CHAINS_cnn_vmim__n1_seed_s4_sim412_row390509_noise9561_9740_91 (240000, 4) acc=0.149
  step 0/1999 best -23.081
  step 50/1999 best -3.524
  step 100/1999 best -2.263
  step 150/1999 best 8.695
  step 200/1999 best 11.362
  step 250/1999 best 11.666
  step 300/1999 best 14.829
  step 350/1999 best 14.598
  step 400/1999 best 16.095
  step 450/1999 best 15.641
  step 500/1999 best 15.623
  step 550/1999 best 16.005
  step 600/1999 best 16.116
  step 650/1999 best 16.808
  step 700/1999 best 16.508
  step 750/1999 best 16.849
  step 800/1999 best 16.624
  step 850/1999 best 16.652
  step 900/1999 best 16.936
  step 950/1999 best 16.680
  step 1000/1999 best 16.954
  step 1050/1999 best 16.944
  step 1100/1999 best 16.879
  step 1150/1999 best 16.817
  step 1200/1999 best 16.785
  step 1250/1999 best 16.755
  step 1300/1999 best 16.836
  step 1350/1999 best 16.941
  step 1400/1999 best 16.843
  step 1450/1999 best 16.773
  step 1500/1999 best 16.783
  step 1550/1999 best 16.816
  step 1600/1999 best 16.812
  step 1650/1999 best 16.793
  step 1700/1999 best 16.865
  step 1750/1999 best 16.917
  step 1800/1999 best 16.946
  step 1850/1999 best 16.905
  step 1900/1999 best 16.481
  step 1950/1999 best 16.686
saved SBC_CHAINS_cnn_vmim__n1_seed_s4_sim1744_row1497801_noise5245_5424_5603 (240000, 4) acc=0.194
  step 0/1999 best -14.702
  step 50/1999 best -2.451
  step 100/1999 best 5.496
  step 150/1999 best 7.853
  step 200/1999 best 12.283
  step 250/1999 best 11.026
  step 300/1999 best 10.046
  step 350/1999 best 12.072
  step 400/1999 best 11.539
  step 450/1999 best 11.973
  step 500/1999 best 12.277
  step 550/1999 best 12.206
  step 600/1999 best 12.441
  step 650/1999 best 12.295
  step 700/1999 best 12.413
  step 750/1999 best 12.367
  step 800/1999 best 12.340
  step 850/1999 best 12.246
  step 900/1999 best 12.266
  step 950/1999 best 12.429
  step 1000/1999 best 12.476
  step 1050/1999 best 11.926
  step 1100/1999 best 12.369
  step 1150/1999 best 12.282
  step 1200/1999 best 12.174
  step 1250/1999 best 12.562
  step 1300/1999 best 12.391
  step 1350/1999 best 12.340
  step 1400/1999 best 12.334
  step 1450/1999 best 12.343
  step 1500/1999 best 12.389
  step 1550/1999 best 12.564
  step 1600/1999 best 12.525
  step 1650/1999 best 12.408
  step 1700/1999 best 12.388
  step 1750/1999 best 12.521
  step 1800/1999 best 11.997
  step 1850/1999 best 12.362
  step 1900/1999 best 12.286
  step 1950/1999 best 11.973
saved SBC_CHAINS_cnn_vmim__n1_seed_s4_sim2833_row2428675_noise3211_3390_3569 (240000, 4) acc=0.166
  step 0/1999 best -24.513
  step 50/1999 best 1.996
  step 100/1999 best 7.257
  step 150/1999 best 11.055
  step 200/1999 best 12.715
  step 250/1999 best 13.048
  step 300/1999 best 13.583
  step 350/1999 best 13.753
  step 400/1999 best 13.624
  step 450/1999 best 13.700
  step 500/1999 best 13.645
  step 550/1999 best 13.504
  step 600/1999 best 13.394
  step 650/1999 best 13.696
  step 700/1999 best 13.586
  step 750/1999 best 13.518
  step 800/1999 best 13.622
  step 850/1999 best 13.756
  step 900/1999 best 13.556
  step 950/1999 best 13.713
  step 1000/1999 best 13.685
  step 1050/1999 best 13.770
  step 1100/1999 best 13.739
  step 1150/1999 best 13.719
  step 1200/1999 best 13.709
  step 1250/1999 best 13.661
  step 1300/1999 best 13.755
  step 1350/1999 best 13.633
  step 1400/1999 best 13.580
  step 1450/1999 best 13.792
  step 1500/1999 best 13.556
  step 1550/1999 best 13.655
  step 1600/1999 best 13.688
  step 1650/1999 best 13.719
  step 1700/1999 best 13.667
  step 1750/1999 best 13.767
  step 1800/1999 best 13.743
  step 1850/1999 best 13.643
  step 1900/1999 best 13.596
  step 1950/1999 best 13.755
saved SBC_CHAINS_cnn_vmim__n1_seed_s4_sim2475_row2074980_noise9152_9331_9510 (240000, 4) acc=0.213
  step 0/1999 best -16.352
  step 50/1999 best 2.903
  step 100/1999 best 12.777
  step 150/1999 best 12.968
  step 200/1999 best 14.126
  step 250/1999 best 14.624
  step 300/1999 best 15.172
  step 350/1999 best 14.869
  step 400/1999 best 15.036
  step 450/1999 best 15.125
  step 500/1999 best 15.080
  step 550/1999 best 15.165
  step 600/1999 best 15.255
  step 650/1999 best 15.275
  step 700/1999 best 15.331
  step 750/1999 best 15.333
  step 800/1999 best 15.189
  step 850/1999 best 15.227
  step 900/1999 best 15.275
  step 950/1999 best 15.311
  step 1000/1999 best 15.356
  step 1050/1999 best 14.935
  step 1100/1999 best 15.226
  step 1150/1999 best 15.250
  step 1200/1999 best 15.257
  step 1250/1999 best 15.373
  step 1300/1999 best 15.306
  step 1350/1999 best 15.115
  step 1400/1999 best 15.160
  step 1450/1999 best 15.116
  step 1500/1999 best 15.371
  step 1550/1999 best 15.417
  step 1600/1999 best 15.303
  step 1650/1999 best 15.380
  step 1700/1999 best 15.396
  step 1750/1999 best 15.371
  step 1800/1999 best 15.462
  step 1850/1999 best 15.356
  step 1900/1999 best 15.320
  step 1950/1999 best 15.332
saved SBC_CHAINS_cnn_vmim__n1_seed_s4_sim963_row912058_noise9742_93_272 (240000, 4) acc=0.161
  step 0/1999 best -21.547
  step 50/1999 best 10.504
  step 100/1999 best 9.677
  step 150/1999 best 10.428
  step 200/1999 best 10.744
  step 250/1999 best 11.104
  step 300/1999 best 11.099
  step 350/1999 best 11.354
  step 400/1999 best 11.359
  step 450/1999 best 11.340
  step 500/1999 best 11.424
  step 550/1999 best 11.340
  step 600/1999 best 11.263
  step 650/1999 best 11.141
  step 700/1999 best 11.287
  step 750/1999 best 11.149
  step 800/1999 best 11.395
  step 850/1999 best 11.347
  step 900/1999 best 11.281
  step 950/1999 best 11.145
  step 1000/1999 best 11.287
  step 1050/1999 best 11.327
  step 1100/1999 best 11.354
  step 1150/1999 best 11.327
  step 1200/1999 best 11.306
  step 1250/1999 best 11.161
  step 1300/1999 best 11.377
  step 1350/1999 best 11.138
  step 1400/1999 best 11.362
  step 1450/1999 best 11.139
  step 1500/1999 best 11.301
  step 1550/1999 best 11.435
  step 1600/1999 best 11.403
  step 1650/1999 best 11.274
  step 1700/1999 best 11.319
  step 1750/1999 best 11.362
  step 1800/1999 best 11.410
  step 1850/1999 best 11.334
  step 1900/1999 best 11.277
  step 1950/1999 best 11.387
saved SBC_CHAINS_cnn_vmim__n1_seed_s4_sim1778_row1530769_noise9729_80_259 (240000, 4) acc=0.253
  step 0/1999 best -26.584
  step 50/1999 best -9.585
  step 100/1999 best 3.017
  step 150/1999 best 7.081
  step 200/1999 best 11.406
  step 250/1999 best 13.228
  step 300/1999 best 12.806
  step 350/1999 best 12.133
  step 400/1999 best 13.365
  step 450/1999 best 13.038
  step 500/1999 best 13.190
  step 550/1999 best 12.911
  step 600/1999 best 13.444
  step 650/1999 best 13.401
  step 700/1999 best 13.191
  step 750/1999 best 13.135
  step 800/1999 best 13.270
  step 850/1999 best 13.092
  step 900/1999 best 13.423
  step 950/1999 best 13.329
  step 1000/1999 best 13.276
  step 1050/1999 best 13.509
  step 1100/1999 best 13.443
  step 1150/1999 best 12.802
  step 1200/1999 best 13.577
  step 1250/1999 best 13.277
  step 1300/1999 best 13.558
  step 1350/1999 best 13.436
  step 1400/1999 best 13.332
  step 1450/1999 best 13.528
  step 1500/1999 best 13.341
  step 1550/1999 best 13.555
  step 1600/1999 best 13.223
  step 1650/1999 best 13.551
  step 1700/1999 best 13.502
  step 1750/1999 best 13.094
  step 1800/1999 best 13.555
  step 1850/1999 best 13.548
  step 1900/1999 best 13.486
  step 1950/1999 best 13.478
saved SBC_CHAINS_cnn_vmim__n1_seed_s4_sim3058_row2653107_noise1599_1778_1957 (240000, 4) acc=0.115
  step 0/1999 best -13.667
  step 50/1999 best -1.041
  step 100/1999 best 2.664
  step 150/1999 best 9.138
  step 200/1999 best 9.538
  step 250/1999 best 13.372
  step 300/1999 best 15.221
  step 350/1999 best 15.690
  step 400/1999 best 15.918
  step 450/1999 best 15.427
  step 500/1999 best 15.988
  step 550/1999 best 16.018
  step 600/1999 best 16.063
  step 650/1999 best 16.089
  step 700/1999 best 15.641
  step 750/1999 best 16.068
  step 800/1999 best 15.637
  step 850/1999 best 16.154
  step 900/1999 best 16.101
  step 950/1999 best 15.812
  step 1000/1999 best 15.738
  step 1050/1999 best 16.097
  step 1100/1999 best 15.999
  step 1150/1999 best 16.116
  step 1200/1999 best 16.001
  step 1250/1999 best 15.786
  step 1300/1999 best 16.138
  step 1350/1999 best 15.877
  step 1400/1999 best 16.180
  step 1450/1999 best 15.928
  step 1500/1999 best 16.119
  step 1550/1999 best 15.895
  step 1600/1999 best 15.839
  step 1650/1999 best 15.954
  step 1700/1999 best 16.152
  step 1750/1999 best 16.048
  step 1800/1999 best 16.239
  step 1850/1999 best 15.942
  step 1900/1999 best 16.002
  step 1950/1999 best 16.033
saved SBC_CHAINS_cnn_vmim__n1_seed_s4_sim2056_row1666927_noise2875_3054_3233 (240000, 4) acc=0.148
  step 0/1999 best -21.544
  step 50/1999 best 3.757
  step 100/1999 best 6.970
  step 150/1999 best 11.693
  step 200/1999 best 14.634
  step 250/1999 best 14.508
  step 300/1999 best 14.344
  step 350/1999 best 14.707
  step 400/1999 best 14.670
  step 450/1999 best 14.580
  step 500/1999 best 14.582
  step 550/1999 best 14.514
  step 600/1999 best 14.677
  step 650/1999 best 14.488
  step 700/1999 best 14.617
  step 750/1999 best 14.678
  step 800/1999 best 14.641
  step 850/1999 best 14.544
  step 900/1999 best 14.611
  step 950/1999 best 14.469
  step 1000/1999 best 14.628
  step 1050/1999 best 14.519
  step 1100/1999 best 14.622
  step 1150/1999 best 14.499
  step 1200/1999 best 14.531
  step 1250/1999 best 14.405
  step 1300/1999 best 14.684
  step 1350/1999 best 14.651
  step 1400/1999 best 14.594
  step 1450/1999 best 14.352
  step 1500/1999 best 14.528
  step 1550/1999 best 14.608
  step 1600/1999 best 14.682
  step 1650/1999 best 14.594
  step 1700/1999 best 14.500
  step 1750/1999 best 14.637
  step 1800/1999 best 14.626
  step 1850/1999 best 14.585
  step 1900/1999 best 14.517
  step 1950/1999 best 14.673
saved SBC_CHAINS_cnn_vmim__n1_seed_s4_sim2378_row1977125_noise9577_9756_107 (240000, 4) acc=0.256
  step 0/1999 best -17.757
  step 50/1999 best 3.056
  step 100/1999 best 3.072
  step 150/1999 best 4.486
  step 200/1999 best 7.636
  step 250/1999 best 9.962
  step 300/1999 best 10.735
  step 350/1999 best 10.815
  step 400/1999 best 11.601
  step 450/1999 best 11.911
  step 500/1999 best 11.869
  step 550/1999 best 11.853
  step 600/1999 best 11.833
  step 650/1999 best 11.908
  step 700/1999 best 11.786
  step 750/1999 best 11.891
  step 800/1999 best 11.906
  step 850/1999 best 11.948
  step 900/1999 best 11.848
  step 950/1999 best 11.852
  step 1000/1999 best 11.878
  step 1050/1999 best 12.005
  step 1100/1999 best 11.939
  step 1150/1999 best 11.768
  step 1200/1999 best 11.909
  step 1250/1999 best 11.901
  step 1300/1999 best 11.892
  step 1350/1999 best 11.951
  step 1400/1999 best 11.884
  step 1450/1999 best 11.847
  step 1500/1999 best 11.974
  step 1550/1999 best 11.865
  step 1600/1999 best 11.767
  step 1650/1999 best 11.895
  step 1700/1999 best 11.934
  step 1750/1999 best 11.833
  step 1800/1999 best 11.813
  step 1850/1999 best 11.867
  step 1900/1999 best 11.985
  step 1950/1999 best 12.007
saved SBC_CHAINS_cnn_vmim__n1_seed_s4_sim2434_row2033235_noise6719_6898_7077 (240000, 4) acc=0.212
  step 0/1999 best -8.732
  step 50/1999 best 1.099
  step 100/1999 best 1.497
  step 150/1999 best 8.869
  step 200/1999 best 13.127
  step 250/1999 best 13.783
  step 300/1999 best 16.110
  step 350/1999 best 16.866
  step 400/1999 best 16.845
  step 450/1999 best 16.519
  step 500/1999 best 16.751
  step 550/1999 best 16.957
  step 600/1999 best 16.892
  step 650/1999 best 16.903
  step 700/1999 best 17.011
  step 750/1999 best 17.045
  step 800/1999 best 17.047
  step 850/1999 best 17.026
  step 900/1999 best 17.022
  step 950/1999 best 16.890
  step 1000/1999 best 16.968
  step 1050/1999 best 17.015
  step 1100/1999 best 16.953
  step 1150/1999 best 17.061
  step 1200/1999 best 17.022
  step 1250/1999 best 16.799
  step 1300/1999 best 17.060
  step 1350/1999 best 16.993
  step 1400/1999 best 16.893
  step 1450/1999 best 16.834
  step 1500/1999 best 16.902
  step 1550/1999 best 16.971
  step 1600/1999 best 16.410
  step 1650/1999 best 17.085
  step 1700/1999 best 17.077
  step 1750/1999 best 17.141
  step 1800/1999 best 17.131
  step 1850/1999 best 17.004
  step 1900/1999 best 16.948
  step 1950/1999 best 17.148
saved SBC_CHAINS_cnn_vmim__n1_seed_s4_sim2002_row1613016_noise6932_7111_7290 (240000, 4) acc=0.162
  step 0/1999 best -17.465
  step 50/1999 best 9.501
  step 100/1999 best 13.505
  step 150/1999 best 15.111
  step 200/1999 best 15.639
  step 250/1999 best 15.884
  step 300/1999 best 15.478
  step 350/1999 best 15.614
  step 400/1999 best 15.900
  step 450/1999 best 15.797
  step 500/1999 best 15.848
  step 550/1999 best 15.625
  step 600/1999 best 15.764
  step 650/1999 best 15.708
  step 700/1999 best 15.708
  step 750/1999 best 15.794
  step 800/1999 best 15.755
  step 850/1999 best 15.722
  step 900/1999 best 15.831
  step 950/1999 best 15.791
  step 1000/1999 best 15.631
  step 1050/1999 best 15.780
  step 1100/1999 best 15.774
  step 1150/1999 best 15.781
  step 1200/1999 best 15.686
  step 1250/1999 best 15.774
  step 1300/1999 best 15.795
  step 1350/1999 best 15.812
  step 1400/1999 best 15.801
  step 1450/1999 best 15.752
  step 1500/1999 best 15.871
  step 1550/1999 best 15.751
  step 1600/1999 best 15.637
  step 1650/1999 best 15.813
  step 1700/1999 best 15.848
  step 1750/1999 best 15.715
  step 1800/1999 best 15.599
  step 1850/1999 best 15.858
  step 1900/1999 best 15.798
  step 1950/1999 best 15.857
saved SBC_CHAINS_cnn_vmim__n1_seed_s4_sim128_row119344_noise580_759_938 (240000, 4) acc=0.281
  step 0/1999 best -22.828
  step 50/1999 best -3.369
