[stage3] arm=cnn_vmim_/n1_jitter/seed_s2  nle=/gscratch/ddehiwalage-don/sbi_master/cnn_vmim_/n1_jitter/seed_s2/nle
[NLE] scope=standard_t family=nsf loaded from /gscratch/ddehiwalage-don/sbi_master/cnn_vmim_/n1_jitter/seed_s2/nle/standard_t/nsf
targets this task: 152 | family=standard_t_nsf | chains -> /gscratch/ddehiwalage-don/sbi_master/cnn_vmim_/n1_jitter/seed_s2/chains/standard_t_nsf
  step 0/1999 best -18.468
  step 50/1999 best -4.556
  step 100/1999 best 12.665
  step 150/1999 best 13.480
  step 200/1999 best 13.183
  step 250/1999 best 13.243
  step 300/1999 best 12.808
  step 350/1999 best 13.577
  step 400/1999 best 14.102
  step 450/1999 best 13.904
  step 500/1999 best 14.117
  step 550/1999 best 14.321
  step 600/1999 best 14.302
  step 650/1999 best 14.408
  step 700/1999 best 14.248
  step 750/1999 best 14.451
  step 800/1999 best 14.490
  step 850/1999 best 14.163
  step 900/1999 best 14.492
  step 950/1999 best 14.435
  step 1000/1999 best 14.257
  step 1050/1999 best 14.328
  step 1100/1999 best 14.410
  step 1150/1999 best 14.176
  step 1200/1999 best 14.414
  step 1250/1999 best 14.196
  step 1300/1999 best 14.337
  step 1350/1999 best 14.321
  step 1400/1999 best 14.420
  step 1450/1999 best 14.480
  step 1500/1999 best 14.362
  step 1550/1999 best 14.351
  step 1600/1999 best 14.320
  step 1650/1999 best 14.344
  step 1700/1999 best 14.290
  step 1750/1999 best 14.350
  step 1800/1999 best 14.320
  step 1850/1999 best 14.364
  step 1900/1999 best 14.164
  step 1950/1999 best 14.286
saved SBC_CHAINS_cnn_vmim__n1_jitter_seed_s2_sim922_row871559_noise8555_8734_8913 (240000, 4) acc=0.141
  step 0/1999 best -11.577
  step 50/1999 best 8.310
  step 100/1999 best 10.713
  step 150/1999 best 8.343
  step 200/1999 best 12.129
  step 250/1999 best 12.747
  step 300/1999 best 12.993
  step 350/1999 best 12.309
  step 400/1999 best 12.837
  step 450/1999 best 12.904
  step 500/1999 best 12.797
  step 550/1999 best 12.916
  step 600/1999 best 12.875
  step 650/1999 best 12.793
  step 700/1999 best 13.069
  step 750/1999 best 12.961
  step 800/1999 best 13.040
  step 850/1999 best 12.977
  step 900/1999 best 13.027
  step 950/1999 best 13.001
  step 1000/1999 best 12.809
  step 1050/1999 best 12.849
  step 1100/1999 best 13.026
  step 1150/1999 best 12.987
  step 1200/1999 best 12.861
  step 1250/1999 best 13.064
  step 1300/1999 best 12.993
  step 1350/1999 best 12.827
  step 1400/1999 best 12.856
  step 1450/1999 best 12.872
  step 1500/1999 best 12.858
  step 1550/1999 best 12.950
  step 1600/1999 best 12.964
  step 1650/1999 best 12.950
  step 1700/1999 best 12.838
  step 1750/1999 best 12.999
  step 1800/1999 best 12.958
  step 1850/1999 best 12.960
  step 1900/1999 best 13.078
  step 1950/1999 best 12.909
saved SBC_CHAINS_cnn_vmim__n1_jitter_seed_s2_sim1303_row1112754_noise6458_6637_6816 (240000, 4) acc=0.240
  step 0/1999 best -10.557
  step 50/1999 best 7.364
  step 100/1999 best 13.636
  step 150/1999 best 13.457
  step 200/1999 best 12.998
  step 250/1999 best 13.949
  step 300/1999 best 12.992
  step 350/1999 best 13.974
  step 400/1999 best 13.767
  step 450/1999 best 13.938
  step 500/1999 best 13.668
  step 550/1999 best 13.759
  step 600/1999 best 13.758
  step 650/1999 best 13.828
  step 700/1999 best 13.822
  step 750/1999 best 13.928
  step 800/1999 best 14.067
  step 850/1999 best 13.936
  step 900/1999 best 13.908
  step 950/1999 best 13.567
  step 1000/1999 best 13.993
  step 1050/1999 best 13.964
  step 1100/1999 best 13.948
  step 1150/1999 best 13.804
  step 1200/1999 best 13.774
  step 1250/1999 best 13.922
  step 1300/1999 best 13.983
  step 1350/1999 best 13.935
  step 1400/1999 best 13.969
  step 1450/1999 best 14.004
  step 1500/1999 best 13.995
  step 1550/1999 best 13.886
  step 1600/1999 best 13.912
  step 1650/1999 best 13.812
  step 1700/1999 best 13.643
  step 1750/1999 best 13.737
  step 1800/1999 best 13.896
  step 1850/1999 best 13.849
  step 1900/1999 best 13.899
  step 1950/1999 best 13.738
saved SBC_CHAINS_cnn_vmim__n1_jitter_seed_s2_sim2361_row1960744_noise3024_3203_3382 (240000, 4) acc=0.244
  step 0/1999 best -14.524
  step 50/1999 best -6.895
  step 100/1999 best -3.611
  step 150/1999 best -1.704
  step 200/1999 best 4.235
  step 250/1999 best 7.852
  step 300/1999 best 9.592
  step 350/1999 best 10.382
  step 400/1999 best 9.902
  step 450/1999 best 9.806
  step 500/1999 best 9.485
  step 550/1999 best 9.485
  step 600/1999 best 9.402
  step 650/1999 best 9.074
  step 700/1999 best 9.112
  step 750/1999 best 7.529
  step 800/1999 best 11.331
  step 850/1999 best 11.503
  step 900/1999 best 12.133
  step 950/1999 best 12.133
  step 1000/1999 best 11.772
  step 1050/1999 best 12.029
  step 1100/1999 best 12.276
  step 1150/1999 best 12.183
  step 1200/1999 best 11.285
  step 1250/1999 best 12.182
  step 1300/1999 best 12.007
  step 1350/1999 best 11.612
  step 1400/1999 best 11.934
  step 1450/1999 best 12.013
  step 1500/1999 best 11.437
  step 1550/1999 best 11.162
  step 1600/1999 best 11.468
  step 1650/1999 best 11.863
  step 1700/1999 best 11.661
  step 1750/1999 best 11.963
  step 1800/1999 best 12.439
  step 1850/1999 best 11.800
  step 1900/1999 best 12.023
  step 1950/1999 best 11.567
saved SBC_CHAINS_cnn_vmim__n1_jitter_seed_s2_sim2482_row2081887_noise6231_6410_6589 (240000, 4) acc=0.152
  step 0/1999 best -15.015
  step 50/1999 best 11.099
  step 100/1999 best 12.934
  step 150/1999 best 14.896
  step 200/1999 best 14.436
  step 250/1999 best 14.556
  step 300/1999 best 15.074
  step 350/1999 best 15.128
  step 400/1999 best 15.149
  step 450/1999 best 15.074
  step 500/1999 best 15.351
  step 550/1999 best 15.336
  step 600/1999 best 15.357
  step 650/1999 best 15.159
  step 700/1999 best 15.195
  step 750/1999 best 15.222
  step 800/1999 best 15.306
  step 850/1999 best 15.163
  step 900/1999 best 15.276
  step 950/1999 best 15.237
  step 1000/1999 best 15.207
  step 1050/1999 best 15.164
  step 1100/1999 best 15.319
  step 1150/1999 best 15.215
  step 1200/1999 best 15.162
  step 1250/1999 best 15.342
  step 1300/1999 best 15.249
  step 1350/1999 best 15.292
  step 1400/1999 best 15.269
  step 1450/1999 best 15.207
  step 1500/1999 best 15.357
  step 1550/1999 best 15.338
  step 1600/1999 best 15.238
  step 1650/1999 best 15.185
  step 1700/1999 best 15.290
  step 1750/1999 best 15.122
  step 1800/1999 best 15.112
  step 1850/1999 best 15.149
  step 1900/1999 best 15.308
  step 1950/1999 best 15.220
saved SBC_CHAINS_cnn_vmim__n1_jitter_seed_s2_sim1519_row1296600_noise6088_6267_6446 (240000, 4) acc=0.227
  step 0/1999 best -27.332
  step 50/1999 best 1.552
  step 100/1999 best 4.459
  step 150/1999 best 11.536
  step 200/1999 best 13.191
  step 250/1999 best 13.208
  step 300/1999 best 13.319
  step 350/1999 best 13.254
  step 400/1999 best 13.441
  step 450/1999 best 13.377
  step 500/1999 best 13.396
  step 550/1999 best 13.317
  step 600/1999 best 13.403
  step 650/1999 best 13.518
  step 700/1999 best 13.428
  step 750/1999 best 13.460
  step 800/1999 best 13.350
  step 850/1999 best 13.214
  step 900/1999 best 13.476
  step 950/1999 best 13.410
  step 1000/1999 best 13.503
  step 1050/1999 best 13.423
  step 1100/1999 best 13.470
  step 1150/1999 best 13.342
  step 1200/1999 best 13.329
  step 1250/1999 best 13.486
  step 1300/1999 best 13.466
  step 1350/1999 best 13.519
  step 1400/1999 best 13.438
  step 1450/1999 best 13.351
  step 1500/1999 best 13.529
  step 1550/1999 best 13.444
  step 1600/1999 best 13.494
  step 1650/1999 best 13.312
  step 1700/1999 best 13.444
  step 1750/1999 best 13.475
  step 1800/1999 best 13.453
  step 1850/1999 best 13.416
  step 1900/1999 best 13.410
  step 1950/1999 best 13.363
saved SBC_CHAINS_cnn_vmim__n1_jitter_seed_s2_sim2835_row2430108_noise4644_4823_5002 (240000, 4) acc=0.258
  step 0/1999 best -11.438
  step 50/1999 best -9.177
  step 100/1999 best -5.680
  step 150/1999 best -2.597
  step 200/1999 best 2.682
  step 250/1999 best 11.490
  step 300/1999 best 12.251
  step 350/1999 best 12.462
  step 400/1999 best 11.465
  step 450/1999 best 11.616
  step 500/1999 best 11.265
  step 550/1999 best 11.780
  step 600/1999 best 11.780
  step 650/1999 best 12.426
  step 700/1999 best 12.654
  step 750/1999 best 11.483
  step 800/1999 best 11.870
  step 850/1999 best 11.987
  step 900/1999 best 10.552
  step 950/1999 best 12.798
  step 1000/1999 best 13.068
  step 1050/1999 best 12.289
  step 1100/1999 best 12.298
  step 1150/1999 best 12.467
  step 1200/1999 best 12.652
  step 1250/1999 best 12.011
  step 1300/1999 best 12.510
  step 1350/1999 best 12.829
  step 1400/1999 best 12.431
  step 1450/1999 best 12.758
  step 1500/1999 best 13.123
  step 1550/1999 best 12.954
  step 1600/1999 best 13.089
  step 1650/1999 best 12.533
  step 1700/1999 best 13.016
  step 1750/1999 best 12.790
  step 1800/1999 best 12.908
  step 1850/1999 best 13.061
  step 1900/1999 best 12.926
  step 1950/1999 best 13.146
saved SBC_CHAINS_cnn_vmim__n1_jitter_seed_s2_sim2554_row2153628_noise9176_9355_9534 (240000, 4) acc=0.211
  step 0/1999 best -24.748
  step 50/1999 best 6.843
  step 100/1999 best 7.578
  step 150/1999 best 9.958
  step 200/1999 best 10.599
  step 250/1999 best 10.379
  step 300/1999 best 10.487
  step 350/1999 best 10.704
  step 400/1999 best 10.586
  step 450/1999 best 10.270
  step 500/1999 best 10.706
  step 550/1999 best 10.491
  step 600/1999 best 10.618
  step 650/1999 best 10.575
  step 700/1999 best 10.507
  step 750/1999 best 10.436
  step 800/1999 best 10.712
  step 850/1999 best 10.577
  step 900/1999 best 10.593
  step 950/1999 best 10.616
  step 1000/1999 best 10.597
  step 1050/1999 best 10.633
  step 1100/1999 best 10.537
  step 1150/1999 best 10.539
  step 1200/1999 best 10.655
  step 1250/1999 best 10.538
  step 1300/1999 best 10.487
  step 1350/1999 best 10.742
  step 1400/1999 best 10.653
  step 1450/1999 best 10.684
  step 1500/1999 best 10.754
  step 1550/1999 best 10.611
  step 1600/1999 best 10.526
  step 1650/1999 best 10.772
  step 1700/1999 best 10.660
  step 1750/1999 best 10.599
  step 1800/1999 best 10.466
  step 1850/1999 best 10.577
  step 1900/1999 best 10.646
  step 1950/1999 best 10.584
saved SBC_CHAINS_cnn_vmim__n1_jitter_seed_s2_sim2865_row2460586_noise5638_5817_5996 (240000, 4) acc=0.247
  step 0/1999 best -9.670
  step 50/1999 best -3.438
  step 100/1999 best 5.473
  step 150/1999 best 10.989
  step 200/1999 best 11.603
  step 250/1999 best 14.525
  step 300/1999 best 14.373
  step 350/1999 best 14.458
  step 400/1999 best 14.551
  step 450/1999 best 14.533
  step 500/1999 best 14.478
  step 550/1999 best 14.340
  step 600/1999 best 14.489
  step 650/1999 best 14.540
  step 700/1999 best 14.509
  step 750/1999 best 14.528
  step 800/1999 best 14.481
  step 850/1999 best 14.553
  step 900/1999 best 14.335
  step 950/1999 best 14.596
  step 1000/1999 best 14.465
  step 1050/1999 best 14.530
  step 1100/1999 best 14.586
  step 1150/1999 best 14.549
  step 1200/1999 best 14.530
  step 1250/1999 best 14.415
  step 1300/1999 best 14.624
  step 1350/1999 best 14.447
  step 1400/1999 best 14.548
  step 1450/1999 best 14.620
  step 1500/1999 best 14.619
  step 1550/1999 best 14.465
  step 1600/1999 best 14.446
  step 1650/1999 best 14.560
  step 1700/1999 best 14.540
  step 1750/1999 best 14.518
  step 1800/1999 best 14.649
  step 1850/1999 best 14.516
  step 1900/1999 best 14.519
  step 1950/1999 best 14.578
saved SBC_CHAINS_cnn_vmim__n1_jitter_seed_s2_sim433_row411688_noise1256_1435_1614 (240000, 4) acc=0.239
  step 0/1999 best -7.205
  step 50/1999 best 16.540
  step 100/1999 best 16.993
  step 150/1999 best 17.075
  step 200/1999 best 16.676
  step 250/1999 best 16.856
  step 300/1999 best 17.108
  step 350/1999 best 16.870
  step 400/1999 best 16.872
  step 450/1999 best 17.094
  step 500/1999 best 17.061
  step 550/1999 best 17.099
  step 600/1999 best 16.966
  step 650/1999 best 17.122
  step 700/1999 best 16.981
  step 750/1999 best 17.120
  step 800/1999 best 17.229
  step 850/1999 best 16.985
  step 900/1999 best 16.919
  step 950/1999 best 16.992
  step 1000/1999 best 17.006
  step 1050/1999 best 17.118
  step 1100/1999 best 17.162
  step 1150/1999 best 16.991
  step 1200/1999 best 17.097
  step 1250/1999 best 17.008
  step 1300/1999 best 17.140
  step 1350/1999 best 17.224
  step 1400/1999 best 17.190
  step 1450/1999 best 17.118
  step 1500/1999 best 17.053
  step 1550/1999 best 17.063
  step 1600/1999 best 17.176
  step 1650/1999 best 16.940
  step 1700/1999 best 17.062
  step 1750/1999 best 17.119
  step 1800/1999 best 17.084
  step 1850/1999 best 17.201
  step 1900/1999 best 17.154
  step 1950/1999 best 17.085
saved SBC_CHAINS_cnn_vmim__n1_jitter_seed_s2_sim279_row265758_noise4574_4753_4932 (240000, 4) acc=0.231
  step 0/1999 best -13.487
  step 50/1999 best 1.485
  step 100/1999 best 8.118
  step 150/1999 best 11.548
  step 200/1999 best 13.244
  step 250/1999 best 13.368
  step 300/1999 best 13.679
  step 350/1999 best 13.604
  step 400/1999 best 13.505
  step 450/1999 best 13.705
  step 500/1999 best 13.751
  step 550/1999 best 13.731
  step 600/1999 best 13.597
  step 650/1999 best 13.622
  step 700/1999 best 13.697
  step 750/1999 best 13.737
  step 800/1999 best 13.836
  step 850/1999 best 13.645
  step 900/1999 best 13.714
  step 950/1999 best 13.707
  step 1000/1999 best 13.820
  step 1050/1999 best 13.824
  step 1100/1999 best 13.766
  step 1150/1999 best 13.682
  step 1200/1999 best 13.740
  step 1250/1999 best 13.807
  step 1300/1999 best 13.777
  step 1350/1999 best 13.850
  step 1400/1999 best 13.760
  step 1450/1999 best 13.748
  step 1500/1999 best 13.759
  step 1550/1999 best 13.713
  step 1600/1999 best 13.810
  step 1650/1999 best 13.720
  step 1700/1999 best 13.861
  step 1750/1999 best 13.760
  step 1800/1999 best 13.786
  step 1850/1999 best 13.753
  step 1900/1999 best 13.698
  step 1950/1999 best 13.854
saved SBC_CHAINS_cnn_vmim__n1_jitter_seed_s2_sim2360_row1959708_noise1988_2167_2346 (240000, 4) acc=0.280
  step 0/1999 best -14.730
  step 50/1999 best 1.364
  step 100/1999 best 13.631
  step 150/1999 best 13.631
  step 200/1999 best 15.179
  step 250/1999 best 15.328
  step 300/1999 best 15.534
  step 350/1999 best 15.881
  step 400/1999 best 15.844
  step 450/1999 best 15.794
  step 500/1999 best 15.781
  step 550/1999 best 15.687
  step 600/1999 best 15.317
  step 650/1999 best 15.672
  step 700/1999 best 15.887
  step 750/1999 best 15.746
  step 800/1999 best 15.561
  step 850/1999 best 15.762
  step 900/1999 best 15.795
  step 950/1999 best 15.867
  step 1000/1999 best 15.657
  step 1050/1999 best 15.681
  step 1100/1999 best 15.813
  step 1150/1999 best 15.824
  step 1200/1999 best 15.619
  step 1250/1999 best 15.671
  step 1300/1999 best 15.621
  step 1350/1999 best 15.822
  step 1400/1999 best 15.819
  step 1450/1999 best 15.803
  step 1500/1999 best 15.594
  step 1550/1999 best 15.712
  step 1600/1999 best 15.720
  step 1650/1999 best 15.808
  step 1700/1999 best 15.587
  step 1750/1999 best 15.867
  step 1800/1999 best 15.854
  step 1850/1999 best 15.799
  step 1900/1999 best 15.743
  step 1950/1999 best 15.792
saved SBC_CHAINS_cnn_vmim__n1_jitter_seed_s2_sim429_row407105_noise6501_6680_6859 (240000, 4) acc=0.184
  step 0/1999 best -20.822
  step 50/1999 best 5.094
  step 100/1999 best 7.553
  step 150/1999 best 12.690
  step 200/1999 best 15.010
  step 250/1999 best 16.080
  step 300/1999 best 16.039
  step 350/1999 best 16.035
  step 400/1999 best 16.016
  step 450/1999 best 16.123
  step 500/1999 best 15.971
  step 550/1999 best 16.024
  step 600/1999 best 16.114
  step 650/1999 best 16.106
  step 700/1999 best 16.095
  step 750/1999 best 15.924
  step 800/1999 best 16.011
  step 850/1999 best 16.123
  step 900/1999 best 16.181
  step 950/1999 best 16.098
  step 1000/1999 best 16.145
  step 1050/1999 best 16.099
  step 1100/1999 best 16.157
  step 1150/1999 best 16.183
  step 1200/1999 best 16.014
  step 1250/1999 best 16.019
  step 1300/1999 best 16.138
  step 1350/1999 best 16.011
  step 1400/1999 best 15.931
  step 1450/1999 best 16.085
  step 1500/1999 best 16.192
  step 1550/1999 best 15.996
  step 1600/1999 best 16.139
  step 1650/1999 best 16.087
  step 1700/1999 best 15.999
  step 1750/1999 best 16.049
  step 1800/1999 best 16.068
  step 1850/1999 best 16.064
  step 1900/1999 best 15.939
  step 1950/1999 best 16.194
saved SBC_CHAINS_cnn_vmim__n1_jitter_seed_s2_sim1429_row1211182_noise4122_4301_4480 (240000, 4) acc=0.327
  step 0/1999 best -21.416
  step 50/1999 best -8.278
  step 100/1999 best -4.825
  step 150/1999 best -0.414
  step 200/1999 best 1.980
  step 250/1999 best 9.729
  step 300/1999 best 11.328
  step 350/1999 best 11.344
  step 400/1999 best 11.814
  step 450/1999 best 13.523
  step 500/1999 best 13.124
  step 550/1999 best 12.856
  step 600/1999 best 13.346
  step 650/1999 best 13.590
  step 700/1999 best 13.717
  step 750/1999 best 13.559
  step 800/1999 best 13.723
  step 850/1999 best 13.789
  step 900/1999 best 13.390
  step 950/1999 best 13.586
  step 1000/1999 best 13.441
  step 1050/1999 best 13.758
  step 1100/1999 best 13.512
  step 1150/1999 best 13.756
  step 1200/1999 best 13.711
  step 1250/1999 best 13.594
  step 1300/1999 best 13.603
  step 1350/1999 best 13.645
  step 1400/1999 best 13.632
  step 1450/1999 best 13.733
  step 1500/1999 best 13.711
  step 1550/1999 best 13.508
  step 1600/1999 best 13.668
  step 1650/1999 best 13.581
  step 1700/1999 best 13.754
  step 1750/1999 best 13.740
  step 1800/1999 best 13.755
  step 1850/1999 best 13.773
  step 1900/1999 best 13.791
  step 1950/1999 best 13.775
saved SBC_CHAINS_cnn_vmim__n1_jitter_seed_s2_sim453_row431530_noise1442_1621_1800 (240000, 4) acc=0.167
  step 0/1999 best -24.493
  step 50/1999 best -4.643
  step 100/1999 best -2.581
  step 150/1999 best 1.830
  step 200/1999 best 1.570
  step 250/1999 best 7.179
  step 300/1999 best 9.031
  step 350/1999 best 10.452
  step 400/1999 best 11.114
  step 450/1999 best 11.034
  step 500/1999 best 10.542
  step 550/1999 best 11.276
  step 600/1999 best 11.948
  step 650/1999 best 11.851
  step 700/1999 best 11.446
  step 750/1999 best 11.741
  step 800/1999 best 11.533
  step 850/1999 best 11.281
  step 900/1999 best 11.871
  step 950/1999 best 11.935
  step 1000/1999 best 11.846
  step 1050/1999 best 11.775
  step 1100/1999 best 11.484
  step 1150/1999 best 11.817
  step 1200/1999 best 11.785
  step 1250/1999 best 11.486
  step 1300/1999 best 11.858
  step 1350/1999 best 11.829
  step 1400/1999 best 11.898
  step 1450/1999 best 11.866
  step 1500/1999 best 11.980
  step 1550/1999 best 11.655
  step 1600/1999 best 11.501
  step 1650/1999 best 11.807
  step 1700/1999 best 11.993
  step 1750/1999 best 11.795
  step 1800/1999 best 11.695
  step 1850/1999 best 11.833
  step 1900/1999 best 11.442
  step 1950/1999 best 11.413
saved SBC_CHAINS_cnn_vmim__n1_jitter_seed_s2_sim2632_row2231998_noise8922_9101_9280 (240000, 4) acc=0.129
  step 0/1999 best -19.592
  step 50/1999 best 7.211
  step 100/1999 best 11.991
  step 150/1999 best 12.628
  step 200/1999 best 12.587
  step 250/1999 best 12.905
  step 300/1999 best 13.154
  step 350/1999 best 13.448
  step 400/1999 best 13.141
  step 450/1999 best 13.127
  step 500/1999 best 13.213
  step 550/1999 best 13.267
  step 600/1999 best 13.104
  step 650/1999 best 13.348
  step 700/1999 best 13.191
  step 750/1999 best 13.329
  step 800/1999 best 13.279
  step 850/1999 best 13.163
  step 900/1999 best 13.406
  step 950/1999 best 13.314
  step 1000/1999 best 13.297
  step 1050/1999 best 13.338
  step 1100/1999 best 13.272
  step 1150/1999 best 13.435
  step 1200/1999 best 13.244
  step 1250/1999 best 13.243
  step 1300/1999 best 13.227
  step 1350/1999 best 13.209
  step 1400/1999 best 13.267
  step 1450/1999 best 13.384
  step 1500/1999 best 13.445
  step 1550/1999 best 13.406
  step 1600/1999 best 13.240
  step 1650/1999 best 13.438
  step 1700/1999 best 13.325
  step 1750/1999 best 13.388
  step 1800/1999 best 13.377
  step 1850/1999 best 13.266
  step 1900/1999 best 13.387
  step 1950/1999 best 13.388
saved SBC_CHAINS_cnn_vmim__n1_jitter_seed_s2_sim913_row862879_noise9703_54_233 (240000, 4) acc=0.203
  step 0/1999 best -18.081
  step 50/1999 best 0.723
  step 100/1999 best 9.413
  step 150/1999 best 13.792
  step 200/1999 best 13.869
  step 250/1999 best 13.706
  step 300/1999 best 14.297
  step 350/1999 best 14.537
  step 400/1999 best 14.097
  step 450/1999 best 14.412
  step 500/1999 best 14.407
  step 550/1999 best 14.649
  step 600/1999 best 14.526
  step 650/1999 best 14.508
  step 700/1999 best 14.602
  step 750/1999 best 14.423
  step 800/1999 best 14.524
  step 850/1999 best 14.562
  step 900/1999 best 14.461
  step 950/1999 best 14.681
  step 1000/1999 best 14.580
  step 1050/1999 best 14.588
  step 1100/1999 best 14.481
  step 1150/1999 best 14.685
  step 1200/1999 best 14.696
  step 1250/1999 best 14.533
  step 1300/1999 best 14.500
  step 1350/1999 best 14.636
  step 1400/1999 best 14.649
  step 1450/1999 best 14.609
  step 1500/1999 best 14.634
  step 1550/1999 best 14.599
  step 1600/1999 best 14.527
  step 1650/1999 best 14.652
  step 1700/1999 best 14.598
  step 1750/1999 best 14.584
  step 1800/1999 best 14.647
  step 1850/1999 best 14.528
  step 1900/1999 best 14.438
  step 1950/1999 best 14.555
saved SBC_CHAINS_cnn_vmim__n1_jitter_seed_s2_sim1545_row1322656_noise2660_2839_3018 (240000, 4) acc=0.188
  step 0/1999 best -4.133
  step 50/1999 best 1.650
  step 100/1999 best 10.730
  step 150/1999 best 11.662
  step 200/1999 best 12.804
  step 250/1999 best 13.245
  step 300/1999 best 12.939
  step 350/1999 best 13.196
  step 400/1999 best 13.115
  step 450/1999 best 13.222
  step 500/1999 best 13.031
  step 550/1999 best 13.225
  step 600/1999 best 13.095
  step 650/1999 best 13.015
  step 700/1999 best 13.202
  step 750/1999 best 13.084
  step 800/1999 best 13.225
  step 850/1999 best 13.159
  step 900/1999 best 12.868
  step 950/1999 best 13.331
  step 1000/1999 best 13.026
  step 1050/1999 best 13.098
  step 1100/1999 best 13.175
  step 1150/1999 best 12.859
  step 1200/1999 best 13.111
  step 1250/1999 best 13.202
  step 1300/1999 best 13.126
  step 1350/1999 best 13.221
  step 1400/1999 best 13.194
  step 1450/1999 best 13.327
  step 1500/1999 best 13.222
  step 1550/1999 best 13.242
  step 1600/1999 best 13.276
  step 1650/1999 best 13.187
  step 1700/1999 best 13.085
  step 1750/1999 best 13.219
  step 1800/1999 best 13.277
  step 1850/1999 best 13.105
  step 1900/1999 best 13.208
  step 1950/1999 best 13.089
saved SBC_CHAINS_cnn_vmim__n1_jitter_seed_s2_sim765_row714631_noise8875_9054_9233 (240000, 4) acc=0.181
  step 0/1999 best -19.737
  step 50/1999 best 7.139
  step 100/1999 best 15.374
  step 150/1999 best 14.854
  step 200/1999 best 15.035
  step 250/1999 best 15.286
  step 300/1999 best 15.326
  step 350/1999 best 15.383
  step 400/1999 best 15.367
  step 450/1999 best 15.319
  step 500/1999 best 15.113
  step 550/1999 best 15.358
  step 600/1999 best 15.237
  step 650/1999 best 15.234
  step 700/1999 best 15.212
  step 750/1999 best 15.263
  step 800/1999 best 15.059
  step 850/1999 best 15.245
  step 900/1999 best 15.121
  step 950/1999 best 15.273
  step 1000/1999 best 15.193
  step 1050/1999 best 15.331
  step 1100/1999 best 15.299
  step 1150/1999 best 15.270
  step 1200/1999 best 15.221
  step 1250/1999 best 15.280
  step 1300/1999 best 15.108
  step 1350/1999 best 15.318
  step 1400/1999 best 15.356
  step 1450/1999 best 15.250
  step 1500/1999 best 15.264
  step 1550/1999 best 15.289
  step 1600/1999 best 15.327
  step 1650/1999 best 15.288
  step 1700/1999 best 15.362
  step 1750/1999 best 15.299
  step 1800/1999 best 15.229
  step 1850/1999 best 15.281
  step 1900/1999 best 15.231
  step 1950/1999 best 15.231
saved SBC_CHAINS_cnn_vmim__n1_jitter_seed_s2_sim872_row821051_noise7187_7366_7545 (240000, 4) acc=0.300
  step 0/1999 best -15.884
  step 50/1999 best 8.554
  step 100/1999 best 13.457
  step 150/1999 best 15.374
  step 200/1999 best 15.932
  step 250/1999 best 16.109
  step 300/1999 best 15.872
  step 350/1999 best 16.146
  step 400/1999 best 16.074
  step 450/1999 best 16.016
  step 500/1999 best 16.008
  step 550/1999 best 16.099
  step 600/1999 best 16.126
  step 650/1999 best 16.108
  step 700/1999 best 16.051
  step 750/1999 best 16.062
  step 800/1999 best 16.012
  step 850/1999 best 16.104
  step 900/1999 best 16.178
  step 950/1999 best 16.025
  step 1000/1999 best 16.016
  step 1050/1999 best 16.070
  step 1100/1999 best 16.158
  step 1150/1999 best 16.135
  step 1200/1999 best 16.128
  step 1250/1999 best 16.040
  step 1300/1999 best 16.033
  step 1350/1999 best 16.114
  step 1400/1999 best 16.012
  step 1450/1999 best 16.054
  step 1500/1999 best 16.159
  step 1550/1999 best 16.003
  step 1600/1999 best 16.132
  step 1650/1999 best 16.127
  step 1700/1999 best 16.017
  step 1750/1999 best 16.115
  step 1800/1999 best 16.028
  step 1850/1999 best 15.965
  step 1900/1999 best 16.067
  step 1950/1999 best 16.038
saved SBC_CHAINS_cnn_vmim__n1_jitter_seed_s2_sim734_row683953_noise7681_7860_8039 (240000, 4) acc=0.347
  step 0/1999 best -24.450
  step 50/1999 best -4.997
  step 100/1999 best 0.861
  step 150/1999 best 2.176
  step 200/1999 best 11.003
  step 250/1999 best 15.467
  step 300/1999 best 15.704
  step 350/1999 best 16.147
  step 400/1999 best 16.271
  step 450/1999 best 16.158
  step 500/1999 best 16.338
  step 550/1999 best 16.501
  step 600/1999 best 16.275
  step 650/1999 best 16.313
  step 700/1999 best 16.419
  step 750/1999 best 16.442
  step 800/1999 best 16.444
  step 850/1999 best 16.237
  step 900/1999 best 16.361
  step 950/1999 best 16.495
  step 1000/1999 best 16.480
  step 1050/1999 best 16.350
  step 1100/1999 best 16.168
  step 1150/1999 best 16.339
  step 1200/1999 best 16.306
  step 1250/1999 best 16.354
  step 1300/1999 best 16.334
  step 1350/1999 best 16.537
  step 1400/1999 best 16.319
  step 1450/1999 best 16.430
  step 1500/1999 best 16.457
  step 1550/1999 best 16.383
  step 1600/1999 best 16.268
  step 1650/1999 best 16.413
  step 1700/1999 best 16.501
  step 1750/1999 best 16.409
  step 1800/1999 best 16.225
  step 1850/1999 best 16.397
  step 1900/1999 best 16.428
  step 1950/1999 best 16.518
saved SBC_CHAINS_cnn_vmim__n1_jitter_seed_s2_sim2062_row1672940_noise8888_9067_9246 (240000, 4) acc=0.188
  step 0/1999 best -17.399
  step 50/1999 best 3.151
  step 100/1999 best 13.062
  step 150/1999 best 13.110
  step 200/1999 best 14.602
  step 250/1999 best 14.920
  step 300/1999 best 15.437
  step 350/1999 best 15.658
  step 400/1999 best 15.603
  step 450/1999 best 15.825
  step 500/1999 best 15.858
  step 550/1999 best 15.752
  step 600/1999 best 15.791
  step 650/1999 best 15.850
  step 700/1999 best 15.706
  step 750/1999 best 15.792
  step 800/1999 best 15.789
  step 850/1999 best 15.651
  step 900/1999 best 15.784
  step 950/1999 best 15.646
  step 1000/1999 best 15.694
  step 1050/1999 best 15.672
  step 1100/1999 best 15.734
  step 1150/1999 best 15.775
  step 1200/1999 best 15.774
  step 1250/1999 best 15.703
  step 1300/1999 best 15.733
  step 1350/1999 best 15.848
  step 1400/1999 best 15.621
  step 1450/1999 best 15.667
  step 1500/1999 best 15.628
  step 1550/1999 best 15.754
  step 1600/1999 best 15.779
  step 1650/1999 best 15.664
  step 1700/1999 best 15.723
  step 1750/1999 best 15.657
  step 1800/1999 best 15.815
  step 1850/1999 best 15.650
  step 1900/1999 best 15.702
  step 1950/1999 best 15.741
saved SBC_CHAINS_cnn_vmim__n1_jitter_seed_s2_sim1423_row1205915_noise8683_8862_9041 (240000, 4) acc=0.347
  step 0/1999 best -29.926
  step 50/1999 best 3.285
  step 100/1999 best 9.088
  step 150/1999 best 12.282
  step 200/1999 best 13.474
  step 250/1999 best 13.516
  step 300/1999 best 13.629
  step 350/1999 best 13.622
  step 400/1999 best 13.653
  step 450/1999 best 13.716
  step 500/1999 best 13.611
  step 550/1999 best 13.632
  step 600/1999 best 13.632
  step 650/1999 best 13.724
  step 700/1999 best 13.675
  step 750/1999 best 13.594
  step 800/1999 best 13.628
  step 850/1999 best 13.623
  step 900/1999 best 13.664
  step 950/1999 best 13.596
  step 1000/1999 best 13.625
  step 1050/1999 best 13.665
  step 1100/1999 best 13.622
  step 1150/1999 best 13.662
  step 1200/1999 best 13.555
  step 1250/1999 best 13.699
  step 1300/1999 best 13.652
  step 1350/1999 best 13.640
  step 1400/1999 best 13.493
  step 1450/1999 best 13.601
  step 1500/1999 best 13.610
  step 1550/1999 best 13.760
  step 1600/1999 best 13.609
  step 1650/1999 best 13.695
  step 1700/1999 best 13.714
  step 1750/1999 best 13.680
  step 1800/1999 best 13.773
  step 1850/1999 best 13.684
  step 1900/1999 best 13.657
  step 1950/1999 best 13.621
saved SBC_CHAINS_cnn_vmim__n1_jitter_seed_s2_sim3057_row2652484_noise976_1155_1334 (240000, 4) acc=0.364
  step 0/1999 best -12.431
  step 50/1999 best 13.992
  step 100/1999 best 14.956
  step 150/1999 best 15.968
  step 200/1999 best 15.939
  step 250/1999 best 15.978
  step 300/1999 best 16.134
  step 350/1999 best 16.074
  step 400/1999 best 16.121
  step 450/1999 best 16.053
  step 500/1999 best 16.127
  step 550/1999 best 15.981
  step 600/1999 best 16.079
  step 650/1999 best 16.144
  step 700/1999 best 16.101
  step 750/1999 best 15.951
  step 800/1999 best 16.114
  step 850/1999 best 15.857
  step 900/1999 best 16.201
  step 950/1999 best 16.141
  step 1000/1999 best 16.055
  step 1050/1999 best 16.115
  step 1100/1999 best 16.123
  step 1150/1999 best 15.991
  step 1200/1999 best 16.093
  step 1250/1999 best 16.037
  step 1300/1999 best 16.091
  step 1350/1999 best 15.998
  step 1400/1999 best 16.112
  step 1450/1999 best 16.024
  step 1500/1999 best 16.015
  step 1550/1999 best 16.150
  step 1600/1999 best 16.200
  step 1650/1999 best 16.153
  step 1700/1999 best 15.829
  step 1750/1999 best 15.905
  step 1800/1999 best 16.068
  step 1850/1999 best 16.143
  step 1900/1999 best 15.826
  step 1950/1999 best 16.003
saved SBC_CHAINS_cnn_vmim__n1_jitter_seed_s2_sim1929_row1540493_noise3205_3384_3563 (240000, 4) acc=0.150
  step 0/1999 best -10.325
  step 50/1999 best 5.407
  step 100/1999 best 7.910
  step 150/1999 best 12.343
  step 200/1999 best 13.059
  step 250/1999 best 13.754
  step 300/1999 best 13.538
  step 350/1999 best 13.871
  step 400/1999 best 13.704
  step 450/1999 best 13.572
  step 500/1999 best 13.700
  step 550/1999 best 13.753
  step 600/1999 best 13.839
  step 650/1999 best 13.693
  step 700/1999 best 13.856
  step 750/1999 best 13.902
  step 800/1999 best 13.796
  step 850/1999 best 13.567
  step 900/1999 best 13.782
  step 950/1999 best 13.926
  step 1000/1999 best 13.736
  step 1050/1999 best 13.783
  step 1100/1999 best 13.731
  step 1150/1999 best 13.711
  step 1200/1999 best 13.838
  step 1250/1999 best 13.620
  step 1300/1999 best 13.833
  step 1350/1999 best 13.832
  step 1400/1999 best 13.810
  step 1450/1999 best 13.748
  step 1500/1999 best 13.920
  step 1550/1999 best 13.832
  step 1600/1999 best 13.869
  step 1650/1999 best 13.634
  step 1700/1999 best 13.811
  step 1750/1999 best 13.804
  step 1800/1999 best 13.884
  step 1850/1999 best 13.656
  step 1900/1999 best 13.884
  step 1950/1999 best 13.770
saved SBC_CHAINS_cnn_vmim__n1_jitter_seed_s2_sim1772_row1524181_noise3141_3320_3499 (240000, 4) acc=0.183
  step 0/1999 best -25.225
  step 50/1999 best 3.223
  step 100/1999 best 10.686
  step 150/1999 best 10.324
  step 200/1999 best 12.358
  step 250/1999 best 11.638
  step 300/1999 best 12.399
  step 350/1999 best 12.078
  step 400/1999 best 12.554
  step 450/1999 best 12.390
  step 500/1999 best 12.227
  step 550/1999 best 12.409
  step 600/1999 best 12.457
  step 650/1999 best 12.497
  step 700/1999 best 12.441
  step 750/1999 best 12.395
  step 800/1999 best 12.519
  step 850/1999 best 12.558
  step 900/1999 best 12.405
  step 950/1999 best 12.522
  step 1000/1999 best 12.596
  step 1050/1999 best 12.411
  step 1100/1999 best 12.491
  step 1150/1999 best 12.572
  step 1200/1999 best 12.428
  step 1250/1999 best 12.476
  step 1300/1999 best 12.473
  step 1350/1999 best 12.565
  step 1400/1999 best 12.523
  step 1450/1999 best 12.381
  step 1500/1999 best 12.534
  step 1550/1999 best 12.557
  step 1600/1999 best 12.471
  step 1650/1999 best 12.513
  step 1700/1999 best 12.568
  step 1750/1999 best 12.505
  step 1800/1999 best 12.598
  step 1850/1999 best 12.424
  step 1900/1999 best 12.440
  step 1950/1999 best 12.520
saved SBC_CHAINS_cnn_vmim__n1_jitter_seed_s2_sim991_row940679_noise8879_9058_9237 (240000, 4) acc=0.199
  step 0/1999 best -18.970
  step 50/1999 best 14.305
  step 100/1999 best 14.476
  step 150/1999 best 16.423
  step 200/1999 best 16.856
  step 250/1999 best 16.845
  step 300/1999 best 16.686
  step 350/1999 best 16.959
  step 400/1999 best 16.952
  step 450/1999 best 16.819
  step 500/1999 best 16.918
  step 550/1999 best 16.752
  step 600/1999 best 17.021
  step 650/1999 best 16.885
  step 700/1999 best 16.993
  step 750/1999 best 17.006
  step 800/1999 best 16.820
  step 850/1999 best 16.952
  step 900/1999 best 16.953
  step 950/1999 best 17.101
  step 1000/1999 best 16.983
  step 1050/1999 best 16.970
  step 1100/1999 best 17.037
  step 1150/1999 best 16.995
  step 1200/1999 best 16.968
  step 1250/1999 best 17.051
  step 1300/1999 best 17.038
  step 1350/1999 best 17.006
  step 1400/1999 best 16.971
  step 1450/1999 best 16.817
  step 1500/1999 best 16.992
  step 1550/1999 best 17.093
  step 1600/1999 best 16.722
  step 1650/1999 best 17.022
  step 1700/1999 best 16.929
  step 1750/1999 best 16.941
  step 1800/1999 best 17.085
  step 1850/1999 best 17.025
  step 1900/1999 best 17.079
  step 1950/1999 best 16.982
saved SBC_CHAINS_cnn_vmim__n1_jitter_seed_s2_sim1280_row1097647_noise3007_3186_3365 (240000, 4) acc=0.236
  step 0/1999 best -19.781
  step 50/1999 best 13.779
  step 100/1999 best 16.042
  step 150/1999 best 16.318
  step 200/1999 best 16.406
  step 250/1999 best 16.397
  step 300/1999 best 16.563
  step 350/1999 best 16.685
  step 400/1999 best 16.559
  step 450/1999 best 16.668
  step 500/1999 best 16.416
  step 550/1999 best 16.527
  step 600/1999 best 16.504
  step 650/1999 best 16.534
  step 700/1999 best 16.589
  step 750/1999 best 16.598
  step 800/1999 best 16.339
  step 850/1999 best 16.341
  step 900/1999 best 16.666
  step 950/1999 best 16.566
  step 1000/1999 best 16.391
  step 1050/1999 best 16.520
  step 1100/1999 best 16.595
  step 1150/1999 best 16.615
  step 1200/1999 best 16.522
  step 1250/1999 best 16.642
  step 1300/1999 best 16.550
  step 1350/1999 best 16.612
  step 1400/1999 best 16.461
  step 1450/1999 best 16.533
  step 1500/1999 best 16.586
  step 1550/1999 best 16.565
  step 1600/1999 best 16.543
  step 1650/1999 best 16.682
  step 1700/1999 best 16.561
  step 1750/1999 best 16.612
  step 1800/1999 best 16.584
  step 1850/1999 best 16.586
  step 1900/1999 best 16.535
  step 1950/1999 best 16.554
saved SBC_CHAINS_cnn_vmim__n1_jitter_seed_s2_sim2067_row1677518_noise3638_3817_3996 (240000, 4) acc=0.211
  step 0/1999 best -16.630
  step 50/1999 best -1.384
  step 100/1999 best 12.164
  step 150/1999 best 11.786
  step 200/1999 best 11.975
  step 250/1999 best 12.472
  step 300/1999 best 12.572
  step 350/1999 best 12.728
  step 400/1999 best 12.693
  step 450/1999 best 12.671
  step 500/1999 best 12.626
  step 550/1999 best 12.684
  step 600/1999 best 12.667
  step 650/1999 best 12.765
  step 700/1999 best 12.390
  step 750/1999 best 12.464
  step 800/1999 best 12.769
  step 850/1999 best 12.637
  step 900/1999 best 12.668
  step 950/1999 best 12.432
  step 1000/1999 best 12.553
  step 1050/1999 best 12.658
  step 1100/1999 best 12.629
  step 1150/1999 best 12.684
  step 1200/1999 best 12.608
  step 1250/1999 best 12.688
  step 1300/1999 best 12.690
  step 1350/1999 best 12.615
  step 1400/1999 best 12.722
  step 1450/1999 best 12.714
  step 1500/1999 best 12.657
  step 1550/1999 best 12.538
  step 1600/1999 best 12.585
  step 1650/1999 best 12.558
  step 1700/1999 best 12.619
  step 1750/1999 best 12.725
  step 1800/1999 best 12.658
  step 1850/1999 best 12.622
  step 1900/1999 best 12.703
  step 1950/1999 best 12.719
saved SBC_CHAINS_cnn_vmim__n1_jitter_seed_s2_sim2521_row2120982_noise6014_6193_6372 (240000, 4) acc=0.317
  step 0/1999 best -18.048
  step 50/1999 best -2.057
  step 100/1999 best 7.088
  step 150/1999 best 14.584
  step 200/1999 best 14.097
  step 250/1999 best 15.300
  step 300/1999 best 15.428
  step 350/1999 best 15.960
  step 400/1999 best 15.934
  step 450/1999 best 15.982
  step 500/1999 best 16.035
  step 550/1999 best 15.971
  step 600/1999 best 15.990
  step 650/1999 best 15.902
  step 700/1999 best 16.005
  step 750/1999 best 16.006
  step 800/1999 best 16.041
  step 850/1999 best 15.954
  step 900/1999 best 15.978
  step 950/1999 best 15.966
  step 1000/1999 best 15.989
  step 1050/1999 best 15.944
  step 1100/1999 best 16.076
  step 1150/1999 best 16.026
  step 1200/1999 best 16.068
  step 1250/1999 best 15.933
  step 1300/1999 best 16.051
  step 1350/1999 best 16.024
  step 1400/1999 best 15.963
  step 1450/1999 best 16.048
  step 1500/1999 best 16.039
  step 1550/1999 best 15.988
  step 1600/1999 best 15.983
  step 1650/1999 best 15.987
  step 1700/1999 best 16.049
  step 1750/1999 best 16.024
  step 1800/1999 best 16.020
  step 1850/1999 best 15.904
  step 1900/1999 best 15.921
  step 1950/1999 best 16.045
saved SBC_CHAINS_cnn_vmim__n1_jitter_seed_s2_sim1339_row1148093_noise2485_2664_2843 (240000, 4) acc=0.375
  step 0/1999 best -20.231
  step 50/1999 best 8.124
  step 100/1999 best 8.798
  step 150/1999 best 9.538
  step 200/1999 best 12.333
  step 250/1999 best 12.497
  step 300/1999 best 12.973
  step 350/1999 best 13.068
  step 400/1999 best 13.472
  step 450/1999 best 12.736
  step 500/1999 best 13.792
  step 550/1999 best 13.716
  step 600/1999 best 13.397
  step 650/1999 best 13.475
  step 700/1999 best 13.677
  step 750/1999 best 13.343
  step 800/1999 best 13.486
  step 850/1999 best 13.806
  step 900/1999 best 13.505
  step 950/1999 best 13.387
  step 1000/1999 best 13.227
  step 1050/1999 best 13.508
  step 1100/1999 best 13.361
  step 1150/1999 best 13.401
  step 1200/1999 best 13.480
  step 1250/1999 best 13.609
  step 1300/1999 best 13.735
  step 1350/1999 best 13.410
  step 1400/1999 best 13.254
  step 1450/1999 best 13.129
  step 1500/1999 best 13.764
  step 1550/1999 best 13.366
  step 1600/1999 best 13.501
  step 1650/1999 best 13.429
  step 1700/1999 best 13.678
  step 1750/1999 best 13.617
  step 1800/1999 best 13.297
  step 1850/1999 best 13.418
  step 1900/1999 best 13.689
  step 1950/1999 best 13.680
saved SBC_CHAINS_cnn_vmim__n1_jitter_seed_s2_sim2362_row1961136_noise3416_3595_3774 (240000, 4) acc=0.209
  step 0/1999 best -31.983
  step 50/1999 best 1.935
  step 100/1999 best 10.358
  step 150/1999 best 8.696
  step 200/1999 best 11.358
  step 250/1999 best 11.466
  step 300/1999 best 10.572
  step 350/1999 best 11.973
  step 400/1999 best 11.916
  step 450/1999 best 11.808
  step 500/1999 best 11.806
  step 550/1999 best 11.964
  step 600/1999 best 12.091
  step 650/1999 best 11.985
  step 700/1999 best 11.937
  step 750/1999 best 12.062
  step 800/1999 best 11.961
  step 850/1999 best 12.018
  step 900/1999 best 12.084
  step 950/1999 best 11.788
  step 1000/1999 best 12.080
  step 1050/1999 best 11.985
  step 1100/1999 best 12.026
  step 1150/1999 best 12.014
  step 1200/1999 best 11.979
  step 1250/1999 best 12.024
  step 1300/1999 best 11.872
  step 1350/1999 best 11.825
  step 1400/1999 best 12.049
  step 1450/1999 best 12.075
  step 1500/1999 best 12.044
  step 1550/1999 best 12.049
  step 1600/1999 best 12.027
  step 1650/1999 best 12.155
  step 1700/1999 best 12.168
  step 1750/1999 best 11.961
  step 1800/1999 best 11.984
  step 1850/1999 best 12.117
  step 1900/1999 best 11.873
  step 1950/1999 best 12.131
saved SBC_CHAINS_cnn_vmim__n1_jitter_seed_s2_sim2600_row2199131_noise5539_5718_5897 (240000, 4) acc=0.158
  step 0/1999 best -25.271
  step 50/1999 best -5.819
  step 100/1999 best 0.293
  step 150/1999 best 6.541
  step 200/1999 best 11.115
  step 250/1999 best 12.693
  step 300/1999 best 13.560
  step 350/1999 best 13.394
  step 400/1999 best 13.428
  step 450/1999 best 13.558
  step 500/1999 best 13.693
  step 550/1999 best 13.633
  step 600/1999 best 13.672
  step 650/1999 best 13.627
  step 700/1999 best 13.623
  step 750/1999 best 13.715
  step 800/1999 best 13.683
  step 850/1999 best 13.688
  step 900/1999 best 13.544
  step 950/1999 best 13.724
  step 1000/1999 best 13.684
  step 1050/1999 best 13.617
  step 1100/1999 best 13.750
  step 1150/1999 best 13.605
  step 1200/1999 best 13.671
  step 1250/1999 best 13.654
  step 1300/1999 best 13.619
  step 1350/1999 best 13.680
  step 1400/1999 best 13.559
  step 1450/1999 best 13.669
  step 1500/1999 best 13.723
  step 1550/1999 best 13.624
  step 1600/1999 best 13.675
  step 1650/1999 best 13.662
  step 1700/1999 best 13.629
  step 1750/1999 best 13.674
  step 1800/1999 best 13.732
  step 1850/1999 best 13.682
  step 1900/1999 best 13.647
  step 1950/1999 best 13.613
saved SBC_CHAINS_cnn_vmim__n1_jitter_seed_s2_sim2912_row2507711_noise3623_3802_3981 (240000, 4) acc=0.313
  step 0/1999 best -21.439
  step 50/1999 best -2.900
  step 100/1999 best 6.568
  step 150/1999 best 16.198
  step 200/1999 best 16.198
  step 250/1999 best 16.656
  step 300/1999 best 16.457
  step 350/1999 best 17.146
  step 400/1999 best 17.024
  step 450/1999 best 17.172
  step 500/1999 best 16.761
  step 550/1999 best 16.850
  step 600/1999 best 17.139
  step 650/1999 best 17.216
  step 700/1999 best 17.096
  step 750/1999 best 17.164
  step 800/1999 best 17.245
  step 850/1999 best 17.190
  step 900/1999 best 17.150
  step 950/1999 best 17.199
  step 1000/1999 best 17.060
  step 1050/1999 best 17.076
  step 1100/1999 best 17.218
  step 1150/1999 best 17.230
  step 1200/1999 best 17.157
  step 1250/1999 best 17.080
  step 1300/1999 best 17.249
  step 1350/1999 best 17.085
  step 1400/1999 best 17.126
  step 1450/1999 best 17.085
  step 1500/1999 best 17.042
  step 1550/1999 best 17.070
  step 1600/1999 best 16.973
  step 1650/1999 best 17.113
  step 1700/1999 best 17.194
  step 1750/1999 best 17.169
  step 1800/1999 best 17.194
  step 1850/1999 best 17.223
  step 1900/1999 best 17.180
  step 1950/1999 best 17.114
saved SBC_CHAINS_cnn_vmim__n1_jitter_seed_s2_sim1743_row1496540_noise3984_4163_4342 (240000, 4) acc=0.193
  step 0/1999 best -10.347
  step 50/1999 best 5.886
  step 100/1999 best 7.312
  step 150/1999 best 13.712
  step 200/1999 best 14.465
  step 250/1999 best 13.311
  step 300/1999 best 13.909
  step 350/1999 best 14.082
  step 400/1999 best 14.115
  step 450/1999 best 14.407
  step 500/1999 best 14.602
  step 550/1999 best 14.605
  step 600/1999 best 14.332
  step 650/1999 best 14.529
  step 700/1999 best 14.484
  step 750/1999 best 14.625
  step 800/1999 best 14.490
  step 850/1999 best 14.541
  step 900/1999 best 14.469
  step 950/1999 best 14.357
  step 1000/1999 best 14.285
  step 1050/1999 best 14.296
  step 1100/1999 best 14.312
  step 1150/1999 best 14.258
  step 1200/1999 best 14.453
  step 1250/1999 best 14.526
  step 1300/1999 best 14.605
  step 1350/1999 best 14.353
  step 1400/1999 best 14.452
  step 1450/1999 best 14.545
  step 1500/1999 best 14.426
  step 1550/1999 best 14.543
  step 1600/1999 best 14.534
  step 1650/1999 best 14.562
  step 1700/1999 best 14.522
  step 1750/1999 best 14.321
  step 1800/1999 best 14.606
  step 1850/1999 best 14.229
  step 1900/1999 best 14.583
  step 1950/1999 best 14.443
saved SBC_CHAINS_cnn_vmim__n1_jitter_seed_s2_sim134_row125432_noise6668_6847_7026 (240000, 4) acc=0.215
  step 0/1999 best -18.294
  step 50/1999 best -4.455
  step 100/1999 best 11.952
  step 150/1999 best 11.952
  step 200/1999 best 15.917
  step 250/1999 best 16.487
  step 300/1999 best 15.019
  step 350/1999 best 16.343
  step 400/1999 best 15.986
  step 450/1999 best 17.258
  step 500/1999 best 17.247
  step 550/1999 best 17.200
  step 600/1999 best 17.342
  step 650/1999 best 17.232
  step 700/1999 best 17.357
  step 750/1999 best 17.204
  step 800/1999 best 17.366
  step 850/1999 best 17.296
  step 900/1999 best 16.884
  step 950/1999 best 17.406
  step 1000/1999 best 17.071
  step 1050/1999 best 17.238
  step 1100/1999 best 17.111
  step 1150/1999 best 17.327
  step 1200/1999 best 17.176
  step 1250/1999 best 17.358
  step 1300/1999 best 17.139
  step 1350/1999 best 17.264
  step 1400/1999 best 17.153
  step 1450/1999 best 17.024
  step 1500/1999 best 17.216
  step 1550/1999 best 16.785
  step 1600/1999 best 17.255
  step 1650/1999 best 17.198
  step 1700/1999 best 17.268
  step 1750/1999 best 17.223
  step 1800/1999 best 17.225
  step 1850/1999 best 17.223
  step 1900/1999 best 17.297
  step 1950/1999 best 17.208
saved SBC_CHAINS_cnn_vmim__n1_jitter_seed_s2_sim1191_row1009348_noise2160_2339_2518 (240000, 4) acc=0.198
  step 0/1999 best -19.583
  step 50/1999 best -3.094
  step 100/1999 best 6.538
  step 150/1999 best 14.103
  step 200/1999 best 15.958
  step 250/1999 best 16.436
  step 300/1999 best 16.377
  step 350/1999 best 17.165
  step 400/1999 best 16.881
  step 450/1999 best 16.906
  step 500/1999 best 16.914
  step 550/1999 best 17.035
  step 600/1999 best 17.058
  step 650/1999 best 17.143
  step 700/1999 best 17.114
  step 750/1999 best 17.198
  step 800/1999 best 16.977
  step 850/1999 best 17.095
  step 900/1999 best 16.985
  step 950/1999 best 17.055
  step 1000/1999 best 16.844
  step 1050/1999 best 17.048
  step 1100/1999 best 16.934
  step 1150/1999 best 16.961
  step 1200/1999 best 17.030
  step 1250/1999 best 17.041
  step 1300/1999 best 17.189
  step 1350/1999 best 16.997
  step 1400/1999 best 16.947
  step 1450/1999 best 16.956
  step 1500/1999 best 17.128
  step 1550/1999 best 17.199
  step 1600/1999 best 17.024
  step 1650/1999 best 17.180
  step 1700/1999 best 17.021
  step 1750/1999 best 17.186
  step 1800/1999 best 17.192
  step 1850/1999 best 17.072
  step 1900/1999 best 17.211
  step 1950/1999 best 17.089
saved SBC_CHAINS_cnn_vmim__n1_jitter_seed_s2_sim1438_row1220673_noise3785_3964_4143 (240000, 4) acc=0.177
  step 0/1999 best -15.797
  step 50/1999 best -1.352
  step 100/1999 best 7.382
  step 150/1999 best 11.641
  step 200/1999 best 12.873
  step 250/1999 best 14.006
  step 300/1999 best 15.043
  step 350/1999 best 15.170
  step 400/1999 best 14.843
  step 450/1999 best 15.109
  step 500/1999 best 14.925
  step 550/1999 best 15.041
  step 600/1999 best 14.830
  step 650/1999 best 15.068
  step 700/1999 best 14.925
  step 750/1999 best 15.124
  step 800/1999 best 14.744
  step 850/1999 best 15.074
  step 900/1999 best 15.131
  step 950/1999 best 15.045
  step 1000/1999 best 14.911
  step 1050/1999 best 14.962
  step 1100/1999 best 14.876
  step 1150/1999 best 14.982
  step 1200/1999 best 15.058
  step 1250/1999 best 15.048
  step 1300/1999 best 15.062
  step 1350/1999 best 15.016
  step 1400/1999 best 15.079
  step 1450/1999 best 14.937
  step 1500/1999 best 15.016
  step 1550/1999 best 14.839
  step 1600/1999 best 14.939
  step 1650/1999 best 15.141
  step 1700/1999 best 15.061
  step 1750/1999 best 15.032
  step 1800/1999 best 14.957
  step 1850/1999 best 15.094
  step 1900/1999 best 14.972
  step 1950/1999 best 15.019
saved SBC_CHAINS_cnn_vmim__n1_jitter_seed_s2_sim368_row354024_noise4388_4567_4746 (240000, 4) acc=0.184
  step 0/1999 best -21.390
  step 50/1999 best 8.236
  step 100/1999 best 15.217
  step 150/1999 best 16.520
  step 200/1999 best 16.881
  step 250/1999 best 16.861
  step 300/1999 best 16.840
  step 350/1999 best 16.700
  step 400/1999 best 16.816
  step 450/1999 best 16.837
  step 500/1999 best 16.964
  step 550/1999 best 16.938
  step 600/1999 best 16.748
  step 650/1999 best 16.894
  step 700/1999 best 16.931
  step 750/1999 best 16.802
  step 800/1999 best 16.775
  step 850/1999 best 16.855
  step 900/1999 best 16.718
  step 950/1999 best 16.879
  step 1000/1999 best 16.846
  step 1050/1999 best 16.796
  step 1100/1999 best 16.782
  step 1150/1999 best 16.792
  step 1200/1999 best 16.899
  step 1250/1999 best 16.905
  step 1300/1999 best 16.939
  step 1350/1999 best 16.754
  step 1400/1999 best 16.707
  step 1450/1999 best 16.873
  step 1500/1999 best 16.793
  step 1550/1999 best 16.811
  step 1600/1999 best 16.871
  step 1650/1999 best 16.885
  step 1700/1999 best 16.878
  step 1750/1999 best 16.857
  step 1800/1999 best 16.903
  step 1850/1999 best 16.829
  step 1900/1999 best 16.792
  step 1950/1999 best 16.848
saved SBC_CHAINS_cnn_vmim__n1_jitter_seed_s2_sim891_row840743_noise7223_7402_7581 (240000, 4) acc=0.356
  step 0/1999 best -21.248
  step 50/1999 best -2.124
  step 100/1999 best 15.672
  step 150/1999 best 15.683
  step 200/1999 best 16.055
  step 250/1999 best 16.014
  step 300/1999 best 15.935
  step 350/1999 best 16.035
  step 400/1999 best 16.060
  step 450/1999 best 16.141
  step 500/1999 best 15.968
  step 550/1999 best 16.083
  step 600/1999 best 16.096
  step 650/1999 best 16.119
  step 700/1999 best 16.025
  step 750/1999 best 15.937
  step 800/1999 best 16.153
  step 850/1999 best 16.002
  step 900/1999 best 15.990
  step 950/1999 best 16.006
  step 1000/1999 best 16.127
  step 1050/1999 best 16.000
  step 1100/1999 best 16.070
  step 1150/1999 best 16.135
  step 1200/1999 best 16.040
  step 1250/1999 best 15.846
  step 1300/1999 best 16.021
  step 1350/1999 best 16.140
  step 1400/1999 best 16.127
  step 1450/1999 best 16.064
  step 1500/1999 best 16.169
  step 1550/1999 best 16.157
  step 1600/1999 best 16.107
  step 1650/1999 best 16.164
  step 1700/1999 best 16.159
  step 1750/1999 best 16.099
  step 1800/1999 best 15.985
  step 1850/1999 best 16.164
  step 1900/1999 best 16.119
  step 1950/1999 best 16.154
saved SBC_CHAINS_cnn_vmim__n1_jitter_seed_s2_sim795_row744293_noise9053_9232_9411 (240000, 4) acc=0.305
  step 0/1999 best -29.753
  step 50/1999 best 1.710
  step 100/1999 best 0.459
  step 150/1999 best 4.057
  step 200/1999 best 12.021
  step 250/1999 best 12.622
  step 300/1999 best 12.835
  step 350/1999 best 13.270
  step 400/1999 best 13.097
  step 450/1999 best 13.072
  step 500/1999 best 13.348
  step 550/1999 best 13.267
  step 600/1999 best 13.321
  step 650/1999 best 13.302
  step 700/1999 best 13.468
  step 750/1999 best 13.369
  step 800/1999 best 13.378
  step 850/1999 best 13.344
  step 900/1999 best 13.412
  step 950/1999 best 13.326
  step 1000/1999 best 13.362
  step 1050/1999 best 13.483
  step 1100/1999 best 13.358
  step 1150/1999 best 13.317
  step 1200/1999 best 13.319
  step 1250/1999 best 13.238
  step 1300/1999 best 13.421
  step 1350/1999 best 13.392
  step 1400/1999 best 13.429
  step 1450/1999 best 13.393
  step 1500/1999 best 13.297
  step 1550/1999 best 13.315
  step 1600/1999 best 13.359
  step 1650/1999 best 13.406
  step 1700/1999 best 13.470
  step 1750/1999 best 13.385
  step 1800/1999 best 13.348
  step 1850/1999 best 13.297
  step 1900/1999 best 13.457
  step 1950/1999 best 13.348
saved SBC_CHAINS_cnn_vmim__n1_jitter_seed_s2_sim2983_row2578593_noise5709_5888_6067 (240000, 4) acc=0.349
  step 0/1999 best -19.631
  step 50/1999 best -1.289
  step 100/1999 best 1.703
  step 150/1999 best 10.455
  step 200/1999 best 12.195
  step 250/1999 best 13.382
  step 300/1999 best 12.869
  step 350/1999 best 13.683
  step 400/1999 best 14.034
  step 450/1999 best 13.633
  step 500/1999 best 13.679
  step 550/1999 best 13.917
  step 600/1999 best 13.844
  step 650/1999 best 13.894
  step 700/1999 best 13.378
  step 750/1999 best 13.704
  step 800/1999 best 13.808
  step 850/1999 best 13.950
  step 900/1999 best 13.885
  step 950/1999 best 13.794
  step 1000/1999 best 13.971
  step 1050/1999 best 14.044
  step 1100/1999 best 14.098
  step 1150/1999 best 14.055
  step 1200/1999 best 13.938
  step 1250/1999 best 13.884
  step 1300/1999 best 13.965
  step 1350/1999 best 13.946
  step 1400/1999 best 13.902
  step 1450/1999 best 13.966
  step 1500/1999 best 14.078
  step 1550/1999 best 13.997
  step 1600/1999 best 13.799
  step 1650/1999 best 13.811
  step 1700/1999 best 14.041
  step 1750/1999 best 13.891
  step 1800/1999 best 13.794
  step 1850/1999 best 13.793
  step 1900/1999 best 13.821
  step 1950/1999 best 13.969
saved SBC_CHAINS_cnn_vmim__n1_jitter_seed_s2_sim2372_row1971182_noise3634_3813_3992 (240000, 4) acc=0.302
  step 0/1999 best -16.788
  step 50/1999 best -4.254
  step 100/1999 best 1.566
  step 150/1999 best 8.382
  step 200/1999 best 10.767
  step 250/1999 best 11.593
  step 300/1999 best 11.685
  step 350/1999 best 11.766
  step 400/1999 best 11.857
  step 450/1999 best 11.934
  step 500/1999 best 11.825
  step 550/1999 best 11.822
  step 600/1999 best 11.906
  step 650/1999 best 11.875
  step 700/1999 best 11.849
  step 750/1999 best 11.809
  step 800/1999 best 11.863
  step 850/1999 best 11.880
  step 900/1999 best 11.969
  step 950/1999 best 11.909
  step 1000/1999 best 11.960
  step 1050/1999 best 11.892
  step 1100/1999 best 11.963
  step 1150/1999 best 11.807
  step 1200/1999 best 11.754
  step 1250/1999 best 11.895
  step 1300/1999 best 11.677
  step 1350/1999 best 11.954
  step 1400/1999 best 11.954
  step 1450/1999 best 11.887
  step 1500/1999 best 11.824
  step 1550/1999 best 11.939
  step 1600/1999 best 11.936
  step 1650/1999 best 11.981
  step 1700/1999 best 11.867
  step 1750/1999 best 11.694
  step 1800/1999 best 11.875
  step 1850/1999 best 11.875
  step 1900/1999 best 11.916
  step 1950/1999 best 11.831
saved SBC_CHAINS_cnn_vmim__n1_jitter_seed_s2_sim2509_row2108484_noise3344_3523_3702 (240000, 4) acc=0.290
  step 0/1999 best -21.146
  step 50/1999 best 14.017
  step 100/1999 best 12.931
  step 150/1999 best 13.228
  step 200/1999 best 13.487
  step 250/1999 best 14.770
  step 300/1999 best 15.011
  step 350/1999 best 14.551
  step 400/1999 best 14.563
  step 450/1999 best 14.669
  step 500/1999 best 14.905
  step 550/1999 best 15.144
  step 600/1999 best 15.125
  step 650/1999 best 14.887
  step 700/1999 best 15.047
  step 750/1999 best 15.127
  step 800/1999 best 15.186
  step 850/1999 best 15.136
  step 900/1999 best 15.215
  step 950/1999 best 15.089
  step 1000/1999 best 15.187
  step 1050/1999 best 15.069
  step 1100/1999 best 14.941
  step 1150/1999 best 15.156
  step 1200/1999 best 15.077
  step 1250/1999 best 15.204
  step 1300/1999 best 15.217
  step 1350/1999 best 15.149
  step 1400/1999 best 15.191
  step 1450/1999 best 15.172
  step 1500/1999 best 15.149
  step 1550/1999 best 15.149
  step 1600/1999 best 15.219
  step 1650/1999 best 14.965
  step 1700/1999 best 15.136
  step 1750/1999 best 15.139
  step 1800/1999 best 15.209
  step 1850/1999 best 15.155
  step 1900/1999 best 15.198
  step 1950/1999 best 15.175
saved SBC_CHAINS_cnn_vmim__n1_jitter_seed_s2_sim1999_row1610031_noise3947_4126_4305 (240000, 4) acc=0.173
  step 0/1999 best -21.448
  step 50/1999 best 11.316
  step 100/1999 best 15.213
  step 150/1999 best 17.100
  step 200/1999 best 16.968
  step 250/1999 best 16.956
  step 300/1999 best 17.054
  step 350/1999 best 17.141
  step 400/1999 best 17.088
  step 450/1999 best 17.207
  step 500/1999 best 17.070
  step 550/1999 best 17.048
  step 600/1999 best 16.991
  step 650/1999 best 16.981
  step 700/1999 best 17.112
  step 750/1999 best 17.195
  step 800/1999 best 17.148
  step 850/1999 best 16.897
  step 900/1999 best 17.158
  step 950/1999 best 17.174
  step 1000/1999 best 17.133
  step 1050/1999 best 16.968
  step 1100/1999 best 17.072
  step 1150/1999 best 17.168
  step 1200/1999 best 17.204
  step 1250/1999 best 17.146
  step 1300/1999 best 17.207
  step 1350/1999 best 17.180
  step 1400/1999 best 17.097
  step 1450/1999 best 17.002
  step 1500/1999 best 17.097
  step 1550/1999 best 17.149
  step 1600/1999 best 17.238
  step 1650/1999 best 17.102
  step 1700/1999 best 17.053
  step 1750/1999 best 17.224
  step 1800/1999 best 17.198
  step 1850/1999 best 17.219
  step 1900/1999 best 17.184
  step 1950/1999 best 17.032
saved SBC_CHAINS_cnn_vmim__n1_jitter_seed_s2_sim1977_row1588921_noise2493_2672_2851 (240000, 4) acc=0.289
  step 0/1999 best -21.580
  step 50/1999 best -2.130
  step 100/1999 best 11.110
  step 150/1999 best 12.085
  step 200/1999 best 12.330
  step 250/1999 best 12.765
  step 300/1999 best 12.727
  step 350/1999 best 12.755
  step 400/1999 best 12.715
  step 450/1999 best 12.708
  step 500/1999 best 12.612
  step 550/1999 best 12.711
  step 600/1999 best 12.670
  step 650/1999 best 12.690
  step 700/1999 best 12.705
  step 750/1999 best 12.768
  step 800/1999 best 12.730
  step 850/1999 best 12.666
  step 900/1999 best 12.606
  step 950/1999 best 12.743
  step 1000/1999 best 12.737
  step 1050/1999 best 12.733
  step 1100/1999 best 12.700
  step 1150/1999 best 12.748
  step 1200/1999 best 12.501
  step 1250/1999 best 12.743
  step 1300/1999 best 12.780
  step 1350/1999 best 12.739
  step 1400/1999 best 12.625
  step 1450/1999 best 12.709
  step 1500/1999 best 12.735
  step 1550/1999 best 12.417
  step 1600/1999 best 12.595
  step 1650/1999 best 12.576
  step 1700/1999 best 12.666
  step 1750/1999 best 12.725
  step 1800/1999 best 12.639
  step 1850/1999 best 12.739
  step 1900/1999 best 12.781
  step 1950/1999 best 12.769
saved SBC_CHAINS_cnn_vmim__n1_jitter_seed_s2_sim2847_row2442306_noise7014_7193_7372 (240000, 4) acc=0.288
  step 0/1999 best -22.303
  step 50/1999 best -3.428
  step 100/1999 best 1.933
  step 150/1999 best 9.677
  step 200/1999 best 14.107
  step 250/1999 best 14.107
  step 300/1999 best 13.902
  step 350/1999 best 14.464
  step 400/1999 best 14.714
  step 450/1999 best 14.726
  step 500/1999 best 14.701
  step 550/1999 best 14.518
  step 600/1999 best 14.693
  step 650/1999 best 14.716
  step 700/1999 best 14.820
  step 750/1999 best 14.550
  step 800/1999 best 14.676
  step 850/1999 best 14.558
  step 900/1999 best 14.572
  step 950/1999 best 14.764
  step 1000/1999 best 14.658
  step 1050/1999 best 14.562
  step 1100/1999 best 14.698
  step 1150/1999 best 14.686
  step 1200/1999 best 14.699
  step 1250/1999 best 14.753
  step 1300/1999 best 14.726
  step 1350/1999 best 14.772
  step 1400/1999 best 14.685
  step 1450/1999 best 14.694
  step 1500/1999 best 14.658
  step 1550/1999 best 14.708
  step 1600/1999 best 14.785
  step 1650/1999 best 14.756
  step 1700/1999 best 14.621
  step 1750/1999 best 14.708
  step 1800/1999 best 14.767
  step 1850/1999 best 14.732
  step 1900/1999 best 14.810
  step 1950/1999 best 14.803
saved SBC_CHAINS_cnn_vmim__n1_jitter_seed_s2_sim643_row596087_noise4267_4446_4625 (240000, 4) acc=0.255
  step 0/1999 best -24.495
  step 50/1999 best -1.875
  step 100/1999 best 1.137
  step 150/1999 best 8.818
  step 200/1999 best 13.405
  step 250/1999 best 14.051
  step 300/1999 best 14.371
  step 350/1999 best 14.625
  step 400/1999 best 14.595
  step 450/1999 best 14.486
  step 500/1999 best 14.598
  step 550/1999 best 14.674
  step 600/1999 best 14.608
  step 650/1999 best 14.607
  step 700/1999 best 14.650
  step 750/1999 best 14.594
  step 800/1999 best 14.621
  step 850/1999 best 14.658
  step 900/1999 best 14.625
  step 950/1999 best 14.591
  step 1000/1999 best 14.728
  step 1050/1999 best 14.632
  step 1100/1999 best 14.582
  step 1150/1999 best 14.709
  step 1200/1999 best 14.743
  step 1250/1999 best 14.515
  step 1300/1999 best 14.512
  step 1350/1999 best 14.699
  step 1400/1999 best 14.659
  step 1450/1999 best 14.669
  step 1500/1999 best 14.644
  step 1550/1999 best 14.597
  step 1600/1999 best 14.654
  step 1650/1999 best 14.650
  step 1700/1999 best 14.719
  step 1750/1999 best 14.731
  step 1800/1999 best 14.731
  step 1850/1999 best 14.609
  step 1900/1999 best 14.654
  step 1950/1999 best 14.712
saved SBC_CHAINS_cnn_vmim__n1_jitter_seed_s2_sim637_row590992_noise9000_9179_9358 (240000, 4) acc=0.302
  step 0/1999 best -16.542
  step 50/1999 best 3.518
  step 100/1999 best 3.403
  step 150/1999 best 10.391
  step 200/1999 best 13.460
  step 250/1999 best 13.460
  step 300/1999 best 15.316
  step 350/1999 best 16.414
  step 400/1999 best 16.226
  step 450/1999 best 16.097
  step 500/1999 best 16.206
  step 550/1999 best 16.356
  step 600/1999 best 16.106
  step 650/1999 best 16.453
  step 700/1999 best 16.326
  step 750/1999 best 15.384
  step 800/1999 best 15.515
  step 850/1999 best 15.322
  step 900/1999 best 16.071
  step 950/1999 best 16.148
  step 1000/1999 best 16.415
  step 1050/1999 best 16.205
  step 1100/1999 best 16.222
  step 1150/1999 best 15.786
  step 1200/1999 best 16.281
  step 1250/1999 best 16.505
  step 1300/1999 best 16.147
  step 1350/1999 best 16.300
  step 1400/1999 best 16.439
  step 1450/1999 best 16.296
  step 1500/1999 best 16.119
  step 1550/1999 best 16.205
  step 1600/1999 best 16.507
  step 1650/1999 best 16.430
  step 1700/1999 best 16.382
  step 1750/1999 best 16.422
  step 1800/1999 best 16.363
  step 1850/1999 best 16.475
  step 1900/1999 best 15.972
  step 1950/1999 best 16.420
saved SBC_CHAINS_cnn_vmim__n1_jitter_seed_s2_sim1306_row1115249_noise8953_9132_9311 (240000, 4) acc=0.111
  step 0/1999 best -15.127
  step 50/1999 best 8.924
  step 100/1999 best 15.067
  step 150/1999 best 15.947
  step 200/1999 best 16.088
  step 250/1999 best 16.090
  step 300/1999 best 15.928
  step 350/1999 best 16.080
  step 400/1999 best 15.737
  step 450/1999 best 15.968
  step 500/1999 best 16.015
  step 550/1999 best 15.881
  step 600/1999 best 16.124
  step 650/1999 best 16.191
  step 700/1999 best 15.862
  step 750/1999 best 16.119
  step 800/1999 best 15.983
  step 850/1999 best 16.075
  step 900/1999 best 16.099
  step 950/1999 best 16.078
  step 1000/1999 best 15.968
  step 1050/1999 best 16.076
  step 1100/1999 best 16.102
  step 1150/1999 best 16.040
  step 1200/1999 best 16.083
  step 1250/1999 best 16.139
  step 1300/1999 best 16.151
  step 1350/1999 best 16.042
  step 1400/1999 best 16.080
  step 1450/1999 best 16.175
  step 1500/1999 best 16.124
  step 1550/1999 best 16.150
  step 1600/1999 best 16.132
  step 1650/1999 best 15.949
  step 1700/1999 best 16.050
  step 1750/1999 best 16.067
  step 1800/1999 best 16.013
  step 1850/1999 best 16.021
  step 1900/1999 best 16.174
  step 1950/1999 best 15.926
saved SBC_CHAINS_cnn_vmim__n1_jitter_seed_s2_sim896_row845749_noise2401_2580_2759 (240000, 4) acc=0.344
  step 0/1999 best -18.071
  step 50/1999 best 10.711
  step 100/1999 best 13.431
  step 150/1999 best 13.431
  step 200/1999 best 13.338
  step 250/1999 best 13.723
  step 300/1999 best 13.940
  step 350/1999 best 13.979
  step 400/1999 best 13.907
  step 450/1999 best 13.938
  step 500/1999 best 13.943
  step 550/1999 best 14.066
  step 600/1999 best 13.904
  step 650/1999 best 14.024
  step 700/1999 best 14.027
  step 750/1999 best 13.801
  step 800/1999 best 13.965
  step 850/1999 best 13.867
  step 900/1999 best 14.007
  step 950/1999 best 14.023
  step 1000/1999 best 13.876
  step 1050/1999 best 14.019
  step 1100/1999 best 14.027
  step 1150/1999 best 13.979
  step 1200/1999 best 14.049
  step 1250/1999 best 14.013
  step 1300/1999 best 13.918
  step 1350/1999 best 14.006
  step 1400/1999 best 13.999
  step 1450/1999 best 13.934
  step 1500/1999 best 13.990
  step 1550/1999 best 13.959
  step 1600/1999 best 13.935
  step 1650/1999 best 14.025
  step 1700/1999 best 13.895
  step 1750/1999 best 13.972
  step 1800/1999 best 13.911
  step 1850/1999 best 14.028
  step 1900/1999 best 13.920
  step 1950/1999 best 13.948
saved SBC_CHAINS_cnn_vmim__n1_jitter_seed_s2_sim2996_row2591552_noise8840_9019_9198 (240000, 4) acc=0.392
  step 0/1999 best -23.556
  step 50/1999 best -3.512
  step 100/1999 best 6.732
  step 150/1999 best 9.117
  step 200/1999 best 14.929
  step 250/1999 best 16.000
  step 300/1999 best 15.964
  step 350/1999 best 16.618
  step 400/1999 best 16.137
  step 450/1999 best 16.538
  step 500/1999 best 16.570
  step 550/1999 best 16.357
  step 600/1999 best 16.508
  step 650/1999 best 16.515
  step 700/1999 best 16.412
  step 750/1999 best 16.527
  step 800/1999 best 16.383
  step 850/1999 best 16.637
  step 900/1999 best 16.558
  step 950/1999 best 16.479
  step 1000/1999 best 16.557
  step 1050/1999 best 16.529
  step 1100/1999 best 16.472
  step 1150/1999 best 16.404
  step 1200/1999 best 16.515
  step 1250/1999 best 16.453
  step 1300/1999 best 16.417
  step 1350/1999 best 16.241
  step 1400/1999 best 16.570
  step 1450/1999 best 16.536
  step 1500/1999 best 16.565
  step 1550/1999 best 16.615
  step 1600/1999 best 16.504
  step 1650/1999 best 16.495
  step 1700/1999 best 16.524
  step 1750/1999 best 16.553
  step 1800/1999 best 16.403
  step 1850/1999 best 16.489
  step 1900/1999 best 16.561
  step 1950/1999 best 16.445
saved SBC_CHAINS_cnn_vmim__n1_jitter_seed_s2_sim357_row343915_noise4107_4286_4465 (240000, 4) acc=0.181
  step 0/1999 best -20.581
  step 50/1999 best -1.141
  step 100/1999 best 6.145
  step 150/1999 best 5.135
  step 200/1999 best 9.466
  step 250/1999 best 9.953
  step 300/1999 best 10.416
  step 350/1999 best 10.233
  step 400/1999 best 10.954
  step 450/1999 best 10.638
  step 500/1999 best 11.037
  step 550/1999 best 10.958
  step 600/1999 best 10.974
  step 650/1999 best 11.037
  step 700/1999 best 10.925
  step 750/1999 best 11.066
  step 800/1999 best 10.824
  step 850/1999 best 10.939
  step 900/1999 best 10.913
  step 950/1999 best 10.917
  step 1000/1999 best 10.941
  step 1050/1999 best 11.108
  step 1100/1999 best 10.868
  step 1150/1999 best 11.043
  step 1200/1999 best 11.034
  step 1250/1999 best 10.875
  step 1300/1999 best 11.003
  step 1350/1999 best 10.795
  step 1400/1999 best 11.073
  step 1450/1999 best 10.882
  step 1500/1999 best 11.077
  step 1550/1999 best 11.018
  step 1600/1999 best 11.025
  step 1650/1999 best 10.906
  step 1700/1999 best 11.073
  step 1750/1999 best 10.920
  step 1800/1999 best 10.905
  step 1850/1999 best 11.020
  step 1900/1999 best 10.882
  step 1950/1999 best 10.918
saved SBC_CHAINS_cnn_vmim__n1_jitter_seed_s2_sim2617_row2216791_noise3543_3722_3901 (240000, 4) acc=0.178
  step 0/1999 best -9.615
  step 50/1999 best 2.669
  step 100/1999 best 11.270
  step 150/1999 best 14.648
  step 200/1999 best 15.477
  step 250/1999 best 15.674
  step 300/1999 best 15.744
  step 350/1999 best 15.685
  step 400/1999 best 15.466
  step 450/1999 best 15.723
  step 500/1999 best 15.711
  step 550/1999 best 15.750
  step 600/1999 best 15.436
  step 650/1999 best 15.763
  step 700/1999 best 15.719
  step 750/1999 best 15.683
  step 800/1999 best 15.609
  step 850/1999 best 15.764
  step 900/1999 best 15.740
  step 950/1999 best 15.651
  step 1000/1999 best 15.706
  step 1050/1999 best 15.774
  step 1100/1999 best 15.773
  step 1150/1999 best 15.659
  step 1200/1999 best 15.705
  step 1250/1999 best 15.721
  step 1300/1999 best 15.771
  step 1350/1999 best 15.692
  step 1400/1999 best 15.791
  step 1450/1999 best 15.659
  step 1500/1999 best 15.738
  step 1550/1999 best 15.656
  step 1600/1999 best 15.705
  step 1650/1999 best 15.722
  step 1700/1999 best 15.759
  step 1750/1999 best 15.670
  step 1800/1999 best 15.737
  step 1850/1999 best 15.727
  step 1900/1999 best 15.783
  step 1950/1999 best 15.770
saved SBC_CHAINS_cnn_vmim__n1_jitter_seed_s2_sim799_row748511_noise3443_3622_3801 (240000, 4) acc=0.376
  step 0/1999 best -16.837
  step 50/1999 best 7.880
  step 100/1999 best 7.880
  step 150/1999 best 14.236
  step 200/1999 best 15.607
  step 250/1999 best 16.645
  step 300/1999 best 16.465
  step 350/1999 best 16.452
  step 400/1999 best 16.394
  step 450/1999 best 17.050
  step 500/1999 best 16.967
  step 550/1999 best 17.124
  step 600/1999 best 16.965
  step 650/1999 best 16.908
  step 700/1999 best 16.901
  step 750/1999 best 17.076
  step 800/1999 best 16.997
  step 850/1999 best 17.099
  step 900/1999 best 17.121
  step 950/1999 best 17.012
  step 1000/1999 best 16.876
  step 1050/1999 best 16.988
  step 1100/1999 best 17.073
  step 1150/1999 best 16.906
  step 1200/1999 best 16.806
  step 1250/1999 best 16.726
  step 1300/1999 best 16.755
  step 1350/1999 best 16.750
  step 1400/1999 best 17.101
  step 1450/1999 best 17.098
  step 1500/1999 best 17.140
  step 1550/1999 best 17.055
  step 1600/1999 best 16.891
  step 1650/1999 best 17.013
  step 1700/1999 best 16.915
  step 1750/1999 best 16.995
  step 1800/1999 best 17.095
  step 1850/1999 best 16.887
  step 1900/1999 best 17.060
  step 1950/1999 best 17.099
saved SBC_CHAINS_cnn_vmim__n1_jitter_seed_s2_sim1737_row1490974_noise8246_8425_8604 (240000, 4) acc=0.158
  step 0/1999 best -18.664
  step 50/1999 best 9.616
  step 100/1999 best 12.288
  step 150/1999 best 14.898
  step 200/1999 best 14.584
  step 250/1999 best 14.450
  step 300/1999 best 15.453
  step 350/1999 best 15.463
  step 400/1999 best 15.545
  step 450/1999 best 15.850
  step 500/1999 best 15.761
  step 550/1999 best 15.568
  step 600/1999 best 15.772
  step 650/1999 best 15.655
  step 700/1999 best 15.728
  step 750/1999 best 15.256
  step 800/1999 best 15.754
  step 850/1999 best 15.527
  step 900/1999 best 15.643
  step 950/1999 best 15.773
  step 1000/1999 best 15.625
  step 1050/1999 best 15.481
  step 1100/1999 best 15.459
  step 1150/1999 best 15.745
  step 1200/1999 best 15.701
  step 1250/1999 best 15.611
  step 1300/1999 best 15.657
  step 1350/1999 best 15.802
  step 1400/1999 best 15.836
  step 1450/1999 best 15.792
  step 1500/1999 best 15.735
  step 1550/1999 best 15.741
  step 1600/1999 best 15.549
  step 1650/1999 best 15.783
  step 1700/1999 best 15.888
  step 1750/1999 best 15.583
  step 1800/1999 best 15.634
  step 1850/1999 best 15.892
  step 1900/1999 best 15.857
  step 1950/1999 best 15.714
saved SBC_CHAINS_cnn_vmim__n1_jitter_seed_s2_sim1539_row1316658_noise6490_6669_6848 (240000, 4) acc=0.164
  step 0/1999 best -16.159
  step 50/1999 best 6.363
  step 100/1999 best 6.284
  step 150/1999 best 6.323
  step 200/1999 best 13.143
  step 250/1999 best 13.143
  step 300/1999 best 14.376
  step 350/1999 best 14.666
  step 400/1999 best 14.676
  step 450/1999 best 14.652
  step 500/1999 best 14.247
  step 550/1999 best 14.751
  step 600/1999 best 14.414
  step 650/1999 best 14.744
  step 700/1999 best 14.703
  step 750/1999 best 14.840
  step 800/1999 best 14.820
  step 850/1999 best 14.795
  step 900/1999 best 14.991
  step 950/1999 best 14.575
  step 1000/1999 best 14.658
  step 1050/1999 best 14.369
  step 1100/1999 best 14.560
  step 1150/1999 best 14.436
  step 1200/1999 best 14.758
  step 1250/1999 best 15.024
  step 1300/1999 best 14.988
  step 1350/1999 best 14.536
  step 1400/1999 best 14.430
  step 1450/1999 best 14.763
  step 1500/1999 best 14.505
  step 1550/1999 best 14.604
  step 1600/1999 best 14.970
  step 1650/1999 best 14.911
  step 1700/1999 best 14.727
  step 1750/1999 best 14.863
  step 1800/1999 best 14.774
  step 1850/1999 best 14.613
  step 1900/1999 best 14.526
  step 1950/1999 best 14.873
saved SBC_CHAINS_cnn_vmim__n1_jitter_seed_s2_sim220_row206759_noise4543_4722_4901 (240000, 4) acc=0.126
  step 0/1999 best -23.168
  step 50/1999 best -3.098
  step 100/1999 best 8.129
  step 150/1999 best 10.639
  step 200/1999 best 11.513
  step 250/1999 best 11.202
  step 300/1999 best 11.667
  step 350/1999 best 11.500
  step 400/1999 best 11.621
  step 450/1999 best 11.700
  step 500/1999 best 11.748
  step 550/1999 best 11.352
  step 600/1999 best 11.525
  step 650/1999 best 11.544
  step 700/1999 best 11.684
  step 750/1999 best 11.672
  step 800/1999 best 11.411
  step 850/1999 best 11.622
  step 900/1999 best 11.680
  step 950/1999 best 11.589
  step 1000/1999 best 11.686
  step 1050/1999 best 11.635
  step 1100/1999 best 11.578
  step 1150/1999 best 11.531
  step 1200/1999 best 11.488
  step 1250/1999 best 11.625
  step 1300/1999 best 11.678
  step 1350/1999 best 11.617
  step 1400/1999 best 11.505
  step 1450/1999 best 11.638
  step 1500/1999 best 11.715
  step 1550/1999 best 11.586
  step 1600/1999 best 11.648
  step 1650/1999 best 11.590
  step 1700/1999 best 11.623
  step 1750/1999 best 11.650
  step 1800/1999 best 11.747
  step 1850/1999 best 11.515
  step 1900/1999 best 11.589
  step 1950/1999 best 11.630
saved SBC_CHAINS_cnn_vmim__n1_jitter_seed_s2_sim2631_row2230651_noise7575_7754_7933 (240000, 4) acc=0.159
  step 0/1999 best -12.350
  step 50/1999 best 3.040
  step 100/1999 best 6.903
  step 150/1999 best 9.815
  step 200/1999 best 10.861
  step 250/1999 best 10.456
  step 300/1999 best 10.732
  step 350/1999 best 10.575
  step 400/1999 best 10.822
  step 450/1999 best 10.719
  step 500/1999 best 10.607
  step 550/1999 best 10.694
  step 600/1999 best 10.698
  step 650/1999 best 10.653
  step 700/1999 best 10.560
  step 750/1999 best 10.880
  step 800/1999 best 10.786
  step 850/1999 best 10.752
  step 900/1999 best 10.710
  step 950/1999 best 10.761
  step 1000/1999 best 10.807
  step 1050/1999 best 10.856
  step 1100/1999 best 10.603
  step 1150/1999 best 10.604
  step 1200/1999 best 10.696
  step 1250/1999 best 10.783
  step 1300/1999 best 10.845
  step 1350/1999 best 10.873
  step 1400/1999 best 10.861
  step 1450/1999 best 10.643
  step 1500/1999 best 10.695
  step 1550/1999 best 10.717
  step 1600/1999 best 10.749
  step 1650/1999 best 10.651
  step 1700/1999 best 10.778
  step 1750/1999 best 10.708
  step 1800/1999 best 10.767
  step 1850/1999 best 10.781
  step 1900/1999 best 10.803
  step 1950/1999 best 10.791
saved SBC_CHAINS_cnn_vmim__n1_jitter_seed_s2_sim3026_row2621684_noise9488_9667_18 (240000, 4) acc=0.250
  step 0/1999 best -24.921
  step 50/1999 best 13.230
  step 100/1999 best 15.480
  step 150/1999 best 16.547
  step 200/1999 best 16.877
  step 250/1999 best 16.583
  step 300/1999 best 16.845
  step 350/1999 best 16.844
  step 400/1999 best 16.715
  step 450/1999 best 16.750
  step 500/1999 best 16.900
  step 550/1999 best 16.896
  step 600/1999 best 16.763
  step 650/1999 best 16.776
  step 700/1999 best 16.855
  step 750/1999 best 16.794
  step 800/1999 best 16.757
  step 850/1999 best 16.881
  step 900/1999 best 16.676
  step 950/1999 best 16.932
  step 1000/1999 best 16.738
  step 1050/1999 best 16.845
  step 1100/1999 best 16.877
  step 1150/1999 best 16.855
  step 1200/1999 best 16.798
  step 1250/1999 best 16.894
  step 1300/1999 best 16.922
  step 1350/1999 best 16.768
  step 1400/1999 best 16.859
  step 1450/1999 best 16.814
  step 1500/1999 best 16.931
  step 1550/1999 best 16.860
  step 1600/1999 best 16.944
  step 1650/1999 best 16.756
  step 1700/1999 best 16.799
  step 1750/1999 best 16.914
  step 1800/1999 best 16.766
  step 1850/1999 best 16.764
  step 1900/1999 best 16.925
  step 1950/1999 best 16.910
saved SBC_CHAINS_cnn_vmim__n1_jitter_seed_s2_sim1988_row1599052_noise2796_2975_3154 (240000, 4) acc=0.241
  step 0/1999 best -25.516
  step 50/1999 best -4.393
  step 100/1999 best 4.868
  step 150/1999 best 4.920
  step 200/1999 best 7.450
  step 250/1999 best 14.975
  step 300/1999 best 16.275
  step 350/1999 best 15.776
  step 400/1999 best 16.017
  step 450/1999 best 16.340
  step 500/1999 best 16.321
  step 550/1999 best 16.142
  step 600/1999 best 16.280
  step 650/1999 best 16.345
  step 700/1999 best 16.318
  step 750/1999 best 16.337
  step 800/1999 best 16.072
  step 850/1999 best 16.123
  step 900/1999 best 16.068
  step 950/1999 best 16.025
  step 1000/1999 best 16.309
  step 1050/1999 best 16.338
  step 1100/1999 best 16.110
  step 1150/1999 best 16.239
  step 1200/1999 best 16.245
  step 1250/1999 best 16.262
  step 1300/1999 best 16.232
  step 1350/1999 best 16.342
  step 1400/1999 best 16.336
  step 1450/1999 best 16.384
  step 1500/1999 best 16.311
  step 1550/1999 best 16.291
  step 1600/1999 best 16.391
  step 1650/1999 best 16.377
  step 1700/1999 best 16.127
  step 1750/1999 best 16.357
  step 1800/1999 best 16.292
  step 1850/1999 best 16.314
  step 1900/1999 best 16.321
  step 1950/1999 best 16.202
saved SBC_CHAINS_cnn_vmim__n1_jitter_seed_s2_sim171_row162286_noise4210_4389_4568 (240000, 4) acc=0.206
  step 0/1999 best -22.030
  step 50/1999 best 7.842
  step 100/1999 best 12.121
  step 150/1999 best 14.182
  step 200/1999 best 14.371
  step 250/1999 best 14.332
  step 300/1999 best 14.424
  step 350/1999 best 14.358
  step 400/1999 best 14.341
  step 450/1999 best 14.441
  step 500/1999 best 14.409
  step 550/1999 best 14.353
  step 600/1999 best 14.268
  step 650/1999 best 14.366
  step 700/1999 best 14.363
  step 750/1999 best 14.369
  step 800/1999 best 14.419
  step 850/1999 best 14.326
  step 900/1999 best 14.214
  step 950/1999 best 14.257
  step 1000/1999 best 14.250
  step 1050/1999 best 14.406
  step 1100/1999 best 14.340
  step 1150/1999 best 14.320
  step 1200/1999 best 14.239
  step 1250/1999 best 14.312
  step 1300/1999 best 14.402
  step 1350/1999 best 14.451
  step 1400/1999 best 14.369
  step 1450/1999 best 14.372
  step 1500/1999 best 14.357
  step 1550/1999 best 14.287
  step 1600/1999 best 14.332
  step 1650/1999 best 14.278
  step 1700/1999 best 14.369
  step 1750/1999 best 14.290
  step 1800/1999 best 14.335
  step 1850/1999 best 14.368
  step 1900/1999 best 14.268
  step 1950/1999 best 14.330
saved SBC_CHAINS_cnn_vmim__n1_jitter_seed_s2_sim3087_row2682625_noise1633_1812_1991 (240000, 4) acc=0.411
  step 0/1999 best -23.510
  step 50/1999 best 14.353
  step 100/1999 best 14.692
  step 150/1999 best 15.602
  step 200/1999 best 15.739
  step 250/1999 best 16.346
  step 300/1999 best 16.073
  step 350/1999 best 16.126
  step 400/1999 best 16.401
  step 450/1999 best 16.444
  step 500/1999 best 16.121
  step 550/1999 best 16.251
  step 600/1999 best 16.330
  step 650/1999 best 16.407
  step 700/1999 best 16.379
  step 750/1999 best 16.128
  step 800/1999 best 16.093
  step 850/1999 best 16.420
  step 900/1999 best 16.423
  step 950/1999 best 16.355
  step 1000/1999 best 16.299
  step 1050/1999 best 16.399
  step 1100/1999 best 16.413
  step 1150/1999 best 16.434
  step 1200/1999 best 16.298
  step 1250/1999 best 16.283
  step 1300/1999 best 16.406
  step 1350/1999 best 16.240
  step 1400/1999 best 16.436
  step 1450/1999 best 16.397
  step 1500/1999 best 16.463
  step 1550/1999 best 16.363
  step 1600/1999 best 16.496
  step 1650/1999 best 16.407
  step 1700/1999 best 16.301
  step 1750/1999 best 16.239
  step 1800/1999 best 16.262
  step 1850/1999 best 16.500
  step 1900/1999 best 16.462
  step 1950/1999 best 16.435
saved SBC_CHAINS_cnn_vmim__n1_jitter_seed_s2_sim278_row264974_noise3790_3969_4148 (240000, 4) acc=0.251
  step 0/1999 best -18.320
  step 50/1999 best 8.836
  step 100/1999 best 13.043
  step 150/1999 best 11.552
  step 200/1999 best 13.322
  step 250/1999 best 12.698
  step 300/1999 best 13.171
  step 350/1999 best 13.056
  step 400/1999 best 13.731
  step 450/1999 best 13.915
  step 500/1999 best 13.890
  step 550/1999 best 13.747
  step 600/1999 best 13.916
  step 650/1999 best 13.760
  step 700/1999 best 13.883
  step 750/1999 best 13.869
  step 800/1999 best 13.939
  step 850/1999 best 13.857
  step 900/1999 best 13.799
  step 950/1999 best 13.775
  step 1000/1999 best 13.928
  step 1050/1999 best 13.944
  step 1100/1999 best 13.929
  step 1150/1999 best 13.917
  step 1200/1999 best 13.865
  step 1250/1999 best 13.798
  step 1300/1999 best 13.868
  step 1350/1999 best 13.859
  step 1400/1999 best 13.944
  step 1450/1999 best 13.879
  step 1500/1999 best 13.764
  step 1550/1999 best 13.773
  step 1600/1999 best 13.923
  step 1650/1999 best 13.852
  step 1700/1999 best 13.825
  step 1750/1999 best 13.916
  step 1800/1999 best 13.718
  step 1850/1999 best 13.820
  step 1900/1999 best 13.848
  step 1950/1999 best 13.889
saved SBC_CHAINS_cnn_vmim__n1_jitter_seed_s2_sim829_row778483_noise3931_4110_4289 (240000, 4) acc=0.301
  step 0/1999 best -20.948
  step 50/1999 best -2.360
  step 100/1999 best 3.866
  step 150/1999 best 10.681
  step 200/1999 best 11.037
  step 250/1999 best 12.003
  step 300/1999 best 11.740
  step 350/1999 best 12.269
  step 400/1999 best 12.272
  step 450/1999 best 12.269
  step 500/1999 best 12.239
  step 550/1999 best 12.166
  step 600/1999 best 12.136
  step 650/1999 best 12.090
  step 700/1999 best 12.506
  step 750/1999 best 12.247
  step 800/1999 best 12.489
  step 850/1999 best 12.363
  step 900/1999 best 12.253
  step 950/1999 best 12.201
  step 1000/1999 best 12.299
  step 1050/1999 best 12.288
  step 1100/1999 best 12.516
  step 1150/1999 best 12.365
  step 1200/1999 best 12.429
  step 1250/1999 best 12.222
  step 1300/1999 best 12.431
  step 1350/1999 best 12.475
  step 1400/1999 best 12.512
  step 1450/1999 best 12.254
  step 1500/1999 best 12.442
  step 1550/1999 best 12.390
  step 1600/1999 best 12.493
  step 1650/1999 best 12.439
  step 1700/1999 best 12.366
  step 1750/1999 best 12.473
  step 1800/1999 best 12.473
  step 1850/1999 best 12.448
  step 1900/1999 best 12.504
  step 1950/1999 best 12.431
saved SBC_CHAINS_cnn_vmim__n1_jitter_seed_s2_sim2613_row2212969_noise9549_9728_79 (240000, 4) acc=0.165
  step 0/1999 best -13.824
  step 50/1999 best 0.456
  step 100/1999 best 13.737
  step 150/1999 best 16.819
  step 200/1999 best 17.389
  step 250/1999 best 17.538
  step 300/1999 best 17.259
  step 350/1999 best 17.578
  step 400/1999 best 17.565
  step 450/1999 best 17.760
  step 500/1999 best 17.733
  step 550/1999 best 17.735
  step 600/1999 best 17.708
  step 650/1999 best 17.735
  step 700/1999 best 17.713
  step 750/1999 best 17.694
  step 800/1999 best 17.671
  step 850/1999 best 17.687
  step 900/1999 best 17.600
  step 950/1999 best 17.668
  step 1000/1999 best 17.692
  step 1050/1999 best 17.554
  step 1100/1999 best 17.828
  step 1150/1999 best 17.765
  step 1200/1999 best 17.754
  step 1250/1999 best 17.822
  step 1300/1999 best 17.775
  step 1350/1999 best 17.791
  step 1400/1999 best 17.774
  step 1450/1999 best 17.652
  step 1500/1999 best 17.724
  step 1550/1999 best 17.600
  step 1600/1999 best 17.624
  step 1650/1999 best 17.756
  step 1700/1999 best 17.812
  step 1750/1999 best 17.727
  step 1800/1999 best 17.837
  step 1850/1999 best 17.760
  step 1900/1999 best 17.615
  step 1950/1999 best 17.638
saved SBC_CHAINS_cnn_vmim__n1_jitter_seed_s2_sim1275_row1093201_noise7389_7568_7747 (240000, 4) acc=0.239
  step 0/1999 best -25.207
  step 50/1999 best -7.857
  step 100/1999 best 4.322
  step 150/1999 best 8.359
  step 200/1999 best 8.481
  step 250/1999 best 9.277
  step 300/1999 best 10.370
  step 350/1999 best 10.374
  step 400/1999 best 10.680
  step 450/1999 best 10.497
  step 500/1999 best 10.352
  step 550/1999 best 10.691
  step 600/1999 best 10.895
  step 650/1999 best 10.625
  step 700/1999 best 10.647
  step 750/1999 best 10.757
  step 800/1999 best 10.821
  step 850/1999 best 10.909
  step 900/1999 best 10.689
  step 950/1999 best 10.858
  step 1000/1999 best 10.707
  step 1050/1999 best 10.914
  step 1100/1999 best 10.540
  step 1150/1999 best 10.953
  step 1200/1999 best 10.622
  step 1250/1999 best 10.842
  step 1300/1999 best 10.969
  step 1350/1999 best 10.749
  step 1400/1999 best 10.890
  step 1450/1999 best 10.867
  step 1500/1999 best 10.946
  step 1550/1999 best 10.900
  step 1600/1999 best 10.898
  step 1650/1999 best 10.787
  step 1700/1999 best 10.740
  step 1750/1999 best 10.949
  step 1800/1999 best 10.818
  step 1850/1999 best 10.911
  step 1900/1999 best 10.886
  step 1950/1999 best 10.804
saved SBC_CHAINS_cnn_vmim__n1_jitter_seed_s2_sim2630_row2229643_noise6567_6746_6925 (240000, 4) acc=0.161
  step 0/1999 best -17.803
  step 50/1999 best 1.478
  step 100/1999 best 8.928
  step 150/1999 best 13.210
  step 200/1999 best 13.772
  step 250/1999 best 13.430
  step 300/1999 best 13.596
  step 350/1999 best 13.561
  step 400/1999 best 13.574
  step 450/1999 best 13.748
  step 500/1999 best 13.812
  step 550/1999 best 13.741
  step 600/1999 best 13.764
  step 650/1999 best 13.869
  step 700/1999 best 13.877
  step 750/1999 best 13.840
  step 800/1999 best 13.617
  step 850/1999 best 13.894
  step 900/1999 best 13.829
  step 950/1999 best 13.788
  step 1000/1999 best 13.909
  step 1050/1999 best 13.778
  step 1100/1999 best 13.703
  step 1150/1999 best 13.892
  step 1200/1999 best 13.905
  step 1250/1999 best 13.780
  step 1300/1999 best 13.642
  step 1350/1999 best 13.803
  step 1400/1999 best 13.578
  step 1450/1999 best 13.866
  step 1500/1999 best 13.807
  step 1550/1999 best 13.804
  step 1600/1999 best 13.866
  step 1650/1999 best 13.831
  step 1700/1999 best 13.754
  step 1750/1999 best 13.710
  step 1800/1999 best 13.818
  step 1850/1999 best 13.728
  step 1900/1999 best 13.741
  step 1950/1999 best 13.721
saved SBC_CHAINS_cnn_vmim__n1_jitter_seed_s2_sim2444_row2043933_noise7589_7768_7947 (240000, 4) acc=0.286
  step 0/1999 best -10.132
  step 50/1999 best 7.338
  step 100/1999 best 9.552
  step 150/1999 best 11.512
  step 200/1999 best 11.445
  step 250/1999 best 11.302
  step 300/1999 best 11.597
  step 350/1999 best 12.101
  step 400/1999 best 12.320
  step 450/1999 best 12.139
  step 500/1999 best 12.196
  step 550/1999 best 12.296
  step 600/1999 best 12.052
  step 650/1999 best 12.129
  step 700/1999 best 12.246
  step 750/1999 best 12.300
  step 800/1999 best 12.236
  step 850/1999 best 12.300
  step 900/1999 best 12.166
  step 950/1999 best 12.241
  step 1000/1999 best 12.307
  step 1050/1999 best 12.157
  step 1100/1999 best 12.221
  step 1150/1999 best 12.238
  step 1200/1999 best 12.238
  step 1250/1999 best 12.127
  step 1300/1999 best 12.194
  step 1350/1999 best 12.268
  step 1400/1999 best 12.097
  step 1450/1999 best 12.290
  step 1500/1999 best 12.202
  step 1550/1999 best 12.243
  step 1600/1999 best 12.172
  step 1650/1999 best 12.045
  step 1700/1999 best 12.262
  step 1750/1999 best 12.204
  step 1800/1999 best 12.247
  step 1850/1999 best 12.205
  step 1900/1999 best 12.298
  step 1950/1999 best 12.270
saved SBC_CHAINS_cnn_vmim__n1_jitter_seed_s2_sim2089_row1699690_noise6154_6333_6512 (240000, 4) acc=0.216
  step 0/1999 best -16.396
  step 50/1999 best -1.864
  step 100/1999 best 2.198
  step 150/1999 best 10.104
  step 200/1999 best 10.452
  step 250/1999 best 15.848
  step 300/1999 best 15.820
  step 350/1999 best 16.111
  step 400/1999 best 16.316
  step 450/1999 best 15.998
  step 500/1999 best 16.016
  step 550/1999 best 16.241
  step 600/1999 best 15.992
  step 650/1999 best 16.416
  step 700/1999 best 16.313
  step 750/1999 best 16.016
  step 800/1999 best 16.330
  step 850/1999 best 16.284
  step 900/1999 best 16.426
  step 950/1999 best 16.292
  step 1000/1999 best 16.188
  step 1050/1999 best 16.424
  step 1100/1999 best 16.238
  step 1150/1999 best 16.221
  step 1200/1999 best 16.411
  step 1250/1999 best 16.206
  step 1300/1999 best 16.275
  step 1350/1999 best 16.285
  step 1400/1999 best 16.203
  step 1450/1999 best 16.329
  step 1500/1999 best 16.068
  step 1550/1999 best 16.446
  step 1600/1999 best 16.308
  step 1650/1999 best 16.292
  step 1700/1999 best 16.196
  step 1750/1999 best 16.311
  step 1800/1999 best 16.194
  step 1850/1999 best 16.400
  step 1900/1999 best 16.220
  step 1950/1999 best 16.360
saved SBC_CHAINS_cnn_vmim__n1_jitter_seed_s2_sim1534_row1311615_noise1447_1626_1805 (240000, 4) acc=0.194
  step 0/1999 best -19.766
  step 50/1999 best 4.495
  step 100/1999 best 6.645
  step 150/1999 best 12.610
  step 200/1999 best 13.510
  step 250/1999 best 13.596
  step 300/1999 best 13.790
  step 350/1999 best 13.621
  step 400/1999 best 13.773
  step 450/1999 best 13.726
  step 500/1999 best 13.862
  step 550/1999 best 13.746
  step 600/1999 best 13.801
  step 650/1999 best 13.821
  step 700/1999 best 13.875
  step 750/1999 best 13.723
  step 800/1999 best 13.920
  step 850/1999 best 13.708
  step 900/1999 best 13.784
  step 950/1999 best 13.774
  step 1000/1999 best 13.869
  step 1050/1999 best 13.718
  step 1100/1999 best 13.879
  step 1150/1999 best 13.796
  step 1200/1999 best 13.732
  step 1250/1999 best 13.807
  step 1300/1999 best 13.735
  step 1350/1999 best 13.824
  step 1400/1999 best 13.624
  step 1450/1999 best 13.750
  step 1500/1999 best 13.757
  step 1550/1999 best 13.808
  step 1600/1999 best 13.813
  step 1650/1999 best 13.830
  step 1700/1999 best 13.741
  step 1750/1999 best 13.863
  step 1800/1999 best 13.733
  step 1850/1999 best 13.856
  step 1900/1999 best 13.859
  step 1950/1999 best 13.796
saved SBC_CHAINS_cnn_vmim__n1_jitter_seed_s2_sim296_row282431_noise1591_1770_1949 (240000, 4) acc=0.214
  step 0/1999 best -23.614
  step 50/1999 best -12.741
  step 100/1999 best 6.374
  step 150/1999 best 6.602
  step 200/1999 best 5.944
  step 250/1999 best 9.534
  step 300/1999 best 9.777
  step 350/1999 best 11.703
  step 400/1999 best 11.703
  step 450/1999 best 11.713
  step 500/1999 best 11.643
  step 550/1999 best 11.956
  step 600/1999 best 11.878
  step 650/1999 best 11.878
  step 700/1999 best 11.329
  step 750/1999 best 11.674
  step 800/1999 best 11.901
  step 850/1999 best 11.357
  step 900/1999 best 11.895
  step 950/1999 best 11.839
  step 1000/1999 best 11.998
  step 1050/1999 best 11.071
  step 1100/1999 best 11.880
  step 1150/1999 best 11.847
  step 1200/1999 best 11.416
  step 1250/1999 best 11.915
  step 1300/1999 best 11.942
  step 1350/1999 best 11.643
  step 1400/1999 best 11.762
  step 1450/1999 best 11.863
  step 1500/1999 best 12.073
  step 1550/1999 best 12.074
  step 1600/1999 best 11.956
  step 1650/1999 best 11.902
  step 1700/1999 best 11.866
  step 1750/1999 best 11.801
  step 1800/1999 best 11.616
  step 1850/1999 best 11.810
  step 1900/1999 best 11.808
  step 1950/1999 best 11.628
saved SBC_CHAINS_cnn_vmim__n1_jitter_seed_s2_sim2560_row2159512_noise5232_5411_5590 (240000, 4) acc=0.157
  step 0/1999 best -16.476
  step 50/1999 best -3.786
  step 100/1999 best 12.228
  step 150/1999 best 15.353
  step 200/1999 best 16.151
  step 250/1999 best 15.923
  step 300/1999 best 15.971
  step 350/1999 best 16.006
  step 400/1999 best 16.399
  step 450/1999 best 16.266
  step 500/1999 best 16.342
  step 550/1999 best 16.313
  step 600/1999 best 16.434
  step 650/1999 best 16.272
  step 700/1999 best 16.120
  step 750/1999 best 16.444
  step 800/1999 best 16.398
  step 850/1999 best 16.620
  step 900/1999 best 16.450
  step 950/1999 best 16.557
  step 1000/1999 best 16.549
  step 1050/1999 best 16.716
  step 1100/1999 best 16.604
  step 1150/1999 best 16.630
  step 1200/1999 best 16.234
  step 1250/1999 best 16.282
  step 1300/1999 best 16.633
  step 1350/1999 best 16.578
  step 1400/1999 best 16.495
  step 1450/1999 best 16.377
  step 1500/1999 best 16.623
  step 1550/1999 best 16.553
  step 1600/1999 best 16.549
  step 1650/1999 best 16.723
  step 1700/1999 best 16.589
  step 1750/1999 best 16.666
  step 1800/1999 best 16.537
  step 1850/1999 best 16.296
  step 1900/1999 best 16.566
  step 1950/1999 best 16.583
saved SBC_CHAINS_cnn_vmim__n1_jitter_seed_s2_sim2068_row1678450_noise4570_4749_4928 (240000, 4) acc=0.203
  step 0/1999 best -17.698
  step 50/1999 best 4.655
  step 100/1999 best 7.813
  step 150/1999 best 14.414
  step 200/1999 best 16.462
  step 250/1999 best 15.734
  step 300/1999 best 15.658
  step 350/1999 best 15.629
  step 400/1999 best 16.043
  step 450/1999 best 16.847
  step 500/1999 best 16.743
  step 550/1999 best 16.449
  step 600/1999 best 16.376
  step 650/1999 best 16.890
  step 700/1999 best 16.498
  step 750/1999 best 16.828
  step 800/1999 best 16.680
  step 850/1999 best 16.815
  step 900/1999 best 16.625
  step 950/1999 best 16.912
  step 1000/1999 best 16.709
  step 1050/1999 best 16.677
  step 1100/1999 best 16.792
  step 1150/1999 best 16.842
  step 1200/1999 best 16.768
  step 1250/1999 best 16.841
  step 1300/1999 best 16.777
  step 1350/1999 best 16.813
  step 1400/1999 best 16.732
  step 1450/1999 best 16.792
  step 1500/1999 best 16.846
  step 1550/1999 best 16.642
  step 1600/1999 best 16.913
  step 1650/1999 best 16.658
  step 1700/1999 best 16.598
  step 1750/1999 best 16.732
  step 1800/1999 best 16.749
  step 1850/1999 best 16.912
  step 1900/1999 best 16.712
  step 1950/1999 best 16.738
saved SBC_CHAINS_cnn_vmim__n1_jitter_seed_s2_sim1455_row1237609_noise1065_1244_1423 (240000, 4) acc=0.150
  step 0/1999 best -12.642
  step 50/1999 best 2.310
  step 100/1999 best 6.106
  step 150/1999 best 6.746
  step 200/1999 best 9.834
  step 250/1999 best 11.810
  step 300/1999 best 12.110
  step 350/1999 best 13.062
  step 400/1999 best 13.237
  step 450/1999 best 13.163
  step 500/1999 best 13.332
  step 550/1999 best 12.925
  step 600/1999 best 13.371
  step 650/1999 best 13.338
  step 700/1999 best 13.386
  step 750/1999 best 13.257
  step 800/1999 best 13.203
  step 850/1999 best 13.462
  step 900/1999 best 13.092
  step 950/1999 best 13.340
  step 1000/1999 best 13.330
  step 1050/1999 best 13.023
  step 1100/1999 best 13.319
  step 1150/1999 best 13.312
  step 1200/1999 best 13.221
  step 1250/1999 best 13.337
  step 1300/1999 best 13.478
  step 1350/1999 best 13.481
  step 1400/1999 best 13.359
  step 1450/1999 best 13.285
  step 1500/1999 best 13.448
  step 1550/1999 best 13.376
  step 1600/1999 best 13.276
  step 1650/1999 best 13.244
  step 1700/1999 best 13.267
  step 1750/1999 best 13.459
  step 1800/1999 best 13.426
  step 1850/1999 best 13.361
  step 1900/1999 best 13.373
  step 1950/1999 best 13.354
saved SBC_CHAINS_cnn_vmim__n1_jitter_seed_s2_sim2468_row2067801_noise1973_2152_2331 (240000, 4) acc=0.223
  step 0/1999 best -23.407
  step 50/1999 best -3.036
  step 100/1999 best 1.375
  step 150/1999 best 7.673
  step 200/1999 best 8.186
  step 250/1999 best 9.016
  step 300/1999 best 9.986
  step 350/1999 best 9.798
  step 400/1999 best 9.924
  step 450/1999 best 9.781
  step 500/1999 best 9.742
  step 550/1999 best 9.854
  step 600/1999 best 9.917
  step 650/1999 best 9.807
  step 700/1999 best 9.947
  step 750/1999 best 9.817
  step 800/1999 best 9.606
  step 850/1999 best 10.002
  step 900/1999 best 9.840
  step 950/1999 best 9.963
  step 1000/1999 best 9.800
  step 1050/1999 best 10.042
  step 1100/1999 best 10.015
  step 1150/1999 best 9.925
  step 1200/1999 best 10.042
  step 1250/1999 best 9.831
  step 1300/1999 best 9.834
  step 1350/1999 best 9.948
  step 1400/1999 best 10.041
  step 1450/1999 best 10.015
  step 1500/1999 best 10.013
  step 1550/1999 best 10.053
  step 1600/1999 best 9.863
  step 1650/1999 best 10.043
  step 1700/1999 best 9.991
  step 1750/1999 best 9.859
  step 1800/1999 best 9.752
  step 1850/1999 best 9.737
  step 1900/1999 best 9.871
  step 1950/1999 best 9.912
saved SBC_CHAINS_cnn_vmim__n1_jitter_seed_s2_sim2948_row2543641_noise241_420_599 (240000, 4) acc=0.212
  step 0/1999 best -13.651
  step 50/1999 best 0.707
  step 100/1999 best 8.929
  step 150/1999 best 12.543
  step 200/1999 best 13.854
  step 250/1999 best 14.963
  step 300/1999 best 14.807
  step 350/1999 best 14.863
  step 400/1999 best 14.668
  step 450/1999 best 14.890
  step 500/1999 best 14.787
  step 550/1999 best 14.952
  step 600/1999 best 15.032
  step 650/1999 best 14.726
  step 700/1999 best 15.093
  step 750/1999 best 14.932
  step 800/1999 best 14.999
  step 850/1999 best 15.052
  step 900/1999 best 14.822
  step 950/1999 best 14.989
  step 1000/1999 best 14.932
  step 1050/1999 best 14.990
  step 1100/1999 best 14.919
  step 1150/1999 best 14.881
  step 1200/1999 best 14.944
  step 1250/1999 best 15.009
  step 1300/1999 best 14.951
  step 1350/1999 best 14.895
  step 1400/1999 best 15.062
  step 1450/1999 best 15.035
  step 1500/1999 best 14.853
  step 1550/1999 best 15.104
  step 1600/1999 best 14.905
  step 1650/1999 best 14.906
  step 1700/1999 best 15.041
  step 1750/1999 best 14.980
  step 1800/1999 best 14.890
  step 1850/1999 best 14.940
  step 1900/1999 best 15.000
  step 1950/1999 best 14.951
saved SBC_CHAINS_cnn_vmim__n1_jitter_seed_s2_sim115_row114648_noise7540_7719_7898 (240000, 4) acc=0.257
  step 0/1999 best -20.214
  step 50/1999 best 1.563
  step 100/1999 best 5.566
  step 150/1999 best 5.495
  step 200/1999 best 6.184
  step 250/1999 best 5.608
  step 300/1999 best 7.744
  step 350/1999 best 10.867
  step 400/1999 best 12.845
  step 450/1999 best 11.545
  step 500/1999 best 11.059
  step 550/1999 best 12.794
  step 600/1999 best 12.852
  step 650/1999 best 12.945
  step 700/1999 best 12.941
  step 750/1999 best 12.431
  step 800/1999 best 12.927
  step 850/1999 best 12.702
  step 900/1999 best 12.440
  step 950/1999 best 12.763
  step 1000/1999 best 12.504
  step 1050/1999 best 12.807
  step 1100/1999 best 12.778
  step 1150/1999 best 12.984
  step 1200/1999 best 12.602
  step 1250/1999 best 12.728
  step 1300/1999 best 12.612
  step 1350/1999 best 12.740
  step 1400/1999 best 12.752
  step 1450/1999 best 12.923
  step 1500/1999 best 12.922
  step 1550/1999 best 12.828
  step 1600/1999 best 12.679
  step 1650/1999 best 12.656
  step 1700/1999 best 12.849
  step 1750/1999 best 12.887
  step 1800/1999 best 12.947
  step 1850/1999 best 12.679
  step 1900/1999 best 13.062
  step 1950/1999 best 12.862
saved SBC_CHAINS_cnn_vmim__n1_jitter_seed_s2_sim2553_row2152897_noise8445_8624_8803 (240000, 4) acc=0.154
  step 0/1999 best -20.442
  step 50/1999 best 8.881
  step 100/1999 best 15.798
  step 150/1999 best 15.958
  step 200/1999 best 15.952
  step 250/1999 best 15.898
  step 300/1999 best 16.700
  step 350/1999 best 16.724
  step 400/1999 best 16.659
  step 450/1999 best 16.659
  step 500/1999 best 16.538
  step 550/1999 best 16.567
  step 600/1999 best 16.456
  step 650/1999 best 16.816
  step 700/1999 best 16.939
  step 750/1999 best 16.297
  step 800/1999 best 16.970
  step 850/1999 best 16.385
  step 900/1999 best 16.787
  step 950/1999 best 16.646
  step 1000/1999 best 16.845
  step 1050/1999 best 16.850
  step 1100/1999 best 16.840
  step 1150/1999 best 16.845
  step 1200/1999 best 17.027
  step 1250/1999 best 16.988
  step 1300/1999 best 16.893
  step 1350/1999 best 16.873
  step 1400/1999 best 16.937
  step 1450/1999 best 16.781
  step 1500/1999 best 16.791
  step 1550/1999 best 16.838
  step 1600/1999 best 16.676
  step 1650/1999 best 16.923
  step 1700/1999 best 16.652
  step 1750/1999 best 16.778
  step 1800/1999 best 16.769
  step 1850/1999 best 16.681
  step 1900/1999 best 17.031
  step 1950/1999 best 16.808
saved SBC_CHAINS_cnn_vmim__n1_jitter_seed_s2_sim1300_row1109225_noise2929_3108_3287 (240000, 4) acc=0.142
  step 0/1999 best -21.423
  step 50/1999 best 5.109
  step 100/1999 best 11.576
  step 150/1999 best 13.755
  step 200/1999 best 13.966
  step 250/1999 best 13.842
  step 300/1999 best 13.942
  step 350/1999 best 13.937
  step 400/1999 best 13.899
  step 450/1999 best 13.939
  step 500/1999 best 13.943
  step 550/1999 best 13.947
  step 600/1999 best 13.863
  step 650/1999 best 13.920
  step 700/1999 best 13.930
  step 750/1999 best 13.934
  step 800/1999 best 13.851
  step 850/1999 best 13.895
  step 900/1999 best 13.915
  step 950/1999 best 13.970
  step 1000/1999 best 13.836
  step 1050/1999 best 13.942
  step 1100/1999 best 13.818
  step 1150/1999 best 13.800
  step 1200/1999 best 13.866
  step 1250/1999 best 13.955
  step 1300/1999 best 14.009
  step 1350/1999 best 13.899
  step 1400/1999 best 13.888
  step 1450/1999 best 13.887
  step 1500/1999 best 13.826
  step 1550/1999 best 14.020
  step 1600/1999 best 13.927
  step 1650/1999 best 13.983
  step 1700/1999 best 13.993
  step 1750/1999 best 13.953
  step 1800/1999 best 13.864
  step 1850/1999 best 13.899
  step 1900/1999 best 13.868
  step 1950/1999 best 13.897
saved SBC_CHAINS_cnn_vmim__n1_jitter_seed_s2_sim3068_row2663443_noise2107_2286_2465 (240000, 4) acc=0.467
  step 0/1999 best -25.381
  step 50/1999 best -4.770
  step 100/1999 best 7.037
  step 150/1999 best 8.152
  step 200/1999 best 11.059
  step 250/1999 best 11.226
  step 300/1999 best 11.110
  step 350/1999 best 11.190
  step 400/1999 best 11.329
  step 450/1999 best 11.319
  step 500/1999 best 11.238
  step 550/1999 best 11.209
  step 600/1999 best 11.271
  step 650/1999 best 11.313
  step 700/1999 best 11.251
  step 750/1999 best 11.334
  step 800/1999 best 11.164
  step 850/1999 best 11.310
  step 900/1999 best 11.385
  step 950/1999 best 11.224
  step 1000/1999 best 11.192
  step 1050/1999 best 11.366
  step 1100/1999 best 11.286
  step 1150/1999 best 11.257
  step 1200/1999 best 11.373
  step 1250/1999 best 11.354
  step 1300/1999 best 11.376
  step 1350/1999 best 11.221
  step 1400/1999 best 11.390
  step 1450/1999 best 11.174
  step 1500/1999 best 11.343
  step 1550/1999 best 11.404
  step 1600/1999 best 11.409
  step 1650/1999 best 11.445
  step 1700/1999 best 11.245
  step 1750/1999 best 11.393
  step 1800/1999 best 11.378
  step 1850/1999 best 11.392
  step 1900/1999 best 11.337
  step 1950/1999 best 11.394
saved SBC_CHAINS_cnn_vmim__n1_jitter_seed_s2_sim2596_row2195880_noise2288_2467_2646 (240000, 4) acc=0.204
  step 0/1999 best -23.478
  step 50/1999 best -2.351
  step 100/1999 best 11.735
  step 150/1999 best 15.352
  step 200/1999 best 15.650
  step 250/1999 best 15.860
  step 300/1999 best 16.258
  step 350/1999 best 16.356
  step 400/1999 best 16.406
  step 450/1999 best 16.310
  step 500/1999 best 16.232
  step 550/1999 best 16.283
  step 600/1999 best 15.979
  step 650/1999 best 16.261
  step 700/1999 best 16.273
  step 750/1999 best 16.160
  step 800/1999 best 16.301
  step 850/1999 best 16.259
  step 900/1999 best 16.255
  step 950/1999 best 16.348
  step 1000/1999 best 16.275
  step 1050/1999 best 16.134
  step 1100/1999 best 16.299
  step 1150/1999 best 16.029
  step 1200/1999 best 16.326
  step 1250/1999 best 16.246
  step 1300/1999 best 16.202
  step 1350/1999 best 16.211
  step 1400/1999 best 16.251
  step 1450/1999 best 16.358
  step 1500/1999 best 16.101
  step 1550/1999 best 16.301
  step 1600/1999 best 16.317
  step 1650/1999 best 16.350
  step 1700/1999 best 16.339
  step 1750/1999 best 16.207
  step 1800/1999 best 16.303
  step 1850/1999 best 16.342
  step 1900/1999 best 16.203
  step 1950/1999 best 16.296
saved SBC_CHAINS_cnn_vmim__n1_jitter_seed_s2_sim645_row598000_noise6180_6359_6538 (240000, 4) acc=0.157
  step 0/1999 best -8.322
  step 50/1999 best 11.455
  step 100/1999 best 10.892
  step 150/1999 best 11.774
  step 200/1999 best 14.277
  step 250/1999 best 15.078
  step 300/1999 best 14.935
  step 350/1999 best 15.036
  step 400/1999 best 14.689
  step 450/1999 best 15.085
  step 500/1999 best 15.078
  step 550/1999 best 14.777
  step 600/1999 best 15.018
  step 650/1999 best 15.069
  step 700/1999 best 15.016
  step 750/1999 best 14.782
  step 800/1999 best 14.841
  step 850/1999 best 15.015
  step 900/1999 best 15.032
  step 950/1999 best 14.997
  step 1000/1999 best 15.005
  step 1050/1999 best 14.940
  step 1100/1999 best 15.054
  step 1150/1999 best 14.964
  step 1200/1999 best 14.979
  step 1250/1999 best 15.024
  step 1300/1999 best 14.960
  step 1350/1999 best 14.979
  step 1400/1999 best 14.886
  step 1450/1999 best 15.012
  step 1500/1999 best 15.048
  step 1550/1999 best 15.030
  step 1600/1999 best 14.998
  step 1650/1999 best 14.991
  step 1700/1999 best 14.955
  step 1750/1999 best 14.887
  step 1800/1999 best 15.085
  step 1850/1999 best 14.888
  step 1900/1999 best 14.937
  step 1950/1999 best 14.758
saved SBC_CHAINS_cnn_vmim__n1_jitter_seed_s2_sim980_row929344_noise7372_7551_7730 (240000, 4) acc=0.241
  step 0/1999 best -19.496
  step 50/1999 best 6.789
  step 100/1999 best 12.519
  step 150/1999 best 13.821
  step 200/1999 best 13.673
  step 250/1999 best 14.105
  step 300/1999 best 14.272
  step 350/1999 best 14.388
  step 400/1999 best 14.469
  step 450/1999 best 14.784
  step 500/1999 best 14.306
  step 550/1999 best 14.715
  step 600/1999 best 14.619
  step 650/1999 best 14.666
  step 700/1999 best 14.485
  step 750/1999 best 14.740
  step 800/1999 best 14.510
  step 850/1999 best 14.620
  step 900/1999 best 14.565
  step 950/1999 best 14.765
  step 1000/1999 best 14.550
  step 1050/1999 best 14.526
  step 1100/1999 best 14.722
  step 1150/1999 best 14.433
  step 1200/1999 best 14.728
  step 1250/1999 best 14.584
  step 1300/1999 best 14.614
  step 1350/1999 best 14.553
  step 1400/1999 best 14.750
  step 1450/1999 best 14.528
  step 1500/1999 best 14.660
  step 1550/1999 best 14.653
  step 1600/1999 best 14.659
  step 1650/1999 best 14.467
  step 1700/1999 best 14.643
  step 1750/1999 best 14.741
  step 1800/1999 best 14.632
  step 1850/1999 best 14.632
  step 1900/1999 best 14.620
  step 1950/1999 best 14.398
saved SBC_CHAINS_cnn_vmim__n1_jitter_seed_s2_sim1935_row1546917_noise9629_9808_159 (240000, 4) acc=0.138
  step 0/1999 best -18.685
  step 50/1999 best -3.843
  step 100/1999 best 10.238
  step 150/1999 best 12.947
  step 200/1999 best 12.962
  step 250/1999 best 14.188
  step 300/1999 best 15.360
  step 350/1999 best 15.364
  step 400/1999 best 16.367
  step 450/1999 best 16.277
  step 500/1999 best 16.003
  step 550/1999 best 16.147
  step 600/1999 best 16.158
  step 650/1999 best 16.178
  step 700/1999 best 16.400
  step 750/1999 best 16.029
  step 800/1999 best 16.367
  step 850/1999 best 16.345
  step 900/1999 best 16.217
  step 950/1999 best 16.114
  step 1000/1999 best 16.343
  step 1050/1999 best 16.244
  step 1100/1999 best 16.173
  step 1150/1999 best 16.100
  step 1200/1999 best 16.227
  step 1250/1999 best 16.227
  step 1300/1999 best 16.337
  step 1350/1999 best 16.287
  step 1400/1999 best 16.211
  step 1450/1999 best 16.262
  step 1500/1999 best 16.321
  step 1550/1999 best 16.318
  step 1600/1999 best 16.345
  step 1650/1999 best 16.213
  step 1700/1999 best 16.362
  step 1750/1999 best 16.327
  step 1800/1999 best 16.244
  step 1850/1999 best 16.288
  step 1900/1999 best 16.147
  step 1950/1999 best 16.384
saved SBC_CHAINS_cnn_vmim__n1_jitter_seed_s2_sim2080_row1690190_noise6482_6661_6840 (240000, 4) acc=0.197
  step 0/1999 best -12.336
  step 50/1999 best -3.197
  step 100/1999 best 14.411
  step 150/1999 best 14.239
  step 200/1999 best 14.560
  step 250/1999 best 15.200
  step 300/1999 best 15.115
  step 350/1999 best 15.205
  step 400/1999 best 15.596
  step 450/1999 best 15.688
  step 500/1999 best 15.798
  step 550/1999 best 15.614
  step 600/1999 best 15.718
  step 650/1999 best 15.621
  step 700/1999 best 15.649
  step 750/1999 best 15.745
  step 800/1999 best 15.785
  step 850/1999 best 15.682
  step 900/1999 best 15.729
  step 950/1999 best 15.670
  step 1000/1999 best 15.524
  step 1050/1999 best 15.453
  step 1100/1999 best 15.862
  step 1150/1999 best 15.688
  step 1200/1999 best 15.558
  step 1250/1999 best 15.737
  step 1300/1999 best 15.789
  step 1350/1999 best 15.831
  step 1400/1999 best 15.642
  step 1450/1999 best 15.675
  step 1500/1999 best 15.566
  step 1550/1999 best 15.857
  step 1600/1999 best 15.533
  step 1650/1999 best 15.645
  step 1700/1999 best 15.645
  step 1750/1999 best 15.603
  step 1800/1999 best 15.739
  step 1850/1999 best 15.693
  step 1900/1999 best 15.692
  step 1950/1999 best 15.778
saved SBC_CHAINS_cnn_vmim__n1_jitter_seed_s2_sim423_row401947_noise1343_1522_1701 (240000, 4) acc=0.188
  step 0/1999 best -13.720
  step 50/1999 best 0.682
  step 100/1999 best 5.784
  step 150/1999 best 10.702
  step 200/1999 best 11.018
  step 250/1999 best 11.048
  step 300/1999 best 12.904
  step 350/1999 best 12.079
  step 400/1999 best 12.588
  step 450/1999 best 12.781
  step 500/1999 best 12.788
  step 550/1999 best 12.914
  step 600/1999 best 13.126
  step 650/1999 best 13.038
  step 700/1999 best 12.924
  step 750/1999 best 12.662
  step 800/1999 best 13.115
  step 850/1999 best 12.961
  step 900/1999 best 12.901
  step 950/1999 best 12.922
  step 1000/1999 best 13.027
  step 1050/1999 best 13.092
  step 1100/1999 best 12.994
  step 1150/1999 best 13.131
  step 1200/1999 best 12.807
  step 1250/1999 best 12.943
  step 1300/1999 best 12.906
  step 1350/1999 best 13.024
  step 1400/1999 best 12.983
  step 1450/1999 best 13.188
  step 1500/1999 best 12.898
  step 1550/1999 best 13.088
  step 1600/1999 best 13.058
  step 1650/1999 best 13.021
  step 1700/1999 best 12.940
  step 1750/1999 best 12.932
  step 1800/1999 best 12.908
  step 1850/1999 best 12.999
  step 1900/1999 best 13.069
  step 1950/1999 best 13.038
saved SBC_CHAINS_cnn_vmim__n1_jitter_seed_s2_sim1465_row1247626_noise1254_1433_1612 (240000, 4) acc=0.159
  step 0/1999 best -11.946
  step 50/1999 best 4.683
  step 100/1999 best 6.466
  step 150/1999 best 12.207
  step 200/1999 best 12.529
  step 250/1999 best 13.650
  step 300/1999 best 13.760
  step 350/1999 best 13.916
  step 400/1999 best 13.473
  step 450/1999 best 13.839
  step 500/1999 best 14.020
  step 550/1999 best 13.919
  step 600/1999 best 13.957
  step 650/1999 best 13.861
  step 700/1999 best 13.726
  step 750/1999 best 14.013
  step 800/1999 best 13.819
  step 850/1999 best 13.946
  step 900/1999 best 13.965
  step 950/1999 best 14.033
  step 1000/1999 best 13.956
  step 1050/1999 best 14.021
  step 1100/1999 best 14.043
  step 1150/1999 best 13.996
  step 1200/1999 best 14.018
  step 1250/1999 best 14.063
  step 1300/1999 best 13.911
  step 1350/1999 best 13.912
  step 1400/1999 best 13.827
  step 1450/1999 best 13.986
  step 1500/1999 best 13.924
  step 1550/1999 best 14.040
  step 1600/1999 best 14.017
  step 1650/1999 best 13.948
  step 1700/1999 best 13.798
  step 1750/1999 best 13.896
  step 1800/1999 best 14.033
  step 1850/1999 best 14.050
  step 1900/1999 best 13.973
  step 1950/1999 best 13.925
saved SBC_CHAINS_cnn_vmim__n1_jitter_seed_s2_sim1537_row1314705_noise4537_4716_4895 (240000, 4) acc=0.207
  step 0/1999 best -12.482
  step 50/1999 best 0.014
  step 100/1999 best 11.499
  step 150/1999 best 12.439
  step 200/1999 best 14.080
  step 250/1999 best 14.499
  step 300/1999 best 14.454
  step 350/1999 best 14.413
  step 400/1999 best 14.411
  step 450/1999 best 14.377
  step 500/1999 best 14.479
  step 550/1999 best 14.498
  step 600/1999 best 14.406
  step 650/1999 best 14.322
  step 700/1999 best 14.239
  step 750/1999 best 14.432
  step 800/1999 best 14.393
  step 850/1999 best 14.409
  step 900/1999 best 14.269
  step 950/1999 best 14.448
  step 1000/1999 best 14.538
  step 1050/1999 best 14.369
  step 1100/1999 best 14.483
  step 1150/1999 best 14.281
  step 1200/1999 best 14.481
  step 1250/1999 best 14.268
  step 1300/1999 best 14.413
  step 1350/1999 best 14.524
  step 1400/1999 best 14.495
  step 1450/1999 best 14.433
  step 1500/1999 best 14.457
  step 1550/1999 best 14.412
  step 1600/1999 best 14.415
  step 1650/1999 best 14.426
  step 1700/1999 best 14.432
  step 1750/1999 best 14.431
  step 1800/1999 best 14.488
  step 1850/1999 best 14.458
  step 1900/1999 best 14.319
  step 1950/1999 best 14.535
saved SBC_CHAINS_cnn_vmim__n1_jitter_seed_s2_sim955_row904075_noise1759_1938_2117 (240000, 4) acc=0.336
  step 0/1999 best -20.526
  step 50/1999 best 0.861
  step 100/1999 best 9.851
  step 150/1999 best 10.466
  step 200/1999 best 10.563
  step 250/1999 best 11.026
  step 300/1999 best 11.118
  step 350/1999 best 11.037
  step 400/1999 best 10.927
  step 450/1999 best 11.026
  step 500/1999 best 11.050
  step 550/1999 best 10.973
  step 600/1999 best 11.058
  step 650/1999 best 10.914
  step 700/1999 best 10.953
  step 750/1999 best 11.099
  step 800/1999 best 10.898
  step 850/1999 best 11.085
  step 900/1999 best 11.076
  step 950/1999 best 10.813
  step 1000/1999 best 11.004
  step 1050/1999 best 11.121
  step 1100/1999 best 11.083
  step 1150/1999 best 11.123
  step 1200/1999 best 11.027
  step 1250/1999 best 11.146
  step 1300/1999 best 11.017
  step 1350/1999 best 11.125
  step 1400/1999 best 10.971
  step 1450/1999 best 11.047
  step 1500/1999 best 10.903
  step 1550/1999 best 11.006
  step 1600/1999 best 11.111
  step 1650/1999 best 11.033
  step 1700/1999 best 11.053
  step 1750/1999 best 11.121
  step 1800/1999 best 11.028
  step 1850/1999 best 10.959
  step 1900/1999 best 11.085
  step 1950/1999 best 11.067
saved SBC_CHAINS_cnn_vmim__n1_jitter_seed_s2_sim841_row790394_noise6014_6193_6372 (240000, 4) acc=0.188
  step 0/1999 best -16.304
  step 50/1999 best 5.705
  step 100/1999 best 9.975
  step 150/1999 best 13.505
  step 200/1999 best 13.573
  step 250/1999 best 13.527
  step 300/1999 best 14.123
  step 350/1999 best 14.014
  step 400/1999 best 14.276
  step 450/1999 best 14.169
  step 500/1999 best 14.169
  step 550/1999 best 14.169
  step 600/1999 best 14.284
  step 650/1999 best 14.217
  step 700/1999 best 14.047
  step 750/1999 best 14.290
  step 800/1999 best 14.396
  step 850/1999 best 14.315
  step 900/1999 best 14.267
  step 950/1999 best 14.392
  step 1000/1999 best 14.310
  step 1050/1999 best 14.399
  step 1100/1999 best 14.000
  step 1150/1999 best 14.302
  step 1200/1999 best 14.021
  step 1250/1999 best 14.383
  step 1300/1999 best 14.279
  step 1350/1999 best 14.268
  step 1400/1999 best 14.415
  step 1450/1999 best 14.320
  step 1500/1999 best 14.364
  step 1550/1999 best 14.202
  step 1600/1999 best 14.368
  step 1650/1999 best 14.236
  step 1700/1999 best 14.299
  step 1750/1999 best 14.301
  step 1800/1999 best 14.303
  step 1850/1999 best 14.318
  step 1900/1999 best 14.422
  step 1950/1999 best 14.143
saved SBC_CHAINS_cnn_vmim__n1_jitter_seed_s2_sim2457_row2056252_noise252_431_610 (240000, 4) acc=0.267
  step 0/1999 best -19.663
  step 50/1999 best 1.871
  step 100/1999 best 14.124
  step 150/1999 best 14.967
  step 200/1999 best 15.121
  step 250/1999 best 15.033
  step 300/1999 best 15.204
  step 350/1999 best 15.119
  step 400/1999 best 15.195
  step 450/1999 best 15.283
  step 500/1999 best 15.264
  step 550/1999 best 15.299
  step 600/1999 best 15.164
  step 650/1999 best 15.219
  step 700/1999 best 15.255
  step 750/1999 best 15.097
  step 800/1999 best 15.246
  step 850/1999 best 15.149
  step 900/1999 best 15.209
  step 950/1999 best 15.192
  step 1000/1999 best 15.156
  step 1050/1999 best 15.182
  step 1100/1999 best 15.204
  step 1150/1999 best 15.139
  step 1200/1999 best 15.242
  step 1250/1999 best 15.274
  step 1300/1999 best 15.266
  step 1350/1999 best 15.228
  step 1400/1999 best 15.177
  step 1450/1999 best 15.218
  step 1500/1999 best 15.243
  step 1550/1999 best 15.237
  step 1600/1999 best 15.124
  step 1650/1999 best 15.260
  step 1700/1999 best 15.179
  step 1750/1999 best 15.128
  step 1800/1999 best 15.273
  step 1850/1999 best 15.084
  step 1900/1999 best 15.260
  step 1950/1999 best 15.302
saved SBC_CHAINS_cnn_vmim__n1_jitter_seed_s2_sim956_row905668_noise3352_3531_3710 (240000, 4) acc=0.343
  step 0/1999 best -9.746
  step 50/1999 best 12.942
  step 100/1999 best 13.163
  step 150/1999 best 11.837
  step 200/1999 best 13.360
  step 250/1999 best 12.980
  step 300/1999 best 13.211
  step 350/1999 best 13.211
  step 400/1999 best 13.498
  step 450/1999 best 13.498
  step 500/1999 best 13.404
  step 550/1999 best 12.780
  step 600/1999 best 13.438
  step 650/1999 best 13.768
  step 700/1999 best 13.031
  step 750/1999 best 13.393
  step 800/1999 best 13.393
  step 850/1999 best 13.475
  step 900/1999 best 13.790
  step 950/1999 best 12.187
  step 1000/1999 best 13.884
  step 1050/1999 best 13.536
  step 1100/1999 best 13.552
  step 1150/1999 best 13.709
  step 1200/1999 best 13.701
  step 1250/1999 best 13.898
  step 1300/1999 best 13.724
  step 1350/1999 best 13.940
  step 1400/1999 best 13.876
  step 1450/1999 best 13.950
  step 1500/1999 best 13.871
  step 1550/1999 best 13.826
  step 1600/1999 best 13.841
  step 1650/1999 best 13.175
  step 1700/1999 best 13.663
  step 1750/1999 best 13.699
  step 1800/1999 best 13.747
  step 1850/1999 best 13.324
  step 1900/1999 best 13.165
  step 1950/1999 best 13.454
saved SBC_CHAINS_cnn_vmim__n1_jitter_seed_s2_sim2392_row1991948_noise4744_4923_5102 (240000, 4) acc=0.249
  step 0/1999 best -25.913
  step 50/1999 best -0.750
  step 100/1999 best 5.722
  step 150/1999 best 7.530
  step 200/1999 best 11.143
  step 250/1999 best 11.553
  step 300/1999 best 11.772
  step 350/1999 best 11.833
  step 400/1999 best 11.807
  step 450/1999 best 12.007
  step 500/1999 best 11.669
  step 550/1999 best 12.107
  step 600/1999 best 11.893
  step 650/1999 best 12.125
  step 700/1999 best 12.083
  step 750/1999 best 12.063
  step 800/1999 best 12.141
  step 850/1999 best 12.105
  step 900/1999 best 11.928
  step 950/1999 best 12.197
  step 1000/1999 best 12.046
  step 1050/1999 best 12.162
  step 1100/1999 best 12.115
  step 1150/1999 best 11.999
  step 1200/1999 best 12.126
  step 1250/1999 best 12.095
  step 1300/1999 best 12.053
  step 1350/1999 best 12.171
  step 1400/1999 best 12.106
  step 1450/1999 best 12.038
  step 1500/1999 best 12.215
  step 1550/1999 best 11.999
  step 1600/1999 best 12.223
  step 1650/1999 best 12.048
  step 1700/1999 best 12.137
  step 1750/1999 best 12.127
  step 1800/1999 best 12.108
  step 1850/1999 best 12.222
  step 1900/1999 best 11.964
  step 1950/1999 best 12.039
saved SBC_CHAINS_cnn_vmim__n1_jitter_seed_s2_sim2923_row2518456_noise4540_4719_4898 (240000, 4) acc=0.243
  step 0/1999 best -11.343
  step 50/1999 best 12.091
  step 100/1999 best 12.218
  step 150/1999 best 12.889
  step 200/1999 best 13.396
  step 250/1999 best 13.144
  step 300/1999 best 13.435
  step 350/1999 best 13.410
  step 400/1999 best 13.301
  step 450/1999 best 13.450
  step 500/1999 best 13.466
  step 550/1999 best 13.429
  step 600/1999 best 13.403
  step 650/1999 best 13.334
  step 700/1999 best 13.438
  step 750/1999 best 13.530
  step 800/1999 best 13.476
  step 850/1999 best 13.395
  step 900/1999 best 13.542
  step 950/1999 best 13.574
  step 1000/1999 best 13.364
  step 1050/1999 best 13.192
  step 1100/1999 best 13.422
  step 1150/1999 best 13.366
  step 1200/1999 best 13.409
  step 1250/1999 best 13.498
  step 1300/1999 best 13.360
  step 1350/1999 best 13.433
  step 1400/1999 best 13.502
  step 1450/1999 best 13.407
  step 1500/1999 best 13.509
  step 1550/1999 best 13.515
  step 1600/1999 best 13.500
  step 1650/1999 best 13.330
  step 1700/1999 best 13.504
  step 1750/1999 best 13.497
  step 1800/1999 best 13.502
  step 1850/1999 best 13.435
  step 1900/1999 best 13.383
  step 1950/1999 best 13.507
saved SBC_CHAINS_cnn_vmim__n1_jitter_seed_s2_sim835_row784994_noise614_793_972 (240000, 4) acc=0.213
  step 0/1999 best -14.151
  step 50/1999 best 3.244
  step 100/1999 best 16.846
  step 150/1999 best 17.141
  step 200/1999 best 17.252
  step 250/1999 best 17.219
  step 300/1999 best 17.250
  step 350/1999 best 17.184
  step 400/1999 best 17.234
  step 450/1999 best 17.050
  step 500/1999 best 17.198
  step 550/1999 best 17.333
  step 600/1999 best 17.261
  step 650/1999 best 17.237
  step 700/1999 best 17.170
  step 750/1999 best 17.224
  step 800/1999 best 17.118
  step 850/1999 best 17.291
  step 900/1999 best 17.330
  step 950/1999 best 17.252
  step 1000/1999 best 17.352
  step 1050/1999 best 17.378
  step 1100/1999 best 17.207
  step 1150/1999 best 17.358
  step 1200/1999 best 17.296
  step 1250/1999 best 17.380
  step 1300/1999 best 17.330
  step 1350/1999 best 17.303
  step 1400/1999 best 17.235
  step 1450/1999 best 17.235
  step 1500/1999 best 17.230
  step 1550/1999 best 17.268
  step 1600/1999 best 17.311
  step 1650/1999 best 17.323
  step 1700/1999 best 17.381
  step 1750/1999 best 17.031
  step 1800/1999 best 17.206
  step 1850/1999 best 17.251
  step 1900/1999 best 17.242
  step 1950/1999 best 17.258
saved SBC_CHAINS_cnn_vmim__n1_jitter_seed_s2_sim1983_row1594758_noise8330_8509_8688 (240000, 4) acc=0.276
  step 0/1999 best -6.836
  step 50/1999 best -4.853
  step 100/1999 best -0.298
  step 150/1999 best 8.722
  step 200/1999 best 12.207
  step 250/1999 best 14.621
  step 300/1999 best 15.209
  step 350/1999 best 15.633
  step 400/1999 best 15.237
  step 450/1999 best 15.711
  step 500/1999 best 15.932
  step 550/1999 best 16.193
  step 600/1999 best 16.154
  step 650/1999 best 15.959
  step 700/1999 best 16.097
  step 750/1999 best 16.136
  step 800/1999 best 16.240
  step 850/1999 best 16.242
  step 900/1999 best 15.953
  step 950/1999 best 16.087
  step 1000/1999 best 16.237
  step 1050/1999 best 16.159
  step 1100/1999 best 16.269
  step 1150/1999 best 16.005
  step 1200/1999 best 16.199
  step 1250/1999 best 16.120
  step 1300/1999 best 16.088
  step 1350/1999 best 16.192
  step 1400/1999 best 16.126
  step 1450/1999 best 16.240
  step 1500/1999 best 16.109
  step 1550/1999 best 16.224
  step 1600/1999 best 16.232
  step 1650/1999 best 16.159
  step 1700/1999 best 16.128
  step 1750/1999 best 16.094
  step 1800/1999 best 16.109
  step 1850/1999 best 16.198
  step 1900/1999 best 16.261
  step 1950/1999 best 16.173
saved SBC_CHAINS_cnn_vmim__n1_jitter_seed_s2_sim1930_row1541929_noise4641_4820_4999 (240000, 4) acc=0.145
  step 0/1999 best -18.904
  step 50/1999 best 4.493
  step 100/1999 best 4.831
  step 150/1999 best 10.979
  step 200/1999 best 12.594
  step 250/1999 best 12.140
  step 300/1999 best 12.271
  step 350/1999 best 12.513
  step 400/1999 best 12.502
  step 450/1999 best 12.380
  step 500/1999 best 12.623
  step 550/1999 best 12.552
  step 600/1999 best 12.660
  step 650/1999 best 12.684
  step 700/1999 best 12.633
  step 750/1999 best 12.775
  step 800/1999 best 12.642
  step 850/1999 best 12.754
  step 900/1999 best 12.713
  step 950/1999 best 12.559
  step 1000/1999 best 12.606
  step 1050/1999 best 12.775
  step 1100/1999 best 12.544
  step 1150/1999 best 12.435
  step 1200/1999 best 12.718
  step 1250/1999 best 12.560
  step 1300/1999 best 12.528
  step 1350/1999 best 12.714
  step 1400/1999 best 12.697
  step 1450/1999 best 12.781
  step 1500/1999 best 12.528
  step 1550/1999 best 12.768
  step 1600/1999 best 12.720
  step 1650/1999 best 12.788
  step 1700/1999 best 12.616
  step 1750/1999 best 12.555
  step 1800/1999 best 12.636
  step 1850/1999 best 12.734
  step 1900/1999 best 12.672
  step 1950/1999 best 12.779
saved SBC_CHAINS_cnn_vmim__n1_jitter_seed_s2_sim373_row359386_noise9750_101_280 (240000, 4) acc=0.163
  step 0/1999 best -15.585
  step 50/1999 best 3.135
  step 100/1999 best 7.740
  step 150/1999 best 10.408
  step 200/1999 best 14.005
  step 250/1999 best 14.531
  step 300/1999 best 15.340
  step 350/1999 best 15.212
  step 400/1999 best 15.412
  step 450/1999 best 15.378
  step 500/1999 best 15.263
  step 550/1999 best 15.656
  step 600/1999 best 15.585
  step 650/1999 best 15.457
  step 700/1999 best 15.602
  step 750/1999 best 15.610
  step 800/1999 best 15.578
  step 850/1999 best 15.454
  step 900/1999 best 15.532
  step 950/1999 best 15.401
  step 1000/1999 best 15.487
  step 1050/1999 best 15.528
  step 1100/1999 best 15.538
  step 1150/1999 best 15.601
  step 1200/1999 best 15.387
  step 1250/1999 best 15.492
  step 1300/1999 best 15.646
  step 1350/1999 best 15.587
  step 1400/1999 best 15.551
  step 1450/1999 best 15.612
  step 1500/1999 best 15.675
  step 1550/1999 best 15.440
  step 1600/1999 best 15.651
  step 1650/1999 best 15.688
  step 1700/1999 best 15.597
  step 1750/1999 best 15.591
  step 1800/1999 best 15.668
  step 1850/1999 best 15.628
  step 1900/1999 best 15.526
  step 1950/1999 best 15.590
saved SBC_CHAINS_cnn_vmim__n1_jitter_seed_s2_sim838_row787421_noise3041_3220_3399 (240000, 4) acc=0.187
  step 0/1999 best -22.678
  step 50/1999 best -6.109
  step 100/1999 best -0.920
  step 150/1999 best 9.515
  step 200/1999 best 9.208
  step 250/1999 best 12.016
  step 300/1999 best 11.268
  step 350/1999 best 12.854
  step 400/1999 best 13.068
  step 450/1999 best 13.331
  step 500/1999 best 13.484
  step 550/1999 best 13.463
  step 600/1999 best 13.535
  step 650/1999 best 13.556
  step 700/1999 best 13.360
  step 750/1999 best 13.498
  step 800/1999 best 13.605
  step 850/1999 best 13.510
  step 900/1999 best 13.422
  step 950/1999 best 13.468
  step 1000/1999 best 13.512
  step 1050/1999 best 13.531
  step 1100/1999 best 13.413
  step 1150/1999 best 13.629
  step 1200/1999 best 13.632
  step 1250/1999 best 13.537
  step 1300/1999 best 13.570
  step 1350/1999 best 13.564
  step 1400/1999 best 13.441
  step 1450/1999 best 13.539
  step 1500/1999 best 13.565
  step 1550/1999 best 13.604
  step 1600/1999 best 13.605
  step 1650/1999 best 13.562
  step 1700/1999 best 13.442
  step 1750/1999 best 13.470
  step 1800/1999 best 13.561
  step 1850/1999 best 13.639
  step 1900/1999 best 13.534
  step 1950/1999 best 13.453
saved SBC_CHAINS_cnn_vmim__n1_jitter_seed_s2_sim3100_row2695119_noise4299_4478_4657 (240000, 4) acc=0.217
  step 0/1999 best -27.320
  step 50/1999 best -1.165
  step 100/1999 best 15.381
  step 150/1999 best 15.765
  step 200/1999 best 15.960
  step 250/1999 best 16.001
  step 300/1999 best 16.220
  step 350/1999 best 16.016
  step 400/1999 best 16.102
  step 450/1999 best 16.138
  step 500/1999 best 16.180
  step 550/1999 best 16.091
  step 600/1999 best 16.311
  step 650/1999 best 16.090
  step 700/1999 best 16.083
  step 750/1999 best 16.142
  step 800/1999 best 16.286
  step 850/1999 best 16.148
  step 900/1999 best 16.016
  step 950/1999 best 16.165
  step 1000/1999 best 16.181
  step 1050/1999 best 16.266
  step 1100/1999 best 16.142
  step 1150/1999 best 16.261
  step 1200/1999 best 16.150
  step 1250/1999 best 16.207
  step 1300/1999 best 16.201
  step 1350/1999 best 16.181
  step 1400/1999 best 16.262
  step 1450/1999 best 16.184
  step 1500/1999 best 16.204
  step 1550/1999 best 16.194
  step 1600/1999 best 16.320
  step 1650/1999 best 16.126
  step 1700/1999 best 16.190
  step 1750/1999 best 16.175
  step 1800/1999 best 16.092
  step 1850/1999 best 16.215
  step 1900/1999 best 16.135
  step 1950/1999 best 16.244
saved SBC_CHAINS_cnn_vmim__n1_jitter_seed_s2_sim800_row749510_noise4442_4621_4800 (240000, 4) acc=0.350
  step 0/1999 best -15.061
  step 50/1999 best -2.423
  step 100/1999 best 6.328
  step 150/1999 best 11.191
  step 200/1999 best 13.886
  step 250/1999 best 14.860
  step 300/1999 best 15.067
  step 350/1999 best 14.881
  step 400/1999 best 15.116
  step 450/1999 best 14.747
  step 500/1999 best 14.993
  step 550/1999 best 15.181
  step 600/1999 best 15.038
  step 650/1999 best 15.056
  step 700/1999 best 14.939
  step 750/1999 best 14.948
  step 800/1999 best 15.107
  step 850/1999 best 15.131
  step 900/1999 best 14.854
  step 950/1999 best 15.177
  step 1000/1999 best 14.888
  step 1050/1999 best 15.076
  step 1100/1999 best 15.224
  step 1150/1999 best 15.157
  step 1200/1999 best 15.189
  step 1250/1999 best 15.129
  step 1300/1999 best 15.094
  step 1350/1999 best 15.105
  step 1400/1999 best 15.115
  step 1450/1999 best 15.087
  step 1500/1999 best 14.993
  step 1550/1999 best 15.181
  step 1600/1999 best 15.143
  step 1650/1999 best 15.207
  step 1700/1999 best 15.170
  step 1750/1999 best 15.203
  step 1800/1999 best 15.121
  step 1850/1999 best 15.219
  step 1900/1999 best 15.180
  step 1950/1999 best 14.983
saved SBC_CHAINS_cnn_vmim__n1_jitter_seed_s2_sim1501_row1278004_noise7148_7327_7506 (240000, 4) acc=0.273
  step 0/1999 best -17.965
  step 50/1999 best -7.116
  step 100/1999 best 9.584
  step 150/1999 best 11.534
  step 200/1999 best 12.800
  step 250/1999 best 13.597
  step 300/1999 best 13.772
  step 350/1999 best 14.108
  step 400/1999 best 13.956
  step 450/1999 best 14.041
  step 500/1999 best 14.188
  step 550/1999 best 13.974
  step 600/1999 best 14.047
  step 650/1999 best 14.089
  step 700/1999 best 14.113
  step 750/1999 best 14.098
  step 800/1999 best 14.122
  step 850/1999 best 14.135
  step 900/1999 best 14.193
  step 950/1999 best 14.114
  step 1000/1999 best 14.184
  step 1050/1999 best 14.078
  step 1100/1999 best 14.221
  step 1150/1999 best 14.149
  step 1200/1999 best 14.087
  step 1250/1999 best 13.949
  step 1300/1999 best 14.156
  step 1350/1999 best 14.226
  step 1400/1999 best 14.155
  step 1450/1999 best 14.204
  step 1500/1999 best 14.127
  step 1550/1999 best 14.239
  step 1600/1999 best 14.158
  step 1650/1999 best 14.179
  step 1700/1999 best 14.209
  step 1750/1999 best 14.191
  step 1800/1999 best 14.269
  step 1850/1999 best 14.128
  step 1900/1999 best 14.138
  step 1950/1999 best 14.132
saved SBC_CHAINS_cnn_vmim__n1_jitter_seed_s2_sim2926_row2521850_noise7934_8113_8292 (240000, 4) acc=0.283
  step 0/1999 best -25.286
  step 50/1999 best 5.766
  step 100/1999 best 10.968
  step 150/1999 best 11.702
  step 200/1999 best 11.737
  step 250/1999 best 11.632
  step 300/1999 best 11.812
  step 350/1999 best 11.673
  step 400/1999 best 11.763
  step 450/1999 best 11.961
  step 500/1999 best 11.697
  step 550/1999 best 11.710
  step 600/1999 best 11.570
  step 650/1999 best 11.788
  step 700/1999 best 11.835
  step 750/1999 best 11.797
  step 800/1999 best 11.621
  step 850/1999 best 11.804
  step 900/1999 best 11.752
  step 950/1999 best 11.796
  step 1000/1999 best 11.802
  step 1050/1999 best 11.869
  step 1100/1999 best 11.818
  step 1150/1999 best 11.782
  step 1200/1999 best 11.835
  step 1250/1999 best 11.687
  step 1300/1999 best 11.883
  step 1350/1999 best 11.722
  step 1400/1999 best 11.893
  step 1450/1999 best 11.807
  step 1500/1999 best 11.966
  step 1550/1999 best 11.788
  step 1600/1999 best 11.755
  step 1650/1999 best 11.936
  step 1700/1999 best 11.887
  step 1750/1999 best 11.899
  step 1800/1999 best 11.845
  step 1850/1999 best 11.719
  step 1900/1999 best 11.853
  step 1950/1999 best 11.887
saved SBC_CHAINS_cnn_vmim__n1_jitter_seed_s2_sim3027_row2622266_noise242_421_600 (240000, 4) acc=0.236
  step 0/1999 best -16.387
  step 50/1999 best 6.972
  step 100/1999 best 8.807
  step 150/1999 best 8.807
  step 200/1999 best 10.298
  step 250/1999 best 10.298
  step 300/1999 best 10.298
  step 350/1999 best 11.084
  step 400/1999 best 11.595
  step 450/1999 best 12.330
  step 500/1999 best 14.410
  step 550/1999 best 14.128
  step 600/1999 best 14.663
  step 650/1999 best 14.610
  step 700/1999 best 14.569
  step 750/1999 best 14.289
  step 800/1999 best 14.664
  step 850/1999 best 14.439
  step 900/1999 best 14.332
  step 950/1999 best 14.805
  step 1000/1999 best 14.894
  step 1050/1999 best 14.632
  step 1100/1999 best 14.645
  step 1150/1999 best 14.881
  step 1200/1999 best 14.742
  step 1250/1999 best 14.433
  step 1300/1999 best 14.811
  step 1350/1999 best 14.916
  step 1400/1999 best 14.747
  step 1450/1999 best 14.873
  step 1500/1999 best 14.648
  step 1550/1999 best 14.635
  step 1600/1999 best 14.753
  step 1650/1999 best 14.706
  step 1700/1999 best 14.738
  step 1750/1999 best 14.724
  step 1800/1999 best 14.867
  step 1850/1999 best 14.589
  step 1900/1999 best 14.813
  step 1950/1999 best 14.858
saved SBC_CHAINS_cnn_vmim__n1_jitter_seed_s2_sim376_row362476_noise3012_3191_3370 (240000, 4) acc=0.139
  step 0/1999 best -17.234
  step 50/1999 best -3.738
  step 100/1999 best -2.012
  step 150/1999 best 5.253
  step 200/1999 best 6.120
  step 250/1999 best 6.327
  step 300/1999 best 8.046
  step 350/1999 best 9.949
  step 400/1999 best 9.909
  step 450/1999 best 10.304
  step 500/1999 best 9.948
  step 550/1999 best 10.375
  step 600/1999 best 10.111
  step 650/1999 best 10.226
  step 700/1999 best 10.351
  step 750/1999 best 10.472
  step 800/1999 best 10.303
  step 850/1999 best 10.457
  step 900/1999 best 10.408
  step 950/1999 best 10.313
  step 1000/1999 best 10.272
  step 1050/1999 best 10.315
  step 1100/1999 best 10.254
  step 1150/1999 best 10.231
  step 1200/1999 best 10.414
  step 1250/1999 best 10.364
  step 1300/1999 best 10.240
  step 1350/1999 best 10.232
  step 1400/1999 best 10.309
  step 1450/1999 best 10.488
  step 1500/1999 best 10.360
  step 1550/1999 best 10.467
  step 1600/1999 best 10.342
  step 1650/1999 best 10.458
  step 1700/1999 best 10.419
  step 1750/1999 best 10.367
  step 1800/1999 best 10.318
  step 1850/1999 best 10.425
  step 1900/1999 best 10.425
  step 1950/1999 best 10.457
saved SBC_CHAINS_cnn_vmim__n1_jitter_seed_s2_sim2623_row2222957_noise9709_60_239 (240000, 4) acc=0.199
  step 0/1999 best -28.842
  step 50/1999 best 1.704
  step 100/1999 best 3.244
  step 150/1999 best 6.528
  step 200/1999 best 10.608
  step 250/1999 best 10.142
  step 300/1999 best 11.508
  step 350/1999 best 12.410
  step 400/1999 best 12.419
  step 450/1999 best 13.009
  step 500/1999 best 13.045
  step 550/1999 best 12.661
  step 600/1999 best 13.155
  step 650/1999 best 13.121
  step 700/1999 best 13.098
  step 750/1999 best 13.123
  step 800/1999 best 13.050
  step 850/1999 best 12.913
  step 900/1999 best 13.071
  step 950/1999 best 13.002
  step 1000/1999 best 12.952
  step 1050/1999 best 12.980
  step 1100/1999 best 12.980
  step 1150/1999 best 13.101
  step 1200/1999 best 12.891
  step 1250/1999 best 13.058
  step 1300/1999 best 13.015
  step 1350/1999 best 13.089
  step 1400/1999 best 13.018
  step 1450/1999 best 13.170
  step 1500/1999 best 13.139
  step 1550/1999 best 13.072
  step 1600/1999 best 12.948
  step 1650/1999 best 13.116
  step 1700/1999 best 12.920
  step 1750/1999 best 13.053
  step 1800/1999 best 13.100
  step 1850/1999 best 13.135
  step 1900/1999 best 13.077
  step 1950/1999 best 12.982
saved SBC_CHAINS_cnn_vmim__n1_jitter_seed_s2_sim2848_row2443506_noise8214_8393_8572 (240000, 4) acc=0.179
  step 0/1999 best -13.219
  step 50/1999 best -0.403
  step 100/1999 best 2.244
  step 150/1999 best 13.328
  step 200/1999 best 13.253
  step 250/1999 best 14.983
  step 300/1999 best 15.210
  step 350/1999 best 15.006
  step 400/1999 best 15.004
  step 450/1999 best 15.316
  step 500/1999 best 15.222
  step 550/1999 best 15.331
  step 600/1999 best 15.272
  step 650/1999 best 15.053
  step 700/1999 best 15.332
  step 750/1999 best 15.321
  step 800/1999 best 15.336
  step 850/1999 best 15.405
  step 900/1999 best 15.227
  step 950/1999 best 15.303
  step 1000/1999 best 15.365
  step 1050/1999 best 15.373
  step 1100/1999 best 15.267
  step 1150/1999 best 15.198
  step 1200/1999 best 15.264
  step 1250/1999 best 15.271
  step 1300/1999 best 15.238
  step 1350/1999 best 15.260
  step 1400/1999 best 15.243
  step 1450/1999 best 15.378
  step 1500/1999 best 15.162
  step 1550/1999 best 15.343
  step 1600/1999 best 15.444
  step 1650/1999 best 15.353
  step 1700/1999 best 15.176
  step 1750/1999 best 15.250
  step 1800/1999 best 15.260
  step 1850/1999 best 15.263
  step 1900/1999 best 15.399
  step 1950/1999 best 15.392
saved SBC_CHAINS_cnn_vmim__n1_jitter_seed_s2_sim1507_row1284783_noise4099_4278_4457 (240000, 4) acc=0.216
  step 0/1999 best -18.777
  step 50/1999 best 12.034
  step 100/1999 best 16.890
  step 150/1999 best 17.364
  step 200/1999 best 17.698
  step 250/1999 best 17.730
  step 300/1999 best 17.503
  step 350/1999 best 17.630
  step 400/1999 best 17.607
  step 450/1999 best 17.666
  step 500/1999 best 17.689
  step 550/1999 best 17.479
  step 600/1999 best 17.641
  step 650/1999 best 17.625
  step 700/1999 best 17.450
  step 750/1999 best 17.674
  step 800/1999 best 17.621
  step 850/1999 best 17.506
  step 900/1999 best 17.621
  step 950/1999 best 17.600
  step 1000/1999 best 17.551
  step 1050/1999 best 17.622
  step 1100/1999 best 17.584
  step 1150/1999 best 17.476
  step 1200/1999 best 17.619
  step 1250/1999 best 17.635
  step 1300/1999 best 17.514
  step 1350/1999 best 17.468
  step 1400/1999 best 17.674
  step 1450/1999 best 17.590
  step 1500/1999 best 17.638
  step 1550/1999 best 17.561
  step 1600/1999 best 17.530
  step 1650/1999 best 17.406
  step 1700/1999 best 17.696
  step 1750/1999 best 17.641
  step 1800/1999 best 17.661
  step 1850/1999 best 17.626
  step 1900/1999 best 17.475
  step 1950/1999 best 17.523
saved SBC_CHAINS_cnn_vmim__n1_jitter_seed_s2_sim1353_row1162773_noise7337_7516_7695 (240000, 4) acc=0.294
  step 0/1999 best -9.456
  step 50/1999 best 8.523
  step 100/1999 best 10.558
  step 150/1999 best 12.103
  step 200/1999 best 12.157
  step 250/1999 best 11.827
  step 300/1999 best 11.660
  step 350/1999 best 12.134
  step 400/1999 best 11.979
  step 450/1999 best 12.221
  step 500/1999 best 12.235
  step 550/1999 best 12.103
  step 600/1999 best 12.091
  step 650/1999 best 12.123
  step 700/1999 best 12.165
  step 750/1999 best 12.086
  step 800/1999 best 12.049
  step 850/1999 best 11.943
  step 900/1999 best 12.261
  step 950/1999 best 12.032
  step 1000/1999 best 12.178
  step 1050/1999 best 12.122
  step 1100/1999 best 12.225
  step 1150/1999 best 12.258
  step 1200/1999 best 12.072
  step 1250/1999 best 12.236
  step 1300/1999 best 12.125
  step 1350/1999 best 12.241
  step 1400/1999 best 12.275
  step 1450/1999 best 12.226
  step 1500/1999 best 12.241
  step 1550/1999 best 12.226
  step 1600/1999 best 12.171
  step 1650/1999 best 12.235
  step 1700/1999 best 12.117
  step 1750/1999 best 12.213
  step 1800/1999 best 12.227
  step 1850/1999 best 12.252
  step 1900/1999 best 12.291
  step 1950/1999 best 12.164
saved SBC_CHAINS_cnn_vmim__n1_jitter_seed_s2_sim757_row706949_noise1193_1372_1551 (240000, 4) acc=0.290
  step 0/1999 best -18.355
  step 50/1999 best -0.467
  step 100/1999 best 11.041
  step 150/1999 best 13.839
  step 200/1999 best 14.703
  step 250/1999 best 14.894
  step 300/1999 best 15.043
  step 350/1999 best 15.077
  step 400/1999 best 14.950
  step 450/1999 best 15.007
  step 500/1999 best 15.039
  step 550/1999 best 15.070
  step 600/1999 best 15.068
  step 650/1999 best 14.843
  step 700/1999 best 15.000
  step 750/1999 best 15.071
  step 800/1999 best 14.982
  step 850/1999 best 15.083
  step 900/1999 best 15.067
  step 950/1999 best 15.022
  step 1000/1999 best 14.916
  step 1050/1999 best 15.026
  step 1100/1999 best 14.821
  step 1150/1999 best 14.982
  step 1200/1999 best 15.050
  step 1250/1999 best 15.006
  step 1300/1999 best 14.931
  step 1350/1999 best 15.038
  step 1400/1999 best 14.999
  step 1450/1999 best 14.919
  step 1500/1999 best 14.932
  step 1550/1999 best 14.917
  step 1600/1999 best 15.011
  step 1650/1999 best 14.914
  step 1700/1999 best 15.071
  step 1750/1999 best 14.983
  step 1800/1999 best 15.007
  step 1850/1999 best 15.006
  step 1900/1999 best 15.002
  step 1950/1999 best 14.929
saved SBC_CHAINS_cnn_vmim__n1_jitter_seed_s2_sim662_row615334_noise3858_4037_4216 (240000, 4) acc=0.290
  step 0/1999 best -19.528
  step 50/1999 best -2.298
  step 100/1999 best 9.128
  step 150/1999 best 11.898
  step 200/1999 best 11.271
  step 250/1999 best 12.369
  step 300/1999 best 12.154
  step 350/1999 best 12.431
  step 400/1999 best 12.556
  step 450/1999 best 12.507
  step 500/1999 best 12.391
  step 550/1999 best 12.290
  step 600/1999 best 12.592
  step 650/1999 best 12.530
  step 700/1999 best 12.530
  step 750/1999 best 12.316
  step 800/1999 best 12.368
  step 850/1999 best 12.631
  step 900/1999 best 12.524
  step 950/1999 best 12.628
  step 1000/1999 best 12.478
  step 1050/1999 best 12.624
  step 1100/1999 best 12.538
  step 1150/1999 best 12.530
  step 1200/1999 best 12.493
  step 1250/1999 best 12.584
  step 1300/1999 best 12.438
  step 1350/1999 best 12.445
  step 1400/1999 best 12.660
  step 1450/1999 best 12.561
  step 1500/1999 best 12.462
  step 1550/1999 best 12.417
  step 1600/1999 best 12.495
  step 1650/1999 best 12.351
  step 1700/1999 best 12.550
  step 1750/1999 best 12.502
  step 1800/1999 best 12.495
  step 1850/1999 best 12.437
  step 1900/1999 best 12.582
  step 1950/1999 best 12.565
saved SBC_CHAINS_cnn_vmim__n1_jitter_seed_s2_sim680_row631503_noise2371_2550_2729 (240000, 4) acc=0.245
  step 0/1999 best -19.439
  step 50/1999 best -12.728
  step 100/1999 best -0.460
  step 150/1999 best -1.278
  step 200/1999 best -0.697
  step 250/1999 best 1.195
  step 300/1999 best 1.035
  step 350/1999 best 3.849
  step 400/1999 best 9.033
  step 450/1999 best 10.834
  step 500/1999 best 11.596
  step 550/1999 best 11.997
  step 600/1999 best 12.283
  step 650/1999 best 12.092
  step 700/1999 best 12.257
  step 750/1999 best 11.530
  step 800/1999 best 12.155
  step 850/1999 best 12.097
  step 900/1999 best 11.869
  step 950/1999 best 11.967
  step 1000/1999 best 12.084
  step 1050/1999 best 12.054
  step 1100/1999 best 11.841
  step 1150/1999 best 11.841
  step 1200/1999 best 12.097
  step 1250/1999 best 12.316
  step 1300/1999 best 12.248
  step 1350/1999 best 12.296
  step 1400/1999 best 12.215
  step 1450/1999 best 12.316
  step 1500/1999 best 11.928
  step 1550/1999 best 12.234
  step 1600/1999 best 11.955
  step 1650/1999 best 12.328
  step 1700/1999 best 12.087
  step 1750/1999 best 12.179
  step 1800/1999 best 12.076
  step 1850/1999 best 12.089
  step 1900/1999 best 12.151
  step 1950/1999 best 12.249
saved SBC_CHAINS_cnn_vmim__n1_jitter_seed_s2_sim2626_row2225806_noise2730_2909_3088 (240000, 4) acc=0.179
  step 0/1999 best -23.406
  step 50/1999 best -8.844
  step 100/1999 best -3.174
  step 150/1999 best 0.136
  step 200/1999 best 12.063
  step 250/1999 best 13.005
  step 300/1999 best 14.240
  step 350/1999 best 14.165
  step 400/1999 best 14.523
  step 450/1999 best 14.756
  step 500/1999 best 14.796
  step 550/1999 best 15.070
  step 600/1999 best 14.897
  step 650/1999 best 14.864
  step 700/1999 best 14.979
  step 750/1999 best 14.912
  step 800/1999 best 14.765
  step 850/1999 best 14.937
  step 900/1999 best 14.846
  step 950/1999 best 14.919
  step 1000/1999 best 15.008
  step 1050/1999 best 14.930
  step 1100/1999 best 14.895
  step 1150/1999 best 14.967
  step 1200/1999 best 14.974
  step 1250/1999 best 15.085
  step 1300/1999 best 15.071
  step 1350/1999 best 14.993
  step 1400/1999 best 14.981
  step 1450/1999 best 15.019
  step 1500/1999 best 14.819
  step 1550/1999 best 14.985
  step 1600/1999 best 15.015
  step 1650/1999 best 14.947
  step 1700/1999 best 14.883
  step 1750/1999 best 15.062
  step 1800/1999 best 15.107
  step 1850/1999 best 14.926
  step 1900/1999 best 14.930
  step 1950/1999 best 15.082
saved SBC_CHAINS_cnn_vmim__n1_jitter_seed_s2_sim2044_row1654743_noise519_698_877 (240000, 4) acc=0.167
  step 0/1999 best -17.217
  step 50/1999 best -6.352
  step 100/1999 best 3.730
  step 150/1999 best 2.157
  step 200/1999 best 8.926
  step 250/1999 best 9.193
  step 300/1999 best 9.782
  step 350/1999 best 10.873
  step 400/1999 best 11.501
  step 450/1999 best 11.783
  step 500/1999 best 12.024
  step 550/1999 best 11.717
  step 600/1999 best 11.886
  step 650/1999 best 11.931
  step 700/1999 best 11.694
  step 750/1999 best 11.932
  step 800/1999 best 11.972
  step 850/1999 best 12.048
  step 900/1999 best 12.048
  step 950/1999 best 11.905
  step 1000/1999 best 11.979
  step 1050/1999 best 11.831
  step 1100/1999 best 12.020
  step 1150/1999 best 12.032
  step 1200/1999 best 11.910
  step 1250/1999 best 11.953
  step 1300/1999 best 11.888
  step 1350/1999 best 11.952
  step 1400/1999 best 11.914
  step 1450/1999 best 11.897
  step 1500/1999 best 12.094
  step 1550/1999 best 11.816
  step 1600/1999 best 12.060
  step 1650/1999 best 11.903
  step 1700/1999 best 11.927
  step 1750/1999 best 11.986
  step 1800/1999 best 12.041
  step 1850/1999 best 12.003
  step 1900/1999 best 11.845
  step 1950/1999 best 11.923
saved SBC_CHAINS_cnn_vmim__n1_jitter_seed_s2_sim2473_row2072784_noise6956_7135_7314 (240000, 4) acc=0.210
  step 0/1999 best -24.038
  step 50/1999 best -7.720
  step 100/1999 best 10.187
  step 150/1999 best 10.694
  step 200/1999 best 12.099
  step 250/1999 best 12.024
  step 300/1999 best 12.187
  step 350/1999 best 12.107
  step 400/1999 best 12.168
  step 450/1999 best 12.284
  step 500/1999 best 12.301
  step 550/1999 best 12.147
  step 600/1999 best 12.143
  step 650/1999 best 12.049
  step 700/1999 best 12.269
  step 750/1999 best 12.133
  step 800/1999 best 12.175
  step 850/1999 best 12.259
  step 900/1999 best 12.247
  step 950/1999 best 12.037
  step 1000/1999 best 12.278
  step 1050/1999 best 12.303
  step 1100/1999 best 12.182
  step 1150/1999 best 12.153
  step 1200/1999 best 12.225
  step 1250/1999 best 12.153
  step 1300/1999 best 12.201
  step 1350/1999 best 12.194
  step 1400/1999 best 12.084
  step 1450/1999 best 12.181
  step 1500/1999 best 12.076
  step 1550/1999 best 12.165
  step 1600/1999 best 12.159
  step 1650/1999 best 12.254
  step 1700/1999 best 12.189
  step 1750/1999 best 12.140
  step 1800/1999 best 12.096
  step 1850/1999 best 12.202
  step 1900/1999 best 12.124
  step 1950/1999 best 12.218
saved SBC_CHAINS_cnn_vmim__n1_jitter_seed_s2_sim2821_row2416116_noise480_659_838 (240000, 4) acc=0.323
  step 0/1999 best -8.660
  step 50/1999 best 7.006
  step 100/1999 best 6.850
  step 150/1999 best 12.127
  step 200/1999 best 11.165
  step 250/1999 best 11.512
  step 300/1999 best 12.241
  step 350/1999 best 13.188
  step 400/1999 best 13.241
  step 450/1999 best 13.292
  step 500/1999 best 13.061
  step 550/1999 best 13.296
  step 600/1999 best 13.337
  step 650/1999 best 13.461
  step 700/1999 best 13.449
  step 750/1999 best 13.085
  step 800/1999 best 13.352
  step 850/1999 best 13.400
  step 900/1999 best 13.366
  step 950/1999 best 13.126
  step 1000/1999 best 13.304
  step 1050/1999 best 13.368
  step 1100/1999 best 13.315
  step 1150/1999 best 13.324
  step 1200/1999 best 13.442
  step 1250/1999 best 13.384
  step 1300/1999 best 13.416
  step 1350/1999 best 13.177
  step 1400/1999 best 13.229
  step 1450/1999 best 13.383
  step 1500/1999 best 13.333
  step 1550/1999 best 13.489
  step 1600/1999 best 13.376
  step 1650/1999 best 13.274
  step 1700/1999 best 13.408
  step 1750/1999 best 13.338
  step 1800/1999 best 13.415
  step 1850/1999 best 13.516
  step 1900/1999 best 13.473
  step 1950/1999 best 13.298
saved SBC_CHAINS_cnn_vmim__n1_jitter_seed_s2_sim2390_row1989279_noise2075_2254_2433 (240000, 4) acc=0.255
  step 0/1999 best -21.485
  step 50/1999 best -3.686
  step 100/1999 best 12.137
  step 150/1999 best 12.137
  step 200/1999 best 13.755
  step 250/1999 best 15.619
  step 300/1999 best 15.553
  step 350/1999 best 15.348
  step 400/1999 best 15.370
  step 450/1999 best 15.655
  step 500/1999 best 15.533
  step 550/1999 best 15.489
  step 600/1999 best 15.545
  step 650/1999 best 15.558
  step 700/1999 best 15.558
  step 750/1999 best 15.643
  step 800/1999 best 15.687
  step 850/1999 best 15.639
  step 900/1999 best 15.731
  step 950/1999 best 15.576
  step 1000/1999 best 15.597
  step 1050/1999 best 15.596
  step 1100/1999 best 15.647
  step 1150/1999 best 15.724
  step 1200/1999 best 15.591
  step 1250/1999 best 15.651
  step 1300/1999 best 15.671
  step 1350/1999 best 15.747
  step 1400/1999 best 15.605
  step 1450/1999 best 15.605
  step 1500/1999 best 15.593
  step 1550/1999 best 15.586
  step 1600/1999 best 15.717
  step 1650/1999 best 15.749
  step 1700/1999 best 15.646
  step 1750/1999 best 15.685
  step 1800/1999 best 15.489
  step 1850/1999 best 15.678
  step 1900/1999 best 15.583
  step 1950/1999 best 15.730
saved SBC_CHAINS_cnn_vmim__n1_jitter_seed_s2_sim982_row931992_noise192_371_550 (240000, 4) acc=0.214
  step 0/1999 best -8.951
  step 50/1999 best 11.269
  step 100/1999 best 13.217
  step 150/1999 best 14.793
  step 200/1999 best 15.407
  step 250/1999 best 16.534
  step 300/1999 best 16.654
  step 350/1999 best 16.714
  step 400/1999 best 16.523
  step 450/1999 best 16.489
  step 500/1999 best 16.703
  step 550/1999 best 16.577
  step 600/1999 best 16.705
  step 650/1999 best 16.770
  step 700/1999 best 16.743
  step 750/1999 best 16.729
  step 800/1999 best 16.690
  step 850/1999 best 16.694
  step 900/1999 best 16.570
  step 950/1999 best 16.706
  step 1000/1999 best 16.709
  step 1050/1999 best 16.702
  step 1100/1999 best 16.590
  step 1150/1999 best 16.758
  step 1200/1999 best 16.695
  step 1250/1999 best 16.673
  step 1300/1999 best 16.642
  step 1350/1999 best 16.748
  step 1400/1999 best 16.723
  step 1450/1999 best 16.701
  step 1500/1999 best 16.766
  step 1550/1999 best 16.622
  step 1600/1999 best 16.647
  step 1650/1999 best 16.575
  step 1700/1999 best 16.783
  step 1750/1999 best 16.564
  step 1800/1999 best 16.518
  step 1850/1999 best 16.728
  step 1900/1999 best 16.729
  step 1950/1999 best 16.733
saved SBC_CHAINS_cnn_vmim__n1_jitter_seed_s2_sim1430_row1212287_noise5227_5406_5585 (240000, 4) acc=0.323
  step 0/1999 best -28.600
  step 50/1999 best -7.758
  step 100/1999 best -5.395
  step 150/1999 best 0.869
  step 200/1999 best 7.667
  step 250/1999 best 11.262
  step 300/1999 best 11.871
  step 350/1999 best 12.336
  step 400/1999 best 12.287
  step 450/1999 best 12.239
  step 500/1999 best 12.465
  step 550/1999 best 12.248
  step 600/1999 best 12.516
  step 650/1999 best 12.395
  step 700/1999 best 12.457
  step 750/1999 best 12.457
  step 800/1999 best 12.363
  step 850/1999 best 12.392
  step 900/1999 best 12.345
  step 950/1999 best 12.452
  step 1000/1999 best 12.542
  step 1050/1999 best 12.465
  step 1100/1999 best 12.537
  step 1150/1999 best 12.548
  step 1200/1999 best 12.405
  step 1250/1999 best 12.512
  step 1300/1999 best 12.301
  step 1350/1999 best 12.252
  step 1400/1999 best 12.487
  step 1450/1999 best 12.497
  step 1500/1999 best 12.489
  step 1550/1999 best 12.338
  step 1600/1999 best 12.461
  step 1650/1999 best 12.496
  step 1700/1999 best 12.503
  step 1750/1999 best 12.469
  step 1800/1999 best 12.296
  step 1850/1999 best 12.494
  step 1900/1999 best 12.416
  step 1950/1999 best 12.356
saved SBC_CHAINS_cnn_vmim__n1_jitter_seed_s2_sim2824_row2419720_noise4084_4263_4442 (240000, 4) acc=0.194
  step 0/1999 best -9.421
  step 50/1999 best 6.494
  step 100/1999 best 10.672
  step 150/1999 best 16.313
  step 200/1999 best 16.782
  step 250/1999 best 16.765
  step 300/1999 best 16.793
  step 350/1999 best 16.742
  step 400/1999 best 16.980
  step 450/1999 best 16.879
  step 500/1999 best 16.964
  step 550/1999 best 16.988
  step 600/1999 best 16.967
  step 650/1999 best 16.810
  step 700/1999 best 16.921
  step 750/1999 best 16.757
  step 800/1999 best 16.969
  step 850/1999 best 16.954
  step 900/1999 best 17.017
  step 950/1999 best 16.939
  step 1000/1999 best 16.716
  step 1050/1999 best 16.848
  step 1100/1999 best 17.014
  step 1150/1999 best 16.880
  step 1200/1999 best 16.858
  step 1250/1999 best 16.937
  step 1300/1999 best 16.780
  step 1350/1999 best 17.014
  step 1400/1999 best 16.961
  step 1450/1999 best 17.064
  step 1500/1999 best 16.900
  step 1550/1999 best 16.920
  step 1600/1999 best 16.945
  step 1650/1999 best 16.945
  step 1700/1999 best 16.826
  step 1750/1999 best 16.897
  step 1800/1999 best 16.989
  step 1850/1999 best 17.019
  step 1900/1999 best 16.943
  step 1950/1999 best 16.933
saved SBC_CHAINS_cnn_vmim__n1_jitter_seed_s2_sim736_row685259_noise8987_9166_9345 (240000, 4) acc=0.246
  step 0/1999 best -18.400
  step 50/1999 best 1.530
  step 100/1999 best 7.136
  step 150/1999 best 8.657
  step 200/1999 best 12.766
  step 250/1999 best 13.884
  step 300/1999 best 14.126
  step 350/1999 best 13.646
  step 400/1999 best 13.741
  step 450/1999 best 14.058
  step 500/1999 best 13.787
  step 550/1999 best 14.162
  step 600/1999 best 14.297
  step 650/1999 best 14.299
  step 700/1999 best 14.220
  step 750/1999 best 13.993
  step 800/1999 best 14.095
  step 850/1999 best 13.895
  step 900/1999 best 14.264
  step 950/1999 best 14.200
  step 1000/1999 best 14.317
  step 1050/1999 best 14.014
  step 1100/1999 best 14.287
  step 1150/1999 best 14.312
  step 1200/1999 best 14.299
  step 1250/1999 best 14.140
  step 1300/1999 best 14.156
  step 1350/1999 best 14.161
  step 1400/1999 best 14.066
  step 1450/1999 best 14.341
  step 1500/1999 best 14.114
  step 1550/1999 best 14.004
  step 1600/1999 best 14.280
  step 1650/1999 best 14.320
  step 1700/1999 best 14.200
  step 1750/1999 best 14.293
  step 1800/1999 best 14.257
  step 1850/1999 best 14.298
  step 1900/1999 best 14.180
  step 1950/1999 best 14.325
saved SBC_CHAINS_cnn_vmim__n1_jitter_seed_s2_sim1466_row1248103_noise1731_1910_2089 (240000, 4) acc=0.158
  step 0/1999 best -9.841
  step 50/1999 best 11.754
  step 100/1999 best 12.364
  step 150/1999 best 14.487
  step 200/1999 best 15.368
  step 250/1999 best 15.182
  step 300/1999 best 15.212
  step 350/1999 best 15.254
  step 400/1999 best 15.417
  step 450/1999 best 15.074
  step 500/1999 best 15.460
  step 550/1999 best 15.406
  step 600/1999 best 15.380
  step 650/1999 best 15.283
  step 700/1999 best 15.401
  step 750/1999 best 15.376
  step 800/1999 best 15.436
  step 850/1999 best 15.359
  step 900/1999 best 15.444
  step 950/1999 best 15.469
  step 1000/1999 best 15.281
  step 1050/1999 best 15.460
  step 1100/1999 best 15.454
  step 1150/1999 best 15.448
  step 1200/1999 best 15.367
  step 1250/1999 best 15.397
  step 1300/1999 best 15.460
  step 1350/1999 best 15.419
  step 1400/1999 best 15.409
  step 1450/1999 best 15.514
  step 1500/1999 best 15.278
  step 1550/1999 best 15.515
  step 1600/1999 best 15.491
  step 1650/1999 best 15.388
  step 1700/1999 best 15.494
  step 1750/1999 best 15.432
  step 1800/1999 best 15.495
  step 1850/1999 best 15.368
  step 1900/1999 best 15.373
  step 1950/1999 best 15.414
saved SBC_CHAINS_cnn_vmim__n1_jitter_seed_s2_sim883_row832926_noise9234_9413_9592 (240000, 4) acc=0.388
  step 0/1999 best -9.265
  step 50/1999 best 10.532
  step 100/1999 best 13.523
  step 150/1999 best 12.782
  step 200/1999 best 13.724
  step 250/1999 best 13.612
  step 300/1999 best 13.712
  step 350/1999 best 13.642
  step 400/1999 best 13.655
  step 450/1999 best 13.831
  step 500/1999 best 13.763
  step 550/1999 best 13.771
  step 600/1999 best 13.842
  step 650/1999 best 13.832
  step 700/1999 best 13.617
  step 750/1999 best 13.619
  step 800/1999 best 13.746
  step 850/1999 best 13.855
  step 900/1999 best 13.767
  step 950/1999 best 13.845
  step 1000/1999 best 13.746
  step 1050/1999 best 13.756
  step 1100/1999 best 13.749
  step 1150/1999 best 13.793
  step 1200/1999 best 13.711
  step 1250/1999 best 13.778
  step 1300/1999 best 13.828
  step 1350/1999 best 13.825
  step 1400/1999 best 13.528
  step 1450/1999 best 13.720
  step 1500/1999 best 13.856
  step 1550/1999 best 13.786
  step 1600/1999 best 13.848
  step 1650/1999 best 13.717
  step 1700/1999 best 13.751
  step 1750/1999 best 13.692
  step 1800/1999 best 13.668
  step 1850/1999 best 13.745
  step 1900/1999 best 13.762
  step 1950/1999 best 13.620
saved SBC_CHAINS_cnn_vmim__n1_jitter_seed_s2_sim758_row707349_noise1593_1772_1951 (240000, 4) acc=0.241
  step 0/1999 best -15.657
  step 50/1999 best 3.146
  step 100/1999 best 10.769
  step 150/1999 best 14.322
  step 200/1999 best 15.966
  step 250/1999 best 16.217
  step 300/1999 best 16.231
  step 350/1999 best 16.199
  step 400/1999 best 16.112
  step 450/1999 best 16.006
  step 500/1999 best 16.196
  step 550/1999 best 16.287
  step 600/1999 best 16.047
  step 650/1999 best 15.909
  step 700/1999 best 16.240
  step 750/1999 best 16.102
  step 800/1999 best 16.193
  step 850/1999 best 15.943
  step 900/1999 best 16.111
  step 950/1999 best 16.200
  step 1000/1999 best 16.237
  step 1050/1999 best 16.319
  step 1100/1999 best 16.163
  step 1150/1999 best 16.226
  step 1200/1999 best 16.270
  step 1250/1999 best 16.086
  step 1300/1999 best 16.110
  step 1350/1999 best 16.269
  step 1400/1999 best 16.282
  step 1450/1999 best 16.272
  step 1500/1999 best 16.177
  step 1550/1999 best 16.316
  step 1600/1999 best 16.161
  step 1650/1999 best 16.067
  step 1700/1999 best 16.139
  step 1750/1999 best 16.132
  step 1800/1999 best 16.206
  step 1850/1999 best 16.315
  step 1900/1999 best 16.218
  step 1950/1999 best 16.331
saved SBC_CHAINS_cnn_vmim__n1_jitter_seed_s2_sim1285_row1102276_noise7636_7815_7994 (240000, 4) acc=0.246
  step 0/1999 best -23.562
  step 50/1999 best 9.001
  step 100/1999 best 14.854
  step 150/1999 best 15.971
  step 200/1999 best 16.347
  step 250/1999 best 16.243
  step 300/1999 best 16.134
  step 350/1999 best 16.342
  step 400/1999 best 16.267
  step 450/1999 best 16.140
  step 500/1999 best 16.377
  step 550/1999 best 16.395
  step 600/1999 best 16.238
  step 650/1999 best 16.403
  step 700/1999 best 16.459
  step 750/1999 best 16.421
  step 800/1999 best 16.432
  step 850/1999 best 16.256
  step 900/1999 best 16.373
  step 950/1999 best 16.426
  step 1000/1999 best 16.221
  step 1050/1999 best 16.414
  step 1100/1999 best 16.289
  step 1150/1999 best 16.479
  step 1200/1999 best 16.383
  step 1250/1999 best 16.402
  step 1300/1999 best 16.505
  step 1350/1999 best 16.390
  step 1400/1999 best 16.430
  step 1450/1999 best 16.429
  step 1500/1999 best 16.320
  step 1550/1999 best 16.429
  step 1600/1999 best 16.327
  step 1650/1999 best 16.315
  step 1700/1999 best 16.338
  step 1750/1999 best 16.315
  step 1800/1999 best 16.365
  step 1850/1999 best 16.384
  step 1900/1999 best 16.353
  step 1950/1999 best 16.443
saved SBC_CHAINS_cnn_vmim__n1_jitter_seed_s2_sim747_row696875_noise947_1126_1305 (240000, 4) acc=0.296
  step 0/1999 best -21.069
  step 50/1999 best -4.230
  step 100/1999 best -0.287
  step 150/1999 best 12.393
  step 200/1999 best 12.393
  step 250/1999 best 11.635
  step 300/1999 best 11.684
  step 350/1999 best 13.653
  step 400/1999 best 15.191
  step 450/1999 best 15.011
  step 500/1999 best 14.967
  step 550/1999 best 15.744
  step 600/1999 best 15.768
  step 650/1999 best 15.868
  step 700/1999 best 15.669
  step 750/1999 best 15.850
  step 800/1999 best 15.775
  step 850/1999 best 15.713
  step 900/1999 best 15.751
  step 950/1999 best 15.804
  step 1000/1999 best 15.820
  step 1050/1999 best 15.821
  step 1100/1999 best 15.775
  step 1150/1999 best 15.614
  step 1200/1999 best 15.715
  step 1250/1999 best 15.582
  step 1300/1999 best 15.589
  step 1350/1999 best 15.905
  step 1400/1999 best 15.714
  step 1450/1999 best 15.870
  step 1500/1999 best 15.812
  step 1550/1999 best 15.882
  step 1600/1999 best 15.781
  step 1650/1999 best 15.664
  step 1700/1999 best 15.824
  step 1750/1999 best 15.531
  step 1800/1999 best 15.797
  step 1850/1999 best 15.876
  step 1900/1999 best 15.816
  step 1950/1999 best 15.799
saved SBC_CHAINS_cnn_vmim__n1_jitter_seed_s2_sim172_row163117_noise5041_5220_5399 (240000, 4) acc=0.151
  step 0/1999 best -25.523
  step 50/1999 best 1.525
  step 100/1999 best 4.547
  step 150/1999 best 10.026
  step 200/1999 best 13.248
  step 250/1999 best 13.804
  step 300/1999 best 15.388
  step 350/1999 best 15.999
  step 400/1999 best 16.485
  step 450/1999 best 16.276
  step 500/1999 best 16.440
  step 550/1999 best 16.481
  step 600/1999 best 16.355
  step 650/1999 best 16.377
  step 700/1999 best 16.415
  step 750/1999 best 16.385
  step 800/1999 best 16.328
  step 850/1999 best 16.286
  step 900/1999 best 16.364
  step 950/1999 best 16.325
  step 1000/1999 best 16.415
  step 1050/1999 best 16.425
  step 1100/1999 best 16.385
  step 1150/1999 best 16.361
  step 1200/1999 best 16.491
  step 1250/1999 best 16.552
  step 1300/1999 best 16.415
  step 1350/1999 best 16.470
  step 1400/1999 best 16.298
  step 1450/1999 best 16.450
  step 1500/1999 best 16.560
  step 1550/1999 best 16.331
  step 1600/1999 best 16.331
  step 1650/1999 best 16.410
  step 1700/1999 best 16.457
  step 1750/1999 best 16.392
  step 1800/1999 best 16.491
  step 1850/1999 best 16.444
  step 1900/1999 best 16.413
  step 1950/1999 best 16.514
saved SBC_CHAINS_cnn_vmim__n1_jitter_seed_s2_sim98_row97917_noise637_816_995 (240000, 4) acc=0.223
  step 0/1999 best -30.732
  step 50/1999 best 3.254
  step 100/1999 best 12.188
  step 150/1999 best 13.021
  step 200/1999 best 14.006
  step 250/1999 best 13.843
  step 300/1999 best 14.298
  step 350/1999 best 14.329
  step 400/1999 best 14.262
  step 450/1999 best 14.124
  step 500/1999 best 14.221
  step 550/1999 best 14.268
  step 600/1999 best 14.298
  step 650/1999 best 14.236
  step 700/1999 best 14.280
  step 750/1999 best 14.257
  step 800/1999 best 14.298
  step 850/1999 best 14.093
  step 900/1999 best 14.315
  step 950/1999 best 14.269
  step 1000/1999 best 14.242
  step 1050/1999 best 14.333
  step 1100/1999 best 14.316
  step 1150/1999 best 14.048
  step 1200/1999 best 14.258
  step 1250/1999 best 14.278
  step 1300/1999 best 14.315
  step 1350/1999 best 14.289
  step 1400/1999 best 14.109
  step 1450/1999 best 14.294
  step 1500/1999 best 14.205
  step 1550/1999 best 14.343
  step 1600/1999 best 14.330
  step 1650/1999 best 14.174
  step 1700/1999 best 14.203
  step 1750/1999 best 14.285
  step 1800/1999 best 14.313
  step 1850/1999 best 14.215
  step 1900/1999 best 14.168
  step 1950/1999 best 14.250
saved SBC_CHAINS_cnn_vmim__n1_jitter_seed_s2_sim2919_row2514045_noise129_308_487 (240000, 4) acc=0.344
  step 0/1999 best -13.512
  step 50/1999 best 12.349
  step 100/1999 best 13.378
  step 150/1999 best 15.075
  step 200/1999 best 15.518
  step 250/1999 best 15.595
  step 300/1999 best 15.585
  step 350/1999 best 15.476
  step 400/1999 best 15.500
  step 450/1999 best 15.222
  step 500/1999 best 15.062
  step 550/1999 best 15.569
  step 600/1999 best 15.302
  step 650/1999 best 15.458
  step 700/1999 best 15.508
  step 750/1999 best 15.190
  step 800/1999 best 15.512
  step 850/1999 best 15.536
  step 900/1999 best 15.435
  step 950/1999 best 15.626
  step 1000/1999 best 15.390
  step 1050/1999 best 15.466
  step 1100/1999 best 15.530
  step 1150/1999 best 15.457
  step 1200/1999 best 15.525
  step 1250/1999 best 15.423
  step 1300/1999 best 15.220
  step 1350/1999 best 15.514
  step 1400/1999 best 15.444
  step 1450/1999 best 15.537
  step 1500/1999 best 15.576
  step 1550/1999 best 15.431
  step 1600/1999 best 15.611
  step 1650/1999 best 15.600
  step 1700/1999 best 15.398
  step 1750/1999 best 15.454
  step 1800/1999 best 15.390
  step 1850/1999 best 15.211
  step 1900/1999 best 15.474
  step 1950/1999 best 15.586
saved SBC_CHAINS_cnn_vmim__n1_jitter_seed_s2_sim908_row857254_noise4078_4257_4436 (240000, 4) acc=0.230
  step 0/1999 best -16.853
  step 50/1999 best 3.639
  step 100/1999 best 10.932
  step 150/1999 best 13.843
  step 200/1999 best 14.336
  step 250/1999 best 14.476
  step 300/1999 best 14.607
  step 350/1999 best 14.595
  step 400/1999 best 14.626
  step 450/1999 best 14.504
  step 500/1999 best 14.591
  step 550/1999 best 14.614
  step 600/1999 best 14.783
  step 650/1999 best 14.524
  step 700/1999 best 14.686
  step 750/1999 best 14.762
  step 800/1999 best 14.711
  step 850/1999 best 14.645
  step 900/1999 best 14.717
  step 950/1999 best 14.629
  step 1000/1999 best 14.750
  step 1050/1999 best 14.763
  step 1100/1999 best 14.650
  step 1150/1999 best 14.488
  step 1200/1999 best 14.781
  step 1250/1999 best 14.593
  step 1300/1999 best 14.756
  step 1350/1999 best 14.763
  step 1400/1999 best 14.729
  step 1450/1999 best 14.734
  step 1500/1999 best 14.652
  step 1550/1999 best 14.693
  step 1600/1999 best 14.494
  step 1650/1999 best 14.589
  step 1700/1999 best 14.608
  step 1750/1999 best 14.745
  step 1800/1999 best 14.612
  step 1850/1999 best 14.707
  step 1900/1999 best 14.544
  step 1950/1999 best 14.776
saved SBC_CHAINS_cnn_vmim__n1_jitter_seed_s2_sim759_row708898_noise3142_3321_3500 (240000, 4) acc=0.214
  step 0/1999 best -14.191
  step 50/1999 best 5.016
  step 100/1999 best 15.341
  step 150/1999 best 16.948
  step 200/1999 best 16.433
  step 250/1999 best 17.198
  step 300/1999 best 16.683
  step 350/1999 best 17.075
  step 400/1999 best 17.149
  step 450/1999 best 16.978
  step 500/1999 best 16.941
  step 550/1999 best 17.219
  step 600/1999 best 16.967
  step 650/1999 best 16.984
  step 700/1999 best 17.073
  step 750/1999 best 17.033
  step 800/1999 best 17.058
  step 850/1999 best 17.228
  step 900/1999 best 17.120
  step 950/1999 best 16.880
  step 1000/1999 best 16.974
  step 1050/1999 best 17.197
  step 1100/1999 best 17.179
  step 1150/1999 best 17.083
  step 1200/1999 best 16.977
  step 1250/1999 best 16.993
  step 1300/1999 best 17.134
  step 1350/1999 best 17.003
  step 1400/1999 best 17.134
  step 1450/1999 best 17.177
  step 1500/1999 best 17.165
  step 1550/1999 best 16.998
  step 1600/1999 best 17.019
  step 1650/1999 best 17.019
  step 1700/1999 best 16.928
  step 1750/1999 best 17.075
  step 1800/1999 best 17.102
  step 1850/1999 best 17.132
  step 1900/1999 best 17.111
  step 1950/1999 best 17.178
saved SBC_CHAINS_cnn_vmim__n1_jitter_seed_s2_sim1995_row1606481_noise397_576_755 (240000, 4) acc=0.190
  step 0/1999 best -20.269
  step 50/1999 best 6.372
  step 100/1999 best 13.582
  step 150/1999 best 14.952
  step 200/1999 best 15.322
  step 250/1999 best 16.119
  step 300/1999 best 16.049
  step 350/1999 best 15.984
  step 400/1999 best 16.121
  step 450/1999 best 15.643
  step 500/1999 best 16.156
  step 550/1999 best 16.038
  step 600/1999 best 16.136
  step 650/1999 best 16.081
  step 700/1999 best 16.203
  step 750/1999 best 16.231
  step 800/1999 best 15.944
  step 850/1999 best 16.079
  step 900/1999 best 16.236
  step 950/1999 best 16.183
  step 1000/1999 best 16.209
  step 1050/1999 best 16.110
  step 1100/1999 best 16.162
  step 1150/1999 best 16.283
  step 1200/1999 best 16.051
  step 1250/1999 best 16.065
  step 1300/1999 best 16.080
  step 1350/1999 best 16.076
  step 1400/1999 best 16.209
  step 1450/1999 best 16.109
  step 1500/1999 best 16.118
  step 1550/1999 best 16.063
  step 1600/1999 best 16.055
  step 1650/1999 best 16.261
  step 1700/1999 best 16.182
  step 1750/1999 best 16.148
  step 1800/1999 best 16.082
  step 1850/1999 best 16.178
  step 1900/1999 best 16.222
  step 1950/1999 best 16.119
saved SBC_CHAINS_cnn_vmim__n1_jitter_seed_s2_sim2000_row1611269_noise5185_5364_5543 (240000, 4) acc=0.165
  step 0/1999 best -15.874
  step 50/1999 best 4.850
  step 100/1999 best 13.984
  step 150/1999 best 15.738
  step 200/1999 best 15.847
  step 250/1999 best 15.825
  step 300/1999 best 15.840
  step 350/1999 best 16.130
  step 400/1999 best 16.092
  step 450/1999 best 16.152
  step 500/1999 best 15.984
  step 550/1999 best 15.968
  step 600/1999 best 16.037
  step 650/1999 best 16.123
  step 700/1999 best 16.015
  step 750/1999 best 16.114
  step 800/1999 best 16.087
  step 850/1999 best 16.064
  step 900/1999 best 16.105
  step 950/1999 best 16.024
  step 1000/1999 best 16.009
  step 1050/1999 best 15.942
  step 1100/1999 best 15.995
  step 1150/1999 best 16.074
  step 1200/1999 best 15.988
  step 1250/1999 best 16.014
  step 1300/1999 best 16.085
  step 1350/1999 best 16.116
  step 1400/1999 best 15.953
  step 1450/1999 best 16.118
  step 1500/1999 best 16.012
  step 1550/1999 best 15.968
  step 1600/1999 best 15.944
  step 1650/1999 best 16.000
  step 1700/1999 best 15.970
  step 1750/1999 best 16.132
  step 1800/1999 best 16.072
  step 1850/1999 best 16.026
  step 1900/1999 best 16.145
  step 1950/1999 best 16.026
saved SBC_CHAINS_cnn_vmim__n1_jitter_seed_s2_sim2066_row1676479_noise2599_2778_2957 (240000, 4) acc=0.233
  step 0/1999 best -13.806
  step 50/1999 best -2.344
  step 100/1999 best -1.411
  step 150/1999 best 10.122
  step 200/1999 best 10.803
  step 250/1999 best 12.413
  step 300/1999 best 12.209
  step 350/1999 best 12.206
  step 400/1999 best 12.208
  step 450/1999 best 12.181
  step 500/1999 best 12.462
  step 550/1999 best 12.155
  step 600/1999 best 12.459
  step 650/1999 best 12.405
  step 700/1999 best 12.439
  step 750/1999 best 12.508
  step 800/1999 best 12.458
  step 850/1999 best 12.339
  step 900/1999 best 12.188
  step 950/1999 best 12.511
  step 1000/1999 best 12.360
  step 1050/1999 best 12.427
  step 1100/1999 best 12.411
  step 1150/1999 best 12.439
  step 1200/1999 best 12.317
  step 1250/1999 best 12.334
  step 1300/1999 best 12.388
  step 1350/1999 best 12.440
  step 1400/1999 best 12.446
  step 1450/1999 best 12.463
  step 1500/1999 best 12.458
  step 1550/1999 best 12.399
  step 1600/1999 best 12.444
  step 1650/1999 best 12.436
  step 1700/1999 best 12.392
  step 1750/1999 best 12.449
  step 1800/1999 best 12.214
  step 1850/1999 best 12.334
  step 1900/1999 best 12.378
  step 1950/1999 best 12.451
saved SBC_CHAINS_cnn_vmim__n1_jitter_seed_s2_sim2533_row2132663_noise7867_8046_8225 (240000, 4) acc=0.271
  step 0/1999 best -19.617
  step 50/1999 best 7.189
  step 100/1999 best 13.846
  step 150/1999 best 15.939
  step 200/1999 best 16.672
  step 250/1999 best 16.631
  step 300/1999 best 16.656
  step 350/1999 best 16.714
  step 400/1999 best 16.700
  step 450/1999 best 16.783
  step 500/1999 best 16.558
  step 550/1999 best 16.716
  step 600/1999 best 16.766
  step 650/1999 best 16.760
  step 700/1999 best 16.859
  step 750/1999 best 16.738
  step 800/1999 best 16.771
  step 850/1999 best 16.721
  step 900/1999 best 16.554
  step 950/1999 best 16.662
  step 1000/1999 best 16.696
  step 1050/1999 best 16.696
  step 1100/1999 best 16.709
  step 1150/1999 best 16.637
  step 1200/1999 best 16.711
  step 1250/1999 best 16.650
  step 1300/1999 best 16.587
  step 1350/1999 best 16.804
  step 1400/1999 best 16.794
  step 1450/1999 best 16.786
  step 1500/1999 best 16.744
  step 1550/1999 best 16.581
  step 1600/1999 best 16.621
  step 1650/1999 best 16.752
  step 1700/1999 best 16.748
  step 1750/1999 best 16.801
  step 1800/1999 best 16.639
  step 1850/1999 best 16.770
  step 1900/1999 best 16.874
  step 1950/1999 best 16.733
saved SBC_CHAINS_cnn_vmim__n1_jitter_seed_s2_sim1442_row1224451_noise7563_7742_7921 (240000, 4) acc=0.235
  step 0/1999 best -16.731
  step 50/1999 best 1.740
  step 100/1999 best 1.900
  step 150/1999 best 6.552
  step 200/1999 best 8.278
  step 250/1999 best 14.844
  step 300/1999 best 15.604
  step 350/1999 best 15.409
  step 400/1999 best 16.074
  step 450/1999 best 15.943
  step 500/1999 best 15.942
  step 550/1999 best 16.067
  step 600/1999 best 15.934
  step 650/1999 best 16.035
  step 700/1999 best 16.066
  step 750/1999 best 16.202
  step 800/1999 best 16.153
  step 850/1999 best 16.009
  step 900/1999 best 15.858
  step 950/1999 best 16.049
  step 1000/1999 best 16.206
  step 1050/1999 best 16.008
  step 1100/1999 best 15.840
  step 1150/1999 best 16.224
  step 1200/1999 best 16.183
  step 1250/1999 best 16.123
  step 1300/1999 best 16.242
  step 1350/1999 best 16.167
  step 1400/1999 best 16.208
  step 1450/1999 best 16.142
  step 1500/1999 best 16.229
  step 1550/1999 best 15.898
  step 1600/1999 best 16.040
  step 1650/1999 best 16.029
  step 1700/1999 best 16.171
  step 1750/1999 best 16.079
  step 1800/1999 best 16.022
  step 1850/1999 best 16.218
  step 1900/1999 best 16.153
  step 1950/1999 best 16.093
saved SBC_CHAINS_cnn_vmim__n1_jitter_seed_s2_sim2008_row1619818_noise3906_4085_4264 (240000, 4) acc=0.142
  step 0/1999 best -24.038
  step 50/1999 best 7.005
  step 100/1999 best 8.933
  step 150/1999 best 8.636
  step 200/1999 best 15.220
  step 250/1999 best 17.244
  step 300/1999 best 17.414
  step 350/1999 best 16.759
  step 400/1999 best 17.141
  step 450/1999 best 17.157
  step 500/1999 best 17.256
  step 550/1999 best 16.815
  step 600/1999 best 17.558
  step 650/1999 best 17.554
  step 700/1999 best 17.087
  step 750/1999 best 17.478
  step 800/1999 best 17.636
  step 850/1999 best 17.614
  step 900/1999 best 17.597
  step 950/1999 best 17.557
  step 1000/1999 best 17.634
  step 1050/1999 best 17.438
  step 1100/1999 best 17.501
  step 1150/1999 best 17.552
  step 1200/1999 best 17.420
  step 1250/1999 best 17.492
  step 1300/1999 best 17.274
  step 1350/1999 best 17.613
  step 1400/1999 best 17.443
  step 1450/1999 best 17.593
  step 1500/1999 best 17.473
  step 1550/1999 best 17.572
  step 1600/1999 best 17.525
  step 1650/1999 best 17.168
  step 1700/1999 best 17.287
  step 1750/1999 best 17.120
  step 1800/1999 best 17.592
  step 1850/1999 best 17.574
  step 1900/1999 best 17.599
  step 1950/1999 best 17.411
saved SBC_CHAINS_cnn_vmim__n1_jitter_seed_s2_sim1276_row1094473_noise8661_8840_9019 (240000, 4) acc=0.167
  step 0/1999 best -19.288
  step 50/1999 best -2.409
  step 100/1999 best 8.337
  step 150/1999 best 9.373
  step 200/1999 best 11.123
  step 250/1999 best 11.646
  step 300/1999 best 11.254
  step 350/1999 best 11.455
  step 400/1999 best 11.712
  step 450/1999 best 11.766
  step 500/1999 best 11.574
  step 550/1999 best 11.713
  step 600/1999 best 11.571
  step 650/1999 best 11.661
  step 700/1999 best 11.730
  step 750/1999 best 11.776
  step 800/1999 best 11.871
  step 850/1999 best 11.790
  step 900/1999 best 11.750
  step 950/1999 best 11.725
  step 1000/1999 best 11.563
  step 1050/1999 best 11.819
  step 1100/1999 best 11.845
  step 1150/1999 best 11.765
  step 1200/1999 best 11.719
  step 1250/1999 best 11.786
  step 1300/1999 best 11.672
  step 1350/1999 best 11.833
  step 1400/1999 best 11.775
  step 1450/1999 best 11.842
  step 1500/1999 best 11.711
  step 1550/1999 best 11.777
  step 1600/1999 best 11.615
  step 1650/1999 best 11.691
  step 1700/1999 best 11.839
  step 1750/1999 best 11.750
  step 1800/1999 best 11.773
  step 1850/1999 best 11.697
  step 1900/1999 best 11.742
  step 1950/1999 best 11.806
saved SBC_CHAINS_cnn_vmim__n1_jitter_seed_s2_sim3013_row2608024_noise5656_5835_6014 (240000, 4) acc=0.298
  step 0/1999 best -27.357
  step 50/1999 best 2.540
  step 100/1999 best 7.395
  step 150/1999 best 15.994
  step 200/1999 best 15.922
  step 250/1999 best 16.007
  step 300/1999 best 16.193
  step 350/1999 best 16.254
  step 400/1999 best 16.286
  step 450/1999 best 16.205
  step 500/1999 best 16.313
  step 550/1999 best 16.351
  step 600/1999 best 16.346
  step 650/1999 best 16.218
  step 700/1999 best 16.358
  step 750/1999 best 16.353
  step 800/1999 best 16.250
  step 850/1999 best 16.313
  step 900/1999 best 16.343
  step 950/1999 best 16.311
  step 1000/1999 best 16.342
  step 1050/1999 best 16.285
  step 1100/1999 best 16.281
  step 1150/1999 best 16.311
  step 1200/1999 best 16.263
  step 1250/1999 best 16.397
  step 1300/1999 best 16.356
  step 1350/1999 best 16.257
  step 1400/1999 best 16.223
  step 1450/1999 best 16.322
  step 1500/1999 best 16.224
  step 1550/1999 best 16.311
  step 1600/1999 best 16.372
  step 1650/1999 best 16.343
  step 1700/1999 best 16.310
  step 1750/1999 best 16.367
  step 1800/1999 best 16.318
  step 1850/1999 best 16.299
  step 1900/1999 best 16.238
  step 1950/1999 best 16.305
saved SBC_CHAINS_cnn_vmim__n1_jitter_seed_s2_sim254_row240173_noise8473_8652_8831 (240000, 4) acc=0.397
  step 0/1999 best -17.053
  step 50/1999 best -6.494
  step 100/1999 best -2.083
  step 150/1999 best -0.910
  step 200/1999 best 5.508
  step 250/1999 best 10.884
  step 300/1999 best 13.305
  step 350/1999 best 12.485
  step 400/1999 best 13.595
  step 450/1999 best 13.220
  step 500/1999 best 14.389
  step 550/1999 best 14.339
  step 600/1999 best 14.534
  step 650/1999 best 14.371
  step 700/1999 best 14.361
  step 750/1999 best 14.641
  step 800/1999 best 14.611
  step 850/1999 best 14.624
  step 900/1999 best 14.465
  step 950/1999 best 14.362
  step 1000/1999 best 14.416
  step 1050/1999 best 14.525
  step 1100/1999 best 14.343
  step 1150/1999 best 14.233
  step 1200/1999 best 14.536
  step 1250/1999 best 14.514
  step 1300/1999 best 14.622
  step 1350/1999 best 14.503
  step 1400/1999 best 14.328
  step 1450/1999 best 14.621
  step 1500/1999 best 14.474
  step 1550/1999 best 14.532
  step 1600/1999 best 14.587
  step 1650/1999 best 14.689
  step 1700/1999 best 14.614
  step 1750/1999 best 14.487
  step 1800/1999 best 14.635
  step 1850/1999 best 14.455
  step 1900/1999 best 14.446
  step 1950/1999 best 14.356
saved SBC_CHAINS_cnn_vmim__n1_jitter_seed_s2_sim297_row283977_noise3137_3316_3495 (240000, 4) acc=0.163
  step 0/1999 best -14.953
  step 50/1999 best -1.773
  step 100/1999 best 8.502
  step 150/1999 best 11.947
  step 200/1999 best 12.611
  step 250/1999 best 12.991
  step 300/1999 best 12.802
  step 350/1999 best 12.982
  step 400/1999 best 13.066
  step 450/1999 best 13.053
  step 500/1999 best 13.147
  step 550/1999 best 13.057
  step 600/1999 best 13.147
  step 650/1999 best 13.047
  step 700/1999 best 13.079
  step 750/1999 best 13.179
  step 800/1999 best 13.164
  step 850/1999 best 12.993
  step 900/1999 best 12.985
  step 950/1999 best 13.033
  step 1000/1999 best 13.059
  step 1050/1999 best 13.076
  step 1100/1999 best 13.109
  step 1150/1999 best 13.080
  step 1200/1999 best 12.965
  step 1250/1999 best 13.125
  step 1300/1999 best 13.107
  step 1350/1999 best 13.065
  step 1400/1999 best 13.080
  step 1450/1999 best 13.144
  step 1500/1999 best 13.133
  step 1550/1999 best 13.205
  step 1600/1999 best 13.070
  step 1650/1999 best 12.985
  step 1700/1999 best 13.175
  step 1750/1999 best 13.154
  step 1800/1999 best 13.012
  step 1850/1999 best 13.089
  step 1900/1999 best 13.063
  step 1950/1999 best 13.064
saved SBC_CHAINS_cnn_vmim__n1_jitter_seed_s2_sim3079_row2674370_noise3206_3385_3564 (240000, 4) acc=0.346
  step 0/1999 best -19.173
  step 50/1999 best -1.432
  step 100/1999 best 11.379
  step 150/1999 best 11.941
  step 200/1999 best 12.219
  step 250/1999 best 14.488
  step 300/1999 best 14.828
  step 350/1999 best 15.424
  step 400/1999 best 15.436
  step 450/1999 best 15.184
  step 500/1999 best 15.341
  step 550/1999 best 15.506
  step 600/1999 best 15.216
  step 650/1999 best 15.039
  step 700/1999 best 15.461
  step 750/1999 best 15.409
  step 800/1999 best 15.469
  step 850/1999 best 15.470
  step 900/1999 best 15.474
  step 950/1999 best 15.308
  step 1000/1999 best 15.277
  step 1050/1999 best 15.392
  step 1100/1999 best 15.492
  step 1150/1999 best 15.268
  step 1200/1999 best 15.502
  step 1250/1999 best 15.291
  step 1300/1999 best 15.230
  step 1350/1999 best 15.475
  step 1400/1999 best 15.379
  step 1450/1999 best 15.434
  step 1500/1999 best 15.514
  step 1550/1999 best 15.215
  step 1600/1999 best 15.382
  step 1650/1999 best 15.486
  step 1700/1999 best 15.421
  step 1750/1999 best 15.447
  step 1800/1999 best 15.455
  step 1850/1999 best 15.339
  step 1900/1999 best 15.494
  step 1950/1999 best 15.463
saved SBC_CHAINS_cnn_vmim__n1_jitter_seed_s2_sim2085_row1695975_noise2439_2618_2797 (240000, 4) acc=0.188
  step 0/1999 best -16.253
  step 50/1999 best -3.863
  step 100/1999 best -3.018
  step 150/1999 best -0.043
  step 200/1999 best 0.094
  step 250/1999 best 0.094
  step 300/1999 best 0.993
  step 350/1999 best 2.326
  step 400/1999 best 1.650
  step 450/1999 best 2.198
  step 500/1999 best 1.730
  step 550/1999 best 10.128
  step 600/1999 best 12.793
  step 650/1999 best 12.793
  step 700/1999 best 12.734
  step 750/1999 best 12.734
  step 800/1999 best 12.652
  step 850/1999 best 12.671
  step 900/1999 best 12.258
  step 950/1999 best 13.331
  step 1000/1999 best 12.778
  step 1050/1999 best 12.472
  step 1100/1999 best 12.472
  step 1150/1999 best 12.138
  step 1200/1999 best 12.023
  step 1250/1999 best 13.817
  step 1300/1999 best 14.262
  step 1350/1999 best 13.386
  step 1400/1999 best 14.442
  step 1450/1999 best 13.944
  step 1500/1999 best 14.542
  step 1550/1999 best 13.935
  step 1600/1999 best 14.430
  step 1650/1999 best 14.839
  step 1700/1999 best 14.479
  step 1750/1999 best 14.694
  step 1800/1999 best 15.058
  step 1850/1999 best 14.548
  step 1900/1999 best 14.683
  step 1950/1999 best 14.916
saved SBC_CHAINS_cnn_vmim__n1_jitter_seed_s2_sim298_row284725_noise3885_4064_4243 (240000, 4) acc=0.106
  step 0/1999 best -16.564
  step 50/1999 best -0.045
  step 100/1999 best 1.968
  step 150/1999 best 5.447
  step 200/1999 best 13.273
  step 250/1999 best 12.523
  step 300/1999 best 12.905
  step 350/1999 best 14.288
  step 400/1999 best 15.782
  step 450/1999 best 14.545
  step 500/1999 best 14.880
  step 550/1999 best 15.840
  step 600/1999 best 16.246
  step 650/1999 best 16.246
  step 700/1999 best 15.641
  step 750/1999 best 15.429
  step 800/1999 best 15.407
  step 850/1999 best 16.122
  step 900/1999 best 16.082
  step 950/1999 best 16.110
  step 1000/1999 best 16.077
  step 1050/1999 best 16.015
  step 1100/1999 best 16.023
  step 1150/1999 best 16.095
  step 1200/1999 best 15.992
  step 1250/1999 best 15.971
  step 1300/1999 best 16.208
  step 1350/1999 best 16.252
  step 1400/1999 best 15.952
  step 1450/1999 best 15.775
  step 1500/1999 best 15.771
  step 1550/1999 best 16.031
  step 1600/1999 best 16.049
  step 1650/1999 best 16.175
  step 1700/1999 best 16.140
  step 1750/1999 best 16.236
  step 1800/1999 best 16.024
  step 1850/1999 best 15.940
  step 1900/1999 best 16.191
  step 1950/1999 best 16.131
saved SBC_CHAINS_cnn_vmim__n1_jitter_seed_s2_sim370_row356188_noise6552_6731_6910 (240000, 4) acc=0.144
  step 0/1999 best -11.696
  step 50/1999 best 10.669
  step 100/1999 best 11.239
  step 150/1999 best 12.693
  step 200/1999 best 13.017
  step 250/1999 best 13.722
  step 300/1999 best 13.648
  step 350/1999 best 13.780
  step 400/1999 best 13.726
  step 450/1999 best 13.593
  step 500/1999 best 13.730
  step 550/1999 best 13.653
  step 600/1999 best 13.607
  step 650/1999 best 13.649
  step 700/1999 best 13.727
  step 750/1999 best 13.519
  step 800/1999 best 13.778
  step 850/1999 best 13.716
  step 900/1999 best 13.695
  step 950/1999 best 13.633
  step 1000/1999 best 13.562
  step 1050/1999 best 13.755
  step 1100/1999 best 13.814
  step 1150/1999 best 13.815
  step 1200/1999 best 13.764
  step 1250/1999 best 13.824
  step 1300/1999 best 13.703
  step 1350/1999 best 13.760
  step 1400/1999 best 13.801
  step 1450/1999 best 13.652
  step 1500/1999 best 13.880
  step 1550/1999 best 13.668
  step 1600/1999 best 13.580
  step 1650/1999 best 13.687
  step 1700/1999 best 13.716
  step 1750/1999 best 13.629
  step 1800/1999 best 13.650
  step 1850/1999 best 13.799
  step 1900/1999 best 13.781
  step 1950/1999 best 13.607
saved SBC_CHAINS_cnn_vmim__n1_jitter_seed_s2_sim374_row360092_noise628_807_986 (240000, 4) acc=0.173
  step 0/1999 best -17.274
  step 50/1999 best 6.841
  step 100/1999 best 14.742
  step 150/1999 best 14.984
  step 200/1999 best 16.067
  step 250/1999 best 16.056
  step 300/1999 best 16.229
  step 350/1999 best 16.187
  step 400/1999 best 16.216
  step 450/1999 best 16.152
  step 500/1999 best 16.124
  step 550/1999 best 16.084
  step 600/1999 best 16.206
  step 650/1999 best 16.286
  step 700/1999 best 16.160
  step 750/1999 best 16.130
  step 800/1999 best 16.092
  step 850/1999 best 16.165
  step 900/1999 best 16.158
  step 950/1999 best 16.221
  step 1000/1999 best 15.982
  step 1050/1999 best 16.125
  step 1100/1999 best 16.281
  step 1150/1999 best 16.276
  step 1200/1999 best 16.224
  step 1250/1999 best 16.174
  step 1300/1999 best 16.124
  step 1350/1999 best 16.188
  step 1400/1999 best 16.230
  step 1450/1999 best 16.098
  step 1500/1999 best 16.177
  step 1550/1999 best 16.134
  step 1600/1999 best 16.182
  step 1650/1999 best 16.236
  step 1700/1999 best 16.219
  step 1750/1999 best 16.167
  step 1800/1999 best 16.190
  step 1850/1999 best 16.067
  step 1900/1999 best 16.176
  step 1950/1999 best 16.044
saved SBC_CHAINS_cnn_vmim__n1_jitter_seed_s2_sim831_row780418_noise5866_6045_6224 (240000, 4) acc=0.284
  step 0/1999 best -17.409
  step 50/1999 best -3.800
  step 100/1999 best 10.881
  step 150/1999 best 12.290
  step 200/1999 best 15.490
  step 250/1999 best 15.698
  step 300/1999 best 15.850
  step 350/1999 best 15.915
  step 400/1999 best 16.362
  step 450/1999 best 16.340
  step 500/1999 best 16.372
  step 550/1999 best 16.446
  step 600/1999 best 16.594
  step 650/1999 best 16.538
  step 700/1999 best 16.656
  step 750/1999 best 16.395
  step 800/1999 best 16.739
  step 850/1999 best 15.811
  step 900/1999 best 16.744
  step 950/1999 best 16.429
  step 1000/1999 best 16.632
  step 1050/1999 best 16.607
  step 1100/1999 best 16.394
  step 1150/1999 best 16.283
  step 1200/1999 best 16.715
  step 1250/1999 best 16.523
  step 1300/1999 best 16.239
  step 1350/1999 best 16.582
  step 1400/1999 best 16.590
  step 1450/1999 best 16.739
  step 1500/1999 best 16.698
  step 1550/1999 best 16.614
  step 1600/1999 best 16.547
  step 1650/1999 best 16.544
  step 1700/1999 best 16.517
  step 1750/1999 best 16.449
  step 1800/1999 best 16.660
  step 1850/1999 best 16.736
  step 1900/1999 best 16.663
  step 1950/1999 best 16.518
saved SBC_CHAINS_cnn_vmim__n1_jitter_seed_s2_sim1528_row1305713_noise5373_5552_5731 (240000, 4) acc=0.195
  step 0/1999 best -12.583
  step 50/1999 best 0.687
  step 100/1999 best 16.453
  step 150/1999 best 16.174
  step 200/1999 best 16.724
  step 250/1999 best 16.857
  step 300/1999 best 16.575
  step 350/1999 best 16.711
  step 400/1999 best 16.778
  step 450/1999 best 16.891
  step 500/1999 best 16.840
  step 550/1999 best 16.716
  step 600/1999 best 16.882
  step 650/1999 best 16.820
  step 700/1999 best 16.886
  step 750/1999 best 16.764
  step 800/1999 best 16.722
  step 850/1999 best 16.728
  step 900/1999 best 16.681
  step 950/1999 best 16.866
  step 1000/1999 best 16.765
  step 1050/1999 best 16.829
  step 1100/1999 best 16.667
  step 1150/1999 best 16.655
  step 1200/1999 best 16.856
  step 1250/1999 best 16.849
  step 1300/1999 best 16.791
  step 1350/1999 best 16.870
  step 1400/1999 best 16.810
  step 1450/1999 best 16.830
  step 1500/1999 best 16.801
  step 1550/1999 best 16.869
  step 1600/1999 best 16.898
  step 1650/1999 best 16.734
  step 1700/1999 best 16.879
  step 1750/1999 best 16.728
  step 1800/1999 best 16.700
  step 1850/1999 best 16.754
  step 1900/1999 best 16.850
  step 1950/1999 best 16.696
saved SBC_CHAINS_cnn_vmim__n1_jitter_seed_s2_sim819_row768622_noise3898_4077_4256 (240000, 4) acc=0.339
  step 0/1999 best -19.080
  step 50/1999 best 4.987
  step 100/1999 best 14.803
  step 150/1999 best 14.803
  step 200/1999 best 10.883
  step 250/1999 best 13.237
  step 300/1999 best 14.629
  step 350/1999 best 14.920
  step 400/1999 best 15.584
  step 450/1999 best 15.500
  step 500/1999 best 15.909
  step 550/1999 best 16.220
  step 600/1999 best 15.271
  step 650/1999 best 16.081
  step 700/1999 best 15.969
  step 750/1999 best 16.058
  step 800/1999 best 16.122
  step 850/1999 best 15.878
  step 900/1999 best 16.243
  step 950/1999 best 16.322
  step 1000/1999 best 16.171
  step 1050/1999 best 15.892
  step 1100/1999 best 16.161
  step 1150/1999 best 16.030
  step 1200/1999 best 16.281
  step 1250/1999 best 16.013
  step 1300/1999 best 16.282
  step 1350/1999 best 16.202
  step 1400/1999 best 16.161
  step 1450/1999 best 16.223
  step 1500/1999 best 16.142
  step 1550/1999 best 16.132
  step 1600/1999 best 16.190
  step 1650/1999 best 16.186
  step 1700/1999 best 16.197
  step 1750/1999 best 16.319
  step 1800/1999 best 16.069
  step 1850/1999 best 16.274
  step 1900/1999 best 16.323
  step 1950/1999 best 16.076
saved SBC_CHAINS_cnn_vmim__n1_jitter_seed_s2_sim1510_row1287908_noise7224_7403_7582 (240000, 4) acc=0.174
  step 0/1999 best -6.041
  step 50/1999 best 4.754
  step 100/1999 best 7.421
  step 150/1999 best 12.574
  step 200/1999 best 13.145
  step 250/1999 best 13.153
  step 300/1999 best 13.261
  step 350/1999 best 13.310
  step 400/1999 best 13.570
  step 450/1999 best 13.546
  step 500/1999 best 13.493
  step 550/1999 best 13.634
  step 600/1999 best 13.627
  step 650/1999 best 13.520
  step 700/1999 best 13.500
  step 750/1999 best 13.595
  step 800/1999 best 13.636
  step 850/1999 best 13.582
  step 900/1999 best 13.508
  step 950/1999 best 13.465
  step 1000/1999 best 13.687
  step 1050/1999 best 13.667
  step 1100/1999 best 13.617
  step 1150/1999 best 13.588
  step 1200/1999 best 13.636
  step 1250/1999 best 13.677
  step 1300/1999 best 13.577
  step 1350/1999 best 13.643
  step 1400/1999 best 13.493
  step 1450/1999 best 13.500
  step 1500/1999 best 13.562
  step 1550/1999 best 13.632
  step 1600/1999 best 13.678
  step 1650/1999 best 13.603
  step 1700/1999 best 13.418
  step 1750/1999 best 13.504
  step 1800/1999 best 13.618
  step 1850/1999 best 13.540
  step 1900/1999 best 13.629
  step 1950/1999 best 13.421
saved SBC_CHAINS_cnn_vmim__n1_jitter_seed_s2_sim3099_row2694865_noise4045_4224_4403 (240000, 4) acc=0.224
  step 0/1999 best -22.761
  step 50/1999 best -0.260
  step 100/1999 best 10.522
  step 150/1999 best 11.851
  step 200/1999 best 12.153
  step 250/1999 best 12.211
  step 300/1999 best 12.238
  step 350/1999 best 12.410
  step 400/1999 best 12.349
  step 450/1999 best 12.435
  step 500/1999 best 12.415
  step 550/1999 best 12.368
  step 600/1999 best 12.409
  step 650/1999 best 12.419
  step 700/1999 best 12.448
  step 750/1999 best 12.409
  step 800/1999 best 12.323
  step 850/1999 best 12.436
  step 900/1999 best 12.250
  step 950/1999 best 12.354
  step 1000/1999 best 12.328
  step 1050/1999 best 12.270
  step 1100/1999 best 12.352
  step 1150/1999 best 12.420
  step 1200/1999 best 12.443
  step 1250/1999 best 12.435
  step 1300/1999 best 12.359
  step 1350/1999 best 12.388
  step 1400/1999 best 12.440
  step 1450/1999 best 12.340
  step 1500/1999 best 12.388
  step 1550/1999 best 12.482
  step 1600/1999 best 12.485
  step 1650/1999 best 12.473
  step 1700/1999 best 12.297
  step 1750/1999 best 12.417
  step 1800/1999 best 12.432
  step 1850/1999 best 12.354
  step 1900/1999 best 12.284
  step 1950/1999 best 12.333
saved SBC_CHAINS_cnn_vmim__n1_jitter_seed_s2_sim2840_row2435073_noise9609_9788_139 (240000, 4) acc=0.330
