[stage3] arm=cnn_vmim_/n1/seed_s1  nle=/gscratch/ddehiwalage-don/sbi_master/cnn_vmim_/n1/seed_s1/nle
[NLE] scope=standard_t family=nsf loaded from /gscratch/ddehiwalage-don/sbi_master/cnn_vmim_/n1/seed_s1/nle/standard_t/nsf
targets this task: 151 | family=standard_t_nsf | chains -> /gscratch/ddehiwalage-don/sbi_master/cnn_vmim_/n1/seed_s1/chains/standard_t_nsf
  step 0/1999 best -12.782
  step 50/1999 best 8.600
  step 100/1999 best 10.807
  step 150/1999 best 12.776
  step 200/1999 best 14.251
  step 250/1999 best 14.319
  step 300/1999 best 14.287
  step 350/1999 best 14.444
  step 400/1999 best 14.442
  step 450/1999 best 14.277
  step 500/1999 best 14.306
  step 550/1999 best 14.163
  step 600/1999 best 14.109
  step 650/1999 best 14.468
  step 700/1999 best 14.551
  step 750/1999 best 14.388
  step 800/1999 best 14.315
  step 850/1999 best 14.429
  step 900/1999 best 14.494
  step 950/1999 best 14.479
  step 1000/1999 best 14.510
  step 1050/1999 best 14.462
  step 1100/1999 best 14.133
  step 1150/1999 best 14.502
  step 1200/1999 best 14.302
  step 1250/1999 best 14.366
  step 1300/1999 best 14.447
  step 1350/1999 best 14.450
  step 1400/1999 best 14.426
  step 1450/1999 best 14.381
  step 1500/1999 best 14.280
  step 1550/1999 best 14.465
  step 1600/1999 best 14.156
  step 1650/1999 best 14.254
  step 1700/1999 best 14.353
  step 1750/1999 best 14.274
  step 1800/1999 best 14.405
  step 1850/1999 best 14.477
  step 1900/1999 best 14.483
  step 1950/1999 best 14.307
saved SBC_CHAINS_cnn_vmim__n1_seed_s1_sim1921_row1532106_noise4646_4825_5004 (240000, 4) acc=0.264
  step 0/1999 best -31.347
  step 50/1999 best 3.303
  step 100/1999 best 7.336
  step 150/1999 best 9.705
  step 200/1999 best 10.413
  step 250/1999 best 10.434
  step 300/1999 best 10.538
  step 350/1999 best 10.455
  step 400/1999 best 10.297
  step 450/1999 best 10.490
  step 500/1999 best 10.427
  step 550/1999 best 10.471
  step 600/1999 best 10.465
  step 650/1999 best 10.530
  step 700/1999 best 10.542
  step 750/1999 best 10.469
  step 800/1999 best 10.452
  step 850/1999 best 10.489
  step 900/1999 best 10.477
  step 950/1999 best 10.546
  step 1000/1999 best 10.530
  step 1050/1999 best 10.484
  step 1100/1999 best 10.562
  step 1150/1999 best 10.378
  step 1200/1999 best 10.396
  step 1250/1999 best 10.522
  step 1300/1999 best 10.451
  step 1350/1999 best 10.569
  step 1400/1999 best 10.471
  step 1450/1999 best 10.463
  step 1500/1999 best 10.452
  step 1550/1999 best 10.475
  step 1600/1999 best 10.371
  step 1650/1999 best 10.486
  step 1700/1999 best 10.549
  step 1750/1999 best 10.431
  step 1800/1999 best 10.541
  step 1850/1999 best 10.498
  step 1900/1999 best 10.418
  step 1950/1999 best 10.501
saved SBC_CHAINS_cnn_vmim__n1_seed_s1_sim2859_row2454550_noise9430_9609_9788 (240000, 4) acc=0.444
  step 0/1999 best -12.253
  step 50/1999 best 1.674
  step 100/1999 best 8.383
  step 150/1999 best 11.253
  step 200/1999 best 11.219
  step 250/1999 best 13.683
  step 300/1999 best 13.396
  step 350/1999 best 13.580
  step 400/1999 best 13.565
  step 450/1999 best 13.802
  step 500/1999 best 13.627
  step 550/1999 best 13.722
  step 600/1999 best 13.679
  step 650/1999 best 13.715
  step 700/1999 best 13.630
  step 750/1999 best 13.744
  step 800/1999 best 13.759
  step 850/1999 best 13.675
  step 900/1999 best 13.785
  step 950/1999 best 13.751
  step 1000/1999 best 13.589
  step 1050/1999 best 13.688
  step 1100/1999 best 13.740
  step 1150/1999 best 13.648
  step 1200/1999 best 13.753
  step 1250/1999 best 13.748
  step 1300/1999 best 13.636
  step 1350/1999 best 13.575
  step 1400/1999 best 13.706
  step 1450/1999 best 13.676
  step 1500/1999 best 13.825
  step 1550/1999 best 13.676
  step 1600/1999 best 13.759
  step 1650/1999 best 13.662
  step 1700/1999 best 13.721
  step 1750/1999 best 13.740
  step 1800/1999 best 13.766
  step 1850/1999 best 13.786
  step 1900/1999 best 13.649
  step 1950/1999 best 13.679
saved SBC_CHAINS_cnn_vmim__n1_seed_s1_sim2907_row2502394_noise8134_8313_8492 (240000, 4) acc=0.258
  step 0/1999 best -16.434
  step 50/1999 best 2.793
  step 100/1999 best 5.055
  step 150/1999 best 5.357
  step 200/1999 best 13.791
  step 250/1999 best 11.500
  step 300/1999 best 17.275
  step 350/1999 best 16.989
  step 400/1999 best 17.309
  step 450/1999 best 17.527
  step 500/1999 best 17.543
  step 550/1999 best 16.845
  step 600/1999 best 17.646
  step 650/1999 best 17.735
  step 700/1999 best 17.576
  step 750/1999 best 17.726
  step 800/1999 best 17.554
  step 850/1999 best 17.554
  step 900/1999 best 17.774
  step 950/1999 best 17.237
  step 1000/1999 best 17.655
  step 1050/1999 best 17.810
  step 1100/1999 best 17.695
  step 1150/1999 best 17.505
  step 1200/1999 best 17.309
  step 1250/1999 best 17.709
  step 1300/1999 best 17.303
  step 1350/1999 best 17.484
  step 1400/1999 best 17.203
  step 1450/1999 best 17.522
  step 1500/1999 best 17.354
  step 1550/1999 best 17.847
  step 1600/1999 best 17.664
  step 1650/1999 best 17.639
  step 1700/1999 best 17.570
  step 1750/1999 best 17.365
  step 1800/1999 best 17.506
  step 1850/1999 best 17.514
  step 1900/1999 best 17.466
  step 1950/1999 best 17.524
saved SBC_CHAINS_cnn_vmim__n1_seed_s1_sim1978_row1589578_noise3150_3329_3508 (240000, 4) acc=0.144
  step 0/1999 best -9.702
  step 50/1999 best 10.993
  step 100/1999 best 12.085
  step 150/1999 best 14.126
  step 200/1999 best 15.047
  step 250/1999 best 14.586
  step 300/1999 best 14.423
  step 350/1999 best 13.749
  step 400/1999 best 13.933
  step 450/1999 best 15.007
  step 500/1999 best 14.538
  step 550/1999 best 15.862
  step 600/1999 best 15.811
  step 650/1999 best 16.183
  step 700/1999 best 15.734
  step 750/1999 best 16.033
  step 800/1999 best 15.868
  step 850/1999 best 16.315
  step 900/1999 best 15.942
  step 950/1999 best 16.151
  step 1000/1999 best 16.196
  step 1050/1999 best 15.684
  step 1100/1999 best 16.138
  step 1150/1999 best 15.918
  step 1200/1999 best 15.981
  step 1250/1999 best 16.013
  step 1300/1999 best 16.111
  step 1350/1999 best 15.912
  step 1400/1999 best 15.939
  step 1450/1999 best 16.071
  step 1500/1999 best 16.226
  step 1550/1999 best 15.820
  step 1600/1999 best 16.165
  step 1650/1999 best 16.171
  step 1700/1999 best 16.333
  step 1750/1999 best 15.986
  step 1800/1999 best 16.151
  step 1850/1999 best 15.958
  step 1900/1999 best 16.219
  step 1950/1999 best 15.980
saved SBC_CHAINS_cnn_vmim__n1_seed_s1_sim2463_row2062311_noise6311_6490_6669 (240000, 4) acc=0.136
  step 0/1999 best -7.395
  step 50/1999 best -2.294
  step 100/1999 best 4.074
  step 150/1999 best 8.929
  step 200/1999 best 8.929
  step 250/1999 best 14.180
  step 300/1999 best 14.180
  step 350/1999 best 14.144
  step 400/1999 best 14.867
  step 450/1999 best 15.071
  step 500/1999 best 14.996
  step 550/1999 best 14.786
  step 600/1999 best 14.919
  step 650/1999 best 15.161
  step 700/1999 best 14.764
  step 750/1999 best 15.026
  step 800/1999 best 15.007
  step 850/1999 best 15.017
  step 900/1999 best 14.714
  step 950/1999 best 14.838
  step 1000/1999 best 14.904
  step 1050/1999 best 15.012
  step 1100/1999 best 15.007
  step 1150/1999 best 15.093
  step 1200/1999 best 14.914
  step 1250/1999 best 14.709
  step 1300/1999 best 14.851
  step 1350/1999 best 15.105
  step 1400/1999 best 14.937
  step 1450/1999 best 14.783
  step 1500/1999 best 14.844
  step 1550/1999 best 15.072
  step 1600/1999 best 15.118
  step 1650/1999 best 15.115
  step 1700/1999 best 15.115
  step 1750/1999 best 14.862
  step 1800/1999 best 14.889
  step 1850/1999 best 14.961
  step 1900/1999 best 15.168
  step 1950/1999 best 14.817
saved SBC_CHAINS_cnn_vmim__n1_seed_s1_sim951_row900776_noise8288_8467_8646 (240000, 4) acc=0.161
  step 0/1999 best -19.780
  step 50/1999 best -4.925
  step 100/1999 best 7.229
  step 150/1999 best 13.205
  step 200/1999 best 13.469
  step 250/1999 best 13.744
  step 300/1999 best 13.726
  step 350/1999 best 13.642
  step 400/1999 best 13.753
  step 450/1999 best 13.820
  step 500/1999 best 13.812
  step 550/1999 best 13.716
  step 600/1999 best 13.662
  step 650/1999 best 13.774
  step 700/1999 best 13.810
  step 750/1999 best 13.809
  step 800/1999 best 13.851
  step 850/1999 best 13.782
  step 900/1999 best 13.793
  step 950/1999 best 13.746
  step 1000/1999 best 13.806
  step 1050/1999 best 13.831
  step 1100/1999 best 13.849
  step 1150/1999 best 13.785
  step 1200/1999 best 13.802
  step 1250/1999 best 13.772
  step 1300/1999 best 13.732
  step 1350/1999 best 13.844
  step 1400/1999 best 13.559
  step 1450/1999 best 13.526
  step 1500/1999 best 13.676
  step 1550/1999 best 13.808
  step 1600/1999 best 13.748
  step 1650/1999 best 13.760
  step 1700/1999 best 13.777
  step 1750/1999 best 13.746
  step 1800/1999 best 13.697
  step 1850/1999 best 13.808
  step 1900/1999 best 13.822
  step 1950/1999 best 13.762
saved SBC_CHAINS_cnn_vmim__n1_seed_s1_sim682_row633814_noise4682_4861_5040 (240000, 4) acc=0.420
  step 0/1999 best -14.170
  step 50/1999 best -2.966
  step 100/1999 best 0.707
  step 150/1999 best 1.492
  step 200/1999 best 6.350
  step 250/1999 best 6.171
  step 300/1999 best 6.171
  step 350/1999 best 7.026
  step 400/1999 best 7.026
  step 450/1999 best 14.696
  step 500/1999 best 14.589
  step 550/1999 best 14.895
  step 600/1999 best 14.895
  step 650/1999 best 15.258
  step 700/1999 best 16.683
  step 750/1999 best 16.612
  step 800/1999 best 16.348
  step 850/1999 best 16.696
  step 900/1999 best 16.794
  step 950/1999 best 16.781
  step 1000/1999 best 16.580
  step 1050/1999 best 16.908
  step 1100/1999 best 16.849
  step 1150/1999 best 16.804
  step 1200/1999 best 16.731
  step 1250/1999 best 16.500
  step 1300/1999 best 16.467
  step 1350/1999 best 16.472
  step 1400/1999 best 16.699
  step 1450/1999 best 16.533
  step 1500/1999 best 16.296
  step 1550/1999 best 16.947
  step 1600/1999 best 16.910
  step 1650/1999 best 16.754
  step 1700/1999 best 16.743
  step 1750/1999 best 16.766
  step 1800/1999 best 16.822
  step 1850/1999 best 16.623
  step 1900/1999 best 16.805
  step 1950/1999 best 16.803
saved SBC_CHAINS_cnn_vmim__n1_seed_s1_sim1189_row1007200_noise12_191_370 (240000, 4) acc=0.167
  step 0/1999 best -24.077
  step 50/1999 best 8.875
  step 100/1999 best 10.610
  step 150/1999 best 10.657
  step 200/1999 best 10.845
  step 250/1999 best 11.234
  step 300/1999 best 11.082
  step 350/1999 best 11.233
  step 400/1999 best 11.193
  step 450/1999 best 11.098
  step 500/1999 best 11.134
  step 550/1999 best 11.238
  step 600/1999 best 11.219
  step 650/1999 best 11.077
  step 700/1999 best 11.014
  step 750/1999 best 11.025
  step 800/1999 best 11.149
  step 850/1999 best 11.149
  step 900/1999 best 11.155
  step 950/1999 best 11.225
  step 1000/1999 best 10.884
  step 1050/1999 best 11.179
  step 1100/1999 best 11.169
  step 1150/1999 best 11.218
  step 1200/1999 best 11.111
  step 1250/1999 best 11.160
  step 1300/1999 best 11.198
  step 1350/1999 best 11.215
  step 1400/1999 best 11.160
  step 1450/1999 best 11.136
  step 1500/1999 best 11.059
  step 1550/1999 best 11.125
  step 1600/1999 best 11.062
  step 1650/1999 best 11.180
  step 1700/1999 best 11.169
  step 1750/1999 best 11.213
  step 1800/1999 best 11.117
  step 1850/1999 best 11.174
  step 1900/1999 best 11.138
  step 1950/1999 best 11.241
saved SBC_CHAINS_cnn_vmim__n1_seed_s1_sim2943_row2538268_noise4696_4875_5054 (240000, 4) acc=0.430
  step 0/1999 best -26.118
  step 50/1999 best -0.147
  step 100/1999 best 0.154
  step 150/1999 best 12.954
  step 200/1999 best 14.747
  step 250/1999 best 15.122
  step 300/1999 best 14.902
  step 350/1999 best 15.284
  step 400/1999 best 14.980
  step 450/1999 best 15.089
  step 500/1999 best 15.032
  step 550/1999 best 14.936
  step 600/1999 best 14.985
  step 650/1999 best 15.155
  step 700/1999 best 15.157
  step 750/1999 best 15.303
  step 800/1999 best 15.248
  step 850/1999 best 14.915
  step 900/1999 best 15.108
  step 950/1999 best 15.217
  step 1000/1999 best 14.943
  step 1050/1999 best 15.336
  step 1100/1999 best 15.210
  step 1150/1999 best 15.141
  step 1200/1999 best 15.267
  step 1250/1999 best 15.137
  step 1300/1999 best 14.925
  step 1350/1999 best 15.241
  step 1400/1999 best 15.039
  step 1450/1999 best 15.166
  step 1500/1999 best 15.016
  step 1550/1999 best 15.084
  step 1600/1999 best 15.248
  step 1650/1999 best 15.192
  step 1700/1999 best 15.223
  step 1750/1999 best 15.194
  step 1800/1999 best 15.170
  step 1850/1999 best 15.287
  step 1900/1999 best 15.249
  step 1950/1999 best 14.991
saved SBC_CHAINS_cnn_vmim__n1_seed_s1_sim873_row822256_noise8392_8571_8750 (240000, 4) acc=0.184
  step 0/1999 best -10.676
  step 50/1999 best 3.858
  step 100/1999 best 10.564
  step 150/1999 best 15.066
  step 200/1999 best 15.405
  step 250/1999 best 15.607
  step 300/1999 best 15.777
  step 350/1999 best 15.532
  step 400/1999 best 15.513
  step 450/1999 best 15.755
  step 500/1999 best 15.815
  step 550/1999 best 15.762
  step 600/1999 best 15.767
  step 650/1999 best 15.711
  step 700/1999 best 15.809
  step 750/1999 best 15.786
  step 800/1999 best 15.650
  step 850/1999 best 15.846
  step 900/1999 best 15.680
  step 950/1999 best 15.719
  step 1000/1999 best 15.725
  step 1050/1999 best 15.752
  step 1100/1999 best 15.709
  step 1150/1999 best 15.807
  step 1200/1999 best 15.913
  step 1250/1999 best 15.828
  step 1300/1999 best 15.769
  step 1350/1999 best 15.816
  step 1400/1999 best 15.800
  step 1450/1999 best 15.829
  step 1500/1999 best 15.921
  step 1550/1999 best 15.865
  step 1600/1999 best 15.825
  step 1650/1999 best 15.699
  step 1700/1999 best 15.914
  step 1750/1999 best 15.597
  step 1800/1999 best 15.876
  step 1850/1999 best 15.801
  step 1900/1999 best 15.733
  step 1950/1999 best 15.568
saved SBC_CHAINS_cnn_vmim__n1_seed_s1_sim884_row833666_noise146_325_504 (240000, 4) acc=0.172
  step 0/1999 best -13.834
  step 50/1999 best 2.347
  step 100/1999 best 5.955
  step 150/1999 best 13.336
  step 200/1999 best 15.176
  step 250/1999 best 16.294
  step 300/1999 best 16.323
  step 350/1999 best 15.801
  step 400/1999 best 16.985
  step 450/1999 best 16.481
  step 500/1999 best 16.305
  step 550/1999 best 16.169
  step 600/1999 best 16.566
  step 650/1999 best 16.366
  step 700/1999 best 16.722
  step 750/1999 best 16.526
  step 800/1999 best 16.820
  step 850/1999 best 16.413
  step 900/1999 best 16.491
  step 950/1999 best 16.723
  step 1000/1999 best 16.625
  step 1050/1999 best 16.511
  step 1100/1999 best 16.604
  step 1150/1999 best 16.815
  step 1200/1999 best 16.825
  step 1250/1999 best 16.845
  step 1300/1999 best 16.888
  step 1350/1999 best 16.520
  step 1400/1999 best 16.854
  step 1450/1999 best 17.023
  step 1500/1999 best 16.780
  step 1550/1999 best 16.638
  step 1600/1999 best 16.734
  step 1650/1999 best 16.637
  step 1700/1999 best 16.983
  step 1750/1999 best 16.990
  step 1800/1999 best 16.606
  step 1850/1999 best 16.715
  step 1900/1999 best 16.315
  step 1950/1999 best 16.924
saved SBC_CHAINS_cnn_vmim__n1_seed_s1_sim1419_row1201936_noise4704_4883_5062 (240000, 4) acc=0.153
  step 0/1999 best -20.903
  step 50/1999 best 9.696
  step 100/1999 best 9.696
  step 150/1999 best 10.725
  step 200/1999 best 16.776
  step 250/1999 best 15.326
  step 300/1999 best 15.326
  step 350/1999 best 15.963
  step 400/1999 best 15.963
  step 450/1999 best 14.676
  step 500/1999 best 14.772
  step 550/1999 best 14.952
  step 600/1999 best 14.952
  step 650/1999 best 16.112
  step 700/1999 best 15.690
  step 750/1999 best 15.658
  step 800/1999 best 16.624
  step 850/1999 best 17.245
  step 900/1999 best 16.139
  step 950/1999 best 16.827
  step 1000/1999 best 17.030
  step 1050/1999 best 16.944
  step 1100/1999 best 17.316
  step 1150/1999 best 17.370
  step 1200/1999 best 17.095
  step 1250/1999 best 16.961
  step 1300/1999 best 17.197
  step 1350/1999 best 17.187
  step 1400/1999 best 17.280
  step 1450/1999 best 17.255
  step 1500/1999 best 17.234
  step 1550/1999 best 16.940
  step 1600/1999 best 17.334
  step 1650/1999 best 16.962
  step 1700/1999 best 17.286
  step 1750/1999 best 17.269
  step 1800/1999 best 17.306
  step 1850/1999 best 16.852
  step 1900/1999 best 17.196
  step 1950/1999 best 17.316
saved SBC_CHAINS_cnn_vmim__n1_seed_s1_sim1424_row1206426_noise9194_9373_9552 (240000, 4) acc=0.161
  step 0/1999 best -13.845
  step 50/1999 best -0.938
  step 100/1999 best -1.050
  step 150/1999 best -0.905
  step 200/1999 best -0.996
  step 250/1999 best 2.166
  step 300/1999 best 4.012
  step 350/1999 best 1.648
  step 400/1999 best 4.434
  step 450/1999 best 6.863
  step 500/1999 best 6.465
  step 550/1999 best 6.465
  step 600/1999 best 6.225
  step 650/1999 best 7.566
  step 700/1999 best 7.804
  step 750/1999 best 8.016
  step 800/1999 best 9.422
  step 850/1999 best 8.882
  step 900/1999 best 8.625
  step 950/1999 best 10.699
  step 1000/1999 best 11.091
  step 1050/1999 best 13.399
  step 1100/1999 best 13.399
  step 1150/1999 best 13.459
  step 1200/1999 best 13.622
  step 1250/1999 best 13.622
  step 1300/1999 best 12.357
  step 1350/1999 best 15.401
  step 1400/1999 best 15.268
  step 1450/1999 best 16.155
  step 1500/1999 best 15.180
  step 1550/1999 best 16.636
  step 1600/1999 best 16.805
  step 1650/1999 best 16.838
  step 1700/1999 best 17.716
  step 1750/1999 best 17.274
  step 1800/1999 best 16.832
  step 1850/1999 best 17.574
  step 1900/1999 best 17.698
  step 1950/1999 best 17.493
saved SBC_CHAINS_cnn_vmim__n1_seed_s1_sim110_row109891_noise2783_2962_3141 (240000, 4) acc=0.176
  step 0/1999 best -12.820
  step 50/1999 best -5.704
  step 100/1999 best -5.400
  step 150/1999 best -3.298
  step 200/1999 best 3.430
  step 250/1999 best 3.430
  step 300/1999 best 9.161
  step 350/1999 best 12.530
  step 400/1999 best 12.530
  step 450/1999 best 11.400
  step 500/1999 best 11.400
  step 550/1999 best 10.191
  step 600/1999 best 12.731
  step 650/1999 best 12.957
  step 700/1999 best 13.331
  step 750/1999 best 13.712
  step 800/1999 best 14.177
  step 850/1999 best 13.937
  step 900/1999 best 14.715
  step 950/1999 best 14.952
  step 1000/1999 best 15.097
  step 1050/1999 best 14.552
  step 1100/1999 best 15.045
  step 1150/1999 best 15.015
  step 1200/1999 best 14.827
  step 1250/1999 best 15.195
  step 1300/1999 best 14.953
  step 1350/1999 best 14.436
  step 1400/1999 best 14.922
  step 1450/1999 best 14.761
  step 1500/1999 best 14.987
  step 1550/1999 best 14.728
  step 1600/1999 best 14.970
  step 1650/1999 best 14.980
  step 1700/1999 best 15.239
  step 1750/1999 best 15.271
  step 1800/1999 best 14.938
  step 1850/1999 best 14.764
  step 1900/1999 best 15.217
  step 1950/1999 best 15.227
saved SBC_CHAINS_cnn_vmim__n1_seed_s1_sim952_row901437_noise8949_9128_9307 (240000, 4) acc=0.144
  step 0/1999 best -22.393
  step 50/1999 best -5.022
  step 100/1999 best 1.292
  step 150/1999 best 7.684
  step 200/1999 best 10.290
  step 250/1999 best 11.625
  step 300/1999 best 11.334
  step 350/1999 best 11.555
  step 400/1999 best 11.601
  step 450/1999 best 11.594
  step 500/1999 best 11.586
  step 550/1999 best 11.560
  step 600/1999 best 11.684
  step 650/1999 best 11.725
  step 700/1999 best 11.694
  step 750/1999 best 11.692
  step 800/1999 best 11.684
  step 850/1999 best 11.583
  step 900/1999 best 11.660
  step 950/1999 best 11.593
  step 1000/1999 best 11.680
  step 1050/1999 best 11.622
  step 1100/1999 best 11.557
  step 1150/1999 best 11.666
  step 1200/1999 best 11.641
  step 1250/1999 best 11.678
  step 1300/1999 best 11.553
  step 1350/1999 best 11.623
  step 1400/1999 best 11.587
  step 1450/1999 best 11.648
  step 1500/1999 best 11.671
  step 1550/1999 best 11.524
  step 1600/1999 best 11.638
  step 1650/1999 best 11.675
  step 1700/1999 best 11.705
  step 1750/1999 best 11.691
  step 1800/1999 best 11.723
  step 1850/1999 best 11.636
  step 1900/1999 best 11.553
  step 1950/1999 best 11.615
saved SBC_CHAINS_cnn_vmim__n1_seed_s1_sim2944_row2539211_noise5639_5818_5997 (240000, 4) acc=0.379
  step 0/1999 best -13.166
  step 50/1999 best 8.878
  step 100/1999 best 11.601
  step 150/1999 best 12.821
  step 200/1999 best 13.319
  step 250/1999 best 13.168
  step 300/1999 best 13.418
  step 350/1999 best 13.310
  step 400/1999 best 13.338
  step 450/1999 best 13.298
  step 500/1999 best 13.481
  step 550/1999 best 13.424
  step 600/1999 best 13.250
  step 650/1999 best 13.364
  step 700/1999 best 13.268
  step 750/1999 best 13.184
  step 800/1999 best 13.441
  step 850/1999 best 13.120
  step 900/1999 best 13.425
  step 950/1999 best 13.331
  step 1000/1999 best 13.384
  step 1050/1999 best 13.489
  step 1100/1999 best 13.361
  step 1150/1999 best 13.400
  step 1200/1999 best 13.422
  step 1250/1999 best 13.402
  step 1300/1999 best 13.427
  step 1350/1999 best 13.440
  step 1400/1999 best 13.225
  step 1450/1999 best 13.334
  step 1500/1999 best 13.410
  step 1550/1999 best 13.515
  step 1600/1999 best 13.375
  step 1650/1999 best 13.439
  step 1700/1999 best 13.288
  step 1750/1999 best 13.274
  step 1800/1999 best 13.419
  step 1850/1999 best 13.370
  step 1900/1999 best 13.284
  step 1950/1999 best 13.482
saved SBC_CHAINS_cnn_vmim__n1_seed_s1_sim836_row785525_noise1145_1324_1503 (240000, 4) acc=0.239
  step 0/1999 best -3.601
  step 50/1999 best 3.712
  step 100/1999 best 4.612
  step 150/1999 best 13.227
  step 200/1999 best 14.926
  step 250/1999 best 14.822
  step 300/1999 best 14.967
  step 350/1999 best 15.054
  step 400/1999 best 14.844
  step 450/1999 best 14.462
  step 500/1999 best 15.499
  step 550/1999 best 14.922
  step 600/1999 best 15.422
  step 650/1999 best 15.524
  step 700/1999 best 15.766
  step 750/1999 best 15.643
  step 800/1999 best 15.712
  step 850/1999 best 15.522
  step 900/1999 best 15.595
  step 950/1999 best 15.732
  step 1000/1999 best 15.613
  step 1050/1999 best 15.545
  step 1100/1999 best 15.708
  step 1150/1999 best 15.539
  step 1200/1999 best 15.615
  step 1250/1999 best 15.676
  step 1300/1999 best 15.762
  step 1350/1999 best 15.722
  step 1400/1999 best 15.666
  step 1450/1999 best 15.666
  step 1500/1999 best 15.699
  step 1550/1999 best 15.650
  step 1600/1999 best 15.583
  step 1650/1999 best 15.760
  step 1700/1999 best 15.704
  step 1750/1999 best 15.600
  step 1800/1999 best 15.656
  step 1850/1999 best 15.605
  step 1900/1999 best 15.742
  step 1950/1999 best 15.715
saved SBC_CHAINS_cnn_vmim__n1_seed_s1_sim1531_row1308647_noise8307_8486_8665 (240000, 4) acc=0.342
  step 0/1999 best -9.941
  step 50/1999 best 3.325
  step 100/1999 best 10.054
  step 150/1999 best 10.269
  step 200/1999 best 9.758
  step 250/1999 best 13.607
  step 300/1999 best 14.703
  step 350/1999 best 15.779
  step 400/1999 best 15.911
  step 450/1999 best 16.257
  step 500/1999 best 16.236
  step 550/1999 best 16.221
  step 600/1999 best 16.235
  step 650/1999 best 16.043
  step 700/1999 best 16.296
  step 750/1999 best 16.243
  step 800/1999 best 16.188
  step 850/1999 best 16.290
  step 900/1999 best 16.280
  step 950/1999 best 16.214
  step 1000/1999 best 16.114
  step 1050/1999 best 16.262
  step 1100/1999 best 16.146
  step 1150/1999 best 16.304
  step 1200/1999 best 16.169
  step 1250/1999 best 16.275
  step 1300/1999 best 16.129
  step 1350/1999 best 16.313
  step 1400/1999 best 16.188
  step 1450/1999 best 16.184
  step 1500/1999 best 16.160
  step 1550/1999 best 16.282
  step 1600/1999 best 16.008
  step 1650/1999 best 16.065
  step 1700/1999 best 16.298
  step 1750/1999 best 16.226
  step 1800/1999 best 16.258
  step 1850/1999 best 16.224
  step 1900/1999 best 16.150
  step 1950/1999 best 16.165
saved SBC_CHAINS_cnn_vmim__n1_seed_s1_sim135_row126316_noise7552_7731_7910 (240000, 4) acc=0.268
  step 0/1999 best -20.817
  step 50/1999 best 10.826
  step 100/1999 best 10.879
  step 150/1999 best 11.640
  step 200/1999 best 13.294
  step 250/1999 best 13.714
  step 300/1999 best 13.664
  step 350/1999 best 13.785
  step 400/1999 best 13.814
  step 450/1999 best 13.695
  step 500/1999 best 13.675
  step 550/1999 best 13.789
  step 600/1999 best 13.650
  step 650/1999 best 13.840
  step 700/1999 best 13.881
  step 750/1999 best 13.847
  step 800/1999 best 13.812
  step 850/1999 best 13.788
  step 900/1999 best 13.683
  step 950/1999 best 13.706
  step 1000/1999 best 13.699
  step 1050/1999 best 13.771
  step 1100/1999 best 13.870
  step 1150/1999 best 13.814
  step 1200/1999 best 13.807
  step 1250/1999 best 13.726
  step 1300/1999 best 13.835
  step 1350/1999 best 13.792
  step 1400/1999 best 13.842
  step 1450/1999 best 13.779
  step 1500/1999 best 13.884
  step 1550/1999 best 13.792
  step 1600/1999 best 13.665
  step 1650/1999 best 13.684
  step 1700/1999 best 13.854
  step 1750/1999 best 13.777
  step 1800/1999 best 13.769
  step 1850/1999 best 13.828
  step 1900/1999 best 13.539
  step 1950/1999 best 13.801
saved SBC_CHAINS_cnn_vmim__n1_seed_s1_sim3081_row2676400_noise5236_5415_5594 (240000, 4) acc=0.309
  step 0/1999 best -14.581
  step 50/1999 best 3.108
  step 100/1999 best 1.574
  step 150/1999 best 7.791
  step 200/1999 best 9.768
  step 250/1999 best 13.066
  step 300/1999 best 13.128
  step 350/1999 best 13.082
  step 400/1999 best 13.148
  step 450/1999 best 13.175
  step 500/1999 best 13.199
  step 550/1999 best 13.005
  step 600/1999 best 13.189
  step 650/1999 best 13.052
  step 700/1999 best 13.043
  step 750/1999 best 12.968
  step 800/1999 best 13.129
  step 850/1999 best 13.197
  step 900/1999 best 12.955
  step 950/1999 best 13.235
  step 1000/1999 best 13.166
  step 1050/1999 best 13.093
  step 1100/1999 best 13.211
  step 1150/1999 best 13.092
  step 1200/1999 best 12.956
  step 1250/1999 best 13.263
  step 1300/1999 best 13.127
  step 1350/1999 best 13.086
  step 1400/1999 best 13.005
  step 1450/1999 best 13.121
  step 1500/1999 best 13.086
  step 1550/1999 best 13.021
  step 1600/1999 best 13.255
  step 1650/1999 best 13.050
  step 1700/1999 best 12.915
  step 1750/1999 best 13.188
  step 1800/1999 best 13.190
  step 1850/1999 best 13.043
  step 1900/1999 best 12.762
  step 1950/1999 best 12.926
saved SBC_CHAINS_cnn_vmim__n1_seed_s1_sim2901_row2496488_noise2228_2407_2586 (240000, 4) acc=0.232
  step 0/1999 best -12.077
  step 50/1999 best 0.311
  step 100/1999 best 4.694
  step 150/1999 best 6.999
  step 200/1999 best 6.999
  step 250/1999 best 8.485
  step 300/1999 best 8.329
  step 350/1999 best 8.802
  step 400/1999 best 12.999
  step 450/1999 best 16.303
  step 500/1999 best 14.475
  step 550/1999 best 16.724
  step 600/1999 best 17.152
  step 650/1999 best 17.159
  step 700/1999 best 16.680
  step 750/1999 best 17.109
  step 800/1999 best 17.087
  step 850/1999 best 17.235
  step 900/1999 best 17.140
  step 950/1999 best 17.297
  step 1000/1999 best 17.355
  step 1050/1999 best 17.002
  step 1100/1999 best 17.308
  step 1150/1999 best 17.159
  step 1200/1999 best 17.094
  step 1250/1999 best 17.242
  step 1300/1999 best 17.214
  step 1350/1999 best 17.177
  step 1400/1999 best 17.217
  step 1450/1999 best 17.223
  step 1500/1999 best 17.016
  step 1550/1999 best 17.350
  step 1600/1999 best 17.238
  step 1650/1999 best 17.071
  step 1700/1999 best 17.261
  step 1750/1999 best 17.324
  step 1800/1999 best 17.019
  step 1850/1999 best 17.242
  step 1900/1999 best 17.285
  step 1950/1999 best 17.346
saved SBC_CHAINS_cnn_vmim__n1_seed_s1_sim214_row200506_noise8118_8297_8476 (240000, 4) acc=0.183
  step 0/1999 best -14.734
  step 50/1999 best -1.909
  step 100/1999 best 7.554
  step 150/1999 best 9.949
  step 200/1999 best 11.552
  step 250/1999 best 15.320
  step 300/1999 best 15.320
  step 350/1999 best 15.997
  step 400/1999 best 16.882
  step 450/1999 best 15.009
  step 500/1999 best 15.443
  step 550/1999 best 17.324
  step 600/1999 best 17.460
  step 650/1999 best 17.571
  step 700/1999 best 17.642
  step 750/1999 best 17.095
  step 800/1999 best 17.667
  step 850/1999 best 17.368
  step 900/1999 best 17.498
  step 950/1999 best 17.448
  step 1000/1999 best 17.813
  step 1050/1999 best 17.305
  step 1100/1999 best 17.534
  step 1150/1999 best 17.487
  step 1200/1999 best 17.626
  step 1250/1999 best 17.514
  step 1300/1999 best 17.751
  step 1350/1999 best 17.729
  step 1400/1999 best 17.597
  step 1450/1999 best 17.453
  step 1500/1999 best 17.474
  step 1550/1999 best 17.578
  step 1600/1999 best 17.661
  step 1650/1999 best 17.699
  step 1700/1999 best 17.652
  step 1750/1999 best 17.383
  step 1800/1999 best 17.608
  step 1850/1999 best 17.820
  step 1900/1999 best 17.621
  step 1950/1999 best 17.781
saved SBC_CHAINS_cnn_vmim__n1_seed_s1_sim1996_row1607999_noise1915_2094_2273 (240000, 4) acc=0.147
  step 0/1999 best -12.639
  step 50/1999 best 1.988
  step 100/1999 best 8.609
  step 150/1999 best 11.656
  step 200/1999 best 14.322
  step 250/1999 best 15.290
  step 300/1999 best 16.877
  step 350/1999 best 16.705
  step 400/1999 best 16.869
  step 450/1999 best 17.106
  step 500/1999 best 16.939
  step 550/1999 best 17.229
  step 600/1999 best 17.127
  step 650/1999 best 17.233
  step 700/1999 best 17.096
  step 750/1999 best 17.184
  step 800/1999 best 17.099
  step 850/1999 best 17.063
  step 900/1999 best 17.054
  step 950/1999 best 17.259
  step 1000/1999 best 17.029
  step 1050/1999 best 17.094
  step 1100/1999 best 17.112
  step 1150/1999 best 17.048
  step 1200/1999 best 17.219
  step 1250/1999 best 17.205
  step 1300/1999 best 16.952
  step 1350/1999 best 17.261
  step 1400/1999 best 17.002
  step 1450/1999 best 17.128
  step 1500/1999 best 16.931
  step 1550/1999 best 17.009
  step 1600/1999 best 17.093
  step 1650/1999 best 17.202
  step 1700/1999 best 16.940
  step 1750/1999 best 17.113
  step 1800/1999 best 17.248
  step 1850/1999 best 17.044
  step 1900/1999 best 17.211
  step 1950/1999 best 17.247
saved SBC_CHAINS_cnn_vmim__n1_seed_s1_sim820_row769936_noise5212_5391_5570 (240000, 4) acc=0.218
  step 0/1999 best -10.609
  step 50/1999 best 13.280
  step 100/1999 best 13.357
  step 150/1999 best 13.383
  step 200/1999 best 13.912
  step 250/1999 best 13.960
  step 300/1999 best 14.075
  step 350/1999 best 13.896
  step 400/1999 best 14.264
  step 450/1999 best 14.126
  step 500/1999 best 14.164
  step 550/1999 best 14.171
  step 600/1999 best 14.300
  step 650/1999 best 14.346
  step 700/1999 best 13.956
  step 750/1999 best 14.135
  step 800/1999 best 14.284
  step 850/1999 best 14.220
  step 900/1999 best 14.029
  step 950/1999 best 14.154
  step 1000/1999 best 14.289
  step 1050/1999 best 14.169
  step 1100/1999 best 14.307
  step 1150/1999 best 14.274
  step 1200/1999 best 14.254
  step 1250/1999 best 14.284
  step 1300/1999 best 14.143
  step 1350/1999 best 14.130
  step 1400/1999 best 14.204
  step 1450/1999 best 14.260
  step 1500/1999 best 14.213
  step 1550/1999 best 14.272
  step 1600/1999 best 14.219
  step 1650/1999 best 14.235
  step 1700/1999 best 14.226
  step 1750/1999 best 14.158
  step 1800/1999 best 14.332
  step 1850/1999 best 14.243
  step 1900/1999 best 14.289
  step 1950/1999 best 14.216
saved SBC_CHAINS_cnn_vmim__n1_seed_s1_sim739_row688581_noise2481_2660_2839 (240000, 4) acc=0.236
  step 0/1999 best -14.969
  step 50/1999 best 2.987
  step 100/1999 best 11.363
  step 150/1999 best 15.509
  step 200/1999 best 15.426
  step 250/1999 best 15.187
  step 300/1999 best 15.410
  step 350/1999 best 15.345
  step 400/1999 best 15.522
  step 450/1999 best 15.711
  step 500/1999 best 15.725
  step 550/1999 best 15.404
  step 600/1999 best 15.483
  step 650/1999 best 15.483
  step 700/1999 best 15.573
  step 750/1999 best 15.588
  step 800/1999 best 15.544
  step 850/1999 best 15.484
  step 900/1999 best 15.299
  step 950/1999 best 15.495
  step 1000/1999 best 15.658
  step 1050/1999 best 15.705
  step 1100/1999 best 15.599
  step 1150/1999 best 15.523
  step 1200/1999 best 15.207
  step 1250/1999 best 15.729
  step 1300/1999 best 15.529
  step 1350/1999 best 15.451
  step 1400/1999 best 15.679
  step 1450/1999 best 15.335
  step 1500/1999 best 15.540
  step 1550/1999 best 15.544
  step 1600/1999 best 15.466
  step 1650/1999 best 15.514
  step 1700/1999 best 15.616
  step 1750/1999 best 15.659
  step 1800/1999 best 15.450
  step 1850/1999 best 15.329
  step 1900/1999 best 15.547
  step 1950/1999 best 15.463
saved SBC_CHAINS_cnn_vmim__n1_seed_s1_sim878_row827901_noise4209_4388_4567 (240000, 4) acc=0.163
  step 0/1999 best -14.537
  step 50/1999 best 5.204
  step 100/1999 best 4.662
  step 150/1999 best 7.798
  step 200/1999 best 11.128
  step 250/1999 best 12.256
  step 300/1999 best 13.864
  step 350/1999 best 14.068
  step 400/1999 best 13.892
  step 450/1999 best 14.114
  step 500/1999 best 14.581
  step 550/1999 best 14.350
  step 600/1999 best 14.240
  step 650/1999 best 14.567
  step 700/1999 best 14.618
  step 750/1999 best 14.620
  step 800/1999 best 14.646
  step 850/1999 best 14.483
  step 900/1999 best 14.440
  step 950/1999 best 14.386
  step 1000/1999 best 14.649
  step 1050/1999 best 14.509
  step 1100/1999 best 14.423
  step 1150/1999 best 14.421
  step 1200/1999 best 14.517
  step 1250/1999 best 14.593
  step 1300/1999 best 14.498
  step 1350/1999 best 14.569
  step 1400/1999 best 14.488
  step 1450/1999 best 14.532
  step 1500/1999 best 14.102
  step 1550/1999 best 14.364
  step 1600/1999 best 14.620
  step 1650/1999 best 14.521
  step 1700/1999 best 14.457
  step 1750/1999 best 14.551
  step 1800/1999 best 14.581
  step 1850/1999 best 14.504
  step 1900/1999 best 14.648
  step 1950/1999 best 14.488
saved SBC_CHAINS_cnn_vmim__n1_seed_s1_sim2552_row2151519_noise7067_7246_7425 (240000, 4) acc=0.184
  step 0/1999 best -9.949
  step 50/1999 best 1.126
  step 100/1999 best 13.438
  step 150/1999 best 12.927
  step 200/1999 best 13.054
  step 250/1999 best 13.316
  step 300/1999 best 13.343
  step 350/1999 best 13.308
  step 400/1999 best 13.240
  step 450/1999 best 13.389
  step 500/1999 best 13.336
  step 550/1999 best 13.256
  step 600/1999 best 13.339
  step 650/1999 best 13.381
  step 700/1999 best 13.163
  step 750/1999 best 13.488
  step 800/1999 best 13.439
  step 850/1999 best 13.410
  step 900/1999 best 13.397
  step 950/1999 best 13.434
  step 1000/1999 best 13.435
  step 1050/1999 best 13.473
  step 1100/1999 best 13.397
  step 1150/1999 best 13.303
  step 1200/1999 best 13.313
  step 1250/1999 best 13.413
  step 1300/1999 best 13.451
  step 1350/1999 best 13.430
  step 1400/1999 best 13.485
  step 1450/1999 best 13.267
  step 1500/1999 best 13.272
  step 1550/1999 best 13.287
  step 1600/1999 best 13.384
  step 1650/1999 best 13.470
  step 1700/1999 best 13.408
  step 1750/1999 best 13.283
  step 1800/1999 best 13.447
  step 1850/1999 best 13.283
  step 1900/1999 best 13.465
  step 1950/1999 best 13.508
saved SBC_CHAINS_cnn_vmim__n1_seed_s1_sim3093_row2688026_noise7034_7213_7392 (240000, 4) acc=0.309
  step 0/1999 best -16.977
  step 50/1999 best 2.576
  step 100/1999 best 4.788
  step 150/1999 best 10.804
  step 200/1999 best 10.683
  step 250/1999 best 10.683
  step 300/1999 best 11.401
  step 350/1999 best 12.573
  step 400/1999 best 14.796
  step 450/1999 best 14.142
  step 500/1999 best 14.214
  step 550/1999 best 15.097
  step 600/1999 best 14.699
  step 650/1999 best 14.694
  step 700/1999 best 14.681
  step 750/1999 best 15.084
  step 800/1999 best 15.136
  step 850/1999 best 14.929
  step 900/1999 best 15.256
  step 950/1999 best 15.274
  step 1000/1999 best 14.990
  step 1050/1999 best 15.254
  step 1100/1999 best 15.304
  step 1150/1999 best 15.224
  step 1200/1999 best 15.076
  step 1250/1999 best 15.091
  step 1300/1999 best 14.860
  step 1350/1999 best 14.849
  step 1400/1999 best 15.087
  step 1450/1999 best 15.182
  step 1500/1999 best 15.088
  step 1550/1999 best 15.220
  step 1600/1999 best 15.279
  step 1650/1999 best 15.171
  step 1700/1999 best 15.326
  step 1750/1999 best 15.093
  step 1800/1999 best 15.069
  step 1850/1999 best 15.230
  step 1900/1999 best 14.855
  step 1950/1999 best 15.130
saved SBC_CHAINS_cnn_vmim__n1_seed_s1_sim2455_row2054153_noise7981_8160_8339 (240000, 4) acc=0.148
  step 0/1999 best -6.642
  step 50/1999 best 3.373
  step 100/1999 best 4.835
  step 150/1999 best 8.532
  step 200/1999 best 12.223
  step 250/1999 best 13.028
  step 300/1999 best 14.149
  step 350/1999 best 14.149
  step 400/1999 best 14.467
  step 450/1999 best 14.348
  step 500/1999 best 14.187
  step 550/1999 best 14.511
  step 600/1999 best 14.650
  step 650/1999 best 14.190
  step 700/1999 best 14.631
  step 750/1999 best 14.397
  step 800/1999 best 14.208
  step 850/1999 best 14.572
  step 900/1999 best 14.365
  step 950/1999 best 14.642
  step 1000/1999 best 14.366
  step 1050/1999 best 14.616
  step 1100/1999 best 14.366
  step 1150/1999 best 14.142
  step 1200/1999 best 14.169
  step 1250/1999 best 14.371
  step 1300/1999 best 14.403
  step 1350/1999 best 14.304
  step 1400/1999 best 14.099
  step 1450/1999 best 14.529
  step 1500/1999 best 14.626
  step 1550/1999 best 14.554
  step 1600/1999 best 14.237
  step 1650/1999 best 14.445
  step 1700/1999 best 14.372
  step 1750/1999 best 14.488
  step 1800/1999 best 14.507
  step 1850/1999 best 14.618
  step 1900/1999 best 14.303
  step 1950/1999 best 14.382
saved SBC_CHAINS_cnn_vmim__n1_seed_s1_sim950_row899914_noise7426_7605_7784 (240000, 4) acc=0.140
  step 0/1999 best -18.958
  step 50/1999 best 2.533
  step 100/1999 best 10.112
  step 150/1999 best 11.873
  step 200/1999 best 13.330
  step 250/1999 best 13.107
  step 300/1999 best 13.236
  step 350/1999 best 13.198
  step 400/1999 best 13.251
  step 450/1999 best 13.123
  step 500/1999 best 13.186
  step 550/1999 best 13.352
  step 600/1999 best 13.330
  step 650/1999 best 13.246
  step 700/1999 best 13.251
  step 750/1999 best 13.299
  step 800/1999 best 13.267
  step 850/1999 best 13.318
  step 900/1999 best 13.276
  step 950/1999 best 13.172
  step 1000/1999 best 13.287
  step 1050/1999 best 13.082
  step 1100/1999 best 13.335
  step 1150/1999 best 13.383
  step 1200/1999 best 13.293
  step 1250/1999 best 13.225
  step 1300/1999 best 13.259
  step 1350/1999 best 13.364
  step 1400/1999 best 13.350
  step 1450/1999 best 13.281
  step 1500/1999 best 13.244
  step 1550/1999 best 13.269
  step 1600/1999 best 13.361
  step 1650/1999 best 13.322
  step 1700/1999 best 13.381
  step 1750/1999 best 13.385
  step 1800/1999 best 13.182
  step 1850/1999 best 13.351
  step 1900/1999 best 13.366
  step 1950/1999 best 13.216
saved SBC_CHAINS_cnn_vmim__n1_seed_s1_sim2984_row2579299_noise6415_6594_6773 (240000, 4) acc=0.273
  step 0/1999 best -19.685
  step 50/1999 best 4.328
  step 100/1999 best 5.912
  step 150/1999 best 8.201
  step 200/1999 best 8.558
  step 250/1999 best 8.725
  step 300/1999 best 8.658
  step 350/1999 best 8.591
  step 400/1999 best 8.630
  step 450/1999 best 8.660
  step 500/1999 best 8.486
  step 550/1999 best 8.659
  step 600/1999 best 8.668
  step 650/1999 best 8.522
  step 700/1999 best 8.511
  step 750/1999 best 8.715
  step 800/1999 best 8.610
  step 850/1999 best 8.673
  step 900/1999 best 8.683
  step 950/1999 best 8.746
  step 1000/1999 best 8.476
  step 1050/1999 best 8.679
  step 1100/1999 best 8.670
  step 1150/1999 best 8.645
  step 1200/1999 best 8.695
  step 1250/1999 best 8.680
  step 1300/1999 best 8.559
  step 1350/1999 best 8.641
  step 1400/1999 best 8.572
  step 1450/1999 best 8.733
  step 1500/1999 best 8.658
  step 1550/1999 best 8.662
  step 1600/1999 best 8.729
  step 1650/1999 best 8.726
  step 1700/1999 best 8.521
  step 1750/1999 best 8.671
  step 1800/1999 best 8.478
  step 1850/1999 best 8.599
  step 1900/1999 best 8.672
  step 1950/1999 best 8.487
saved SBC_CHAINS_cnn_vmim__n1_seed_s1_sim2872_row2467754_noise2978_3157_3336 (240000, 4) acc=0.409
  step 0/1999 best -7.023
  step 50/1999 best -0.298
  step 100/1999 best 3.003
  step 150/1999 best 9.125
  step 200/1999 best 11.306
  step 250/1999 best 11.664
  step 300/1999 best 13.730
  step 350/1999 best 15.266
  step 400/1999 best 15.225
  step 450/1999 best 15.290
  step 500/1999 best 15.165
  step 550/1999 best 14.927
  step 600/1999 best 14.878
  step 650/1999 best 15.045
  step 700/1999 best 15.147
  step 750/1999 best 15.368
  step 800/1999 best 14.943
  step 850/1999 best 15.057
  step 900/1999 best 15.262
  step 950/1999 best 15.277
  step 1000/1999 best 14.882
  step 1050/1999 best 15.128
  step 1100/1999 best 15.059
  step 1150/1999 best 15.237
  step 1200/1999 best 14.970
  step 1250/1999 best 15.248
  step 1300/1999 best 14.814
  step 1350/1999 best 15.081
  step 1400/1999 best 15.272
  step 1450/1999 best 15.266
  step 1500/1999 best 15.061
  step 1550/1999 best 15.194
  step 1600/1999 best 15.389
  step 1650/1999 best 14.911
  step 1700/1999 best 15.173
  step 1750/1999 best 15.203
  step 1800/1999 best 15.389
  step 1850/1999 best 15.296
  step 1900/1999 best 15.162
  step 1950/1999 best 15.251
saved SBC_CHAINS_cnn_vmim__n1_seed_s1_sim1993_row1604277_noise8021_8200_8379 (240000, 4) acc=0.278
  step 0/1999 best 6.931
  step 50/1999 best 7.525
  step 100/1999 best 7.382
  step 150/1999 best 7.528
  step 200/1999 best 7.479
  step 250/1999 best 7.588
  step 300/1999 best 7.803
  step 350/1999 best 7.485
  step 400/1999 best 7.478
  step 450/1999 best 7.492
  step 500/1999 best 7.441
  step 550/1999 best 7.391
  step 600/1999 best 7.504
  step 650/1999 best 7.425
  step 700/1999 best 7.565
  step 750/1999 best 7.594
  step 800/1999 best 7.538
  step 850/1999 best 7.436
  step 900/1999 best 7.592
  step 950/1999 best 7.505
  step 1000/1999 best 7.556
  step 1050/1999 best 7.530
  step 1100/1999 best 7.542
  step 1150/1999 best 7.454
  step 1200/1999 best 7.490
  step 1250/1999 best 7.443
  step 1300/1999 best 7.607
  step 1350/1999 best 7.632
  step 1400/1999 best 7.467
  step 1450/1999 best 7.413
  step 1500/1999 best 7.900
  step 1550/1999 best 7.830
  step 1600/1999 best 7.755
  step 1650/1999 best 7.473
  step 1700/1999 best 7.457
  step 1750/1999 best 7.544
  step 1800/1999 best 7.482
  step 1850/1999 best 7.554
  step 1900/1999 best 7.460
  step 1950/1999 best 7.476
saved SBC_CHAINS_cnn_vmim__n1_seed_s1_sim199_row185427_noise2867_3046_3225 (240000, 4) acc=0.368
  step 0/1999 best -10.338
  step 50/1999 best 0.799
  step 100/1999 best 5.944
  step 150/1999 best 12.605
  step 200/1999 best 14.838
  step 250/1999 best 15.976
  step 300/1999 best 16.093
  step 350/1999 best 16.507
  step 400/1999 best 16.600
  step 450/1999 best 16.577
  step 500/1999 best 16.523
  step 550/1999 best 16.550
  step 600/1999 best 16.566
  step 650/1999 best 16.612
  step 700/1999 best 16.342
  step 750/1999 best 16.364
  step 800/1999 best 16.257
  step 850/1999 best 16.477
  step 900/1999 best 16.614
  step 950/1999 best 16.507
  step 1000/1999 best 16.592
  step 1050/1999 best 16.481
  step 1100/1999 best 16.499
  step 1150/1999 best 16.576
  step 1200/1999 best 16.492
  step 1250/1999 best 16.436
  step 1300/1999 best 16.507
  step 1350/1999 best 16.594
  step 1400/1999 best 16.442
  step 1450/1999 best 16.421
  step 1500/1999 best 16.528
  step 1550/1999 best 16.323
  step 1600/1999 best 16.449
  step 1650/1999 best 16.408
  step 1700/1999 best 16.453
  step 1750/1999 best 16.509
  step 1800/1999 best 16.597
  step 1850/1999 best 16.504
  step 1900/1999 best 16.547
  step 1950/1999 best 16.554
saved SBC_CHAINS_cnn_vmim__n1_seed_s1_sim885_row834312_noise792_971_1150 (240000, 4) acc=0.185
  step 0/1999 best -19.540
  step 50/1999 best 4.016
  step 100/1999 best 6.553
  step 150/1999 best 6.916
  step 200/1999 best 2.934
  step 250/1999 best 13.603
  step 300/1999 best 13.603
  step 350/1999 best 15.660
  step 400/1999 best 15.660
  step 450/1999 best 14.144
  step 500/1999 best 16.553
  step 550/1999 best 16.553
  step 600/1999 best 17.720
  step 650/1999 best 18.000
  step 700/1999 best 17.893
  step 750/1999 best 18.044
  step 800/1999 best 18.457
  step 850/1999 best 17.828
  step 900/1999 best 18.102
  step 950/1999 best 17.745
  step 1000/1999 best 18.093
  step 1050/1999 best 18.052
  step 1100/1999 best 18.163
  step 1150/1999 best 17.974
  step 1200/1999 best 17.463
  step 1250/1999 best 18.172
  step 1300/1999 best 17.371
  step 1350/1999 best 18.431
  step 1400/1999 best 18.097
  step 1450/1999 best 18.172
  step 1500/1999 best 18.136
  step 1550/1999 best 17.846
  step 1600/1999 best 18.120
  step 1650/1999 best 18.225
  step 1700/1999 best 18.292
  step 1750/1999 best 18.449
  step 1800/1999 best 18.238
  step 1850/1999 best 17.990
  step 1900/1999 best 17.985
  step 1950/1999 best 18.002
saved SBC_CHAINS_cnn_vmim__n1_seed_s1_sim346_row332956_noise2976_3155_3334 (240000, 4) acc=0.160
  step 0/1999 best -17.040
  step 50/1999 best -3.843
  step 100/1999 best 1.076
  step 150/1999 best 4.677
  step 200/1999 best 7.289
  step 250/1999 best 7.570
  step 300/1999 best 12.930
  step 350/1999 best 16.402
  step 400/1999 best 16.559
  step 450/1999 best 15.563
  step 500/1999 best 16.207
  step 550/1999 best 16.234
  step 600/1999 best 16.225
  step 650/1999 best 16.513
  step 700/1999 best 16.555
  step 750/1999 best 16.616
  step 800/1999 best 16.421
  step 850/1999 best 16.450
  step 900/1999 best 16.472
  step 950/1999 best 16.574
  step 1000/1999 best 16.385
  step 1050/1999 best 16.610
  step 1100/1999 best 16.602
  step 1150/1999 best 16.464
  step 1200/1999 best 16.574
  step 1250/1999 best 16.710
  step 1300/1999 best 16.721
  step 1350/1999 best 16.386
  step 1400/1999 best 16.544
  step 1450/1999 best 16.571
  step 1500/1999 best 16.568
  step 1550/1999 best 16.415
  step 1600/1999 best 16.758
  step 1650/1999 best 16.108
  step 1700/1999 best 16.692
  step 1750/1999 best 16.611
  step 1800/1999 best 16.407
  step 1850/1999 best 16.721
  step 1900/1999 best 16.712
  step 1950/1999 best 16.457
saved SBC_CHAINS_cnn_vmim__n1_seed_s1_sim2458_row2057485_noise1485_1664_1843 (240000, 4) acc=0.139
  step 0/1999 best -11.529
  step 50/1999 best 13.392
  step 100/1999 best 13.392
  step 150/1999 best 13.989
  step 200/1999 best 13.652
  step 250/1999 best 12.141
  step 300/1999 best 15.135
  step 350/1999 best 14.057
  step 400/1999 best 14.057
  step 450/1999 best 16.721
  step 500/1999 best 16.813
  step 550/1999 best 16.182
  step 600/1999 best 16.118
  step 650/1999 best 15.826
  step 700/1999 best 16.562
  step 750/1999 best 16.717
  step 800/1999 best 16.959
  step 850/1999 best 16.941
  step 900/1999 best 16.644
  step 950/1999 best 16.423
  step 1000/1999 best 16.583
  step 1050/1999 best 16.788
  step 1100/1999 best 16.764
  step 1150/1999 best 17.125
  step 1200/1999 best 17.158
  step 1250/1999 best 17.328
  step 1300/1999 best 17.217
  step 1350/1999 best 16.802
  step 1400/1999 best 17.254
  step 1450/1999 best 17.285
  step 1500/1999 best 17.078
  step 1550/1999 best 16.866
  step 1600/1999 best 16.902
  step 1650/1999 best 17.315
  step 1700/1999 best 17.383
  step 1750/1999 best 16.921
  step 1800/1999 best 17.350
  step 1850/1999 best 17.087
  step 1900/1999 best 16.949
  step 1950/1999 best 17.057
saved SBC_CHAINS_cnn_vmim__n1_seed_s1_sim343_row329637_noise9485_9664_15 (240000, 4) acc=0.241
  step 0/1999 best -5.870
  step 50/1999 best -2.750
  step 100/1999 best 0.392
  step 150/1999 best 0.084
  step 200/1999 best 0.894
  step 250/1999 best 0.894
  step 300/1999 best 5.154
  step 350/1999 best 5.281
  step 400/1999 best 8.233
  step 450/1999 best 9.011
  step 500/1999 best 9.011
  step 550/1999 best 13.654
  step 600/1999 best 13.076
  step 650/1999 best 15.776
  step 700/1999 best 16.818
  step 750/1999 best 16.403
  step 800/1999 best 16.344
  step 850/1999 best 16.335
  step 900/1999 best 16.686
  step 950/1999 best 15.772
  step 1000/1999 best 16.828
  step 1050/1999 best 16.922
  step 1100/1999 best 16.633
  step 1150/1999 best 16.663
  step 1200/1999 best 16.636
  step 1250/1999 best 16.794
  step 1300/1999 best 16.588
  step 1350/1999 best 16.579
  step 1400/1999 best 16.063
  step 1450/1999 best 16.822
  step 1500/1999 best 16.813
  step 1550/1999 best 16.651
  step 1600/1999 best 16.613
  step 1650/1999 best 16.824
  step 1700/1999 best 16.645
  step 1750/1999 best 16.699
  step 1800/1999 best 16.766
  step 1850/1999 best 16.480
  step 1900/1999 best 16.892
  step 1950/1999 best 16.723
saved SBC_CHAINS_cnn_vmim__n1_seed_s1_sim1195_row1013358_noise6170_6349_6528 (240000, 4) acc=0.164
  step 0/1999 best -8.135
  step 50/1999 best 1.016
  step 100/1999 best 4.013
  step 150/1999 best 12.893
  step 200/1999 best 14.059
  step 250/1999 best 16.259
  step 300/1999 best 17.337
  step 350/1999 best 17.244
  step 400/1999 best 17.632
  step 450/1999 best 17.204
  step 500/1999 best 17.621
  step 550/1999 best 17.537
  step 600/1999 best 17.686
  step 650/1999 best 17.500
  step 700/1999 best 17.680
  step 750/1999 best 17.492
  step 800/1999 best 17.641
  step 850/1999 best 17.608
  step 900/1999 best 17.336
  step 950/1999 best 17.655
  step 1000/1999 best 17.464
  step 1050/1999 best 17.605
  step 1100/1999 best 17.428
  step 1150/1999 best 17.580
  step 1200/1999 best 17.435
  step 1250/1999 best 17.388
  step 1300/1999 best 17.571
  step 1350/1999 best 17.629
  step 1400/1999 best 17.659
  step 1450/1999 best 17.610
  step 1500/1999 best 17.504
  step 1550/1999 best 17.634
  step 1600/1999 best 17.549
  step 1650/1999 best 17.550
  step 1700/1999 best 17.522
  step 1750/1999 best 17.437
  step 1800/1999 best 17.568
  step 1850/1999 best 17.529
  step 1900/1999 best 17.521
  step 1950/1999 best 17.570
saved SBC_CHAINS_cnn_vmim__n1_seed_s1_sim207_row193414_noise1026_1205_1384 (240000, 4) acc=0.215
  step 0/1999 best -10.615
  step 50/1999 best 1.341
  step 100/1999 best 9.185
  step 150/1999 best 7.976
  step 200/1999 best 9.417
  step 250/1999 best 12.012
  step 300/1999 best 12.413
  step 350/1999 best 14.440
  step 400/1999 best 14.884
  step 450/1999 best 15.725
  step 500/1999 best 15.561
  step 550/1999 best 15.887
  step 600/1999 best 15.735
  step 650/1999 best 15.382
  step 700/1999 best 15.488
  step 750/1999 best 15.769
  step 800/1999 best 15.916
  step 850/1999 best 15.688
  step 900/1999 best 15.733
  step 950/1999 best 15.980
  step 1000/1999 best 15.708
  step 1050/1999 best 15.562
  step 1100/1999 best 15.567
  step 1150/1999 best 15.631
  step 1200/1999 best 15.748
  step 1250/1999 best 15.695
  step 1300/1999 best 15.890
  step 1350/1999 best 15.627
  step 1400/1999 best 15.861
  step 1450/1999 best 15.758
  step 1500/1999 best 15.854
  step 1550/1999 best 15.789
  step 1600/1999 best 15.905
  step 1650/1999 best 15.735
  step 1700/1999 best 15.912
  step 1750/1999 best 15.899
  step 1800/1999 best 15.842
  step 1850/1999 best 15.758
  step 1900/1999 best 15.896
  step 1950/1999 best 15.970
saved SBC_CHAINS_cnn_vmim__n1_seed_s1_sim1312_row1121189_noise5065_5244_5423 (240000, 4) acc=0.201
  step 0/1999 best -8.674
  step 50/1999 best 4.044
  step 100/1999 best 5.067
  step 150/1999 best 5.929
  step 200/1999 best 6.428
  step 250/1999 best 12.740
  step 300/1999 best 12.740
  step 350/1999 best 12.740
  step 400/1999 best 13.641
  step 450/1999 best 14.093
  step 500/1999 best 14.173
  step 550/1999 best 14.406
  step 600/1999 best 14.406
  step 650/1999 best 13.386
  step 700/1999 best 12.849
  step 750/1999 best 13.991
  step 800/1999 best 14.006
  step 850/1999 best 14.681
  step 900/1999 best 14.686
  step 950/1999 best 14.621
  step 1000/1999 best 14.253
  step 1050/1999 best 13.829
  step 1100/1999 best 14.460
  step 1150/1999 best 14.405
  step 1200/1999 best 14.123
  step 1250/1999 best 14.151
  step 1300/1999 best 13.879
  step 1350/1999 best 14.482
  step 1400/1999 best 14.499
  step 1450/1999 best 14.499
  step 1500/1999 best 14.321
  step 1550/1999 best 14.560
  step 1600/1999 best 14.251
  step 1650/1999 best 14.588
  step 1700/1999 best 14.558
  step 1750/1999 best 14.185
  step 1800/1999 best 14.667
  step 1850/1999 best 14.448
  step 1900/1999 best 14.626
  step 1950/1999 best 14.628
saved SBC_CHAINS_cnn_vmim__n1_seed_s1_sim2611_row2210532_noise7112_7291_7470 (240000, 4) acc=0.167
  step 0/1999 best -11.081
  step 50/1999 best 0.919
  step 100/1999 best 11.521
  step 150/1999 best 15.398
  step 200/1999 best 13.405
  step 250/1999 best 15.142
  step 300/1999 best 15.687
  step 350/1999 best 15.292
  step 400/1999 best 15.883
  step 450/1999 best 15.599
  step 500/1999 best 15.739
  step 550/1999 best 15.730
  step 600/1999 best 15.535
  step 650/1999 best 15.785
  step 700/1999 best 15.792
  step 750/1999 best 15.735
  step 800/1999 best 15.579
  step 850/1999 best 15.923
  step 900/1999 best 15.764
  step 950/1999 best 15.586
  step 1000/1999 best 15.909
  step 1050/1999 best 15.741
  step 1100/1999 best 15.546
  step 1150/1999 best 15.872
  step 1200/1999 best 15.602
  step 1250/1999 best 15.616
  step 1300/1999 best 15.698
  step 1350/1999 best 15.789
  step 1400/1999 best 15.816
  step 1450/1999 best 15.804
  step 1500/1999 best 15.421
  step 1550/1999 best 15.912
  step 1600/1999 best 15.760
  step 1650/1999 best 15.912
  step 1700/1999 best 15.683
  step 1750/1999 best 15.960
  step 1800/1999 best 15.776
  step 1850/1999 best 15.824
  step 1900/1999 best 15.866
  step 1950/1999 best 15.740
saved SBC_CHAINS_cnn_vmim__n1_seed_s1_sim2476_row2075973_noise317_496_675 (240000, 4) acc=0.176
  step 0/1999 best -12.958
  step 50/1999 best 2.488
  step 100/1999 best 5.162
  step 150/1999 best 5.199
  step 200/1999 best 5.798
  step 250/1999 best 5.496
  step 300/1999 best 13.723
  step 350/1999 best 13.723
  step 400/1999 best 13.723
  step 450/1999 best 15.418
  step 500/1999 best 17.080
  step 550/1999 best 17.396
  step 600/1999 best 17.396
  step 650/1999 best 18.240
  step 700/1999 best 18.015
  step 750/1999 best 17.817
  step 800/1999 best 17.719
  step 850/1999 best 16.936
  step 900/1999 best 16.981
  step 950/1999 best 18.064
  step 1000/1999 best 17.432
  step 1050/1999 best 17.852
  step 1100/1999 best 17.720
  step 1150/1999 best 17.690
  step 1200/1999 best 17.848
  step 1250/1999 best 18.137
  step 1300/1999 best 17.829
  step 1350/1999 best 18.102
  step 1400/1999 best 17.804
  step 1450/1999 best 18.118
  step 1500/1999 best 18.202
  step 1550/1999 best 17.969
  step 1600/1999 best 17.946
  step 1650/1999 best 17.895
  step 1700/1999 best 18.156
  step 1750/1999 best 18.036
  step 1800/1999 best 18.219
  step 1850/1999 best 18.125
  step 1900/1999 best 18.016
  step 1950/1999 best 18.005
saved SBC_CHAINS_cnn_vmim__n1_seed_s1_sim1432_row1214123_noise7063_7242_7421 (240000, 4) acc=0.159
  step 0/1999 best -14.638
  step 50/1999 best 3.589
  step 100/1999 best 6.206
  step 150/1999 best 10.750
  step 200/1999 best 11.475
  step 250/1999 best 11.532
  step 300/1999 best 11.639
  step 350/1999 best 11.679
  step 400/1999 best 11.699
  step 450/1999 best 11.737
  step 500/1999 best 11.605
  step 550/1999 best 11.709
  step 600/1999 best 11.670
  step 650/1999 best 11.722
  step 700/1999 best 11.555
  step 750/1999 best 11.682
  step 800/1999 best 11.672
  step 850/1999 best 11.755
  step 900/1999 best 11.625
  step 950/1999 best 11.731
  step 1000/1999 best 11.738
  step 1050/1999 best 11.640
  step 1100/1999 best 11.630
  step 1150/1999 best 11.600
  step 1200/1999 best 11.754
  step 1250/1999 best 11.718
  step 1300/1999 best 11.778
  step 1350/1999 best 11.729
  step 1400/1999 best 11.711
  step 1450/1999 best 11.611
  step 1500/1999 best 11.665
  step 1550/1999 best 11.752
  step 1600/1999 best 11.564
  step 1650/1999 best 11.591
  step 1700/1999 best 11.575
  step 1750/1999 best 11.525
  step 1800/1999 best 11.631
  step 1850/1999 best 11.642
  step 1900/1999 best 11.665
  step 1950/1999 best 11.683
saved SBC_CHAINS_cnn_vmim__n1_seed_s1_sim2854_row2449441_noise4321_4500_4679 (240000, 4) acc=0.430
  step 0/1999 best -15.419
  step 50/1999 best -6.189
  step 100/1999 best -3.278
  step 150/1999 best -0.556
  step 200/1999 best 9.250
  step 250/1999 best 6.188
  step 300/1999 best 7.694
  step 350/1999 best 8.869
  step 400/1999 best 8.244
  step 450/1999 best 8.071
  step 500/1999 best 12.093
  step 550/1999 best 14.383
  step 600/1999 best 14.685
  step 650/1999 best 11.636
  step 700/1999 best 12.317
  step 750/1999 best 13.495
  step 800/1999 best 13.495
  step 850/1999 best 13.337
  step 900/1999 best 15.360
  step 950/1999 best 15.453
  step 1000/1999 best 14.343
  step 1050/1999 best 14.378
  step 1100/1999 best 14.429
  step 1150/1999 best 15.059
  step 1200/1999 best 14.898
  step 1250/1999 best 14.937
  step 1300/1999 best 15.043
  step 1350/1999 best 14.947
  step 1400/1999 best 14.652
  step 1450/1999 best 14.636
  step 1500/1999 best 14.892
  step 1550/1999 best 15.415
  step 1600/1999 best 15.199
  step 1650/1999 best 15.170
  step 1700/1999 best 15.331
  step 1750/1999 best 15.175
  step 1800/1999 best 15.286
  step 1850/1999 best 15.573
  step 1900/1999 best 15.605
  step 1950/1999 best 15.540
saved SBC_CHAINS_cnn_vmim__n1_seed_s1_sim2620_row2219961_noise6713_6892_7071 (240000, 4) acc=0.134
  step 0/1999 best -17.895
  step 50/1999 best -1.976
  step 100/1999 best 8.225
  step 150/1999 best 9.241
  step 200/1999 best 14.767
  step 250/1999 best 14.711
  step 300/1999 best 15.504
  step 350/1999 best 13.937
  step 400/1999 best 14.672
  step 450/1999 best 15.128
  step 500/1999 best 15.438
  step 550/1999 best 15.616
  step 600/1999 best 15.547
  step 650/1999 best 15.892
  step 700/1999 best 15.726
  step 750/1999 best 15.858
  step 800/1999 best 15.848
  step 850/1999 best 15.760
  step 900/1999 best 15.806
  step 950/1999 best 15.879
  step 1000/1999 best 15.749
  step 1050/1999 best 15.591
  step 1100/1999 best 15.969
  step 1150/1999 best 15.627
  step 1200/1999 best 15.929
  step 1250/1999 best 15.876
  step 1300/1999 best 15.902
  step 1350/1999 best 15.999
  step 1400/1999 best 15.561
  step 1450/1999 best 15.853
  step 1500/1999 best 15.742
  step 1550/1999 best 15.499
  step 1600/1999 best 15.851
  step 1650/1999 best 15.836
  step 1700/1999 best 15.731
  step 1750/1999 best 15.933
  step 1800/1999 best 15.817
  step 1850/1999 best 15.708
  step 1900/1999 best 15.710
  step 1950/1999 best 15.722
saved SBC_CHAINS_cnn_vmim__n1_seed_s1_sim2541_row2140805_noise6181_6360_6539 (240000, 4) acc=0.162
  step 0/1999 best -4.025
  step 50/1999 best 2.724
  step 100/1999 best 8.364
  step 150/1999 best 8.364
  step 200/1999 best 13.037
  step 250/1999 best 13.721
  step 300/1999 best 17.170
  step 350/1999 best 17.149
  step 400/1999 best 17.293
  step 450/1999 best 17.090
  step 500/1999 best 17.313
  step 550/1999 best 17.205
  step 600/1999 best 17.150
  step 650/1999 best 17.371
  step 700/1999 best 17.268
  step 750/1999 best 17.213
  step 800/1999 best 17.155
  step 850/1999 best 17.201
  step 900/1999 best 17.289
  step 950/1999 best 17.403
  step 1000/1999 best 17.192
  step 1050/1999 best 17.200
  step 1100/1999 best 17.243
  step 1150/1999 best 17.210
  step 1200/1999 best 17.262
  step 1250/1999 best 17.304
  step 1300/1999 best 16.941
  step 1350/1999 best 17.294
  step 1400/1999 best 17.324
  step 1450/1999 best 17.342
  step 1500/1999 best 17.407
  step 1550/1999 best 17.158
  step 1600/1999 best 17.229
  step 1650/1999 best 17.425
  step 1700/1999 best 17.284
  step 1750/1999 best 17.348
  step 1800/1999 best 17.234
  step 1850/1999 best 17.308
  step 1900/1999 best 17.084
  step 1950/1999 best 17.304
saved SBC_CHAINS_cnn_vmim__n1_seed_s1_sim1756_row1509799_noise7415_7594_7773 (240000, 4) acc=0.235
  step 0/1999 best -23.309
  step 50/1999 best 4.220
  step 100/1999 best 9.791
  step 150/1999 best 10.296
  step 200/1999 best 11.355
  step 250/1999 best 11.465
  step 300/1999 best 11.819
  step 350/1999 best 11.648
  step 400/1999 best 11.906
  step 450/1999 best 11.914
  step 500/1999 best 11.687
  step 550/1999 best 11.837
  step 600/1999 best 11.933
  step 650/1999 best 11.769
  step 700/1999 best 11.862
  step 750/1999 best 11.770
  step 800/1999 best 11.743
  step 850/1999 best 11.748
  step 900/1999 best 11.847
  step 950/1999 best 11.801
  step 1000/1999 best 11.858
  step 1050/1999 best 11.653
  step 1100/1999 best 11.875
  step 1150/1999 best 11.626
  step 1200/1999 best 11.808
  step 1250/1999 best 11.618
  step 1300/1999 best 11.507
  step 1350/1999 best 11.914
  step 1400/1999 best 11.801
  step 1450/1999 best 11.826
  step 1500/1999 best 11.815
  step 1550/1999 best 11.628
  step 1600/1999 best 11.823
  step 1650/1999 best 11.927
  step 1700/1999 best 11.822
  step 1750/1999 best 11.828
  step 1800/1999 best 11.881
  step 1850/1999 best 11.751
  step 1900/1999 best 11.840
  step 1950/1999 best 11.766
saved SBC_CHAINS_cnn_vmim__n1_seed_s1_sim1231_row1049524_noise3024_3203_3382 (240000, 4) acc=0.238
  step 0/1999 best -6.873
  step 50/1999 best 2.839
  step 100/1999 best 4.395
  step 150/1999 best 8.208
  step 200/1999 best 13.315
  step 250/1999 best 13.315
  step 300/1999 best 13.315
  step 350/1999 best 13.358
  step 400/1999 best 11.863
  step 450/1999 best 14.411
  step 500/1999 best 14.676
  step 550/1999 best 15.248
  step 600/1999 best 15.089
  step 650/1999 best 15.011
  step 700/1999 best 14.956
  step 750/1999 best 14.989
  step 800/1999 best 15.312
  step 850/1999 best 15.336
  step 900/1999 best 15.238
  step 950/1999 best 15.293
  step 1000/1999 best 15.142
  step 1050/1999 best 15.314
  step 1100/1999 best 15.178
  step 1150/1999 best 15.322
  step 1200/1999 best 15.217
  step 1250/1999 best 15.379
  step 1300/1999 best 15.347
  step 1350/1999 best 15.282
  step 1400/1999 best 15.274
  step 1450/1999 best 15.321
  step 1500/1999 best 15.219
  step 1550/1999 best 15.362
  step 1600/1999 best 15.341
  step 1650/1999 best 15.358
  step 1700/1999 best 15.312
  step 1750/1999 best 15.255
  step 1800/1999 best 15.379
  step 1850/1999 best 15.189
  step 1900/1999 best 15.445
  step 1950/1999 best 15.312
saved SBC_CHAINS_cnn_vmim__n1_seed_s1_sim1453_row1235411_noise8695_8874_9053 (240000, 4) acc=0.314
  step 0/1999 best -8.189
  step 50/1999 best 2.947
  step 100/1999 best 3.009
  step 150/1999 best 9.174
  step 200/1999 best 14.801
  step 250/1999 best 15.381
  step 300/1999 best 13.938
  step 350/1999 best 15.504
  step 400/1999 best 14.752
  step 450/1999 best 15.725
  step 500/1999 best 15.439
  step 550/1999 best 15.534
  step 600/1999 best 15.653
  step 650/1999 best 15.567
  step 700/1999 best 15.404
  step 750/1999 best 15.605
  step 800/1999 best 15.278
  step 850/1999 best 15.486
  step 900/1999 best 15.552
  step 950/1999 best 15.487
  step 1000/1999 best 15.608
  step 1050/1999 best 15.610
  step 1100/1999 best 15.640
  step 1150/1999 best 15.185
  step 1200/1999 best 15.558
  step 1250/1999 best 15.405
  step 1300/1999 best 15.472
  step 1350/1999 best 15.672
  step 1400/1999 best 15.704
  step 1450/1999 best 15.419
  step 1500/1999 best 15.540
  step 1550/1999 best 15.650
  step 1600/1999 best 15.712
  step 1650/1999 best 15.623
  step 1700/1999 best 15.585
  step 1750/1999 best 15.709
  step 1800/1999 best 15.555
  step 1850/1999 best 15.713
  step 1900/1999 best 15.641
  step 1950/1999 best 15.531
saved SBC_CHAINS_cnn_vmim__n1_seed_s1_sim2398_row1997831_noise799_978_1157 (240000, 4) acc=0.150
  step 0/1999 best -26.036
  step 50/1999 best -0.717
  step 100/1999 best -0.607
  step 150/1999 best 5.448
  step 200/1999 best 7.773
  step 250/1999 best 9.085
  step 300/1999 best 16.690
  step 350/1999 best 16.690
  step 400/1999 best 16.864
  step 450/1999 best 17.171
  step 500/1999 best 17.171
  step 550/1999 best 16.985
  step 600/1999 best 16.512
  step 650/1999 best 16.420
  step 700/1999 best 16.737
  step 750/1999 best 16.909
  step 800/1999 best 16.887
  step 850/1999 best 17.023
  step 900/1999 best 17.010
  step 950/1999 best 17.237
  step 1000/1999 best 16.752
  step 1050/1999 best 17.182
  step 1100/1999 best 17.203
  step 1150/1999 best 17.220
  step 1200/1999 best 17.225
  step 1250/1999 best 17.607
  step 1300/1999 best 17.473
  step 1350/1999 best 17.473
  step 1400/1999 best 17.008
  step 1450/1999 best 16.990
  step 1500/1999 best 16.924
  step 1550/1999 best 17.249
  step 1600/1999 best 17.477
  step 1650/1999 best 16.984
  step 1700/1999 best 17.114
  step 1750/1999 best 17.162
  step 1800/1999 best 17.460
  step 1850/1999 best 17.422
  step 1900/1999 best 16.340
  step 1950/1999 best 17.344
saved SBC_CHAINS_cnn_vmim__n1_seed_s1_sim2055_row1665265_noise1213_1392_1571 (240000, 4) acc=0.147
  step 0/1999 best -17.322
  step 50/1999 best -0.005
  step 100/1999 best 4.918
  step 150/1999 best 4.179
  step 200/1999 best 10.871
  step 250/1999 best 14.388
  step 300/1999 best 14.388
  step 350/1999 best 14.803
  step 400/1999 best 15.374
  step 450/1999 best 15.857
  step 500/1999 best 15.768
  step 550/1999 best 15.869
  step 600/1999 best 15.717
  step 650/1999 best 16.011
  step 700/1999 best 16.093
  step 750/1999 best 15.890
  step 800/1999 best 16.017
  step 850/1999 best 15.874
  step 900/1999 best 15.957
  step 950/1999 best 16.130
  step 1000/1999 best 16.010
  step 1050/1999 best 16.048
  step 1100/1999 best 15.889
  step 1150/1999 best 15.975
  step 1200/1999 best 15.808
  step 1250/1999 best 15.878
  step 1300/1999 best 15.907
  step 1350/1999 best 16.011
  step 1400/1999 best 16.123
  step 1450/1999 best 15.703
  step 1500/1999 best 16.094
  step 1550/1999 best 15.993
  step 1600/1999 best 16.005
  step 1650/1999 best 15.891
  step 1700/1999 best 16.018
  step 1750/1999 best 15.923
  step 1800/1999 best 15.982
  step 1850/1999 best 16.110
  step 1900/1999 best 16.098
  step 1950/1999 best 16.049
saved SBC_CHAINS_cnn_vmim__n1_seed_s1_sim652_row605737_noise4089_4268_4447 (240000, 4) acc=0.214
  step 0/1999 best -17.582
  step 50/1999 best -1.733
  step 100/1999 best 1.142
  step 150/1999 best 7.059
  step 200/1999 best 11.827
  step 250/1999 best 13.475
  step 300/1999 best 13.533
  step 350/1999 best 13.685
  step 400/1999 best 13.743
  step 450/1999 best 13.776
  step 500/1999 best 13.565
  step 550/1999 best 13.649
  step 600/1999 best 13.700
  step 650/1999 best 13.676
  step 700/1999 best 13.745
  step 750/1999 best 13.749
  step 800/1999 best 13.751
  step 850/1999 best 13.790
  step 900/1999 best 13.763
  step 950/1999 best 13.734
  step 1000/1999 best 13.680
  step 1050/1999 best 13.762
  step 1100/1999 best 13.613
  step 1150/1999 best 13.823
  step 1200/1999 best 13.731
  step 1250/1999 best 13.613
  step 1300/1999 best 13.678
  step 1350/1999 best 13.765
  step 1400/1999 best 13.741
  step 1450/1999 best 13.856
  step 1500/1999 best 13.745
  step 1550/1999 best 13.734
  step 1600/1999 best 13.589
  step 1650/1999 best 13.871
  step 1700/1999 best 13.850
  step 1750/1999 best 13.759
  step 1800/1999 best 13.636
  step 1850/1999 best 13.709
  step 1900/1999 best 13.698
  step 1950/1999 best 13.669
saved SBC_CHAINS_cnn_vmim__n1_seed_s1_sim3094_row2689117_noise8125_8304_8483 (240000, 4) acc=0.316
  step 0/1999 best -13.663
  step 50/1999 best 2.289
  step 100/1999 best 3.761
  step 150/1999 best 4.745
  step 200/1999 best 4.878
  step 250/1999 best 3.117
  step 300/1999 best 4.472
  step 350/1999 best 4.514
  step 400/1999 best 4.404
  step 450/1999 best 5.036
  step 500/1999 best 7.374
  step 550/1999 best 9.829
  step 600/1999 best 12.712
  step 650/1999 best 12.779
  step 700/1999 best 16.324
  step 750/1999 best 16.242
  step 800/1999 best 14.318
  step 850/1999 best 14.658
  step 900/1999 best 15.781
  step 950/1999 best 15.853
  step 1000/1999 best 16.210
  step 1050/1999 best 16.173
  step 1100/1999 best 16.159
  step 1150/1999 best 16.257
  step 1200/1999 best 16.161
  step 1250/1999 best 16.378
  step 1300/1999 best 16.483
  step 1350/1999 best 16.448
  step 1400/1999 best 16.623
  step 1450/1999 best 16.145
  step 1500/1999 best 16.165
  step 1550/1999 best 16.454
  step 1600/1999 best 16.188
  step 1650/1999 best 16.374
  step 1700/1999 best 16.565
  step 1750/1999 best 16.446
  step 1800/1999 best 16.563
  step 1850/1999 best 16.493
  step 1900/1999 best 16.659
  step 1950/1999 best 16.488
saved SBC_CHAINS_cnn_vmim__n1_seed_s1_sim2374_row1973204_noise5656_5835_6014 (240000, 4) acc=0.148
  step 0/1999 best -15.848
  step 50/1999 best -3.880
  step 100/1999 best -1.780
  step 150/1999 best -1.867
  step 200/1999 best -1.833
  step 250/1999 best -2.150
  step 300/1999 best -2.150
  step 350/1999 best -1.430
  step 400/1999 best -1.316
  step 450/1999 best -1.030
  step 500/1999 best -0.816
  step 550/1999 best -0.816
  step 600/1999 best 4.018
  step 650/1999 best 4.018
  step 700/1999 best 4.018
  step 750/1999 best 4.018
  step 800/1999 best 4.018
  step 850/1999 best 4.018
  step 900/1999 best 4.747
  step 950/1999 best 4.747
  step 1000/1999 best 6.015
  step 1050/1999 best 6.015
  step 1100/1999 best 6.015
  step 1150/1999 best 6.015
  step 1200/1999 best 6.665
  step 1250/1999 best 7.171
  step 1300/1999 best 6.960
  step 1350/1999 best 6.411
  step 1400/1999 best 7.287
  step 1450/1999 best 7.287
  step 1500/1999 best 7.287
  step 1550/1999 best 7.287
  step 1600/1999 best 7.287
  step 1650/1999 best 7.287
  step 1700/1999 best 7.287
  step 1750/1999 best 7.287
  step 1800/1999 best 7.287
  step 1850/1999 best 7.341
  step 1900/1999 best 7.341
  step 1950/1999 best 7.341
saved SBC_CHAINS_cnn_vmim__n1_seed_s1_sim325_row311710_noise1386_1565_1744 (240000, 4) acc=0.164
  step 0/1999 best -17.937
  step 50/1999 best -1.879
  step 100/1999 best -0.294
  step 150/1999 best 0.641
  step 200/1999 best 8.952
  step 250/1999 best 8.686
  step 300/1999 best 13.717
  step 350/1999 best 15.455
  step 400/1999 best 15.425
  step 450/1999 best 15.303
  step 500/1999 best 16.442
  step 550/1999 best 16.500
  step 600/1999 best 16.559
  step 650/1999 best 16.414
  step 700/1999 best 16.283
  step 750/1999 best 16.719
  step 800/1999 best 16.571
  step 850/1999 best 16.349
  step 900/1999 best 16.583
  step 950/1999 best 16.549
  step 1000/1999 best 16.690
  step 1050/1999 best 16.336
  step 1100/1999 best 16.363
  step 1150/1999 best 16.636
  step 1200/1999 best 16.694
  step 1250/1999 best 16.594
  step 1300/1999 best 16.318
  step 1350/1999 best 16.349
  step 1400/1999 best 16.449
  step 1450/1999 best 16.730
  step 1500/1999 best 16.716
  step 1550/1999 best 16.429
  step 1600/1999 best 16.804
  step 1650/1999 best 16.666
  step 1700/1999 best 16.617
  step 1750/1999 best 16.826
  step 1800/1999 best 16.680
  step 1850/1999 best 16.445
  step 1900/1999 best 16.568
  step 1950/1999 best 16.667
saved SBC_CHAINS_cnn_vmim__n1_seed_s1_sim970_row919448_noise7304_7483_7662 (240000, 4) acc=0.123
  step 0/1999 best -15.996
  step 50/1999 best -6.618
  step 100/1999 best -6.494
  step 150/1999 best -3.309
  step 200/1999 best -3.309
  step 250/1999 best 7.170
  step 300/1999 best 7.170
  step 350/1999 best 12.989
  step 400/1999 best 12.888
  step 450/1999 best 12.888
  step 500/1999 best 14.982
  step 550/1999 best 15.843
  step 600/1999 best 15.962
  step 650/1999 best 15.629
  step 700/1999 best 16.490
  step 750/1999 best 16.594
  step 800/1999 best 16.331
  step 850/1999 best 16.398
  step 900/1999 best 16.488
  step 950/1999 best 16.433
  step 1000/1999 best 16.251
  step 1050/1999 best 16.367
  step 1100/1999 best 16.314
  step 1150/1999 best 16.283
  step 1200/1999 best 16.346
  step 1250/1999 best 16.635
  step 1300/1999 best 16.395
  step 1350/1999 best 16.517
  step 1400/1999 best 16.215
  step 1450/1999 best 16.355
  step 1500/1999 best 16.548
  step 1550/1999 best 16.317
  step 1600/1999 best 16.327
  step 1650/1999 best 16.558
  step 1700/1999 best 16.123
  step 1750/1999 best 16.538
  step 1800/1999 best 16.351
  step 1850/1999 best 16.382
  step 1900/1999 best 16.295
  step 1950/1999 best 16.324
saved SBC_CHAINS_cnn_vmim__n1_seed_s1_sim1731_row1484028_noise1300_1479_1658 (240000, 4) acc=0.223
  step 0/1999 best -12.568
  step 50/1999 best 0.618
  step 100/1999 best 8.955
  step 150/1999 best 14.811
  step 200/1999 best 16.132
  step 250/1999 best 15.581
  step 300/1999 best 16.812
  step 350/1999 best 16.831
  step 400/1999 best 16.831
  step 450/1999 best 16.313
  step 500/1999 best 17.637
  step 550/1999 best 17.362
  step 600/1999 best 18.645
  step 650/1999 best 18.663
  step 700/1999 best 18.663
  step 750/1999 best 18.145
  step 800/1999 best 18.584
  step 850/1999 best 18.464
  step 900/1999 best 18.500
  step 950/1999 best 17.958
  step 1000/1999 best 18.694
  step 1050/1999 best 18.518
  step 1100/1999 best 18.560
  step 1150/1999 best 18.536
  step 1200/1999 best 18.600
  step 1250/1999 best 18.781
  step 1300/1999 best 18.669
  step 1350/1999 best 18.672
  step 1400/1999 best 18.347
  step 1450/1999 best 18.821
  step 1500/1999 best 18.762
  step 1550/1999 best 18.885
  step 1600/1999 best 18.588
  step 1650/1999 best 18.459
  step 1700/1999 best 18.791
  step 1750/1999 best 18.560
  step 1800/1999 best 18.700
  step 1850/1999 best 18.658
  step 1900/1999 best 18.624
  step 1950/1999 best 18.634
saved SBC_CHAINS_cnn_vmim__n1_seed_s1_sim274_row260056_noise8700_8879_9058 (240000, 4) acc=0.126
  step 0/1999 best -18.931
  step 50/1999 best -2.194
  step 100/1999 best -1.942
  step 150/1999 best 2.085
  step 200/1999 best 9.267
  step 250/1999 best 11.966
  step 300/1999 best 13.425
  step 350/1999 best 13.692
  step 400/1999 best 14.014
  step 450/1999 best 14.100
  step 500/1999 best 14.056
  step 550/1999 best 13.916
  step 600/1999 best 14.135
  step 650/1999 best 14.079
  step 700/1999 best 14.114
  step 750/1999 best 14.137
  step 800/1999 best 14.079
  step 850/1999 best 14.123
  step 900/1999 best 14.072
  step 950/1999 best 14.090
  step 1000/1999 best 14.121
  step 1050/1999 best 14.207
  step 1100/1999 best 14.046
  step 1150/1999 best 14.046
  step 1200/1999 best 14.152
  step 1250/1999 best 14.140
  step 1300/1999 best 14.031
  step 1350/1999 best 14.173
  step 1400/1999 best 14.146
  step 1450/1999 best 13.984
  step 1500/1999 best 14.059
  step 1550/1999 best 14.199
  step 1600/1999 best 14.082
  step 1650/1999 best 14.047
  step 1700/1999 best 14.201
  step 1750/1999 best 14.085
  step 1800/1999 best 14.106
  step 1850/1999 best 14.041
  step 1900/1999 best 14.215
  step 1950/1999 best 14.094
saved SBC_CHAINS_cnn_vmim__n1_seed_s1_sim3004_row2599459_noise6919_7098_7277 (240000, 4) acc=0.317
  step 0/1999 best -2.725
  step 50/1999 best -0.614
  step 100/1999 best 2.070
  step 150/1999 best 6.804
  step 200/1999 best 10.461
  step 250/1999 best 10.508
  step 300/1999 best 14.569
  step 350/1999 best 14.569
  step 400/1999 best 14.372
  step 450/1999 best 15.662
  step 500/1999 best 15.662
  step 550/1999 best 15.830
  step 600/1999 best 16.049
  step 650/1999 best 15.997
  step 700/1999 best 16.208
  step 750/1999 best 15.824
  step 800/1999 best 16.654
  step 850/1999 best 16.401
  step 900/1999 best 16.603
  step 950/1999 best 16.558
  step 1000/1999 best 16.526
  step 1050/1999 best 16.513
  step 1100/1999 best 17.024
  step 1150/1999 best 16.724
  step 1200/1999 best 16.990
  step 1250/1999 best 16.677
  step 1300/1999 best 17.168
  step 1350/1999 best 17.184
  step 1400/1999 best 17.342
  step 1450/1999 best 17.103
  step 1500/1999 best 17.410
  step 1550/1999 best 17.226
  step 1600/1999 best 17.170
  step 1650/1999 best 17.153
  step 1700/1999 best 17.313
  step 1750/1999 best 17.351
  step 1800/1999 best 16.756
  step 1850/1999 best 17.036
  step 1900/1999 best 17.259
  step 1950/1999 best 16.956
saved SBC_CHAINS_cnn_vmim__n1_seed_s1_sim271_row257310_noise5954_6133_6312 (240000, 4) acc=0.255
  step 0/1999 best -15.901
  step 50/1999 best 2.261
  step 100/1999 best 8.720
  step 150/1999 best 11.749
  step 200/1999 best 13.064
  step 250/1999 best 12.882
  step 300/1999 best 13.367
  step 350/1999 best 13.454
  step 400/1999 best 13.345
  step 450/1999 best 13.207
  step 500/1999 best 13.351
  step 550/1999 best 13.481
  step 600/1999 best 13.334
  step 650/1999 best 13.440
  step 700/1999 best 13.405
  step 750/1999 best 13.335
  step 800/1999 best 13.380
  step 850/1999 best 13.434
  step 900/1999 best 13.466
  step 950/1999 best 13.412
  step 1000/1999 best 13.481
  step 1050/1999 best 13.406
  step 1100/1999 best 13.351
  step 1150/1999 best 13.361
  step 1200/1999 best 13.409
  step 1250/1999 best 13.359
  step 1300/1999 best 13.406
  step 1350/1999 best 13.400
  step 1400/1999 best 13.439
  step 1450/1999 best 13.373
  step 1500/1999 best 13.396
  step 1550/1999 best 13.347
  step 1600/1999 best 13.438
  step 1650/1999 best 13.443
  step 1700/1999 best 13.366
  step 1750/1999 best 13.474
  step 1800/1999 best 13.440
  step 1850/1999 best 13.438
  step 1900/1999 best 13.432
  step 1950/1999 best 13.303
saved SBC_CHAINS_cnn_vmim__n1_seed_s1_sim1232_row1050307_noise3807_3986_4165 (240000, 4) acc=0.333
  step 0/1999 best -20.080
  step 50/1999 best 8.610
  step 100/1999 best 14.381
  step 150/1999 best 14.761
  step 200/1999 best 16.406
  step 250/1999 best 16.309
  step 300/1999 best 16.679
  step 350/1999 best 16.613
  step 400/1999 best 16.606
  step 450/1999 best 16.796
  step 500/1999 best 16.674
  step 550/1999 best 16.632
  step 600/1999 best 16.569
  step 650/1999 best 16.655
  step 700/1999 best 16.729
  step 750/1999 best 16.657
  step 800/1999 best 16.707
  step 850/1999 best 16.722
  step 900/1999 best 16.655
  step 950/1999 best 16.578
  step 1000/1999 best 16.701
  step 1050/1999 best 16.624
  step 1100/1999 best 16.651
  step 1150/1999 best 16.524
  step 1200/1999 best 16.718
  step 1250/1999 best 16.713
  step 1300/1999 best 16.615
  step 1350/1999 best 16.778
  step 1400/1999 best 16.683
  step 1450/1999 best 16.716
  step 1500/1999 best 16.736
  step 1550/1999 best 16.606
  step 1600/1999 best 16.642
  step 1650/1999 best 16.687
  step 1700/1999 best 16.735
  step 1750/1999 best 16.779
  step 1800/1999 best 16.513
  step 1850/1999 best 16.707
  step 1900/1999 best 16.718
  step 1950/1999 best 16.732
saved SBC_CHAINS_cnn_vmim__n1_seed_s1_sim742_row691140_noise5040_5219_5398 (240000, 4) acc=0.325
  step 0/1999 best -16.392
  step 50/1999 best -4.883
  step 100/1999 best -2.870
  step 150/1999 best 7.191
  step 200/1999 best 7.335
  step 250/1999 best 7.789
  step 300/1999 best 8.685
  step 350/1999 best 15.166
  step 400/1999 best 15.166
  step 450/1999 best 15.166
  step 500/1999 best 15.166
  step 550/1999 best 13.924
  step 600/1999 best 15.726
  step 650/1999 best 15.951
  step 700/1999 best 16.171
  step 750/1999 best 16.171
  step 800/1999 best 15.620
  step 850/1999 best 16.070
  step 900/1999 best 16.510
  step 950/1999 best 15.761
  step 1000/1999 best 16.135
  step 1050/1999 best 16.030
  step 1100/1999 best 16.379
  step 1150/1999 best 16.143
  step 1200/1999 best 15.856
  step 1250/1999 best 15.856
  step 1300/1999 best 15.817
  step 1350/1999 best 16.115
  step 1400/1999 best 16.206
  step 1450/1999 best 16.047
  step 1500/1999 best 16.482
  step 1550/1999 best 16.519
  step 1600/1999 best 16.349
  step 1650/1999 best 16.420
  step 1700/1999 best 16.328
  step 1750/1999 best 16.175
  step 1800/1999 best 16.221
  step 1850/1999 best 15.967
  step 1900/1999 best 16.371
  step 1950/1999 best 16.284
saved SBC_CHAINS_cnn_vmim__n1_seed_s1_sim2367_row1966342_noise8622_8801_8980 (240000, 4) acc=0.129
  step 0/1999 best -10.795
  step 50/1999 best 2.373
  step 100/1999 best 6.175
  step 150/1999 best 12.503
  step 200/1999 best 14.323
  step 250/1999 best 14.323
  step 300/1999 best 15.708
  step 350/1999 best 16.075
  step 400/1999 best 16.948
  step 450/1999 best 16.631
  step 500/1999 best 16.344
  step 550/1999 best 16.706
  step 600/1999 best 17.050
  step 650/1999 best 16.598
  step 700/1999 best 16.854
  step 750/1999 best 16.898
  step 800/1999 best 17.173
  step 850/1999 best 17.034
  step 900/1999 best 17.063
  step 950/1999 best 17.119
  step 1000/1999 best 17.160
  step 1050/1999 best 17.199
  step 1100/1999 best 17.192
  step 1150/1999 best 16.911
  step 1200/1999 best 17.018
  step 1250/1999 best 17.063
  step 1300/1999 best 17.148
  step 1350/1999 best 17.157
  step 1400/1999 best 17.017
  step 1450/1999 best 17.065
  step 1500/1999 best 16.952
  step 1550/1999 best 17.121
  step 1600/1999 best 17.012
  step 1650/1999 best 16.887
  step 1700/1999 best 17.141
  step 1750/1999 best 17.103
  step 1800/1999 best 17.131
  step 1850/1999 best 17.118
  step 1900/1999 best 16.993
  step 1950/1999 best 17.207
saved SBC_CHAINS_cnn_vmim__n1_seed_s1_sim1533_row1310693_noise525_704_883 (240000, 4) acc=0.226
  step 0/1999 best -5.707
  step 50/1999 best 7.533
  step 100/1999 best 14.282
  step 150/1999 best 14.282
  step 200/1999 best 14.397
  step 250/1999 best 14.511
  step 300/1999 best 14.263
  step 350/1999 best 14.584
  step 400/1999 best 15.800
  step 450/1999 best 16.149
  step 500/1999 best 16.487
  step 550/1999 best 16.079
  step 600/1999 best 16.291
  step 650/1999 best 16.345
  step 700/1999 best 16.342
  step 750/1999 best 16.388
  step 800/1999 best 16.362
  step 850/1999 best 16.391
  step 900/1999 best 16.355
  step 950/1999 best 16.276
  step 1000/1999 best 16.352
  step 1050/1999 best 16.467
  step 1100/1999 best 16.317
  step 1150/1999 best 16.160
  step 1200/1999 best 16.354
  step 1250/1999 best 16.432
  step 1300/1999 best 16.241
  step 1350/1999 best 16.439
  step 1400/1999 best 16.061
  step 1450/1999 best 16.342
  step 1500/1999 best 16.099
  step 1550/1999 best 16.156
  step 1600/1999 best 16.428
  step 1650/1999 best 16.474
  step 1700/1999 best 16.446
  step 1750/1999 best 16.148
  step 1800/1999 best 16.121
  step 1850/1999 best 16.232
  step 1900/1999 best 16.274
  step 1950/1999 best 16.503
saved SBC_CHAINS_cnn_vmim__n1_seed_s1_sim1994_row1605056_noise8800_8979_9158 (240000, 4) acc=0.255
  step 0/1999 best -10.857
  step 50/1999 best -1.130
  step 100/1999 best -0.536
  step 150/1999 best 0.213
  step 200/1999 best 1.617
  step 250/1999 best 4.078
  step 300/1999 best 14.829
  step 350/1999 best 15.151
  step 400/1999 best 15.632
  step 450/1999 best 14.545
  step 500/1999 best 15.532
  step 550/1999 best 15.470
  step 600/1999 best 16.423
  step 650/1999 best 16.277
  step 700/1999 best 16.097
  step 750/1999 best 15.772
  step 800/1999 best 15.955
  step 850/1999 best 15.448
  step 900/1999 best 16.124
  step 950/1999 best 16.117
  step 1000/1999 best 16.367
  step 1050/1999 best 16.275
  step 1100/1999 best 16.405
  step 1150/1999 best 16.182
  step 1200/1999 best 16.269
  step 1250/1999 best 16.219
  step 1300/1999 best 16.237
  step 1350/1999 best 16.277
  step 1400/1999 best 16.177
  step 1450/1999 best 16.018
  step 1500/1999 best 16.371
  step 1550/1999 best 16.021
  step 1600/1999 best 16.458
  step 1650/1999 best 16.467
  step 1700/1999 best 16.340
  step 1750/1999 best 16.211
  step 1800/1999 best 15.973
  step 1850/1999 best 16.296
  step 1900/1999 best 16.424
  step 1950/1999 best 16.564
saved SBC_CHAINS_cnn_vmim__n1_seed_s1_sim975_row924811_noise2839_3018_3197 (240000, 4) acc=0.166
  step 0/1999 best -18.620
  step 50/1999 best -6.079
  step 100/1999 best 4.257
  step 150/1999 best 4.022
  step 200/1999 best 6.748
  step 250/1999 best 12.535
  step 300/1999 best 12.663
  step 350/1999 best 12.622
  step 400/1999 best 12.854
  step 450/1999 best 13.022
  step 500/1999 best 12.882
  step 550/1999 best 12.948
  step 600/1999 best 12.974
  step 650/1999 best 13.037
  step 700/1999 best 12.869
  step 750/1999 best 12.987
  step 800/1999 best 12.984
  step 850/1999 best 13.018
  step 900/1999 best 12.941
  step 950/1999 best 12.968
  step 1000/1999 best 13.053
  step 1050/1999 best 13.003
  step 1100/1999 best 12.845
  step 1150/1999 best 13.016
  step 1200/1999 best 13.090
  step 1250/1999 best 13.083
  step 1300/1999 best 12.869
  step 1350/1999 best 13.014
  step 1400/1999 best 12.983
  step 1450/1999 best 12.992
  step 1500/1999 best 12.971
  step 1550/1999 best 12.883
  step 1600/1999 best 12.894
  step 1650/1999 best 13.075
  step 1700/1999 best 13.055
  step 1750/1999 best 12.973
  step 1800/1999 best 13.048
  step 1850/1999 best 12.961
  step 1900/1999 best 13.057
  step 1950/1999 best 13.024
saved SBC_CHAINS_cnn_vmim__n1_seed_s1_sim2902_row2497351_noise3091_3270_3449 (240000, 4) acc=0.230
  step 0/1999 best -18.406
  step 50/1999 best 3.747
  step 100/1999 best 8.014
  step 150/1999 best 10.745
  step 200/1999 best 11.661
  step 250/1999 best 11.831
  step 300/1999 best 11.399
  step 350/1999 best 12.081
  step 400/1999 best 12.216
  step 450/1999 best 12.188
  step 500/1999 best 12.106
  step 550/1999 best 12.450
  step 600/1999 best 12.041
  step 650/1999 best 12.296
  step 700/1999 best 12.217
  step 750/1999 best 12.452
  step 800/1999 best 12.221
  step 850/1999 best 12.310
  step 900/1999 best 12.068
  step 950/1999 best 12.288
  step 1000/1999 best 12.242
  step 1050/1999 best 12.249
  step 1100/1999 best 12.096
  step 1150/1999 best 12.138
  step 1200/1999 best 12.014
  step 1250/1999 best 11.959
  step 1300/1999 best 12.157
  step 1350/1999 best 12.288
  step 1400/1999 best 12.219
  step 1450/1999 best 12.078
  step 1500/1999 best 11.575
  step 1550/1999 best 12.432
  step 1600/1999 best 11.985
  step 1650/1999 best 12.373
  step 1700/1999 best 12.371
  step 1750/1999 best 12.196
  step 1800/1999 best 12.412
  step 1850/1999 best 12.252
  step 1900/1999 best 12.108
  step 1950/1999 best 12.240
saved SBC_CHAINS_cnn_vmim__n1_seed_s1_sim2011_row1622397_noise6485_6664_6843 (240000, 4) acc=0.241
  step 0/1999 best 1.877
  step 50/1999 best 3.479
  step 100/1999 best 6.640
  step 150/1999 best 13.394
  step 200/1999 best 12.050
  step 250/1999 best 11.042
  step 300/1999 best 12.315
  step 350/1999 best 13.369
  step 400/1999 best 12.627
  step 450/1999 best 13.574
  step 500/1999 best 13.555
  step 550/1999 best 13.923
  step 600/1999 best 13.545
  step 650/1999 best 13.078
  step 700/1999 best 14.153
  step 750/1999 best 14.015
  step 800/1999 best 14.149
  step 850/1999 best 14.171
  step 900/1999 best 14.451
  step 950/1999 best 14.455
  step 1000/1999 best 14.366
  step 1050/1999 best 14.253
  step 1100/1999 best 14.267
  step 1150/1999 best 14.085
  step 1200/1999 best 14.442
  step 1250/1999 best 14.254
  step 1300/1999 best 14.083
  step 1350/1999 best 14.009
  step 1400/1999 best 14.434
  step 1450/1999 best 14.159
  step 1500/1999 best 14.366
  step 1550/1999 best 14.398
  step 1600/1999 best 13.968
  step 1650/1999 best 14.279
  step 1700/1999 best 14.342
  step 1750/1999 best 14.367
  step 1800/1999 best 14.369
  step 1850/1999 best 14.407
  step 1900/1999 best 14.348
  step 1950/1999 best 14.405
saved SBC_CHAINS_cnn_vmim__n1_seed_s1_sim452_row430321_noise233_412_591 (240000, 4) acc=0.318
  step 0/1999 best -14.061
  step 50/1999 best 9.624
  step 100/1999 best 10.816
  step 150/1999 best 11.088
  step 200/1999 best 10.959
  step 250/1999 best 10.868
  step 300/1999 best 11.036
  step 350/1999 best 11.183
  step 400/1999 best 11.142
  step 450/1999 best 11.065
  step 500/1999 best 11.071
  step 550/1999 best 11.019
  step 600/1999 best 11.193
  step 650/1999 best 11.005
  step 700/1999 best 11.068
  step 750/1999 best 11.099
  step 800/1999 best 11.016
  step 850/1999 best 10.962
  step 900/1999 best 11.007
  step 950/1999 best 11.158
  step 1000/1999 best 11.076
  step 1050/1999 best 11.168
  step 1100/1999 best 11.083
  step 1150/1999 best 11.102
  step 1200/1999 best 11.038
  step 1250/1999 best 11.108
  step 1300/1999 best 10.956
  step 1350/1999 best 11.057
  step 1400/1999 best 11.119
  step 1450/1999 best 11.122
  step 1500/1999 best 11.139
  step 1550/1999 best 11.176
  step 1600/1999 best 11.132
  step 1650/1999 best 11.117
  step 1700/1999 best 11.167
  step 1750/1999 best 11.087
  step 1800/1999 best 11.126
  step 1850/1999 best 11.059
  step 1900/1999 best 11.161
  step 1950/1999 best 11.135
saved SBC_CHAINS_cnn_vmim__n1_seed_s1_sim2853_row2448375_noise3255_3434_3613 (240000, 4) acc=0.352
  step 0/1999 best -17.030
  step 50/1999 best -2.953
  step 100/1999 best 10.572
  step 150/1999 best 11.694
  step 200/1999 best 12.283
  step 250/1999 best 12.451
  step 300/1999 best 12.491
  step 350/1999 best 12.366
  step 400/1999 best 12.385
  step 450/1999 best 12.329
  step 500/1999 best 12.278
  step 550/1999 best 12.415
  step 600/1999 best 12.488
  step 650/1999 best 12.409
  step 700/1999 best 12.411
  step 750/1999 best 12.266
  step 800/1999 best 12.188
  step 850/1999 best 12.336
  step 900/1999 best 12.195
  step 950/1999 best 12.436
  step 1000/1999 best 12.380
  step 1050/1999 best 12.368
  step 1100/1999 best 12.360
  step 1150/1999 best 12.361
  step 1200/1999 best 12.426
  step 1250/1999 best 12.353
  step 1300/1999 best 12.323
  step 1350/1999 best 12.220
  step 1400/1999 best 12.445
  step 1450/1999 best 12.351
  step 1500/1999 best 12.211
  step 1550/1999 best 12.362
  step 1600/1999 best 12.395
  step 1650/1999 best 12.427
  step 1700/1999 best 12.270
  step 1750/1999 best 12.499
  step 1800/1999 best 12.225
  step 1850/1999 best 12.452
  step 1900/1999 best 12.421
  step 1950/1999 best 12.462
saved SBC_CHAINS_cnn_vmim__n1_seed_s1_sim2995_row2590054_noise7342_7521_7700 (240000, 4) acc=0.350
  step 0/1999 best -12.583
  step 50/1999 best 6.760
  step 100/1999 best 13.185
  step 150/1999 best 13.348
  step 200/1999 best 13.516
  step 250/1999 best 13.541
  step 300/1999 best 13.608
  step 350/1999 best 13.369
  step 400/1999 best 13.485
  step 450/1999 best 13.664
  step 500/1999 best 13.577
  step 550/1999 best 13.562
  step 600/1999 best 13.470
  step 650/1999 best 13.511
  step 700/1999 best 13.590
  step 750/1999 best 13.591
  step 800/1999 best 13.672
  step 850/1999 best 13.603
  step 900/1999 best 13.680
  step 950/1999 best 13.484
  step 1000/1999 best 13.506
  step 1050/1999 best 13.343
  step 1100/1999 best 13.258
  step 1150/1999 best 13.667
  step 1200/1999 best 13.557
  step 1250/1999 best 13.623
  step 1300/1999 best 13.592
  step 1350/1999 best 13.501
  step 1400/1999 best 13.678
  step 1450/1999 best 13.458
  step 1500/1999 best 13.510
  step 1550/1999 best 13.372
  step 1600/1999 best 13.652
  step 1650/1999 best 13.581
  step 1700/1999 best 13.507
  step 1750/1999 best 13.668
  step 1800/1999 best 13.707
  step 1850/1999 best 13.659
  step 1900/1999 best 13.694
  step 1950/1999 best 13.577
saved SBC_CHAINS_cnn_vmim__n1_seed_s1_sim921_row870549_noise7545_7724_7903 (240000, 4) acc=0.259
  step 0/1999 best -12.875
  step 50/1999 best -6.624
  step 100/1999 best -5.072
  step 150/1999 best -4.964
  step 200/1999 best -4.964
  step 250/1999 best -2.309
  step 300/1999 best -1.019
  step 350/1999 best 4.315
  step 400/1999 best 6.073
  step 450/1999 best 6.648
  step 500/1999 best 6.648
  step 550/1999 best 6.648
  step 600/1999 best 6.648
  step 650/1999 best 6.769
  step 700/1999 best 5.962
  step 750/1999 best 12.564
  step 800/1999 best 16.829
  step 850/1999 best 16.829
  step 900/1999 best 16.617
  step 950/1999 best 16.369
  step 1000/1999 best 16.281
  step 1050/1999 best 16.281
  step 1100/1999 best 15.545
  step 1150/1999 best 15.545
  step 1200/1999 best 16.448
  step 1250/1999 best 16.465
  step 1300/1999 best 17.637
  step 1350/1999 best 17.637
  step 1400/1999 best 17.081
  step 1450/1999 best 17.679
  step 1500/1999 best 17.998
  step 1550/1999 best 18.003
  step 1600/1999 best 17.595
  step 1650/1999 best 17.525
  step 1700/1999 best 17.092
  step 1750/1999 best 17.528
  step 1800/1999 best 17.772
  step 1850/1999 best 17.690
  step 1900/1999 best 17.500
  step 1950/1999 best 17.131
saved SBC_CHAINS_cnn_vmim__n1_seed_s1_sim178_row169670_noise1766_1945_2124 (240000, 4) acc=0.190
  step 0/1999 best -11.779
  step 50/1999 best -2.002
  step 100/1999 best 5.335
  step 150/1999 best 6.690
  step 200/1999 best 6.429
  step 250/1999 best 12.543
  step 300/1999 best 13.623
  step 350/1999 best 14.903
  step 400/1999 best 15.225
  step 450/1999 best 14.848
  step 500/1999 best 15.646
  step 550/1999 best 15.313
  step 600/1999 best 15.543
  step 650/1999 best 15.613
  step 700/1999 best 15.341
  step 750/1999 best 15.763
  step 800/1999 best 15.342
  step 850/1999 best 15.342
  step 900/1999 best 15.824
  step 950/1999 best 15.735
  step 1000/1999 best 15.586
  step 1050/1999 best 15.871
  step 1100/1999 best 15.638
  step 1150/1999 best 15.631
  step 1200/1999 best 15.140
  step 1250/1999 best 15.583
  step 1300/1999 best 15.853
  step 1350/1999 best 15.173
  step 1400/1999 best 15.676
  step 1450/1999 best 15.843
  step 1500/1999 best 15.168
  step 1550/1999 best 15.725
  step 1600/1999 best 15.581
  step 1650/1999 best 15.649
  step 1700/1999 best 15.441
  step 1750/1999 best 15.765
  step 1800/1999 best 15.604
  step 1850/1999 best 15.779
  step 1900/1999 best 15.574
  step 1950/1999 best 15.684
saved SBC_CHAINS_cnn_vmim__n1_seed_s1_sim962_row911270_noise8954_9133_9312 (240000, 4) acc=0.139
  step 0/1999 best -22.618
  step 50/1999 best 4.257
  step 100/1999 best 11.112
  step 150/1999 best 11.296
  step 200/1999 best 11.442
  step 250/1999 best 11.455
  step 300/1999 best 11.468
  step 350/1999 best 11.435
  step 400/1999 best 11.509
  step 450/1999 best 11.467
  step 500/1999 best 11.426
  step 550/1999 best 11.531
  step 600/1999 best 11.500
  step 650/1999 best 11.513
  step 700/1999 best 11.483
  step 750/1999 best 11.479
  step 800/1999 best 11.450
  step 850/1999 best 11.296
  step 900/1999 best 11.476
  step 950/1999 best 11.458
  step 1000/1999 best 11.508
  step 1050/1999 best 11.373
  step 1100/1999 best 11.511
  step 1150/1999 best 11.453
  step 1200/1999 best 11.486
  step 1250/1999 best 11.481
  step 1300/1999 best 11.537
  step 1350/1999 best 11.495
  step 1400/1999 best 11.526
  step 1450/1999 best 11.567
  step 1500/1999 best 11.465
  step 1550/1999 best 11.476
  step 1600/1999 best 11.449
  step 1650/1999 best 11.499
  step 1700/1999 best 11.497
  step 1750/1999 best 11.507
  step 1800/1999 best 11.511
  step 1850/1999 best 11.380
  step 1900/1999 best 11.506
  step 1950/1999 best 11.430
saved SBC_CHAINS_cnn_vmim__n1_seed_s1_sim673_row624627_noise5323_5502_5681 (240000, 4) acc=0.364
  step 0/1999 best -15.506
  step 50/1999 best 2.617
  step 100/1999 best 5.201
  step 150/1999 best 6.334
  step 200/1999 best 10.863
  step 250/1999 best 11.250
  step 300/1999 best 11.387
  step 350/1999 best 11.452
  step 400/1999 best 14.781
  step 450/1999 best 15.292
  step 500/1999 best 15.385
  step 550/1999 best 15.265
  step 600/1999 best 15.586
  step 650/1999 best 15.215
  step 700/1999 best 15.459
  step 750/1999 best 15.674
  step 800/1999 best 15.804
  step 850/1999 best 15.497
  step 900/1999 best 15.682
  step 950/1999 best 15.557
  step 1000/1999 best 15.519
  step 1050/1999 best 15.719
  step 1100/1999 best 15.237
  step 1150/1999 best 15.737
  step 1200/1999 best 15.688
  step 1250/1999 best 15.866
  step 1300/1999 best 15.662
  step 1350/1999 best 15.698
  step 1400/1999 best 15.873
  step 1450/1999 best 15.823
  step 1500/1999 best 15.659
  step 1550/1999 best 15.624
  step 1600/1999 best 15.675
  step 1650/1999 best 15.736
  step 1700/1999 best 15.804
  step 1750/1999 best 15.512
  step 1800/1999 best 15.783
  step 1850/1999 best 15.921
  step 1900/1999 best 15.435
  step 1950/1999 best 15.764
saved SBC_CHAINS_cnn_vmim__n1_seed_s1_sim2528_row2127459_noise2663_2842_3021 (240000, 4) acc=0.123
  step 0/1999 best -13.753
  step 50/1999 best -4.354
  step 100/1999 best -3.935
  step 150/1999 best -0.912
  step 200/1999 best 2.341
  step 250/1999 best 5.329
  step 300/1999 best 5.065
  step 350/1999 best 11.892
  step 400/1999 best 11.892
  step 450/1999 best 11.384
  step 500/1999 best 11.384
  step 550/1999 best 12.701
  step 600/1999 best 12.275
  step 650/1999 best 15.401
  step 700/1999 best 15.224
  step 750/1999 best 15.224
  step 800/1999 best 15.244
  step 850/1999 best 15.244
  step 900/1999 best 14.774
  step 950/1999 best 15.066
  step 1000/1999 best 15.081
  step 1050/1999 best 15.236
  step 1100/1999 best 15.576
  step 1150/1999 best 14.945
  step 1200/1999 best 15.537
  step 1250/1999 best 15.386
  step 1300/1999 best 15.681
  step 1350/1999 best 15.416
  step 1400/1999 best 14.938
  step 1450/1999 best 15.384
  step 1500/1999 best 15.531
  step 1550/1999 best 15.535
  step 1600/1999 best 15.228
  step 1650/1999 best 15.093
  step 1700/1999 best 15.427
  step 1750/1999 best 15.555
  step 1800/1999 best 15.443
  step 1850/1999 best 15.321
  step 1900/1999 best 15.206
  step 1950/1999 best 15.429
saved SBC_CHAINS_cnn_vmim__n1_seed_s1_sim2365_row1964408_noise6688_6867_7046 (240000, 4) acc=0.132
  step 0/1999 best -7.432
  step 50/1999 best 5.542
  step 100/1999 best 13.531
  step 150/1999 best 13.111
  step 200/1999 best 15.417
  step 250/1999 best 16.395
  step 300/1999 best 16.199
  step 350/1999 best 16.305
  step 400/1999 best 16.199
  step 450/1999 best 16.025
  step 500/1999 best 16.135
  step 550/1999 best 16.367
  step 600/1999 best 16.501
  step 650/1999 best 16.240
  step 700/1999 best 16.147
  step 750/1999 best 16.419
  step 800/1999 best 16.540
  step 850/1999 best 16.450
  step 900/1999 best 16.488
  step 950/1999 best 16.344
  step 1000/1999 best 16.393
  step 1050/1999 best 16.417
  step 1100/1999 best 16.390
  step 1150/1999 best 16.429
  step 1200/1999 best 16.463
  step 1250/1999 best 16.337
  step 1300/1999 best 16.439
  step 1350/1999 best 16.485
  step 1400/1999 best 16.281
  step 1450/1999 best 16.325
  step 1500/1999 best 16.455
  step 1550/1999 best 16.277
  step 1600/1999 best 16.427
  step 1650/1999 best 16.406
  step 1700/1999 best 16.437
  step 1750/1999 best 16.177
  step 1800/1999 best 16.404
  step 1850/1999 best 16.372
  step 1900/1999 best 16.519
  step 1950/1999 best 16.517
saved SBC_CHAINS_cnn_vmim__n1_seed_s1_sim910_row859642_noise6466_6645_6824 (240000, 4) acc=0.207
  step 0/1999 best -17.479
  step 50/1999 best -1.950
  step 100/1999 best -0.664
  step 150/1999 best -0.669
  step 200/1999 best -0.838
  step 250/1999 best 0.675
  step 300/1999 best 2.829
  step 350/1999 best 2.829
  step 400/1999 best 3.946
  step 450/1999 best 8.355
  step 500/1999 best 6.726
  step 550/1999 best 9.484
  step 600/1999 best 9.093
  step 650/1999 best 13.047
  step 700/1999 best 16.486
  step 750/1999 best 16.271
  step 800/1999 best 15.860
  step 850/1999 best 17.177
  step 900/1999 best 16.948
  step 950/1999 best 17.177
  step 1000/1999 best 16.480
  step 1050/1999 best 17.039
  step 1100/1999 best 17.365
  step 1150/1999 best 17.361
  step 1200/1999 best 17.157
  step 1250/1999 best 17.044
  step 1300/1999 best 17.139
  step 1350/1999 best 17.071
  step 1400/1999 best 17.146
  step 1450/1999 best 17.098
  step 1500/1999 best 17.324
  step 1550/1999 best 17.327
  step 1600/1999 best 17.455
  step 1650/1999 best 17.079
  step 1700/1999 best 17.318
  step 1750/1999 best 17.441
  step 1800/1999 best 17.110
  step 1850/1999 best 16.929
  step 1900/1999 best 17.269
  step 1950/1999 best 17.192
saved SBC_CHAINS_cnn_vmim__n1_seed_s1_sim428_row406915_noise6311_6490_6669 (240000, 4) acc=0.235
  step 0/1999 best -16.740
  step 50/1999 best 4.192
  step 100/1999 best 17.076
  step 150/1999 best 17.484
  step 200/1999 best 17.762
  step 250/1999 best 16.450
  step 300/1999 best 17.062
  step 350/1999 best 16.961
  step 400/1999 best 17.322
  step 450/1999 best 17.536
  step 500/1999 best 17.655
  step 550/1999 best 17.646
  step 600/1999 best 17.668
  step 650/1999 best 17.593
  step 700/1999 best 17.556
  step 750/1999 best 17.724
  step 800/1999 best 17.717
  step 850/1999 best 17.707
  step 900/1999 best 17.566
  step 950/1999 best 17.662
  step 1000/1999 best 17.666
  step 1050/1999 best 17.459
  step 1100/1999 best 17.540
  step 1150/1999 best 17.628
  step 1200/1999 best 17.653
  step 1250/1999 best 17.511
  step 1300/1999 best 17.757
  step 1350/1999 best 17.655
  step 1400/1999 best 17.684
  step 1450/1999 best 17.496
  step 1500/1999 best 17.732
  step 1550/1999 best 17.723
  step 1600/1999 best 17.725
  step 1650/1999 best 17.651
  step 1700/1999 best 17.730
  step 1750/1999 best 17.664
  step 1800/1999 best 17.657
  step 1850/1999 best 17.709
  step 1900/1999 best 17.379
  step 1950/1999 best 17.644
saved SBC_CHAINS_cnn_vmim__n1_seed_s1_sim1216_row1034406_noise7562_7741_7920 (240000, 4) acc=0.217
  step 0/1999 best -8.131
  step 50/1999 best 5.011
  step 100/1999 best 6.965
  step 150/1999 best 8.548
  step 200/1999 best 14.613
  step 250/1999 best 14.623
  step 300/1999 best 14.493
  step 350/1999 best 14.411
  step 400/1999 best 14.850
  step 450/1999 best 14.879
  step 500/1999 best 14.569
  step 550/1999 best 14.828
  step 600/1999 best 14.849
  step 650/1999 best 14.955
  step 700/1999 best 14.838
  step 750/1999 best 14.888
  step 800/1999 best 14.675
  step 850/1999 best 14.713
  step 900/1999 best 15.036
  step 950/1999 best 14.779
  step 1000/1999 best 14.863
  step 1050/1999 best 14.915
  step 1100/1999 best 14.828
  step 1150/1999 best 14.936
  step 1200/1999 best 14.735
  step 1250/1999 best 14.903
  step 1300/1999 best 14.950
  step 1350/1999 best 14.755
  step 1400/1999 best 14.575
  step 1450/1999 best 14.811
  step 1500/1999 best 14.809
  step 1550/1999 best 14.807
  step 1600/1999 best 14.835
  step 1650/1999 best 14.783
  step 1700/1999 best 14.837
  step 1750/1999 best 14.829
  step 1800/1999 best 14.958
  step 1850/1999 best 14.982
  step 1900/1999 best 14.898
  step 1950/1999 best 14.928
saved SBC_CHAINS_cnn_vmim__n1_seed_s1_sim289_row275122_noise4110_4289_4468 (240000, 4) acc=0.243
  step 0/1999 best -16.313
  step 50/1999 best -2.265
  step 100/1999 best 8.242
  step 150/1999 best 9.419
  step 200/1999 best 9.393
  step 250/1999 best 9.510
  step 300/1999 best 9.236
  step 350/1999 best 9.633
  step 400/1999 best 9.592
  step 450/1999 best 9.570
  step 500/1999 best 9.540
  step 550/1999 best 9.675
  step 600/1999 best 9.702
  step 650/1999 best 9.544
  step 700/1999 best 9.517
  step 750/1999 best 9.694
  step 800/1999 best 9.514
  step 850/1999 best 9.524
  step 900/1999 best 9.479
  step 950/1999 best 9.495
  step 1000/1999 best 9.507
  step 1050/1999 best 9.457
  step 1100/1999 best 9.563
  step 1150/1999 best 9.619
  step 1200/1999 best 9.592
  step 1250/1999 best 9.601
  step 1300/1999 best 9.544
  step 1350/1999 best 9.365
  step 1400/1999 best 9.651
  step 1450/1999 best 9.485
  step 1500/1999 best 9.516
  step 1550/1999 best 9.660
  step 1600/1999 best 9.534
  step 1650/1999 best 9.581
  step 1700/1999 best 9.621
  step 1750/1999 best 9.616
  step 1800/1999 best 9.664
  step 1850/1999 best 9.639
  step 1900/1999 best 9.567
  step 1950/1999 best 9.509
saved SBC_CHAINS_cnn_vmim__n1_seed_s1_sim2839_row2434295_noise8831_9010_9189 (240000, 4) acc=0.339
  step 0/1999 best -20.781
  step 50/1999 best 5.034
  step 100/1999 best 12.071
  step 150/1999 best 12.819
  step 200/1999 best 13.088
  step 250/1999 best 13.178
  step 300/1999 best 13.190
  step 350/1999 best 13.151
  step 400/1999 best 13.229
  step 450/1999 best 12.986
  step 500/1999 best 13.023
  step 550/1999 best 13.165
  step 600/1999 best 13.020
  step 650/1999 best 13.008
  step 700/1999 best 13.140
  step 750/1999 best 13.117
  step 800/1999 best 13.161
  step 850/1999 best 13.103
  step 900/1999 best 13.042
  step 950/1999 best 12.959
  step 1000/1999 best 13.126
  step 1050/1999 best 13.168
  step 1100/1999 best 13.240
  step 1150/1999 best 13.134
  step 1200/1999 best 13.230
  step 1250/1999 best 13.001
  step 1300/1999 best 13.136
  step 1350/1999 best 13.174
  step 1400/1999 best 13.183
  step 1450/1999 best 13.188
  step 1500/1999 best 13.067
  step 1550/1999 best 13.213
  step 1600/1999 best 13.202
  step 1650/1999 best 13.086
  step 1700/1999 best 13.044
  step 1750/1999 best 13.069
  step 1800/1999 best 13.244
  step 1850/1999 best 13.016
  step 1900/1999 best 13.212
  step 1950/1999 best 13.122
saved SBC_CHAINS_cnn_vmim__n1_seed_s1_sim3074_row2669123_noise7787_7966_8145 (240000, 4) acc=0.295
  step 0/1999 best -13.295
  step 50/1999 best 8.900
  step 100/1999 best 7.554
  step 150/1999 best 16.110
  step 200/1999 best 16.458
  step 250/1999 best 16.536
  step 300/1999 best 16.692
  step 350/1999 best 16.816
  step 400/1999 best 16.839
  step 450/1999 best 17.017
  step 500/1999 best 16.830
  step 550/1999 best 16.607
  step 600/1999 best 16.903
  step 650/1999 best 16.908
  step 700/1999 best 16.962
  step 750/1999 best 16.886
  step 800/1999 best 16.946
  step 850/1999 best 16.932
  step 900/1999 best 16.939
  step 950/1999 best 16.841
  step 1000/1999 best 16.936
  step 1050/1999 best 16.994
  step 1100/1999 best 16.822
  step 1150/1999 best 16.846
  step 1200/1999 best 16.790
  step 1250/1999 best 16.862
  step 1300/1999 best 16.755
  step 1350/1999 best 16.904
  step 1400/1999 best 16.914
  step 1450/1999 best 16.945
  step 1500/1999 best 16.882
  step 1550/1999 best 16.807
  step 1600/1999 best 16.909
  step 1650/1999 best 16.848
  step 1700/1999 best 16.948
  step 1750/1999 best 16.810
  step 1800/1999 best 16.946
  step 1850/1999 best 16.949
  step 1900/1999 best 16.846
  step 1950/1999 best 16.761
saved SBC_CHAINS_cnn_vmim__n1_seed_s1_sim826_row775349_noise797_976_1155 (240000, 4) acc=0.269
  step 0/1999 best -16.872
  step 50/1999 best -0.927
  step 100/1999 best 0.627
  step 150/1999 best 1.115
  step 200/1999 best 2.987
  step 250/1999 best 10.493
  step 300/1999 best 11.274
  step 350/1999 best 15.134
  step 400/1999 best 15.967
  step 450/1999 best 16.183
  step 500/1999 best 16.001
  step 550/1999 best 16.324
  step 600/1999 best 16.533
  step 650/1999 best 16.493
  step 700/1999 best 16.559
  step 750/1999 best 16.729
  step 800/1999 best 16.676
  step 850/1999 best 16.506
  step 900/1999 best 16.623
  step 950/1999 best 16.653
  step 1000/1999 best 16.473
  step 1050/1999 best 16.724
  step 1100/1999 best 16.476
  step 1150/1999 best 16.737
  step 1200/1999 best 16.290
  step 1250/1999 best 16.714
  step 1300/1999 best 16.422
  step 1350/1999 best 16.509
  step 1400/1999 best 16.395
  step 1450/1999 best 16.636
  step 1500/1999 best 16.416
  step 1550/1999 best 16.586
  step 1600/1999 best 16.679
  step 1650/1999 best 16.506
  step 1700/1999 best 16.539
  step 1750/1999 best 16.598
  step 1800/1999 best 16.681
  step 1850/1999 best 16.611
  step 1900/1999 best 16.613
  step 1950/1999 best 16.563
saved SBC_CHAINS_cnn_vmim__n1_seed_s1_sim886_row835795_noise2275_2454_2633 (240000, 4) acc=0.183
  step 0/1999 best -9.530
  step 50/1999 best 3.664
  step 100/1999 best 7.160
  step 150/1999 best 8.055
  step 200/1999 best 9.789
  step 250/1999 best 12.158
  step 300/1999 best 12.571
  step 350/1999 best 12.554
  step 400/1999 best 12.511
  step 450/1999 best 12.412
  step 500/1999 best 12.378
  step 550/1999 best 12.445
  step 600/1999 best 12.562
  step 650/1999 best 12.524
  step 700/1999 best 12.508
  step 750/1999 best 12.596
  step 800/1999 best 12.575
  step 850/1999 best 12.466
  step 900/1999 best 12.495
  step 950/1999 best 12.382
  step 1000/1999 best 12.531
  step 1050/1999 best 12.428
  step 1100/1999 best 12.423
  step 1150/1999 best 12.584
  step 1200/1999 best 12.367
  step 1250/1999 best 12.568
  step 1300/1999 best 12.526
  step 1350/1999 best 12.558
  step 1400/1999 best 12.354
  step 1450/1999 best 12.585
  step 1500/1999 best 12.510
  step 1550/1999 best 12.394
  step 1600/1999 best 12.482
  step 1650/1999 best 12.437
  step 1700/1999 best 12.579
  step 1750/1999 best 12.450
  step 1800/1999 best 12.435
  step 1850/1999 best 12.403
  step 1900/1999 best 12.539
  step 1950/1999 best 12.448
saved SBC_CHAINS_cnn_vmim__n1_seed_s1_sim3022_row2617953_noise5757_5936_6115 (240000, 4) acc=0.349
  step 0/1999 best -14.986
  step 50/1999 best -1.943
  step 100/1999 best 1.993
  step 150/1999 best 9.377
  step 200/1999 best 11.731
  step 250/1999 best 14.066
  step 300/1999 best 14.391
  step 350/1999 best 14.422
  step 400/1999 best 14.617
  step 450/1999 best 14.397
  step 500/1999 best 14.693
  step 550/1999 best 14.459
  step 600/1999 best 14.591
  step 650/1999 best 14.540
  step 700/1999 best 14.659
  step 750/1999 best 14.687
  step 800/1999 best 14.341
  step 850/1999 best 14.511
  step 900/1999 best 14.485
  step 950/1999 best 14.622
  step 1000/1999 best 14.521
  step 1050/1999 best 14.412
  step 1100/1999 best 14.574
  step 1150/1999 best 14.631
  step 1200/1999 best 14.661
  step 1250/1999 best 14.467
  step 1300/1999 best 14.504
  step 1350/1999 best 14.684
  step 1400/1999 best 14.490
  step 1450/1999 best 14.626
  step 1500/1999 best 14.427
  step 1550/1999 best 14.639
  step 1600/1999 best 14.651
  step 1650/1999 best 14.515
  step 1700/1999 best 14.512
  step 1750/1999 best 14.391
  step 1800/1999 best 14.623
  step 1850/1999 best 14.512
  step 1900/1999 best 14.714
  step 1950/1999 best 14.708
saved SBC_CHAINS_cnn_vmim__n1_seed_s1_sim2474_row2073468_noise7640_7819_7998 (240000, 4) acc=0.196
  step 0/1999 best -13.234
  step 50/1999 best -3.108
  step 100/1999 best -3.094
  step 150/1999 best -1.854
  step 200/1999 best -1.686
  step 250/1999 best -0.365
  step 300/1999 best 0.887
  step 350/1999 best 0.887
  step 400/1999 best 0.587
  step 450/1999 best 2.575
  step 500/1999 best 4.341
  step 550/1999 best 4.341
  step 600/1999 best 12.887
  step 650/1999 best 12.992
  step 700/1999 best 12.992
  step 750/1999 best 13.157
  step 800/1999 best 13.157
  step 850/1999 best 13.157
  step 900/1999 best 13.595
  step 950/1999 best 12.668
  step 1000/1999 best 12.360
  step 1050/1999 best 12.078
  step 1100/1999 best 11.183
  step 1150/1999 best 13.799
  step 1200/1999 best 13.517
  step 1250/1999 best 13.772
  step 1300/1999 best 13.568
  step 1350/1999 best 12.566
  step 1400/1999 best 12.464
  step 1450/1999 best 11.581
  step 1500/1999 best 11.581
  step 1550/1999 best 11.581
  step 1600/1999 best 12.814
  step 1650/1999 best 12.814
  step 1700/1999 best 12.814
  step 1750/1999 best 12.486
  step 1800/1999 best 11.985
  step 1850/1999 best 11.985
  step 1900/1999 best 11.985
  step 1950/1999 best 13.011
saved SBC_CHAINS_cnn_vmim__n1_seed_s1_sim2588_row2187658_noise3894_4073_4252 (240000, 4) acc=0.175
  step 0/1999 best -18.992
  step 50/1999 best 0.121
  step 100/1999 best 6.219
  step 150/1999 best 7.011
  step 200/1999 best 7.024
  step 250/1999 best 7.172
  step 300/1999 best 6.975
  step 350/1999 best 7.022
  step 400/1999 best 7.069
  step 450/1999 best 7.133
  step 500/1999 best 7.039
  step 550/1999 best 7.139
  step 600/1999 best 7.139
  step 650/1999 best 7.192
  step 700/1999 best 7.181
  step 750/1999 best 7.036
  step 800/1999 best 7.074
  step 850/1999 best 7.151
  step 900/1999 best 7.192
  step 950/1999 best 7.214
  step 1000/1999 best 7.127
  step 1050/1999 best 7.143
  step 1100/1999 best 7.042
  step 1150/1999 best 7.208
  step 1200/1999 best 7.159
  step 1250/1999 best 7.227
  step 1300/1999 best 7.242
  step 1350/1999 best 7.167
  step 1400/1999 best 7.211
  step 1450/1999 best 7.257
  step 1500/1999 best 7.147
  step 1550/1999 best 7.163
  step 1600/1999 best 7.037
  step 1650/1999 best 6.903
  step 1700/1999 best 7.129
  step 1750/1999 best 7.166
  step 1800/1999 best 7.159
  step 1850/1999 best 7.167
  step 1900/1999 best 7.161
  step 1950/1999 best 7.024
saved SBC_CHAINS_cnn_vmim__n1_seed_s1_sim685_row636543_noise7411_7590_7769 (240000, 4) acc=0.303
  step 0/1999 best -17.491
  step 50/1999 best 11.486
  step 100/1999 best 10.641
  step 150/1999 best 12.240
  step 200/1999 best 12.539
  step 250/1999 best 12.554
  step 300/1999 best 12.485
  step 350/1999 best 12.503
  step 400/1999 best 12.462
  step 450/1999 best 12.390
  step 500/1999 best 12.480
  step 550/1999 best 12.406
  step 600/1999 best 12.386
  step 650/1999 best 12.496
  step 700/1999 best 12.449
  step 750/1999 best 12.412
  step 800/1999 best 12.402
  step 850/1999 best 12.408
  step 900/1999 best 12.447
  step 950/1999 best 12.474
  step 1000/1999 best 12.443
  step 1050/1999 best 12.169
  step 1100/1999 best 12.423
  step 1150/1999 best 12.497
  step 1200/1999 best 12.377
  step 1250/1999 best 12.473
  step 1300/1999 best 12.347
  step 1350/1999 best 12.358
  step 1400/1999 best 12.323
  step 1450/1999 best 12.440
  step 1500/1999 best 12.467
  step 1550/1999 best 12.306
  step 1600/1999 best 12.561
  step 1650/1999 best 12.293
  step 1700/1999 best 12.336
  step 1750/1999 best 12.482
  step 1800/1999 best 12.388
  step 1850/1999 best 12.344
  step 1900/1999 best 12.481
  step 1950/1999 best 12.471
saved SBC_CHAINS_cnn_vmim__n1_seed_s1_sim3085_row2680362_noise9198_9377_9556 (240000, 4) acc=0.241
  step 0/1999 best -11.545
  step 50/1999 best 3.719
  step 100/1999 best 3.644
  step 150/1999 best 3.644
  step 200/1999 best 12.846
  step 250/1999 best 15.336
  step 300/1999 best 15.401
  step 350/1999 best 16.129
  step 400/1999 best 16.284
  step 450/1999 best 16.116
  step 500/1999 best 14.922
  step 550/1999 best 16.109
  step 600/1999 best 16.136
  step 650/1999 best 15.699
  step 700/1999 best 15.874
  step 750/1999 best 15.795
  step 800/1999 best 15.822
  step 850/1999 best 14.990
  step 900/1999 best 15.829
  step 950/1999 best 16.080
  step 1000/1999 best 15.952
  step 1050/1999 best 16.179
  step 1100/1999 best 15.995
  step 1150/1999 best 16.039
  step 1200/1999 best 15.892
  step 1250/1999 best 15.682
  step 1300/1999 best 16.330
  step 1350/1999 best 16.345
  step 1400/1999 best 15.997
  step 1450/1999 best 16.048
  step 1500/1999 best 16.373
  step 1550/1999 best 15.695
  step 1600/1999 best 15.963
  step 1650/1999 best 16.053
  step 1700/1999 best 16.356
  step 1750/1999 best 16.196
  step 1800/1999 best 15.862
  step 1850/1999 best 16.017
  step 1900/1999 best 15.972
  step 1950/1999 best 16.145
saved SBC_CHAINS_cnn_vmim__n1_seed_s1_sim2542_row2141145_noise6521_6700_6879 (240000, 4) acc=0.135
  step 0/1999 best -14.699
  step 50/1999 best -2.426
  step 100/1999 best 6.306
  step 150/1999 best 6.948
  step 200/1999 best 10.704
  step 250/1999 best 10.779
  step 300/1999 best 10.716
  step 350/1999 best 11.538
  step 400/1999 best 11.966
  step 450/1999 best 11.966
  step 500/1999 best 13.811
  step 550/1999 best 13.434
  step 600/1999 best 14.969
  step 650/1999 best 14.849
  step 700/1999 best 14.471
  step 750/1999 best 15.058
  step 800/1999 best 14.803
  step 850/1999 best 15.222
  step 900/1999 best 15.025
  step 950/1999 best 15.215
  step 1000/1999 best 15.107
  step 1050/1999 best 15.123
  step 1100/1999 best 15.165
  step 1150/1999 best 14.992
  step 1200/1999 best 15.231
  step 1250/1999 best 15.097
  step 1300/1999 best 15.229
  step 1350/1999 best 14.859
  step 1400/1999 best 15.023
  step 1450/1999 best 14.980
  step 1500/1999 best 15.204
  step 1550/1999 best 15.251
  step 1600/1999 best 15.298
  step 1650/1999 best 15.171
  step 1700/1999 best 15.278
  step 1750/1999 best 14.968
  step 1800/1999 best 15.215
  step 1850/1999 best 15.279
  step 1900/1999 best 15.197
  step 1950/1999 best 15.151
saved SBC_CHAINS_cnn_vmim__n1_seed_s1_sim640_row593102_noise1282_1461_1640 (240000, 4) acc=0.201
  step 0/1999 best -1.744
  step 50/1999 best -2.728
  step 100/1999 best 3.364
  step 150/1999 best 11.735
  step 200/1999 best 11.926
  step 250/1999 best 14.157
  step 300/1999 best 13.967
  step 350/1999 best 14.056
  step 400/1999 best 14.118
  step 450/1999 best 14.159
  step 500/1999 best 14.106
  step 550/1999 best 14.117
  step 600/1999 best 14.091
  step 650/1999 best 14.065
  step 700/1999 best 14.072
  step 750/1999 best 14.139
  step 800/1999 best 14.032
  step 850/1999 best 14.116
  step 900/1999 best 14.167
  step 950/1999 best 14.092
  step 1000/1999 best 14.147
  step 1050/1999 best 14.180
  step 1100/1999 best 14.103
  step 1150/1999 best 14.161
  step 1200/1999 best 14.101
  step 1250/1999 best 13.983
  step 1300/1999 best 14.087
  step 1350/1999 best 14.122
  step 1400/1999 best 14.145
  step 1450/1999 best 14.013
  step 1500/1999 best 14.190
  step 1550/1999 best 14.197
  step 1600/1999 best 14.125
  step 1650/1999 best 14.095
  step 1700/1999 best 14.144
  step 1750/1999 best 14.051
  step 1800/1999 best 14.135
  step 1850/1999 best 14.082
  step 1900/1999 best 14.157
  step 1950/1999 best 14.103
saved SBC_CHAINS_cnn_vmim__n1_seed_s1_sim3082_row2677109_noise5945_6124_6303 (240000, 4) acc=0.312
  step 0/1999 best -13.281
  step 50/1999 best 3.970
  step 100/1999 best 7.706
  step 150/1999 best 7.700
  step 200/1999 best 7.607
  step 250/1999 best 7.657
  step 300/1999 best 7.597
  step 350/1999 best 7.752
  step 400/1999 best 7.739
  step 450/1999 best 7.822
  step 500/1999 best 7.786
  step 550/1999 best 7.707
  step 600/1999 best 7.751
  step 650/1999 best 7.727
  step 700/1999 best 7.667
  step 750/1999 best 7.702
  step 800/1999 best 7.622
  step 850/1999 best 7.752
  step 900/1999 best 7.709
  step 950/1999 best 7.752
  step 1000/1999 best 7.834
  step 1050/1999 best 7.799
  step 1100/1999 best 7.554
  step 1150/1999 best 7.716
  step 1200/1999 best 7.734
  step 1250/1999 best 7.647
  step 1300/1999 best 7.809
  step 1350/1999 best 7.782
  step 1400/1999 best 7.734
  step 1450/1999 best 7.771
  step 1500/1999 best 7.674
  step 1550/1999 best 7.744
  step 1600/1999 best 7.677
  step 1650/1999 best 7.705
  step 1700/1999 best 7.599
  step 1750/1999 best 7.720
  step 1800/1999 best 7.783
  step 1850/1999 best 7.779
  step 1900/1999 best 7.708
  step 1950/1999 best 7.667
saved SBC_CHAINS_cnn_vmim__n1_seed_s1_sim2871_row2466823_noise2047_2226_2405 (240000, 4) acc=0.421
  step 0/1999 best -21.763
  step 50/1999 best -1.516
  step 100/1999 best 10.624
  step 150/1999 best 12.731
  step 200/1999 best 13.310
  step 250/1999 best 13.333
  step 300/1999 best 13.188
  step 350/1999 best 13.333
  step 400/1999 best 13.211
  step 450/1999 best 13.202
  step 500/1999 best 13.322
  step 550/1999 best 13.277
  step 600/1999 best 13.325
  step 650/1999 best 13.282
  step 700/1999 best 13.167
  step 750/1999 best 13.271
  step 800/1999 best 13.171
  step 850/1999 best 13.320
  step 900/1999 best 13.332
  step 950/1999 best 13.369
  step 1000/1999 best 13.378
  step 1050/1999 best 13.172
  step 1100/1999 best 13.300
  step 1150/1999 best 12.997
  step 1200/1999 best 13.224
  step 1250/1999 best 13.218
  step 1300/1999 best 13.267
  step 1350/1999 best 13.348
  step 1400/1999 best 13.195
  step 1450/1999 best 13.294
  step 1500/1999 best 13.254
  step 1550/1999 best 13.204
  step 1600/1999 best 13.178
  step 1650/1999 best 13.251
  step 1700/1999 best 13.204
  step 1750/1999 best 13.351
  step 1800/1999 best 13.180
  step 1850/1999 best 13.280
  step 1900/1999 best 13.326
  step 1950/1999 best 13.254
saved SBC_CHAINS_cnn_vmim__n1_seed_s1_sim2990_row2585572_noise2860_3039_3218 (240000, 4) acc=0.303
  step 0/1999 best -20.325
  step 50/1999 best -12.454
  step 100/1999 best -2.260
  step 150/1999 best -1.937
  step 200/1999 best -2.404
  step 250/1999 best -0.886
  step 300/1999 best 6.559
  step 350/1999 best 12.286
  step 400/1999 best 12.080
  step 450/1999 best 12.484
  step 500/1999 best 12.999
  step 550/1999 best 12.950
  step 600/1999 best 13.004
  step 650/1999 best 12.879
  step 700/1999 best 13.001
  step 750/1999 best 13.011
  step 800/1999 best 12.864
  step 850/1999 best 12.820
  step 900/1999 best 12.771
  step 950/1999 best 12.984
  step 1000/1999 best 12.770
  step 1050/1999 best 12.994
  step 1100/1999 best 12.958
  step 1150/1999 best 12.783
  step 1200/1999 best 12.945
  step 1250/1999 best 12.892
  step 1300/1999 best 12.775
  step 1350/1999 best 12.721
  step 1400/1999 best 12.922
  step 1450/1999 best 12.992
  step 1500/1999 best 12.856
  step 1550/1999 best 12.959
  step 1600/1999 best 12.922
  step 1650/1999 best 12.895
  step 1700/1999 best 12.881
  step 1750/1999 best 12.762
  step 1800/1999 best 12.902
  step 1850/1999 best 12.980
  step 1900/1999 best 12.786
  step 1950/1999 best 12.927
saved SBC_CHAINS_cnn_vmim__n1_seed_s1_sim2823_row2418855_noise3219_3398_3577 (240000, 4) acc=0.216
  step 0/1999 best -11.293
  step 50/1999 best 5.329
  step 100/1999 best 13.642
  step 150/1999 best 15.387
  step 200/1999 best 15.403
  step 250/1999 best 15.422
  step 300/1999 best 15.579
  step 350/1999 best 15.642
  step 400/1999 best 15.335
  step 450/1999 best 15.568
  step 500/1999 best 15.226
  step 550/1999 best 15.650
  step 600/1999 best 15.592
  step 650/1999 best 15.465
  step 700/1999 best 15.607
  step 750/1999 best 15.633
  step 800/1999 best 15.527
  step 850/1999 best 15.670
  step 900/1999 best 15.578
  step 950/1999 best 15.622
  step 1000/1999 best 15.660
  step 1050/1999 best 15.547
  step 1100/1999 best 15.620
  step 1150/1999 best 15.614
  step 1200/1999 best 15.391
  step 1250/1999 best 15.545
  step 1300/1999 best 15.632
  step 1350/1999 best 15.639
  step 1400/1999 best 15.603
  step 1450/1999 best 15.670
  step 1500/1999 best 15.620
  step 1550/1999 best 15.527
  step 1600/1999 best 15.685
  step 1650/1999 best 15.519
  step 1700/1999 best 15.497
  step 1750/1999 best 15.517
  step 1800/1999 best 15.510
  step 1850/1999 best 15.626
  step 1900/1999 best 15.507
  step 1950/1999 best 15.268
saved SBC_CHAINS_cnn_vmim__n1_seed_s1_sim754_row703535_noise7607_7786_7965 (240000, 4) acc=0.330
  step 0/1999 best -15.464
  step 50/1999 best 14.205
  step 100/1999 best 16.238
  step 150/1999 best 15.836
  step 200/1999 best 18.039
  step 250/1999 best 18.129
  step 300/1999 best 17.254
  step 350/1999 best 18.378
  step 400/1999 best 18.604
  step 450/1999 best 18.410
  step 500/1999 best 18.561
  step 550/1999 best 18.460
  step 600/1999 best 18.516
  step 650/1999 best 18.504
  step 700/1999 best 18.586
  step 750/1999 best 18.529
  step 800/1999 best 18.536
  step 850/1999 best 18.439
  step 900/1999 best 18.604
  step 950/1999 best 18.580
  step 1000/1999 best 18.558
  step 1050/1999 best 18.588
  step 1100/1999 best 18.601
  step 1150/1999 best 18.504
  step 1200/1999 best 18.540
  step 1250/1999 best 18.381
  step 1300/1999 best 18.463
  step 1350/1999 best 18.437
  step 1400/1999 best 18.290
  step 1450/1999 best 18.416
  step 1500/1999 best 18.531
  step 1550/1999 best 18.431
  step 1600/1999 best 18.369
  step 1650/1999 best 18.504
  step 1700/1999 best 18.449
  step 1750/1999 best 18.522
  step 1800/1999 best 18.613
  step 1850/1999 best 18.467
  step 1900/1999 best 18.589
  step 1950/1999 best 18.598
saved SBC_CHAINS_cnn_vmim__n1_seed_s1_sim1288_row1105153_noise685_864_1043 (240000, 4) acc=0.173
  step 0/1999 best -9.045
  step 50/1999 best 4.577
  step 100/1999 best 4.901
  step 150/1999 best 4.611
  step 200/1999 best 7.141
  step 250/1999 best 10.835
  step 300/1999 best 11.973
  step 350/1999 best 15.682
  step 400/1999 best 15.788
  step 450/1999 best 17.498
  step 500/1999 best 17.507
  step 550/1999 best 17.376
  step 600/1999 best 17.383
  step 650/1999 best 17.509
  step 700/1999 best 17.218
  step 750/1999 best 17.569
  step 800/1999 best 17.219
  step 850/1999 best 17.441
  step 900/1999 best 17.406
  step 950/1999 best 17.293
  step 1000/1999 best 17.520
  step 1050/1999 best 17.231
  step 1100/1999 best 17.225
  step 1150/1999 best 17.275
  step 1200/1999 best 17.521
  step 1250/1999 best 17.363
  step 1300/1999 best 17.396
  step 1350/1999 best 17.540
  step 1400/1999 best 17.217
  step 1450/1999 best 17.423
  step 1500/1999 best 17.434
  step 1550/1999 best 17.515
  step 1600/1999 best 17.535
  step 1650/1999 best 17.213
  step 1700/1999 best 17.423
  step 1750/1999 best 17.338
  step 1800/1999 best 17.503
  step 1850/1999 best 17.528
  step 1900/1999 best 17.155
  step 1950/1999 best 17.498
saved SBC_CHAINS_cnn_vmim__n1_seed_s1_sim116_row115960_noise8852_9031_9210 (240000, 4) acc=0.196
  step 0/1999 best -9.887
  step 50/1999 best -0.898
  step 100/1999 best 1.467
  step 150/1999 best 0.078
  step 200/1999 best 3.564
  step 250/1999 best 4.364
  step 300/1999 best 4.185
  step 350/1999 best 3.612
  step 400/1999 best 7.462
  step 450/1999 best 8.129
  step 500/1999 best 9.986
  step 550/1999 best 12.875
  step 600/1999 best 12.092
  step 650/1999 best 16.213
  step 700/1999 best 16.049
  step 750/1999 best 17.964
  step 800/1999 best 16.445
  step 850/1999 best 17.554
  step 900/1999 best 17.752
  step 950/1999 best 17.535
  step 1000/1999 best 17.289
  step 1050/1999 best 17.837
  step 1100/1999 best 17.605
  step 1150/1999 best 17.962
  step 1200/1999 best 17.991
  step 1250/1999 best 18.049
  step 1300/1999 best 17.699
  step 1350/1999 best 17.543
  step 1400/1999 best 17.881
  step 1450/1999 best 17.897
  step 1500/1999 best 17.736
  step 1550/1999 best 17.383
  step 1600/1999 best 17.695
  step 1650/1999 best 17.673
  step 1700/1999 best 17.660
  step 1750/1999 best 17.991
  step 1800/1999 best 17.584
  step 1850/1999 best 17.438
  step 1900/1999 best 17.826
  step 1950/1999 best 17.798
saved SBC_CHAINS_cnn_vmim__n1_seed_s1_sim364_row350166_noise530_709_888 (240000, 4) acc=0.164
  step 0/1999 best -11.292
  step 50/1999 best 8.053
  step 100/1999 best 12.347
  step 150/1999 best 15.898
  step 200/1999 best 16.214
  step 250/1999 best 16.264
  step 300/1999 best 16.166
  step 350/1999 best 16.214
  step 400/1999 best 16.343
  step 450/1999 best 16.352
  step 500/1999 best 16.372
  step 550/1999 best 16.379
  step 600/1999 best 16.357
  step 650/1999 best 16.432
  step 700/1999 best 16.336
  step 750/1999 best 16.380
  step 800/1999 best 16.242
  step 850/1999 best 16.422
  step 900/1999 best 16.245
  step 950/1999 best 16.266
  step 1000/1999 best 16.371
  step 1050/1999 best 16.254
  step 1100/1999 best 16.264
  step 1150/1999 best 16.425
  step 1200/1999 best 16.398
  step 1250/1999 best 16.163
  step 1300/1999 best 16.201
  step 1350/1999 best 16.400
  step 1400/1999 best 16.080
  step 1450/1999 best 16.344
  step 1500/1999 best 16.409
  step 1550/1999 best 16.351
  step 1600/1999 best 16.240
  step 1650/1999 best 16.280
  step 1700/1999 best 16.409
  step 1750/1999 best 16.307
  step 1800/1999 best 16.361
  step 1850/1999 best 16.410
  step 1900/1999 best 16.217
  step 1950/1999 best 16.389
saved SBC_CHAINS_cnn_vmim__n1_seed_s1_sim1761_row1514685_noise2473_2652_2831 (240000, 4) acc=0.284
  step 0/1999 best -4.989
  step 50/1999 best 0.367
  step 100/1999 best 9.741
  step 150/1999 best 10.695
  step 200/1999 best 11.742
  step 250/1999 best 11.742
  step 300/1999 best 14.178
  step 350/1999 best 14.993
  step 400/1999 best 14.993
  step 450/1999 best 14.579
  step 500/1999 best 15.539
  step 550/1999 best 16.535
  step 600/1999 best 16.744
  step 650/1999 best 16.744
  step 700/1999 best 16.744
  step 750/1999 best 16.697
  step 800/1999 best 16.803
  step 850/1999 best 16.508
  step 900/1999 best 16.223
  step 950/1999 best 16.839
  step 1000/1999 best 16.244
  step 1050/1999 best 16.582
  step 1100/1999 best 16.568
  step 1150/1999 best 16.830
  step 1200/1999 best 16.350
  step 1250/1999 best 16.877
  step 1300/1999 best 15.996
  step 1350/1999 best 16.631
  step 1400/1999 best 16.938
  step 1450/1999 best 16.834
  step 1500/1999 best 16.212
  step 1550/1999 best 16.408
  step 1600/1999 best 16.479
  step 1650/1999 best 17.035
  step 1700/1999 best 17.065
  step 1750/1999 best 16.594
  step 1800/1999 best 16.667
  step 1850/1999 best 16.686
  step 1900/1999 best 16.420
  step 1950/1999 best 16.567
saved SBC_CHAINS_cnn_vmim__n1_seed_s1_sim1502_row1279399_noise8543_8722_8901 (240000, 4) acc=0.174
  step 0/1999 best -10.724
  step 50/1999 best -2.993
  step 100/1999 best -1.007
  step 150/1999 best -1.165
  step 200/1999 best -0.446
  step 250/1999 best -0.628
  step 300/1999 best -0.332
  step 350/1999 best -0.531
  step 400/1999 best -0.932
  step 450/1999 best -0.100
  step 500/1999 best 0.023
  step 550/1999 best 0.058
  step 600/1999 best 0.152
  step 650/1999 best -0.156
  step 700/1999 best 0.092
  step 750/1999 best -0.114
  step 800/1999 best 0.236
  step 850/1999 best 1.461
  step 900/1999 best 2.011
  step 950/1999 best 0.758
  step 1000/1999 best 1.072
  step 1050/1999 best 2.847
  step 1100/1999 best 3.607
  step 1150/1999 best 3.968
  step 1200/1999 best 10.262
  step 1250/1999 best 10.262
  step 1300/1999 best 9.674
  step 1350/1999 best 10.948
  step 1400/1999 best 10.948
  step 1450/1999 best 12.549
  step 1500/1999 best 15.086
  step 1550/1999 best 15.880
  step 1600/1999 best 15.865
  step 1650/1999 best 15.829
  step 1700/1999 best 15.829
  step 1750/1999 best 16.096
  step 1800/1999 best 16.937
  step 1850/1999 best 17.611
  step 1900/1999 best 16.828
  step 1950/1999 best 17.884
saved SBC_CHAINS_cnn_vmim__n1_seed_s1_sim339_row325834_noise5682_5861_6040 (240000, 4) acc=0.154
  step 0/1999 best -12.559
  step 50/1999 best 0.045
  step 100/1999 best 7.183
  step 150/1999 best 11.395
  step 200/1999 best 12.023
  step 250/1999 best 14.489
  step 300/1999 best 14.489
  step 350/1999 best 14.294
  step 400/1999 best 14.312
  step 450/1999 best 14.684
  step 500/1999 best 14.665
  step 550/1999 best 14.724
  step 600/1999 best 14.935
  step 650/1999 best 15.007
  step 700/1999 best 14.697
  step 750/1999 best 14.993
  step 800/1999 best 14.720
  step 850/1999 best 14.494
  step 900/1999 best 14.844
  step 950/1999 best 14.640
  step 1000/1999 best 14.802
  step 1050/1999 best 14.397
  step 1100/1999 best 14.799
  step 1150/1999 best 14.925
  step 1200/1999 best 14.927
  step 1250/1999 best 14.939
  step 1300/1999 best 14.893
  step 1350/1999 best 14.857
  step 1400/1999 best 14.965
  step 1450/1999 best 14.784
  step 1500/1999 best 14.667
  step 1550/1999 best 14.751
  step 1600/1999 best 14.793
  step 1650/1999 best 14.931
  step 1700/1999 best 14.797
  step 1750/1999 best 14.827
  step 1800/1999 best 14.527
  step 1850/1999 best 14.776
  step 1900/1999 best 14.929
  step 1950/1999 best 14.832
saved SBC_CHAINS_cnn_vmim__n1_seed_s1_sim2461_row2060014_noise4014_4193_4372 (240000, 4) acc=0.170
  step 0/1999 best -17.930
  step 50/1999 best 7.672
  step 100/1999 best 8.119
  step 150/1999 best 8.119
  step 200/1999 best 8.079
  step 250/1999 best 6.813
  step 300/1999 best 9.380
  step 350/1999 best 9.380
  step 400/1999 best 9.021
  step 450/1999 best 7.694
  step 500/1999 best 13.904
  step 550/1999 best 13.022
  step 600/1999 best 13.022
  step 650/1999 best 13.653
  step 700/1999 best 13.805
  step 750/1999 best 13.805
  step 800/1999 best 14.123
  step 850/1999 best 15.576
  step 900/1999 best 15.576
  step 950/1999 best 15.181
  step 1000/1999 best 15.886
  step 1050/1999 best 16.200
  step 1100/1999 best 16.361
  step 1150/1999 best 16.639
  step 1200/1999 best 16.326
  step 1250/1999 best 17.111
  step 1300/1999 best 17.304
  step 1350/1999 best 16.969
  step 1400/1999 best 16.839
  step 1450/1999 best 17.198
  step 1500/1999 best 17.294
  step 1550/1999 best 17.421
  step 1600/1999 best 17.238
  step 1650/1999 best 17.217
  step 1700/1999 best 17.395
  step 1750/1999 best 17.095
  step 1800/1999 best 17.469
  step 1850/1999 best 17.557
  step 1900/1999 best 17.457
  step 1950/1999 best 16.968
saved SBC_CHAINS_cnn_vmim__n1_seed_s1_sim259_row245178_noise3650_3829_4008 (240000, 4) acc=0.192
  step 0/1999 best -15.311
  step 50/1999 best 6.785
  step 100/1999 best 12.866
  step 150/1999 best 12.032
  step 200/1999 best 12.386
  step 250/1999 best 16.065
  step 300/1999 best 15.315
  step 350/1999 best 15.602
  step 400/1999 best 15.926
  step 450/1999 best 16.167
  step 500/1999 best 15.867
  step 550/1999 best 16.070
  step 600/1999 best 16.122
  step 650/1999 best 16.138
  step 700/1999 best 16.003
  step 750/1999 best 16.125
  step 800/1999 best 16.075
  step 850/1999 best 16.075
  step 900/1999 best 15.999
  step 950/1999 best 16.038
  step 1000/1999 best 16.091
  step 1050/1999 best 16.094
  step 1100/1999 best 16.068
  step 1150/1999 best 15.935
  step 1200/1999 best 16.032
  step 1250/1999 best 16.070
  step 1300/1999 best 16.081
  step 1350/1999 best 16.096
  step 1400/1999 best 16.138
  step 1450/1999 best 16.076
  step 1500/1999 best 16.084
  step 1550/1999 best 16.015
  step 1600/1999 best 16.182
  step 1650/1999 best 16.140
  step 1700/1999 best 15.907
  step 1750/1999 best 15.955
  step 1800/1999 best 16.102
  step 1850/1999 best 16.188
  step 1900/1999 best 16.181
  step 1950/1999 best 16.164
saved SBC_CHAINS_cnn_vmim__n1_seed_s1_sim1207_row1025711_noise8695_8874_9053 (240000, 4) acc=0.246
  step 0/1999 best -6.485
  step 50/1999 best 4.271
  step 100/1999 best 8.072
  step 150/1999 best 10.625
  step 200/1999 best 11.015
  step 250/1999 best 12.433
  step 300/1999 best 15.179
  step 350/1999 best 17.001
  step 400/1999 best 16.730
  step 450/1999 best 16.707
  step 500/1999 best 17.328
  step 550/1999 best 17.189
  step 600/1999 best 17.142
  step 650/1999 best 17.658
  step 700/1999 best 17.346
  step 750/1999 best 17.297
  step 800/1999 best 17.388
  step 850/1999 best 17.423
  step 900/1999 best 17.505
  step 950/1999 best 17.372
  step 1000/1999 best 17.582
  step 1050/1999 best 17.501
  step 1100/1999 best 17.382
  step 1150/1999 best 17.400
  step 1200/1999 best 17.683
  step 1250/1999 best 17.591
  step 1300/1999 best 17.466
  step 1350/1999 best 17.576
  step 1400/1999 best 17.534
  step 1450/1999 best 17.493
  step 1500/1999 best 17.615
  step 1550/1999 best 17.679
  step 1600/1999 best 17.454
  step 1650/1999 best 17.666
  step 1700/1999 best 17.424
  step 1750/1999 best 17.474
  step 1800/1999 best 17.674
  step 1850/1999 best 17.153
  step 1900/1999 best 17.703
  step 1950/1999 best 17.710
saved SBC_CHAINS_cnn_vmim__n1_seed_s1_sim285_row271384_noise372_551_730 (240000, 4) acc=0.188
  step 0/1999 best -7.119
  step 50/1999 best -1.522
  step 100/1999 best 0.660
  step 150/1999 best 9.587
  step 200/1999 best 10.757
  step 250/1999 best 10.258
  step 300/1999 best 10.034
  step 350/1999 best 10.460
  step 400/1999 best 15.107
  step 450/1999 best 15.107
  step 500/1999 best 14.043
  step 550/1999 best 14.497
  step 600/1999 best 15.571
  step 650/1999 best 15.339
  step 700/1999 best 16.079
  step 750/1999 best 16.610
  step 800/1999 best 16.263
  step 850/1999 best 16.649
  step 900/1999 best 16.345
  step 950/1999 best 16.651
  step 1000/1999 best 16.296
  step 1050/1999 best 16.538
  step 1100/1999 best 16.604
  step 1150/1999 best 16.509
  step 1200/1999 best 16.633
  step 1250/1999 best 16.558
  step 1300/1999 best 16.523
  step 1350/1999 best 16.634
  step 1400/1999 best 16.592
  step 1450/1999 best 16.139
  step 1500/1999 best 16.545
  step 1550/1999 best 16.431
  step 1600/1999 best 16.366
  step 1650/1999 best 16.499
  step 1700/1999 best 16.627
  step 1750/1999 best 16.517
  step 1800/1999 best 16.507
  step 1850/1999 best 16.551
  step 1900/1999 best 16.659
  step 1950/1999 best 16.518
saved SBC_CHAINS_cnn_vmim__n1_seed_s1_sim440_row418505_noise8073_8252_8431 (240000, 4) acc=0.302
  step 0/1999 best -18.980
  step 50/1999 best -6.623
  step 100/1999 best -1.712
  step 150/1999 best 3.057
  step 200/1999 best 8.739
  step 250/1999 best 12.090
  step 300/1999 best 13.300
  step 350/1999 best 13.256
  step 400/1999 best 13.192
  step 450/1999 best 13.311
  step 500/1999 best 13.335
  step 550/1999 best 13.274
  step 600/1999 best 13.432
  step 650/1999 best 13.242
  step 700/1999 best 13.375
  step 750/1999 best 13.370
  step 800/1999 best 13.201
  step 850/1999 best 13.137
  step 900/1999 best 13.274
  step 950/1999 best 13.217
  step 1000/1999 best 13.263
  step 1050/1999 best 13.126
  step 1100/1999 best 13.409
  step 1150/1999 best 13.283
  step 1200/1999 best 13.380
  step 1250/1999 best 13.314
  step 1300/1999 best 13.411
  step 1350/1999 best 13.283
  step 1400/1999 best 13.163
  step 1450/1999 best 13.330
  step 1500/1999 best 13.289
  step 1550/1999 best 13.401
  step 1600/1999 best 13.420
  step 1650/1999 best 13.247
  step 1700/1999 best 13.082
  step 1750/1999 best 13.339
  step 1800/1999 best 13.199
  step 1850/1999 best 13.323
  step 1900/1999 best 13.450
  step 1950/1999 best 13.326
saved SBC_CHAINS_cnn_vmim__n1_seed_s1_sim2836_row2431968_noise6504_6683_6862 (240000, 4) acc=0.280
  step 0/1999 best -6.403
  step 50/1999 best 4.638
  step 100/1999 best 4.638
  step 150/1999 best 5.175
  step 200/1999 best 5.296
  step 250/1999 best 5.296
  step 300/1999 best 5.759
  step 350/1999 best 3.493
  step 400/1999 best 4.800
  step 450/1999 best 9.757
  step 500/1999 best 9.757
  step 550/1999 best 9.358
  step 600/1999 best 9.358
  step 650/1999 best 9.369
  step 700/1999 best 10.737
  step 750/1999 best 13.131
  step 800/1999 best 13.091
  step 850/1999 best 12.782
  step 900/1999 best 13.669
  step 950/1999 best 12.624
  step 1000/1999 best 13.773
  step 1050/1999 best 13.671
  step 1100/1999 best 13.936
  step 1150/1999 best 13.601
  step 1200/1999 best 13.680
  step 1250/1999 best 14.629
  step 1300/1999 best 15.056
  step 1350/1999 best 14.759
  step 1400/1999 best 14.847
  step 1450/1999 best 14.998
  step 1500/1999 best 14.889
  step 1550/1999 best 14.489
  step 1600/1999 best 15.034
  step 1650/1999 best 14.980
  step 1700/1999 best 14.957
  step 1750/1999 best 14.830
  step 1800/1999 best 14.989
  step 1850/1999 best 14.588
  step 1900/1999 best 14.259
  step 1950/1999 best 15.043
saved SBC_CHAINS_cnn_vmim__n1_seed_s1_sim2515_row2114111_noise8971_9150_9329 (240000, 4) acc=0.130
  step 0/1999 best -13.450
  step 50/1999 best -2.255
  step 100/1999 best -1.194
  step 150/1999 best -0.591
  step 200/1999 best -0.472
  step 250/1999 best -0.088
  step 300/1999 best -0.460
  step 350/1999 best -0.289
  step 400/1999 best 4.032
  step 450/1999 best 3.958
  step 500/1999 best 7.344
  step 550/1999 best 7.344
  step 600/1999 best 6.953
  step 650/1999 best 6.953
  step 700/1999 best 4.800
  step 750/1999 best 4.800
  step 800/1999 best 6.615
  step 850/1999 best 6.615
  step 900/1999 best 8.275
  step 950/1999 best 12.216
  step 1000/1999 best 12.216
  step 1050/1999 best 12.250
  step 1100/1999 best 12.220
  step 1150/1999 best 12.220
  step 1200/1999 best 12.548
  step 1250/1999 best 12.548
  step 1300/1999 best 12.716
  step 1350/1999 best 12.716
  step 1400/1999 best 12.716
  step 1450/1999 best 12.716
  step 1500/1999 best 12.716
  step 1550/1999 best 12.716
  step 1600/1999 best 12.716
  step 1650/1999 best 13.005
  step 1700/1999 best 13.069
  step 1750/1999 best 13.122
  step 1800/1999 best 13.417
  step 1850/1999 best 14.553
  step 1900/1999 best 14.976
  step 1950/1999 best 13.815
saved SBC_CHAINS_cnn_vmim__n1_seed_s1_sim2602_row2201353_noise7761_7940_8119 (240000, 4) acc=0.169
  step 0/1999 best -11.478
  step 50/1999 best -2.349
  step 100/1999 best 11.305
  step 150/1999 best 11.084
  step 200/1999 best 13.290
  step 250/1999 best 13.290
  step 300/1999 best 15.723
  step 350/1999 best 15.671
  step 400/1999 best 15.810
  step 450/1999 best 15.517
  step 500/1999 best 15.916
  step 550/1999 best 16.216
  step 600/1999 best 15.820
  step 650/1999 best 15.924
  step 700/1999 best 15.801
  step 750/1999 best 16.138
  step 800/1999 best 16.199
  step 850/1999 best 16.184
  step 900/1999 best 16.037
  step 950/1999 best 15.869
  step 1000/1999 best 16.143
  step 1050/1999 best 16.080
  step 1100/1999 best 15.987
  step 1150/1999 best 15.982
  step 1200/1999 best 16.182
  step 1250/1999 best 15.887
  step 1300/1999 best 16.066
  step 1350/1999 best 16.013
  step 1400/1999 best 16.176
  step 1450/1999 best 16.033
  step 1500/1999 best 16.121
  step 1550/1999 best 16.167
  step 1600/1999 best 15.952
  step 1650/1999 best 15.926
  step 1700/1999 best 16.018
  step 1750/1999 best 16.226
  step 1800/1999 best 16.174
  step 1850/1999 best 15.924
  step 1900/1999 best 16.154
  step 1950/1999 best 16.212
saved SBC_CHAINS_cnn_vmim__n1_seed_s1_sim2535_row2134052_noise9256_9435_9614 (240000, 4) acc=0.131
  step 0/1999 best -9.318
  step 50/1999 best 0.006
  step 100/1999 best 4.968
  step 150/1999 best 6.238
  step 200/1999 best 7.034
  step 250/1999 best 6.652
  step 300/1999 best 7.376
  step 350/1999 best 8.001
  step 400/1999 best 8.318
  step 450/1999 best 8.318
  step 500/1999 best 8.630
  step 550/1999 best 7.795
  step 600/1999 best 9.397
  step 650/1999 best 10.471
  step 700/1999 best 10.330
  step 750/1999 best 10.762
  step 800/1999 best 11.344
  step 850/1999 best 15.994
  step 900/1999 best 15.367
  step 950/1999 best 15.136
  step 1000/1999 best 15.814
  step 1050/1999 best 16.679
  step 1100/1999 best 16.360
  step 1150/1999 best 16.506
  step 1200/1999 best 16.325
  step 1250/1999 best 16.666
  step 1300/1999 best 16.674
  step 1350/1999 best 16.373
  step 1400/1999 best 16.485
  step 1450/1999 best 16.576
  step 1500/1999 best 16.309
  step 1550/1999 best 16.343
  step 1600/1999 best 16.503
  step 1650/1999 best 16.406
  step 1700/1999 best 16.212
  step 1750/1999 best 16.406
  step 1800/1999 best 16.549
  step 1850/1999 best 16.174
  step 1900/1999 best 16.471
  step 1950/1999 best 16.530
saved SBC_CHAINS_cnn_vmim__n1_seed_s1_sim1513_row1290294_noise9610_9789_140 (240000, 4) acc=0.243
  step 0/1999 best -11.228
  step 50/1999 best 10.872
  step 100/1999 best 11.830
  step 150/1999 best 11.190
  step 200/1999 best 11.190
  step 250/1999 best 13.409
  step 300/1999 best 13.055
  step 350/1999 best 13.104
  step 400/1999 best 12.395
  step 450/1999 best 13.438
  step 500/1999 best 13.210
  step 550/1999 best 13.449
  step 600/1999 best 13.132
  step 650/1999 best 12.918
  step 700/1999 best 13.659
  step 750/1999 best 13.642
  step 800/1999 best 13.683
  step 850/1999 best 13.036
  step 900/1999 best 13.490
  step 950/1999 best 13.572
  step 1000/1999 best 13.630
  step 1050/1999 best 13.691
  step 1100/1999 best 13.544
  step 1150/1999 best 13.373
  step 1200/1999 best 13.676
  step 1250/1999 best 13.667
  step 1300/1999 best 13.363
  step 1350/1999 best 13.272
  step 1400/1999 best 13.589
  step 1450/1999 best 13.469
  step 1500/1999 best 13.611
  step 1550/1999 best 13.811
  step 1600/1999 best 13.525
  step 1650/1999 best 13.558
  step 1700/1999 best 13.715
  step 1750/1999 best 13.693
  step 1800/1999 best 13.380
  step 1850/1999 best 13.332
  step 1900/1999 best 13.781
  step 1950/1999 best 13.544
saved SBC_CHAINS_cnn_vmim__n1_seed_s1_sim2637_row2236978_noise4074_4253_4432 (240000, 4) acc=0.265
  step 0/1999 best -9.640
  step 50/1999 best -1.374
  step 100/1999 best 6.306
  step 150/1999 best 11.422
  step 200/1999 best 12.618
  step 250/1999 best 12.758
  step 300/1999 best 12.807
  step 350/1999 best 13.091
  step 400/1999 best 13.620
  step 450/1999 best 15.195
  step 500/1999 best 17.392
  step 550/1999 best 16.779
  step 600/1999 best 16.863
  step 650/1999 best 17.341
  step 700/1999 best 16.975
  step 750/1999 best 16.737
  step 800/1999 best 17.481
  step 850/1999 best 17.228
  step 900/1999 best 17.639
  step 950/1999 best 17.468
  step 1000/1999 best 17.678
  step 1050/1999 best 17.558
  step 1100/1999 best 17.639
  step 1150/1999 best 17.457
  step 1200/1999 best 17.664
  step 1250/1999 best 17.466
  step 1300/1999 best 17.276
  step 1350/1999 best 17.559
  step 1400/1999 best 17.680
  step 1450/1999 best 17.569
  step 1500/1999 best 17.362
  step 1550/1999 best 17.542
  step 1600/1999 best 17.456
  step 1650/1999 best 17.526
  step 1700/1999 best 17.678
  step 1750/1999 best 17.725
  step 1800/1999 best 17.620
  step 1850/1999 best 17.524
  step 1900/1999 best 17.605
  step 1950/1999 best 17.219
saved SBC_CHAINS_cnn_vmim__n1_seed_s1_sim1527_row1304078_noise3738_3917_4096 (240000, 4) acc=0.248
  step 0/1999 best -5.590
  step 50/1999 best 11.582
  step 100/1999 best 13.843
  step 150/1999 best 15.165
  step 200/1999 best 16.051
  step 250/1999 best 16.142
  step 300/1999 best 15.985
  step 350/1999 best 16.109
  step 400/1999 best 15.962
  step 450/1999 best 16.199
  step 500/1999 best 16.228
  step 550/1999 best 15.971
  step 600/1999 best 16.198
  step 650/1999 best 16.159
  step 700/1999 best 16.251
  step 750/1999 best 16.189
  step 800/1999 best 16.185
  step 850/1999 best 16.125
  step 900/1999 best 16.142
  step 950/1999 best 16.046
  step 1000/1999 best 16.067
  step 1050/1999 best 16.059
  step 1100/1999 best 16.167
  step 1150/1999 best 16.158
  step 1200/1999 best 16.236
  step 1250/1999 best 16.083
  step 1300/1999 best 16.040
  step 1350/1999 best 16.009
  step 1400/1999 best 16.248
  step 1450/1999 best 16.109
  step 1500/1999 best 16.132
  step 1550/1999 best 16.182
  step 1600/1999 best 16.171
  step 1650/1999 best 16.020
  step 1700/1999 best 16.223
  step 1750/1999 best 16.153
  step 1800/1999 best 16.111
  step 1850/1999 best 16.172
  step 1900/1999 best 16.201
  step 1950/1999 best 16.159
saved SBC_CHAINS_cnn_vmim__n1_seed_s1_sim903_row852003_noise8655_8834_9013 (240000, 4) acc=0.234
  step 0/1999 best -8.033
  step 50/1999 best -2.425
  step 100/1999 best 3.829
  step 150/1999 best 7.820
  step 200/1999 best 12.143
  step 250/1999 best 12.143
  step 300/1999 best 12.192
  step 350/1999 best 12.164
  step 400/1999 best 12.164
  step 450/1999 best 13.394
  step 500/1999 best 12.743
  step 550/1999 best 13.004
  step 600/1999 best 13.565
  step 650/1999 best 13.746
  step 700/1999 best 13.610
  step 750/1999 best 13.313
  step 800/1999 best 13.477
  step 850/1999 best 13.737
  step 900/1999 best 13.983
  step 950/1999 best 13.936
  step 1000/1999 best 14.195
  step 1050/1999 best 14.218
  step 1100/1999 best 14.120
  step 1150/1999 best 13.614
  step 1200/1999 best 13.967
  step 1250/1999 best 14.052
  step 1300/1999 best 14.075
  step 1350/1999 best 13.984
  step 1400/1999 best 14.033
  step 1450/1999 best 13.885
  step 1500/1999 best 13.587
  step 1550/1999 best 13.704
  step 1600/1999 best 13.759
  step 1650/1999 best 13.895
  step 1700/1999 best 14.133
  step 1750/1999 best 13.877
  step 1800/1999 best 14.121
  step 1850/1999 best 13.987
  step 1900/1999 best 14.188
  step 1950/1999 best 13.921
saved SBC_CHAINS_cnn_vmim__n1_seed_s1_sim992_row941802_noise174_353_532 (240000, 4) acc=0.309
  step 0/1999 best -8.887
  step 50/1999 best 0.229
  step 100/1999 best 13.652
  step 150/1999 best 14.872
  step 200/1999 best 14.900
  step 250/1999 best 14.983
  step 300/1999 best 15.349
  step 350/1999 best 15.336
  step 400/1999 best 15.300
  step 450/1999 best 15.665
  step 500/1999 best 15.673
  step 550/1999 best 15.378
  step 600/1999 best 15.671
  step 650/1999 best 15.786
  step 700/1999 best 15.724
  step 750/1999 best 15.611
  step 800/1999 best 15.745
  step 850/1999 best 15.683
  step 900/1999 best 15.660
  step 950/1999 best 15.473
  step 1000/1999 best 15.473
  step 1050/1999 best 15.600
  step 1100/1999 best 15.440
  step 1150/1999 best 15.779
  step 1200/1999 best 15.655
  step 1250/1999 best 15.487
  step 1300/1999 best 15.425
  step 1350/1999 best 15.371
  step 1400/1999 best 15.425
  step 1450/1999 best 15.587
  step 1500/1999 best 15.709
  step 1550/1999 best 15.422
  step 1600/1999 best 15.706
  step 1650/1999 best 15.494
  step 1700/1999 best 15.425
  step 1750/1999 best 15.746
  step 1800/1999 best 15.461
  step 1850/1999 best 15.612
  step 1900/1999 best 15.588
  step 1950/1999 best 15.696
saved SBC_CHAINS_cnn_vmim__n1_seed_s1_sim2462_row2061324_noise5324_5503_5682 (240000, 4) acc=0.147
  step 0/1999 best -4.081
  step 50/1999 best 2.871
  step 100/1999 best 11.262
  step 150/1999 best 16.102
  step 200/1999 best 17.421
  step 250/1999 best 17.878
  step 300/1999 best 17.531
  step 350/1999 best 17.915
  step 400/1999 best 17.897
  step 450/1999 best 17.753
  step 500/1999 best 17.909
  step 550/1999 best 17.993
  step 600/1999 best 17.846
  step 650/1999 best 18.043
  step 700/1999 best 18.072
  step 750/1999 best 18.048
  step 800/1999 best 18.062
  step 850/1999 best 17.975
  step 900/1999 best 17.822
  step 950/1999 best 18.018
  step 1000/1999 best 17.677
  step 1050/1999 best 18.074
  step 1100/1999 best 18.008
  step 1150/1999 best 18.027
  step 1200/1999 best 17.805
  step 1250/1999 best 18.146
  step 1300/1999 best 17.916
  step 1350/1999 best 17.982
  step 1400/1999 best 17.964
  step 1450/1999 best 18.062
  step 1500/1999 best 17.721
  step 1550/1999 best 18.019
  step 1600/1999 best 18.085
  step 1650/1999 best 17.889
  step 1700/1999 best 18.061
  step 1750/1999 best 18.085
  step 1800/1999 best 17.982
  step 1850/1999 best 17.954
  step 1900/1999 best 18.002
  step 1950/1999 best 17.971
saved SBC_CHAINS_cnn_vmim__n1_seed_s1_sim1437_row1219102_noise2214_2393_2572 (240000, 4) acc=0.154
  step 0/1999 best -10.152
  step 50/1999 best 3.293
  step 100/1999 best 8.790
  step 150/1999 best 11.691
  step 200/1999 best 16.509
  step 250/1999 best 17.028
  step 300/1999 best 17.253
  step 350/1999 best 17.410
  step 400/1999 best 17.252
  step 450/1999 best 17.334
  step 500/1999 best 17.451
  step 550/1999 best 17.554
  step 600/1999 best 17.467
  step 650/1999 best 17.526
  step 700/1999 best 17.478
  step 750/1999 best 17.599
  step 800/1999 best 17.513
  step 850/1999 best 17.585
  step 900/1999 best 17.576
  step 950/1999 best 17.532
  step 1000/1999 best 17.599
  step 1050/1999 best 17.482
  step 1100/1999 best 17.500
  step 1150/1999 best 17.454
  step 1200/1999 best 17.439
  step 1250/1999 best 17.507
  step 1300/1999 best 17.661
  step 1350/1999 best 17.545
  step 1400/1999 best 17.555
  step 1450/1999 best 17.509
  step 1500/1999 best 17.518
  step 1550/1999 best 17.576
  step 1600/1999 best 17.524
  step 1650/1999 best 17.550
  step 1700/1999 best 17.648
  step 1750/1999 best 17.630
  step 1800/1999 best 17.354
  step 1850/1999 best 17.620
  step 1900/1999 best 17.495
  step 1950/1999 best 17.531
saved SBC_CHAINS_cnn_vmim__n1_seed_s1_sim1286_row1103713_noise9073_9252_9431 (240000, 4) acc=0.245
  step 0/1999 best -6.189
  step 50/1999 best 1.163
  step 100/1999 best -0.682
  step 150/1999 best 7.848
  step 200/1999 best 9.205
  step 250/1999 best 11.817
  step 300/1999 best 10.411
  step 350/1999 best 10.411
  step 400/1999 best 10.411
  step 450/1999 best 10.260
  step 500/1999 best 10.837
  step 550/1999 best 12.001
  step 600/1999 best 12.001
  step 650/1999 best 13.358
  step 700/1999 best 13.385
  step 750/1999 best 13.898
  step 800/1999 best 15.366
  step 850/1999 best 15.141
  step 900/1999 best 15.120
  step 950/1999 best 14.892
  step 1000/1999 best 14.256
  step 1050/1999 best 14.774
  step 1100/1999 best 15.224
  step 1150/1999 best 14.909
  step 1200/1999 best 15.334
  step 1250/1999 best 15.269
  step 1300/1999 best 14.948
  step 1350/1999 best 15.127
  step 1400/1999 best 15.428
  step 1450/1999 best 15.493
  step 1500/1999 best 15.406
  step 1550/1999 best 15.015
  step 1600/1999 best 15.224
  step 1650/1999 best 14.716
  step 1700/1999 best 15.145
  step 1750/1999 best 15.373
  step 1800/1999 best 15.226
  step 1850/1999 best 15.234
  step 1900/1999 best 15.473
  step 1950/1999 best 15.390
saved SBC_CHAINS_cnn_vmim__n1_seed_s1_sim2449_row2048779_noise2607_2786_2965 (240000, 4) acc=0.121
  step 0/1999 best -17.890
  step 50/1999 best 11.072
  step 100/1999 best 15.158
  step 150/1999 best 17.601
  step 200/1999 best 18.104
  step 250/1999 best 18.058
  step 300/1999 best 18.208
  step 350/1999 best 18.029
  step 400/1999 best 17.982
  step 450/1999 best 18.073
  step 500/1999 best 18.254
  step 550/1999 best 18.191
  step 600/1999 best 17.872
  step 650/1999 best 18.202
  step 700/1999 best 18.047
  step 750/1999 best 18.120
  step 800/1999 best 18.277
  step 850/1999 best 18.139
  step 900/1999 best 18.079
  step 950/1999 best 18.146
  step 1000/1999 best 18.113
  step 1050/1999 best 18.258
  step 1100/1999 best 18.057
  step 1150/1999 best 18.191
  step 1200/1999 best 18.109
  step 1250/1999 best 17.869
  step 1300/1999 best 18.172
  step 1350/1999 best 18.092
  step 1400/1999 best 18.148
  step 1450/1999 best 18.157
  step 1500/1999 best 18.210
  step 1550/1999 best 18.036
  step 1600/1999 best 18.115
  step 1650/1999 best 18.072
  step 1700/1999 best 18.099
  step 1750/1999 best 18.240
  step 1800/1999 best 18.124
  step 1850/1999 best 18.136
  step 1900/1999 best 18.032
  step 1950/1999 best 17.817
saved SBC_CHAINS_cnn_vmim__n1_seed_s1_sim1287_row1104531_noise63_242_421 (240000, 4) acc=0.226
  step 0/1999 best -14.751
  step 50/1999 best 11.918
  step 100/1999 best 12.699
  step 150/1999 best 13.306
  step 200/1999 best 15.591
  step 250/1999 best 17.285
  step 300/1999 best 16.546
  step 350/1999 best 17.251
  step 400/1999 best 17.218
  step 450/1999 best 17.044
  step 500/1999 best 17.463
  step 550/1999 best 17.277
  step 600/1999 best 17.221
  step 650/1999 best 17.204
  step 700/1999 best 16.977
  step 750/1999 best 17.476
  step 800/1999 best 17.334
  step 850/1999 best 17.296
  step 900/1999 best 17.383
  step 950/1999 best 17.232
  step 1000/1999 best 17.236
  step 1050/1999 best 17.411
  step 1100/1999 best 17.466
  step 1150/1999 best 17.493
  step 1200/1999 best 17.356
  step 1250/1999 best 17.223
  step 1300/1999 best 17.267
  step 1350/1999 best 17.210
  step 1400/1999 best 17.302
  step 1450/1999 best 17.447
  step 1500/1999 best 17.410
  step 1550/1999 best 17.203
  step 1600/1999 best 17.365
  step 1650/1999 best 17.378
  step 1700/1999 best 17.441
  step 1750/1999 best 17.386
  step 1800/1999 best 17.498
  step 1850/1999 best 17.310
  step 1900/1999 best 17.258
  step 1950/1999 best 17.262
saved SBC_CHAINS_cnn_vmim__n1_seed_s1_sim200_row186111_noise3551_3730_3909 (240000, 4) acc=0.210
  step 0/1999 best -16.477
  step 50/1999 best -4.559
  step 100/1999 best 9.715
  step 150/1999 best 14.144
  step 200/1999 best 16.495
  step 250/1999 best 16.865
  step 300/1999 best 16.778
  step 350/1999 best 16.747
  step 400/1999 best 16.803
  step 450/1999 best 16.544
  step 500/1999 best 16.871
  step 550/1999 best 16.938
  step 600/1999 best 16.860
  step 650/1999 best 16.803
  step 700/1999 best 16.974
  step 750/1999 best 16.929
  step 800/1999 best 16.802
  step 850/1999 best 16.888
  step 900/1999 best 16.811
  step 950/1999 best 16.689
  step 1000/1999 best 16.937
  step 1050/1999 best 16.797
  step 1100/1999 best 16.882
  step 1150/1999 best 16.909
  step 1200/1999 best 16.899
  step 1250/1999 best 16.938
  step 1300/1999 best 16.899
  step 1350/1999 best 16.945
  step 1400/1999 best 16.740
  step 1450/1999 best 16.965
  step 1500/1999 best 16.924
  step 1550/1999 best 16.814
  step 1600/1999 best 16.849
  step 1650/1999 best 16.925
  step 1700/1999 best 16.900
  step 1750/1999 best 17.006
  step 1800/1999 best 16.851
  step 1850/1999 best 16.962
  step 1900/1999 best 16.706
  step 1950/1999 best 16.853
saved SBC_CHAINS_cnn_vmim__n1_seed_s1_sim730_row679385_noise3113_3292_3471 (240000, 4) acc=0.215
  step 0/1999 best -6.515
  step 50/1999 best -0.409
  step 100/1999 best 2.819
  step 150/1999 best 14.919
  step 200/1999 best 14.919
  step 250/1999 best 14.606
  step 300/1999 best 14.252
  step 350/1999 best 15.089
  step 400/1999 best 18.133
  step 450/1999 best 18.133
  step 500/1999 best 18.041
  step 550/1999 best 17.530
  step 600/1999 best 17.925
  step 650/1999 best 18.301
  step 700/1999 best 17.674
  step 750/1999 best 18.269
  step 800/1999 best 17.767
  step 850/1999 best 17.822
  step 900/1999 best 17.998
  step 950/1999 best 18.198
  step 1000/1999 best 18.105
  step 1050/1999 best 18.007
  step 1100/1999 best 18.358
  step 1150/1999 best 18.136
  step 1200/1999 best 18.304
  step 1250/1999 best 17.807
  step 1300/1999 best 17.985
  step 1350/1999 best 17.862
  step 1400/1999 best 18.133
  step 1450/1999 best 18.161
  step 1500/1999 best 17.946
  step 1550/1999 best 18.188
  step 1600/1999 best 18.085
  step 1650/1999 best 18.149
  step 1700/1999 best 18.025
  step 1750/1999 best 18.231
  step 1800/1999 best 18.106
  step 1850/1999 best 18.339
  step 1900/1999 best 18.013
  step 1950/1999 best 18.121
saved SBC_CHAINS_cnn_vmim__n1_seed_s1_sim1450_row1232158_noise5442_5621_5800 (240000, 4) acc=0.156
  step 0/1999 best -13.477
  step 50/1999 best -5.474
  step 100/1999 best -3.891
  step 150/1999 best -2.454
  step 200/1999 best -2.371
  step 250/1999 best -2.083
  step 300/1999 best -1.889
  step 350/1999 best -1.962
  step 400/1999 best -2.197
  step 450/1999 best -1.873
  step 500/1999 best -1.880
  step 550/1999 best -1.575
  step 600/1999 best -1.575
  step 650/1999 best -1.108
  step 700/1999 best -1.108
  step 750/1999 best -1.226
  step 800/1999 best -1.226
  step 850/1999 best -1.080
  step 900/1999 best 2.147
  step 950/1999 best 2.147
  step 1000/1999 best 2.147
  step 1050/1999 best 2.751
  step 1100/1999 best 2.985
  step 1150/1999 best 2.985
  step 1200/1999 best 2.985
  step 1250/1999 best 2.985
  step 1300/1999 best 3.141
  step 1350/1999 best 3.141
  step 1400/1999 best 3.246
  step 1450/1999 best 3.900
  step 1500/1999 best 3.900
  step 1550/1999 best 3.749
  step 1600/1999 best 3.659
  step 1650/1999 best 3.613
  step 1700/1999 best 3.229
  step 1750/1999 best 3.229
  step 1800/1999 best 3.142
  step 1850/1999 best 3.861
  step 1900/1999 best 3.028
  step 1950/1999 best 3.028
saved SBC_CHAINS_cnn_vmim__n1_seed_s1_sim406_row384695_noise3747_3926_4105 (240000, 4) acc=0.235
  step 0/1999 best -11.401
  step 50/1999 best -2.895
  step 100/1999 best -2.302
  step 150/1999 best -1.051
  step 200/1999 best 3.334
  step 250/1999 best 4.536
  step 300/1999 best 4.769
  step 350/1999 best 3.900
  step 400/1999 best 7.744
  step 450/1999 best 5.955
  step 500/1999 best 10.186
  step 550/1999 best 9.784
  step 600/1999 best 13.377
  step 650/1999 best 13.160
  step 700/1999 best 13.217
  step 750/1999 best 12.723
  step 800/1999 best 12.723
  step 850/1999 best 12.723
  step 900/1999 best 12.374
  step 950/1999 best 12.374
  step 1000/1999 best 13.216
  step 1050/1999 best 13.216
  step 1100/1999 best 14.009
  step 1150/1999 best 13.910
  step 1200/1999 best 13.217
  step 1250/1999 best 14.516
  step 1300/1999 best 14.945
  step 1350/1999 best 14.941
  step 1400/1999 best 15.197
  step 1450/1999 best 15.191
  step 1500/1999 best 14.584
  step 1550/1999 best 13.836
  step 1600/1999 best 14.669
  step 1650/1999 best 14.969
  step 1700/1999 best 14.943
  step 1750/1999 best 14.582
  step 1800/1999 best 15.251
  step 1850/1999 best 15.263
  step 1900/1999 best 15.232
  step 1950/1999 best 15.209
saved SBC_CHAINS_cnn_vmim__n1_seed_s1_sim2595_row2194484_noise892_1071_1250 (240000, 4) acc=0.174
  step 0/1999 best -28.340
  step 50/1999 best 4.728
  step 100/1999 best 7.226
  step 150/1999 best 7.496
  step 200/1999 best 7.750
  step 250/1999 best 7.621
  step 300/1999 best 7.694
  step 350/1999 best 7.753
  step 400/1999 best 7.653
  step 450/1999 best 7.723
  step 500/1999 best 7.592
  step 550/1999 best 7.695
  step 600/1999 best 7.735
  step 650/1999 best 7.793
  step 700/1999 best 7.680
  step 750/1999 best 7.508
  step 800/1999 best 7.792
  step 850/1999 best 7.729
  step 900/1999 best 7.689
  step 950/1999 best 7.727
  step 1000/1999 best 7.623
  step 1050/1999 best 7.721
  step 1100/1999 best 7.773
  step 1150/1999 best 7.638
  step 1200/1999 best 7.603
  step 1250/1999 best 7.749
  step 1300/1999 best 7.799
  step 1350/1999 best 7.658
  step 1400/1999 best 7.717
  step 1450/1999 best 7.736
  step 1500/1999 best 7.710
  step 1550/1999 best 7.771
  step 1600/1999 best 7.697
  step 1650/1999 best 7.698
  step 1700/1999 best 7.737
  step 1750/1999 best 7.769
  step 1800/1999 best 7.596
  step 1850/1999 best 7.691
  step 1900/1999 best 7.557
  step 1950/1999 best 7.664
saved SBC_CHAINS_cnn_vmim__n1_seed_s1_sim2857_row2452597_noise7477_7656_7835 (240000, 4) acc=0.355
  step 0/1999 best -7.198
  step 50/1999 best 3.753
  step 100/1999 best 14.889
  step 150/1999 best 11.185
  step 200/1999 best 16.117
  step 250/1999 best 17.614
  step 300/1999 best 17.087
  step 350/1999 best 16.108
  step 400/1999 best 17.429
  step 450/1999 best 17.412
  step 500/1999 best 17.629
  step 550/1999 best 17.554
  step 600/1999 best 17.700
  step 650/1999 best 17.523
  step 700/1999 best 17.510
  step 750/1999 best 17.482
  step 800/1999 best 17.567
  step 850/1999 best 17.431
  step 900/1999 best 17.495
  step 950/1999 best 17.589
  step 1000/1999 best 17.514
  step 1050/1999 best 17.677
  step 1100/1999 best 17.564
  step 1150/1999 best 17.584
  step 1200/1999 best 17.726
  step 1250/1999 best 17.726
  step 1300/1999 best 17.714
  step 1350/1999 best 17.685
  step 1400/1999 best 17.699
  step 1450/1999 best 17.486
  step 1500/1999 best 17.568
  step 1550/1999 best 17.600
  step 1600/1999 best 17.736
  step 1650/1999 best 17.412
  step 1700/1999 best 17.770
  step 1750/1999 best 17.505
  step 1800/1999 best 17.693
  step 1850/1999 best 17.515
  step 1900/1999 best 17.510
  step 1950/1999 best 17.493
saved SBC_CHAINS_cnn_vmim__n1_seed_s1_sim1364_row1172107_noise7843_8022_8201 (240000, 4) acc=0.223
  step 0/1999 best -15.754
  step 50/1999 best -3.936
  step 100/1999 best -3.335
  step 150/1999 best 2.703
  step 200/1999 best 11.022
  step 250/1999 best 10.711
  step 300/1999 best 15.483
  step 350/1999 best 14.911
  step 400/1999 best 15.411
  step 450/1999 best 15.516
  step 500/1999 best 15.233
  step 550/1999 best 15.531
  step 600/1999 best 15.431
  step 650/1999 best 15.266
  step 700/1999 best 15.563
  step 750/1999 best 15.568
  step 800/1999 best 15.221
  step 850/1999 best 15.320
  step 900/1999 best 15.304
  step 950/1999 best 15.494
  step 1000/1999 best 15.478
  step 1050/1999 best 15.415
  step 1100/1999 best 15.240
  step 1150/1999 best 15.503
  step 1200/1999 best 15.644
  step 1250/1999 best 15.448
  step 1300/1999 best 15.575
  step 1350/1999 best 15.466
  step 1400/1999 best 15.472
  step 1450/1999 best 15.376
  step 1500/1999 best 15.520
  step 1550/1999 best 15.517
  step 1600/1999 best 15.570
  step 1650/1999 best 15.483
  step 1700/1999 best 15.516
  step 1750/1999 best 15.275
  step 1800/1999 best 15.530
  step 1850/1999 best 15.615
  step 1900/1999 best 15.502
  step 1950/1999 best 15.594
saved SBC_CHAINS_cnn_vmim__n1_seed_s1_sim650_row603035_noise1387_1566_1745 (240000, 4) acc=0.185
  step 0/1999 best -14.267
  step 50/1999 best 6.935
  step 100/1999 best 11.860
  step 150/1999 best 12.317
  step 200/1999 best 12.717
  step 250/1999 best 12.743
  step 300/1999 best 12.773
  step 350/1999 best 12.655
  step 400/1999 best 12.895
  step 450/1999 best 12.769
  step 500/1999 best 12.756
  step 550/1999 best 12.854
  step 600/1999 best 12.902
  step 650/1999 best 12.757
  step 700/1999 best 12.761
  step 750/1999 best 12.534
  step 800/1999 best 12.640
  step 850/1999 best 12.831
  step 900/1999 best 12.690
  step 950/1999 best 12.783
  step 1000/1999 best 12.762
  step 1050/1999 best 12.765
  step 1100/1999 best 12.782
  step 1150/1999 best 12.723
  step 1200/1999 best 12.756
  step 1250/1999 best 12.827
  step 1300/1999 best 12.813
  step 1350/1999 best 12.769
  step 1400/1999 best 12.800
  step 1450/1999 best 12.636
  step 1500/1999 best 12.859
  step 1550/1999 best 12.734
  step 1600/1999 best 12.770
  step 1650/1999 best 12.791
  step 1700/1999 best 12.892
  step 1750/1999 best 12.832
  step 1800/1999 best 12.653
  step 1850/1999 best 12.813
  step 1900/1999 best 12.773
  step 1950/1999 best 12.865
saved SBC_CHAINS_cnn_vmim__n1_seed_s1_sim2931_row2526247_noise2503_2682_2861 (240000, 4) acc=0.390
  step 0/1999 best -16.547
  step 50/1999 best 6.205
  step 100/1999 best 7.896
  step 150/1999 best 13.917
  step 200/1999 best 15.754
  step 250/1999 best 16.467
  step 300/1999 best 16.049
  step 350/1999 best 15.813
  step 400/1999 best 15.259
  step 450/1999 best 16.465
  step 500/1999 best 16.465
  step 550/1999 best 16.574
  step 600/1999 best 16.106
  step 650/1999 best 16.369
  step 700/1999 best 16.021
  step 750/1999 best 16.620
  step 800/1999 best 16.278
  step 850/1999 best 16.833
  step 900/1999 best 16.798
  step 950/1999 best 16.343
  step 1000/1999 best 16.720
  step 1050/1999 best 16.878
  step 1100/1999 best 16.754
  step 1150/1999 best 16.681
  step 1200/1999 best 16.969
  step 1250/1999 best 16.724
  step 1300/1999 best 16.946
  step 1350/1999 best 16.746
  step 1400/1999 best 16.621
  step 1450/1999 best 16.817
  step 1500/1999 best 16.753
  step 1550/1999 best 16.684
  step 1600/1999 best 16.798
  step 1650/1999 best 16.778
  step 1700/1999 best 16.921
  step 1750/1999 best 16.855
  step 1800/1999 best 16.717
  step 1850/1999 best 16.723
  step 1900/1999 best 16.865
  step 1950/1999 best 16.416
saved SBC_CHAINS_cnn_vmim__n1_seed_s1_sim1435_row1217426_noise538_717_896 (240000, 4) acc=0.211
  step 0/1999 best -9.090
  step 50/1999 best 1.383
  step 100/1999 best 3.123
  step 150/1999 best 3.762
  step 200/1999 best 9.868
  step 250/1999 best 9.868
  step 300/1999 best 12.008
  step 350/1999 best 16.118
  step 400/1999 best 18.331
  step 450/1999 best 17.926
  step 500/1999 best 18.164
  step 550/1999 best 18.422
  step 600/1999 best 18.362
  step 650/1999 best 18.495
  step 700/1999 best 18.423
  step 750/1999 best 18.345
  step 800/1999 best 18.160
  step 850/1999 best 18.233
  step 900/1999 best 18.119
  step 950/1999 best 18.305
  step 1000/1999 best 18.247
  step 1050/1999 best 18.027
  step 1100/1999 best 18.338
  step 1150/1999 best 18.532
  step 1200/1999 best 18.314
  step 1250/1999 best 18.403
  step 1300/1999 best 18.210
  step 1350/1999 best 18.296
  step 1400/1999 best 18.057
  step 1450/1999 best 18.489
  step 1500/1999 best 18.534
  step 1550/1999 best 18.446
  step 1600/1999 best 18.309
  step 1650/1999 best 18.273
  step 1700/1999 best 18.467
  step 1750/1999 best 18.138
  step 1800/1999 best 18.435
  step 1850/1999 best 18.569
  step 1900/1999 best 18.569
  step 1950/1999 best 18.400
saved SBC_CHAINS_cnn_vmim__n1_seed_s1_sim273_row259153_noise7797_7976_8155 (240000, 4) acc=0.150
  step 0/1999 best -16.672
  step 50/1999 best 4.925
  step 100/1999 best 6.574
  step 150/1999 best 14.050
  step 200/1999 best 15.311
  step 250/1999 best 16.715
  step 300/1999 best 16.995
  step 350/1999 best 17.038
  step 400/1999 best 17.578
  step 450/1999 best 17.401
  step 500/1999 best 17.484
  step 550/1999 best 17.769
  step 600/1999 best 17.499
  step 650/1999 best 17.783
  step 700/1999 best 17.462
  step 750/1999 best 17.472
  step 800/1999 best 17.694
  step 850/1999 best 17.588
  step 900/1999 best 17.641
  step 950/1999 best 17.486
  step 1000/1999 best 17.555
  step 1050/1999 best 17.545
  step 1100/1999 best 17.527
  step 1150/1999 best 17.694
  step 1200/1999 best 17.696
  step 1250/1999 best 17.784
  step 1300/1999 best 17.639
  step 1350/1999 best 17.674
  step 1400/1999 best 17.648
  step 1450/1999 best 17.713
  step 1500/1999 best 17.760
  step 1550/1999 best 17.736
  step 1600/1999 best 17.633
  step 1650/1999 best 17.588
  step 1700/1999 best 17.571
  step 1750/1999 best 17.514
  step 1800/1999 best 17.638
  step 1850/1999 best 17.687
  step 1900/1999 best 17.467
  step 1950/1999 best 17.720
saved SBC_CHAINS_cnn_vmim__n1_seed_s1_sim1352_row1161796_noise6360_6539_6718 (240000, 4) acc=0.167
  step 0/1999 best -12.550
  step 50/1999 best -3.451
  step 100/1999 best 0.326
  step 150/1999 best 5.129
  step 200/1999 best 5.687
  step 250/1999 best 7.207
  step 300/1999 best 13.492
  step 350/1999 best 15.977
  step 400/1999 best 15.371
  step 450/1999 best 15.520
  step 500/1999 best 15.508
  step 550/1999 best 15.646
  step 600/1999 best 16.111
  step 650/1999 best 16.478
  step 700/1999 best 16.546
  step 750/1999 best 16.149
  step 800/1999 best 16.246
  step 850/1999 best 16.218
  step 900/1999 best 16.485
  step 950/1999 best 16.428
  step 1000/1999 best 16.467
  step 1050/1999 best 16.633
  step 1100/1999 best 16.533
  step 1150/1999 best 16.465
  step 1200/1999 best 16.496
  step 1250/1999 best 16.554
  step 1300/1999 best 16.455
  step 1350/1999 best 16.669
  step 1400/1999 best 16.471
  step 1450/1999 best 16.637
  step 1500/1999 best 16.691
  step 1550/1999 best 16.373
  step 1600/1999 best 16.560
  step 1650/1999 best 16.395
  step 1700/1999 best 16.510
  step 1750/1999 best 16.453
  step 1800/1999 best 16.491
  step 1850/1999 best 16.437
  step 1900/1999 best 16.568
  step 1950/1999 best 16.142
saved SBC_CHAINS_cnn_vmim__n1_seed_s1_sim2452_row2051155_noise4983_5162_5341 (240000, 4) acc=0.145
  step 0/1999 best -15.408
  step 50/1999 best 9.621
  step 100/1999 best 14.427
  step 150/1999 best 15.777
  step 200/1999 best 15.864
  step 250/1999 best 16.049
  step 300/1999 best 15.988
  step 350/1999 best 16.063
  step 400/1999 best 15.998
  step 450/1999 best 16.009
  step 500/1999 best 16.127
  step 550/1999 best 15.966
  step 600/1999 best 16.153
  step 650/1999 best 16.089
  step 700/1999 best 16.118
  step 750/1999 best 16.097
  step 800/1999 best 16.137
  step 850/1999 best 16.005
  step 900/1999 best 15.999
  step 950/1999 best 16.115
  step 1000/1999 best 16.140
  step 1050/1999 best 16.122
  step 1100/1999 best 16.214
  step 1150/1999 best 16.125
  step 1200/1999 best 15.917
  step 1250/1999 best 16.032
  step 1300/1999 best 16.122
  step 1350/1999 best 16.090
  step 1400/1999 best 16.126
  step 1450/1999 best 16.090
  step 1500/1999 best 16.008
  step 1550/1999 best 16.058
  step 1600/1999 best 16.033
  step 1650/1999 best 16.191
  step 1700/1999 best 16.169
  step 1750/1999 best 16.048
  step 1800/1999 best 16.119
  step 1850/1999 best 16.089
  step 1900/1999 best 16.057
  step 1950/1999 best 16.086
saved SBC_CHAINS_cnn_vmim__n1_seed_s1_sim1768_row1520863_noise9651_2_181 (240000, 4) acc=0.314
  step 0/1999 best -14.123
  step 50/1999 best 5.041
  step 100/1999 best 13.196
  step 150/1999 best 16.393
  step 200/1999 best 17.335
  step 250/1999 best 16.976
  step 300/1999 best 17.558
  step 350/1999 best 17.499
  step 400/1999 best 17.381
  step 450/1999 best 17.492
  step 500/1999 best 17.572
  step 550/1999 best 17.582
  step 600/1999 best 17.694
  step 650/1999 best 17.530
  step 700/1999 best 17.567
  step 750/1999 best 17.642
  step 800/1999 best 17.731
  step 850/1999 best 17.495
  step 900/1999 best 17.755
  step 950/1999 best 17.432
  step 1000/1999 best 17.703
  step 1050/1999 best 17.860
  step 1100/1999 best 17.676
  step 1150/1999 best 17.758
  step 1200/1999 best 17.708
  step 1250/1999 best 17.497
  step 1300/1999 best 17.742
  step 1350/1999 best 17.593
  step 1400/1999 best 17.765
  step 1450/1999 best 17.638
  step 1500/1999 best 17.792
  step 1550/1999 best 17.740
  step 1600/1999 best 17.834
  step 1650/1999 best 17.733
  step 1700/1999 best 17.663
  step 1750/1999 best 17.745
  step 1800/1999 best 17.627
  step 1850/1999 best 17.749
  step 1900/1999 best 17.545
  step 1950/1999 best 17.743
saved SBC_CHAINS_cnn_vmim__n1_seed_s1_sim1358_row1167255_noise1991_2170_2349 (240000, 4) acc=0.209
  step 0/1999 best -12.164
  step 50/1999 best 4.787
  step 100/1999 best 8.804
  step 150/1999 best 8.120
  step 200/1999 best 8.120
  step 250/1999 best 9.441
  step 300/1999 best 13.859
  step 350/1999 best 13.570
  step 400/1999 best 13.570
  step 450/1999 best 14.062
  step 500/1999 best 14.238
  step 550/1999 best 15.695
  step 600/1999 best 16.626
  step 650/1999 best 16.821
  step 700/1999 best 16.730
  step 750/1999 best 17.166
  step 800/1999 best 17.129
  step 850/1999 best 17.535
  step 900/1999 best 17.642
  step 950/1999 best 17.491
  step 1000/1999 best 17.407
  step 1050/1999 best 17.175
  step 1100/1999 best 17.294
  step 1150/1999 best 17.033
  step 1200/1999 best 17.481
  step 1250/1999 best 17.458
  step 1300/1999 best 17.570
  step 1350/1999 best 17.370
  step 1400/1999 best 17.489
  step 1450/1999 best 17.264
  step 1500/1999 best 17.113
  step 1550/1999 best 17.370
  step 1600/1999 best 17.555
  step 1650/1999 best 17.161
  step 1700/1999 best 17.678
  step 1750/1999 best 17.242
  step 1800/1999 best 16.959
  step 1850/1999 best 17.396
  step 1900/1999 best 17.227
  step 1950/1999 best 17.496
saved SBC_CHAINS_cnn_vmim__n1_seed_s1_sim1426_row1208498_noise1438_1617_1796 (240000, 4) acc=0.170
  step 0/1999 best -9.697
  step 50/1999 best 9.725
  step 100/1999 best 11.983
  step 150/1999 best 15.214
  step 200/1999 best 15.377
  step 250/1999 best 15.039
  step 300/1999 best 15.389
  step 350/1999 best 15.390
  step 400/1999 best 15.455
  step 450/1999 best 15.307
  step 500/1999 best 15.335
  step 550/1999 best 15.334
  step 600/1999 best 15.419
  step 650/1999 best 15.131
  step 700/1999 best 15.488
  step 750/1999 best 15.399
  step 800/1999 best 15.466
  step 850/1999 best 15.433
  step 900/1999 best 15.322
  step 950/1999 best 15.344
  step 1000/1999 best 15.260
  step 1050/1999 best 15.405
  step 1100/1999 best 15.473
  step 1150/1999 best 15.403
  step 1200/1999 best 15.382
  step 1250/1999 best 15.265
  step 1300/1999 best 15.490
  step 1350/1999 best 15.470
  step 1400/1999 best 15.452
  step 1450/1999 best 15.473
  step 1500/1999 best 15.507
  step 1550/1999 best 15.331
  step 1600/1999 best 15.540
  step 1650/1999 best 15.265
  step 1700/1999 best 15.412
  step 1750/1999 best 15.375
  step 1800/1999 best 15.509
  step 1850/1999 best 15.533
  step 1900/1999 best 15.351
  step 1950/1999 best 15.448
saved SBC_CHAINS_cnn_vmim__n1_seed_s1_sim902_row851169_noise7821_8000_8179 (240000, 4) acc=0.269
  step 0/1999 best -18.302
  step 50/1999 best -1.915
  step 100/1999 best 2.667
  step 150/1999 best 3.202
  step 200/1999 best 3.846
  step 250/1999 best 10.095
  step 300/1999 best 10.897
  step 350/1999 best 11.047
  step 400/1999 best 11.342
  step 450/1999 best 14.574
  step 500/1999 best 14.828
  step 550/1999 best 15.166
  step 600/1999 best 16.917
  step 650/1999 best 16.519
  step 700/1999 best 17.108
  step 750/1999 best 16.842
  step 800/1999 best 16.663
  step 850/1999 best 16.912
  step 900/1999 best 17.008
  step 950/1999 best 16.747
  step 1000/1999 best 17.135
  step 1050/1999 best 17.107
  step 1100/1999 best 17.087
  step 1150/1999 best 16.955
  step 1200/1999 best 17.244
  step 1250/1999 best 17.174
  step 1300/1999 best 16.999
  step 1350/1999 best 17.117
  step 1400/1999 best 17.150
  step 1450/1999 best 17.018
  step 1500/1999 best 17.069
  step 1550/1999 best 17.034
  step 1600/1999 best 17.109
  step 1650/1999 best 17.088
  step 1700/1999 best 17.191
  step 1750/1999 best 17.023
  step 1800/1999 best 16.992
  step 1850/1999 best 17.107
  step 1900/1999 best 16.774
  step 1950/1999 best 17.072
saved SBC_CHAINS_cnn_vmim__n1_seed_s1_sim441_row419665_noise9233_9412_9591 (240000, 4) acc=0.232
  step 0/1999 best -15.145
  step 50/1999 best -6.548
  step 100/1999 best -3.543
  step 150/1999 best 1.520
  step 200/1999 best 10.633
  step 250/1999 best 12.619
  step 300/1999 best 13.794
  step 350/1999 best 13.658
  step 400/1999 best 13.759
  step 450/1999 best 13.800
  step 500/1999 best 13.928
  step 550/1999 best 13.886
  step 600/1999 best 13.891
  step 650/1999 best 13.916
  step 700/1999 best 13.934
  step 750/1999 best 13.853
  step 800/1999 best 13.956
  step 850/1999 best 13.921
  step 900/1999 best 13.809
  step 950/1999 best 13.906
  step 1000/1999 best 13.976
  step 1050/1999 best 13.966
  step 1100/1999 best 13.849
  step 1150/1999 best 13.921
  step 1200/1999 best 13.729
  step 1250/1999 best 13.837
  step 1300/1999 best 13.886
  step 1350/1999 best 13.939
  step 1400/1999 best 13.908
  step 1450/1999 best 13.648
  step 1500/1999 best 13.835
  step 1550/1999 best 13.927
  step 1600/1999 best 13.921
  step 1650/1999 best 13.886
  step 1700/1999 best 13.869
  step 1750/1999 best 13.908
  step 1800/1999 best 13.975
  step 1850/1999 best 13.935
  step 1900/1999 best 13.905
  step 1950/1999 best 13.695
saved SBC_CHAINS_cnn_vmim__n1_seed_s1_sim2920_row2515749_noise1833_2012_2191 (240000, 4) acc=0.311
  step 0/1999 best -12.305
  step 50/1999 best -2.673
  step 100/1999 best -0.538
  step 150/1999 best -0.906
  step 200/1999 best -0.832
  step 250/1999 best -0.282
  step 300/1999 best -0.831
  step 350/1999 best -0.786
  step 400/1999 best 1.277
  step 450/1999 best 1.277
  step 500/1999 best 1.570
  step 550/1999 best 0.321
  step 600/1999 best -1.002
  step 650/1999 best 0.380
  step 700/1999 best 0.380
  step 750/1999 best 1.364
  step 800/1999 best 1.598
  step 850/1999 best 1.598
  step 900/1999 best 2.919
  step 950/1999 best 3.747
  step 1000/1999 best 3.480
  step 1050/1999 best 3.935
  step 1100/1999 best 3.978
  step 1150/1999 best 3.978
  step 1200/1999 best 8.363
  step 1250/1999 best 8.117
  step 1300/1999 best 8.117
  step 1350/1999 best 10.107
  step 1400/1999 best 12.489
  step 1450/1999 best 14.593
  step 1500/1999 best 14.734
  step 1550/1999 best 14.734
  step 1600/1999 best 13.215
  step 1650/1999 best 15.019
  step 1700/1999 best 14.222
  step 1750/1999 best 15.119
  step 1800/1999 best 15.019
  step 1850/1999 best 14.943
  step 1900/1999 best 13.776
  step 1950/1999 best 14.286
saved SBC_CHAINS_cnn_vmim__n1_seed_s1_sim175_row166693_noise8617_8796_8975 (240000, 4) acc=0.202
  step 0/1999 best -11.864
  step 50/1999 best -4.064
  step 100/1999 best -0.918
  step 150/1999 best -0.729
  step 200/1999 best 4.332
  step 250/1999 best 2.980
  step 300/1999 best 1.301
  step 350/1999 best 3.773
  step 400/1999 best 3.710
  step 450/1999 best 3.710
  step 500/1999 best 3.813
  step 550/1999 best 4.023
  step 600/1999 best 3.729
  step 650/1999 best 2.555
  step 700/1999 best 4.012
  step 750/1999 best 6.889
  step 800/1999 best 6.202
  step 850/1999 best 6.202
  step 900/1999 best 8.618
  step 950/1999 best 9.275
  step 1000/1999 best 8.886
  step 1050/1999 best 9.909
  step 1100/1999 best 11.415
  step 1150/1999 best 14.438
  step 1200/1999 best 13.727
  step 1250/1999 best 14.393
  step 1300/1999 best 15.395
  step 1350/1999 best 16.495
  step 1400/1999 best 16.163
  step 1450/1999 best 16.272
  step 1500/1999 best 15.844
  step 1550/1999 best 16.453
  step 1600/1999 best 16.310
  step 1650/1999 best 16.115
  step 1700/1999 best 16.141
  step 1750/1999 best 16.115
  step 1800/1999 best 16.301
  step 1850/1999 best 16.549
  step 1900/1999 best 16.472
  step 1950/1999 best 16.129
saved SBC_CHAINS_cnn_vmim__n1_seed_s1_sim1183_row1001908_noise4548_4727_4906 (240000, 4) acc=0.170
  step 0/1999 best -7.037
  step 50/1999 best 1.164
  step 100/1999 best 4.946
  step 150/1999 best 11.603
  step 200/1999 best 13.850
  step 250/1999 best 15.749
  step 300/1999 best 15.979
  step 350/1999 best 16.416
  step 400/1999 best 16.065
  step 450/1999 best 15.734
  step 500/1999 best 16.237
  step 550/1999 best 16.830
  step 600/1999 best 16.591
  step 650/1999 best 16.410
  step 700/1999 best 16.781
  step 750/1999 best 16.391
  step 800/1999 best 16.684
  step 850/1999 best 16.759
  step 900/1999 best 16.694
  step 950/1999 best 16.619
  step 1000/1999 best 16.690
  step 1050/1999 best 16.748
  step 1100/1999 best 16.581
  step 1150/1999 best 16.546
  step 1200/1999 best 16.580
  step 1250/1999 best 16.082
  step 1300/1999 best 16.664
  step 1350/1999 best 16.684
  step 1400/1999 best 16.800
  step 1450/1999 best 16.652
  step 1500/1999 best 16.716
  step 1550/1999 best 16.853
  step 1600/1999 best 16.607
  step 1650/1999 best 15.932
  step 1700/1999 best 16.687
  step 1750/1999 best 16.452
  step 1800/1999 best 16.590
  step 1850/1999 best 16.627
  step 1900/1999 best 16.631
  step 1950/1999 best 16.735
saved SBC_CHAINS_cnn_vmim__n1_seed_s1_sim369_row355819_noise6183_6362_6541 (240000, 4) acc=0.255
  step 0/1999 best -21.648
  step 50/1999 best -0.778
  step 100/1999 best 0.364
  step 150/1999 best 3.289
  step 200/1999 best 6.559
  step 250/1999 best 11.028
  step 300/1999 best 13.667
  step 350/1999 best 13.326
  step 400/1999 best 13.696
  step 450/1999 best 13.783
  step 500/1999 best 13.708
  step 550/1999 best 13.846
  step 600/1999 best 13.890
  step 650/1999 best 13.729
  step 700/1999 best 13.763
  step 750/1999 best 13.708
  step 800/1999 best 13.714
  step 850/1999 best 13.852
  step 900/1999 best 13.768
  step 950/1999 best 13.798
  step 1000/1999 best 13.846
  step 1050/1999 best 13.816
  step 1100/1999 best 13.817
  step 1150/1999 best 13.861
  step 1200/1999 best 13.743
  step 1250/1999 best 13.758
  step 1300/1999 best 13.885
  step 1350/1999 best 13.782
  step 1400/1999 best 13.587
  step 1450/1999 best 13.854
  step 1500/1999 best 13.653
  step 1550/1999 best 13.856
  step 1600/1999 best 13.811
  step 1650/1999 best 13.781
  step 1700/1999 best 13.870
  step 1750/1999 best 13.674
  step 1800/1999 best 13.904
  step 1850/1999 best 13.789
  step 1900/1999 best 13.730
  step 1950/1999 best 13.733
saved SBC_CHAINS_cnn_vmim__n1_seed_s1_sim3064_row2659794_noise8286_8465_8644 (240000, 4) acc=0.223
  step 0/1999 best -21.515
  step 50/1999 best 12.299
  step 100/1999 best 10.777
  step 150/1999 best 12.725
  step 200/1999 best 13.012
  step 250/1999 best 13.177
  step 300/1999 best 13.044
  step 350/1999 best 13.258
  step 400/1999 best 13.153
  step 450/1999 best 13.081
  step 500/1999 best 13.099
  step 550/1999 best 13.278
  step 600/1999 best 13.304
  step 650/1999 best 13.136
  step 700/1999 best 13.319
  step 750/1999 best 12.974
  step 800/1999 best 13.303
  step 850/1999 best 13.140
  step 900/1999 best 13.206
  step 950/1999 best 13.193
  step 1000/1999 best 13.261
  step 1050/1999 best 13.264
  step 1100/1999 best 13.233
  step 1150/1999 best 13.252
  step 1200/1999 best 13.233
  step 1250/1999 best 13.221
  step 1300/1999 best 13.091
  step 1350/1999 best 13.146
  step 1400/1999 best 13.224
  step 1450/1999 best 13.086
  step 1500/1999 best 13.124
  step 1550/1999 best 13.102
  step 1600/1999 best 13.242
  step 1650/1999 best 13.117
  step 1700/1999 best 13.155
  step 1750/1999 best 13.205
  step 1800/1999 best 13.175
  step 1850/1999 best 13.149
  step 1900/1999 best 13.111
  step 1950/1999 best 13.266
saved SBC_CHAINS_cnn_vmim__n1_seed_s1_sim2925_row2520641_noise6725_6904_7083 (240000, 4) acc=0.352
  step 0/1999 best -2.531
  step 50/1999 best 5.526
  step 100/1999 best 12.767
  step 150/1999 best 14.550
  step 200/1999 best 15.071
  step 250/1999 best 14.951
  step 300/1999 best 15.109
  step 350/1999 best 15.073
  step 400/1999 best 15.111
  step 450/1999 best 15.143
  step 500/1999 best 15.163
  step 550/1999 best 14.936
  step 600/1999 best 15.022
  step 650/1999 best 15.177
  step 700/1999 best 15.134
  step 750/1999 best 14.910
  step 800/1999 best 15.119
  step 850/1999 best 15.102
  step 900/1999 best 15.097
  step 950/1999 best 15.139
  step 1000/1999 best 15.119
  step 1050/1999 best 15.082
  step 1100/1999 best 14.942
  step 1150/1999 best 15.159
  step 1200/1999 best 15.175
  step 1250/1999 best 15.054
  step 1300/1999 best 15.119
  step 1350/1999 best 15.103
  step 1400/1999 best 15.091
  step 1450/1999 best 15.042
  step 1500/1999 best 15.025
  step 1550/1999 best 15.065
  step 1600/1999 best 15.013
  step 1650/1999 best 15.110
  step 1700/1999 best 14.995
  step 1750/1999 best 14.917
  step 1800/1999 best 15.073
  step 1850/1999 best 15.089
  step 1900/1999 best 15.070
  step 1950/1999 best 15.084
saved SBC_CHAINS_cnn_vmim__n1_seed_s1_sim733_row682525_noise6253_6432_6611 (240000, 4) acc=0.281
  step 0/1999 best -18.714
  step 50/1999 best 1.231
  step 100/1999 best 10.869
  step 150/1999 best 12.873
  step 200/1999 best 13.694
  step 250/1999 best 13.910
  step 300/1999 best 13.744
  step 350/1999 best 13.854
  step 400/1999 best 13.664
  step 450/1999 best 13.731
  step 500/1999 best 13.731
  step 550/1999 best 13.794
  step 600/1999 best 13.809
  step 650/1999 best 13.811
  step 700/1999 best 13.872
  step 750/1999 best 13.723
  step 800/1999 best 13.851
  step 850/1999 best 13.859
  step 900/1999 best 13.870
  step 950/1999 best 13.851
  step 1000/1999 best 13.788
  step 1050/1999 best 13.779
  step 1100/1999 best 13.840
  step 1150/1999 best 13.887
  step 1200/1999 best 13.836
  step 1250/1999 best 13.883
  step 1300/1999 best 13.594
  step 1350/1999 best 13.623
  step 1400/1999 best 13.702
  step 1450/1999 best 13.807
  step 1500/1999 best 13.796
  step 1550/1999 best 13.754
  step 1600/1999 best 13.860
  step 1650/1999 best 13.797
  step 1700/1999 best 13.719
  step 1750/1999 best 13.878
  step 1800/1999 best 13.772
  step 1850/1999 best 13.819
  step 1900/1999 best 13.758
  step 1950/1999 best 13.777
saved SBC_CHAINS_cnn_vmim__n1_seed_s1_sim844_row793768_noise9388_9567_9746 (240000, 4) acc=0.254
  step 0/1999 best -18.053
  step 50/1999 best 1.980
  step 100/1999 best 8.364
  step 150/1999 best 9.609
  step 200/1999 best 13.017
  step 250/1999 best 12.601
  step 300/1999 best 13.737
  step 350/1999 best 13.918
  step 400/1999 best 13.926
  step 450/1999 best 13.833
  step 500/1999 best 13.893
  step 550/1999 best 13.913
  step 600/1999 best 13.858
  step 650/1999 best 13.944
  step 700/1999 best 13.660
  step 750/1999 best 13.711
  step 800/1999 best 13.956
  step 850/1999 best 13.939
  step 900/1999 best 13.734
  step 950/1999 best 13.974
  step 1000/1999 best 13.853
  step 1050/1999 best 13.869
  step 1100/1999 best 13.908
  step 1150/1999 best 13.697
  step 1200/1999 best 13.864
  step 1250/1999 best 13.932
  step 1300/1999 best 13.827
  step 1350/1999 best 13.851
  step 1400/1999 best 13.931
  step 1450/1999 best 13.854
  step 1500/1999 best 13.889
  step 1550/1999 best 13.919
  step 1600/1999 best 13.853
  step 1650/1999 best 13.949
  step 1700/1999 best 13.826
  step 1750/1999 best 13.860
  step 1800/1999 best 13.707
  step 1850/1999 best 13.800
  step 1900/1999 best 13.858
  step 1950/1999 best 13.791
saved SBC_CHAINS_cnn_vmim__n1_seed_s1_sim655_row608501_noise6853_7032_7211 (240000, 4) acc=0.202
  step 0/1999 best -15.333
  step 50/1999 best 6.768
  step 100/1999 best 10.817
  step 150/1999 best 11.525
  step 200/1999 best 12.071
  step 250/1999 best 12.242
  step 300/1999 best 12.132
  step 350/1999 best 12.165
  step 400/1999 best 12.046
  step 450/1999 best 12.223
  step 500/1999 best 12.060
  step 550/1999 best 11.947
  step 600/1999 best 12.001
  step 650/1999 best 12.070
  step 700/1999 best 12.233
  step 750/1999 best 12.025
  step 800/1999 best 12.091
  step 850/1999 best 12.228
  step 900/1999 best 12.219
  step 950/1999 best 12.033
  step 1000/1999 best 12.189
  step 1050/1999 best 12.201
  step 1100/1999 best 11.955
  step 1150/1999 best 12.230
  step 1200/1999 best 12.069
  step 1250/1999 best 12.044
  step 1300/1999 best 12.011
  step 1350/1999 best 12.138
  step 1400/1999 best 12.114
  step 1450/1999 best 12.134
  step 1500/1999 best 12.097
  step 1550/1999 best 11.978
  step 1600/1999 best 12.238
  step 1650/1999 best 12.226
  step 1700/1999 best 12.119
  step 1750/1999 best 12.225
  step 1800/1999 best 12.117
  step 1850/1999 best 12.034
  step 1900/1999 best 12.053
  step 1950/1999 best 12.244
saved SBC_CHAINS_cnn_vmim__n1_seed_s1_sim1771_row1523190_noise2150_2329_2508 (240000, 4) acc=0.222
